gene,x,y
1,81.03351506693924,66.9955408176706
1,81.00834222053727,67.00266933125717
1,81.0134167284818,66.98628763006099
1,81.00562096415048,66.9927618981431
1,81.00653178320529,66.99724101768788
1,81.02158747052391,66.99089576703155
1,81.01877320762868,67.00692424733423
1,81.01877059759211,66.99999599767858
1,81.01453104106044,66.99516338830229
1,81.01199689356102,66.99397059862952
1,81.02333344121598,66.99005487406549
1,81.01606641673585,66.98605294423643
1,81.00955093937746,67.00452700549367
1,81.01670651583828,66.99587374234207
1,81.02399152068722,66.99456554595858
1,81.00877784244334,67.00233597353846
1,81.02550863694033,67.00422929105228
1,81.01369983423274,66.99220462929406
1,81.00961223004879,66.99980565892095
1,81.01703181889205,66.99062468347822
1,81.02967864974826,67.00418152259935
1,81.01025997406754,67.0027146607993
1,81.02331499558068,67.00362369968576
1,81.01287420174786,67.00524541004691
1,81.02253671766489,66.99669512091863
1,81.01354234445114,67.00645889966705
1,81.01704414703343,66.9934721213734
1,81.01218510676671,67.0018811084837
1,81.01873042866353,66.99222876143536
1,81.02020127791513,66.99354803826418
1,81.02039248471449,66.98687646130159
1,81.03221040517099,66.99742489546263
1,81.02898739935738,66.99944607722054
1,81.01476897408263,66.98738292187929
1,81.03024706907836,66.99092020676936
1,81.01067153657752,66.99907978171686
1,81.02490813686218,67.00232061123289
1,81.02449832308704,66.98425149439336
1,81.01530290480983,66.98903695864523
1,81.0164935711881,66.99883104188902
1,81.02188241346141,66.98679467365663
1,81.02615891143552,66.99404950318258
3,80.99062040813085,67.00364397140893
3,80.98770614972234,67.01531923117412
3,80.99389159213665,67.00464523624773
3,80.98925817523043,67.00698448511496
3,80.99908581964162,66.9975751462228
3,80.99168231790244,66.99800769792428
3,80.99124121082771,67.01266137730396
3,80.98056485524734,66.99771711402133
3,80.99002413263197,67.01279001893838
3,80.99476233890132,67.01004242989355
3,80.99106987477079,67.00611591945474
3,80.99034464819948,67.0133758682977
3,80.98661850452498,67.01192756532252
3,80.9905102592004,66.99492035241235
3,80.99769673770135,66.9887608405937
3,80.98793641986201,66.99815599194953
3,80.98572190622897,66.99834252519554
3,80.99753237019023,67.0123962923162
3,80.98423098813254,67.01234125659373
3,80.9872677773494,67.00020749875948
3,80.9921144322027,67.00652186492903
3,80.98534187325114,67.00671938864038
3,80.97777879971271,67.00922396742392
3,80.9811507787975,67.00243135058699
3,80.97868203336047,67.00749632103198
3,80.99798062732614,66.9994606491429
3,81.0065584335004,67.00468689656127
3,80.99240590386997,66.99816461503038
3,80.99630349540992,67.01250728569568
3,80.99049955895339,67.00657178250955
3,80.99372630731202,67.00449316960304
3,80.99370906642933,66.99906559136288
3,80.97766038818173,67.0019975705516
3,80.99309144972915,66.9936556167195
3,80.97935026873152,67.0027729662552
3,80.98774847011848,67.00343686463465
3,80.98868296001903,66.99268151623566
3,80.98237549145202,67.01329840597295
3,81.00301440416149,66.99908432142675
3,81.00010395827263,67.01368974724829
3,81.00234543222875,67.00867827042849
3,80.98403760163012,67.01107526346856
3,80.99622572893642,66.99057520013469
3,80.989075731479,67.0156215805156
3,80.9818182914175,67.00085957082952
3,81.00139054394693,67.0073755195186
3,80.99343506297188,66.99161428964509
3,80.98826206567595,66.9930418683862
3,80.99977132887125,66.99799516298361
3,80.98933491670216,66.99161868727006
3,81.00183635244566,66.9993868707362
3,80.98053907632652,67.00320352453764
3,80.99329575868062,67.00663642700381
3,80.99295649405065,66.98803266495618
3,80.99636485489538,67.01556510919643
3,80.98467089382581,67.01505394914992
3,80.98986808993303,66.9933846619112
3,80.98921830820748,66.9961561229488
3,80.99159274049427,66.98740825366178
3,80.98359485315686,66.99723584192672
4,80.99720998813748,66.99024791226677
4,80.98678285073827,66.99852406620688
4,80.97657443923877,67.0011590758929
4,80.97828666823041,67.00068349415666
4,80.98850898609948,67.01217902709861
4,80.99670173177014,67.00479738558776
4,80.98006813881908,66.99263811795764
4,80.98909177176373,67.01133970389142
4,80.99542004344238,66.98785936675365
4,80.98976340198062,67.00405409526957
4,80.99664855674096,66.99602040178644
4,80.9981843099151,67.00191080391521
4,80.99416178404104,66.99856759349989
4,81.00081797322206,67.01229648523899
4,80.99875932854076,67.00756852280504
4,80.99042242127193,67.01759133627462
4,80.98157945761746,67.01006101513276
4,81.00223821003517,66.99631511967539
4,80.98622857009627,67.001717696581
4,80.98002402678225,67.00802207492266
4,80.9848684911933,67.00565362403339
4,80.97995566814353,67.00843446121716
4,81.00015341724784,66.9995039870281
4,80.98965911056968,67.0010915473296
4,81.00000375629027,66.99032263673764
4,80.97916521909858,67.01017056426682
4,81.00399523907083,66.99599656073762
4,80.9872475525682,66.99309431216703
4,80.98118028872629,66.99308066253087
4,80.99383073633331,67.01344627573474
4,80.99619743149894,66.99485208099361
4,81.00480965536867,67.00637986376206
4,80.99136080468239,66.99802391782362
4,80.97913546043172,67.00673198248025
4,80.98938167419224,67.0133391945277
4,80.99108114810521,66.99457284072705
4,81.00707322238527,67.00346298922368
4,80.98566962836256,66.9911949661055
4,80.99018565779912,66.99413353958808
4,80.99479486145192,66.99641292493656
4,80.98822421376259,67.01047482964522
4,80.9907188695061,66.98899398442957
4,80.99535983078194,66.98737708988398
4,80.9822751743731,67.0133046112787
4,80.99622197272133,67.0043456044689
4,80.99011620750561,67.016631632611
4,80.98359485315686,66.99723584192672
4,80.98708170221934,67.00848176146032
4,80.99279724063578,66.99570440238695
4,80.99031291732743,67.00801266447594
4,80.9851624282224,67.00324141814136
4,80.9978921553458,67.00353975470628
4,80.99195961310696,66.99277646810535
4,81.00030793337167,67.00230563786596
4,80.993918642282,67.0096015415509
4,80.98585991804462,66.9927368051815
4,80.99518172341749,67.01036235618263
4,80.98702894836514,66.9927564185784
4,81.00025031181647,67.01008213606747
4,80.9813044448511,67.00366539432613
4,80.99990832656525,66.99287641320326
4,80.99554962811173,66.99924578562423
4,81.00080881868621,67.00909581834429
4,80.98833082852344,67.0035331988913
4,80.99058341833982,67.0122205039949
4,80.99686665844881,66.99510124498718
4,81.00122775112406,66.99017334707322
4,80.9942067643102,67.0112300952605
4,80.9981685887041,67.0009791944823
4,80.97979892199969,67.00296657474952
4,80.98755345613549,66.99097941370842
4,80.99860973768182,66.99009913293129
4,80.985394578541,66.98914666352411
4,80.99356327418334,67.00587658039298
4,80.98265065483183,66.99819997294139
4,80.99631074400243,67.00921770402077
4,80.98832875768424,67.00513288733887
4,80.99667042589546,66.99717136097944
4,80.99722075004908,67.00797279577272
4,80.98415858459053,66.99065379887202
4,80.99469331710989,66.99945296420125
4,80.99313362208879,67.01371576108059
4,80.9940327319603,67.006964196366
4,80.97806143394298,66.99581198946646
4,80.99665353506435,67.01189998432967
4,80.98323352055162,66.9962703393233
4,80.99377382448314,67.01717245830167
4,80.98888911665914,67.0058672966567
4,80.98595660963656,67.00233703647994
4,80.99275435153142,67.0079825359775
4,80.99656978650839,67.01236956181495
4,80.98761946164947,66.99822735975093
4,80.99500595688501,67.00337084419107
4,81.00122775112406,66.99017334707322
4,80.99153326142421,66.99745492965897
4,80.98494716225798,67.00785981446309
4,81.00236541330895,67.00224112592826
4,80.97941871804574,66.99584023447429
4,81.00200757081329,66.99291655222304
4,80.99798524052379,67.01488572921224
4,81.00570893689837,66.99704749894383
4,80.98770442575288,66.99847092381417
5,80.98311866523012,67.00699007376328
5,80.99478644742955,67.00088653011362
5,80.98866993775943,67.00478335315391
5,80.98712761500698,66.9984880105858
5,80.98131356189302,67.01339445853729
5,80.99275232627589,67.00374845675152
5,80.99070423142925,67.01233541757053
5,80.9849471096,67.0084490328213
5,80.9932824371496,67.01296557267207
5,81.0004735893037,67.01002320025187
5,80.98068067406304,67.01270172137492
5,80.99528712252841,66.99319554430944
5,80.9893349460732,67.00725271775204
5,80.9925448629267,67.00252447896371
5,80.98434643126546,67.00067253245702
5,81.00223115005971,67.0014611129044
5,80.98663626707125,66.99736238097898
5,80.97938800063888,66.9959055902136
5,81.0046645257547,67.00510619133847
5,80.99978096708472,66.99381266118044
5,80.98377190135284,67.0117926184483
5,80.99622572893642,66.99057520013469
5,81.00393341288652,67.00999256387604
5,80.99304979502313,67.00610607259652
5,80.98919617330768,67.00450492859059
5,81.00111449710651,67.00356191139406
5,81.00520684123757,67.00220809395744
5,81.0043964494341,66.99725012919657
5,80.99987287109043,66.99038000204561
5,80.97764841052472,67.00663333824836
5,80.98379303779767,67.00307290662141
5,80.99922685870136,67.01432794412968
5,80.98149763638614,67.01248438273021
5,80.97828248945773,67.00330406711964
5,80.99515857639776,67.00983753738674
5,80.98200524208714,66.99770913646982
5,80.99782241748983,67.01457508680062
5,81.00225244177955,66.9951136446514
5,80.98465310987807,67.00700035683097
5,80.98535018401329,66.99408926482145
5,80.9914376691221,67.01772265865728
5,81.00274221284774,67.00490473314515
5,80.98904877148237,67.00016808879211
5,80.99721131233572,67.01148772460131
5,81.00087467187632,67.0008415791666
5,80.99848237993966,66.99579963992608
5,80.98987193566343,67.00651491230008
5,80.98181349087214,67.0104321106439
5,80.98375473910345,67.00910242002135
5,80.99826565397703,67.0147998819653
5,81.00148286589956,67.01143001601397
5,80.99127845170612,66.99616225521694
5,80.99043199310776,67.00639224871385
5,81.000528741181,66.99772682350354
5,80.99308742859209,66.98750932839897
5,80.98389845425895,66.99927249451122
5,80.98689279280191,67.00607613920121
5,81.00106377698269,66.99548705244511
5,80.98069154648427,67.0035598554325
5,80.99181394595146,67.00482468413418
5,80.98069154648427,67.0035598554325
5,80.9954811021156,67.01337358433283
5,80.98569963002963,67.00187378671917
5,80.98534426593642,66.99241190851195
5,80.98730991309645,67.01257381924201
5,80.99365225952145,66.99591420462347
5,80.98371674615001,66.99233322179839
5,80.98098672685568,66.99393497721378
5,81.00528654696589,67.00705478639912
5,80.98365641583634,66.99098643416905
5,80.99142406823631,66.99430751275146
5,80.98104519405919,67.0130787154925
5,81.00294125668499,67.00366750641139
5,81.00167967060231,66.99908062683159
5,81.0035896827374,67.00645445604613
5,80.99703429298503,66.99321401388927
5,80.98050886467163,67.00332135579235
5,80.98242514783874,66.99598581755497
5,80.99289431566227,67.01084633308902
5,80.98916725534093,67.01749439446266
5,80.98181349087214,67.0104321106439
5,80.98748762633767,67.00461792509606
5,80.98465028322934,66.99158856328029
5,80.99523641505773,67.01449419651942
5,80.99753558984592,66.99173527811139
5,80.99070697005445,66.99133401738227
5,80.99601673660115,66.99539103816042
5,80.99135208175316,66.99027410080515
5,80.99031109290732,66.99166289546423
5,80.99680969216732,66.98791592913854
5,80.98077825082146,66.99912040537073
5,80.98291150541013,67.00447141185552
5,80.99441547595187,67.0143642872748
5,80.98608439693668,67.00509131450987
5,80.99442571937804,66.99891916323992
5,80.9980437706798,66.99938916250527
5,81.00048106106634,67.01002783955053
5,80.98407051918812,66.99870257353012
5,80.98035506748649,67.00918699044671
5,81.0053060651358,67.0065683118752
5,81.0006335849251,67.00418613300624
5,80.98877624200395,66.99978011269282
5,80.99022323979257,67.00832630313414
5,80.98701989312985,66.99774579566545
5,80.984202771414,67.00764875440954
5,80.99906377077264,67.00213635989034
5,80.99152664700833,66.99147517120291
5,80.99633260531331,66.9881959666358
5,80.98315780752449,67.01255295213417
5,80.98426308343748,67.00186002355176
5,80.98918580035644,66.99326555405695
5,80.98093361214039,66.99635070794038
5,80.98422093111596,67.01598092749869
5,80.99720998813748,66.99024791226677
5,81.00234543222875,67.00867827042849
7,81.02371064898179,67.00248053077397
7,81.02879167436886,67.00266223895545
7,81.00682602927716,66.99778578241103
7,81.02158747052391,66.99089576703155
7,81.00639658787749,66.99542942844066
7,81.01016569458291,66.99945119047366
7,81.01677438477942,66.99465475243423
7,81.00655023698896,66.99428948365725
7,81.02864711988963,67.00420921362613
7,81.02615001105627,66.9886380630231
7,81.02944409719213,66.99642679647225
7,81.01757243658028,66.99737145887552
7,81.0078045885196,66.99217133189926
7,81.02082498449033,67.00633829656545
7,81.00798426559001,66.98712929039549
7,81.02650217601571,66.99897719655571
7,81.02766932727361,66.99325379539447
7,81.02345436546216,66.98306674642055
7,81.0216590832242,66.9805015273435
7,81.01948446604109,67.00383061804456
7,81.01905809343542,66.9924660958279
7,81.00647069955065,66.99610976351408
7,81.0328060533271,66.99366579578283
7,81.01374467962887,66.99192696362338
7,81.007646490308,66.99935621925754
7,81.02395521021357,66.98398829753783
7,81.02029364654324,66.98167602178688
7,81.01457156839483,67.00402564285602
7,81.02291982804414,67.00529725491123
8,80.99703429298503,66.99321401388927
8,80.99739829028877,67.0087569732487
8,80.99313244059701,67.00547818038976
8,80.99143614077502,67.01556500234439
8,81.00342628573165,66.99578605121543
8,80.97616124992697,67.00176587657374
8,81.00283828172373,67.00717199036131
8,80.99670173177014,67.00479738558776
8,80.991648128261,67.0053938565843
8,80.98788393369126,67.00151401300664
8,80.98562022599101,67.00931905849424
8,80.99065357121823,66.99217959821128
8,80.98719574999927,66.99187920885831
8,80.99279724063578,66.99570440238695
8,81.00176495994357,67.01006164082979
8,80.99878946042071,66.99493139162183
8,80.98677203459175,67.00011712273756
8,80.98357552883967,67.01407608952677
8,81.00215260805467,66.99133282257968
8,80.98429837012388,67.00425077116482
8,80.99581471468477,66.98752486484402
8,81.00430323157524,67.00321597492146
8,80.98661457616213,67.00140683675906
8,80.98181349087214,67.0104321106439
8,81.00021544281758,67.0008618162366
8,80.98400948579128,67.01494744771828
8,80.98773828006347,67.00877081449983
8,80.98519316860279,66.99136496723997
8,80.98742946937178,66.99258397997916
8,80.99119787204866,67.0085585685928
8,80.99622572893642,66.99057520013469
8,80.97837364121715,67.00207404030948
8,81.00516074783941,67.00001973772035
8,81.00274221284774,67.00490473314515
8,80.9797690247708,67.01056478850144
8,80.97955298679402,67.0053148928763
8,80.99034464819948,67.0133758682977
8,80.98659530123386,66.99171474418591
8,80.9892869497564,67.00692567060476
8,80.99525098581724,67.00842321144464
8,80.99212120451942,66.99314851143184
8,80.99594483124243,67.00851907234063
8,81.00102344423651,66.99917179069233
8,80.98343795792796,67.01061866666164
8,80.99783282415942,67.01365987582176
8,80.97956564564012,66.9975392231518
8,80.99550982628958,67.01486484958549
8,80.9814878961919,67.00820482228151
8,80.99666859530569,66.99605250922386
8,80.99635175877194,67.01450196615022
8,80.98272925292206,67.00251734379559
8,80.98490530685872,66.9906718768604
8,80.99479591774194,67.00300699460973
8,80.98495965705017,67.0041467266177
8,81.00296738272472,67.01113739236989
8,80.9925448629267,67.00252447896371
8,80.98609459236114,66.99747369657341
8,81.00509859038779,67.00426064029195
8,80.99332101363518,66.9982128346087
8,80.99345285260476,66.98841390817597
8,80.98882740113133,66.9970650064645
8,80.98422981039158,67.0093261543253
8,80.99055680503528,67.00112962344713
8,81.000302714653,67.00208774398943
8,80.99840210521643,67.00555319569581
8,80.98371674615001,66.99233322179839
8,80.98661457616213,67.00140683675906
8,80.98677203459175,67.00011712273756
8,80.97886645933875,67.00732360065663
8,80.99924401506475,66.99353464512278
8,80.9963916709147,67.01189248666577
8,81.00358750639559,66.99885022603857
8,80.99236518415324,66.99727836675996
8,80.99594267601476,66.99208812546692
8,81.00527748253674,67.00229317128243
8,80.99997704525575,67.00156912235795
8,80.98304145820467,66.99427587693049
8,80.98373240616048,67.01116164251457
8,81.00274221284774,67.00490473314515
8,80.99831609580532,66.98816752806327
8,80.98365381938054,66.99678811703865
8,80.99659238085333,67.0037828261611
8,80.98772571543144,67.01426720694342
8,80.99058341833982,67.0122205039949
8,80.97801228385795,67.00210152713501
8,80.99633260531331,66.9881959666358
8,80.98386996441889,67.00975351201454
8,81.0029641509938,66.99811487693498
8,80.98153600730431,67.00218350032117
8,80.98368796702731,66.99158726628357
8,80.9835179433946,67.00454574833768
8,81.00195224584876,67.01046577098761
8,80.99825127213963,66.98964885948747
8,80.99410130463558,67.00509713340055
8,80.9989749843714,67.00249844186129
8,80.99815936189101,66.99784455521895
8,80.98496975582145,66.99069092256542
8,80.9937290559143,66.99281214766947
8,80.98858789848158,67.00831122896697
8,81.00665422242099,66.9990213401741
8,80.99500595688501,67.00337084419107
8,80.9893583402597,67.01617787745887
8,80.99074230455913,67.0080964118636
8,80.98853044523803,67.01014327883232
8,81.00361173760908,67.00224963372153
8,80.99094566134791,67.00472750253438
8,80.98803110922752,67.01727262205671
8,80.9789931343941,67.0088938879396
8,80.99129044930237,67.00755987422019
8,80.99325237999312,66.99803117984577
8,80.98725060936638,66.98853869903849
8,80.98470237252779,66.99277971879077
8,81.00234543222875,67.00867827042849
8,80.99293615583844,67.00658331424144
8,80.9931398842918,66.99577708836887
8,80.98189050667455,67.01229127895994
8,80.99830068626818,67.01005312364208
8,80.98387564724146,66.99027162356631
8,80.98197020055748,67.01082948195437
9,80.98247719823212,67.01353480054279
9,80.98822292502341,66.99568317290266
9,80.98585991804462,66.9927368051815
9,80.98766321785847,67.00928081615619
9,80.9839289177911,67.00372516246046
9,80.99329437968122,66.99417121183284
9,81.00067316687108,66.99207733049258
9,80.9989946822561,67.00340965114917
9,80.98050406216312,66.99209914369892
9,80.99604071838733,66.99570631575752
9,81.00622634886795,67.004719867759
9,80.99851561227709,66.9988377347026
9,80.98031091334865,67.00083451464171
9,80.986955800107,66.99849785075766
9,81.00225377863752,67.0053148262533
9,80.98640315645058,67.0009006508348
9,80.99884411625807,66.99320224568613
9,80.99640122775936,67.00580818974902
9,80.99263881717025,67.01447654154954
9,80.99326071663988,67.00035549381901
9,80.99921654628132,67.01027272054091
9,80.98393911310707,66.9930255775789
9,80.995997608529,67.00014100785467
9,80.98316667488116,67.01521082472853
9,81.00639087249397,67.00749976101407
9,80.98716694129148,67.00503933293504
9,81.00320694267474,67.01081506155532
9,80.98584274467812,66.98917953412898
11,81.00746828003784,66.9841552526815
11,80.99820219164052,66.98827074782693
11,81.00926223480597,66.99152278013739
11,81.00546603496242,66.98832697318167
11,81.0126502847345,66.98480337786553
11,81.0066009411541,67.00439483039295
11,81.01289279162573,66.99473927090396
11,81.01716444779748,66.98258185676261
11,81.00850965528235,66.99241818776552
11,81.0007866372058,66.98872821595484
11,81.00632616932455,66.99774654139465
11,81.0187851091368,67.00343271659672
11,81.01525814202301,66.99649724533064
11,80.99924401506475,66.99353464512278
11,80.99918816321983,66.99840686027532
11,81.00842040244636,66.98383317967675
11,81.02201600219593,66.99578079461166
11,81.00046447020657,66.99517158678556
11,81.00317310589608,66.99203249443617
11,81.00850965528235,66.99241818776552
11,81.01530105298028,66.981545713325
11,81.00732151839667,66.99172041631184
11,80.9999107140712,66.99202822636809
11,81.0039652377399,66.99954181810332
11,81.00424587012859,66.99215629584106
11,81.01535509492895,66.99919871818162
11,81.01913710879273,66.98821630244373
11,81.01896074900125,66.9966768641966
11,81.008402150626,66.9948208247747
11,81.0180079739201,66.9884105797299
11,81.01788630246988,66.98899288128965
11,81.0035933799099,66.99986897318338
11,80.99839428002191,67.00213404546128
11,81.00542118483853,67.00284635234038
11,81.01372791205829,66.98692171117987
11,81.01876347095215,66.9879486240574
11,81.01100453484224,66.99752967211302
11,81.00303116863256,67.00351074260202
11,81.0207821092245,66.98560610527369
11,81.0085162615035,66.98083179516053
11,81.02065783278738,67.00215663226508
11,81.0012068864976,66.99274140172835
11,81.00424587012859,66.99215629584106
11,81.01690993456073,67.00374893684163
11,81.00478402329745,66.98208215651736
11,81.01226314694922,66.99192778185723
11,81.02262583332984,67.00009656613052
11,80.99809719886973,66.99300222222628
11,80.99963879802917,66.99753444469998
11,81.00594841221604,66.99376583501144
11,81.01668899013184,66.99853220299711
11,81.01138637399683,66.99824497279461
11,81.02128713300627,66.99073876862845
11,81.00657108727685,66.98485363156513
11,81.01455424318756,66.98921820492205
11,81.00593571241355,67.00072347152971
11,81.00558523240021,67.0016225856117
11,81.01545896141694,67.00797881995175
11,81.02092393692061,66.99317567672429
11,81.00442452047912,66.98428486994021
11,81.01184295317371,66.99686785625532
11,81.0111088280386,67.0035993081694
11,81.0125907184408,67.00670215764728
11,81.00278280845525,66.98246175485097
11,81.01454682793832,66.99532654139787
11,81.00770093609263,66.99514667529
11,81.01298447205677,67.00256669837376
11,81.01049722901672,66.99057938885366
11,81.0136182571111,66.9784072199029
11,81.00804735169044,66.99312363594294
11,81.02179152486819,66.99128875049703
11,81.01625802257662,66.97891338824668
11,81.00853439292791,66.98984923071811
11,81.01469445151845,66.985340764534
11,81.01937912265132,67.00488908327983
11,81.01912186609084,66.9892982209043
11,81.0151540152418,66.98209360847821
11,81.01935429523145,66.9831768794095
11,81.02180587575931,66.98976922929245
11,81.02286817154354,66.99958096805969
11,81.0059261260682,67.00558194268322
11,81.00041543880663,66.99098430562044
11,81.01248180596608,66.99848572810171
11,81.00144224791607,66.9900536442509
11,81.00893659826548,67.00415214702865
11,81.0134591756795,66.98466070711696
11,81.0123790325029,66.99121206930474
11,81.01507048986947,66.98855985818862
11,81.01231929522174,66.98982427308776
11,81.0180381853082,66.98987408643185
11,81.02117145806237,66.99474000519584
11,81.02174585034282,66.98321625401324
11,81.01925691372145,66.99856380466758
11,81.00439641768165,66.99845126605909
11,80.99750757613984,67.0011635056775
11,81.01526184854646,66.99312443558082
11,80.99536947050507,66.99384445424695
11,81.01585805122426,66.99241593663625
11,81.00808754050554,67.00592839994322
11,81.00225377863752,67.0053148262533
11,81.0183318694951,66.99190984771481
11,81.02086343095509,66.98103659848739
11,81.0201766007877,66.99359219495005
11,81.02596537783248,66.99285893343104
11,81.02416955555864,66.99074551176794
11,81.00619937960246,67.00205971347964
11,81.00721159038494,67.0006374853328
11,81.00976954201225,66.9845657343827
11,81.00036761739098,67.00051329969652
12,81.00927590341307,66.98842750756826
12,81.00712062969393,66.9935816461243
12,81.00767948439305,66.97921560853902
12,81.00582301290072,66.98995691348935
12,81.02413005045764,67.00134555271063
12,81.00391615722431,66.99635823863922
12,81.02211627017265,66.986314514872
12,80.99910695088433,66.9840417624178
12,81.02450286948482,66.99344394824209
12,81.01369983423274,66.99220462929406
12,81.01865806681765,66.9915518551889
12,81.0102994574587,66.99422761667452
12,81.00591736245734,67.00041709217633
12,81.00915581762368,66.99096972947336
12,81.01904554029684,66.99934463304899
12,81.01483283550742,67.0012161692289
12,81.00233857281408,66.99578039184705
12,81.01595138862768,67.00709474010554
12,81.0211550031727,66.9897841785936
12,81.02305209537204,66.9860599773669
12,81.00886144823124,66.9966564584627
12,81.01308068977887,66.98035331484199
12,81.01935020694154,66.99729932171113
12,81.00307539283035,66.99176531702022
12,81.00911629156387,66.99204345873218
12,81.01009453006796,66.98224768546184
12,81.01757243658028,66.99737145887552
12,81.01193837774083,66.9828963702888
12,81.01738535930403,66.99944461261512
12,80.99990832656525,66.99287641320326
12,81.00784874756881,67.00368694431266
12,81.01186990165247,66.99922870248668
12,81.00825741738402,66.98716427851438
12,81.00798785000839,67.00833243618456
12,81.01034808624456,66.99919844782958
12,81.00620317748489,66.98255882189372
12,81.0111483415244,66.98984386195677
12,81.0017732576683,66.99268874300179
12,80.99687250896078,66.99329153341657
12,81.01267262370887,66.98336493491661
12,81.02240201676183,67.00038540419705
12,81.01326793962114,66.98200867714681
12,81.0158261618845,66.98561766953661
12,81.01147979713107,67.00174475200004
12,81.00838108634483,66.98085424964685
12,81.00230459980071,66.99052252581767
12,81.00534110396349,66.9862862544723
12,81.00476094439715,66.98569040548855
12,81.01138637399683,66.99824497279461
12,81.01672125258276,67.0049110522136
12,81.0019710087468,67.00468412513452
12,81.0009030860409,66.98494835728337
12,81.02315259403916,66.99671771194036
12,81.02582575305281,66.99758150180527
12,81.00826097178732,66.99223072559535
12,81.0104491184456,66.98869746318579
12,81.01689500235479,66.98682968407569
12,81.01194068438792,66.98735394667665
12,81.01808143572173,67.00571447269228
12,81.00538266859773,66.99288917815234
12,81.01022558322545,67.00006022995542
12,81.00173592479537,66.99868991694125
12,81.00710120175428,66.99349276186311
12,81.01115615743633,66.99031182739232
12,81.01821098330241,66.98576507431495
12,81.02411491362238,66.99977665936622
12,81.00347407983885,66.99770788216297
12,81.01345133623325,67.00307226396167
12,81.003551003326,66.9927658444018
12,81.00345960237414,66.98458082126103
12,81.01335844203582,66.99226870898637
12,81.01521554636084,67.0012358520488
12,80.99999174437166,66.99869976472657
12,81.01760400293205,67.00123076331373
12,81.01558221044183,67.00798509442703
12,81.00552634801512,66.99520351419203
12,81.00179981094372,66.99028392458635
12,81.00725792811416,66.98223326795757
12,80.99913895104427,67.00307970871097
12,81.00620317748489,66.98255882189372
12,81.01459885664562,66.98395824316046
12,81.00567066257301,67.00503804878738
12,81.00569257168151,66.97945121149871
12,81.00303587636108,67.00409869932403
12,81.02097167439388,66.987513860321
12,81.00174901061942,66.994479662332
12,81.000528741181,66.99772682350354
12,81.01877059759211,66.99999599767858
12,81.00056389927543,66.99610761499072
12,81.00725792811416,66.98223326795757
12,81.01553170642,66.98810931235172
12,81.00746571292214,66.99513182805548
12,80.99763424806618,66.99281852949517
12,81.00838987504974,66.99247892926802
12,81.01476781791385,67.00091370757222
12,81.011034288264,66.98624349657831
12,81.00810935230888,66.9799429320775
12,81.01618025647376,66.9996499919384
12,81.00699880051016,66.98610045342285
12,81.01186558220574,66.98222922482087
12,81.01193696267475,67.00195293836968
12,81.01231145902767,66.99301914172096
12,81.0221657827847,66.99447786202477
12,81.00416927423055,66.98708404411815
12,81.02094085905182,67.0046203525397
12,80.99891336966509,66.99609190391273
12,81.00721112951915,67.00443161971997
12,81.02046706548641,66.98676657496033
12,81.00529510051004,66.9948435324961
12,81.01214822977772,67.00025643393238
12,81.00479074240927,67.00632386288201
12,81.00452477869213,67.00000944104406
12,81.0130344385731,66.99097772104507
12,81.01225533033383,66.99608149071793
12,81.02289056474241,67.00317859962868
13,80.99945172909413,67.00101592064948
13,80.9966482616553,67.00597564681182
13,80.97837033204402,66.9999758071906
13,80.99016934710991,66.99947659610581
13,80.99147023513211,67.01123367112633
13,80.98574076500252,66.99613590540955
13,80.99969483885914,67.00780607020711
13,80.99746869050232,66.9973754881619
13,80.98326572813437,66.99196788611705
13,80.98700936929018,67.000400034741
13,80.98607834717495,67.0013069151505
13,80.97984147974424,67.00533245460903
13,80.97764841052472,67.00663333824836
13,80.99750525045785,66.99290022691522
13,80.98904273548561,66.98842479107618
13,80.99658483505767,67.01313694280599
13,80.98376724064812,66.99324268685713
13,80.99309462837074,67.00772053808757
13,80.98615965379904,67.00320752305659
13,80.98918580035644,66.99326555405695
13,80.99827321657162,67.00829867609049
13,80.98036863438496,66.99264821817557
13,80.99163761185751,66.98926076576096
13,80.9817809087636,66.99406877841243
13,80.99810310237334,67.00290766928518
13,80.99506457141771,66.99345607758407
13,80.9938384673402,66.9989774215762
13,80.98761882013571,67.00167394273097
13,80.97940200363807,66.99631472996386
13,81.00463324829765,67.00231231476951
13,81.00307019776449,67.00656319746058
13,81.00305107666169,67.00213628885747
13,80.99189098017759,66.98740468997627
13,80.99977132887125,66.99799516298361
13,80.99212120451942,66.99314851143184
13,80.9816727981453,67.01405238429997
13,80.99011620750561,67.016631632611
13,80.97835011673342,67.00906429999175
13,80.97687669456286,66.99820285433943
13,80.99237071046426,67.00491054092868
13,80.97793078053067,67.0072641907014
13,80.99760142801085,67.00048873287653
13,81.00219056518333,66.99210903860248
13,80.98987193566343,67.00651491230008
13,80.99644248430933,67.00962531799196
13,81.00389818592741,66.99566100899737
13,80.99574287541392,66.99552155766581
13,80.9905983341198,67.00072196769385
13,80.98662975364448,67.00672431792252
13,80.98502349560945,67.00220044751619
13,80.97949322182558,67.00435554059487
13,80.98503292902912,67.01244072671413
13,80.98548544888466,66.99120971180977
13,80.9798039443934,67.0044098943477
13,80.99671195855925,66.99923632017905
13,80.99801613101913,67.00654324761413
13,81.00002674454213,67.00995182765635
13,80.99738444826552,66.9957029600496
13,80.9997344230459,67.01317475979968
13,80.98631291375207,67.00680656016772
13,80.98249959627655,66.99900585341781
13,80.99285181903677,67.00223915661304
13,80.98101820843289,66.9967512722211
13,80.9872475525682,66.99309431216703
13,80.99660470020444,67.01611030468581
13,80.98383903762198,66.99268027065546
13,81.00246556427604,67.01329595490787
13,80.99048241921167,66.99985464104638
13,80.98715760672334,67.00950614071341
13,80.99566964803067,67.0164215602495
13,80.99080508652635,67.00404839341003
13,80.99657864065323,66.99659708207125
13,80.9881149618411,66.99847549215396
13,81.00087453043307,66.99543682515196
13,80.98141824794017,67.0003613973766
13,80.98425122777377,66.99196767763999
13,80.99892006633918,67.01278792635362
13,80.98470237252779,66.99277971879077
13,81.00033076922129,67.0147951071227
13,80.98242351609514,66.99382425316905
13,80.99074230455913,67.0080964118636
13,81.00450193968399,67.00700280627176
13,81.00274221284774,67.00490473314515
13,80.99129044930237,67.00755987422019
13,80.97637690577459,67.00228181619067
13,80.98191565294442,66.99514230194384
13,80.98924590100293,67.00517696568771
13,80.98862385935706,67.0108843231196
13,80.98260836177455,67.01245261958158
13,80.98174787762974,67.00973886147696
13,80.99195006068118,67.00062131298044
13,80.99189560173758,66.9892903965481
13,81.00217363960633,67.00497691682912
13,80.9951029023777,66.99922556382549
13,80.99134108691226,67.01707184355816
13,80.98120213991746,67.00825142670737
13,80.9837021776593,66.99704269520703
13,80.98348719861366,67.0051912717474
13,80.98309569598028,66.99629253172287
13,80.99045269275133,66.99458594513702
13,80.98343581626831,67.01004611473613
13,80.97826708509542,67.00240810876231
13,81.00452762219159,67.00842390620849
13,81.00215414352382,67.0058923770534
13,80.98916725534093,67.01749439446266
14,80.99048531495852,67.00083816628151
14,80.99647059855643,66.99176040470132
14,80.98029802741219,67.01045176572887
14,80.99209066698371,67.00936077480382
14,81.00424683977796,67.00652889091766
14,80.99698484856863,67.01141635885853
14,80.99065357121823,66.99217959821128
14,80.98699204695221,66.99052083721055
14,80.99733854765965,67.00500874117398
14,81.00027884812349,67.00904912918132
14,80.9987593955338,67.00980444798529
14,80.99431939130737,66.99891435370427
14,80.99163050702029,67.0123950483013
14,80.99810011080521,66.99973275206277
14,80.98952200929955,67.00386039597673
14,80.98705246523241,67.00221896532783
14,80.98822619546102,67.01198750668746
14,80.97801228385795,67.00210152713501
14,80.97944069165214,67.00468012785844
14,80.99906377077264,67.00213635989034
14,81.0003426008868,66.99582675912417
14,80.98971485787348,66.99858097199574
14,80.98728805932552,66.99078827519735
14,80.98779603465091,67.00857490933512
14,80.98520278827358,66.99285136270018
14,80.99630349540992,67.01250728569568
14,80.99542924573247,67.0153919831867
14,80.98677331370054,66.98828670433572
14,80.99444355472735,66.9925421134819
14,80.987803869249,66.99564720416537
14,80.99809377343237,66.99402036088789
14,80.97906432021004,67.01101802601225
14,80.99530669686153,67.01278470704654
14,80.98232530167694,67.00452003948391
14,80.99763424806618,66.99281852949517
14,81.00053036178409,67.01477508898846
14,80.98713581083658,67.01631911183817
14,80.99535983078194,66.98737708988398
14,80.97990887095756,67.00092366681145
14,80.99594483124243,67.00851907234063
14,80.99808505587025,66.99857629415725
14,80.98362172848482,67.01527679746623
14,80.98653801637975,66.99638256717147
14,80.98402599154433,66.99282789791002
14,80.99647059855643,66.99176040470132
14,80.97907332872965,67.01136199679475
14,80.9883764570763,67.00529625221075
14,80.99084558358929,66.98885540180105
14,80.99631261541008,67.0126906286246
14,80.98894142916092,67.01272783816324
14,80.9882172128559,67.00948318637228
14,80.97897296096423,67.00635200252424
14,80.99795663818135,66.99307561547305
14,81.00056152242186,67.0072006007775
14,80.98265583957846,67.00271926368016
14,80.9778561713953,67.00920519339142
14,80.99886674439175,67.00287025965717
14,80.98785347972856,67.01228304486895
14,80.99392653582653,67.01557263242105
14,80.99266216437717,67.01121109553726
14,80.98537641364835,67.01174908144175
14,81.00404144269926,67.00679823684933
14,80.98938167419224,67.0133391945277
14,80.99220883440046,67.01156397240972
14,81.00414687785705,66.99662973836911
14,80.98459873105553,67.00664354023387
14,80.99271025957528,66.99906143532814
14,80.98214718179628,67.00622813536923
14,80.98286754322876,67.00442819139455
14,81.00171219468373,67.01045022327361
14,81.00296738272472,67.01113739236989
14,81.00041543880663,66.99098430562044
14,80.98904248325248,67.01517868116711
14,81.00358750639559,66.99885022603857
14,80.98272925292206,67.00251734379559
14,80.9925448629267,67.00252447896371
14,80.98339007440696,67.0089106679233
14,80.98660272173547,67.01642042279562
14,80.99060003484722,66.99759953656549
14,80.9879557504544,67.00695770282282
14,80.98239657391493,66.99685300728304
14,80.99062716149612,66.99756396518633
14,80.97990887095756,67.00092366681145
14,80.9963965366112,67.0123272482897
14,80.98470681614486,67.00294889308068
14,81.00127336172118,67.00044867972241
14,80.98325012567346,67.0059819754585
14,80.98338989784652,66.9993562690838
14,80.99203988698426,66.99455607825124
14,80.98999651333513,67.01527586238065
14,80.98172881598603,67.00414730431766
14,80.9918030880092,67.00764822210863
14,80.99783052189862,67.01300697499865
14,81.00121740306538,67.0078509808878
14,80.97763478891295,67.00365508799233
14,81.00092327800961,67.00591869111938
14,80.99312988004866,66.98770546677585
14,80.98868296001903,66.99268151623566
14,80.98274565090183,67.00199279930483
14,81.00000375629027,66.99032263673764
14,80.99166531563179,66.9948560605982
14,80.98325829836502,66.99071772591111
14,80.99019589684296,66.9986906914575
14,80.99670239601582,67.01514345545499
17,81.0130344385731,66.99097772104507
17,81.02466941615303,66.98752106590007
17,81.02347549017404,66.99279145576301
17,81.00572785719962,66.99270959648537
17,81.00793482693908,66.99284643675239
17,81.00782472670276,67.00743812021061
17,81.02064808072932,66.99256424060783
17,81.02531201895374,66.9924638465478
17,81.02123976844425,66.98129256207717
17,81.0046645257547,67.00510619133847
17,81.01201607670646,66.98477878618547
17,81.02646108701258,66.99181740368411
17,81.00127268078057,66.99139847766837
17,81.01414349820818,66.99171497812166
17,81.01918729145372,66.99952726731946
17,81.00838987504974,66.99247892926802
17,81.00789813586678,67.00041003284142
17,81.01273218475833,66.98133032224038
17,81.01852320341821,66.98085946724481
17,80.99599281568057,66.99028731651288
17,81.01040334501059,66.98037661832326
17,81.01976710283692,66.98610499963127
17,81.01760503660401,66.99415456043126
17,80.99850006531517,66.98453089085253
17,81.00723024487951,66.98638497916554
17,81.02162619428954,66.9898975289624
17,81.01635675600697,66.98400361074631
17,81.00827963040139,66.98798535050351
17,81.02031795892096,66.99624698143059
17,81.015499248996,66.9881015747643
17,80.99780592068714,66.9858040092265
17,81.01654289473404,66.99444060771873
18,81.02509200626861,66.99832187851962
18,81.02559060683728,66.98644450692032
18,81.02167461394187,66.98147311149803
18,81.0211550031727,66.9897841785936
18,81.01287852171176,66.98643016888265
18,81.01327208127961,66.98889468791333
18,81.03257959301138,66.99789090159285
18,81.02030097692072,66.9837747699531
18,81.02383867465372,66.99152392796955
18,81.02618158646158,67.00185957880525
18,81.01231255787258,66.9894860613043
18,81.02462752585865,66.98883265036807
18,81.00688609964449,66.99636618076883
18,81.02064808072932,66.99256424060783
18,81.01205646260564,66.99195160874997
18,81.00749328696973,66.99789173077347
18,81.02367425849701,66.9993151747478
18,81.01294306811285,67.00176933150298
18,81.02023626551944,67.00548332471877
18,81.01403745487406,67.00222517855354
18,81.02772358514146,66.99018462799228
18,81.01445931700005,67.00823391819743
18,81.02674092317297,67.00273061850086
18,81.02207448661473,66.98378205693069
18,81.0236056285199,66.99323470852279
18,81.01516729188866,66.99741980514486
18,81.01708670667604,66.98890225831012
18,81.01674852361619,66.99740067300274
18,81.02128713300627,66.99073876862845
18,81.00688609964449,66.99636618076883
18,81.0287036135492,67.00010809904653
18,81.00906337031894,66.99077072101342
18,81.01788630246988,66.98899288128965
18,81.00702066908177,66.99762696298525
18,81.0151560628531,66.99497320202332
18,81.0247280835446,66.99402736819115
18,81.01635675600697,66.98400361074631
18,81.02939278388264,67.00124559201171
18,81.02460739584593,66.99740080281975
18,81.01996405300913,66.98342379233802
18,81.00562919808714,66.99201556318445
18,81.02877594766777,66.9919495607601
18,81.01353770844509,66.98147959121808
18,81.01723875994914,66.99727773989451
18,81.0165213082245,66.99176184182745
18,81.01925691372145,66.99856380466758
18,81.01464300016056,67.0070878328753
18,81.00611887759932,66.98836533040732
18,81.01402680556983,66.99904036972363
18,81.01738362872678,66.99160247274223
18,81.00826097178732,66.99223072559535
18,81.02146430848875,66.99974701818023
18,81.02720059311672,66.99521016692998
18,81.01698884511555,67.00634563184194
18,81.01560770839139,66.99599952944227
18,81.00739650537851,66.99501203178643
18,81.01207733259088,66.99700006299197
18,81.01788893707719,66.98162185969386
18,81.0220999325357,66.99111431536328
18,81.02040336896621,66.98147317238646
18,81.0245983678256,66.990493820895
18,81.01668479168238,66.99943477142094
18,81.01851665672811,66.99760365701184
18,81.0272242565464,66.99343215407173
18,81.03471510384362,66.99773703778656
18,81.02762821813651,67.00160883428704
18,81.0226095588901,66.98152617319867
18,81.01641154164514,66.98688446219931
18,81.02892992970051,66.99041878141202
18,81.01417562466729,66.99342747827613
18,81.0249503903438,66.99876279211122
18,81.02302350678916,66.987906947997
18,81.02155993395455,66.9891038178118
18,81.02368439278405,67.00365309914292
18,81.01368453510732,67.00055586270115
18,81.01673651884896,66.99900394085562
18,81.01876793311578,67.00104446518789
18,81.00887422547767,66.98952912886197
18,81.01896837657107,67.00424365269974
18,81.02644735152315,67.00320050445627
18,81.0076981149068,67.00348601337696
18,81.03213683485244,66.99514939161145
18,81.00934820301275,66.99256258113141
18,81.01764758458233,66.98879711472618
18,81.00830892700594,66.98990872811551
18,81.02524896277703,67.00143338019224
18,81.0292048707166,67.00780420070078
18,81.03031426372468,66.98676259905984
18,81.021649525585,66.99261557075071
18,81.01253348160284,66.9884491673208
18,81.01585500003816,67.00173453792497
18,81.02570058696135,66.98686926827872
18,81.02893992791674,66.9941641245657
18,81.03056618244855,67.00086861531317
18,81.02136997019507,67.00980437179912
18,81.0252091801408,67.00796416762142
18,81.03056618244855,67.00086861531317
18,81.01154050297052,67.00588487967477
18,81.02435685286896,67.00296196182529
18,81.01516546737108,66.98090060776566
20,80.99972699101897,67.00456702767227
20,81.002778403859,66.99291475440135
20,80.99391841167893,66.99339265484285
20,80.99152332204642,67.00134981514947
20,80.99801613101913,67.00654324761413
20,80.9778900937735,67.00806930050778
20,80.99688371487652,67.00027217668043
20,80.98084895797993,66.99900032795554
20,80.98572228112211,67.0132622303251
20,80.98359485315686,66.99723584192672
20,80.97807435950295,66.99615543176337
20,81.00095871309804,67.01490657619517
20,81.00664388001263,67.00002020675956
20,80.99104539927491,66.994714030129
20,80.98769102919854,66.9979686541598
20,80.98607364035458,66.99029795146777
20,80.98574076500252,66.99613590540955
20,81.00591736245734,67.00041709217633
20,80.99445544714635,66.99103282782436
20,80.9917529812911,67.00146478582525
20,80.97629719856805,67.00340001288393
20,80.99722075004908,67.00797279577272
20,81.00021935209368,67.007038906304
20,80.9954811021156,67.01337358433283
20,80.98513661973487,67.01555202526073
20,80.98454109092606,67.01099154411084
20,80.99027411857745,67.0072400038758
20,80.9993810548636,66.99394967641395
20,80.99633644029873,66.99800283794237
20,80.99811742076903,67.0146059444034
20,80.98826206567595,66.9930418683862
20,80.97988283266778,66.99389764204288
20,80.99565806970419,66.99774546292474
20,80.97660321993496,67.00542756340188
20,80.98159797583979,66.9916462465711
23,80.99585181052555,66.99032557501287
23,81.00509859038779,67.00426064029195
23,80.98612370009899,66.99520227766756
23,80.99678242736705,67.01018212951482
23,80.98629548549819,67.01629568095919
23,81.00217363960633,67.00497691682912
23,80.99527370892392,66.99407991520346
23,80.98900114454202,66.99558441256369
23,81.00174020179438,66.99134232546656
23,80.98523419478954,66.99495997741835
23,81.00174901061942,66.994479662332
23,80.98049152460825,66.99202965966363
23,80.98051557633353,67.00454745283021
23,80.99074230455913,67.0080964118636
23,80.98197123789699,66.99282527168364
23,80.9835229483949,67.00845627590455
23,81.00601432563411,67.00013719267406
23,80.99863588042102,67.00659120118802
23,80.98963537448546,66.98903982825367
23,80.98448994307236,67.00901024907412
23,80.99223123123906,67.00743940481313
23,80.99886406229056,67.00350655535937
23,81.00552634801512,66.99520351419203
23,80.99855161608951,67.00568042683376
23,80.98774847011848,67.00343686463465
23,80.99240798846803,67.01376408519282
23,80.9981843099151,67.00191080391521
23,80.98041020980317,66.99749545559399
23,80.986955800107,66.99849785075766
23,81.00237117459372,67.00606734700457
23,80.98544680549313,67.00282629501257
23,80.99225233966055,67.00957102976113
23,80.99248102222978,66.99370297230271
23,80.97974014161446,67.0048453790224
23,80.98768228540459,66.99264184369717
23,80.9856959992321,67.01148819485178
23,80.98376282358387,67.00719801663926
23,81.0066009411541,67.00439483039295
23,80.9888487220193,67.00718218077458
23,80.98361144223844,67.00248749003569
23,80.99854172200891,66.98965777222006
23,80.98083785033813,66.99460517762115
23,80.99001110674388,67.00137610682036
23,80.98707264806585,66.9877076040617
23,80.98545418854107,67.00678197067037
23,81.00003701123644,67.01418694853712
23,80.9986471906486,67.00721433189362
23,80.98968342629811,67.01593911166792
23,80.99807327311963,66.99161780809403
23,80.99993611682221,67.00061677215628
23,80.98249935967222,66.99205348804453
23,81.0039652377399,66.99954181810332
23,81.00013129602355,67.01547550136536
23,81.00215260805467,66.99133282257968
23,80.98752203204499,66.9989241282062
23,81.00294125668499,67.00366750641139
23,80.98900734921727,67.01126122309003
23,81.00113434972921,67.00971149645657
23,80.98393507849953,67.01060968304022
23,80.99444355472735,66.9925421134819
23,80.99475014117,67.01542305266639
23,81.00142239515873,67.00833085563764
23,80.99160477171905,67.00899687459064
23,81.00180146367431,66.99891448078988
23,80.98323066995523,67.00166733650462
23,80.98417519699063,66.99439855413668
23,80.99917800924634,67.00446020741587
23,80.99485149151113,66.99322835211817
25,80.99447209767614,67.01306373608213
25,80.97904733768735,66.99834736669813
25,80.99749054832039,67.0161529719865
25,80.99593472781439,66.98813420986038
25,80.99462126943304,66.9923999143139
25,80.99254622056219,66.99596471149819
25,81.00217297631994,67.00508074146559
25,80.9879793420775,67.00563086010163
25,80.97859663319271,66.99949471571921
25,80.98465484486744,66.99035255074453
25,80.9933285352925,67.00726771545705
25,80.98702482088115,66.99259273008383
25,80.99018565779912,66.99413353958808
25,81.0056823566917,67.00315584136223
25,80.98384987066636,66.99950036591272
25,80.99602946848589,66.99812337775126
25,80.99349246879157,66.99657325975558
25,80.9879538428739,67.01174209550526
25,80.99708163876652,67.00388963910092
25,80.99012031935577,66.99809748461537
25,80.99798062732614,66.9994606491429
25,80.99414847479669,66.99973219734069
25,80.98689372063797,67.01225270201257
25,80.99728730250516,66.99780440324645
25,80.97935054927572,66.99868283492869
25,80.98909177176373,67.01133970389142
25,80.99321973135866,66.99605596559104
25,80.9818182914175,67.00085957082952
25,80.98661457616213,67.00140683675906
25,80.99335939565324,66.99403733959102
25,80.97823117533537,67.00553847326009
25,81.00397667431822,67.0089929712451
25,80.9821682530501,66.99758998745486
25,80.99444355472735,66.9925421134819
25,80.9811100437159,66.99401372411143
25,80.98419087848893,67.00018561311187
25,80.98333466200776,66.99627412606527
25,80.99611121836179,67.01128480102861
25,80.99623832932343,66.98869711343728
25,80.98093361214039,66.99635070794038
25,80.98309569598028,66.99629253172287
25,80.98939527512916,66.9937390079178
25,80.99892006633918,67.01278792635362
25,80.98607078395737,67.01093099033965
25,80.98321938691835,66.99975958832121
25,81.00200757081329,66.99291655222304
25,80.97906432021004,67.01101802601225
25,80.99555457740519,66.98942073390772
25,80.97959151967784,67.01125530192718
25,81.00725811531052,67.0020957967468
25,80.99496559977815,67.0071698171437
25,80.98456417014866,66.99500130251435
25,80.98663412094108,67.00596987919243
25,80.99695939577498,67.00688801812709
25,80.9854568498144,66.99465474891036
25,80.9822648263611,66.99630932342181
25,80.98914848447107,67.01675314407079
25,80.9958609479013,67.0123636368352
25,80.99086922352988,67.00803859305164
25,80.98813980007381,67.01049888243803
25,80.99400434536994,66.98771284996477
25,81.00114599763096,66.99232430993615
25,81.00227702122993,67.00098983565881
25,80.99663827963406,66.99080398922459
25,80.99002514167027,67.01562394925597
25,80.99631204335799,67.01527227721014
25,80.98942503298434,67.0039397972777
25,80.9822789845257,66.99983613534332
25,80.98131356189302,67.01339445853729
25,80.99084558358929,66.98885540180105
25,80.99464604438145,67.00481431210952
25,80.9781247450664,67.00228473135749
27,81.03123089577261,66.99197523100513
27,81.02272894472812,66.99532233461584
27,81.02070525117487,67.00231334504434
27,81.02646108701258,66.99181740368411
27,81.02388503921325,66.98433572418341
27,81.0095974047858,67.00028634401782
27,81.02353797812118,66.99940745209285
27,81.01454103295183,66.99625186712922
27,81.03039242640314,66.98786244386444
27,81.01871148366668,66.9922743664481
27,81.02739928434478,66.98262338027781
27,81.01370781818876,66.98973719468012
27,81.0162367473205,66.99208084022958
27,81.0210526430112,66.98941896756376
27,81.03311059711724,67.00135038778382
27,81.0198705556811,67.00306476785194
27,81.01935020694154,66.99729932171113
27,81.0201890750492,66.99420707610713
27,81.02308352106847,67.01084582817606
27,81.03451511267383,66.99734485290438
27,81.02379255508096,66.99608307981968
27,81.02792087951129,67.00323472853974
27,81.00940080810108,67.00231986465964
27,81.02006129590939,66.99266823210225
27,81.00978800536684,67.00193440763978
27,81.02460903848538,66.98242983830501
27,81.01694127240701,66.99983000443083
27,81.02703663664145,66.98262436834655
27,81.010980715433,67.00733475441453
27,81.01408611591444,66.98900057639223
27,81.02068955360008,66.99684356103162
27,81.02783767036,66.99814448736812
27,81.0109349307236,66.99734119460886
27,81.02030097692072,66.9837747699531
27,81.02939278388264,67.00124559201171
27,81.00680552412437,67.00498888694686
27,81.02037625388382,67.00204428736839
27,81.0301659975905,66.99064671729732
27,81.0216102780966,66.99312202317661
27,81.01818033416028,66.99002915448023
27,81.01194068438792,66.98735394667665
27,81.00944131635812,66.98479667342312
27,81.0222664005232,66.98452732459002
27,81.03006258469505,66.99201178993566
27,81.02030097692072,66.9837747699531
27,81.0323040272474,66.98994630289776
27,81.02462817424258,66.998663651463
27,81.02242183650745,66.989923612303
27,81.01674852361619,66.99740067300274
27,81.01323595521971,66.99174585692784
27,81.01653780400589,66.98883546889556
27,81.0332817173201,66.99772601291238
27,81.02603987847336,66.99365511762171
27,81.02174780601985,66.99525905465079
27,81.02590945268044,67.00948905308636
27,81.02686811720962,66.98456361721482
27,81.02686917137183,66.98912399888171
27,81.00660265392031,66.98701072758959
27,81.02488109764022,66.99376539264121
27,81.01521554636084,67.0012358520488
27,81.02419163480401,67.00844652521714
27,81.02112041739582,66.99604133793075
27,81.01469570018764,66.99385467911856
27,81.02118504603877,67.00282441304466
27,81.02941461253538,66.98725473322212
27,81.03270204474333,66.988755382151
27,81.01051338308221,67.00650973207226
27,81.01176583260083,67.00261523000349
27,81.00926423292543,67.00429105122721
27,81.02186028987447,66.98724681919474
27,81.02465614349943,67.00140910491945
27,81.01537596191613,67.00253655185794
27,81.004850552669,66.99695834940935
27,81.01656655851392,66.98068533100624
27,81.01948204427059,66.99502295510841
27,81.01448813829502,66.98152165846422
27,81.02427964184558,67.00659975241331
27,81.02103486939474,67.00266561211423
27,81.00577696483977,66.99323446919995
27,81.0198985609806,66.99039289076967
27,81.02262043438705,67.00438107118532
27,81.01042093610629,66.99774440344478
27,81.01192493662563,67.0021831267412
27,81.01461357987411,66.99120607129495
27,81.02390847945378,66.99682521975377
27,81.01788630246988,66.98899288128965
27,81.01783038146345,66.99753607222408
27,81.02666976101128,66.99481929003032
27,81.02064089918103,66.99076666255293
27,81.01025997406754,67.0027146607993
27,81.01955898932303,66.98413927197241
27,81.01343660654555,66.99078089688112
27,81.00954034802473,66.98864955579646
27,81.00690000656239,66.98944945510574
27,81.01960955619691,66.9988732705126
27,81.00830309328164,66.98805317329689
27,81.01203109502082,66.98895818658244
27,81.02639945146069,66.98614804563246
27,81.02591561075968,67.0019915122152
27,81.02653710062772,66.9880652300115
27,81.01716444779748,66.98258185676261
27,81.01376831143975,66.98241711664626
27,81.02052442504653,66.98727985724562
27,81.0175128261858,66.99226427322004
27,81.01350612856768,66.98844577163999
27,81.00827180441414,66.9912307544196
27,81.02836232643605,66.99291062694293
28,81.03240901249812,66.99973611817524
28,81.00680050538739,66.99635823071884
28,81.01710282953736,67.00479950585274
28,81.00959802234694,66.98998384513567
28,81.02956791615068,67.00477215064525
28,81.0280564161401,66.98470832564861
28,81.00562919808714,66.99201556318445
28,81.02911673251317,66.99616127374756
28,81.02764393232611,67.00079685654127
28,81.00632616932455,66.99774654139465
28,81.01046262232013,67.00485509793045
28,81.0259618030535,67.00326485439712
28,81.00825582176651,66.9952294252533
28,81.02295255582976,66.99050653564157
28,81.02324913325275,67.00862895095807
28,81.02429772788557,66.99544176428921
28,81.01703181889205,66.99062468347822
28,81.02036889891721,66.98567798586299
28,81.03451417453913,66.99345618457431
28,81.01144693239856,66.9845124152818
28,81.02029847205817,66.99129808958851
28,81.01735472917566,66.99367173675594
28,81.01364396768152,66.98149330787741
28,81.02952698071972,67.00426707382694
28,81.01831916840766,66.99875766942984
28,81.01865806681765,66.9915518551889
28,81.01611226597306,67.00483809651287
28,81.0192516518287,67.01033641130587
28,81.00978183616947,66.99034062892316
28,81.02162629555986,67.01056669919902
28,81.01554316222602,66.9875353579253
28,81.02395685412829,66.99451590343901
28,81.01523332097797,66.99768785079262
28,81.02984786401797,66.9936920563364
28,81.0245983678256,66.990493820895
28,81.01060575933305,66.98430434032227
28,81.03151969722148,66.98849773070391
28,81.02763762873946,67.00886703961828
28,81.01469570018764,66.99385467911856
28,81.01987999750656,66.99042796678603
28,81.01948204427059,66.99502295510841
28,81.01570190930252,66.99305785521165
28,81.03314308930227,66.99700599179295
28,81.02955854206346,66.98811866122358
28,81.02911705136687,66.99489998184927
28,81.0218296085166,67.00955219675178
28,81.03462772498006,66.9943033380907
28,81.00910538497097,67.00269933220453
28,81.03026493887029,66.99204297648325
28,81.02405991861666,66.98988164928653
28,81.02082329025393,66.99453180077947
28,81.01238496203662,66.99493832418285
28,81.0111088280386,67.0035993081694
28,81.0265300753397,66.99626163864134
28,81.01490667437781,67.00912209141197
28,81.00829098692769,66.99594375957786
28,81.00376658032478,66.99982324304209
28,81.01378205572645,67.0036035392467
28,81.0280098536052,66.98971850261111
28,81.0241022241593,66.98106366837376
28,81.03270204474333,66.988755382151
28,81.02577797555566,66.98465916999709
28,81.02180429308466,66.99014694335436
28,81.01522052567431,67.01100483676488
28,81.02830427574231,67.00620095211825
28,81.01296304074754,67.00430872509878
28,81.01118126211912,66.99320003741285
28,81.01144135500012,66.9965482301137
28,81.01708944810734,66.99566375965449
28,81.03103357740457,67.00037695754193
28,81.02123976844425,66.98129256207717
28,81.01619373143228,66.98169705167402
28,81.02786200927929,66.98646544748273
28,81.02535244168081,66.98566487693853
31,81.00508522288396,67.0083145445261
31,80.98761946164947,66.99822735975093
31,81.00225244177955,66.9951136446514
31,80.98916725534093,67.01749439446266
31,80.99802260136053,66.9882533557347
31,81.00170553085319,67.00625135240463
31,80.9890711940024,66.98813420893303
31,80.99550982628958,67.01486484958549
31,81.00336605581545,67.00469555850745
31,80.99304979502313,67.00610607259652
31,80.99115958094006,66.99827706175668
31,80.99110753368585,66.99920624459685
31,80.98533109389761,67.01438871727343
31,80.98393507849953,67.01060968304022
31,80.99530669686153,67.01278470704654
31,80.9858361008966,66.99865076420599
31,80.98774590600291,67.0144930750164
31,80.99392653582653,67.01557263242105
31,81.00136535370828,66.9908013545436
31,80.99893541168328,67.00086702109769
31,80.99988917430413,67.01121893541915
31,80.99818889517097,67.0011608471581
31,80.9799495150261,66.99464342333361
31,81.0001267565818,67.00706863477396
31,81.0061022941536,66.99882051309555
31,80.99142406823631,66.99430751275146
31,80.99631261541008,67.0126906286246
31,80.99582073206683,67.0164344864333
31,80.98862191537032,67.00395932841595
31,80.98919731697174,66.99725923539191
31,80.99930220120412,67.01284325569432
31,80.9963965366112,67.0123272482897
31,80.99751626141949,66.98900450177507
31,80.98170864132594,66.9917723974095
31,81.00046911230109,67.0003763521007
31,80.98309613974871,67.00667840055071
31,80.98502349560945,67.00220044751619
31,80.98729547896833,67.00742656390877
31,80.98774847011848,67.00343686463465
31,81.00173939281005,67.00057436599585
31,80.99086922352988,67.00803859305164
31,80.99236518415324,66.99727836675996
31,80.9955453507684,66.99299445290733
31,81.00645211257536,67.0028256878146
31,80.98850898609948,67.01217902709861
31,81.00450193968399,67.00700280627176
31,80.97793078053067,67.0072641907014
31,80.97963836892923,67.00552294223507
31,80.98031839684063,66.99747637307713
31,80.99582073206683,67.0164344864333
31,80.98149255997818,67.01106817461559
31,80.9838610106411,67.00696187036735
31,80.98926027525074,67.01416538423175
31,80.9955264964664,66.99858739718198
31,81.00412597245044,66.99854799967561
31,80.9993810548636,66.99394967641395
31,81.00227702122993,67.00098983565881
31,80.97834778929412,67.00368665284948
31,80.98441198295293,67.00167388976563
31,80.97959151967784,67.01125530192718
31,80.98774687678218,66.99422144549503
31,80.99657864065323,66.99659708207125
31,80.98710547291428,67.00304715343621
31,80.99454617540611,66.98967430628743
31,80.9962256978126,66.99473598532413
31,80.99278881640308,67.01652018672048
31,80.9967604287932,67.00386156182438
31,80.9874797259876,66.99040871302516
31,80.98263923410305,66.99719889829866
31,80.98078558656101,66.99791912564653
31,80.98627329571914,66.99984442588341
31,80.98527980893913,67.00094324145358
31,80.98205564052783,66.99016687965087
31,81.00347407983885,66.99770788216297
32,81.02008536356263,66.98625794793617
32,81.00215414352382,67.0058923770534
32,81.00638230751639,67.00561161040986
32,81.01375253563423,66.98486495518893
32,81.01689616694713,66.98789100109218
32,81.00702066908177,66.99762696298525
32,81.00999885718073,66.9939955160683
32,81.00825183781461,66.98935496203185
32,81.02029847205817,66.99129808958851
32,81.01089327785525,66.98916021454588
32,81.0178696892771,66.98525456181092
32,81.02531354540295,66.9950249761631
32,80.99908581964162,66.9975751462228
32,81.00506217781808,66.9832102443704
32,81.00071632566656,66.99324038378128
32,81.01105799740041,67.00259500580354
32,81.00643168693755,66.99288198926486
32,81.0195827856406,67.00240053883076
32,81.00763074424364,66.99346267138546
32,81.01765612235387,67.0057643020118
32,81.00648643622371,66.98909523299979
32,81.01398468060124,66.98788553985355
32,81.01610846138593,67.0029091494283
32,81.01074982260879,66.99247754580178
32,81.01671791816557,67.00530069919648
32,81.02036889891721,66.98567798586299
32,81.01545723354155,67.00770250288085
32,81.01057618852626,66.97897018343812
32,81.01193837774083,66.9828963702888
32,81.01570856855058,66.99178676140853
32,81.00946509419335,67.00355801624055
32,81.00225203109076,66.99057780804038
32,81.02231638504546,66.98737403058745
32,81.01230621085257,66.98312920244341
32,81.01754061752504,66.98894843051208
32,81.01461357987411,66.99120607129495
32,80.99839139309071,66.99231289103261
32,81.01735472917566,66.99367173675594
32,81.00072287124,67.00442871406983
32,81.01537598724238,66.98899502644954
32,81.01176583260083,67.00261523000349
32,81.00127268078057,66.99139847766837
32,81.00418446090971,67.00656947091237
32,81.00552634801512,66.99520351419203
34,81.02503789920237,66.99651010799681
34,81.02168616272391,67.0069233231426
34,81.00935369237618,67.0001410503384
34,81.02368541474203,66.9917276474127
34,81.02005618759235,66.99371756775712
34,81.00655023698896,66.99428948365725
34,81.01913710879273,66.98821630244373
34,81.02810980036695,66.99700774348867
34,81.02916083578046,66.98636825879647
34,81.00817539457954,66.99955414294787
34,81.02196847731236,66.9924296144362
34,81.0113655002657,66.99055055099767
34,81.0209810486174,67.00333882483764
34,81.01720767603211,66.9877380162266
34,81.0210526430112,66.98941896756376
34,81.02618158646158,67.00185957880525
34,81.01588242202857,66.99059527108606
34,81.0152656519822,66.9908508340511
34,81.01904775613362,66.98310356361172
34,81.03237491741706,66.99753531942522
34,81.01033570909857,66.98687625026493
34,81.02330018924786,66.99467911342299
34,81.02063714524297,67.0062734013599
34,81.01550013292848,66.9931131709398
34,81.01857211827699,66.98175951138361
34,81.00904673986436,67.00655984839992
34,81.02162619428954,66.9898975289624
34,81.01199689356102,66.99397059862952
34,81.02065793729825,66.98965504151892
34,81.00977199390718,67.00074670118634
34,81.0147802518486,67.00834696148948
34,81.02929275769384,67.00174176682434
34,81.02246356143439,67.0100024418421
34,81.02602944036477,66.99962603629754
34,81.01199689356102,66.99397059862952
34,81.03281351434636,66.99640912879217
34,81.01486046977354,66.9921008459941
34,81.01761101866664,67.00592646956632
34,81.01561176961714,66.99189651485759
34,81.02171086877286,66.98834929039458
34,81.01523356729335,67.00900925139499
34,81.0321385597672,67.00126825498545
34,81.00921993602472,66.9844813287931
34,81.01876793311578,67.00104446518789
34,81.0292048707166,67.00780420070078
34,81.01937912265132,67.00488908327983
34,81.02569984102328,67.00702403103348
34,81.02481903456345,67.00098150658405
34,81.01238051832382,66.99630654403066
34,81.02255928537959,66.99147408446241
34,81.01612158003034,67.0027173689197
34,81.0180813140047,67.00519269059662
34,81.0142208370572,66.9902480194781
34,81.02652950362841,67.00621611566602
34,81.0143732998402,66.9827744336097
34,81.01138637399683,66.99824497279461
34,81.02518246044205,66.98940705558402
34,81.02635752602984,66.99725093510469
34,81.02805116454488,66.99371899474036
34,81.01919402545194,67.00464841100477
34,81.01576971701155,66.9924294639772
34,81.02405747551946,66.99649852485899
34,81.022706288876,66.98302529671683
34,81.01374591098516,67.00276451872908
34,81.0177176259323,67.00889997529315
34,81.01681913424753,66.98843275682819
34,81.01483486995345,67.00320137130139
35,81.02897836126175,66.99416004946133
35,81.03355388921388,66.9946119867603
35,81.0166914834149,66.98648965492849
35,81.00855187175563,67.00220603769495
35,81.03183889068804,66.99809599467204
35,81.0270895447202,66.99970169896528
35,81.01019051248856,66.98966106252976
35,81.00899311352916,66.98650297513107
35,81.03058861105636,67.00271961658585
35,81.01756360923861,66.98692948530352
35,81.02341963483877,67.00622005648559
35,81.03416530502108,66.99437922605878
35,81.01654289473404,66.99444060771873
35,81.02909989163376,66.99154750323508
35,81.02982681242894,66.98798626432043
35,81.01483775241567,66.99920276940729
35,81.00847053376188,66.99678420436125
35,81.0133137446855,67.00688694538486
35,81.0266108458567,67.00233387696277
35,81.00746571292214,66.99513182805548
35,81.02246757191743,67.00332542880969
35,81.01905015656835,66.99165517839718
35,81.01417860662973,66.98479500349552
35,81.00943156074004,67.0058740788471
35,81.01212857705023,66.99309318149253
35,81.02408232648922,66.99562151779729
35,81.03135092708699,66.9984535820222
35,81.02684051738159,66.99339945898656
35,81.02436162555318,67.00531396418793
35,81.0081894192408,67.0007482768119
35,81.01936678571923,66.9852257998495
35,81.00868195138574,66.98849916037716
35,81.02180587575931,66.98976922929245
35,81.00664388001263,67.00002020675956
35,81.0095974047858,67.00028634401782
35,81.02668930637896,66.99160442900889
35,81.03174417673189,66.99321459765488
35,81.02365444853307,66.98397275056415
35,81.00992212316174,66.98384079437962
35,81.00406873470713,67.00074028145755
35,81.02136997019507,67.00980437179912
35,81.02966920242454,66.99851513941968
35,81.00781217630265,66.99553532503398
35,81.019593049924,66.99133682118347
35,81.03286002247279,67.00184083318452
35,81.02154009087425,66.9934386839736
35,81.02200403610212,67.0033081603252
35,81.03180819678956,66.99977541195044
35,81.01527732712302,66.99660935345777
35,81.02517242540942,66.99455722048884
35,81.02441697788043,66.99657147163039
35,81.0182803928352,67.01027000105857
35,81.01912186609084,66.9892982209043
35,81.02561891870964,67.00030843600474
35,81.00503771435098,66.98908445349706
35,81.02855318479166,66.99976823631982
35,81.00933309044767,67.00828865125868
35,81.03071916584817,67.00122967563603
35,81.01563382471193,67.00091768162093
35,81.0328060533271,66.99366579578283
35,81.01498387595711,67.00519861373583
35,81.01598211003352,66.99428398974116
36,81.02775644786794,66.99394079862995
36,81.01747398741477,67.00954196363382
36,81.0134499031309,66.98833743757797
36,81.02245008599483,66.99447072819142
36,81.02767966052262,67.006366279916
36,81.02180587575931,66.98976922929245
36,81.0151868114007,66.98878387718509
36,81.02188241346141,66.98679467365663
36,81.01615904446712,66.99003186722335
36,81.02075876613623,67.00052537820685
36,81.00901767071768,66.9874399101775
36,81.01890589632221,67.00281608501338
36,81.01409579096435,67.00724513513549
36,81.02138759383168,66.99636207614188
36,81.00768248941685,66.99750940247314
36,81.01505146286264,66.99303510110485
36,81.0107687531355,66.99013179961996
36,81.02869097669605,66.98422191892321
36,81.01756060681184,66.99941444525845
36,81.03028023665729,66.99189956970244
36,81.02664248340791,66.98708004684421
36,81.0207821092245,66.98560610527369
36,81.02125346428966,66.98641266678948
36,81.01754061752504,66.98894843051208
36,81.02521035085577,67.00550962474581
36,81.02339908083223,66.98590420562213
36,81.02563795522512,66.99671564722226
36,81.014164831911,67.00316322222686
36,81.03437981478434,66.99716670444141
36,81.0279656850604,67.00436907771103
36,81.02179152486819,66.99128875049703
36,81.00400588954476,66.9963808576724
36,81.02739399811243,66.98691202164983
36,81.03026541551976,66.998431107321
36,81.02294250616394,67.00294862379967
36,81.02292385173503,66.98438866169093
36,81.01535509492895,66.99919871818162
36,81.0142220782961,66.9926554764238
36,81.02275128712718,67.00832914377604
36,81.02479791027679,66.98261349800903
36,81.00886144823124,66.9966564584627
36,81.00848774899912,66.99910006589911
36,81.01609657851213,67.00870977979463
36,81.02703663664145,66.98262436834655
36,81.01525019361092,67.00079228612289
36,81.02078794730994,67.00489119050422
36,81.0127654194663,66.99979271890102
36,81.01396673529348,66.99387833484704
36,81.02273932691683,66.98366305217202
36,81.02451354673397,66.99515122384939
36,81.02821199511533,66.98939152188431
36,81.02201716958375,67.00164970705669
36,81.01508002296939,67.00498840258625
36,81.02331236975547,67.00417197124034
36,81.02140781567488,67.01046964653926
36,81.00978800536684,67.00193440763978
36,81.03351506693924,66.9955408176706
36,81.0175128261858,66.99226427322004
36,81.02281820434682,66.99733518085087
36,81.02205364910662,67.0023855381944
36,81.01544989558894,66.99813356251852
36,81.02984604599509,66.98917254853757
36,81.01213188820863,66.99512954137094
36,81.00793482693908,66.99284643675239
36,81.02792087951129,67.00323472853974
36,81.02007355969994,67.00471151703431
36,81.01672125258276,67.0049110522136
36,81.0311160892562,67.00458204215708
36,81.02239792427234,66.9806768933096
36,81.0305322710414,66.98873743399997
36,81.02540641894572,67.00880481820181
36,81.03240901249812,66.99973611817524
36,81.02933689911586,66.99290656393057
36,81.01470862003858,66.98386381720961
36,81.02335418254279,66.992775192678
36,81.02892514383129,66.99801377428864
36,81.01018475229482,66.99555584649364
36,81.02914523395631,66.99021956174488
36,81.00448142581769,66.98999083556083
36,81.0185895404642,66.99367991281326
36,81.01426906664288,66.98863364420595
36,81.02700956914501,66.9891392529138
36,81.01975936473993,66.98776109379342
36,81.01212879920904,66.98762778111795
36,81.02596548565234,67.00571804212234
36,81.02582793598702,66.98178815837886
36,81.02034897890393,66.99341115880962
36,81.01818033416028,66.99002915448023
36,81.01522971905554,67.00695181417105
36,81.02732784849536,67.00439716126556
36,81.02872233469421,67.00415401479431
36,81.02952698071972,67.00426707382694
37,81.0063241754531,66.98495412385721
37,81.00138215232859,67.00067432506485
37,81.01882465504477,67.00680291910159
37,81.0086697804598,66.98601336744497
37,81.01807263356125,67.0005352264882
37,81.01655713811819,66.99237434856732
37,81.0032661014592,66.9968334939956
37,81.01681913424753,66.98843275682819
37,81.00049357028502,67.00325770086037
37,81.00036761739098,67.00051329969652
37,81.01742969050571,66.98903960405583
37,81.02005618759235,66.99371756775712
37,81.01978829383889,66.9871750498277
37,81.00357467458092,66.9821345024895
37,81.01703181889205,66.99062468347822
37,81.00686166239501,67.00084805848047
37,81.01351468461979,67.0062156143156
37,81.01302739583625,67.00878047336026
37,81.0154246893821,66.99514836798295
37,81.01002248423015,66.99615635383068
37,81.00046186016118,67.0023212718216
37,81.01327208127961,66.98889468791333
37,81.0180813140047,67.00519269059662
37,81.01906591532556,66.99832290251065
37,81.01730824359896,66.98242777281584
37,81.00483605314342,66.99117442654169
37,81.02547664706486,66.98723994862527
37,81.01227864505557,66.98996053862919
37,81.00193024989083,66.98698284511883
37,81.01364396768152,66.98149330787741
37,81.01716444779748,66.98258185676261
37,81.02134876862296,67.00244450009534
37,81.0121284200735,66.98257123198083
37,81.00145494814218,66.99727232619229
37,81.01689616694713,66.98789100109218
37,81.02246757191743,67.00332542880969
37,81.00534110396349,66.9862862544723
37,81.00625218266129,66.99054076124858
37,81.00798785000839,67.00833243618456
37,81.01249686571298,66.98921877274883
37,81.00613043266158,66.99588753992967
37,81.00864350383759,66.98854264896478
37,81.01673651884896,66.99900394085562
37,81.0070859982323,66.98489391290244
37,81.00654791656795,67.000610326843
37,81.0089420335261,66.99160065607724
37,81.01200901672043,67.00110612458083
37,81.00088426338807,67.00459008023388
37,81.00739816899745,66.99016886761547
37,80.99992319204533,66.99134292159232
37,81.01906927945393,66.9952054398805
37,81.01327428042653,66.97954578929367
37,81.00706426048626,67.00189937437602
37,81.01985399388681,67.00004800622096
37,81.0082299299048,66.98801537118742
37,81.01590074416497,66.99231645025296
37,80.9962256978126,66.99473598532413
37,81.0015430805234,66.99366608152133
37,81.00626667520243,67.00358947313745
37,81.01772036536225,66.99342106948671
37,81.01478680536106,66.98506761376633
39,81.00629604675719,66.98947054883875
39,81.02547664706486,66.98723994862527
39,81.0260423699447,67.00946170801355
39,81.01235113501512,66.9824159959299
39,81.00441169886966,67.00056297513541
39,81.0225731099954,66.99358051752486
39,81.0161881959904,67.00488553149154
39,81.03124894436753,66.99082264055109
39,81.01569148485864,66.99718514798377
39,81.00942881900211,66.98488903250788
39,81.02265020737845,67.00427218487513
39,81.02436162555318,67.00531396418793
39,81.02407029469502,67.00526922426641
39,81.02366922028206,66.99752112115931
39,81.01714080350793,67.00633177659645
39,81.01986261274307,66.98203491185143
39,81.00626667520243,67.00358947313745
39,81.02072199962426,66.99964385185558
39,81.02380805141152,67.0056957061047
39,81.03025015727884,66.9958518120011
39,81.02168616272391,67.0069233231426
39,81.00987648109103,67.00215871274307
39,81.0124641279316,66.99607046558864
39,81.02524896277703,67.00143338019224
39,81.02331236975547,67.00417197124034
39,81.02524861554723,67.00188168952236
39,81.01581414074126,67.00629524138812
39,81.02265552330562,66.99746703323578
39,81.0164935711881,66.99883104188902
39,81.02166263431184,66.98789110022327
40,80.98124153425424,67.00206977897778
40,80.99211417150934,66.99414242815914
40,80.97755219197325,67.00678849520041
40,80.9828321999144,67.00088147005346
40,80.99573276510958,66.98782297940876
40,80.99793303087382,66.98796227014822
40,81.00456382310232,67.00559004454577
40,80.99105551795297,66.99854606824788
40,81.00304604404563,67.00155343006826
40,80.98912417383903,66.99173724546402
40,80.98252073102393,67.01235291057505
40,81.0043240331881,67.00279167419949
40,80.97978848831315,67.00409291146255
40,80.99247313428367,66.99551485764242
40,80.98530840791557,67.00600036642186
40,81.00101973681959,66.98998964752654
40,80.99932745284319,67.00876294952452
40,80.9984815361765,66.99289158800613
40,80.9978921553458,67.00353975470628
40,80.98652500765701,66.9879596113324
40,80.9935232718335,67.00826701279811
40,80.99993611682221,67.00061677215628
40,80.97828442106298,67.00544775032559
40,80.98822448896802,67.01695814350235
40,80.99944458295063,67.01415098883483
40,80.98574828298358,67.01147804705717
40,80.98977265558881,67.00011680285971
40,80.99306208153014,66.99339132676687
40,80.98030327527138,66.99221452348047
40,81.00114482112775,67.00175867351953
40,80.99771970451424,66.99334476726573
40,81.00127268078057,66.99139847766837
40,80.98820737140423,67.00074905138521
40,80.98716694129148,67.00503933293504
40,81.006597683925,66.99853481139901
40,80.99240590386997,66.99816461503038
40,81.000528741181,66.99772682350354
40,80.98039483928872,66.997793848915
40,80.99545308707575,67.00242030054163
40,81.00393803135499,67.00865091840434
40,80.97895379922952,67.00919494491143
40,80.99886530029143,66.99063129948937
40,80.98174318298932,67.01428422886757
40,80.98319280907161,66.99082653654682
40,80.99869737852204,66.99733303729572
40,80.9902459975188,67.00654664451658
40,81.00499021330644,67.00442466929645
40,80.97832533685053,67.00644558297017
40,80.99195994767459,67.01296783053189
40,80.99377689257996,67.00909046987942
40,80.98323352055162,66.9962703393233
40,80.9781247450664,67.00228473135749
40,80.98383903762198,66.99268027065546
40,80.99460675250197,67.01721657000832
40,80.99462389899927,67.0136184937364
40,80.98316487157041,67.0118990902399
40,80.9964737649795,67.0049036135007
40,81.00144224791607,66.9900536442509
40,80.98192221898036,66.99656632044034
40,80.98319217138119,67.00608351742315
40,80.99141283035057,67.00095568121301
40,80.99512937458924,66.99191896213243
40,80.99328591331384,67.00693377140573
40,81.00398634936704,67.00140686062115
40,80.98732602412072,66.99266061234049
40,80.99144266153611,67.01205329014076
40,80.99063060012136,67.00777202713601
40,80.98977861103614,66.99975884189237
40,80.98508648975447,67.00164751264269
40,80.97625669388582,67.00402567802153
40,81.00615535499534,67.00370888279235
40,80.97868203336047,67.00749632103198
40,80.99333603250837,67.003092590231
40,80.98903523947772,67.01041044929433
40,80.99199601018773,67.0034405316813
40,81.00180146367431,66.99891448078988
40,80.97900371543928,67.00451060646465
40,81.00215264961975,67.00901979994268
40,80.98900989172292,66.99855929860738
40,80.99216375326007,66.99400386962861
40,80.98021142298063,66.99723894824983
40,81.0045926641837,67.00254347066449
40,80.98720787002279,66.99715433293711
40,81.00380103604253,66.99709903374497
41,81.01738187354944,67.00413058909177
41,81.01590074416497,66.99231645025296
41,81.00477955711193,66.99769925519811
41,81.02620559581632,66.99524312741413
41,81.00734272980549,66.99769164735262
41,80.99731721240995,66.9885697221022
41,81.01096310312792,66.98613332842146
41,81.00173799456404,66.99126869712713
41,81.00873805996241,66.99268983431041
41,81.00204245838952,67.00029933625977
41,81.00230459980071,66.99052252581767
41,81.020858093053,66.98304303521063
41,81.00429424091992,66.98435461269247
41,81.0096260555164,66.99380089072862
41,81.01573171476257,67.00081717151834
41,81.01708569324019,66.99672457267913
41,81.02350390436882,66.98470586306772
41,81.00691596350767,66.99793469984013
41,81.0222280044166,66.99343264497315
41,81.00562919808714,66.99201556318445
41,81.00593621215893,66.99416737480483
41,80.99528712252841,66.99319554430944
41,81.00567066257301,67.00503804878738
41,81.00917427314762,66.9813147463155
41,80.9986227219894,67.0021707527243
41,81.01293076492173,66.982170633834
41,81.0095642031261,66.98268182912719
41,81.01942327080484,66.99743132704478
41,81.01148847262503,67.00187806887298
41,81.02323671968736,66.99625468126361
41,81.0154737538874,66.99396885259752
41,81.01123919293806,66.99095789862194
41,81.00458956551495,67.00056300479568
41,81.00826097178732,66.99223072559535
41,81.0050770036503,66.98725810365842
41,81.01050257920066,67.00061642578274
41,81.0253048140914,66.99770537481987
41,81.00999718625084,66.98630904488915
41,81.01576971701155,66.9924294639772
41,81.01668271777643,67.0013275438622
41,81.02021927131632,66.99855834955702
41,80.99734884712952,67.00111679391405
41,81.00067316687108,66.99207733049258
41,81.0111088280386,67.0035993081694
41,81.00122775112406,66.99017334707322
41,81.00247189290475,67.00084563573039
41,81.02265552330562,66.99746703323578
41,81.00210240978949,66.99125654539634
41,80.9959505928268,66.99785281884148
41,81.01864432338716,66.98637898198957
41,81.00422044159683,66.99230801602017
41,81.00981370850758,66.99838591103189
41,81.01324808256899,66.99885050443652
41,81.01001264047112,66.98785003124814
41,81.02292385173503,66.98438866169093
41,81.02034113819566,66.9843457185892
41,81.0066009411541,67.00439483039295
41,81.02112730202232,66.98311121605795
41,81.0200763194914,66.9948255764433
41,81.02071993263472,67.00320289245029
43,80.98437962446077,66.99575745295446
43,80.98946127490255,67.01397603606817
43,80.98131200617999,67.00256989816053
43,80.992471249441,67.01580128879364
43,80.99918851082143,66.99698862623134
43,80.98293164231389,67.00296295206167
43,80.98972395423412,66.99179323692388
43,80.9854568498144,66.99465474891036
43,80.98748772870327,67.00910513751529
43,80.98705693458743,66.99274364651323
43,80.99178568320616,67.01201612201031
43,81.00311157574039,67.01310401268069
43,80.99103267146968,66.99635277002321
43,81.00180146367431,66.99891448078988
43,80.98682839381568,66.99009051878724
43,80.9918231681476,66.99900916199576
43,80.98760032966868,66.9955107356225
43,81.00004840511619,66.99151186213504
43,80.99639826623577,66.99240322535825
43,81.00302081886706,67.00897146184178
43,80.98661850452498,67.01192756532252
43,80.99043637457612,67.00086808576482
43,81.00123322852502,67.00853139563378
43,80.99469331710989,66.99945296420125
43,81.00424144108726,67.0094489183116
43,80.97662511923255,67.00328380864413
43,80.99669013982226,67.00078892096955
43,80.99622197272133,67.0043456044689
43,80.99906377077264,67.00213635989034
43,80.98019398330977,66.99263717945004
43,80.99500595688501,67.00337084419107
43,80.99535716937577,67.01388906529262
43,81.00484565186922,67.00355533056783
43,80.97962721110343,66.99342814952723
43,80.99028593490357,66.99523132319818
43,80.98981938172489,67.00844299243796
43,80.99542966611574,67.01266338359017
43,81.00306500267277,67.01007589427158
43,80.98594949635387,66.99883183458364
43,80.98150435658458,66.99858070906934
43,81.00686166239501,67.00084805848047
43,81.00280118385577,67.00699931160918
43,80.99459130098803,67.0050655601017
43,81.00263456516505,66.99687626612351
43,81.00456382310232,67.00559004454577
43,81.00385592822846,66.99316252867771
43,80.99443762520816,67.01364794648413
43,80.98431295395193,67.00711359271956
43,80.98768331283556,67.0144834738019
43,81.00477955711193,66.99769925519811
43,80.98939393593257,67.0039258069529
43,81.00402735548144,67.00715973489727
43,81.00206716724406,67.0026260023442
43,80.98569771971626,66.99858248420185
43,81.00175380428222,67.01261664643165
43,80.99239393234431,67.00363128630885
43,81.00142239515873,67.00833085563764
43,80.98056015979738,66.99310337529343
44,80.99977132887125,66.99799516298361
44,80.98663412094108,67.00596987919243
44,80.98548052894633,67.01259136819685
44,80.98002402678225,67.00802207492266
44,80.98425605941935,66.990725326396
44,80.98386745649124,66.99026461038326
44,80.98242514783874,66.99598581755497
44,80.98569963002963,67.00187378671917
44,80.98398328792422,67.00606410257372
44,80.99309812770167,66.99809449537264
44,80.99886530029143,66.99063129948937
44,80.9981843099151,67.00191080391521
44,80.99055680503528,67.00112962344713
44,80.9915527156256,66.98806396778231
44,80.98670886175094,67.01371449103804
44,80.98368202175915,66.99840495766051
44,80.99886674439175,67.00287025965717
44,80.9958915318322,67.01041569384809
44,80.98379479207142,66.99398735338914
44,80.98197020055748,67.01082948195437
44,80.97832533685053,67.00644558297017
44,80.9821682530501,66.99758998745486
44,80.99134868011745,66.98922084908796
44,80.9799552765861,66.99982379940538
44,80.98571041167074,67.00828460875371
44,80.98430849394119,67.01057086728326
44,81.00189880059412,66.99412783674066
44,80.9867469709383,67.00769948407135
44,80.9907299746069,67.01559650364788
44,80.99526608865371,67.0101366790236
44,80.98326943584263,67.01031857322597
44,80.97806748727163,67.0057881590526
44,80.99359986690513,66.99913269836911
44,80.99574605062114,66.98759523671819
44,80.99435870278714,67.00984082445193
44,80.99782553864235,67.01244619123283
44,80.99246095168004,66.99136050683343
44,80.9937674913416,66.9949541368426
44,80.99383073633331,67.01344627573474
44,80.9789815472652,67.00326077738927
44,80.99307498622485,67.00248989813227
44,80.99798919388411,67.01554969180987
44,80.98205564052783,66.99016687965087
44,80.99361407455613,66.99754857725401
44,80.99477478427404,67.01454938376266
44,80.99892006633918,67.01278792635362
44,80.98574076500252,66.99613590540955
44,80.98615445320065,67.00553624737424
44,81.00486991063966,66.9965258370688
44,80.99313244059701,67.00547818038976
44,80.9822703643274,67.00180788590355
44,80.99120717772773,67.01167666171433
44,80.98878338940645,66.99380961975962
44,80.9990979059066,66.99960870585357
44,80.99602807803306,67.00762297547682
44,80.97826413108969,66.99575111319416
44,81.00384587850277,67.00064333695038
44,80.98477417423065,67.00925288650502
44,80.99488070199332,67.00720190553463
44,81.00219056518333,66.99210903860248
44,80.99263881717025,67.01447654154954
44,80.98031858220243,67.00933030792586
44,80.98908927570697,67.00155321473541
44,80.99347467318957,67.00222656524565
44,80.98323352055162,66.9962703393233
44,80.97932190972791,66.99634901793755
44,80.98905745993397,66.9949939643006
44,80.99499607008069,67.00396563243922
44,80.97917196293422,66.9959043024908
44,80.98394049989778,66.99785663811313
44,80.99761988301377,67.00107766033858
44,80.97969144400365,67.00752718817097
44,80.99959058091218,67.00132599277275
44,80.98615965379904,67.00320752305659
44,80.98508799625725,66.98826728355307
44,80.99647194588597,66.98787589029214
44,80.97794152790745,67.00210218791716
44,80.98276643617399,66.99118757996642
44,80.9938384673402,66.9989774215762
45,80.9989749843714,67.00249844186129
45,80.97956564564012,66.9975392231518
45,80.9859404867664,66.99440486800712
45,80.98396325555218,66.9899393830983
45,80.99410130463558,67.00509713340055
45,80.99487502058686,67.01492187950758
45,81.00023241061936,67.01408486608752
45,80.98352633659803,67.00349763293966
45,80.99027114162324,67.00232643472107
45,80.98732602412072,66.99266061234049
45,80.97712164034708,67.00037082856652
45,80.98386996441889,67.00975351201454
45,80.98906492325612,66.98744786675788
45,80.97978848831315,67.00409291146255
45,80.98124702429658,67.00572192261325
45,80.9821784615039,66.9973657875315
45,80.99827321657162,67.00829867609049
45,80.98678285073827,66.99852406620688
45,80.99163761185751,66.98926076576096
45,80.99662722890133,66.99140768196436
45,80.98867841852783,67.01308297143231
45,80.98544428373785,67.0064127679648
45,80.99760142801085,67.00048873287653
45,81.00141567144246,67.00276391765196
45,81.0011413582486,66.99694494532703
45,80.99089096529164,67.01326360222616
45,81.00424683977796,67.00652889091766
45,80.99333603250837,67.003092590231
45,80.99703429298503,66.99321401388927
45,80.98681752538728,66.99276656960872
45,80.98738733330408,67.01149565591574
45,80.9907299746069,67.01559650364788
45,80.9948318506525,67.00905412924632
45,80.99747926755123,67.01264195363977
45,80.99783282415942,67.01365987582176
45,80.97900371543928,67.00451060646465
45,80.98013491976847,66.99429778730877
45,80.98605483159385,67.01636622585029
45,80.99850310791979,67.00283589617676
45,80.98465484486744,66.99035255074453
45,80.99190675954921,67.00683018106795
45,80.99750475872982,67.00870723665284
45,80.99851561227709,66.9988377347026
45,80.97806748727163,67.0057881590526
45,80.97859663319271,66.99949471571921
45,80.97935026873152,67.0027729662552
45,80.98669178310054,67.00728225394113
45,80.99987287109043,66.99038000204561
45,80.99002521017522,66.99817931840694
45,80.97932190972791,66.99634901793755
45,80.98605034971193,66.9938037617459
45,80.98619010990483,67.00711554266938
45,80.9864484127237,67.00508754179168
45,80.98164939125513,67.00142375812824
45,80.99207848284308,67.00983389582234
45,80.99060003484722,66.99759953656549
45,80.98135507563566,66.99720830659686
45,80.99677017314434,67.00072059822615
45,80.99421575939559,67.00903788212071
45,80.99914402028003,66.99202871468816
45,80.99527370892392,66.99407991520346
45,80.99640122775936,67.00580818974902
45,80.99036064579053,66.99963472764077
45,81.00180146367431,66.99891448078988
45,80.9933260983028,67.00133847180693
45,80.9927973539739,66.99784145490354
45,81.0035933799099,66.99986897318338
45,80.99515262511956,66.99987545126007
45,80.99254862545388,67.01005143213762
45,80.99105845649295,67.00539430743753
45,80.99658536965059,67.0025840821351
45,81.00393803135499,67.00865091840434
45,80.99199637924455,67.00377634644211
45,80.99369702080979,67.01357586627267
45,80.98510014738184,66.9996755205328
45,80.98365280598581,67.00498180916534
45,81.00215260805467,66.99133282257968
45,80.98079057372016,67.00199647155202
45,80.98976138740002,67.0175046228084
45,80.9848472712722,66.99083173477673
45,80.98523252001782,67.01324489288717
45,80.9839748542955,66.99996461293041
45,80.99058341833982,67.0122205039949
45,81.00348366914292,67.00716999171678
45,80.99734107594006,66.99825462652971
45,81.00280118385577,67.00699931160918
45,80.97904733768735,66.99834736669813
45,80.99195961310696,66.99277646810535
45,80.99358573524039,67.0072595356792
45,80.98293164231389,67.00296295206167
45,80.98905745993397,66.9949939643006
45,80.98879418027644,66.99858047992981
45,80.993591112532,67.00118608787655
45,80.99487502058686,67.01492187950758
46,80.98457807765689,67.00472858591232
46,80.99462126943304,66.9923999143139
46,80.98900989172292,66.99855929860738
46,81.0030204457626,66.99700519715047
46,80.99068273472207,66.98931149973495
46,80.99310064967504,66.99005920359477
46,80.99359986690513,66.99913269836911
46,80.9931298658269,66.9939250308484
46,80.99431939130737,66.99891435370427
46,80.99601275696439,67.01155853952943
46,80.98759623538986,67.00849832954434
46,80.9875576215535,67.01520597637688
46,80.99591667564712,67.01583818457769
46,80.98969963211407,67.0003572443787
46,80.99745090443926,66.99587674159325
46,80.97895471422764,66.99650153925329
46,80.98038844569031,67.00131754785943
46,80.99293615583844,67.00658331424144
46,81.00305438899429,66.99615562675373
46,80.99468790422709,67.0147764507612
46,80.98333466200776,66.99627412606527
46,80.97678916396036,66.99780898947857
46,80.98525290690715,66.9938781233788
46,80.99007194670159,67.00298016171244
46,80.99798351632766,66.98993820900489
46,81.00452676845273,66.99421928599888
46,80.99141283035057,67.00095568121301
46,80.98521678376531,67.01437718398287
46,81.00030793337167,67.00230563786596
46,80.98493120478308,67.01236041680598
46,80.98245137687871,67.0131112757045
46,80.99925176248303,66.99331934194755
46,80.99361288425705,66.9994084602766
46,80.98857430021536,66.99346808067735
46,80.99559616194827,66.99065202176816
46,80.98229685588127,67.00171308103545
46,80.9854568498144,66.99465474891036
46,80.992960978631,66.98757149055356
46,81.0050398602954,67.00532820159357
46,80.98465028322934,66.99158856328029
46,80.99968168378129,66.98918021873784
46,80.98359485315686,66.99723584192672
46,80.98019398330977,66.99263717945004
46,80.99214211033559,67.01606243552888
46,80.98959640157395,67.01384460318123
46,81.00196723932044,67.00797378500539
46,81.00384378308054,67.00475687509787
46,80.99707602203901,66.98873389847444
46,80.98905745993397,66.9949939643006
46,80.98441198295293,67.00167388976563
46,80.98398328792422,67.00606410257372
46,80.99151732741085,67.00693134113943
46,80.99103257227469,66.99404282939174
46,81.00330561421691,67.0069493428637
46,80.9982087277549,67.00810817985369
47,80.98744717611682,67.00433469520245
47,80.98606554707251,66.99487273523896
47,80.98885967793301,67.00427166577137
47,81.00118962449432,66.9968073186259
47,80.98939527512916,66.9937390079178
47,80.99055832528558,66.98990780754193
47,80.99042242127193,67.01759133627462
47,80.99993341980387,67.00403169254267
47,81.00328633890314,67.00068016886667
47,80.99027713327243,67.00978180746911
47,80.99212289766635,67.0129240918758
47,80.98612696153069,66.99762554921726
47,80.98069154648427,67.0035598554325
47,81.00384378308054,67.00475687509787
47,80.99300151372961,67.01010157430939
47,80.99000875977342,67.00976623565572
47,80.98871396806695,66.9930194279584
47,80.99636673217908,67.01328875425149
47,80.99011620750561,67.016631632611
47,81.0043794152502,66.99407276887118
47,80.9958915318322,67.01041569384809
47,80.98794104330086,66.98946185990555
47,80.98210923137138,66.99513886078931
47,80.99917800924634,67.00446020741587
47,80.98340463709766,67.00949875684165
47,80.99202114206065,66.99951748080461
47,80.98908927570697,67.00155321473541
47,80.9902372817371,67.00048138201677
47,80.98495965705017,67.0041467266177
47,80.99491884982586,67.00258623885048
47,80.98259709616578,67.00957135594497
47,80.98069766046252,67.00328167120826
47,80.99584713937548,67.01046676973964
47,81.00472446430615,67.00970744014843
47,80.99137477878575,67.01013985871128
47,80.9792455974145,66.99751801977682
47,80.98676591602468,67.00055229604264
47,80.99018565779912,66.99413353958808
47,81.00411653751287,66.99615206239224
47,81.00251779119537,67.00123893111311
47,80.9864484127237,67.00508754179168
47,80.99120684542599,66.99893690357094
47,81.00068882192122,66.99279698379007
47,80.99569794607234,66.99380667340854
47,80.98615791985577,67.00627323632499
47,80.98076341030583,66.99489104502963
47,81.00361173760908,67.00224963372153
47,80.98012206656253,66.99850524488774
47,80.9915078019199,66.99479284917402
47,81.00306500267277,67.01007589427158
47,80.98878114439614,67.00608371933058
47,80.98662975364448,67.00672431792252
47,80.99479486145192,66.99641292493656
47,80.98267642418652,66.9972289054714
47,80.98712761500698,66.9984880105858
47,80.9909919595824,67.00506021327139
47,80.9799552765861,66.99982379940538
47,80.99963879802917,66.99753444469998
47,80.98400948579128,67.01494744771828
47,81.00239632431176,67.00767476563212
47,80.99865724816253,67.00070154401138
47,80.98807973000535,67.00726930640208
47,80.99591075169558,67.00368287419295
47,81.00527856084757,67.00630719622046
47,80.993145633026,66.99545438015939
47,81.00391042411835,66.9989594505498
47,80.98075676105618,66.99964167090081
47,80.98894931862291,66.99692450035197
47,81.00197906619415,66.99171926955768
47,81.00333532064673,67.00958225744715
47,80.98921274657792,66.9878695276539
47,80.97781676488533,66.99700542236741
47,80.99533362743237,67.00721005225941
47,81.00366531716068,67.00856216566474
47,80.9992693912039,67.00070823568083
47,80.98376236222299,67.01091926917539
47,80.98239657391493,66.99685300728304
47,80.98452823794197,67.0028027583416
47,81.00187702458764,67.00150302812126
47,80.98688927891543,67.01335767496053
47,80.99937448598963,66.994606029874
47,80.9841371534075,67.00669441886377
47,80.99335368154583,67.01141927789493
47,80.99698484856863,67.01141635885853
47,80.98968566039932,67.00742407167797
47,80.99376482790075,67.00931671561749
47,80.99425687784226,67.00840649493298
47,80.99694539660301,67.00193410655505
47,81.0008392026219,67.0051171905138
47,80.99181394595146,67.00482468413418
47,80.99938360185145,67.01273544569221
47,80.99135233099408,67.0050076869394
47,80.99727804749779,66.99961027385957
47,80.99123904897664,67.0051922410292
47,80.98215132042769,66.99514293521425
47,80.9839221184506,67.01203894923148
47,80.99143860605464,66.9987676298177
47,80.99086173701856,67.00947485951303
47,80.99752849886211,66.98934647632045
47,81.00653178320529,66.99724101768788
47,80.98759559595406,67.00959124793012
47,80.99208462529135,66.98880483990787
47,80.98175774089944,67.00991891430837
47,80.995227625868,67.00606846964762
47,80.98706877995178,67.01554405636054
47,81.00041268776708,67.01535286456625
47,80.99321816089781,67.00284754960825
47,80.99339443633099,66.9954087224832
47,81.00354161747008,66.99415268826347
47,80.9797585649796,67.00924145956947
47,80.97764841052472,67.00663333824836
47,80.98854547621526,67.0157565112668
47,80.98159797583979,66.9916462465711
47,80.99036064579053,66.99963472764077
47,80.98968566039932,67.00742407167797
47,80.98312886924325,66.99295105560212
47,81.00622144103612,67.00251255844013
47,80.99763175362723,66.98962814342028
47,80.9963109558441,67.01398181554829
47,80.99666099273892,67.00060593501615
47,80.98130566078687,67.00679125000327
48,81.01869624933323,66.98173118211066
48,81.00377675000253,66.98488011308112
48,81.02050401917366,66.99973073793257
48,81.01898471123772,67.00240376263308
48,81.00855351105929,66.98955319513496
48,81.02087958604957,66.98120383808454
48,81.00983418395036,66.9921622736944
48,81.00341669508775,66.9975233263089
48,81.00596606159756,66.98972679355694
48,81.01869098124637,66.994113911381
48,81.02212362703708,66.99832945524815
48,81.00869429870696,66.98301082144864
48,81.01409579096435,67.00724513513549
48,81.02034113819566,66.9843457185892
48,81.0057246983583,66.97993591672476
48,80.99600844791712,66.99217224474748
48,81.02283126118448,67.00007455067983
48,81.00328020676753,66.98129041648356
48,81.01943907294591,66.99258307406006
48,81.01152966570217,66.98447597760857
48,80.99890315345047,66.98496491815999
48,81.01935020694154,66.99729932171113
48,81.00279972961634,66.98841064451928
48,81.0124188813738,67.00376319690365
48,81.01312651259185,66.99342613710893
48,81.01119090678152,66.9804629819447
48,81.00639752392776,66.98096331902666
48,81.01133527868708,66.99879654205299
48,81.02517242540942,66.99455722048884
48,81.00075476103702,66.98247578424117
48,81.00782877313836,66.98139728696424
48,81.0042270664925,66.99937025159473
48,81.00189880059412,66.99412783674066
48,81.00123734936464,66.98616137585913
48,81.01572928306939,66.99054763413316
48,81.0230594995852,66.9846022179889
48,80.99954821203566,67.00045539463221
48,81.00128716335611,66.98975698035586
48,81.01935020694154,66.99729932171113
48,81.01025997406754,67.0027146607993
48,81.00704335648845,67.00679336772002
48,81.02477463520916,66.98814199287233
48,81.01929359313095,67.0058686378899
48,81.01640557937907,66.98957591422464
48,80.99831237251072,66.98617701784043
48,81.00966830186914,66.99351174937362
48,81.01489214436316,66.99200702237067
48,81.01906591532556,66.99832290251065
48,81.00273306665142,66.99602077758531
48,81.01443555187548,66.99654500961249
48,81.003991154963,67.00196879771806
48,81.00934155789956,66.9971106963778
48,81.01395747152608,67.00750687167204
48,81.01936615341216,67.00140165108873
48,81.01128486592461,66.99548937065214
48,81.00187702458764,67.00150302812126
48,81.01293076492173,66.982170633834
48,81.00919147707847,66.99460618167925
48,81.02096519498856,67.0035360150054
48,81.01742604776786,67.00212544632308
48,81.02105571031159,66.99312625727231
48,81.00789991875281,66.99590882811904
48,81.01014690978816,66.98978580853928
48,81.02171526300052,66.99716679830684
48,81.00991389956931,67.00766379411743
48,80.99734107594006,66.99825462652971
48,81.0209282576692,66.99886848910907
48,81.02037525504447,66.98331639821075
48,81.01335844203582,66.99226870898637
49,80.99614729726916,67.0091907452907
49,80.98996601015668,67.00993183092774
49,80.99383400360918,67.01291559686894
49,81.00241763149265,66.99471374307582
49,80.99703011284124,67.00215888900138
49,80.98507329305062,67.00499271618794
49,80.9905175923015,67.00603573834928
49,81.00143593687956,67.00339413285421
49,81.00096531521864,67.00429909425456
49,80.99080508652635,67.00404839341003
49,80.99055134626958,66.9891008664919
49,80.98336375752096,66.9908462454077
49,80.99745010459635,67.01389000681174
49,80.97983769406976,67.00483822886063
49,81.00240398697382,67.00842458422133
49,81.00187790737228,67.0083434210176
49,81.00027174538957,67.00757457902812
49,80.98726687719989,67.00882651727996
49,80.994335857244,66.9890938260547
49,80.98562022599101,67.00931905849424
49,81.00118962449432,66.9968073186259
49,80.99119840497207,67.00664396610566
49,80.98056485524734,66.99771711402133
49,80.98974370128201,67.00504585925833
49,80.99947656485158,67.00352872288879
49,80.99447860463755,66.99605470369889
49,80.98685290974157,66.99911228216095
49,80.99216429828321,67.00324451391957
49,80.99622197272133,67.0043456044689
49,80.99638070155174,67.00243883200528
49,80.9812859869477,66.99992630597109
49,81.0022992915104,66.99545678486413
49,80.9946326059099,67.0157809278662
49,81.00251779119537,67.00123893111311
49,80.99395100661056,66.99279273688539
49,80.99925186366244,66.99490115551106
49,80.97832533685053,67.00644558297017
49,80.97735682717078,67.00503566570501
49,80.9822751743731,67.0133046112787
49,80.98462272815917,66.99923707308209
49,80.98926027525074,67.01416538423175
49,81.00362684146629,66.99380878194494
49,80.99364355356605,67.00794269690948
49,80.98862191537032,67.00395932841595
49,81.00091348679932,66.99598053717621
49,80.993918642282,67.0096015415509
49,81.00185942840372,67.00625092314871
49,81.00364386660038,67.00690609796321
49,80.98875106858434,66.99948177471482
49,81.00147711290212,67.0054664433311
49,80.98041928657716,66.99647976081934
49,80.99670239601582,67.01514345545499
49,80.99522852419582,66.99605188909935
49,80.97961217705533,66.99359400049778
49,80.99591966405289,67.0017750173947
49,80.99810196259749,67.00093103841995
49,80.99697334592672,67.00149833517607
49,80.99055134626958,66.9891008664919
49,80.9860677115058,67.01039673585713
49,80.99282158660462,67.01357260938931
49,80.99357659713381,66.99977641727894
49,80.99068733496381,67.00012196223817
49,80.99333603250837,67.003092590231
49,80.99971046867053,66.98987607465729
49,80.98782900464728,67.00265857330862
49,80.99184979059841,66.98806915914518
49,80.99225834028056,67.01755910965484
49,80.9987593955338,67.00980444798529
49,81.00196723932044,67.00797378500539
49,81.00563908415417,67.00650795470203
49,80.98947855964595,67.00382030992131
49,80.984002729836,67.00480280989152
49,80.99947343344598,67.00099646933262
49,80.99240590386997,66.99816461503038
49,80.97687669456286,66.99820285433943
49,80.98774687678218,66.99422144549503
49,80.98989952601627,66.98938731080843
49,81.00010395827263,67.01368974724829
49,80.99759748065891,67.00072829276708
49,80.99839139309071,66.99231289103261
49,80.99291514352497,67.01533374617217
49,80.9970952229465,66.99636747714823
49,80.9874797259876,66.99040871302516
49,80.98643158791408,66.99899546500242
49,80.97933612126884,67.00381852074288
49,80.99521455180594,66.9996280651687
49,80.9878923078369,66.99379339302499
49,80.99893541168328,67.00086702109769
50,80.99068774014206,67.00198768635124
50,80.98878114439614,67.00608371933058
50,81.00399523907083,66.99599656073762
50,80.99103878020966,66.9993615046074
50,80.99202238569552,66.99883198186669
50,80.98615965379904,67.00320752305659
50,81.00466512223244,67.00838376669275
50,80.99084702565929,67.01558932804015
50,80.99761988301377,67.00107766033858
50,80.99195961310696,66.99277646810535
50,81.00155127393906,67.00386481608314
50,80.99014304599548,66.99556738288969
50,80.99487548013258,67.01477958188295
50,80.98917230017442,67.01189721715377
50,80.98683848997524,66.99563483555707
50,80.99749153147793,67.0159338360889
50,81.00225377863752,67.0053148262533
50,80.98627329571914,66.99984442588341
50,81.00467414530063,67.00739734700603
50,80.99943302802727,66.99038439468939
50,80.98659715163596,67.00447741847732
50,80.99890037150786,67.00141149270097
50,80.98470139233982,67.00032890658618
50,81.00217427405029,66.99560123414318
50,80.99119840497207,67.00664396610566
50,80.99990642576468,66.99391731094953
50,80.97739132932998,66.99987980808743
50,80.98145898136241,67.01003536645891
50,80.99279724063578,66.99570440238695
50,80.99886406229056,67.00350655535937
50,80.99530121698966,67.01601194735098
50,81.00355822551342,67.01176889817752
50,81.00000085990983,67.01006799539886
50,80.99807189105623,66.99242617907524
50,80.98384021894734,66.99764010293505
50,80.97809294029396,67.00064598904162
50,80.99993611682221,67.00061677215628
50,80.99129044930237,67.00755987422019
50,80.98987193566343,67.00651491230008
50,81.0008392026219,67.0051171905138
50,80.99148048664946,67.00357485256522
50,80.98276723518237,66.99375385574395
50,80.97846705632075,66.99909024554071
50,80.98128785661581,66.99069220050532
50,80.98642341539815,66.99245247414376
50,80.99391841167893,66.99339265484285
50,81.00249772196258,67.00213123569272
50,80.98720787002279,66.99715433293711
50,80.97961683581053,67.00819235443491
50,80.98447001399283,66.9966733282065
50,80.99396802605244,66.9884001108264
50,80.98809475543081,67.01509975663508
50,80.9893399490906,67.00643307365655
50,80.98888911665914,67.0058672966567
50,80.99372630731202,67.00449316960304
50,80.99126134246599,66.9944391311892
50,81.00688724891829,67.00087153674279
50,80.99357659713381,66.99977641727894
50,80.99636485489538,67.01556510919643
50,80.99020292953973,66.98946129364238
50,80.99705727075637,66.99957762846336
50,81.00094135472915,67.0102046022469
50,80.99536947050507,66.99384445424695
50,80.98473609408309,67.00520651013653
50,81.00000375629027,66.99032263673764
50,80.98628655106698,66.98782465831032
50,81.00019066258821,67.00186564525553
50,81.00328633890314,67.00068016886667
50,81.00114797085024,67.00113853354509
50,80.99481061715154,67.0033990298745
50,81.00246556427604,67.01329595490787
50,80.98591864233661,67.00850145138014
50,80.99260473174733,66.99396611720388
50,80.98890643180962,67.01191921532023
50,81.00307019776449,67.00656319746058
50,80.98535018401329,66.99408926482145
50,80.99612750212104,67.00247278737724
50,81.00686166239501,67.00084805848047
50,80.99906660505776,66.99447239560763
50,80.99470835954845,67.00560586544636
50,81.0007292663526,67.01336288576296
50,80.9963109558441,67.01398181554829
50,81.00084633441213,66.99254883094736
50,80.99602946848589,66.99812337775126
50,80.98376282358387,67.00719801663926
50,80.98921830820748,66.9961561229488
50,80.9881281891225,67.00841147277734
50,80.97836372971454,67.00024908167376
50,80.9921477145792,67.00377729909708
50,80.9948109885465,67.01020513027406
50,80.99918851082143,66.99698862623134
50,80.98938167419224,67.0133391945277
50,80.98420498632201,66.98950441818046
50,81.00658382308764,66.99734378337814
52,81.0209706793909,66.98516132913107
52,81.00697061997586,66.98558076362828
52,81.008336261974,67.00655677631993
52,81.00389818592741,66.99566100899737
52,81.00841762511341,66.98147339688381
52,81.02621755395732,66.99154505785917
52,81.00200940228791,66.98904155756678
52,81.01364396768152,66.98149330787741
52,81.01281283698154,66.99947014178981
52,81.02456703983684,66.98808153112583
52,81.0033464485734,66.988042584982
52,81.01412941100776,66.98449601264632
52,81.01108358603526,66.98892651581261
52,81.0036801745354,66.98473984885538
52,81.00718640251202,66.9862859708185
52,81.02021927131632,66.99855834955702
52,81.00639658787749,66.99542942844066
52,81.00825183781461,66.98935496203185
52,81.02094085905182,67.0046203525397
52,81.02537429660944,66.99241449344409
52,81.00639658787749,66.99542942844066
52,81.0170246429313,67.00596573920029
52,81.00179981094372,66.99028392458635
52,81.02176752772739,66.99761207188855
52,81.02405991861666,66.98988164928653
52,81.01752124324915,66.98784022501009
52,81.01579091415773,67.00342020407618
52,81.0168956590634,66.97909144708714
52,80.99880695764945,66.9870602639233
52,81.00181920331617,66.98275419516543
52,81.01305960730937,67.00219233279955
52,81.01483095076658,66.99098083336489
52,81.0172742343679,67.00414647486527
52,81.02065783278738,67.00215663226508
52,81.00467414530063,67.00739734700603
52,81.0127460369442,66.9874537747109
52,81.02555254893464,66.99470086009126
52,81.01443687733638,66.99524419215638
52,81.00480965536867,67.00637986376206
52,81.01682542763336,67.00381819690483
52,81.00911629156387,66.99204345873218
52,81.00986722980798,66.9954304803509
52,81.01833322627179,66.98865801819153
52,81.00938087600487,66.98698936229556
52,81.01359989587539,67.0083554708987
52,81.01258055351389,66.982122847876
52,80.99941739810923,66.99787994365103
52,81.02039827290601,66.98188106447283
52,81.01382243874001,66.99521545142692
52,81.01783524923468,67.00601148615509
52,81.00629122321996,66.99491801481474
52,81.02390847945378,66.99682521975377
52,81.01818033416028,66.99002915448023
52,81.01671013587296,66.99657728409099
52,81.0001327161239,66.98561374199137
52,81.01292900824795,67.00354390723652
52,81.00076532682209,67.00105478833999
52,81.00145025399286,66.9807090047434
52,81.0125907184408,67.00670215764728
52,81.01622802113944,66.99301511574068
52,81.0029071001823,66.99277743177005
52,81.02186818027177,66.99563875719173
52,81.00635542814571,67.00010676521838
52,80.99982219256087,66.9916441494391
52,81.00921380457224,66.9945809833136
52,81.01327208127961,66.98889468791333
52,81.00495625798256,66.9931497718084
52,81.01484058587086,66.99708909719752
52,81.01074055826325,66.983118523232
52,81.00193678996735,66.99152369709637
52,81.01611226597306,67.00483809651287
52,81.0202035890331,67.0011709766418
52,81.0095079500473,66.996584130917
52,81.0109349307236,66.99734119460886
52,81.00026094829316,67.0024887416922
52,81.0152656519822,66.9908508340511
52,81.0185195363682,66.98692158226866
52,81.01205873776368,66.9961968641909
52,81.02202745678517,66.99652927570925
52,81.0082908268501,66.99511354819225
52,81.00709230049823,66.98499219872107
52,81.00484108979457,66.99519881251885
52,81.01026221343794,67.00494566772736
52,81.00456382310232,67.00559004454577
52,81.01464832944433,66.99850053264004
52,81.00934820301275,66.99256258113141
52,81.01912186609084,66.9892982209043
52,81.00592693244172,66.98969209578681
52,81.02199361153367,66.9972337471719
52,81.02034113819566,66.9843457185892
52,81.00617479318394,66.99367759332965
52,81.02448708204003,66.99641759565388
52,81.00568689569906,66.98891125461377
52,81.00510105325047,66.97883744603253
52,81.0021555187338,66.9922218231421
52,81.01840500593514,67.00449158291282
52,81.00726772054163,66.9818646076264
52,81.01921615704624,67.00451050912464
52,81.00539520792842,66.99310104493993
52,81.01705581156921,66.98004541279393
52,81.01640557937907,66.98957591422464
52,81.00732151839667,66.99172041631184
52,80.99988694021515,66.9896828730104
52,81.01132717172136,66.99943623184654
52,81.00835739356775,66.98861834271268
52,81.00954876790573,67.00238300278038
52,81.01443254359718,66.99210231593631
52,81.00789813586678,67.00041003284142
56,81.00997897366187,66.99005719027744
56,81.00439641768165,66.99845126605909
56,81.0130943164042,66.98905843390382
56,81.01807550543852,66.98307778460132
56,81.01169137236434,66.98494074244437
56,81.0201051865396,66.99827008777459
56,81.00272645780542,66.99086872232495
56,81.01553222084348,67.00058488277985
56,81.01320189689864,66.988044715103
56,81.00101101388678,66.98974399125991
56,81.00611197270695,66.99424306531417
56,80.99667764740178,66.98749776703059
56,81.00416927423055,66.98708404411815
56,81.0052599058872,67.00407717079449
56,81.02175600589354,66.98711425275087
56,81.00044033270791,66.98904761643209
56,81.01026221343794,67.00494566772736
56,81.00991468260888,66.98567269678348
56,80.99745090443926,66.99587674159325
56,81.009788311482,66.99652024664391
56,81.02422839616408,66.99497948144462
56,81.00039970715557,66.98703578402511
56,81.00629122321996,66.99491801481474
56,81.00206812198347,66.99941147885097
56,81.00810935230888,66.9799429320775
56,81.02117894589588,66.99060588906313
56,81.0134167284818,66.98628763006099
56,81.00671423113165,66.9861139746624
56,81.001411642706,66.9906918200184
56,81.0054214201835,66.98109738697002
56,81.01668271777643,67.0013275438622
56,81.012023150014,66.99564037898107
56,81.01881295758015,67.00288022362001
56,81.01033570909857,66.98687625026493
56,81.00721112951915,67.00443161971997
56,81.01906107440195,66.99506856971178
56,81.00174441862295,66.98506669265684
56,81.02208964201797,67.00259739638584
56,81.01231255787258,66.9894860613043
56,81.0242124572963,66.9936249184213
56,81.00341370512493,66.98292199935605
56,81.01865806681765,66.9915518551889
59,81.0004735893037,67.01002320025187
59,80.98489548260979,67.00723800801799
59,80.9789150318593,67.00659669042604
59,81.00075026869024,66.99977811064473
59,80.9902459975188,67.00654664451658
59,80.98383856982157,67.01368859667286
59,81.00025031181647,67.01008213606747
59,80.98319217138119,67.00608351742315
59,80.98207414513138,66.99247050373792
59,80.98299690476,67.00395011912508
59,80.99816658715255,67.00717981055305
59,80.99506457141771,66.99345607758407
59,81.002778403859,66.99291475440135
59,80.99635175877194,67.01450196615022
59,80.98846480124,67.00521496046373
59,80.99361288425705,66.9994084602766
59,80.98974370128201,67.00504585925833
59,80.98648846241024,66.99866779938337
59,80.98202473424311,67.00455268286818
59,80.98106986092122,67.01210075699686
59,80.98232530167694,67.00452003948391
59,81.00032032161819,67.0058867571683
59,80.99565902090076,67.01579819846899
59,80.98228115368676,67.00934569940135
59,81.00592672531496,67.00648415586747
59,80.99103257227469,66.99404282939174
59,80.99756237381781,67.00824332285887
59,80.98864476001593,67.00986395665538
59,81.00351131975833,66.99292537455504
59,80.99149405410186,67.00339219307472
59,80.99926141590385,67.00963915545984
59,81.00096342260333,66.9982489349551
59,80.99445530360735,66.99918376273955
59,80.9794674004495,66.99605593582207
59,80.99345229856422,67.00053687964528
59,81.00318229419501,67.00454737061685
59,80.98831494983972,66.99267580965854
59,80.98309186181632,66.99906205776352
59,80.99181394595146,67.00482468413418
59,81.00165162249303,67.01249126217297
59,80.98098084067603,66.99441883472943
59,80.99445544714635,66.99103282782436
59,80.99349986121078,66.99831419355849
59,80.98434643126546,67.00067253245702
59,80.9800043013066,67.00365699244577
59,80.9935489493112,66.99114113262674
59,80.9848472712722,66.99083173477673
59,80.98490530685872,66.9906718768604
59,81.00155127393906,67.00386481608314
59,80.9848472712722,66.99083173477673
59,80.99997704525575,67.00156912235795
59,80.9921478077525,66.99863696499666
59,81.00242332208107,67.00230763235255
59,80.99142356189115,66.99794614395178
59,80.99489681184777,66.99343982568315
59,80.9852848384807,67.00110544366179
59,80.98348572297684,66.99256350914435
59,80.9909919595824,67.00506021327139
59,81.00113434972921,67.00971149645657
59,80.97921543456137,67.00927308931699
59,80.99147460749428,67.01607841790674
59,80.98543562308004,67.00209596411133
59,80.98164939125513,67.00142375812824
59,81.00654791656795,67.000610326843
59,80.98124153425424,67.00206977897778
59,80.98299973971058,66.99366003392377
59,80.9955973315393,67.01105777124901
59,80.98626414219362,67.00606463941374
59,80.99247327569381,66.99182526346297
59,81.00399523907083,66.99599656073762
59,80.99444355472735,66.9925421134819
59,80.995227625868,67.00606846964762
59,80.99612750212104,67.00247278737724
59,80.9861248939925,67.00840568361005
59,81.00208175845971,66.99448475412642
59,81.00615875051584,66.99942520731801
59,80.99909188428052,67.00229520890491
59,80.99813650644165,67.0078471340232
59,80.98646057154188,66.99478853447488
59,80.98607364035458,66.99029795146777
59,80.97750587670721,67.00129347846854
59,80.99126134246599,66.9944391311892
59,81.00283828172373,67.00717199036131
59,81.00544076910136,67.00807341537265
59,80.9855325253522,67.00706142865064
59,80.99292641672237,67.00923961674306
59,80.99338909926546,66.99143620038274
59,80.98157945761746,67.01006101513276
59,80.98964562194509,66.99951092074498
59,80.98326572813437,66.99196788611705
59,80.99508438048538,66.99019431762359
59,80.9891959121348,66.99099664263412
59,80.98730882087276,67.00206295220815
59,80.98937679327236,67.00744863978748
60,80.99395100661056,66.99279273688539
60,80.98642341539815,66.99245247414376
60,80.99616161231451,66.99877603857213
60,80.97662427888753,67.00302117023502
60,80.97642025914934,67.00026440592161
60,80.99112747079347,67.00264306364114
60,80.9859679031171,66.99658272203315
60,80.98715760672334,67.00950614071341
60,80.98508799625725,66.98826728355307
60,80.99361288425705,66.9994084602766
60,80.98782889034088,67.00811784491067
60,80.99248646545166,67.01081318260628
60,80.98348719861366,67.0051912717474
60,80.9913294062661,67.01778964681425
60,80.99673823731668,67.00334107915268
60,80.98728805932552,66.99078827519735
60,80.98436170044485,67.00084177008037
60,80.98801660607599,67.00871011435676
60,80.99521652961636,67.01345786811024
60,80.98077825082146,66.99912040537073
60,80.98375473910345,67.00910242002135
60,80.98381193447234,67.0071399118277
60,81.00393341288652,67.00999256387604
60,80.98448994307236,67.00901024907412
60,80.99865724816253,67.00070154401138
60,80.99894661213841,67.01016344690944
60,80.99270864008157,67.0168586704219
60,80.99966710600962,67.01412321752102
60,81.00638230751639,67.00561161040986
60,80.9955280984826,67.00742327335564
60,80.99863021747622,66.99980353120623
60,80.9788763476153,66.99356756106495
60,80.98770442575288,66.99847092381417
60,80.98520278827358,66.99285136270018
60,80.98981802440176,67.01735610343056
60,80.98572010558038,67.01203180594604
60,80.98738733330408,67.01149565591574
60,80.98149255997818,67.01106817461559
60,80.97763912026186,67.00298768289719
60,80.99384604828181,67.01651816010191
60,80.98397989925097,66.99688703598562
60,80.9882172128559,67.00948318637228
60,81.00046186016118,67.0023212718216
60,81.00686166239501,67.00084805848047
60,80.99252757061981,66.9959810718979
60,81.00313222552994,67.00588468729437
60,80.99640884717381,67.00465424316371
60,80.99701998906119,66.9959067280509
60,80.99048531495852,67.00083816628151
61,80.98523419478954,66.99495997741835
61,80.98402599154433,66.99282789791002
61,80.99216429828321,67.00324451391957
61,80.98488110263565,67.01618607082762
61,80.98267642418652,66.9972289054714
61,80.98603276690899,67.01026883710713
61,80.9955453507684,66.99299445290733
61,80.9905359016884,67.00574397899933
61,80.9937674913416,66.9949541368426
61,81.00240398697382,67.00842458422133
61,81.00214578453071,66.99091004345475
61,81.00176495994357,67.01006164082979
61,80.99362870147854,67.00537867999542
61,80.9943974275133,67.01628489027253
61,80.99248906558397,66.99026663734985
61,80.993918642282,67.0096015415509
61,80.98715582644995,67.00950531111653
61,80.99540771081978,67.0067857246701
61,80.99358573524039,67.0072595356792
61,80.99495133786871,67.00877996424815
61,80.9833683082515,67.00480511138086
61,81.00439641768165,66.99845126605909
61,80.99309144972915,66.9936556167195
61,80.98197092940705,66.99495767055605
61,80.99585727332516,67.01249402765197
61,80.99803553781548,67.01107431050436
61,80.98325012567346,67.0059819754585
61,80.9904580177704,67.00623643648416
61,80.99010331981941,67.00362223193162
61,80.99114454586231,66.98910329593295
61,80.99442571937804,66.99891916323992
61,80.9970952229465,66.99636747714823
61,80.97932190972791,66.99634901793755
61,80.98820707194446,67.01472049312694
61,80.98807973000535,67.00726930640208
61,80.99510505544465,66.9997303968877
61,80.99622572893642,66.99057520013469
61,81.00114604831471,67.0072646414723
61,80.98653801637975,66.99638256717147
61,80.99548404522214,67.01433932389867
61,80.9931398842918,66.99577708836887
61,80.98738733330408,67.01149565591574
61,81.00184176178136,67.00928715013917
61,80.99348125845046,67.01023582377789
61,80.98468667740629,67.00986809551729
61,81.00162074024959,67.00332481231708
61,81.00430800633286,67.01121533829196
61,80.99581471468477,66.98752486484402
61,80.98078558656101,66.99791912564653
61,80.99239393234431,67.00363128630885
61,80.99396492180962,66.99773537649462
61,80.97828248945773,67.00330406711964
61,80.9771662275678,67.00360108500318
61,80.98838275096936,67.01158572722741
61,80.99990832656525,66.99287641320326
61,80.98594949635387,66.99883183458364
61,80.99147023513211,67.01123367112633
61,80.98512054968553,67.00476114560011
61,80.9873079445293,66.98985261091528
61,80.99309144972915,66.9936556167195
61,80.98604484153881,67.01680387629105
61,80.97939447166023,67.00201231550264
61,81.00023541063428,66.99144051199573
61,80.98609459236114,66.99747369657341
61,80.98242514783874,66.99598581755497
61,80.98760142954714,66.98847655553776
61,80.98839204597215,67.00558711821535
61,80.99000875977342,67.00976623565572
61,80.986830279309,67.00455000519315
61,80.99820325972962,67.00799742291085
61,80.9798039443934,67.0044098943477
61,80.99533362743237,67.00721005225941
61,80.99633740615045,67.01510828287603
61,80.99535716937577,67.01388906529262
61,80.98607078395737,67.01093099033965
61,80.9955264964664,66.99858739718198
61,80.99710314012125,66.98882980444517
61,80.98101820843289,66.9967512722211
61,80.99389159213665,67.00464523624773
61,80.98730882087276,67.00206295220815
61,80.98447001399283,66.9966733282065
61,80.99995384936153,66.99949056411336
61,80.99034794091828,66.9912261616605
61,80.984002729836,67.00480280989152
61,80.97897296096423,67.00635200252424
61,80.99126975848672,67.00718295481579
61,80.99720027229411,66.98995780990742
61,81.00408954346447,66.9948437092515
61,80.98770442575288,66.99847092381417
61,80.98316487157041,67.0118990902399
61,80.99857759874271,67.0069854501976
61,80.98523979422453,67.01612031297353
61,80.98030860514977,67.008761986419
61,81.00314426662514,67.00550324589172
61,80.9905983341198,67.00072196769385
61,81.00068576916927,67.00269697272408
61,80.98616231745414,66.99944267491935
61,80.98120213991746,67.00825142670737
61,80.9827654873825,67.00113539795858
61,81.00081797322206,67.01229648523899
61,80.99114454586231,66.98910329593295
61,80.98554688716534,67.00237320344725
61,80.99859363572487,66.99475998926532
61,80.97937988918936,67.00936328624279
61,80.99602946848589,66.99812337775126
61,80.99327965726413,67.00501932196414
61,80.99105845649295,67.00539430743753
61,80.9825559300412,66.99348018726234
61,80.98950631236426,66.99162234639229
61,80.996805082812,67.00613599779376
61,80.97823117533537,67.00553847326009
61,81.00274221284774,67.00490473314515
62,81.02819437737152,67.00394561270927
62,81.01571248368876,66.99641548194373
62,81.00968939376776,67.00690652593767
62,81.0190045856429,67.00880197214117
62,81.02586951909997,66.99909045653573
62,81.01701161557895,67.00741790064505
62,81.02178161651497,66.99517818352695
62,81.02922783326146,67.00385168585667
62,81.02530312048556,67.0037200178813
62,81.02934677680847,66.99744199372655
62,81.02060137780211,66.98867117387469
62,81.01357912698171,66.98497445287511
62,81.01427651872294,67.0014523910049
62,81.01205700768064,66.99254470362169
62,81.02988275243393,66.99393748777209
62,81.01362405564684,66.99788583783976
62,81.00830892700594,66.98990872811551
62,81.0159137837659,66.99394384643314
62,81.02935622339206,67.00511925204144
62,81.02062621108033,66.99866828488273
62,81.01579091415773,67.00342020407618
62,81.02423177920447,66.99687207511474
62,81.02629454632562,67.00398476636204
62,81.01960177136505,66.98587058545274
62,81.0257004472242,67.00090879359067
62,81.01170915399831,66.98941580302436
62,81.02265552330562,66.99746703323578
62,81.01535509492895,66.99919871818162
62,81.0184906377162,67.0116186541075
62,81.01738535930403,66.99944461261512
62,81.00857906981922,66.99938571790271
62,81.025616481686,67.00839374029871
62,81.01781733961347,67.00525510801924
62,81.02200403610212,67.0033081603252
62,81.02723382456293,67.00732817421644
62,81.01788857163704,66.99405729255898
62,81.020142818619,66.98551736290511
62,81.0110235847692,66.99927302429626
62,81.01525814202301,66.99649724533064
62,81.00391615722431,66.99635823863922
62,81.01279587774275,66.99524237134136
62,81.02328158249684,67.00020390704248
62,81.02956791615068,67.00477215064525
62,81.02473320104677,66.98205567145317
62,81.02861932996578,66.99100246690205
62,81.01123919293806,66.99095789862194
62,81.01905380703802,66.99494575296525
62,81.03274691217231,66.99704465888276
62,81.01521554636084,67.0012358520488
62,81.02072531669307,66.99777122027132
62,81.00622796147304,66.99878093378564
62,81.01996405300913,66.98342379233802
62,81.02853185613823,67.00661118685338
62,81.01903735775672,66.99606250944413
62,81.02520907065454,66.99489055278598
62,81.02333344121598,66.99005487406549
62,81.02361400124326,66.99219543781844
62,81.0238544752831,67.00285253241813
62,81.01960177136505,66.98587058545274
62,81.01793377162042,66.98720981152924
62,81.01870303586266,66.99108161860673
62,81.01522225947151,66.99174340224269
62,81.02451354673397,66.99515122384939
62,81.01793357884874,66.996085029237
62,81.03026541551976,66.998431107321
62,81.02480601140408,66.99982748024068
62,81.00830309328164,66.98805317329689
62,81.01761086353264,67.00767482292918
62,81.01877059759211,66.99999599767858
62,81.02055289337679,67.00279061504988
62,81.02246356143439,67.0100024418421
62,81.02619825446482,67.0096377053013
62,81.02127744327615,66.99126949329765
62,81.02481903456345,67.00098150658405
62,81.02098995256976,66.9985528343972
62,81.0238544752831,67.00285253241813
62,81.0307391091538,66.98605792233687
62,81.01174389647974,67.00746910965275
62,81.03281351434636,66.99640912879217
62,81.0202777865421,66.99266072697041
62,81.01202786570417,66.99109110190403
62,81.02876866951843,66.9921247589069
62,81.03031864398469,66.98989241675092
62,81.02435815712879,66.9955910906701
62,81.02990945355168,67.00352979786369
62,81.03164947326482,66.99636526772063
62,81.01342475895503,67.00361006607397
62,81.02325970940534,67.00893323047217
62,81.02898939362495,67.00331858702265
62,81.0221657827847,66.99447786202477
62,81.01414349820818,66.99171497812166
62,81.02918412803113,66.98551829174488
62,81.01086606418181,66.99245084170562
62,81.01523356729335,67.00900925139499
62,81.01498387595711,67.00519861373583
62,81.03237210431108,66.98852299243315
62,81.02409490340867,66.99082246579611
62,81.02606028465735,66.98854163494062
62,81.0339047946958,66.99748245976602
62,81.03145811377694,67.00553762378436
62,81.01078990494166,66.98554677082898
62,81.0148045893783,66.99130283331525
62,81.01454682793832,66.99532654139787
62,81.00899311352916,66.98650297513107
62,81.02391520275589,66.9943854758054
62,81.01896837657107,67.00424365269974
62,81.02002022840087,67.0001036133664
62,81.02771575620223,66.99257051151
62,81.01954878944142,66.99362444754134
62,81.02039141346278,67.00629968186438
62,81.01280057751256,67.001248079343
62,81.02892537853813,66.98718796747947
62,81.02546130457375,67.00137866323865
62,81.01033570909857,66.98687625026493
62,81.01042093610629,66.99774440344478
62,81.0175500097392,66.99718158570364
63,81.00646182728701,66.99320037017087
63,81.01779187930747,66.99485583223853
63,81.01292900824795,67.00354390723652
63,81.01508002296939,67.00498840258625
63,81.02093775481357,67.00925300073841
63,81.01592388418251,66.99739821765407
63,81.01504115231384,67.00182230675232
63,81.02311064395485,66.9812492424528
63,81.01590945359578,66.99102172804879
63,81.0269366636285,66.99645393629038
63,81.02629105656834,67.00925464550103
63,81.0079097072155,67.00540667412548
63,81.02943396650059,67.00091174287245
63,81.01491552101385,66.99647710155993
63,81.01425731405672,66.9934511550857
63,81.01144135500012,66.9965482301137
63,81.00956189826479,67.00106323740783
63,81.02250493819231,66.99476414252746
63,81.02916509144269,67.00353704753964
63,81.02138027735268,67.00007951558028
63,81.00901969106228,66.99246115269014
63,81.01876793311578,67.00104446518789
63,81.0247619279972,67.00872368498489
63,81.02186818027177,66.99563875719173
63,81.03183889068804,66.99809599467204
63,81.01396541712694,66.98441274623937
63,81.0263116845461,66.9972858227906
63,81.01374467962887,66.99192696362338
63,81.01884791360084,66.98790274508087
63,81.01526184854646,66.99312443558082
63,81.00505815661664,66.99066208494098
63,81.03014633091219,66.9869894270367
63,81.01612158003034,67.0027173689197
63,81.01439871644595,66.9877968923221
63,81.02742694797811,66.9844723197589
63,81.01115768158748,66.99835018417775
63,81.02240547296552,66.99260159333348
63,81.02649301499886,66.98808297373303
63,81.02723998502931,67.00165023526195
63,81.02285943173705,67.00277696197824
63,81.02456377252332,66.99008620776301
63,81.01676410013977,66.98156651873069
63,81.01918729145372,66.99952726731946
63,81.02138759383168,66.99636207614188
63,81.0164935711881,66.99883104188902
63,81.02448764782515,66.9966725348338
63,81.00803751051984,66.99599731631939
63,81.01731112168314,66.98928225238089
63,81.00620788091352,66.99207630867298
63,81.00483605314342,66.99117442654169
63,81.00934967178257,66.99513506390538
63,81.0131045920803,67.00761634901394
63,81.01715899840595,66.99837409342128
63,81.01394440122677,67.00886320785307
63,81.02328324155495,66.99702316895768
63,81.03138266732374,66.99372117597423
63,81.02310871166056,66.99917984267506
63,81.0223183209683,66.99688975954878
63,81.01467486884212,66.98574746884748
63,81.02847927260916,67.00228932476439
63,81.01523332097797,66.99768785079262
63,81.00615875051584,66.99942520731801
63,81.02093251702658,66.98779026602963
63,81.01910295403039,67.00788075799151
63,81.0247280835446,66.99402736819115
63,81.02180429308466,66.99014694335436
63,81.01591806165082,67.00459315654521
63,81.02271829358386,67.00227290415849
63,81.00552634801512,66.99520351419203
63,81.02619369030221,66.99047726305653
63,81.0201890750492,66.99420707610713
63,81.00862609569354,66.99068808085443
63,81.01906927945393,66.9952054398805
63,81.00991389956931,67.00766379411743
63,81.01979411204924,67.00623826854005
63,81.00502139640054,66.99981716978937
63,81.01046262232013,67.00485509793045
63,81.02025115801004,67.00465209980631
63,81.02557411867606,66.98276249984951
63,81.0159255041819,66.99335880449236
63,81.0112187090751,67.0020817955592
63,81.02916045452767,67.00594055892357
63,81.02462817424258,66.998663651463
63,81.00631966251316,66.98975898896198
63,81.01526184854646,66.99312443558082
63,81.02707529505506,66.9966198035249
63,81.01851665672811,66.99760365701184
63,81.01936998581799,67.00090438117991
63,81.01782178197305,67.00083894509464
63,81.02177128205855,66.99003148207484
63,81.01143667907581,67.00700475660929
63,81.02600947385775,66.98506751353435
63,81.0178716165305,66.98154542451104
63,81.00953248387304,66.99403441354497
63,81.03227589189036,66.99077700053935
63,81.01923807947911,67.00504460953849
64,81.00591736245734,67.00041709217633
64,80.98213771769748,67.00586030734036
64,81.00155127393906,67.00386481608314
64,80.99670173177014,67.00479738558776
64,80.98485003024761,66.99266650910806
64,80.9895594862371,66.99396438341705
64,80.98579959669088,67.00570556178808
64,81.00715945821126,67.0008326391956
64,80.99718584224419,67.00357249561891
64,80.99263449920265,67.01751280311187
64,80.98436170044485,67.00084177008037
64,80.99107497629426,67.0002587200292
64,81.0007502655323,66.99274687371202
64,80.98987203981498,67.01021932876081
64,80.98257677356818,67.00439342265958
64,80.98336375752096,66.9908462454077
64,80.98919731697174,66.99725923539191
64,80.99342719704597,67.00801676353062
64,80.99537602746388,67.0032149945872
64,81.0021555187338,66.9922218231421
64,80.99142356189115,66.99794614395178
64,80.99727348826106,66.9968948553562
64,80.97924546430522,67.00130228887811
64,80.98525526935379,67.00502622352397
64,80.99694289756653,67.00263820600615
64,80.99696774762295,67.01243907502007
64,80.9893583402597,67.01617787745887
64,80.99688371487652,67.00027217668043
64,80.99347777695958,67.00756620663493
64,80.99509088189586,66.99003389021303
64,80.993564727866,67.01049032112073
64,80.99127845170612,66.99616225521694
64,81.0035896827374,67.00645445604613
64,80.994736511153,67.00392277468085
64,80.9997159812449,66.99287043607293
64,80.999628623187,67.00464136326352
64,80.99061761267605,67.01007091688605
64,80.99666490365234,66.99865751670166
64,80.98972395423412,66.99179323692388
64,80.98758008211462,67.00471985441892
64,80.99771970451424,66.99334476726573
64,80.98315328715118,66.99739391768762
64,80.97750587670721,67.00129347846854
64,80.98597615009972,67.0033512185835
64,81.00111449710651,67.00356191139406
64,80.98002402678225,67.00802207492266
64,80.98889001524536,66.99159585927013
64,80.98587184132495,67.01593023834289
64,80.99905018629899,66.99907575653985
64,80.99529307529262,67.01387591952445
64,80.9955453507684,66.99299445290733
64,81.00090016885997,66.99184192827182
64,80.98220550970446,67.0063957384574
64,80.98181349087214,67.0104321106439
64,80.98886666200863,67.00138078522504
64,80.99924551159508,66.99571550764337
64,80.99721131233572,67.01148772460131
64,80.99964392806812,67.00023636855843
64,80.99518172341749,67.01036235618263
64,80.97875239380959,67.0060521173483
64,80.98971485787348,66.99858097199574
64,80.99364355356605,67.00794269690948
64,81.00294604685374,66.99416960777609
64,81.00575239305306,66.99767023190735
64,81.00486128143366,67.00371978662822
64,80.99525098581724,67.00842321144464
64,80.99947590511043,67.00229471554897
64,80.98511904189013,67.0068610411572
64,81.0027208278721,67.00270897747251
64,80.98729547896833,67.00742656390877
64,80.98325225658925,66.99188103546024
64,80.99655302714685,67.01704796502017
64,80.98762874791802,67.0048053624554
64,80.99137477878575,67.01013985871128
64,80.98904877148237,67.00016808879211
64,80.99809696285534,66.998221725509
64,80.99027713327243,67.00978180746911
64,80.98625768670621,67.01014728771564
64,80.97928801126524,67.00558510620937
65,80.99506214177846,66.99440070739372
65,80.99015327598507,67.00784319276248
65,80.98810895997151,67.0062173283807
65,80.99604619171163,67.00986586113109
65,81.00406468050703,67.01186112597462
65,80.98009828193672,67.0074186939715
65,80.97941871804574,66.99584023447429
65,80.99659238085333,67.0037828261611
65,81.00106377698269,66.99548705244511
65,80.99447860463755,66.99605470369889
65,80.99667042589546,66.99717136097944
65,80.985394578541,66.98914666352411
65,81.00374435069213,67.00390221584581
65,80.97903422977761,66.99952745195516
65,80.99285181903677,67.00223915661304
65,81.00429038898123,66.99700897492792
65,80.98904831039485,67.0131189153443
65,80.98257063042088,66.9919096838102
65,80.9872677773494,67.00020749875948
65,80.99370743437576,66.99040051199131
65,80.98874374041787,67.01219778588616
65,80.99024920994476,67.0023948062172
65,80.98353128817976,67.01142560008797
65,81.00636563819057,66.99927908572887
65,80.99624480498896,66.98745189119897
65,80.99832196710976,67.00794133038316
65,80.99105902112645,67.00181303691431
65,81.00251779119537,67.00123893111311
65,81.0004735893037,67.01002320025187
65,81.00139681323071,66.99806256244631
65,80.99099885602769,67.00470858700386
65,80.98384947752751,67.01433531644587
65,80.98002402678225,67.00802207492266
65,80.98924590100293,67.00517696568771
65,80.9962256978126,66.99473598532413
65,80.99392653582653,67.01557263242105
65,80.99670173177014,67.00479738558776
65,80.99030239319627,67.00985346836589
65,80.98510631427948,66.99914368085938
65,80.99506950378796,66.99207326957838
65,81.00522617541263,67.00546024410797
65,80.98662864847029,66.99506959053592
65,80.98294052027344,66.9965873263312
65,81.00240398697382,67.00842458422133
65,80.98862385935706,67.0108843231196
65,81.0024114732229,66.99867479216148
65,80.99123656771886,67.01736180017075
65,80.99977132887125,66.99799516298361
65,80.98920433416218,67.00614894169485
65,80.9868688916191,67.00943827034286
65,80.98417925203611,66.99311101198819
65,80.97883513530459,66.99457727499083
65,80.98057763753759,67.00766179332908
65,80.98362080298047,66.99921558506867
65,81.00297639118011,67.00688414230366
65,80.99263881717025,67.01447654154954
65,80.99254862545388,67.01005143213762
65,80.98484287942547,67.0152100420907
65,80.99127845170612,66.99616225521694
65,80.98595660963656,67.00233703647994
65,80.98773828006347,67.00877081449983
65,80.99938360185145,67.01273544569221
65,80.98904831039485,67.0131189153443
65,80.9783415378849,66.99527872100664
65,80.99903741048736,67.01085105961766
65,80.99690710451812,66.99656953557137
65,80.98900047980378,67.00713772179832
65,80.99722075004908,67.00797279577272
65,80.9879557504544,67.00695770282282
65,80.99398931450744,67.01078965982151
65,80.99506214177846,66.99440070739372
65,80.99648408200558,66.9881873029651
65,80.99094566134791,67.00472750253438
65,80.98425570731936,66.98910429410027
65,80.9836422714613,67.00723206126504
65,80.98036863438496,66.99264821817557
65,80.98867841852783,67.01308297143231
65,80.99247926754539,66.99702203879971
65,80.98389845425895,66.99927249451122
65,80.99914402028003,66.99202871468816
65,80.983446420793,67.01359654140086
65,81.00183635244566,66.9993868707362
65,81.00315727279606,67.0053219864134
65,81.00242332208107,67.00230763235255
65,81.00056389927543,66.99610761499072
65,80.9810545892124,67.00012233493037
65,81.00009468332225,67.00802575532843
65,80.99036064579053,66.99963472764077
65,80.98571820473448,67.00453117536851
65,81.00009468332225,67.00802575532843
65,80.97941871804574,66.99584023447429
65,80.977843981049,67.00822512941639
65,80.99233751887424,67.00321677865324
65,80.99464604438145,67.00481431210952
65,80.98315780752449,67.01255295213417
65,80.99068733496381,67.00012196223817
65,80.98134754772697,66.99699029886591
65,80.99150306601497,66.9942620853692
65,81.0020076548953,67.01198307024596
65,80.98513661973487,67.01555202526073
65,80.98418515752094,66.9897815227239
65,80.99357301035131,67.00826026102133
65,80.99574287541392,66.99552155766581
65,80.98220550970446,67.0063957384574
65,80.99541816129936,66.99601252803538
65,80.98831494983972,66.99267580965854
65,80.99431939130737,66.99891435370427
65,80.98972395423412,66.99179323692388
65,80.98359778137895,67.00529282771107
65,80.98761946164947,66.99822735975093
65,80.99631184912091,66.98976231550446
66,80.98825876001234,67.00054214609541
66,80.9905102592004,66.99492035241235
66,80.98260836177455,67.01245261958158
66,80.99818889517097,67.0011608471581
66,80.99030659940338,66.9960541448627
66,80.98696492341425,66.9995904376224
66,80.99540771081978,67.0067857246701
66,81.00430800633286,67.01121533829196
66,80.99540771081978,67.0067857246701
66,80.99761988301377,67.00107766033858
66,80.99208567397717,67.0125040111335
66,81.00056389927543,66.99610761499072
66,80.99947343344598,67.00099646933262
66,80.98138312845198,66.99502968508871
66,81.0001267565818,67.00706863477396
66,80.99191810711886,66.9962809612113
66,80.98617830967153,66.9889183374574
66,80.9990979059066,66.99960870585357
66,80.99361407455613,66.99754857725401
66,80.9799495150261,66.99464342333361
66,80.98571041167074,67.00828460875371
66,80.98705246523241,67.00221896532783
66,80.98831494983972,66.99267580965854
66,80.98838272197038,67.0024138127836
66,80.98562120525507,66.99314832403216
66,80.9986227219894,67.0021707527243
66,80.98827723970018,66.9909486814261
66,80.99837141341355,67.00443522298991
66,80.98527980893913,67.00094324145358
66,80.98267642418652,66.9972289054714
66,80.98053907632652,67.00320352453764
66,81.00096285100764,67.01100805768657
66,80.98209257346623,66.99264314781689
66,81.00378807445031,66.9989755506567
66,80.97987032387826,66.99939737152896
66,81.00225244177955,66.9951136446514
66,80.98368202175915,66.99840495766051
66,80.98502349560945,67.00220044751619
66,80.99288189616796,67.0166976100876
66,80.99695368365445,67.00271251362696
66,80.9905175923015,67.00603573834928
66,80.99683853595462,67.01066023655757
66,80.98533109389761,67.01438871727343
66,80.99245324919679,66.99493464730024
66,80.97895471422764,66.99650153925329
66,81.00079920398562,67.00055399571043
66,80.99677017314434,67.00072059822615
66,80.97730311947402,67.0018851609659
66,80.99022323979257,67.00832630313414
66,80.98071629923531,67.00676496369279
66,80.98570553813376,67.01646896770606
66,80.99130467283625,67.00742147288798
66,80.9806740978733,67.00271131534362
66,80.99837526868298,67.00848889784463
66,80.97988283266778,66.99389764204288
66,81.00407132387534,67.00826456162547
66,80.98729529372822,67.00320314399448
67,80.99859021187739,67.00345641958695
67,80.99015327598507,67.00784319276248
67,80.99602490287941,67.00921782424764
67,80.99036064579053,66.99963472764077
67,81.00580624356225,67.0032830813003
67,80.99959902348363,67.00986207232755
67,80.99070423142925,67.01233541757053
67,80.996805082812,67.00613599779376
67,80.9832594348649,67.00372491008366
67,80.98304881661281,66.99804565420695
67,80.99896140892032,67.00871142793297
67,81.00128240651888,66.99945758422685
67,80.98422093111596,67.01598092749869
67,80.99550982628958,67.01486484958549
67,81.00429038898123,66.99700897492792
67,80.97894655874671,67.00337395182873
67,80.98609711991568,67.00547239133606
67,80.99475844411863,67.00914883461974
67,80.98631291375207,67.00680656016772
67,81.00339313032755,67.01122920274797
67,80.99995583920654,67.01560130267917
67,80.99694790794676,67.0050477057767
67,80.9908366649051,67.01214926228889
67,80.97671071616205,66.99858201516635
67,80.98216434751915,66.99700923966103
67,80.98603276690899,67.01026883710713
67,80.98710547291428,67.00304715343621
67,80.99364355356605,67.00794269690948
67,80.99575777581104,66.999851782208
67,80.99077027152852,66.99016021503128
67,80.99512937458924,66.99191896213243
67,81.0008392026219,67.0051171905138
67,80.99611623656794,66.99940253855127
67,80.98425685558391,66.99353588921194
67,80.98868296001903,66.99268151623566
67,80.98381193447234,67.0071399118277
67,80.97832533685053,67.00644558297017
67,80.99170039824541,67.00919369720049
67,80.98031466416454,67.01054944972131
67,80.98149606464655,66.99689950187309
67,80.99498833784153,67.00236379638856
67,80.97716071049662,66.9979023000693
67,80.98501889139739,67.01198768554858
67,80.98878338940645,66.99380961975962
67,80.99655302714685,67.01704796502017
67,80.98877624200395,66.99978011269282
67,80.99009033878741,66.99134266939885
67,80.98569963002963,67.00187378671917
67,80.98725060936638,66.98853869903849
67,80.9969880382311,66.99276790038851
67,80.99059422083911,66.99940278960078
67,80.9799774199632,66.99335078861625
67,80.98702894836514,66.9927564185784
67,80.99309231974762,67.00489678226457
67,80.98316667488116,67.01521082472853
67,80.99837526868298,67.00848889784463
67,81.00217363960633,67.00497691682912
67,80.99175629719187,67.00791846853134
67,80.98748762633767,67.00461792509606
67,80.99189098017759,66.98740468997627
67,81.00622144103612,67.00251255844013
67,80.9963931774276,67.00938404587491
67,80.99900823330213,66.99317812013322
67,80.99564953046824,66.9934263466837
67,80.9822789845257,66.99983613534332
67,81.00265290398896,67.00191260360732
67,80.98244206417247,67.00609572467347
67,80.98422981039158,67.0093261543253
67,81.00148286589956,67.01143001601397
67,80.99800719154402,67.00928643311967
67,80.99894661213841,67.01016344690944
67,80.98853383434832,66.9951330647248
67,80.99698484856863,67.01141635885853
67,80.98971485787348,66.99858097199574
67,81.00018534552191,67.01049190094561
67,80.98588766652523,66.99945937382188
67,80.9978291975658,67.00354362000051
67,80.9843718502749,67.01275933003853
67,80.994335857244,66.9890938260547
67,80.99478644742955,67.00088653011362
67,80.98642658244741,66.9983026192062
67,81.00402735548144,67.00715973489727
67,81.00278644328324,66.99711782710709
67,81.0006335849251,67.00418613300624
67,80.99631204335799,67.01527227721014
67,80.98908927570697,67.00155321473541
67,80.98362972046631,67.01241358826073
67,80.99104332207754,66.98789115830662
67,80.97735368039346,67.00031705546722
67,80.99598958142663,66.99031293971181
67,80.99823752231664,67.00341317356923
67,81.00418446090971,67.00656947091237
67,80.98728788624825,66.98848643665707
67,80.98014115711294,67.00534389078292
67,80.98396325555218,66.9899393830983
67,81.00346982270202,67.00443645337906
67,81.00427569691954,67.00220372039891
67,80.98378142898572,66.99994709340675
67,80.98774418088418,66.99526232399303
67,81.00514503878514,67.0015610635338
67,80.98572190622897,66.99834252519554
67,80.98676591602468,67.00055229604264
67,80.99058180634728,66.99664863516888
69,81.02465775427224,66.99842203391917
69,81.02154009087425,66.9934386839736
69,80.99701764716201,66.99663005394058
69,80.9995275405776,66.98858144204425
69,81.01261515930855,66.98181756776604
69,81.00949872876787,66.99143534382348
69,80.99941935090129,66.99385515249536
69,80.99662722890133,66.99140768196436
69,81.00101548993409,66.98817908482592
69,81.00477955711193,66.99769925519811
69,81.02411491362238,66.99977665936622
69,81.01026684021681,66.98681902898716
69,81.01212256853987,67.00272315117604
69,81.0078025454504,67.00268446996297
69,81.00650355702524,67.00613402775839
69,81.00509859038779,67.00426064029195
69,81.01524647697406,66.98690090711251
69,81.01392503138574,66.99552283708616
69,81.00966011044,67.00579880269812
69,81.02286227499478,66.98784182675168
69,81.01277056688282,66.99985033804404
69,81.01792050885471,66.98426542418501
69,81.00204245838952,67.00029933625977
69,81.00174901061942,66.994479662332
69,81.01978959956548,66.98433920463022
69,81.00105921580518,66.98489421187094
69,81.00113396052849,66.9813008141879
69,81.02435815712879,66.9955910906701
69,81.02167865581804,67.0022499051123
69,80.99633260531331,66.9881959666358
69,81.01677438477942,66.99465475243423
69,80.99925053643919,66.9888444725786
69,81.02376999547933,66.98593126568976
69,81.01075678124859,66.99826742040732
69,81.02070525117487,67.00231334504434
69,81.01309099206074,66.97996424000897
69,81.01975471556459,66.99428337636206
69,81.01281283698154,66.99947014178981
69,80.99934257505883,66.98647668904819
69,81.00180146367431,66.99891448078988
69,81.01473151794181,66.99060215314776
69,81.00175045678921,66.98432358443397
69,81.02070525117487,67.00231334504434
69,81.01994051829337,66.99746275696381
69,81.01526282472445,67.0053248123829
69,81.00349832991786,66.98765347759505
69,80.99930960299966,66.99331049886787
69,81.02333504583326,66.9923293828469
69,81.0029641509938,66.99811487693498
69,81.00452676845273,66.99421928599888
69,81.00955336692628,66.99116359548353
69,81.02303913795811,66.99941821318171
69,81.02405747551946,66.99649852485899
69,81.00904673986436,67.00655984839992
70,81.00536227113768,67.00043803694874
70,80.98195058198755,66.996320432713
70,80.99617701846336,67.01599568764816
70,81.0008392026219,67.0051171905138
70,80.97903287434586,67.00719376558057
70,80.99318786709628,66.99578654682968
70,80.9878923078369,66.99379339302499
70,80.99319286746548,66.99013773679089
70,80.98470681614486,67.00294889308068
70,81.00305676130388,67.0072823605301
70,80.98965911056968,67.0010915473296
70,80.99739520788219,67.00287544403494
70,80.98700664361711,67.01187465687802
70,80.99464604438145,67.00481431210952
70,80.98881328953226,67.01179324262849
70,80.99979372238703,67.00337674558217
70,80.98976340198062,67.00405409526957
70,80.98944551051567,67.0001428326387
70,81.00639087249397,67.00749976101407
70,80.97717686289877,67.00558368676424
70,80.99210546781296,66.9952258884601
70,80.9841371534075,67.00669441886377
70,80.98713581083658,67.01631911183817
70,80.99565205575853,67.00059781762162
70,80.99977132887125,66.99799516298361
70,80.9822648263611,66.99630932342181
70,80.99875582674134,67.00996758880468
70,80.98035831092385,66.99786374471957
70,80.98666660180763,66.99022040727154
70,81.00233338120344,67.01122840008696
70,80.97646948884805,67.00019270953851
70,80.99049967307508,66.9958001892384
70,80.98423098813254,67.01234125659373
70,80.99022323979257,67.00832630313414
70,81.00427569691954,67.00220372039891
70,80.99666490365234,66.99865751670166
70,81.00560012202473,67.00155355490432
70,80.9984474510174,67.01138348683264
70,80.98964562194509,66.99951092074498
70,80.98564410214385,67.01345335329988
70,80.97939431047,67.00149418501401
70,80.98407051918812,66.99870257353012
70,80.98931856841406,67.01587126293892
70,80.98276643617399,66.99118757996642
70,80.98038844569031,67.00131754785943
70,80.99162671221096,67.01024413086783
70,80.99376606244655,67.00513214600917
70,80.99956618607229,67.0148015503729
70,81.00266717877479,66.99854877642822
70,80.99132215858354,67.01728109467177
70,80.99295649405065,66.98803266495618
70,80.99827436350174,67.00645399066867
70,80.99048241921167,66.99985464104638
70,80.98659715163596,67.00447741847732
70,80.98044729359556,66.99913455787484
70,80.98760032966868,66.9955107356225
70,80.98663412094108,67.00596987919243
70,81.00076532682209,67.00105478833999
70,80.99263449920265,67.01751280311187
70,80.992471249441,67.01580128879364
70,80.98617830967153,66.9889183374574
70,80.9956255014107,67.01672783080797
70,80.99045269275133,66.99458594513702
70,81.00030793337167,67.00230563786596
70,80.99917922036063,67.00982426734531
70,80.97788489433272,67.0014006065136
70,80.99803553781548,67.01107431050436
70,80.99839139309071,66.99231289103261
70,80.99515110782671,66.98842158073244
70,80.988831743214,67.01759495062781
70,80.98112609308147,67.00564404935393
70,80.98402599154433,66.99282789791002
70,80.99756246854626,66.98796926782327
70,81.00251605428099,67.01140589795479
70,81.00627571742717,67.00591173268518
70,80.98128785661581,66.99069220050532
70,80.9994347487429,67.00123269685085
70,80.98130566078687,67.00679125000327
70,80.99097298318333,66.994405165454
70,80.98109422298417,67.01302374675176
70,80.99096602994334,67.00476586048907
70,81.00251779119537,67.00123893111311
70,80.97938800063888,66.9959055902136
70,80.9810545892124,67.00012233493037
70,80.98859353632972,66.99890589171355
70,80.98124153425424,67.00206977897778
70,80.98357930313554,67.01314340213753
70,81.00314426662514,67.00550324589172
70,80.991648128261,67.0053938565843
70,80.99557565153502,67.00568725881307
70,81.00626667520243,67.00358947313745
70,80.98378210613782,67.01268852187395
70,80.98063206129058,67.00117932897058
70,80.99644248430933,67.00962531799196
70,80.98578129853036,67.00733001945515
70,80.98886666200863,67.00138078522504
70,80.99282608325079,67.0058453121874
70,81.00426114823637,67.00942472923153
70,80.98154150990962,67.0055852117716
70,80.99974606619509,67.0014785131114
71,81.01400791643808,67.00409363809578
71,81.00904057691774,66.98406291238712
71,81.00458446362663,66.99213516003125
71,81.0203531569443,66.9892818306113
71,81.01285815353587,66.98688110456327
71,81.01844937506027,66.98920298557073
71,80.99810196259749,67.00093103841995
71,81.01267988375497,66.99687445669518
71,81.02537429660944,66.99241449344409
71,81.01828326915334,66.9993637660316
71,81.00953248387304,66.99403441354497
71,81.01610460893191,66.99522231737402
71,81.00429038898123,66.99700897492792
71,81.00747007265419,66.99752476847348
71,81.01537596191613,67.00253655185794
71,81.01691929855477,66.98531068539786
71,81.01170151774018,67.00408443817656
71,81.00974724220191,66.98196173129736
71,81.02354011631178,67.00178926012691
71,81.00676697555919,66.98109416595273
71,81.00429210514173,66.98676774093742
71,81.01139104910669,66.98190609229628
71,81.01499554655145,66.99242484449574
71,81.01071760183318,67.00173412598377
71,81.00495625798256,66.9931497718084
71,81.00775474492679,66.98726063674768
71,81.02399152068722,66.99456554595858
71,81.00623846859973,66.98964142510299
71,81.01177890147098,67.00853552098168
71,81.01836595651045,66.98417519984032
71,81.00071632566656,66.99324038378128
71,81.01424605730419,66.99188879588338
71,81.02479182602764,66.98934459273744
71,81.01055616394918,66.97872895082592
71,81.01025997406754,67.0027146607993
71,81.01322267115374,66.9776627330714
71,81.00723243059595,67.00290246540008
71,81.00431355158742,66.98734979067484
71,81.0200312433248,66.98501367753714
71,81.02037298853772,67.00355689381603
71,81.01013882524393,66.98622966766861
71,81.02007355969994,67.00471151703431
71,80.99754985728032,66.985904600557
71,81.0105625931041,67.00494663503171
71,81.02339908083223,66.98590420562213
71,81.00726017665922,66.98111499211593
71,81.00054252362975,66.99743772761117
71,81.00803751051984,66.99599731631939
71,81.00980308871091,67.00693915950822
71,80.99594267601476,66.99208812546692
71,81.01886405355758,67.00526948400272
71,81.01002248423015,66.99615635383068
71,81.00691596350767,66.99793469984013
71,81.00512690594606,67.00757415153656
71,81.01485934889122,66.99692064695691
71,81.01579357764497,66.99911230190283
71,81.00632561509808,66.98463449442829
71,81.00896892648552,66.99409927324228
71,81.01111012612328,66.98163479406149
71,81.0063089050756,66.98727306122605
71,81.02408232648922,66.99562151779729
71,81.01575210828267,67.00491957502221
71,81.01448407827327,66.99285120210449
71,81.0037571298807,66.98120214362797
71,80.99527370892392,66.99407991520346
71,81.00651052554322,66.99321019203057
71,81.00889599706724,66.9828292772884
71,81.00107792866139,66.9837952360419
71,81.0247280835446,66.99402736819115
71,81.01182568149224,67.00108527228538
71,81.01880125398712,66.9889140540877
71,81.01856257673205,67.00560942472977
71,80.99836789923938,67.00169097547817
71,81.02295255582976,66.99050653564157
71,81.02406043570495,66.98677781416244
71,81.00315727279606,67.0053219864134
71,81.00435097669357,66.98721592108318
71,81.01106352464502,66.99070106135535
71,81.00305179409875,66.98063816119812
71,81.00673830979254,66.99008334332383
71,81.01804975488108,67.0026853264155
71,81.00106377698269,66.99548705244511
71,80.9992482393165,66.98728313152782
71,81.01487244432855,67.00362086150257
71,81.01786626714889,66.97956782944838
71,81.00068882192122,66.99279698379007
71,81.00622796147304,66.99878093378564
71,81.00101973681959,66.98998964752654
71,81.01278919743854,66.98510305428712
71,81.01298507622057,66.97767902544423
71,81.02409437674176,66.99424349024177
71,81.00622796147304,66.99878093378564
71,81.00712062969393,66.9935816461243
71,81.01673189101739,66.99669661189803
71,81.00457541484334,66.99326679020967
71,81.00370476119504,66.98026815487934
71,80.99647194588597,66.98787589029214
71,81.00338219318822,66.98455292115361
71,81.0189465168917,66.98999645007844
71,81.0230907459139,66.98486259789485
71,81.01535000889078,66.98066570430133
73,80.98138312845198,66.99502968508871
73,80.97899532770734,67.0083299201811
73,80.991648128261,67.0053938565843
73,80.99818889517097,67.0011608471581
73,80.98838275096936,67.01158572722741
73,80.97810713680175,67.0070708189433
73,80.99173389314318,67.00094753348063
73,80.98660272173547,67.01642042279562
73,81.00117253043165,67.01395624498798
73,80.9879993255102,66.99023805952017
73,80.99709227094547,66.99851289855337
73,80.98214718179628,67.00622813536923
73,80.99925176248303,66.99331934194755
73,80.99421575939559,67.00903788212071
73,81.00306009040992,66.9940397047509
73,81.00059352206156,66.99827058339027
73,80.98252073102393,67.01235291057505
73,80.9926510105378,67.00362052621202
73,80.97828442106298,67.00544775032559
73,80.99258659428526,67.00304365685831
73,80.9967604287932,67.00386156182438
73,81.0032659210448,67.00326162000532
73,81.00548978718446,67.0096540815678
73,81.00214338541033,67.00483159025963
73,80.98463541943437,66.98892979550727
73,80.98108094840323,66.99750195739811
73,81.0034588029533,67.00283704768715
73,80.99128707532647,66.99023648621555
73,80.97974298418379,67.0109787387728
73,80.99602490287941,67.00921782424764
73,80.99484955176398,66.99173013157221
73,80.98455982805197,66.99770886088946
73,80.99644546042853,67.0010857161136
73,80.99307498622485,67.00248989813227
73,81.00095871309804,67.01490657619517
74,80.98728805932552,66.99078827519735
74,80.98600235512367,67.0019950436438
74,80.98842689762046,67.01262263423685
74,80.99445201204531,67.0053457224087
74,80.9976532038418,67.01391908540229
74,80.99468790422709,67.0147764507612
74,80.99880468952736,67.01514714991357
74,80.99644248430933,67.00962531799196
74,80.99045346639677,67.00030045942205
74,80.99027705746516,67.00904367271465
74,80.99800042851747,67.01440594199286
74,80.97913546043172,67.00673198248025
74,80.99247926754539,66.99702203879971
74,80.97642025914934,67.00026440592161
74,80.97883888248582,67.00669083983134
74,80.99530737763313,66.99765156075885
74,81.00225244177955,66.9951136446514
74,80.9838892555052,67.00734457776295
74,80.99721131233572,67.01148772460131
74,80.99311475245013,67.00993925153084
74,80.99685313728264,67.007570370349
74,80.99396492180962,66.99773537649462
74,80.97749352883619,67.00403419959636
74,81.00529510051004,66.9948435324961
74,81.00088426338807,67.00459008023388
74,81.0014570010275,67.01408719616333
74,80.9922897714934,67.00364950293338
74,80.9833640944832,66.9896051025873
74,80.98339002210608,67.01297201461476
74,80.99295649405065,66.98803266495618
74,80.98340463709766,67.00949875684165
74,80.9957016422973,66.99932960388868
74,80.99254418143853,66.9887117596966
74,80.99921654628132,67.01027272054091
74,80.99447209767614,67.01306373608213
74,80.99500121471144,67.01075251979996
74,80.99709003188373,67.00225094346447
74,80.98513736024874,67.01266450549392
74,80.98693864156714,67.00578028597992
74,80.99927443967313,66.99128966416858
74,80.99387521662335,67.00343069186552
74,81.00364543095928,67.00668231316332
74,80.99908395331632,67.01002321017192
74,80.98519316860279,66.99136496723997
74,80.98676591602468,67.00055229604264
74,80.99024217564724,66.99357634428252
74,80.99527433140148,67.01542409141594
74,80.98620402281358,66.99138695425559
75,80.98035831092385,66.99786374471957
75,80.98100423839574,67.01114264823667
75,80.98084895797993,66.99900032795554
75,81.00241763149265,66.99471374307582
75,80.98752203204499,66.9989241282062
75,80.97849921551565,67.00367997125002
75,81.00193516552787,67.00592816473383
75,81.00522617541263,67.00546024410797
75,80.98676653975937,67.00530563034216
75,80.99782553864235,67.01244619123283
75,80.98383481183845,67.00659551674786
75,81.00635542814571,67.00010676521838
75,80.98662975364448,67.00672431792252
75,81.00263002598452,66.99478057520362
75,81.00483429188617,67.00137517791526
75,80.99168457103009,67.00827530739706
75,80.98533109389761,67.01438871727343
75,80.9934747356744,67.01120872055239
75,80.99800774757766,67.01534531563446
75,80.99377389053919,66.99356060693665
75,80.99338909926546,66.99143620038274
75,80.9824801572027,67.0067569793649
75,80.99103257227469,66.99404282939174
75,80.9943803574369,67.01684055357953
75,80.98728894402002,66.98982022242603
75,80.97849921551565,67.00367997125002
75,80.99226311584387,67.00334809798504
75,80.98071629923531,67.00676496369279
75,80.99431939130737,66.99891435370427
75,80.99193196271105,67.01179238814711
75,80.9892869497564,67.00692567060476
75,80.99726348729685,67.01397353011163
75,80.97724875012896,66.99903479886439
75,80.98719574999927,66.99187920885831
75,80.98548411386973,67.0083688645319
75,80.98397989925097,66.99688703598562
75,80.98642658244741,66.9983026192062
75,80.9835957134787,66.99224588403817
75,81.0019710087468,67.00468412513452
75,80.98484623666752,67.00314716566477
75,80.98519316860279,66.99136496723997
75,80.9954796961757,67.00057585113095
75,80.98886379576241,66.9996497365355
75,80.98123019544906,67.00428035335223
75,80.98918407552969,67.01016860616767
75,80.99593472781439,66.98813420986038
75,80.98093361214039,66.99635070794038
75,80.98700936929018,67.000400034741
75,80.98274575662556,66.99984269269055
75,80.98510014738184,66.9996755205328
75,80.99160084075379,67.00613590701342
75,80.98556661270229,66.99179586996802
75,80.9902468190615,67.01543341596005
75,80.99123904897664,67.0051922410292
75,80.98638586474858,66.9966162200768
75,80.99475014117,67.01542305266639
75,81.00186156146307,67.00695384109991
75,80.99745010459635,67.01389000681174
75,80.99252290942793,67.01545627299583
75,80.98119312696089,67.00706262429792
75,80.98933719903543,67.00750127902515
75,81.00259663444581,67.00783740000233
75,80.99771970451424,66.99334476726573
75,81.0045926641837,67.00254347066449
75,80.99045269275133,66.99458594513702
75,80.98619446574367,67.01507321128673
75,80.98978070796224,67.01145681817881
75,80.98803110922752,67.01727262205671
75,80.98969541287003,67.01299475549943
75,80.99431939130737,66.99891435370427
75,80.99639729439562,67.01171309386721
75,80.99221628887047,67.01012734133953
75,80.98259709616578,67.00957135594497
75,81.00030942332232,67.00829467237293
75,80.99030239319627,67.00985346836589
75,80.99527370892392,66.99407991520346
75,80.99729111418351,66.99285317784965
75,80.99591966405289,67.0017750173947
75,80.99458504820593,67.00661021125416
75,80.98120471240763,66.99700124131235
75,80.98040364318528,67.00235773712069
75,80.98915405729757,67.00660998808915
75,80.99304485188277,66.99732746623457
75,81.00049851323438,66.99011449062692
75,81.00542118483853,67.00284635234038
75,80.98811736378573,66.99771011472136
75,80.98911808590549,67.00156495647778
75,81.00031761870946,67.01370888353898
75,80.98761882013571,67.00167394273097
75,80.98062273467247,67.00239245234863
75,80.99282608325079,67.0058453121874
75,81.00374033336593,67.00948345480441
75,80.99798524052379,67.01488572921224
75,80.99954821203566,67.00045539463221
75,80.99825127213963,66.98964885948747
75,80.98531364783885,67.00501114367454
75,80.98914848447107,67.01675314407079
75,80.985390223813,66.99725390446231
75,81.00223590214858,67.01065081958713
75,81.00206716724406,67.0026260023442
75,80.98220550970446,67.0063957384574
76,80.996805082812,67.00613599779376
76,80.98904248325248,67.01517868116711
76,80.98699204695221,66.99052083721055
76,81.00297639118011,67.00688414230366
76,80.99011546159333,67.00474551498105
76,80.99006213217125,66.99507941962361
76,80.99190565604958,66.99838868275266
76,80.98403760163012,67.01107526346856
76,80.99510505544465,66.9997303968877
76,80.98494590774499,67.01161958439513
76,80.99314211151899,66.98992277208625
76,80.99064390196807,67.00057256227777
76,80.98976238798011,67.01000745920219
76,80.99720998813748,66.99024791226677
76,80.99527433140148,67.01542409141594
76,80.99903741048736,67.01085105961766
76,80.99094566134791,67.00472750253438
76,80.99123656771886,67.01736180017075
76,80.99616287446993,66.99522992592934
76,80.99542924573247,67.0153919831867
76,80.97868203336047,67.00749632103198
76,80.99328591331384,67.00693377140573
76,80.99615512179562,67.013540817353
76,81.00302081886706,67.00897146184178
76,81.00488316377523,67.00837733433013
76,80.97900371543928,67.00451060646465
76,80.98104519405919,67.0130787154925
76,80.99479591774194,67.00300699460973
76,81.00002674454213,67.00995182765635
76,80.98774687678218,66.99422144549503
76,80.98965191362113,67.00076644802724
76,80.98574828298358,67.01147804705717
76,80.97747757481713,66.99872783893623
76,80.99231695245945,66.99495479732524
76,80.99105551795297,66.99854606824788
76,80.99329137790313,67.00031010850806
76,80.98947278655133,67.01614705219184
76,80.99009033878741,66.99134266939885
76,80.99964392806812,67.00023636855843
76,80.9781247450664,67.00228473135749
76,80.98459039661155,67.01113592078815
76,80.99412989476464,66.99612109916802
76,80.98325829836502,66.99071772591111
76,80.9905359016884,67.00574397899933
76,80.99235967107404,67.00880135069077
76,80.98773828006347,67.00877081449983
76,81.00467414530063,67.00739734700603
76,80.98192221898036,66.99656632044034
76,80.98190687602452,66.99239524875152
76,81.00488302847164,66.99400947748941
76,80.99484504662964,66.99671191632383
76,80.98236347086026,66.99532958144736
76,80.99107027645273,67.00515264876819
76,80.993918642282,67.0096015415509
76,81.0008392026219,67.0051171905138
76,80.99016934710991,66.99947659610581
76,80.99734107594006,66.99825462652971
76,80.99991244465724,66.99308162637956
76,80.99840210521643,67.00555319569581
76,80.99995583920654,67.01560130267917
76,80.9970952229465,66.99636747714823
76,80.99149159825782,67.01071874661093
76,80.98191221698936,66.99588141768372
76,80.99697334592672,67.00149833517607
76,81.00528654696589,67.00705478639912
76,80.98446111889984,67.00616114539409
76,80.98702643057585,66.98777326965532
76,80.99921000555689,67.00483498963303
76,80.98195761477332,67.00239006869992
76,80.98952722932354,66.99340061310673
76,81.00508522288396,67.0083145445261
76,80.98864476001593,67.00986395665538
76,80.99439061416,67.00276658394742
76,80.98519716626078,67.01372903509119
76,80.9799552765861,66.99982379940538
77,80.99598958142663,66.99031293971181
77,80.99479591774194,67.00300699460973
77,80.9784475769342,67.00576086059857
77,80.99240798846803,67.01376408519282
77,80.99863176500577,66.99983830802108
77,81.00461544112544,67.00364613234915
77,80.98162018049374,67.0007166239317
77,80.98609711991568,67.00547239133606
77,80.99160477171905,67.00899687459064
77,81.0043240331881,67.00279167419949
77,80.99656184590091,66.9974058209358
77,80.98539798220202,66.99922358599952
77,80.99059212945245,66.99340485285357
77,80.99616161231451,66.99877603857213
77,80.98325186736909,66.99244689509838
77,81.00366531716068,67.00856216566474
77,81.00285290542698,67.01329626002004
77,80.99410130463558,67.00509713340055
77,80.97701940546341,67.0021424016888
77,80.98526288423696,66.99085272616257
77,81.00188407021702,66.99384172268914
77,80.98478590152581,67.00950269113092
77,80.98325186736909,66.99244689509838
77,81.00313109482647,67.01255195709159
77,80.98963415314422,67.00595297189818
77,80.98918580035644,66.99326555405695
77,80.98462272815917,66.99923707308209
77,80.98609711991568,67.00547239133606
77,80.99791629203449,66.98828010295577
77,80.99104970399851,67.0147759585077
77,80.98191661444926,66.99624368083818
77,81.0005532445303,67.0016407020661
77,81.00242332208107,67.00230763235255
77,80.99635175877194,67.01450196615022
77,80.99623988224526,67.0074526345674
77,81.00470737162678,67.00118105255432
77,80.98710380049113,66.9924814032523
77,80.99155560147437,66.99133983431693
77,80.982424288069,67.01474501051125
77,80.9904580177704,67.00623643648416
77,80.99470835954845,67.00560586544636
77,80.981822586298,66.99411283516015
77,80.98447001399283,66.9966733282065
77,80.98508799625725,66.98826728355307
77,80.99037567075278,66.99157822421189
77,80.9848472712722,66.99083173477673
77,80.99342706225777,66.9941134055166
77,80.98376423087345,66.99752684564508
77,81.00672488809137,67.00428108405893
77,81.00209630444728,67.00659786955241
77,80.98773828006347,67.00877081449983
77,80.99103267146968,66.99635277002321
77,80.98247367074696,67.00834576055685
77,80.98862255189721,67.00713577068352
77,80.99455010875859,66.98786543261369
77,81.00366531716068,67.00856216566474
77,80.98801660607599,67.00871011435676
77,81.00041543880663,66.99098430562044
77,80.99747926755123,67.01264195363977
77,80.98473907634451,67.00324550634797
77,81.00601432563411,67.00013719267406
77,80.99949274851562,67.00984162235646
77,80.97637552742044,67.00453130642502
77,80.98062273467247,67.00239245234863
77,80.99372630731202,67.00449316960304
77,80.98644172817276,67.00162607609306
77,80.98237776889937,67.01361814802651
77,80.99640884717381,67.00465424316371
77,80.98683848997524,66.99563483555707
77,81.00147711290212,67.0054664433311
77,80.99705727075637,66.99957762846336
77,80.99310064967504,66.99005920359477
77,81.00128902097072,66.99169249895967
77,80.9915270925537,67.01281965497539
77,80.99756237381781,67.00824332285887
77,80.99894661213841,67.01016344690944
77,80.99149159825782,67.01071874661093
77,80.98774687678218,66.99422144549503
77,80.99498859433534,67.00410261004838
77,80.98093833692269,66.99394712820211
77,80.99993341980387,67.00403169254267
77,81.00186156146307,67.00695384109991
77,81.00365986204312,67.00798939145328
77,80.99309462837074,67.00772053808757
77,80.99607954733975,67.00634657197138
77,80.98987193566343,67.00651491230008
77,80.99043432774157,67.00149655453497
77,80.97738066481175,66.99977906685223
77,81.00228459585615,66.99360594041018
77,80.99860973768182,66.99009913293129
77,80.9999107140712,66.99202822636809
77,81.0005532445303,67.0016407020661
77,80.99044377339337,67.01612966086314
77,80.97941871804574,66.99584023447429
77,80.98499234776946,67.00156847641044
77,80.97806748727163,67.0057881590526
77,80.992828765678,66.99507136749155
78,80.984002729836,67.00480280989152
78,80.9905983341198,67.00072196769385
78,80.98701989312985,66.99774579566545
78,80.98715582644995,67.00950531111653
78,80.99144266153611,67.01205329014076
78,80.9976532038418,67.01391908540229
78,80.98092782923251,67.00741216499101
78,80.99818425628638,67.00319090944141
78,80.985468712735,67.00927644020365
78,80.98189050667455,67.01229127895994
78,80.99342719704597,67.00801676353062
78,80.98908462243271,66.98968874298963
78,80.99246296330593,67.00100405727595
78,80.98383903762198,66.99268027065546
78,81.00000085990983,67.01006799539886
78,80.98309569598028,66.99629253172287
78,80.9766347206851,66.99868806640819
78,80.97903989619073,67.00795689096748
78,80.98214718179628,67.00622813536923
78,80.98141824794017,67.0003613973766
78,81.00651974572392,67.00134863930019
78,80.99269223132998,66.99004837578717
78,80.99275435153142,67.0079825359775
78,80.994736511153,67.00392277468085
78,80.99925053643919,66.9888444725786
78,80.98868296001903,66.99268151623566
78,80.98905745993397,66.9949939643006
78,81.00128240651888,66.99945758422685
78,80.98904877148237,67.00016808879211
78,80.99104970399851,67.0147759585077
78,80.98710547291428,67.00304715343621
78,80.99370623599215,66.98933972243827
78,80.99532842366922,67.00963885822246
78,80.98996601015668,67.00993183092774
78,80.98056826196208,66.99331215572232
78,80.99640884717381,67.00465424316371
78,80.99734884712952,67.00111679391405
78,80.97860774533544,67.00803724363816
78,80.99462126943304,66.9923999143139
78,80.99875582674134,67.00996758880468
78,80.99678242736705,67.01018212951482
78,80.99904895919883,67.0111354188765
78,80.99580171813457,67.01469550526586
78,80.98164248808501,67.00186961812926
78,81.00173592479537,66.99868991694125
78,80.9778900937735,67.00806930050778
78,80.9883019247677,66.99298535004687
78,80.98161276038051,67.00273143658256
78,80.9963959142311,66.99679409070565
78,80.99386385652109,67.01208952662303
78,80.9921477145792,67.00377729909708
78,80.98666660180763,66.99022040727154
78,81.0020161925963,66.9959401886662
78,80.98411994726033,66.99649624207585
78,81.00311798165968,66.99512836390909
78,80.98912517589692,67.00800234872744
78,80.98246490051834,66.99985176009788
79,81.0222242563591,66.9830104341825
79,81.02031795892096,66.99624698143059
79,81.01365430364616,66.99368767456367
79,81.00846197866777,66.99746012718572
79,81.0274233853682,66.98668215202201
79,81.01623851440932,66.99449536347859
79,81.00761495379642,67.00214645683671
79,81.00742693011262,66.99579276128746
79,81.0095974047858,67.00028634401782
79,81.01708569324019,66.99672457267913
79,81.03041830639565,66.99515479263835
79,81.02910494048248,66.98936522191615
79,81.03126734873447,66.98823565710313
79,81.02642600037639,67.00071091660021
79,81.02720059311672,66.99521016692998
79,81.02792087951129,67.00323472853974
79,81.00696528425311,66.98927227432469
79,81.00566590806683,67.00261970268672
79,81.00934820301275,66.99256258113141
79,81.02003603972535,67.00281001349423
79,81.0210524243511,67.01090556029202
79,81.02585597378773,66.98676124738422
79,81.01584017915474,66.98524838806101
79,81.02875074179687,66.99073376994261
79,81.01768115591025,67.00468400202601
79,81.00955518278316,67.00358765455945
79,81.01670651583828,66.99587374234207
79,81.01682542763336,67.00381819690483
79,81.02165596059118,66.99105394225326
79,81.00732151839667,66.99172041631184
79,81.01890589632221,67.00281608501338
79,81.02531201895374,66.9924638465478
79,81.01563382471193,67.00091768162093
79,81.02513186227932,67.0017699796225
79,81.01345133623325,67.00307226396167
79,81.00737934957246,67.00009082723186
79,81.01810420841583,66.9995465348331
79,81.02110336991787,67.00428040709956
79,81.02629454632562,67.00398476636204
79,81.0117594332568,67.00030750271384
79,81.0093988336605,67.00827968974416
79,81.02334285701757,66.98524924940885
79,81.02154009087425,66.9934386839736
79,81.01121085952823,66.99785907306031
79,81.03398774605375,66.99731067029713
79,81.02625032087141,66.99454813478198
79,81.03104203627566,67.00323017575576
79,81.00846197866777,66.99746012718572
79,81.0171814990584,67.00122146476379
79,81.01351368121148,67.0068935471052
79,81.01173606497994,66.98633907930035
79,81.03031426372468,66.98676259905984
79,81.0238921542428,67.00314561634214
79,81.02796994202771,67.00294152877788
79,81.01615951273227,66.99584331529448
79,81.00391615722431,66.99635823863922
79,81.01940493926932,66.98608752449117
79,81.01860551424139,66.99875616137763
79,81.01586314880379,66.99451003661245
79,81.0090692747886,66.99095333530703
79,81.01491009616196,66.98584856635507
79,81.02405747551946,66.99649852485899
79,81.02091655163056,66.99474947124135
79,81.02897836126175,66.99416004946133
79,81.00514503878514,67.0015610635338
79,81.01180839335031,67.00495067906016
81,81.00825741738402,66.98716427851438
81,81.00154715241523,67.00426073836822
81,81.01550013292848,66.9931131709398
81,81.00469689360644,66.9889467003789
81,81.02272894472812,66.99532233461584
81,81.00317310589608,66.99203249443617
81,81.01786886327284,66.98651193461777
81,81.01201607670646,66.98477878618547
81,81.00206716724406,67.0026260023442
81,81.0197761480623,66.99014816119744
81,81.00212780191744,66.9989157632185
81,81.02246757191743,67.00332542880969
81,81.0159807617635,67.00039646255463
81,81.00303461774017,67.00455614200042
81,81.00949370378515,66.99480220268471
81,81.01420063723235,66.98974428102741
81,81.01793647768051,66.99352811034402
81,81.0159137837659,66.99394384643314
81,81.02208964201797,67.00259739638584
81,81.01321149359521,66.99934647639242
81,81.00363921909259,66.99894074844065
81,81.00206716724406,67.0026260023442
81,81.0154949442639,66.99267803052115
81,81.0013563245014,66.99498427871698
81,81.00543466500662,66.98935094800643
81,81.0178696892771,66.98525456181092
81,81.01527732712302,66.99660935345777
81,81.01059080466052,66.98934898232675
81,81.00627571742717,67.00591173268518
81,81.0152440416925,66.97987284029857
81,81.00697061997586,66.98558076362828
81,81.01409969126442,66.99932873992313
81,81.01869624933323,66.98173118211066
81,81.0148045893783,66.99130283331525
81,81.00128543802279,66.98072858727362
81,81.00878275840554,66.99678278415303
81,81.01169137236434,66.98494074244437
81,81.0086577187912,66.98756852408887
81,81.00945306319204,66.98592931174754
81,81.01555567589044,66.98546635702954
81,81.00881000935902,66.99100385897569
81,81.01851835258785,67.00044169841117
81,80.99849954171441,66.98381234103502
81,81.00864350383759,66.98854264896478
81,81.0001742806768,67.00061128664754
81,81.00236541330895,67.00224112592826
81,81.01841587182642,66.99432857638259
81,81.00775474492679,66.98726063674768
81,81.02075876613623,67.00052537820685
81,81.01579620690666,66.99643743283313
81,81.01453758591852,66.98999323748596
82,81.0068396469412,66.97990593720091
82,81.01879601813937,66.99028759243608
82,81.00652910663408,66.98823058738957
82,81.02353797812118,66.99940745209285
82,81.0051504836398,66.99139610625693
82,81.00839518584816,66.98183324004995
82,81.0103669911165,67.00241033905098
82,81.01454103295183,66.99625186712922
82,81.01411190582444,66.99608828105647
82,81.00280450558805,66.98292092228986
82,80.99720027229411,66.98995780990742
82,81.00787184325823,66.97924983633804
82,81.00399523907083,66.99599656073762
82,81.01690336866218,66.98924387934969
82,81.0042270664925,66.99937025159473
82,80.99709227094547,66.99851289855337
82,81.01918729145372,66.99952726731946
82,81.00899311352916,66.98650297513107
82,81.01115772919403,66.98557737318531
82,81.01443555187548,66.99654500961249
82,81.01999882293049,66.98377090613135
82,81.00619820450774,66.98664685340263
82,81.00978183616947,66.99034062892316
82,81.00739816899745,66.99016886761547
82,81.01619185312036,67.0078793557987
82,81.00954034802473,66.98864955579646
82,81.00422682410108,67.0062505856365
82,81.02179434011933,66.99204697261658
82,80.99654160345148,66.98890517562651
82,81.01836195327989,66.99519967324692
82,81.00214578453071,66.99091004345475
82,81.0074156712516,66.98550163828436
82,81.0051268982267,66.99862618232137
82,81.01514340608915,67.00476106482785
82,81.0061096813714,66.98121891738182
82,81.00128716335611,66.98975698035586
82,81.00041543880663,66.99098430562044
82,80.99624480498896,66.98745189119897
82,81.01184295317371,66.99686785625532
82,81.00724650718082,66.97817362997867
82,81.00756753537429,66.99531655051716
82,81.01395747152608,67.00750687167204
82,81.0126176362657,66.99992772570924
82,81.00498514991232,66.99122315993202
82,81.00622796147304,66.99878093378564
82,81.02349337816568,66.98664352735145
82,80.99852396956233,66.99077901496653
82,81.01186158271754,66.99838429114513
82,81.0166869779816,66.98232769224865
82,81.0223152619262,66.99263497926596
82,81.01501861574201,67.00354147951909
82,81.0090249051931,66.9796339966359
82,81.01464832944433,66.99850053264004
82,81.01856835776825,66.99445741006019
82,80.9969880382311,66.99276790038851
82,80.99790474613188,66.99355528896339
82,81.01139104910669,66.98190609229628
82,81.00483318598516,67.00443897627925
82,80.99651949304337,66.99277894085179
82,81.01342242998984,66.98241128405124
82,81.01144693239856,66.9845124152818
82,81.01027009382628,66.99327811563948
82,80.99600844791712,66.99217224474748
82,81.01374061566823,66.98114030765693
82,81.00643660648751,66.99971013442583
82,80.99791994299386,66.98888128788599
82,81.00747022750399,66.97802055589804
82,81.00643168693755,66.99288198926486
82,81.01104341288034,66.98806457123776
82,81.01890589632221,67.00281608501338
82,81.0254150680152,66.98851165449922
82,81.01766966936555,67.00133717322137
82,81.02497861009608,66.99131130667601
82,81.00562096415048,66.9927618981431
82,81.00955336692628,66.99116359548353
82,81.02323938355704,67.00255038826526
82,81.01200843296921,66.98153263360014
82,81.01747811086547,67.00047507712071
82,81.01042093610629,66.99774440344478
82,81.01497033306964,66.98875051005683
82,81.02190518429222,66.99130701169084
82,80.99625704775812,66.99916989783873
82,81.01786023175649,67.00297615788388
82,80.99852396956233,66.99077901496653
82,81.01857211827699,66.98175951138361
82,81.01675096455259,66.9985859176947
82,81.01006065576982,66.98017598347448
82,81.00781561572539,66.99515163356809
82,81.01032834932478,66.98240196892972
82,81.02406043570495,66.98677781416244
82,81.0077611452796,66.98653054897166
82,81.02319291336805,67.00006762719019
82,81.01441399688113,66.99785631362592
82,81.00174441862295,66.98506669265684
82,80.99909188428052,67.00229520890491
83,80.99189560173758,66.9892903965481
83,80.98793641986201,66.99815599194953
83,80.99612750212104,67.00247278737724
83,80.99436022195631,67.0146772460345
83,80.98062273467247,67.00239245234863
83,81.00514503878514,67.0015610635338
83,80.98901497130493,66.9907572383165
83,80.99945172909413,67.00101592064948
83,80.99801613101913,67.00654324761413
83,80.99011546159333,67.00474551498105
83,80.99066501668511,66.996455614004
83,80.99042848287722,66.9932891528655
83,80.98431280023095,66.9982499541773
83,80.98289682396701,66.9944457914776
83,81.00430323157524,67.00321597492146
83,80.99848237993966,66.99579963992608
83,80.99493138522791,66.99445004771134
83,80.98593200756169,67.00374187537878
83,80.99568297503207,67.00099769067509
83,80.98412421051506,67.0094205344428
83,80.9793718768352,66.99540894618136
83,80.99202624186348,67.00362721749833
83,80.98728156538884,66.997647738186
83,80.9922601285843,66.99363718324364
83,80.98480063659359,67.00134418283201
83,80.98437761435741,67.0088068562775
83,80.9789150318593,67.00659669042604
83,80.98478996304837,66.99618819934683
83,80.99195994767459,67.01296783053189
83,80.98035506748649,67.00918699044671
83,80.98990567247242,67.01351823140922
83,80.99011812124635,66.9971466425169
83,81.00263263316472,66.99208242127831
83,80.9935310163741,66.99585254738886
83,80.99633644029873,66.99800283794237
83,80.98149763638614,67.01248438273021
83,80.99361288425705,66.9994084602766
83,80.97631752774282,67.0006999385823
83,81.00639087249397,67.00749976101407
83,80.98053907632652,67.00320352453764
83,80.99868020017928,67.01320344617334
83,80.99462389899927,67.0136184937364
83,80.99612750212104,67.00247278737724
83,80.98309186181632,66.99906205776352
83,80.98897053781438,67.01532293076757
83,80.98179728402826,67.01169634933518
83,80.99126716865386,67.00051068626276
83,80.99123656771886,67.01736180017075
83,80.99839428002191,67.00213404546128
83,80.99304796332713,66.99477714517595
83,80.99113416756859,66.99311695056157
83,81.0014800358557,67.00792079638904
83,80.98770442575288,66.99847092381417
83,80.98158119604032,66.99890470315744
83,80.98067021154634,66.99731721750369
83,80.98202858410497,66.99922475086032
83,80.99213712016561,67.01321985184337
83,80.98325225658925,66.99188103546024
83,81.00186156146307,67.00695384109991
83,80.98209256512531,66.99015662333187
83,80.98093833692269,66.99394712820211
83,80.99947343344598,67.00099646933262
83,80.99461380325289,66.9985370222354
83,81.00361521734473,66.99845057980473
83,80.98376724064812,66.99324268685713
83,80.98642341539815,66.99245247414376
83,80.99220883440046,67.01156397240972
83,80.99159274049427,66.98740825366178
83,81.0011413582486,66.99694494532703
83,80.98315328715118,66.99739391768762
83,81.00143593687956,67.00339413285421
83,80.9958609479013,67.0123636368352
84,81.00187702458764,67.00150302812126
84,80.99126134246599,66.9944391311892
84,80.99800774757766,67.01534531563446
84,80.9840803598037,67.0028712021454
84,80.9878923078369,66.99379339302499
84,80.97945126099812,67.00038794878012
84,80.99371144415124,67.0044296210029
84,80.99712354306365,66.99604925362476
84,80.99546956111259,66.99375691217753
84,80.99074230455913,67.0080964118636
84,81.00027865648023,66.99608431448438
84,80.99740953646383,67.0150001667316
84,80.9978967829146,66.999718271969
84,81.00288788371198,67.00921956792901
84,81.0032659210448,67.00326162000532
84,81.00303528575344,67.01125162333284
84,80.98001887788327,67.00914809378544
84,80.99248906558397,66.99026663734985
84,80.9987593955338,67.00980444798529
84,80.9964030103741,66.99508773186575
84,80.98579959669088,67.00570556178808
84,80.97969144400365,67.00752718817097
84,80.99985752953849,66.99958912266676
84,80.98889262679376,67.01555677484512
84,80.98831494983972,66.99267580965854
84,81.00721112951915,67.00443161971997
84,80.9933754530504,66.99530161417222
84,80.98359485315686,66.99723584192672
84,80.98735305208747,66.99596360698514
84,81.00333532064673,67.00958225744715
84,80.98574828298358,67.01147804705717
84,81.00151316943096,67.00122585664586
84,80.99484504662964,66.99671191632383
84,80.98192221898036,66.99656632044034
84,80.99329137790313,67.00031010850806
84,80.99690710451812,66.99656953557137
84,80.99126716865386,67.00051068626276
84,80.98625768670621,67.01014728771564
84,81.00305676130388,67.0072823605301
84,80.98837409567454,67.00411448075594
84,80.99115958094006,66.99827706175668
84,81.0057032494319,67.00743747361757
84,80.9958609479013,67.0123636368352
84,80.99136080468239,66.99802391782362
84,80.9828321999144,67.00088147005346
84,80.98056826196208,66.99331215572232
84,80.98041020980317,66.99749545559399
84,80.99591106113265,66.99581417478353
84,80.9851624282224,67.00324141814136
84,80.99709227094547,66.99851289855337
84,80.99371144415124,67.0044296210029
84,80.99759748065891,67.00072829276708
84,80.98373240616048,67.01116164251457
84,80.99020292953973,66.98946129364238
84,80.99377689257996,67.00909046987942
84,80.98246490051834,66.99985176009788
84,81.00310553086075,67.01266092222583
84,81.00495187234667,67.00832437350444
84,80.99819239335308,67.01490250165338
84,80.99875932854076,67.00756852280504
84,80.99734286694044,66.99443815924859
86,80.9843718502749,67.01275933003853
86,80.98995901860782,67.01388009382188
86,80.98623592468962,66.99513623062208
86,80.97989096153093,67.01194621794504
86,80.99304485188277,66.99732746623457
86,80.98412421051506,67.0094205344428
86,80.98970450748013,67.01156990763717
86,80.9909919595824,67.00506021327139
86,80.99614575235655,66.99235084011927
86,80.98351834641112,66.9978309692605
86,80.99162605681877,67.00197678511955
86,80.9879538428739,67.01174209550526
86,80.98105616629881,66.99576713267913
86,80.99452680369745,66.99815656460402
86,80.98543249648053,66.99494707099285
86,80.99536947050507,66.99384445424695
86,81.0045948020377,67.00514620078863
86,80.99552923211752,67.00846150746241
86,81.00653178320529,66.99724101768788
86,80.99290672292196,67.00640420633606
86,81.00391042411835,66.9989594505498
86,81.00171219468373,67.01045022327361
86,80.99234971837944,67.00800387574643
86,80.9946757751513,67.00056909523646
86,80.9954811021156,67.01337358433283
86,80.98098084067603,66.99441883472943
86,80.98877624200395,66.99978011269282
86,80.9833683082515,67.00480511138086
86,80.97924529133822,67.00278500112483
86,81.00302081886706,67.00897146184178
86,80.99011620750561,67.016631632611
86,80.99744523163059,66.99788254826446
86,80.99062716149612,66.99756396518633
86,80.98921830820748,66.9961561229488
86,81.00575239305306,66.99767023190735
86,80.981751481739,67.006418476448
86,80.98312886924325,66.99295105560212
86,81.00378807445031,66.9989755506567
86,80.98242351609514,66.99382425316905
86,80.98509481684584,67.00135995777816
86,80.98669178310054,67.00728225394113
86,80.9813044448511,67.00366539432613
86,80.99763424806618,66.99281852949517
86,80.99492195504048,67.00020761746242
86,80.9795605561648,66.9972194724482
86,80.99513383213132,67.00593809428447
86,80.98661850452498,67.01192756532252
86,80.99994214476163,66.99840572579956
86,81.00514503878514,67.0015610635338
86,81.00458956551495,67.00056300479568
86,80.97892467737238,66.99544258772634
86,80.98131200617999,67.00256989816053
86,80.99065372030105,66.99681635601948
86,80.99616161231451,66.99877603857213
86,80.99304850971967,67.0134727409898
86,80.9836304417497,67.00376691887985
86,80.9951188526657,66.9898400901501
86,80.99445165604821,67.01353906528684
87,80.98822292502341,66.99568317290266
87,80.99240798846803,67.01376408519282
87,80.99065189167924,67.00621983744975
87,81.00577146175013,67.00137923195027
87,80.98881328953226,67.01179324262849
87,80.97832533685053,67.00644558297017
87,80.98039263378584,67.00111625314408
87,80.99947121689858,66.99233363209738
87,80.99369062402603,67.00597130476898
87,80.98195058198755,66.996320432713
87,80.9943974275133,67.01628489027253
87,80.97796289258598,67.00007493242767
87,81.00592857801014,67.00821157283504
87,80.99233516538649,66.99733200463675
87,80.98728805932552,66.99078827519735
87,80.98467813103844,67.00134814494803
87,80.99214231710741,66.9983099792573
87,80.97656313140428,67.00523457769036
87,80.98870781383299,67.01073290211103
87,81.00170691481114,66.99257918569575
87,81.00217363960633,67.00497691682912
87,80.99964392806812,67.00023636855843
87,81.00072287124,67.00442871406983
87,80.9817809087636,66.99406877841243
87,80.99157310368525,67.00621433877397
87,80.97963836892923,67.00552294223507
87,81.00593571241355,67.00072347152971
87,80.98195017126731,67.0046233985729
87,80.97630485953343,67.0043833822717
87,80.98734038003387,66.99497952920163
87,81.0003426008868,66.99582675912417
87,80.99166531563179,66.9948560605982
87,81.00048902480611,67.00361282527304
87,80.98588766652523,66.99945937382188
87,80.9784456595776,67.00518432452768
87,80.98601898990445,66.9982558980415
87,80.98781670429467,66.98840744242003
87,80.99500121471144,67.01075251979996
87,81.00521511290127,67.00742425184032
87,80.99993341980387,67.00403169254267
87,81.00077695494366,66.99197886007317
87,80.9933754530504,66.99530161417222
87,80.99375327707367,66.99043071205334
87,81.00036761739098,67.00051329969652
87,80.98782889034088,67.00811784491067
87,80.99224754506899,67.00139193183466
87,80.99335939565324,66.99403733959102
87,80.97755219197325,67.00678849520041
87,80.98358832443328,66.9948982679884
87,80.9859404867664,66.99440486800712
87,80.98867841852783,67.01308297143231
87,80.98440778600391,67.00826304811655
87,80.9932040563059,66.99876858750042
87,80.9996473169758,66.99311883195385
87,81.00311798165968,66.99512836390909
87,80.98963834748493,67.00453576912979
87,80.99030239319627,67.00985346836589
87,80.99476233890132,67.01004242989355
87,81.001687415051,66.99785410699954
87,80.99585727332516,67.01249402765197
87,80.98829627031738,67.01307656468762
87,81.00461542527734,67.01081373964662
87,80.9859186421115,67.00523338819542
87,80.99382775159187,66.99976591986547
87,81.00352944365986,67.0071366458345
87,80.99034464819948,67.0133758682977
87,80.98425570731936,66.98910429410027
87,81.00311798165968,66.99512836390909
88,81.01368453510732,67.00055586270115
88,81.01499554655145,66.99242484449574
88,81.01951823336017,67.00176889854848
88,81.01199689356102,66.99397059862952
88,81.01291841893966,66.99605264678094
88,81.01361640873725,66.99431570804784
88,81.00983137276113,66.98523917898898
88,81.01116591041432,66.99494467998495
88,81.01047977025597,66.99684037042815
88,81.00825582176651,66.9952294252533
88,81.00127336172118,67.00044867972241
88,81.00106257176309,66.98183147867394
88,81.00887589894651,66.99544025203168
88,81.00009695424717,66.99211102185211
88,81.00096531521864,67.00429909425456
88,80.99662722890133,66.99140768196436
88,81.01813737664541,66.9947141234514
88,81.00394056628592,66.9833468339573
88,81.01577980631969,66.98463980816229
88,81.01432114539615,66.99002686930429
88,81.01496811481131,67.00216637666722
88,81.00925662389169,66.99586262193336
88,81.00345960237414,66.98458082126103
88,81.00044033270791,66.98904761643209
88,81.00558523240021,67.0016225856117
88,81.0051585884127,66.98472637411368
88,81.01958384172983,67.00183401994776
88,81.0185195363682,66.98692158226866
88,81.0061202546608,67.00809560221317
88,81.01329800732975,66.99695494122719
88,81.00378807445031,66.9989755506567
88,81.0092453465825,66.98124192676391
88,81.00512004477974,66.9934866897707
88,81.0036811897617,66.99139675211538
88,81.00672559731277,66.98639383024472
88,81.00163866693849,66.98098970992592
88,81.01162801428785,66.98156638573252
88,81.01760503660401,66.99415456043126
88,81.02240547296552,66.99260159333348
88,81.01281296102891,66.98192608337266
88,81.00829109010374,66.99813334105271
88,80.99750757613984,67.0011635056775
88,81.01050093791073,66.98906189536693
88,81.00746571292214,66.99513182805548
88,81.01193837774083,66.9828963702888
88,81.02195805265075,66.99802597777312
88,81.01283910185832,66.9948564568021
88,81.00805943947934,67.00747342002883
88,81.02039827290601,66.98188106447283
88,81.01526282472445,67.0053248123829
88,81.00934155789956,66.9971106963778
88,81.01812494670025,66.98260607154077
88,81.02007355969994,67.00471151703431
88,81.00426825510078,67.00406016465031
88,81.00709230049823,66.98499219872107
88,81.02037625388382,67.00204428736839
88,81.01916833601543,66.98449543649775
88,81.01754918865872,66.98600058308743
88,81.01999436546289,66.98469511375562
88,81.00167967060231,66.99908062683159
88,80.99651949304337,66.99277894085179
88,81.00337081829241,66.97965578654981
88,81.01807550543852,66.98307778460132
88,81.01271968909923,66.98889436087487
88,81.01403556222199,67.0013611846543
88,81.01000578994459,67.00524369254235
88,81.00318146801109,66.98642718837826
88,81.01485934889122,66.99692064695691
88,81.00596606159756,66.98972679355694
88,81.01000578994459,67.00524369254235
88,81.01132834742998,66.99748749025731
88,80.99848237993966,66.99579963992608
88,81.00959430704137,66.98495086938665
88,81.01869098124637,66.994113911381
88,81.01141460471314,66.98160586257532
88,81.01113041596007,66.98516647434899
88,81.01996906056713,66.98521513678288
88,81.00820608728372,67.00134686480277
88,81.0082299299048,66.98801537118742
88,81.01988554820576,66.98949204437618
88,81.01590945359578,66.99102172804879
88,80.99810011080521,66.99973275206277
88,81.01943907294591,66.99258307406006
88,81.00244026021836,66.98461229421486
89,81.00836749857523,66.99773246652458
89,81.01239664907112,67.00304630126169
89,81.03089750823646,66.99296914794418
89,81.02496718661902,66.99906033285313
89,81.00820028882632,66.98558006475002
89,81.01838570674329,66.98336687077266
89,81.01417690088854,67.00786635995266
89,81.02546130457375,67.00137866323865
89,81.01409162061151,67.00234048784243
89,81.03074101449786,66.99631527011134
89,81.01896151429173,66.9942690808332
89,81.01396673529348,66.99387833484704
89,81.0308486830047,66.99964196785916
89,81.02281820434682,66.99733518085087
89,81.02382812404784,66.99875685749
89,81.02579032346033,66.99595059767783
89,81.00764054810904,66.9886567040584
89,81.02419470389219,66.99001573064275
89,81.01391560199012,67.01043944359637
89,81.01081232902284,67.00245460483562
89,81.02848531598256,66.99676870003388
89,81.01886405355758,67.00526948400272
89,81.01071760183318,67.00173412598377
89,81.02058440886626,67.00629300203134
89,81.01043925112691,66.99170617786217
89,81.02174553408089,66.98431114613285
89,81.00739650537851,66.99501203178643
89,81.02629068474103,66.99028069628109
89,81.01025959844567,66.99941865956751
89,81.02966920242454,66.99851513941968
89,81.01788893707719,66.98162185969386
89,81.02340506387087,66.99422518234073
89,81.02156389699559,66.99828411283018
89,81.01277056688282,66.99985033804404
89,81.01050093791073,66.98906189536693
89,81.01083309650768,66.9966500465637
89,81.01780694334498,66.98303909778605
89,81.0161209480987,66.99151355858123
89,81.02845203944672,67.00720430711479
89,81.01372791205829,66.98692171117987
89,81.00391042411835,66.9989594505498
89,81.02050261819022,67.00887729661765
89,81.02779497545218,66.99691391461829
89,81.0233609263335,67.00176529930222
89,81.02305209537204,66.9860599773669
89,81.01836195327989,66.99519967324692
89,81.03060416803064,66.99319313824063
89,81.01902169888075,66.9893858469131
89,81.02146430848875,66.99974701818023
89,81.02053319484392,67.00791584899022
89,81.02480601140408,66.99982748024068
89,81.01324884928025,66.99705402294599
89,81.01180839335031,67.00495067906016
89,81.01223154810762,67.00115999074985
89,81.0163290074215,67.00763506970311
89,81.00494842461418,66.99689172414608
89,81.0218362568043,67.00993257874616
89,81.02934677680847,66.99744199372655
89,81.02245008599483,66.99447072819142
89,81.01411557479608,67.00028114952592
89,81.01759309022924,66.98237076767764
89,81.02304678509532,66.99162030577055
89,81.02668169425772,66.98813145684105
89,81.02175248153952,67.00539359770852
89,81.01967315132072,67.00970162957847
89,81.01100453484224,66.99752967211302
89,81.01285815353587,66.98688110456327
89,81.02936722006443,66.99371836101531
89,81.0251331834431,66.99011796866871
89,81.03329118351162,67.00124135647513
89,81.00789953835907,66.99166159862614
89,81.02964899450097,66.99998408430727
89,81.01070514277033,66.98894917612824
89,81.01317108906237,66.99110178501077
89,81.02531201895374,66.9924638465478
89,81.02281820434682,66.99733518085087
89,81.0116317210342,66.99946815821875
89,81.00790582069759,66.992869615129
89,81.01027143266889,66.98600825208295
89,81.00781561572539,66.99515163356809
89,81.01280057751256,67.001248079343
89,81.03096547174312,66.98832033860552
89,81.02296027235334,67.01088417094935
89,81.00458446362663,66.99213516003125
89,81.01671791816557,67.00530069919648
89,81.02749990438028,67.00513480213233
89,81.02608543240606,66.98931213209505
89,81.0198705556811,67.00306476785194
89,81.02825715447193,66.99254382414848
89,81.01270691323828,66.99451529800349
89,81.01955898932303,66.98413927197241
89,81.0240054056607,66.98563370975248
89,81.0162008536136,66.99488790739194
89,81.0222664005232,66.98452732459002
89,81.00714084716533,67.00624619138907
89,81.01895796736778,66.98485738247828
89,81.01277056688282,66.99985033804404
89,81.02116500380471,66.99275928584807
89,81.00823581838767,67.00199362711422
89,81.00580624356225,67.0032830813003
89,81.0079097072155,67.00540667412548
89,81.01730824359896,66.98242777281584
89,81.02660970254622,67.00168644532243
89,81.01152966570217,66.98447597760857
89,81.00501180835029,66.99510088626093
89,81.02585809742963,67.00975878650988
89,81.01786886327284,66.98651193461777
90,80.99800774757766,67.01534531563446
90,80.9794472575375,67.00920376581443
90,80.98521150847823,66.99167509245174
90,80.98588766652523,66.99945937382188
90,80.97855777574254,67.0087011827923
90,81.00187080950055,67.00600205831863
90,80.98205564052783,66.99016687965087
90,80.98595660963656,67.00233703647994
90,81.00361629356631,67.00850772955872
90,80.99643137037437,66.99461274554146
90,80.99190285254447,67.00142046882078
90,81.00151316943096,67.00122585664586
90,80.99012031935577,66.99809748461537
90,80.99343506297188,66.99161428964509
90,80.98712761500698,66.9984880105858
90,81.00200757081329,66.99291655222304
90,80.99649464326986,67.00971737610732
90,80.99802260136053,66.9882533557347
90,80.98189050667455,67.01229127895994
90,80.99798351632766,66.98993820900489
90,80.98160356126306,67.00659568912023
90,80.9962405147837,66.99210871306082
90,80.98976340198062,67.00405409526957
90,80.99282329010005,67.00202099497123
90,80.99483591758107,67.01747151456419
90,80.99068470838878,67.01177475398148
90,80.99622572893642,66.99057520013469
90,80.98213771769748,67.00586030734036
90,81.00508578604295,67.0024288875135
90,80.9813044448511,67.00366539432613
90,80.97961360394119,67.0120680494285
90,80.99619834026446,66.99567365902209
90,80.9846759153472,66.98922251023771
90,80.97681891658654,66.99913603392093
90,81.00080881868621,67.00909581834429
90,80.98710380049113,66.9924814032523
90,80.98325225658925,66.99188103546024
90,80.99977132887125,66.99799516298361
90,80.99130106176324,66.9954684341443
90,81.00485381376421,67.01068020537396
90,80.99112393151088,66.99678303333735
90,80.98523419478954,66.99495997741835
90,80.99202480289561,67.00083640575724
90,80.98949685855516,66.99921772376003
90,81.00365986204312,67.00798939145328
90,80.98357150179118,66.99703706038008
90,80.98661457616213,67.00140683675906
90,80.9851209926725,67.0164349643806
90,80.98948606829505,66.99328387748375
90,80.98708170221934,67.00848176146032
90,80.99602946848589,66.99812337775126
90,80.98513661973487,67.01555202526073
90,80.98543562308004,67.00209596411133
90,80.98299862920248,66.9978282714262
90,80.97940200363807,66.99631472996386
90,80.98806220718204,67.01712496123382
90,80.9833640944832,66.9896051025873
90,81.00389093895973,67.01010274252609
90,80.99769673770135,66.9887608405937
90,80.9858337412578,66.99528795161687
90,80.9926806401081,67.00871475131142
90,80.9859810841945,67.01315049928627
90,80.99977132887125,66.99799516298361
90,81.00307539283035,66.99176531702022
90,80.98736495893851,67.00044566089618
90,80.980078162836,67.00491820758094
90,80.98120471240763,66.99700124131235
90,81.0061806331027,66.9974405228121
90,80.992960978631,66.98757149055356
90,80.98457807765689,67.00472858591232
90,80.98677203459175,67.00011712273756
90,80.99538122427285,67.00518199687119
90,80.98719574999927,66.99187920885831
90,80.9937290559143,66.99281214766947
90,80.98321248816872,66.98967599710595
90,81.00204245838952,67.00029933625977
90,80.99065372030105,66.99681635601948
90,80.97862152674998,67.00195007843104
90,80.99027705746516,67.00904367271465
90,80.98274140737003,67.01306002148907
90,80.99934897013024,67.00355965309991
90,80.98349394883049,67.01087409017222
90,80.98521150847823,66.99167509245174
90,80.98868296001903,66.99268151623566
90,80.98494716225798,67.00785981446309
90,81.00643660648751,66.99971013442583
90,80.9907002328592,67.01375212918582
90,80.98994222855364,67.00191106777119
90,80.98340463709766,67.00949875684165
90,80.9921478077525,66.99863696499666
90,80.98407051918812,66.99870257353012
90,80.99364402125562,66.98796593237444
93,81.00545217602226,66.99192835038119
93,81.00703064547386,67.00623041537595
93,81.00925662389169,66.99586262193336
93,81.01313221768338,66.98906517218387
93,81.00568689569906,66.98891125461377
93,81.00141567144246,67.00276391765196
93,81.00106661439345,66.98095296763287
93,81.00175620093822,66.98522737330256
93,81.01877320762868,67.00692424733423
93,81.00156141341816,66.98553659486731
93,81.0223152619262,66.99263497926596
93,81.02285818098491,66.99430126700102
93,81.02093251702658,66.98779026602963
93,81.00188407021702,66.99384172268914
93,81.01896151429173,66.9942690808332
93,81.00873886855273,66.9899313239267
93,81.00966011044,67.00579880269812
93,81.0164935711881,66.99883104188902
93,81.01697476932301,67.0039677439045
93,81.00983137276113,66.98523917898898
93,81.00200940228791,66.98904155756678
93,81.00145527607543,66.98883264838967
93,81.00483318598516,67.00443897627925
93,80.99979372238703,67.00337674558217
93,81.00652966701927,66.9930457451583
93,81.0255591472076,66.99696427101973
93,81.01886876895983,66.9854797837485
93,81.00646182728701,66.99320037017087
93,81.01369445261703,67.00454569688159
93,81.00819759855433,66.99471287196735
93,81.0102497171869,66.98131925336281
93,80.99541324300152,66.99586284174046
93,81.0125907184408,67.00670215764728
93,81.00056389927543,66.99610761499072
93,80.99825127213963,66.98964885948747
93,81.02129317362622,66.9870007914955
93,81.00632561509808,66.98463449442829
93,81.00206812198347,66.99941147885097
93,81.00239368168293,66.98143317887777
93,81.00919147707847,66.99460618167925
93,81.02000882905469,66.987094066201
93,81.00457541484334,66.99326679020967
93,81.01335844203582,66.99226870898637
93,81.01984720435502,66.9968512959936
93,81.00482452343114,66.98625654179027
93,81.01485896896763,66.98813050312965
93,81.02557363023904,66.99713584899753
93,81.00954633856004,67.00255252126199
93,81.02509200626861,66.99832187851962
93,81.00072531265772,66.9821244503609
93,81.00139681323071,66.99806256244631
93,81.01794802150589,67.00055089205067
93,81.01897017200262,67.00169502496567
93,81.0032661014592,66.9968334939956
93,81.00477955711193,66.99769925519811
93,81.01690336866218,66.98924387934969
93,81.00979211831977,66.98506535313014
93,81.0214744978287,67.00072475424172
93,81.02245008599483,66.99447072819142
93,81.00358750639559,66.99885022603857
93,81.00590515111486,67.00112352972275
93,81.002689050142,67.00244992220846
93,81.0017693951582,66.99741737506459
93,81.01096310312792,66.98613332842146
93,81.00103844533888,66.99221257536819
93,81.00416360216927,67.00593037394407
93,81.01322447376123,67.00337234920201
93,81.01467226677589,66.9840371812967
93,81.00178162283147,67.0031355969098
93,81.01148847262503,67.00187806887298
93,81.00661957885936,66.98734241274778
93,81.00626789539614,66.98398888194072
93,81.01174510549251,67.00343553360474
93,81.01390934537746,66.98641305652123
93,81.01286226959519,67.00337616336859
93,81.01760400293205,67.00123076331373
93,81.00128716335611,66.98975698035586
93,81.01107956567213,66.98353642908272
93,81.00486991063966,66.9965258370688
93,81.01396527072082,66.97813774406096
93,81.02383867465372,66.99152392796955
93,81.01194068438792,66.98735394667665
93,80.99564953046824,66.9934263466837
95,80.98603276690899,67.01026883710713
95,80.99155534208872,67.01187906560008
95,81.00484108979457,66.99519881251885
95,81.00389818592741,66.99566100899737
95,81.0003426008868,66.99582675912417
95,80.99358573524039,67.0072595356792
95,80.99565806970419,66.99774546292474
95,81.00483429188617,67.00137517791526
95,81.00096285100764,67.01100805768657
95,80.99019860787604,66.99439746510834
95,80.98276723518237,66.99375385574395
95,80.98572010558038,67.01203180594604
95,80.99753558984592,66.99173527811139
95,81.00216014078696,67.00104321455855
95,80.99349860745527,67.01645550086207
95,80.98984650823313,67.01185465069267
95,81.0043964494341,66.99725012919657
95,80.98040364318528,67.00235773712069
95,80.98991996541565,66.99463761491825
95,81.00652056255645,67.00731796476647
95,80.98840361096524,67.0126004435901
95,80.97667419352399,66.99953170837593
95,80.99024217564724,66.99357634428252
95,80.98566962836256,66.9911949661055
95,81.00723243059595,67.00290246540008
95,80.99011716214288,67.01674228197173
95,81.00204245838952,67.00029933625977
95,80.99135233099408,67.0050076869394
95,80.98335452288589,66.99225365940597
95,81.00424144108726,67.0094489183116
95,80.98309186181632,66.99906205776352
95,80.97759698302167,67.00525435233433
95,80.98514162228615,67.0014444534272
95,80.99800042851747,67.01440594199286
95,80.97961360394119,67.0120680494285
95,80.99330216388091,66.98981541993284
95,80.99977875583092,66.99039119360759
95,80.99290781646152,66.99434999506332
95,80.99677054095187,67.01478580706512
95,80.98933719903543,67.00750127902515
95,80.97895471422764,66.99650153925329
95,81.0009200065317,67.00223181966783
95,80.99335939565324,66.99403733959102
95,80.98705945208732,67.00322746415412
95,80.99583714289167,67.00099306748128
95,80.9810545892124,67.00012233493037
95,80.98525290690715,66.9938781233788
95,80.98994222855364,67.00191106777119
95,80.99659238085333,67.0037828261611
95,80.99343052084922,66.98894835484299
95,80.98576747324775,67.0080129192777
95,80.98334114863843,67.00217698113691
95,80.99358573524039,67.0072595356792
95,80.9771662275678,67.00360108500318
95,80.98544680549313,67.00282629501257
95,80.9883236783819,66.99771065086617
95,80.98402673537015,67.01211367101406
95,80.99230091301351,66.99200193196378
95,80.98840915037772,67.01392995376169
95,80.98514376688458,67.01433140390067
95,80.98913084137841,67.0069884467673
95,80.99002521017522,66.99817931840694
95,80.9981685887041,67.0009791944823
95,80.98716694129148,67.00503933293504
95,81.00389818592741,66.99566100899737
95,80.98511904189013,67.0068610411572
95,80.98335138333057,67.01532906926481
95,80.99757889452084,67.0162929062231
95,80.98505324046474,66.99478446730818
95,80.99313244059701,67.00547818038976
95,80.99066501668511,66.996455614004
95,80.99421242451564,67.01040362010019
95,80.98532682365216,66.99508516274274
95,80.98252113907891,67.00071599761013
95,81.00593571241355,67.00072347152971
95,80.99777051217552,67.00974665727544
95,80.98523419478954,66.99495997741835
98,80.99107497629426,67.0002587200292
98,80.9799552765861,66.99982379940538
98,80.99656978650839,67.01236956181495
98,80.98826206567595,66.9930418683862
98,80.9810512206736,67.0033035555928
98,80.98609711991568,67.00547239133606
98,80.98431280023095,66.9982499541773
98,80.98450218083823,67.00510013292244
98,81.00573797113762,67.00734315391115
98,80.98452823794197,67.0028027583416
98,81.00046447020657,66.99517158678556
98,81.00068576916927,67.00269697272408
98,80.99966710600962,67.01412321752102
98,80.99193196271105,67.01179238814711
98,80.9840212571339,66.9923616295611
98,81.000302714653,67.00208774398943
98,80.99875294902992,66.99871763957084
98,80.98713018019845,66.99934075874707
98,80.98685255443392,67.00773120607538
98,80.99921654628132,67.01027272054091
98,80.98881033534137,67.00671402910021
98,80.98272925292206,67.00251734379559
98,80.98801660607599,67.00871011435676
98,80.99423011099464,67.0114480818749
98,80.98833082852344,67.0035331988913
98,80.9907002328592,67.01375212918582
98,80.99230850598109,66.99966011271407
98,80.98149763638614,67.01248438273021
98,80.99165272267051,67.01187393740378
98,80.99739829028877,67.0087569732487
98,81.00358750639559,66.99885022603857
98,80.9771772524571,67.00653323007676
98,80.99991244465724,66.99308162637956
98,81.00094135472915,67.0102046022469
98,80.98807648328372,67.01147219392179
98,81.00622144103612,67.00251255844013
98,80.99075464477514,66.98687705049176
98,80.98906746676978,67.01396784645232
98,80.99806968444929,66.99506061592018
98,81.00046186016118,67.0023212718216
98,81.00560012202473,67.00155355490432
98,80.98641781602903,67.008044812631
98,80.99750995408753,66.99768494362586
98,80.98999651333513,67.01527586238065
98,80.98196087663682,66.99090722297746
98,80.99478644742955,67.00088653011362
98,80.98912517589692,67.00800234872744
98,81.00363921909259,66.99894074844065
98,81.00402735548144,67.00715973489727
98,80.98130291908879,66.99663773617145
98,80.98585991804462,66.9927368051815
98,80.99564953046824,66.9934263466837
98,80.97966053125499,66.9941206800218
98,80.99069860150412,66.99788750515701
98,80.9879793420775,67.00563086010163
98,81.00223590214858,67.01065081958713
98,80.98383481183845,67.00659551674786
98,80.98252113907891,67.00071599761013
98,80.99406375737992,67.00413516266335
98,80.98612696153069,66.99762554921726
98,80.98103442291024,66.9954524826787
98,81.00188992277404,66.99494819924884
98,80.9823874180774,66.98995502516419
98,80.98726687719989,67.00882651727996
98,80.9822703643274,67.00180788590355
98,80.99875932854076,67.00756852280504
98,80.99548404522214,67.01433932389867
98,80.98820707194446,67.01472049312694
98,80.9917529812911,67.00146478582525
98,80.97921543456137,67.00927308931699
98,80.98401255734319,66.99707050200418
98,80.99024920994476,67.0023948062172
98,80.99045346639677,67.00030045942205
98,80.99917922036063,67.00982426734531
98,80.9863749117965,67.00433855218463
98,80.99464604438145,67.00481431210952
98,80.99134202489809,67.01362683519632
98,80.98897053781438,67.01532293076757
98,81.00225377863752,67.0053148262533
98,80.99106987477079,67.00611591945474
98,80.98131356189302,67.01339445853729
98,80.99362870147854,67.00537867999542
98,80.98267642418652,66.9972289054714
98,80.988831743214,67.01759495062781
98,80.99990832656525,66.99287641320326
98,80.98309613974871,67.00667840055071
98,80.98942691980272,67.01387882145904
98,80.98214718179628,67.00622813536923
98,80.9811529955042,67.01299075567367
98,80.98751585650257,67.00975448980508
98,80.9993178145934,66.9973889859444
98,80.9992693912039,67.00070823568083
98,80.98510631427948,66.99914368085938
98,80.99584713937548,67.01046676973964
98,80.98807973000535,67.00726930640208
98,80.98324593068507,66.99442908979971
98,81.00689062337196,67.00279508426662
98,81.00127414953522,66.99228863312096
98,81.00721112951915,67.00443161971997
98,80.98197123789699,66.99282527168364
98,80.98480063659359,67.00134418283201
98,80.999641226454,66.99682310698498
98,80.99792885917171,67.0123572558548
98,80.98112609308147,67.00564404935393
100,81.00424587012859,66.99215629584106
100,81.03203864944999,66.99533383035323
100,81.01525019361092,67.00079228612289
100,81.02543692713351,67.00197014797395
100,81.02593448691081,66.99343257779906
100,81.01174595423984,66.98877603561853
100,81.02451212507901,67.00460151763491
100,81.02175248153952,67.00539359770852
100,81.00802000337474,66.98543920576314
100,81.01379120165343,67.00122978629713
100,81.01226314694922,66.99192778185723
100,81.01141760216724,67.00913500430818
100,81.02615891143552,66.99404950318258
100,81.02368916815888,67.0042510650304
100,81.01689500235479,66.98682968407569
100,81.01852102605304,67.00899887693795
100,81.02352924179743,66.9868442079285
100,81.0192516518287,67.01033641130587
100,81.01125835643593,67.0090103053331
100,81.02407468497324,67.00754174000895
100,81.01071760183318,67.00173412598377
100,81.01434375229576,67.00903719905546
100,81.02707529505506,66.9966198035249
100,81.0259618030535,67.00326485439712
100,81.01350612856768,66.98844577163999
100,81.01289594151525,67.0030231523731
100,81.0145815084712,67.00027882186627
100,81.01105799740041,67.00259500580354
100,81.03421117523277,66.99331628639203
100,81.01020448903854,66.98610670636023
100,81.0225731099954,66.99358051752486
100,81.0144278929785,67.01032130638443
100,81.02333344121598,66.99005487406549
100,81.02731485243206,66.99589966827052
100,81.01545674911799,66.99681598538957
100,81.01074982260879,66.99247754580178
100,81.0216189804921,66.99210740297745
100,81.02535849091637,67.0083775926882
100,81.01026684021681,66.98681902898716
100,81.02253671766489,66.99669512091863
100,81.01632472234941,66.99409829883611
100,81.00997897366187,66.99005719027744
100,81.0225029127763,66.99171204061759
100,81.03266534487928,66.99554950611672
100,81.01689500235479,66.98682968407569
100,81.00714084716533,67.00624619138907
100,81.03318460214031,66.99469445485259
100,81.03199171018431,67.00135763742452
100,81.01800356146508,67.00304089797305
100,81.00577696483977,66.99323446919995
100,81.01772036536225,66.99342106948671
100,81.02517242540942,66.99455722048884
100,81.02761040702678,67.00095570852854
100,81.02335418254279,66.992775192678
100,81.009788311482,66.99652024664391
100,81.02110336991787,67.00428040709956
100,81.01479405864653,67.00947224162586
100,81.0178546577373,67.00846209939972
100,81.02481903456345,67.00098150658405
100,81.01859387118027,67.00891857921995
100,81.02119836596377,67.01058022575927
100,81.02006771725613,66.98347106382042
100,81.01370110195958,67.00735912931674
100,81.01107499096553,66.99816517069202
100,81.01508002296939,67.00498840258625
100,81.02532078754493,66.98336576126998
100,81.02451354673397,66.99515122384939
100,81.01075678124859,66.99826742040732
100,81.01291841893966,66.99605264678094
100,81.0084012758956,66.99429110526394
100,81.00452676845273,66.99421928599888
100,81.01895896829333,66.99768419943491
100,81.0197477465989,66.99491734723402
100,81.02379899353836,66.99851106683799
100,81.02619369030221,66.99047726305653
100,81.02768459239573,67.00485571433333
100,81.02766932727361,66.99325379539447
100,81.01342809631127,67.0097918935366
100,81.01583861460601,67.00092956320208
100,81.00483429188617,67.00137517791526
100,81.01192493662563,67.0021831267412
100,81.00664388001263,67.00002020675956
100,81.02956609341,67.00626346117245
100,81.02305209537204,66.9860599773669
100,81.01876347095215,66.9879486240574
100,81.00458956551495,67.00056300479568
100,81.0293917159415,66.9990452136538
100,81.00865081574136,66.99094739647458
100,81.00827180441414,66.9912307544196
100,81.00781217630265,66.99553532503398
100,81.0331905879461,66.99516927002587
100,81.00899931736497,66.9934623087478
100,81.00566278296017,66.99414120961724
100,81.0168389855375,67.01119949107652
100,81.01592296103586,67.01002435643721
100,81.01334335460373,66.98625211410375
100,81.01074982260879,66.99247754580178
100,81.02853313737164,66.98534715661242
100,81.03110293361489,66.99247585426365
100,81.00508578604295,67.0024288875135
100,81.00629122321996,66.99491801481474
100,81.02541884610086,66.9836157806364
100,81.02395685412829,66.99451590343901
100,81.0145815084712,67.00027882186627
100,81.02783929135006,66.9940196597676
100,81.01204012316934,67.00737983162126
100,81.03129749110468,66.99836572507763
100,81.0169249297109,67.00795600764137
100,81.02825715447193,66.99254382414848
100,81.0107071004899,66.9890485103508
100,81.00544203440923,66.99239259900013
100,81.01468856887233,67.00912856162807
100,81.0230337497204,67.01047196487076
2,80.98346373214328,67.00386219775577
2,80.9907406640477,67.00155139830083
2,80.99755118589468,66.99765624321927
2,80.99433824196952,66.99375040212983
2,81.00364386660038,67.00690609796321
2,80.99009033878741,66.99134266939885
2,81.00900253693648,67.00650708737147
2,80.99498859433534,67.00410261004838
2,80.98480063659359,67.00134418283201
2,80.98697318269333,66.9980275535508
2,81.00721112951915,67.00443161971997
2,80.98562022599101,67.00931905849424
2,80.9960716811748,66.98685743430104
2,81.00717771679473,66.99057910007545
2,80.99825127213963,66.98964885948747
2,81.00543748538692,67.00724582999705
2,80.99084558358929,66.98885540180105
2,80.98788393369126,67.00151401300664
2,80.9845735722453,66.99409914822171
2,80.98537641364835,67.01174908144175
2,80.99640122775936,67.00580818974902
2,80.99745090443926,66.99587674159325
2,81.00625218266129,66.99054076124858
2,80.98722164524116,67.01300881282819
2,80.99241403614728,67.01170296158946
2,80.99532842366922,67.00963885822246
2,80.97893750828656,67.00053807272629
2,80.98702482088115,66.99259273008383
2,80.98507329305062,67.00499271618794
2,80.98257063042088,66.9919096838102
2,81.0061806331027,66.9974405228121
2,80.99782241748983,67.01457508680062
2,81.00479076238884,67.00828916901514
2,81.0007502655323,66.99274687371202
2,80.98309569598028,66.99629253172287
2,80.99489063278762,66.98813088314103
2,80.99128707532647,66.99023648621555
2,80.99734884712952,67.00111679391405
2,80.99571818992509,67.01286647206595
2,80.99370906642933,66.99906559136288
2,80.99112393151088,66.99678303333735
2,80.99656184590091,66.9974058209358
2,80.99484707905198,67.00994389887742
2,80.99489681184777,66.99343982568315
2,80.98539148713482,67.0068790786097
2,80.98403760163012,67.01107526346856
2,80.98168424827783,67.00094453173195
2,80.99750475872982,67.00870723665284
2,80.99195006068118,67.00062131298044
2,80.9948109885465,67.01020513027406
2,80.9838951087085,67.01151416273505
2,81.00573797113762,67.00734315391115
2,81.00817766913508,66.99976191144324
2,81.00494842461418,66.99689172414608
2,80.98948901752712,66.98714302984277
2,80.99376482790075,67.00931671561749
2,81.00179407695975,66.99523203622174
2,81.01020115102921,67.00043582761242
2,80.99734161979133,67.00000991947809
2,80.98715174770075,66.99483670283297
2,80.99925111986398,67.0098311058518
2,81.00813818105658,67.00527324075138
2,81.00008480367815,66.98730355931929
2,80.98389845425895,66.99927249451122
2,80.99000875977342,67.00976623565572
2,80.99875582674134,67.00996758880468
2,80.98948901752712,66.98714302984277
2,80.99338909926546,66.99143620038274
2,80.99009033878741,66.99134266939885
2,81.00495187234667,67.00832437350444
2,80.99631184912091,66.98976231550446
2,80.98495965705017,67.0041467266177
2,81.00857906981922,66.99938571790271
2,80.9966482616553,67.00597564681182
2,80.98811736378573,66.99771011472136
2,81.00508522288396,67.0083145445261
2,80.98847948711348,66.99068366190893
2,80.97976803330752,67.00442627183358
2,80.99139893179337,67.01027008338866
2,81.00139054394693,67.0073755195186
2,80.97900371543928,67.00451060646465
2,80.9839877058683,66.99626231122915
2,80.98782900464728,67.00265857330862
2,81.00775965700714,66.9977814792717
2,81.00639658787749,66.99542942844066
2,80.99823752231664,67.00341317356923
2,80.99599213144454,67.00437946490555
2,81.00255538692777,67.00900549949444
2,81.00371787773085,67.00988402259699
2,80.99271434495508,66.99506058052185
2,81.00206716724406,67.0026260023442
2,80.99165272267051,67.01187393740378
2,80.98716694129148,67.00503933293504
2,81.00397667431822,67.0089929712451
2,80.99454617540611,66.98967430628743
2,81.00217297631994,67.00508074146559
2,80.98243753119723,67.01151466093602
2,80.99247313428367,66.99551485764242
2,80.98514204021224,66.99476138705224
2,80.9915078019199,66.99479284917402
2,80.98205776271962,66.99724895193431
2,80.98051557633353,67.00454745283021
2,81.00399347903613,67.01196776762843
2,80.98921354007382,67.00450487591162
2,80.99419431714941,66.99048548003033
2,81.00760578953012,67.00357954304637
2,80.98648846241024,66.99866779938337
2,80.99249268255605,67.01537036064096
2,80.98621541988663,67.00555588987417
2,80.98373240616048,67.01116164251457
2,80.99247327569381,66.99182526346297
6,80.98389845425895,66.99927249451122
6,80.99184096901278,67.01531097047243
6,80.99199637924455,67.00377634644211
6,80.99565353434933,67.00161875913484
6,80.97912842798259,66.9954926057874
6,80.98012206656253,66.99850524488774
6,81.00714084716533,67.00624619138907
6,80.97903989619073,67.00795689096748
6,81.00339313032755,67.01122920274797
6,80.9835229483949,67.00845627590455
6,80.99369657756397,67.00417032969408
6,80.99808505587025,66.99857629415725
6,80.99818836636668,66.98765140833227
6,80.99344437509106,67.01699487901661
6,80.98519316860279,66.99136496723997
6,80.97970897563249,66.99537020483963
6,80.9868688916191,67.00943827034286
6,80.99319514101563,67.00912041584775
6,80.99775691723266,67.00574463865584
6,80.98966050828352,66.98791520307086
6,80.99066501668511,66.996455614004
6,80.9935310163741,66.99585254738886
6,80.98229685588127,67.00171308103545
6,80.99997704525575,67.00156912235795
6,80.99995384936153,66.99949056411336
6,80.9938831923612,66.99716245905762
6,81.00615875051584,66.99942520731801
6,80.98155098023693,66.99574508172506
6,81.00276728263609,67.00303597486979
6,80.98304145820467,66.99427587693049
6,80.98919699495794,67.00502740827432
6,80.97945126099812,67.00038794878012
6,80.97828666823041,67.00068349415666
6,80.99714038083673,67.01353041537826
6,80.98963834748493,67.00453576912979
6,80.99074687601792,67.00710826498717
6,80.98842689762046,67.01262263423685
6,80.97771317868725,67.00291785011296
6,81.00174051690665,66.99990143509419
6,80.98507329305062,67.00499271618794
6,80.98977917532062,67.01109619728798
6,80.99269929098679,67.00004688361389
6,80.98909177176373,67.01133970389142
6,80.99152332204642,67.00134981514947
6,80.98493120478308,67.01236041680598
6,80.99326071663988,67.00035549381901
6,80.9881271954978,67.00600049028479
6,80.98605034971193,66.9938037617459
6,80.99045269275133,66.99458594513702
6,80.98093361214039,66.99635070794038
6,80.99020411802219,66.99005677253986
6,81.00819759855433,66.99471287196735
6,80.98862255189721,67.00713577068352
6,80.98312886924325,66.99295105560212
6,80.99909188428052,67.00229520890491
6,80.98465484486744,66.99035255074453
6,80.99328890120577,66.99703022484375
6,81.00224222726237,66.9896964605414
6,80.98768331283556,67.0144834738019
10,81.00230459980071,66.99052252581767
10,80.98490685330877,66.99937639024678
10,81.00501180835029,66.99510088626093
10,80.99248646545166,67.01081318260628
10,81.00219613643205,67.00906667567654
10,81.00170553085319,67.00625135240463
10,80.98242351609514,66.99382425316905
10,81.00805623940526,66.99749363163411
10,80.9911233980354,67.00214753345506
10,80.99349246879157,66.99657325975558
10,80.98963415314422,67.00595297189818
10,80.99054428406617,67.01281608272585
10,80.99035135505598,67.0085941726411
10,80.99831875771255,66.98831211832785
10,81.00322145792677,67.00502994730253
10,81.00206716724406,67.0026260023442
10,80.99761988301377,67.00107766033858
10,80.99144266153611,67.01205329014076
10,80.98774590600291,67.0144930750164
10,81.00245139032074,66.98902911170919
10,80.99800042851747,67.01440594199286
10,80.98710547291428,67.00304715343621
10,80.98038844569031,67.00131754785943
10,81.00543748538692,67.00724582999705
10,80.99140362533059,67.01140981894056
10,80.9881350992381,66.99551589052773
10,80.9951988334526,66.99687728959871
10,81.00148286589956,67.01143001601397
10,81.00023241061936,67.01408486608752
10,80.9905102592004,66.99492035241235
10,80.98028705836498,67.00086456703917
10,81.00963554303635,66.99807176854952
10,80.99711423792183,67.00523293639483
10,80.98975073044996,67.00325998616047
10,80.99416178404104,66.99856759349989
10,80.98903118725596,67.01219428520794
10,81.00484108979457,66.99519881251885
10,81.00611197270695,66.99424306531417
10,80.99400255270952,66.99515331194401
10,80.991648128261,67.0053938565843
10,80.99625704775812,66.99916989783873
10,81.00781561572539,66.99515163356809
10,80.99518563370589,67.00740988352449
10,81.00180146367431,66.99891448078988
10,80.99163050702029,67.0123950483013
10,80.9791335304294,67.00152346482855
10,80.98638030703178,67.0071680941165
10,80.98766431740626,66.98891171470099
10,80.99657864065323,66.99659708207125
10,80.99458775597249,66.99977334593414
10,81.01048830918249,66.99966600794363
10,80.98723738391051,66.98953613390793
10,81.0110235847692,66.99927302429626
10,80.99687250896078,66.99329153341657
10,80.99619834026446,66.99567365902209
10,80.99927752951238,67.01047629302728
10,81.00086207360148,66.99202878145903
10,80.99375327707367,66.99043071205334
10,80.98641356817305,66.99100653740071
10,81.01186108751945,66.99516220714055
10,81.00427007904001,66.99243958755979
10,81.00225244177955,66.9951136446514
10,80.98244206417247,67.00609572467347
10,81.0051504836398,66.99139610625693
10,81.00789813586678,67.00041003284142
10,81.00503771435098,66.98908445349706
10,80.98807870299736,67.00956822218394
10,81.00463324829765,67.00231231476951
10,80.999628623187,67.00464136326352
10,80.9933285352925,67.00726771545705
10,80.9955973315393,67.01105777124901
10,81.00087509724858,67.00618754820995
10,80.99120717772773,67.01167666171433
10,80.99594483124243,67.00851907234063
10,80.99734286694044,66.99443815924859
10,81.00366531716068,67.00856216566474
10,81.00265290398896,67.00191260360732
10,80.98353128817976,67.01142560008797
10,80.99168231790244,66.99800769792428
10,80.99130106176324,66.9954684341443
10,80.97971925944167,67.0058504552087
10,81.00739650537851,66.99501203178643
10,80.99838758723614,67.00341072476895
10,80.992884745909,67.00707605837263
10,80.9946757751513,67.00056909523646
10,81.00187790737228,67.0083434210176
10,81.00447006171643,67.00705931004394
10,81.00865140461323,66.99193129212918
10,80.99703893572735,67.00795939107914
10,80.9917529812911,67.00146478582525
10,81.00495625798256,66.9931497718084
10,80.99525579188274,66.99671089350893
10,80.9881281891225,67.00841147277734
10,80.99996638053658,67.01401458106604
10,80.98530840791557,67.00600036642186
10,80.99574605062114,66.98759523671819
10,80.99310064967504,66.99005920359477
10,81.01212256853987,67.00272315117604
19,80.98478996304837,66.99618819934683
19,80.99347467318957,67.00222656524565
19,81.00320694267474,67.01081506155532
19,80.98155944068533,66.99978500959587
19,80.99318786709628,66.99578654682968
19,80.99435870278714,67.00984082445193
19,80.9976685404946,67.01501111908932
19,80.98987193566343,67.00651491230008
19,80.98718719710563,66.98942422989349
19,80.98672254535347,66.99492954274983
19,80.99753558984592,66.99173527811139
19,80.99970365133309,66.99040598376966
19,80.9993810548636,66.99394967641395
19,80.98646057154188,66.99478853447488
19,80.9824801572027,67.0067569793649
19,80.98672254535347,66.99492954274983
19,80.98484623666752,67.00314716566477
19,80.98472154942432,67.00276243214702
19,80.98494716225798,67.00785981446309
19,80.99392803770886,66.99471705878939
19,80.98771019885059,66.98839567226578
19,80.9859404867664,66.99440486800712
19,81.00662640212921,67.00855561257012
19,80.99648163910541,67.0081437930788
19,80.98399215773857,67.00561149515752
19,80.98666660180763,66.99022040727154
19,81.0029641509938,66.99811487693498
19,80.99036439169687,67.01618975743618
19,80.98742946937178,66.99258397997916
19,80.98489548260979,67.00723800801799
19,81.00577696483977,66.99323446919995
19,80.99972699101897,67.00456702767227
19,80.98489876323154,66.99721737731225
19,80.99207848284308,67.00983389582234
19,81.00015341724784,66.9995039870281
19,80.98821772123458,67.01497383693875
19,80.99648408200558,66.9881873029651
19,80.99387884047773,67.01450056508199
19,80.99617701846336,67.01599568764816
19,80.98247367074696,67.00834576055685
19,80.98988776173098,66.98854670399328
19,81.00296769368644,67.00949041124844
19,80.99565806970419,66.99774546292474
19,81.00201921813817,67.00299972165233
19,80.98794951211187,66.99040474975516
19,80.99542004344238,66.98785936675365
19,80.9955058291952,66.99359252293
19,80.994839099119,66.99434137201465
19,80.98773828006347,67.00877081449983
19,80.98943700811556,67.01370770233117
19,80.98105616629881,66.99576713267913
19,80.98949685855516,66.99921772376003
19,80.99685313728264,67.007570370349
19,81.0056520018038,66.99158503821037
19,80.98021142298063,66.99723894824983
19,80.98933719903543,67.00750127902515
19,80.98478996304837,66.99618819934683
19,80.97947160563668,67.0016928683225
19,80.98748772870327,67.00910513751529
19,81.00254328670214,66.99126420626473
19,80.9927973539739,66.99784145490354
19,80.9863722984162,66.99467202049958
19,80.99130373240692,67.00751998574545
19,80.98242351609514,66.99382425316905
19,80.98213771769748,67.00586030734036
19,80.990972195866,67.01436649592905
19,80.98425605941935,66.990725326396
19,80.98761882013571,67.00167394273097
19,80.98708244856442,66.9984574782036
19,81.00913073602753,67.00449295555785
19,80.98350552476975,66.99837661783968
19,80.99926141590385,67.00963915545984
19,80.990969401862,67.01596650902522
19,80.99904895919883,67.0111354188765
19,80.99506214177846,66.99440070739372
19,80.99489784246012,66.99133914984372
19,80.98119312696089,67.00706262429792
19,80.99351517965648,66.99150914461306
19,80.99019860787604,66.99439746510834
19,81.00412597245044,66.99854799967561
19,80.98402599154433,66.99282789791002
19,80.99321973135866,66.99605596559104
19,80.99412989476464,66.99612109916802
19,80.99395100661056,66.99279273688539
19,81.00328633890314,67.00068016886667
19,80.99024217564724,66.99357634428252
19,81.00350501773974,66.9928441936036
19,81.00128902097072,66.99169249895967
19,80.99097387348333,66.99061288371934
19,81.00471069656031,66.99284387147453
19,80.99395929374991,66.98934077044414
19,81.0014570010275,67.01408719616333
80,80.98437761435741,67.0088068562775
80,81.00036761739098,67.00051329969652
80,80.9824801572027,67.0067569793649
80,81.00187790737228,67.0083434210176
80,81.00301440416149,66.99908432142675
80,80.98350552476975,66.99837661783968
80,80.99168572376301,67.0088401786076
80,81.0119602392513,67.00608091529438
80,80.98640062630965,67.00404160567805
80,80.99109315908517,66.98997373740872
80,81.00183635244566,66.9993868707362
80,80.98134754772697,66.99699029886591
80,80.99216429828321,67.00324451391957
80,80.98819858917487,67.00110708887546
80,80.9901300484608,66.99949953029929
80,80.99619834026446,66.99567365902209
80,81.00784874756881,67.00368694431266
80,80.99137477878575,67.01013985871128
80,80.99293615583844,67.00658331424144
80,81.00029898746854,67.00315564902334
80,80.9954811021156,67.01337358433283
80,80.99031291732743,67.00801266447594
80,81.00257508864475,66.98751216061437
80,81.00662571726085,67.00677979573653
80,81.00402809610418,66.99434355486244
80,80.98232530167694,67.00452003948391
80,80.99837141341355,67.00443522298991
80,80.98788393369126,67.00151401300664
80,81.00304604404563,67.00155343006826
80,80.99130106176324,66.9954684341443
80,80.98309613974871,67.00667840055071
80,81.00251605428099,67.01140589795479
80,80.98593200756169,67.00374187537878
80,80.98490449379442,67.00254136257688
80,81.00175380428222,67.01261664643165
80,80.99851561227709,66.9988377347026
80,81.01333198884988,66.99296258833661
80,80.98804016667997,67.00570724293303
80,80.99687250896078,66.99329153341657
80,80.98062273467247,67.00239245234863
80,80.98842689762046,67.01262263423685
80,81.00748359916057,66.99467600587587
80,81.01119828877722,67.00492406185222
80,81.00385906936809,66.99526826883195
80,81.0078025454504,67.00268446996297
80,81.00461544112544,67.00364613234915
80,80.9828314315679,67.0000334505061
80,80.98846480124,67.00521496046373
80,81.01476781791385,67.00091370757222
80,81.00128716335611,66.98975698035586
80,80.98069154648427,67.0035598554325
80,81.00551414260426,67.01107444631481
80,81.0044792835424,66.99489893400201
80,81.00305676130388,67.0072823605301
80,80.99119840497207,67.00664396610566
80,80.98525526935379,67.00502622352397
80,81.01093324082761,67.00105884982648
91,80.98964562194509,66.99951092074498
91,80.98859353632972,66.99890589171355
91,80.98615791985577,67.00627323632499
91,81.00026094829316,67.0024887416922
91,80.99230091301351,66.99200193196378
91,80.99893541168328,67.00086702109769
91,80.980156251934,67.0043773687324
91,80.99126134246599,66.9944391311892
91,81.01083309650768,66.9966500465637
91,81.00865140461323,66.99193129212918
91,80.99528712252841,66.99319554430944
91,81.00030942332232,67.00829467237293
91,80.99400255270952,66.99515331194401
91,80.99386385652109,67.01208952662303
91,81.00542118483853,67.00284635234038
91,81.00906430531467,67.00416095654832
91,80.98323066995523,67.00166733650462
91,80.99061761267605,67.01007091688605
91,80.99806968444929,66.99506061592018
91,80.9963916709147,67.01189248666577
91,80.9969229453176,67.0070923037521
91,80.98683848997524,66.99563483555707
91,81.00827180441414,66.9912307544196
91,81.00494842461418,66.99689172414608
91,80.98375473910345,67.00910242002135
91,80.97978848831315,67.00409291146255
91,80.9822789845257,66.99983613534332
91,81.00083592926343,66.98845030665224
91,80.98588821804671,66.99535553789553
91,80.98534426593642,66.99241190851195
91,80.99094566134791,67.00472750253438
91,80.98399374807454,67.01081374847975
91,80.98494716225798,67.00785981446309
91,80.98904877148237,67.00016808879211
91,80.98559972224335,66.99581891238799
91,81.00473647855189,67.00716351945326
91,80.98396472303823,66.9912286861441
91,81.00327108225655,66.98933540580558
91,80.98076341030583,66.99489104502963
91,80.99955548905636,67.01041237891542
91,80.99558139506608,66.99461691245776
91,80.99591106113265,66.99581417478353
91,81.00227702122993,67.00098983565881
91,80.9921798344369,66.99732721647914
91,80.98362080298047,66.99921558506867
91,80.98202858410497,66.99922475086032
91,81.00362684146629,66.99380878194494
91,80.99471854884445,67.01205524476006
91,80.99844087407766,66.9990115181006
91,80.99114454586231,66.98910329593295
91,81.00223590214858,67.01065081958713
91,80.98858789848158,67.00831122896697
91,80.9969880382311,66.99276790038851
91,80.99266216437717,67.01121109553726
91,81.00196723932044,67.00797378500539
91,81.0065584335004,67.00468689656127
91,80.98881033534137,67.00671402910021
91,80.99515262511956,66.99987545126007
91,81.00168179139264,67.00108408412191
91,80.99841342860546,67.01437754172103
91,80.99290781646152,66.99434999506332
91,80.99106846853553,66.99349777321997
91,80.99318786709628,66.99578654682968
91,80.99191074896997,67.01107094097996
91,81.0039652377399,66.99954181810332
91,80.9962405147837,66.99210871306082
91,80.9815667206233,66.99513718965534
91,81.00705522962363,66.99191256343364
91,80.98697318269333,66.9980275535508
91,80.99831609580532,66.98816752806327
91,80.99230850598109,66.99966011271407
91,80.98897718679278,66.99517566899944
91,80.98243179374882,66.9962679822734
91,80.99827321657162,67.00829867609049
91,80.99309812770167,66.99809449537264
91,81.00636593357369,66.99750446618764
91,80.99270518153102,67.00519209718512
91,81.00127028243429,67.00678723526522
91,80.98903118725596,67.01219428520794
91,80.99382871514604,66.99320711315283
91,81.00101973681959,66.98998964752654
91,80.98666660180763,66.99022040727154
91,80.98031091334865,67.00083451464171
91,80.98233259398788,66.99808359225564
91,81.00303528575344,67.01125162333284
91,81.0007502655323,66.99274687371202
91,80.99455031474038,66.98781500222556
91,80.99425687784226,67.00840649493298
91,80.99991939787182,67.0070433939691
91,80.99223238249286,67.00854013289805
91,80.9937674913416,66.9949541368426
91,80.99518172341749,67.01036235618263
91,81.00263263316472,66.99208242127831
91,80.98728156538884,66.997647738186
91,80.99022353928574,67.00161152706396
91,80.98325012567346,67.0059819754585
91,80.98701989312985,66.99774579566545
91,80.99260473174733,66.99396611720388
91,80.9938831923612,66.99716245905762
91,80.99530737763313,66.99765156075885
91,80.98384021894734,66.99764010293505
91,80.99382871514604,66.99320711315283
91,80.9919562800216,67.01271828380942
91,81.00342628573165,66.99578605121543
91,80.98723738391051,66.98953613390793
15,80.99931488012895,67.04520982594822
15,80.97763665760756,66.9755470420185
15,81.04197461922762,66.98862879671967
15,81.03374059198144,66.99880845059398
15,81.00735542042212,67.02467371662568
15,81.0451230667664,67.00205340225222
15,80.9905324817819,66.96085800123826
15,80.96710560289745,66.98069758926255
15,80.99871128307471,66.97978722013075
15,81.03479537102662,66.97302832971936
15,81.01673416270528,67.04080365918162
15,80.95854935356127,66.99091435933545
15,80.98965429515458,66.98127411631265
15,81.03820745750426,66.99504812498783
15,80.95620021877811,67.010047675886
15,80.99162047219812,67.04485660516328
15,81.00378190608399,66.96835962560785
15,80.98960891423357,67.03782438832901
15,80.9951161515485,67.03605940769133
15,81.00645745420232,66.96569080160108
15,80.96130141792047,67.016731536373
15,81.00508522288396,67.0083145445261
15,81.03703798052402,67.00590988651857
15,80.99660880238778,67.02881084924935
15,81.01458289993099,67.03467627061283
15,81.01025086088526,66.965814256603
15,81.00129910795474,67.04078282580808
15,81.00206618937011,67.01745396677086
15,80.97583014341132,67.02758955662266
15,81.01896837657107,67.00424365269974
15,80.97082678212917,66.99509814360856
15,81.04021013345526,66.97660875434022
15,80.99909185943135,66.95203438619879
15,81.00571301918647,66.95037659145679
15,80.9851624282224,67.00324141814136
15,80.95979891645608,67.01178317964145
15,80.9924374093375,66.9598374229058
15,81.04406620878434,66.99039941878127
15,80.97516078299947,66.96749146342593
16,81.02952698071972,67.00426707382694
16,81.00018834403677,67.04298988493996
16,81.01897017200262,67.00169502496567
16,80.99760013013801,66.99633027907068
16,81.03139537626511,67.03614851292376
16,81.03629329773509,66.96782509977189
16,81.01983555080744,66.97831027793042
16,80.96704767696458,67.03596374119337
16,80.98071100034713,66.98551231677953
16,81.01069729155337,66.97703178683147
16,80.99771620378604,67.03670716558632
16,80.95427059113304,66.98414834347348
16,80.99684015819537,66.97762781428266
16,80.95271851526344,66.99135437218645
16,81.0240289672272,67.03201483942269
16,80.99260286904587,66.98025675886659
16,81.01152626031248,67.03011950376104
16,80.95356218710079,66.99618389079754
16,80.9564863187898,66.99366752431918
16,80.97905377804273,66.97689926602509
16,80.97875542627031,67.04416126334348
16,80.98771661427574,67.01357278864704
16,81.02064799040868,67.03662932489578
16,80.99797943896705,67.03611311177139
16,81.04190720459324,66.99745522068748
16,80.95276504125853,67.00919583503185
16,81.04357153658924,66.9812381870732
16,81.01360706821676,67.02223012664994
16,80.99164155818808,67.03986315137749
16,80.96520551167255,66.99880466456663
16,81.04677796173738,67.0154896160525
16,81.03336910181919,67.0140592076403
16,81.04245703471562,67.00105926025967
16,81.03150838866821,66.96973945959715
16,80.95363757352125,66.99387529733204
16,81.03469397907496,66.98386602976959
16,80.99361380729836,67.01760571384749
16,80.98760142954714,66.98847655553776
16,81.04762722215273,66.99519053517793
16,81.01474409505678,67.02303589963212
16,81.04073301788115,66.99186898142278
16,80.96983059652622,67.03030719470529
16,80.9631395980069,66.97917458862926
16,81.03077890204321,67.0345406821684
16,80.98134828153708,67.02416800551165
16,81.03097008984135,67.03643077696611
16,80.97024219800993,67.02807043639923
16,81.03648229648086,66.96741824412219
16,80.99338508295364,66.95986985233793
16,80.99938368898854,67.04777611219279
16,81.04656440346794,66.9905180790055
16,80.98362172848482,67.01527679746623
16,81.00242332208107,67.00230763235255
16,81.00370476119504,66.98026815487934
16,81.04440197727241,67.000978569335
16,80.95317964676116,66.99687786456415
16,81.02444665917297,66.99168829567223
16,81.01123969880359,66.96197193810735
16,80.98657774148198,66.95397291637575
16,81.00918269688644,67.04032272148798
16,80.98088224742793,67.01909192329983
16,80.99460825956601,66.98459635327058
16,80.987043836767,66.95298903819399
16,81.02927411263965,66.98694925407854
16,80.97932026835485,67.01979676787195
16,80.95753226691419,66.97675392069316
16,81.00222359376201,67.03923166494823
16,80.97858416820972,66.98532998677751
16,80.99684464074582,67.04384940000777
16,80.96608664323304,67.01514362117754
16,81.00239632431176,67.00767476563212
16,80.99707078855975,66.98249124044663
16,81.04601633248589,66.99767188278582
16,80.9521352694038,67.00791495111866
16,81.03790594505726,67.01928947391974
16,80.9754300994163,67.03937191767594
16,81.04555243910643,67.01420530535441
16,81.0191786850864,67.02092475506278
16,81.00999012455573,66.96347111245606
16,81.00888781612608,66.99155273069776
16,81.00037288096604,67.0179068852442
16,81.0308560163249,67.03768222568561
16,81.02511653758454,67.03644942372829
16,80.95392816932409,66.99863333457144
16,80.96099451319078,66.9834333122991
16,80.98328753442534,66.97415077870862
16,81.00787097760735,67.03596654753689
16,81.00978034859685,66.99542665128413
16,80.96978729120072,66.96243553700619
21,80.9709423696445,66.96301643137242
21,81.01555550369153,67.01110540491297
21,80.98682466813034,66.99152804791892
21,81.01956803275326,67.04516940452599
21,80.97380545439793,67.00158393219725
21,81.00730313457136,66.96640104639496
21,81.02179375413787,66.96201123462735
21,81.031881275224,67.02767277735303
21,81.00420854190762,67.04240823778079
21,80.95517447416309,67.00810822322825
21,81.00614715062116,67.04628896125456
21,80.98698200973229,67.04573365539747
21,81.02666993750097,67.01797350035949
21,80.99420093682633,66.98102536569482
21,81.03134200181998,67.02931571705312
21,81.02908387785365,66.96241935491649
21,80.98067682679414,67.0304660282408
21,80.98825406844607,67.0452135665738
21,80.96920039067041,67.01459124877819
21,80.97501481752064,67.0329279404265
21,80.99804423858966,66.98912150840144
21,81.04256418234546,66.98309221074072
21,80.97479075334006,66.96392060290682
21,80.984202771414,67.00764875440954
21,80.99455616232947,67.02900701982847
21,81.03373434418343,66.97426806515307
21,81.00186353014584,67.02756289043165
21,81.00263456516505,66.99687626612351
21,80.99724375114543,66.97176966579282
21,80.98030651270273,67.04150500646215
21,81.01959357656474,66.96075531897685
21,81.03964269429856,67.00153314705877
21,81.03335539235032,66.98827873598177
21,80.99358612555727,67.0033886524413
21,80.99725981697596,67.01611227221429
21,80.95073283872998,67.00254828192011
21,80.98862041741033,66.97175938016036
21,81.01755848175283,66.9988703652534
21,81.03846471367905,67.00258605635456
21,81.00211207141155,66.9588615032394
21,81.04471526255728,67.01881627483635
21,80.9799992049909,67.02914212481767
21,80.98981871518122,66.95231560159233
21,80.9966234731627,67.03271832401157
21,81.02239074543523,67.01706322332669
21,81.00627811043873,66.96550833995416
21,80.99913328371575,66.98393838749446
21,81.0051765902791,67.04053800457022
21,81.0267596159314,67.00270034666546
21,81.02027781861113,66.96649152977835
21,80.96982681497141,67.00137478548938
21,80.98904831039485,67.0131189153443
21,81.00208175845971,66.99448475412642
21,80.96718941366206,66.98530141328216
21,81.01268227183064,66.97410879439835
21,81.036955609966,66.97934730316715
22,81.04112716158329,67.02748705145154
22,80.9700558167126,67.03935148132192
22,81.02653380153973,66.96644155037201
22,80.95243685577753,66.99892623514624
22,80.98945348958821,67.02939282776248
22,80.95017596150447,67.00380636498242
22,80.96186552064216,66.99501341714726
22,80.96214016727899,66.98866407339543
22,81.01134783515305,66.97543422597806
22,81.04222045647353,67.01586279430099
22,80.98839204597215,67.00558711821535
22,80.95952851278349,67.00288113098247
22,81.01411466457044,66.98334948573601
22,80.96073165908618,66.99110808343615
22,80.98734038003387,66.99497952920163
22,80.98425570731936,66.98910429410027
22,80.97618520208161,66.98192740159627
22,80.98218119196558,67.00228496094063
22,80.99810196259749,67.00093103841995
22,81.00292936590107,66.9516103896721
22,81.01948204427059,66.99502295510841
22,81.0407027416165,66.98226869432355
22,81.03650024136344,67.02616423605028
22,80.99055680503528,67.00112962344713
22,81.01416697817265,66.97496423674826
22,81.01173688667319,67.02484590653293
22,80.99049461884881,66.97147263203264
22,81.03059423445173,67.00568918259
22,81.0376837600227,66.99606873059842
22,80.97807856375957,66.95615456607865
22,80.97963442385182,67.02432345016153
22,81.0461248318507,67.01073618454745
22,81.00440725099256,67.01976088390303
22,81.00953179663358,67.02093106811091
22,81.04278539873103,67.02009274456184
22,81.03062493176029,66.98724617442325
22,80.9676186770545,66.9884400215992
22,81.03061556377509,66.97636406947336
22,80.97872211189295,66.99735005295919
22,80.95702717152685,67.0137900593126
22,80.97537564419567,67.00307498061876
22,81.0333329532427,66.98534778405124
22,80.9518467858894,66.99895905266843
22,80.97043450022011,66.98028144807945
22,80.97828758430896,66.97872648886052
22,80.95737426089454,66.97959679754815
22,81.02988618385466,66.97721199758689
22,80.99450633910337,67.01571302587365
22,81.02290730217709,66.95845918481662
22,81.00940809300818,66.97193469313949
22,81.00495594625244,66.98732504477182
22,81.02146008768712,67.02996609365687
22,80.98989997584104,66.97984359551234
22,80.9789863752579,66.98539184149578
22,81.02794728276298,67.01767209219483
22,80.97895922830739,66.98091931358967
22,81.00586656611564,67.04636256352238
22,81.02950018336355,67.01226081614801
22,81.03703352467544,67.0181756833348
22,81.00098635015375,67.04658041730868
22,81.00179181694868,66.9724407084175
22,80.9523660770189,66.99159295671274
22,81.02723101324578,67.0411048506934
22,81.0322477799004,66.97337897400594
22,81.00556755706971,66.97339971895259
22,80.977466817461,66.96936755352078
22,80.98189050667455,67.01229127895994
22,81.00394056628592,66.9833468339573
22,80.97978450981283,66.97601855395966
22,81.02797883675976,67.02967082574358
22,80.9930885500527,67.02121605713629
22,80.98912908179017,66.97899569884564
22,80.9594833768577,67.0018839625951
22,81.04492713382949,66.98211617548961
22,81.01173960171258,66.97111666672171
22,81.03877947486018,66.97629325761919
22,81.01357433534756,67.02957753539296
22,81.00911347203984,67.02152863043538
22,81.04058080286447,66.9968395753461
22,80.95812558617699,67.00858598109986
22,81.01497320925243,67.02928891769186
22,80.9596247756452,67.00475793155906
22,81.02526688030112,67.03182616858166
22,81.02702888868187,67.03318196340344
22,81.0004280704929,67.04427955585909
22,81.03723913446433,66.97817922999977
22,81.02874698707554,67.03063214729308
22,80.96873998085809,67.01820628511993
22,81.00724272302288,67.01610171820808
22,80.9782013097744,67.01980345162495
22,81.0057393730903,66.9518512788981
22,80.99477260146635,66.95111322970916
22,80.98930390882367,67.0383460952025
22,81.02404570451658,66.96209139163452
22,81.04031992268831,66.98943253276846
22,81.04121921471163,67.01967695195567
22,81.01289279162573,66.99473927090396
22,81.00524001124766,67.01921901588352
22,81.01999436546289,66.98469511375562
22,80.96804677124764,66.96664627756776
22,80.99614088599678,66.9702257877266
22,80.96601804516092,67.00502775148694
22,80.9900844328261,66.96630387822975
24,80.95373602042906,67.01700711048329
24,81.01861735720725,67.02976037580467
24,81.00685646303789,67.02039686816882
24,80.97302913522705,67.00025307894035
24,80.99251254915596,66.97526419488966
24,80.99914756310966,66.95299823522141
24,81.01213321982652,66.95707890788906
24,80.99282608325079,67.0058453121874
24,80.97124582195887,66.97091030421795
24,80.98691669629633,67.03397033161194
24,80.99355121318068,67.04655482571366
24,80.9636907376345,67.01650729047205
24,80.97277746439873,66.97512312112785
24,80.99354132904551,66.96096672870883
24,80.96476008420535,67.03458681198212
24,80.98759877521027,67.0408541393808
24,80.99031775107424,67.03950320159922
24,81.04220057680023,66.97471048737921
24,81.01523332097797,66.99768785079262
24,81.0046389144565,66.98546755624498
24,81.02882853274983,67.00204413282421
24,80.97045395164837,66.96964304907067
24,81.04130430191078,67.02052817234679
24,80.98997429615092,66.97603987140853
24,80.97941871804574,66.99584023447429
24,80.98447506740722,67.04612625792284
24,81.03614608701308,67.02037725818913
24,80.98328126890313,66.96478125577272
24,80.98423098813254,67.01234125659373
24,81.0427487154141,66.9802185531374
24,80.99125322038012,67.0172827541597
24,80.95136402053237,67.00222086063313
24,80.99555463407886,67.0478613127926
24,80.9632297593562,66.97212576138779
24,81.02005648049152,66.97162399276596
24,80.9970433553327,66.97014854223808
24,81.01113498368154,67.01445983433483
24,80.96159059327942,66.9921303020704
24,80.99866875414315,67.04080534033012
24,81.02562253477844,66.97441630588747
24,81.04694649795586,67.014417873653
24,80.97896651146539,67.02786714090928
24,80.98155127947467,67.01612154444267
24,81.02786340773307,67.02364938906153
24,81.02802542639802,67.01871126258634
24,80.98315780752449,67.01255295213417
24,81.00257508864475,66.98751216061437
24,81.02731300310951,66.9803306777237
24,80.97709794163976,67.03362450518799
24,81.01578842971747,66.96856373757554
24,80.98563574294498,67.0278796727642
26,81.0362379314582,66.98935145824923
26,81.02146040286648,67.01277619367836
26,80.99625704775812,66.99916989783873
26,80.97374218077745,66.96698749245925
26,81.01121617933191,66.95638424273741
26,81.00491326294576,67.01330302203365
26,81.00548580923132,66.95927029248334
26,80.97126913966078,66.98860343918683
26,81.01497391967976,66.95580294085246
26,81.02621989511701,67.00089618893192
26,80.98091084153273,66.98023032131866
26,80.964293861622,67.01200089117086
26,81.03321999107852,67.0260709293239
26,80.9840281742227,67.0368461034218
26,81.01807550543852,66.98307778460132
26,80.98448088378169,66.96782093487867
26,81.00417368238459,67.03447877349333
26,80.99411977713243,67.01190338197982
26,81.00122775112406,66.99017334707322
26,81.0176162875169,66.99775981997477
26,81.03144057312264,66.97648390350906
26,81.0133542273866,67.02211362479444
26,80.98679893474511,67.03588784672263
26,80.97362654231318,67.0320308322496
26,80.95845941759866,67.01474586200277
26,81.04609666870206,66.99459301470328
26,81.00991389956931,67.00766379411743
26,80.9684797121,66.99033799906111
26,81.02654529560047,67.03737324167984
26,80.98378142898572,66.99994709340675
26,81.03637644170809,66.96615359934245
26,80.99979348183379,66.95318763562385
26,80.95974800266953,66.98824990365915
26,80.99857759874271,67.0069854501976
26,80.9936536392182,67.04152653750269
26,81.02171652562981,67.0228702778253
26,81.00312021633786,67.04407834133822
26,81.04420176125379,67.00114031036001
26,80.96028310974353,66.9715443628957
26,80.96133616764804,67.01597245326481
26,80.9971014376415,67.0450704454962
26,81.00428025273281,67.04492014836887
26,80.99564906371867,66.96842945494559
26,80.97024673474544,66.96377964650067
26,80.99595643816126,67.01807725873954
26,81.017960409372,66.96389272054029
26,80.96476677939016,67.00152976895522
26,81.0013391514826,67.03610941506429
26,80.99705727075637,66.99957762846336
26,81.0168389855375,67.01119949107652
26,80.99349860745527,67.01645550086207
26,81.0412009895672,66.97761219374792
26,80.99005824822142,66.98262932526728
26,80.98559716737691,67.04134102069396
26,80.9848684911933,67.00565362403339
26,80.98225777973481,67.00233098177529
26,80.97438074615312,67.03144032499415
26,80.95885900173849,66.97178988726196
26,80.99899017788908,66.99539437081886
26,80.99309231974762,67.00489678226457
26,80.97195303649569,67.02121532507562
26,81.01974885876884,66.97420601721096
26,81.01883477031625,66.97951676788131
26,80.98228268153889,67.02048995352447
26,81.02178821898639,66.99353574788076
26,80.97271771000368,67.04006610109418
26,81.01085045649167,67.04116732296865
26,81.03387236935968,67.03220832172356
26,80.95067672367387,66.99654824245313
26,81.00450450297575,67.0424315505771
26,81.00668982818092,67.00152155542946
26,81.02183644506022,67.0429055837004
26,81.03924772603963,67.00771987933135
26,80.958367295267,66.98585698905069
26,80.98305356259122,67.0165677552445
26,80.95886488399177,66.99828182659634
29,80.98412627246195,66.96230915388533
29,80.96163466275013,67.01274001227924
29,80.98490530685872,66.9906718768604
29,81.02698577407628,66.96360173759452
29,80.995048415181,67.01394322480326
29,80.99027713327243,67.00978180746911
29,80.99063190800442,66.95791639630454
29,81.00407783909752,67.01993293520847
29,81.0425398290275,67.0104218176361
29,81.03403660910514,66.96975140160595
29,80.98359668436842,67.02758884823353
29,80.98151682843285,67.02159537085146
29,80.992318436968,66.97894618971496
29,81.04095368942053,67.01660534884684
29,81.03427327493668,67.02661237103653
29,80.9990974979145,66.99107028340751
29,81.0158577208646,67.04279973732427
29,80.98283638856742,67.04693660255171
29,80.99449337638146,66.9736735217033
29,81.02020424756307,67.02814075063114
29,81.02641841643488,67.01509517061845
29,80.98524873475692,67.02011265889298
29,81.02457383647186,67.01375225943988
29,81.0401686920068,66.98828421049612
29,81.02172493366642,67.00971097977573
29,80.99997945252197,67.02810773575787
29,80.98029130123571,66.97767156782118
29,81.02876664150577,66.96057939640006
29,80.97941308796992,66.99591915227994
29,81.00197906619415,66.99171926955768
29,81.00580624356225,67.0032830813003
29,80.96462903028025,67.01690681761373
29,81.0061022941536,66.99882051309555
29,81.04792273982224,66.9962614147324
29,80.98282631375776,66.99814780935026
29,81.02820109800146,66.98522434730702
29,80.98640315645058,67.0009006508348
29,81.00944131635812,66.98479667342312
29,81.01697476932301,67.0039677439045
29,80.96722689969538,66.98803044851165
29,81.03963307647324,67.03036693993502
29,81.02859850724464,66.98131782612532
29,81.02591472987625,66.98242899982895
29,81.00462200415711,66.97414217486009
29,80.97604937836842,66.97575983335751
29,81.00769129265232,66.96952907209156
29,80.95610838252006,66.97891711008498
29,81.02306202398923,67.02875579457582
29,81.03473461774665,66.99977923501051
29,80.96246332994039,67.00276726072367
29,81.0348109869592,66.99632365755237
29,80.99262287306334,66.97726596032896
29,80.97838233822634,67.02143652012454
29,81.02215768733709,67.04471605407888
29,81.01558967974394,66.97397202011389
29,81.0153541755016,66.9940864075579
29,80.98547258789517,66.98138852633085
29,81.00827642680363,66.96641329448087
29,81.01152047576576,67.02832787781323
29,80.99752904389346,67.04198045797952
29,80.97391472081371,67.0326947622462
29,81.00220145862345,66.95392400440834
29,80.96322618371644,66.9995954210584
29,80.99257907464515,67.02438259838011
29,81.02830142479468,66.97293375796626
29,80.98803110922752,67.01727262205671
29,81.01052782079142,67.008121902978
29,80.99555364995632,67.00258536473358
29,81.0139106318671,66.99913629966152
29,80.99591667564712,67.01583818457769
29,80.98043146945564,67.0306645225308
29,81.01883615500486,66.99679513008107
29,81.0190740420013,67.01115598483493
29,81.02252017624023,67.02065675066913
29,81.00210500868361,66.97476615061669
29,80.96717997711428,66.97730362746437
29,81.01509708606946,67.03578150384662
29,81.02283345583275,67.01655408885797
29,81.02010456143968,67.00271049677855
29,80.9722941478523,66.97759799910052
29,80.98927448980741,66.97536965054597
29,80.98376282358387,67.00719801663926
29,81.02275128712718,67.00832914377604
29,80.99724321075271,66.95077487225953
29,81.02621540842726,67.00901468284167
29,80.9817870711094,66.98579279049972
30,81.01167713336436,67.03061497946078
30,81.0145870176527,67.00893591431019
30,81.00309569948114,66.97258792210467
30,81.01753709307047,66.97734124556278
30,80.97955298679402,67.0053148928763
30,80.97101105660177,67.03309217765957
30,81.02946437802308,66.9808214452291
30,81.00934651999756,67.03991736178611
30,80.97547556726083,66.97099240501186
30,81.02202029297041,67.02543402147812
30,81.04677859369464,66.99114876190322
30,80.99117248660002,66.97034725136155
30,80.99047839142273,67.02827222944195
30,80.9564519832389,67.01352177100999
30,81.02684010428625,67.03282117270814
30,80.96658751983576,66.97151502928511
30,80.95492348430398,66.99461225582554
30,80.98659066003368,66.99342055645016
30,80.97127985211692,67.0401771287341
30,81.02154032812089,67.0197777991426
30,80.95748339834962,66.98783266182313
30,80.96695739694519,67.00981047431912
30,80.99786888057002,67.0200030139012
30,81.02580780819206,67.0268404175183
30,81.02544489372205,67.02668657464514
30,80.96940478785743,66.97482784613283
30,81.04119297700613,66.97215049545599
30,81.0201919422153,66.97600500600858
30,80.96201518285885,67.00230060523464
30,81.0120994132228,67.00673880900442
30,80.99019370169795,66.96717446351069
30,81.02526688030112,67.03182616858166
30,81.04734954316231,66.9895406169918
30,80.95963165342593,66.99381046599014
30,80.99991633005554,66.95939019470306
30,80.9885286188505,66.98538806897386
30,80.9991675075738,66.97872861640029
30,80.98510275042631,67.0161962209374
30,81.01069859543544,66.97047771271025
30,80.96132535684904,67.02081029928259
30,80.99201709938376,67.04400479324748
30,80.9964610300982,67.04814078553385
30,81.02416210720119,66.98695551386086
30,80.98249959627655,66.99900585341781
30,81.00492986881771,67.01903798580618
30,81.03322550006399,66.96754843833745
30,80.97312774501209,67.02824516135556
30,80.9940572850937,66.97668528400095
30,81.02552672403095,67.03455994901726
30,81.0020584343946,67.04315885514565
30,80.99740289951148,66.96802538246381
30,80.97534341359454,67.03293981941097
30,80.99059469121578,66.97570104165447
30,81.02126098546582,67.01957501812575
30,81.01119610455633,66.962199170176
30,81.0121023303617,67.04109477324421
30,80.98862043348508,66.95875556431824
30,81.01134250839709,67.02410695059936
30,80.96895618171645,67.00590239433616
30,80.9832973056164,66.97376318715726
30,81.04307867142974,66.9926276878465
30,80.97987931697266,67.012357139447
30,80.95584172138103,66.98370827576765
30,81.02641510881574,67.00916271216308
30,80.96818515879558,67.03104262397258
30,81.00000085990983,67.01006799539886
30,80.9789815472652,67.00326077738927
30,81.00170599253862,66.98733373815136
30,81.01065050604444,66.96221681452577
30,80.99056822000142,66.95649173776012
30,81.03258454770035,66.97278564791849
30,81.03844324941718,67.0179090442236
30,80.9740768408949,66.96491929294213
30,80.96615458501026,66.98226832520902
30,80.96219860514694,66.97916832766161
30,81.02394009765962,66.97552803974607
30,80.99180902529208,67.0333661403463
33,81.0139372787414,67.011907428284
33,80.99455735279497,67.01759560344954
33,81.04334802580176,66.98737555905313
33,80.98782900464728,67.00265857330862
33,80.99980578531402,67.01843202059912
33,80.9671192917357,67.01958377399225
33,81.01821709771339,66.9568706160879
33,81.01728020271284,67.02139545558303
33,81.03622096832379,67.00232889985683
33,81.03019666158416,66.98115293240801
33,80.99481066127693,67.01397545731336
33,80.9631066321071,66.99945058638905
33,81.02027716642041,67.03213583794874
33,80.95896248722083,67.01825466495701
33,81.0068396469412,66.97990593720091
33,81.0104491184456,66.98869746318579
33,81.00366401991363,66.96851910142722
33,80.99112007417307,66.9826510362365
33,80.97596902221751,66.99705088475591
33,80.9566291785904,66.98497561458257
33,80.98054271084624,67.02433569465227
33,81.01105177062436,66.96873231795281
33,81.00179407695975,66.99523203622174
33,81.00086647000231,67.00174110242901
33,80.98903991126129,67.03025925862997
33,81.01223429144855,66.97741883782453
33,80.96290538303305,67.01011799080423
33,81.03605242252259,67.01623908676353
33,81.00555425109879,66.98598712921151
33,80.99389359104309,67.04181284254587
33,81.04294884655297,66.97962036030474
33,81.01427946820002,66.96030645739762
33,81.02918231506204,67.0091070095995
33,81.01788893707719,66.98162185969386
33,80.96696621653908,67.02124835866711
33,80.97241727958884,66.96052964397629
33,80.97228613740029,66.9614904301998
33,81.03551842281402,66.99273133270657
33,80.9796325589158,66.98767773399543
33,81.03667562192119,67.00479558543546
33,81.0006236711975,67.02288161364429
33,80.9682262719601,66.97733940828105
33,80.98021640103971,66.97209788503959
33,81.01570190930252,66.99305785521165
33,81.01500406249409,67.02571323089859
33,80.99962338507335,66.98349322400499
33,81.0277351659261,66.9746215654723
33,81.03278362169763,66.97745573306393
33,80.9977489367884,67.04064218950101
33,80.96960214434768,67.0104307422474
33,80.97591183674503,66.96157029032999
33,81.0271535948241,67.02595086230205
33,81.04662060564006,67.00538670087033
33,81.02679995673535,66.98695990052711
33,80.96343299995098,66.99004964361667
33,81.00619178186187,67.03229697106143
33,80.96692243328977,67.0063178745869
33,81.01614573983771,67.02707236583088
33,81.01309570124499,67.01922700732821
33,80.99250166627877,67.01021111292573
33,80.98676533291572,66.96460226383496
33,81.01038649077117,67.03086588372926
33,80.99902865972498,66.97549694973983
33,80.9816287740765,67.02029640761734
33,81.00611809242132,66.9990929544888
33,81.03748155191862,67.01380323056635
33,80.99797161485822,66.97949408488125
33,81.01443687733638,66.99524419215638
33,81.02621226696273,66.97580291459006
33,80.96284759613711,67.02703893378334
33,81.0280257135603,67.02897715916788
33,80.97355426468789,66.95841275932027
33,80.99406161178501,67.0279870477532
33,80.99380047818788,66.9530119364566
33,81.03583470355295,66.97132594197892
33,81.03329118351162,67.00124135647513
33,81.01073500129371,67.02218457761823
33,80.99773219570874,66.98084519606287
33,81.0360949792846,66.99200593438847
33,81.0238921542428,67.00314561634214
33,80.9998960058128,66.97358593752578
33,81.04436196481122,66.98719020048404
33,81.00149153447433,67.01567944779771
33,81.01042862872306,67.01148845066758
33,80.98062266399837,67.03815672549153
33,80.96839699223878,67.00418317863425
33,80.98247297976539,66.99390622548617
33,81.00264281172096,67.03913075370843
33,80.97165911878851,66.9810595564742
33,80.9950339670367,67.04791517748126
33,80.95210128178014,66.99120112909152
33,80.98888540690294,67.03745142827754
33,80.97764841052472,67.00663333824836
33,81.01455000636422,66.99742693623568
33,81.0062201298579,67.0239401476464
33,80.96253823207685,66.9684409970813
33,80.99661058679492,67.03092675084693
33,80.97500380713981,66.9931694492144
33,80.99804143109745,67.04070450608863
33,80.99793414817113,66.97033942127254
33,81.00272664303434,66.98924070488923
33,81.04499334371867,66.99093779311441
33,80.96310185512804,66.97968978968419
33,80.98067548207062,66.97365586552803
33,80.97738456183453,67.00781997562866
33,80.96713993551296,67.03485161770055
33,80.99675348940363,66.97463373148746
33,80.99166048355703,66.96323697915372
33,80.98576120809005,67.03829482301164
33,81.02149328143177,66.99227603792193
33,81.01728622152851,67.03499655466106
33,80.9831185096192,67.02692570388217
33,80.98923860079492,67.03572780193272
33,81.03125292662853,66.96200005415226
33,81.02800528282364,67.01837808901622
33,80.96407177647127,67.02384206078376
33,81.00439373723547,66.95465956978026
33,81.02953485147435,66.97662607218133
33,80.98164458929463,67.04100491732292
33,80.98336328889818,66.9667252091511
33,81.00714309306376,67.02705063811987
33,80.98870650738405,66.95878147894919
33,81.04888081844916,66.99126546994974
33,81.03914777763667,67.0130600231159
33,80.98860249881174,66.9703948408438
33,80.98338989784652,66.9993562690838
33,81.02091065047875,67.0210104206414
33,81.01560770839139,66.99599952944227
33,80.97311632082051,66.95896857485091
33,81.03037515321756,66.97812423389085
38,80.98846784444724,66.98490750866209
38,81.02228021075179,67.01604563040435
38,81.04227610685477,67.00808044382848
38,80.99929081238804,67.03241168183762
38,80.978462654933,67.03071305844
38,80.97065688584124,66.98586940685104
38,81.02654529560047,67.03737324167984
38,80.9812314750655,66.97932325599794
38,80.99320348321172,67.0410745056105
38,81.02778917927886,67.00154857293029
38,80.98262713812035,66.98300832108838
38,80.98839641242229,66.97871182273855
38,81.0255105331524,67.02082891362812
38,80.99528549763191,67.03943482291604
38,81.00983418395036,66.9921622736944
38,80.98731972661577,66.95456971552828
38,81.02450286948482,66.99344394824209
38,80.97108854677668,66.97350804067334
38,80.98267899614585,66.97136750017329
38,81.01785717662152,67.01236557397948
38,81.0357024324952,66.97176786325336
38,80.99142529299283,66.97011808343167
38,80.99230091301351,66.99200193196378
38,81.00981875484285,67.01534949943093
38,81.03295051493937,67.0119220855413
38,81.01201086827263,66.97184633423133
38,80.95974339751295,67.01933917078232
38,81.04297725230363,66.97578711675803
38,80.99123260650859,66.99121661531477
38,81.04175614357254,66.97593425624903
38,81.02419470389219,66.99001573064275
38,81.01650108626691,66.98756857872465
38,80.9830460120815,66.96114213548834
38,81.01953477842774,66.95757357934912
38,81.02451212507901,67.00460151763491
38,80.99152050513266,66.97905355551265
38,80.9995158374716,67.0033843805909
38,80.99063795874946,67.02257893758772
38,81.01186108751945,66.99516220714055
38,80.99859363572487,66.99475998926532
38,80.98096428126394,66.97729556787179
38,80.97879542247196,66.99955271968051
38,80.9593533315844,67.00113455503285
38,80.97781390286416,66.99661390719598
38,80.96119930563539,66.98924483620331
38,80.97538518143041,66.95903266336381
38,80.98810794634497,67.00272277448272
38,80.99980578531402,67.01843202059912
38,80.9682067101909,67.03742744967882
38,80.97414788229979,66.993380936734
38,80.99404564117722,66.971878286587
38,81.0191786850864,67.02092475506278
38,81.00124346935422,67.04659875941324
38,80.99213333757619,67.03519222612147
38,81.03116026022046,67.02632545448482
38,81.00450509361937,67.0122336907407
38,81.00809903620805,67.04710214775598
38,81.00601886076713,66.97185557249236
38,81.01936537538565,66.96814846247192
38,80.96932352308566,67.01124816241348
38,80.95983950716247,67.0288615853371
38,80.96585302637773,66.97915856965378
38,80.99502068146883,66.97405861232727
38,81.02478842210917,66.97460081508945
38,80.99684980110732,67.03652150477231
38,81.00848098411254,67.02944654899379
38,81.00627571742717,67.00591173268518
38,80.9820490100451,67.03864589044443
38,80.96606243966284,66.9803668321098
38,80.96424542195372,66.98427606676843
38,81.00006066253867,67.04381385657359
38,80.99642188365807,67.04742063957144
38,81.00452676845273,66.99421928599888
38,80.97215539310031,66.99695817507157
38,80.98687877903512,67.02381575830485
38,80.97933783737587,66.97948164309483
38,80.99001098675998,67.04275399200739
38,80.99871128307471,66.97978722013075
38,80.99257224221702,67.02506810294723
38,80.97884991418334,67.03706755012345
38,81.0109261575475,67.02207133796264
38,80.97119906889196,67.01663772380701
38,80.99931473742566,67.01956351793712
38,80.99669133108559,66.98083308256388
38,81.0108525117449,66.9698659441147
38,80.96910906385916,67.03903835730624
38,80.98526803153571,67.0179645622812
38,80.98223728745549,67.01452950179439
38,80.96402867797134,67.00002726247074
38,81.01754330607338,67.04037448619158
38,80.96871594217548,66.97266146350627
38,81.00507413584589,66.9708096739423
38,80.9854361390833,67.02932885412007
38,80.98210076909719,67.0389701934619
38,81.0196477865982,66.95812212463547
38,80.98319217138119,67.00608351742315
38,81.02508957462449,67.02270122109023
38,81.02875143830781,66.98141187248333
38,80.99445750906305,66.97455586180685
38,81.02679412587712,67.02560489450846
38,80.97300105467369,66.99235599870728
38,81.01817929725779,67.01583187385407
38,80.95921153933021,66.99603469761243
38,80.97433503220876,67.034947700121
38,81.02285421491484,67.0213852541237
38,80.99640884717381,67.00465424316371
38,81.01785748232292,67.01049311054071
38,80.97689232596366,66.97937405809643
38,81.02678417224624,67.01260684873532
38,81.03111027039947,67.0323492492998
38,80.97024673474544,66.96377964650067
38,80.9607874318902,66.98498855906413
38,80.97963190837898,67.01833373000828
38,80.99053509954864,66.99316632368519
38,80.97798591051281,67.03684392426241
38,81.04292740296887,67.01433129158052
38,80.9816287740765,67.02029640761734
38,81.01696617063855,67.03090115302967
38,81.00211614332923,66.97973057561245
38,80.98469659566831,67.03118174393596
38,81.02945650531127,66.9630399988875
38,80.99517905945336,66.96204697648459
38,80.99553197479472,66.98050678838933
38,80.9774553155368,66.95964932049635
38,81.01866817073264,66.99335859582939
38,80.9817044015701,66.96579602606697
38,81.01432713421539,66.97917578382831
42,81.01089562272387,66.97332919667623
42,81.03598599068721,67.03220283951366
42,80.9880480492821,66.98477121915346
42,80.9818182914175,67.00085957082952
42,80.96841934640267,66.9994402114282
42,80.97987458541544,67.00889430724476
42,80.98033642478092,67.01294141424016
42,80.97442363905618,67.00078016626045
42,80.9574109792559,66.9937894510112
42,80.97527532125045,66.99506668946866
42,81.0029079288105,67.02647014035597
42,81.037039952924,66.9959215148163
42,80.9812158865486,66.97857329277446
42,81.01084890382323,67.0306760091406
42,80.98979229044087,67.01015444596126
42,80.98548319695088,67.01799260087586
42,80.96212099795653,67.00721479960161
42,81.02368916815888,67.0042510650304
42,81.01279587774275,66.99524237134136
42,80.99004927711113,67.03105817859158
42,81.01554572614567,66.96819311922651
42,80.9994662403787,66.96058045321804
42,80.98144023233974,67.04600333828462
42,80.98600061829954,67.04204153224737
42,80.98691669629633,67.03397033161194
42,80.97583340663158,66.96674296590032
42,81.00920104853009,66.97189106037092
42,80.95769633767513,67.02004451586234
42,80.96474597256818,66.9704942349801
42,81.03375012373093,67.01073767866656
42,80.9864195548502,67.01060564333291
42,80.98528558982258,66.96023743300637
42,80.9832973056164,66.97376318715726
42,80.96938776277055,66.97632246492196
42,81.00345755992286,67.03821630783975
42,81.03099406168066,67.01616269394277
42,80.95127555453517,67.00182674720699
42,81.0178696892771,66.98525456181092
42,81.02542217919802,66.97557254550783
42,81.0309155423998,67.01244094783934
42,81.00671332169038,67.04654817532602
42,81.00360334484724,67.0188262087118
42,81.03237491741706,66.99753531942522
42,80.99329755977423,67.00529207199583
42,80.97288012651268,67.03151208993575
42,81.0372601750262,66.99624126102788
42,81.00732151839667,66.99172041631184
51,81.01690941282052,67.01742633872495
51,81.02134062075856,67.0118860328653
51,80.9907418791408,67.00051637852836
51,81.0013805920924,67.04393734937392
51,80.9730767274457,66.96119332065953
51,80.97885688906072,66.98731929593468
51,81.03009766409644,66.9691783061938
51,81.03848131318946,67.00399401144035
51,81.04956963883346,67.0029860005506
51,80.9742053811294,66.9709622704172
51,81.00195230335582,66.95946463590069
51,80.9901996613711,67.00381332941672
51,80.98102029344697,67.02455914857319
51,81.0333435076549,67.0083580160204
51,80.99113957821348,67.0453346044667
51,81.01258473762262,66.9606124870241
51,81.0116681713773,67.02551804330137
51,81.04037864002225,66.97232086161823
51,80.99845219362884,66.9849274636052
51,81.02425448022362,67.0347957451902
51,81.015737466688,66.95875931569095
51,80.98574828298358,67.01147804705717
51,81.00999070285233,66.95427934844342
51,80.99155560147437,66.99133983431693
51,81.00594841221604,66.99376583501144
51,81.00651505485993,66.95933583620591
51,81.03832198000825,67.00422933371902
51,81.03180819678956,66.99977541195044
51,80.96861694595755,66.9728063176748
51,80.97245134909177,67.03516681266836
51,80.98595508010516,67.02604569354452
51,81.03931418930163,66.9718097100203
51,81.02903713071275,66.9598094843305
51,81.02136621174523,67.04114281295264
51,80.97074225814315,67.03226592891899
51,80.98384796155933,66.97443381407544
51,81.0095079500473,66.996584130917
51,81.00110347136948,66.9842985652346
51,81.04264353722894,66.99958206839294
51,81.00865769191705,66.990677549848
51,80.98497561064664,67.01390683678291
51,80.98614037632977,67.02085344774173
51,80.95912506581233,66.99491281146602
51,81.03526428555382,66.98861370405744
51,81.00101931886354,67.01349415573473
51,81.0177720276339,66.99179707294316
51,80.99202238569552,66.99883198186669
51,81.00835760646011,66.97899772537264
51,80.9858227543416,67.03285379082354
51,81.04415070708247,67.01413710115514
51,80.95507053543172,67.0081943494802
51,80.97411652149886,66.96302751597416
51,80.96716504636198,67.01291746152936
51,80.99407331259945,67.01952282751256
51,80.96090888941067,66.9862701892071
51,81.01355054509715,67.04247374706064
51,81.03477085808152,66.96571426452462
51,80.98174143990421,66.95695333424838
51,80.98986992160968,66.97117504299347
51,81.02434391858236,67.03322659751065
53,80.97470347130685,67.02379143552793
53,81.03742625382769,67.00173025929455
53,80.97805507933927,67.01775891021342
53,80.99723239759618,67.03923418979812
53,81.00691850478253,66.97426408160636
53,81.01979799105204,66.97723736755712
53,80.9810356198088,66.98320509554749
53,80.99523393976473,67.04917872162716
53,81.03972947150685,66.98211558936978
53,80.99360605401843,66.97521592757393
53,81.02004176513098,66.96678945378501
53,80.9878252629285,66.98067053696283
53,81.02636330369276,67.00818987515328
53,81.00233018256,67.03560963963687
53,81.01689666424954,67.03921281192429
53,80.99479809253732,67.04474444783689
53,81.01227751273294,67.01142074285691
53,81.01625114289561,67.02731890266685
53,80.98506978403793,66.97366338894614
53,81.0035661166824,67.04392160143186
53,81.03193234786012,67.01616253313568
53,81.00986722980798,66.9954304803509
53,81.04070510782226,66.99712213989876
53,81.01586314880379,66.99451003661245
53,81.03823959360551,66.97071000528913
53,80.99312905315718,66.96984312699243
53,80.97766627141091,66.98270529444675
53,80.96143891560338,66.99639939540818
53,80.98743238625835,66.97444769314572
53,80.98124702429658,67.00572192261325
53,80.98575976461107,67.0311719108684
53,80.99697460774038,66.96677993004563
53,81.03709092600809,67.0125362296976
53,81.02679748894359,66.98812670866437
53,80.95957370347679,66.97501747823877
53,80.97620467417042,67.01518426941813
53,81.00045310951496,66.97950388046759
53,80.99260758672285,66.95894447819624
53,80.99194910052296,67.02557867575368
53,81.04765890875142,67.0095658837834
53,80.9783471763873,67.0258657045706
53,81.0434802549544,66.99016554953828
53,80.99100818992632,67.01215885822772
53,80.98510275042631,67.0161962209374
53,80.96689367357145,67.00429273147925
53,80.97885180850804,67.00863447472746
53,80.97978008245138,66.97352620837601
53,80.97053258517734,66.98031863733974
53,81.01416669759593,66.9560747259914
53,80.99832325811754,66.96837964363039
53,81.01051731514697,67.0215006394125
53,81.01429178657673,67.0470461784857
53,81.0228814196897,66.95874299781676
53,80.97094335720845,67.01280972665779
53,80.99052161263032,66.98286382554048
53,80.98682839381568,66.99009051878724
53,81.00749740799662,67.00019486679231
53,80.99250956723783,67.04670093457524
53,81.02160842367626,67.02782923335437
53,81.02435805002078,67.02031343859704
53,81.00461122384945,67.03827251145154
53,80.9993219810763,67.02252611379724
53,81.03407020594902,67.02945804657848
53,81.04242756425938,67.02618268576924
53,80.97489835384712,66.96315881553983
53,80.95325961068136,66.99053956254774
53,80.98142732723686,67.03946461529851
53,80.96191072844753,67.01311901243513
53,80.98622230856427,66.9875767026852
53,81.01600010275763,66.97668030956132
53,80.98026262931609,66.98396768609003
53,81.03585825233445,66.98787728356727
53,81.0065034482017,67.04446075638477
53,81.03587295489803,66.97349209224929
53,80.96662497051125,67.0282031177223
53,81.02725411522185,67.03608926684929
53,80.9838888407967,67.0223041555033
53,81.02063811677644,67.02780479870228
53,80.98011185710158,66.99258109777763
53,81.01316096217872,67.04402574341579
53,81.00137900534511,66.9707746203092
53,81.0295022043945,67.02184711042574
53,80.9777613940239,67.03194556690019
53,80.99188975986459,66.9692594467633
53,80.97519131346769,66.98035222240411
53,81.01889664110104,66.97513562582535
53,81.03714511120653,67.00232121791117
53,81.01116285263019,66.96211931993591
53,81.01129830961148,67.02412714410183
53,81.0431129902662,66.98762840811634
54,81.03491735144371,67.03098508373627
54,81.01940362229945,66.9785923064759
54,81.00778563775054,67.00813660948313
54,80.99987679250869,66.96261552189831
54,80.95387240562322,66.98096081067233
54,81.02482537081707,67.03325438944205
54,80.9608247867613,67.01869247273481
54,80.99430249153777,66.97730301659922
54,80.95873752919456,66.99697604476307
54,81.02571079543429,66.96982823184739
54,81.03704550955749,66.96688292966888
54,81.00995666826448,67.03828105945348
54,80.99145688870586,67.0259634183076
54,81.01480818257328,66.97084964967837
54,80.99529589032103,67.03897788508006
54,81.0170591479531,66.98024352735536
54,80.97991853271297,67.01352304550072
54,80.97269333095356,66.96294748590017
54,80.97564985747123,66.97430809058976
54,80.98904062802427,66.95620097011752
54,81.03437752591677,66.99425110602948
54,80.97532706173226,66.98915760071948
54,81.04031577097894,66.97333006106822
54,81.01979809266244,67.01450173978354
54,80.96144550874448,67.02344257972531
54,80.96064811914427,66.99827026115872
54,80.95622694573984,67.01953675855509
54,80.97384107671755,66.96472067103184
54,80.99034464819948,67.0133758682977
54,80.98047053481271,67.01452299421354
54,81.00646554482665,66.96422662794566
54,80.96349620473283,66.99306689285999
54,81.02721501147956,66.96453111807955
54,80.95338440356463,67.01512717224826
54,80.9855325253522,67.00706142865064
54,80.99655302714685,67.01704796502017
54,80.99317956062409,66.96801429562322
54,81.02470962816041,67.0333917918121
54,80.96646545268166,67.0278253530096
54,80.95626185695971,67.01104275125712
54,81.0181435040122,67.01134873061048
54,81.02646982610477,66.996777335507
54,80.99416178404104,66.99856759349989
54,81.00661957885936,66.98734241274778
54,80.96054938282676,66.98045622459396
54,80.97482669435911,67.01520013299029
54,81.0202263014731,66.99665576032356
54,80.96329870657715,67.01788611856503
54,81.02418370794899,66.96241254092044
54,80.96359555122801,67.02972394234051
54,81.00878275840554,66.99678278415303
54,80.95438942012377,67.01434364787423
54,81.01975471556459,66.99428337636206
54,81.00465196906453,67.00504397921311
54,80.98645520327635,67.0256215708217
54,80.95924146953955,66.99901009622677
54,80.99746229973522,66.95625908094681
54,81.04529638876474,67.01497320907524
54,81.00155922247482,66.95290942470209
54,81.03190199399201,66.96341743217226
54,80.96080224463978,66.99138103996422
54,81.01632891272567,67.03252413086763
54,80.96083023929309,66.9811684689869
54,81.01373716246798,67.0312399758252
54,80.96548754821396,67.03167303304369
54,80.99705574978704,66.9527355697531
54,81.02220556694293,66.96240044367275
54,81.01921615704624,67.00451050912464
54,81.01171433595098,67.03391238642789
54,80.95426000702285,67.00287031892309
54,81.03938998335954,67.02381111349062
54,80.98349394883049,67.01087409017222
54,81.03723913446433,66.97817922999977
54,80.98118028872629,66.99308066253087
54,81.0293809920562,66.9694778638102
54,80.987665257715,67.03919939056966
54,80.97791637400044,66.96236309882168
54,81.0041879741845,66.99148308047506
54,81.00713592840562,66.9845938677483
54,80.99794147923987,66.95163661254472
54,80.99104539927491,66.994714030129
54,81.0470082990624,66.99255460739236
54,81.02072531669307,66.99777122027132
54,80.9696766881519,66.99302765632304
54,81.02797523075358,66.99081471318566
54,80.96774607875162,67.03180526505861
54,81.03639489716011,66.98704657540584
54,80.97645612551835,66.96801990384772
54,80.99819239335308,67.01490250165338
55,81.01051731514697,67.0215006394125
55,80.97443003750048,66.96387833016823
55,81.02144256847488,67.03985879435635
55,81.00703022821016,66.96782229115057
55,81.03187352143166,67.00857398124585
55,80.98557612035789,67.0393787459884
55,81.00850381901672,66.95224545681003
55,81.04587235647229,66.9842715501649
55,81.04119297700613,66.97215049545599
55,81.01132187932704,67.0438664490763
55,81.03276477375954,67.0363936318198
55,81.0038001553438,66.9562535120428
55,80.96291930310154,67.02889381743697
55,80.9724322455514,66.9917994473464
55,80.98196321059716,67.01935934063232
55,80.99476974287889,67.04202027278082
55,81.01518144278482,66.9628000370714
55,80.9857038088405,67.01697995584406
55,81.01048248867221,66.95960212938138
55,81.00631595186009,66.97211845149587
55,81.02830427574231,67.00620095211825
55,80.99604537012479,66.98773373148666
55,81.02211790418282,67.01360737815097
55,81.00259270953626,67.02097263226965
55,80.99035973029733,66.99097418800186
55,81.03795639929747,66.98687176907035
55,81.03092640799666,66.97782401387438
55,81.00974539001949,66.9810221701066
55,81.0127236780254,66.99391610210232
55,81.00292841665484,67.02394689708697
55,80.9989536762118,67.01884238194454
55,81.01598339234536,66.96757477052124
55,80.96111878475512,66.97022911561665
55,80.99660701681111,66.96099819572697
55,80.9985280856208,67.04505716490316
55,81.02071234763207,66.99351591573321
55,81.04497072252349,67.01047118152755
55,81.00073071324319,67.03047024522166
55,81.04676276534906,66.98470436522136
55,81.02075962374433,67.03821085239764
55,81.02721666691895,66.96626205346674
55,80.97824462607046,66.97526921300006
55,81.03014133697882,66.98136323549289
55,81.01948615584297,66.99256586420806
55,81.00495625798256,66.9931497718084
55,80.98708727545916,67.03056989393869
55,80.99442019436758,66.96527374626464
55,80.9796700459952,67.01707097712749
55,80.95391582918865,66.99263431022626
55,81.00278655803905,67.02053250291976
55,81.01360161340571,67.04647862103099
55,81.00408553903895,67.03622664492953
55,81.0289823686084,67.02911203422052
55,81.0377011093525,67.02092768467139
55,81.01558967974394,66.97397202011389
55,80.99629906460069,67.04893438719861
55,81.02638894012803,67.0109551775264
55,81.03001128395007,67.02244452270341
55,80.97872600274098,66.96134153299617
55,80.9728515999249,67.0255745648115
55,80.98904831039485,67.0131189153443
55,81.03505641116803,66.9789022495476
55,80.99670239601582,67.01514345545499
55,81.00936180867245,66.99526803586183
55,80.98292371821572,66.99825537628196
55,80.97893563009082,66.98055846454153
55,80.9923631147105,66.97805064750067
55,80.96996617919025,66.97123953790197
55,81.02812988810753,66.99704069440205
55,80.99462126943304,66.9923999143139
55,80.99053509954864,66.99316632368519
55,81.00476654521825,67.03032337645308
55,81.00639118627763,67.02504184834035
55,80.96929453113057,66.98067360021004
55,81.00422497308004,66.95481767428952
55,81.01637657150893,67.03306067068459
55,80.97295453543644,67.01772621712459
55,80.99165405406596,67.0039036192967
55,81.0042539950064,67.02297634270995
55,80.98565998424779,67.04592848306858
55,81.00324924643964,66.96386838751036
55,80.9925407957433,67.04395575024543
55,81.00142675638364,66.96023384202336
55,80.96536652976397,67.02171762428273
55,80.96818785937474,66.9758406759185
55,81.02259719662226,67.03748158765806
55,80.96435185784651,67.00500406917365
55,81.01766693810163,67.01932322017647
55,80.97818149528808,66.97355568235854
57,81.01181222174085,66.99790371004057
57,81.04039598720419,67.00342340734383
57,80.99203032998668,66.98406248992188
57,80.96710227171359,67.00436141719959
57,81.02171301393571,67.01243434484171
57,81.02407587413899,66.9911641431757
57,80.99140134643814,67.0280767159545
57,80.97745895817867,67.02887665734117
57,80.97756932147205,66.98416075008436
57,81.0327055112245,67.01933569878348
57,81.02258804402818,67.0423676183801
57,81.02177560271842,67.0409823435228
57,81.04265555391639,66.98627224919737
57,81.02323901134785,66.97636165922191
57,81.03444038029295,67.01652789127192
57,80.97537564419567,67.00307498061876
57,80.9810320376487,67.00307632457809
57,81.01010434011553,67.01219129884838
57,80.96519061837395,67.02391217411895
57,81.03157963402747,66.98906764331389
57,80.9932040563059,66.99876858750042
57,81.01484058587086,66.99708909719752
57,80.96530202621634,66.98231896821412
57,81.01464300016056,67.0070878328753
57,81.04215817857155,66.99310581869057
57,81.02109223860786,67.04206166733258
57,81.01474294181638,67.0076479148272
57,81.04688401328413,66.9883278565067
57,80.98929415416625,66.98817868010063
57,81.00829188200363,67.03548410869497
57,81.0259004492087,67.02702894588859
57,81.04603277912383,66.99252707137114
57,80.95932970336028,66.9774693653011
57,80.95676343405059,67.00050425372551
57,81.02911222631796,66.99276653383602
57,81.02744125530658,67.03524295682634
57,81.0219438116656,66.98277814361745
57,81.00828776796263,67.02384529003332
57,80.99357623542464,67.03417581304605
57,81.04561810623643,66.99890672193919
57,80.99692707454827,66.96048665973673
57,81.03533402037841,66.99947440716019
57,81.02924886540637,66.98112828428421
57,81.0159520243615,66.97026845192316
57,80.98886609693778,66.99295871147528
57,81.04061082996719,66.98443783241835
57,80.95331874822874,66.98792096049446
57,80.97510323411402,67.04261434422658
57,80.9637915968726,67.00341367234071
57,81.00974168026582,67.04658995030842
57,81.04298053216365,66.99070138609483
57,81.02533852003556,67.01272238640315
57,81.00520515739748,66.9758320799768
57,80.95426000702285,67.00287031892309
57,81.01426906664288,66.98863364420595
57,81.03039303320784,67.01452849161338
57,80.97825874467141,67.02351165862353
57,80.98650107809723,66.99448558676512
57,80.99644896658232,66.95719360312627
57,81.02310247197359,67.02692283009969
57,81.00825716115594,66.99342516381768
57,81.03658609669853,67.02621992554845
57,81.01025086088526,66.965814256603
57,81.0468639542993,66.99254953551419
57,81.02955998099516,66.96351613611381
57,81.03988142500855,66.99574832344888
57,80.97296524112932,67.00931092252894
57,81.01235933246821,67.0348992801567
57,81.02530768749261,67.03645783192927
57,81.02549600347874,66.96580302630352
57,81.01466525816413,66.9769579484369
57,81.03486560147248,66.97297670289899
57,80.99389159213665,67.00464523624773
57,81.04370590643435,66.98160230669278
57,80.99181605769192,66.98114928721355
57,81.02427258413238,66.98177486082753
57,81.00724995014744,66.95088979683635
57,81.0294262863048,67.0055839647652
57,81.02452043220467,67.0097464729676
57,81.04734061286544,66.99916836077735
57,81.03136146295579,66.98504737907648
57,80.96374372642144,67.00685595154398
57,81.02622939942925,67.01220746019155
57,81.00681929414927,66.98794605427737
57,81.02692316774247,67.02259030873797
57,81.0369089656276,66.98335425900716
57,81.03381819419309,66.98297256270999
57,81.00960426620392,66.99487976041618
57,81.01288924653662,66.95849662033174
57,80.98308957111999,66.96194655012701
57,80.97686420549323,66.98823681098075
57,81.02282208403284,66.9652313132864
57,81.00076697324413,67.02385841683093
57,81.01118886704224,67.0213256362945
57,81.00267266363146,67.01658330516179
57,80.99708322819558,66.97390055258462
57,81.01329933980288,66.97271012992643
57,81.0165814808945,66.95698772567947
57,81.00355817864197,67.04391498560771
57,80.9992452039373,66.96170399148696
57,81.01850376357908,67.04226644965237
57,80.99248906558397,66.99026663734985
57,80.98086355682096,67.00920009753648
57,81.0036515363805,67.02962593216688
57,81.0127171212614,66.97279851020524
57,80.98434972537123,67.00796831501769
57,81.00906337031894,66.99077072101342
57,81.00165590928863,66.97302375701071
58,81.02977035198333,67.01883145020464
58,80.9946758299482,67.01919377644121
58,81.00184918067193,67.02933376540571
58,80.96952247394375,66.96833844663355
58,80.9779883378641,66.98067086983113
58,81.00232828739912,66.95627446767217
58,81.00776574708269,66.97750391822873
58,80.99633260531331,66.9881959666358
58,80.96791707015103,67.00648733598793
58,81.04565808768027,67.00763655477131
58,81.04313608626968,67.02095940050185
58,80.99673403820314,67.03639623979855
58,80.98676507091832,66.9679650116424
58,80.97234284053202,66.98020114084945
58,80.95177046276774,67.0052415822667
58,80.96644195182807,67.03576101538678
58,81.00373729083981,67.04232526207495
58,81.00813818105658,67.00527324075138
58,80.95845520467086,67.02661865115198
58,80.98379408081422,66.95451114729299
58,80.95506229725245,66.98575875926994
58,80.9983922945319,67.04106480154962
58,81.00214411986721,66.96269690312076
58,81.02283345583275,67.01655408885797
58,81.00002744782576,67.03375384938391
58,81.02139253477901,66.97913374319462
58,81.0071312970339,66.95775603680643
58,81.00324670724137,67.049173168583
58,81.00692661047347,66.976784029339
58,80.98396403981096,66.99827330019856
58,81.0179064317465,66.96037923826088
58,80.97666177374221,66.95713980219134
58,80.99558602927439,66.95831161833418
58,80.99591667564712,67.01583818457769
58,81.02160978554922,67.02290061254692
58,81.00374132350834,66.95758910462156
58,81.0013391514826,67.03610941506429
58,80.97946402378005,67.01565468813014
58,81.01105895407183,66.9588672167703
58,81.01226490778849,66.95948182682878
58,80.96008476080011,67.0093161563208
58,80.9731370135124,67.01687984884452
58,81.00491249663705,67.0014401211392
58,81.02166967611596,67.01427225217516
58,81.04112716158329,67.02748705145154
58,80.95208989402308,67.0125307415852
58,81.02365270850875,67.04037946579335
58,80.95249129527124,67.00931307206483
58,81.00596120630975,66.97407836841926
58,80.99230461333588,67.00049720783794
58,80.97176446198839,67.01314085491835
58,81.01017836352986,66.96428691559099
58,81.00773835367673,66.95897383346262
58,81.01323888119344,66.973070359727
58,81.0032015937771,66.97616863511662
58,81.04422615468043,67.00780521488294
58,80.98140634754299,66.9842126273847
58,81.04186476491267,66.99878763433118
58,81.02502396481371,66.97776817480886
58,80.99466196635362,67.04935448966853
58,80.96830216367451,67.03793117008647
58,81.01282245317596,67.00352453289227
58,81.0003844388809,67.0432405036598
58,80.99994717666524,67.0208771366547
58,80.9895974431313,66.98286869870083
58,81.03188627477503,67.00054227385023
58,81.02119836596377,67.01058022575927
58,81.0150746931165,66.97380719406137
58,80.98628637544088,66.97538344790632
58,81.01750830082067,66.96374668083759
58,81.02590458831166,66.97040629917878
58,80.99527370892392,66.99407991520346
58,80.98138202574148,67.01419255477008
68,80.97825874467141,67.02351165862353
68,81.00595576679886,67.04749334169438
68,80.9901415811937,67.0148483590304
68,80.99175078433109,67.0367413072177
68,80.99956522055383,67.04853014370228
68,81.0343471210504,67.02604805521207
68,80.9585501890401,67.02432341527799
68,80.98909107283829,66.95825052348795
68,80.99818481309447,66.9656630286487
68,80.98554655692128,67.03362976731879
68,81.01861056772131,67.0271440856632
68,81.00043555637325,67.04920527071495
68,81.02767966052262,67.006366279916
68,81.02429166962835,67.01630222194571
68,81.01759141074037,67.04616832096981
68,80.9698314870718,66.97241313225288
68,80.95103716917555,67.0076597333327
68,81.0072858109482,66.99991150229187
68,80.99792365080923,66.95834142698301
68,80.99599281568057,66.99028731651288
68,81.03387871829065,67.02999990959138
68,81.00964529230208,67.00369983460664
68,81.04582644574398,66.98677659517973
68,80.95373193531346,67.01287364851325
68,81.00685345689931,66.9871309112519
68,81.01078908867112,67.02915220299822
68,81.02264394780549,66.95811554047705
68,81.01825178897867,67.03103973574666
68,80.96937569415938,67.00386738241791
68,80.98996412780359,67.03752828124699
68,80.9972303769507,67.00429057083663
68,80.97394971872222,67.02648203180516
68,80.98130671307274,67.04105578530519
68,81.02915219223712,66.9615660590984
68,81.03051561017419,66.96139592390215
68,80.96221309693382,67.0087530796311
68,81.00149246276703,66.9757857904977
68,81.0215852123348,67.02567706872337
68,81.0260065372812,66.96267090791329
68,80.97888210337874,67.02197523707196
68,81.03564851745544,66.96795989324447
68,81.01052377358982,66.98017984272938
68,80.98209670957664,67.02343038126178
68,80.99859858152729,67.00788740955633
68,81.00239650157665,67.02220592738512
68,81.01029455062844,67.02986138123057
68,81.0334156549339,66.96298580154252
68,81.0324979615216,67.01145367263757
68,81.02750404077655,66.98991318526441
68,81.02083781843757,66.98305919611863
68,81.0035461314356,66.97703884564066
68,81.0097554671624,67.04402065582111
68,80.9830633763062,67.03412412752091
68,80.97814003827182,67.04281913817414
68,80.95211840407582,67.0067113630918
68,81.01298507622057,66.97767902544423
68,81.02258248706028,66.9655621783614
68,80.993076322045,67.04759407831011
68,80.9739938685397,66.98725055646563
68,81.01113041596007,66.98516647434899
68,81.01309277535881,66.95188937804551
68,81.03491314337195,66.9644980927473
68,81.01151622326287,67.02460149829338
68,80.99493783407148,67.02943326242769
68,81.03639914739094,67.00700947501154
68,81.02832834361155,67.04013287896781
68,80.96740860554188,66.97849723906319
68,80.9960872488687,67.04916440165972
68,81.00357838556079,66.97742271526108
68,80.9956763920788,66.98182625147498
68,81.04303446282667,67.0226396995425
68,80.98362423225538,67.02728548619457
68,81.03465535488127,67.01794116035688
68,81.02528990083175,67.01631032960468
68,81.01760400293205,67.00123076331373
68,81.0017693951582,66.99741737506459
68,81.02469419291937,66.9613752205279
68,81.04292823101595,67.00479021608129
68,80.9822039725475,67.03391787151482
68,80.98138329084438,66.95409230915743
68,80.99440109135291,67.04367493561458
68,81.02146485778532,66.9950420625702
68,80.96995358673551,66.99015033287985
68,80.98531219506093,67.01530921496541
68,81.03978819495048,66.98601838818651
72,80.97984334576378,66.98873814963893
72,81.01301996464827,67.02777130100128
72,80.99016005868472,67.04808806487905
72,80.96879082066025,66.97700268178096
72,80.97359323476518,67.00176011341931
72,81.01509708606946,67.03578150384662
72,80.97079981081554,67.020417208182
72,81.00450579498388,66.9890799535092
72,80.9658888052404,67.00806406311555
72,81.01882987983981,66.97310081983478
72,80.9771863712579,67.02926163083622
72,81.02202513804892,67.03754757810187
72,81.02966778188285,67.0134673212415
72,80.98056015979738,66.99310337529343
72,81.04314435932908,66.97871998299337
72,81.02448764782515,66.9966725348338
72,81.00491195972269,67.02946213884523
72,81.01581738367481,67.02273961637769
72,81.00147357055513,66.97056778472239
72,81.015737466688,66.95875931569095
72,81.01281639843495,67.01132653893887
72,80.97355562300545,67.0388954322751
72,81.01900422287547,67.01084156537553
72,81.01348594943244,67.02446121863635
72,80.99797161485822,66.97949408488125
72,80.95382794414577,66.98535829382368
72,80.99448170967058,67.04961201729682
72,80.95416425780415,67.01591936021674
72,81.0262708519925,66.96437335922109
72,81.04349580126895,67.02385395703153
72,81.00650477311945,66.98695610050774
72,80.99147389314038,66.96200157040501
72,81.00464424428596,67.02844555967994
72,81.02534733670724,67.02226583496473
72,81.02733033061075,66.97819857872503
72,80.97675848854932,66.98653836966862
72,80.95351639721456,67.00245562706716
72,81.00818871493752,67.00779543462427
72,81.0449312576109,66.9937874799814
72,81.00334766602136,67.03266350889176
72,80.98125508013278,66.9778910119272
72,80.98128730139511,66.96416693479802
72,81.03585825233445,66.98787728356727
72,80.9901081345194,67.01187044274563
72,81.02891830847449,66.96859268130528
72,80.97815964325041,66.95770027033227
72,81.01746644341033,66.975792569804
72,81.02970903064703,66.96506819090055
72,81.01384687421489,67.04714825742342
72,81.04434670873515,66.98200823560073
72,81.02051466167413,67.0081025474113
72,80.97858573055082,66.9998639276797
72,81.02166499162246,67.03127153729595
72,81.04165705800581,66.9819976361394
72,80.98571444309154,66.98889575971646
72,81.01331654577216,66.97079075023674
72,80.96792789073542,67.00463221144443
72,80.968402137298,67.02063109242388
72,80.97368531502411,66.9950176267557
72,81.02371064898179,67.00248053077397
72,81.0341756571884,67.0101378564572
72,81.02833774273748,66.9730018099998
72,80.9626185038183,66.97314198549377
72,80.96257530308677,67.0067327082309
72,81.04195707628665,66.9922192733487
72,81.0369089656276,66.98335425900716
72,80.96637735833747,67.0228833467222
72,81.02296578567648,67.03289117006001
72,80.98602220031594,67.02441379103546
72,81.04429339557889,67.0105744635459
72,80.98282350096424,66.97665058493381
72,81.02502372208937,66.9643932885857
72,81.01235202767593,67.01390322227279
72,80.9703809467187,66.96430854392904
72,81.01283283786563,66.99157543421495
72,81.0211860415748,67.02021250242953
72,81.015096001046,66.96481742412341
72,81.01155386180612,66.96919233006896
72,80.9621312675094,67.0289398426351
72,80.98762253249012,67.01844445896383
72,80.96153955094054,67.01895639204685
72,81.01797007114244,67.01837566256208
72,80.9962666600175,66.96152233950228
72,80.95380347804668,66.99566984274897
72,80.98517442340129,66.95773686903667
72,80.98898276357173,66.95769206911798
72,81.00126480352233,66.96220286291026
72,80.97660280216768,66.96630926885703
72,80.99506457141771,66.99345607758407
72,81.01590590554342,67.00930424493747
72,81.009229296448,67.03979261128254
72,80.97360135573584,66.98129973568574
72,80.99369062402603,67.00597130476898
72,80.99376606244655,67.00513214600917
72,80.980327737752,67.02704543428533
72,81.00364465351865,66.98587365225549
72,81.014831558965,67.01028923376808
72,81.04333700942749,67.02472574366428
72,80.95764432608424,66.98382538691084
72,81.04205831540857,67.00743486654736
72,80.96395884305032,67.03040595825887
72,80.95053078576625,66.99623826642521
72,80.95788701004243,67.01797816761326
85,80.98563821119212,66.95296806509435
85,81.01474409505678,67.02303589963212
85,81.00821458572655,66.99392943589943
85,81.0102497171869,66.98131925336281
85,81.00283828172373,67.00717199036131
85,81.03853784036117,67.00116746122633
85,80.97824859999695,66.99877698719678
85,81.02594644477902,66.96793918780722
85,81.03680584596523,66.99005297472786
85,81.035857625014,67.00524089236583
85,80.95581737276184,66.98069634303253
85,80.99494246182928,67.02109537963521
85,81.03332466499597,67.02663826950207
85,81.01774696775857,66.95377333674637
85,80.96875240332974,67.0056351316026
85,80.99182635198919,67.02680293001565
85,80.98837409567454,67.00411448075594
85,80.98333732169574,67.03738939843838
85,80.97747991105872,66.96369825491311
85,81.02962205005242,66.9874677628743
85,80.96710227171359,67.00436141719959
85,81.0195680373646,67.0372515816704
85,80.95362852925905,66.99430155396959
85,81.03857272332897,67.01332786875392
85,80.9972165878284,67.01698363781642
85,80.99061940509961,66.9794651723753
85,81.02404660867823,66.97810221297597
85,81.02398399178001,67.01616307309348
85,80.97947160563668,67.0016928683225
85,81.02075038720709,66.99686185919415
85,81.00760296340408,66.97316884868833
85,80.99299980938783,66.95373632780444
85,80.99205602273894,67.02335113581843
92,80.95858481967547,67.02394949410447
92,80.97116777504993,67.03224142883874
92,80.99587271313403,66.95500308147965
92,80.98557612035789,67.0393787459884
92,81.00812604684234,66.95871132391461
92,81.02810841381998,67.03365485671648
92,80.97155694370129,67.00198878724606
92,81.03111363130125,66.96569634942023
92,80.96746112722153,66.97478561631118
92,81.04209358444372,66.9888080316178
92,80.9703784096853,67.03617142996295
92,80.96770937000831,67.01950687711762
92,81.02223146252328,66.9655348013306
92,81.01080281851092,67.01833041359922
92,81.01167923235029,67.02691938642607
92,81.02944830916911,67.02858817815513
92,81.00911774765257,66.96128264499654
92,81.04645567369141,66.98479440002784
92,80.964358095495,66.99152193458906
92,80.96811062695787,66.96944334713973
92,81.0009200065317,67.00223181966783
92,81.01009138426596,67.02459061831965
92,80.9753129973358,66.98893986926443
92,80.96369352947919,67.003003159031
92,81.01103650228417,67.0369548758318
92,80.98833861108004,67.04427007325454
92,80.97653210027755,67.0378608947086
92,81.00773288128387,67.01603444846884
92,80.9772076990419,67.02107156699448
92,80.9510426349276,67.00121150703636
92,80.97827354208502,67.03940559774146
92,81.02961893078478,66.97549717288423
92,80.98346191300156,66.9546183580994
92,80.96443839555097,66.97997281050446
92,80.98821549699457,67.02862382509312
92,80.99712354306365,66.99604925362476
92,80.9608798564675,67.00361828845338
92,81.00621597073727,66.98331464159347
92,81.02856325207458,67.01271419678112
92,80.98970238483562,66.982338005639
92,80.98041302200409,67.02329102550712
92,80.98347001641103,67.04604331904704
92,81.00464523908506,67.02853639564289
92,80.9584016503005,66.97980469808249
92,81.00158083091928,67.04909359718894
92,81.03355082219296,66.96630313125395
92,80.97734665790442,66.97636316929542
92,81.01471375367724,66.96402046541928
92,81.0315601111686,67.00441468683778
92,81.0383275153909,67.00303413930784
92,81.04883252394846,66.99445829045638
92,80.98527811080486,66.97567093231538
92,80.96392332331804,66.9784061548686
92,81.00157836193229,67.01543554487756
92,81.0130394523414,66.95521243528187
92,81.04160035393646,66.98908309878217
92,81.01785717662152,67.01236557397948
92,80.98646469212512,67.0230864522472
92,80.99065704415614,67.0458393587292
92,80.98774687678218,66.99422144549503
92,81.03492603743166,66.9838683019853
92,81.0254690980715,66.977280004278
92,80.99222723956362,67.03952801520666
92,81.03622632046388,67.00451862234695
92,81.00467414530063,67.00739734700603
92,81.03014050613514,67.02254023845771
92,81.01380056956594,67.03134012955245
92,80.96853661010678,66.98366803739061
92,81.00848087054642,66.97492546261762
92,81.01100041061505,67.02688973544971
92,80.9666831431734,66.98030142845751
94,81.03678745284782,67.01143644178998
94,81.01752160689453,66.96921789801587
94,81.01549399129627,67.03581699314715
94,81.02336051425802,67.03941606730143
94,81.00124448336706,66.97135829518648
94,80.97999823533742,66.99805576468216
94,80.98357930313554,67.01314340213753
94,81.00358750639559,66.99885022603857
94,81.01370781818876,66.98973719468012
94,80.98810895997151,67.0062173283807
94,80.97346046068614,67.02191846116081
94,80.9799203108888,66.98710197999698
94,80.96344023834082,67.01206151634923
94,81.03212495016801,66.98009042735336
94,81.04363849383402,67.01259529247785
94,80.97684404841223,66.97230439116
94,81.02848992187924,67.03486203647097
94,80.98588766652523,66.99945937382188
94,80.98348844698455,66.97809616836274
94,80.99429909729555,66.9651281264974
94,81.03478265376349,67.01454497840388
94,81.00391399340046,66.96691196489171
94,80.98310636513604,67.00133620969511
94,80.98416818812343,66.99492424207426
94,81.03586309855157,66.98840761872738
94,81.03395884449131,67.00271339887227
94,81.00891778590194,67.01349036281925
94,80.97643223040632,66.96510419767526
94,81.00480465931186,66.99945114991742
94,81.01602621756406,66.96168704256414
94,80.97536821218115,66.960690346895
94,81.04620508370982,67.0096766478139
94,80.98982823889828,66.95655858306415
94,80.99736405299255,67.02630842930162
94,81.0286362549855,66.9876680953021
94,81.00685646303789,67.02039686816882
94,80.95662022180686,66.99212911146068
94,80.95220670616615,67.01300775869333
94,81.02810980036695,66.99700774348867
94,81.02631639326302,66.99270500743393
94,80.99513383213132,67.00593809428447
94,81.00480965536867,67.00637986376206
94,80.99121749962836,66.95293578512819
94,81.04011709743521,67.01459914035028
94,80.99980194586328,66.98251950202301
94,80.96242881009822,67.02100225621943
94,81.02269833054895,67.02118529016639
94,80.97369437330873,66.9797665882986
94,80.98283095455254,66.95697057061743
94,80.99142853714248,67.045224775823
94,80.97414788229979,66.993380936734
94,80.98638586474858,66.9966162200768
94,80.99802260136053,66.9882533557347
94,80.96582801906783,67.00127364204599
94,81.03436956520807,67.02010274254559
94,80.97769071764938,67.01022387220287
94,81.04312665138471,67.0110141903436
94,80.98490685330877,66.99937639024678
94,80.98047777319078,67.03738094222282
94,81.04133384299006,66.99615142550795
94,80.97114745074823,66.9767898073742
94,80.97872211189295,66.99735005295919
94,80.9838720888298,66.98304005604689
94,80.9605373735643,66.98502168211729
94,80.98659530123386,66.99171474418591
94,80.97554226330959,67.0158871651869
94,80.99775691723266,67.00574463865584
94,81.04479880206435,67.01296001802133
94,80.96392667810437,66.98684078299439
94,81.00672845426668,67.02543393387532
94,81.00899536272753,66.96293074684566
94,81.03407049728155,67.00638392221096
94,81.00868028251678,67.01465913130099
94,81.04057403059281,67.01855662929005
94,80.96616783455812,66.98056167636088
94,81.01300708218943,67.02125544304141
94,81.0103327750891,66.96225244477759
94,80.98038844569031,67.00131754785943
94,80.98232013818846,67.0258337697709
94,81.01863773863549,66.95690558022318
94,81.02369499615943,67.0205561573868
94,81.04097680853398,67.01698529295959
94,80.98938167419224,67.0133391945277
94,80.9633953073073,67.00171051486186
94,81.0375576658381,67.0215673542603
94,80.99884411625807,66.99320224568613
94,80.96417642499522,66.99286220911482
94,81.02290576486558,66.9558431056959
94,81.01721735772291,67.04005289650735
94,80.99810310237334,67.00290766928518
94,81.01877320762868,67.00692424733423
94,80.97383748058809,67.00312464341859
94,81.03724527294169,67.03296761395605
94,80.98622175239232,67.02987173963189
94,81.01935020694154,66.99729932171113
94,80.98652350248577,67.02294918633265
94,81.02379899353836,66.99851106683799
94,80.96725845783614,67.032139784796
94,80.98756372638783,67.0355615694064
94,81.01577980631969,66.98463980816229
94,80.957517317632,67.00372941957508
94,81.03758884183488,67.01241558936667
94,81.02675517412258,67.03168931802608
94,80.96926715785101,67.01142086314347
94,81.02128593221614,66.96066468763897
94,80.97516495184313,67.0230841394752
94,81.00889599706724,66.9828292772884
94,80.98847948711348,66.99068366190893
94,81.01320568633018,66.97286959643793
94,80.97167582515262,67.02662360226148
94,81.02109223860786,67.04206166733258
94,81.03740002985988,67.01991103726814
94,80.97647929522104,66.9567221335365
94,81.01750459015074,66.96311926954446
94,81.00463264262773,67.02361365626035
94,80.96203491284102,66.97794246110796
94,81.02933689911586,66.99290656393057
94,80.99146350079735,67.04855435549837
94,80.98797328824041,66.95742600862872
94,80.95273909448228,66.9959198774955
94,81.03644850087292,66.97655290310797
96,81.01831047746899,67.04597163274694
96,81.01198406476028,67.04252759791727
96,81.00031761870946,67.01370888353898
96,80.96518479989054,66.99371383491406
96,81.01495253455244,67.0066074791764
96,81.0209185020012,67.01585264265654
96,81.01423952704566,66.98558261971651
96,80.9637881457505,66.97018510460697
96,81.01289349407229,67.00768039768612
96,81.00663094397143,66.96386259310312
96,81.00123016724481,67.04844893428216
96,81.0076197357027,67.01314906730825
96,81.01187460900303,67.02429249939279
97,81.0315793685144,66.98458981202066
97,80.98140634754299,66.9842126273847
97,81.01466409746756,66.96979866236815
97,81.03703611787368,67.0266450154463
97,81.02742694797811,66.9844723197589
97,81.02688012613821,66.99067788460759
97,80.99074230455913,67.0080964118636
97,81.01105098073364,67.01977471591096
97,81.03249379318726,66.96289548182736
97,81.00934967178257,66.99513506390538
97,81.03089291360686,66.97468301852102
97,80.9960056974377,67.01751042825252
97,81.02623178117473,67.00506874546565
97,80.9873706910469,67.03659698295586
97,80.95830447933216,66.98189238549065
97,80.9966234731627,67.03271832401157
97,81.01538833537492,66.95437243896139
97,80.98313702864768,66.95731885459398
97,81.01392788103783,67.0161516119885
97,80.97729442650876,66.96643952979599
97,80.96544946498753,67.03209903957558
97,80.96563810766918,67.02677242638394
97,80.98467552623815,67.04349518932982
97,80.9822846312189,66.96587422795815
97,80.97643815855518,66.96193024115416
97,80.96932813819171,66.9936685242632
97,81.00973080667252,66.95349874201612
97,81.04112746178178,66.98417214390705
97,81.00523909767915,67.03305380092627
97,81.0216189804921,66.99210740297745
97,80.9625678312956,67.03036772783024
97,80.95351186260056,66.98819012952043
97,80.99808505587025,66.99857629415725
97,80.9734239872019,66.99200122528771
97,81.00958845977692,66.96181738308431
97,81.00153191469258,67.02198500507808
97,80.97040424610579,67.04022629205458
97,81.01917217384403,67.0259939695198
97,80.9869805379819,67.02770826324814
97,80.9533618873591,66.98712915392734
97,81.0339523236474,66.96401281660036
97,81.038997026555,66.98510972596902
97,80.99472942533218,67.03677943453422
97,80.97704767284226,66.9921883714635
97,80.98442409838182,66.95339836818695
97,81.01287233414881,66.98035356641435
97,81.00484234169538,67.01826478763626
97,81.0223675647953,67.03023315003266
97,80.9847515429749,66.97485076986402
97,81.00375277941751,67.01632312190911
97,80.99639729439562,67.01171309386721
97,81.00288191865965,67.01953026810438
97,80.9626450698236,66.99038575390465
97,81.0047885548044,66.99732338191413
97,81.01990321445247,66.96297889251285
97,80.95783989941557,67.01379190917439
97,80.99502068146883,66.97405861232727
97,81.0029079288105,67.02647014035597
97,80.97568108053926,67.03336236282195
97,81.0029056853019,67.04150382624582
97,81.01371617223509,66.9772625697724
97,80.99070697005445,66.99133401738227
97,80.98119312696089,67.00706262429792
97,80.9807585101017,66.96974813379681
97,81.00865335375546,67.04509634701722
97,80.98587409306789,67.034184073619
97,81.00384387622786,67.04183656198563
97,81.02727690708193,66.96684108840684
97,81.03784506549546,66.96833568722151
97,80.96336162553874,67.0073294786323
97,80.98436913049906,67.00869168579797
97,80.9838892555052,67.00734457776295
97,81.02783420880661,67.024413941569
97,80.99564953046824,66.9934263466837
99,80.99728730250516,66.99780440324645
99,80.9937956059751,66.9769036926986
99,80.9830768537822,66.9544406432649
99,80.95973010627047,66.99533879637217
99,81.02240201676183,67.00038540419705
99,80.97361512824345,66.98324946811182
99,80.9529901223335,67.0128077678141
99,81.03258454770035,66.97278564791849
99,81.00888194115869,66.9946163420806
99,81.01684626484551,67.04472294572068
99,81.04195088375178,66.9787281437015
99,80.9523033503028,67.01099352049978
99,81.03622632046388,67.00451862234695
99,81.03157089365905,67.02534189747898
99,80.98743238625835,66.97444769314572
99,80.99116706287283,66.96145049027804
99,80.95534473500405,66.9992949580458
99,80.9550673685114,67.00006626617372
99,80.9508358111894,67.00509487055969
99,81.01243891180236,66.96658881880339
99,80.99517806263529,67.03935660950064
99,80.97270674612976,67.00357586750744
99,80.99739682639851,66.98578591113332
99,81.01632472234941,66.99409829883611
99,81.00045224710702,66.96683573166332
99,80.99589173138651,66.97428155106672
99,81.00362670962888,67.01935352237382
99,80.96644101783978,66.98147606859864
99,81.0215653299668,66.97568411068693
99,81.03083989818619,66.96442429778381
99,80.97154879372479,66.99087105362177
99,81.02224067667044,67.00067222347819
99,81.02734750428822,66.97213891568327
99,80.95606550261446,66.97920708435299
99,81.04366739840694,67.0187244119637
99,80.9692961612171,66.98493066832482
99,81.02287670421013,66.97956403027932
99,81.00348777007737,66.95536401780856
99,81.02791955687977,67.0142958920016
99,80.992039271967,66.98611685528235
101,80.9546760398283,67.0082456108095
101,80.97636590523156,67.00304660214218
101,81.02474644393477,66.9638475080304
101,80.95453854576196,67.00711665611914
101,80.96029957565129,66.97509855484023
101,80.98795553959022,67.02992717441063
101,81.02886638503769,66.96251133432021
101,80.98625433237004,66.95450458012702
101,80.96757045060842,67.01434589631579
101,81.04265555391639,66.98627224919737
101,81.03703798052402,67.00590988651857
101,80.99964508493707,66.99967887684116
101,80.95407357387893,67.00576498381281
101,81.01502167025082,67.02155336203006
101,81.02909989163376,66.99154750323508
101,80.97854818414264,66.97638940529913
101,81.0383257300692,66.9801511255922
101,81.00136096981961,66.9732445654948
101,81.04287588136607,67.01790711268521
101,81.01223797884118,67.04808724787449
101,80.96616029941347,66.97319475114298
101,80.95698046817333,66.9960889736263
101,81.00998497316223,67.03621035001156
101,80.98641201938719,66.97410221042688
101,80.96922278393484,66.97539742958763
101,81.03918798325115,66.99505688498938
101,81.00184404633029,67.0305814678324
101,80.98603276690899,67.01026883710713
101,80.96527449302745,66.9963892645451
101,81.04006630849393,66.97221919214802
101,80.98272016265787,67.01964400718664
101,80.97777131724807,66.98187026273531
101,81.01256651741602,66.96718589287157
101,81.00539687275715,67.03310025137833
101,80.98762784223568,67.0274365894688
101,81.00849302012166,67.03744156459767
101,81.0161737336113,67.01090880724074
101,80.97901046260452,66.97299734165617
101,80.98076361540416,67.01706882189367
101,81.0373046386813,66.98056263391601
101,81.04250578889042,66.98424520338534
101,81.0176463464984,67.00990309951027
101,80.99333603250837,67.003092590231
101,81.03831478461505,67.02901639508588
101,81.00432323591559,66.9706734383345
101,80.95678880399839,66.98630688389949
101,80.98483180366549,67.03386598977387
101,80.96771549172932,67.02124331752718
101,81.00412910374247,67.03562656663921
101,81.01283140724809,67.01927334363148
101,81.00387852146416,67.02971596127834
101,81.04023968555467,66.99612845659568
101,81.01008499284352,66.96602505921688
101,80.95650550610637,66.98969338309755
101,80.9603521689248,67.0008333357401
101,81.00364412445157,66.9791542947857
101,80.99929261408879,67.03881227265636
101,80.97127917929188,67.02939736958567
101,81.0154399045877,67.04187016563093
101,80.96900824439959,67.03611366084067
101,81.02265188926525,66.98955676313024
101,80.96532308405531,66.98233692864723
101,81.01841587182642,66.99432857638259
101,80.98738733330408,67.01149565591574
101,80.99739520788219,67.00287544403494
101,80.99494549959121,67.02466953760019
101,81.03887829106955,67.02510264025588
101,81.03226557070163,66.97954988238227
101,80.97673132996886,66.97329580509252
101,80.98373051829095,67.03391431910374
101,81.02638894012803,67.0109551775264
101,80.9919646995841,67.01981622339756
101,80.97825891910271,66.97551658999322
101,80.99335368154583,67.01141927789493
101,81.03139921003456,66.97168646170026
101,80.99143490737175,67.02246950251784
101,81.01624437323582,67.02223695849554
101,80.95837871748768,67.01671709628096
101,80.9677498606547,67.0368097746488
101,81.02679995673535,66.98695990052711
101,81.00420854190762,67.04240823778079
101,81.01002248423015,66.99615635383068
102,80.98548052894633,67.01259136819685
102,81.03540765195221,67.00316813310668
102,81.04073237070995,67.0223813204285
102,81.04597201713614,67.00905540949705
102,80.99985752953849,66.99958912266676
102,80.97362654231318,67.0320308322496
102,81.02921612822156,66.98016442033031
102,80.98075676105618,66.99964167090081
102,81.0390890851918,66.97173578711079
102,81.02892514383129,66.99801377428864
102,80.97290353864862,66.99659545295839
102,81.01979809266244,67.01450173978354
102,80.97258711492154,67.0114308650559
102,80.97307523716044,66.98246590044978
102,81.01541336775739,66.97418994587294
102,81.00156774625803,66.95579281308805
102,80.97388969945283,67.03618405162587
102,80.96590004231409,66.96569601440397
102,80.97436478525833,67.00831437596958
102,81.00127336172118,67.00044867972241
102,80.99196373208325,66.95306723938889
102,80.97604366085096,66.98895534561902
102,81.01921894090464,67.02189900365738
102,80.9744207386162,66.97331707182589
102,80.95957700645322,67.01247525555631
102,81.00113434972921,67.00971149645657
102,80.95853170227524,67.00031469560798
102,80.97836372971454,67.00024908167376
102,81.0335735749912,66.96954680487751
102,80.99821685156083,67.0164776960375
102,81.03395036716738,66.9952220351859
102,81.04200479548054,66.97972301115328
102,80.9608798564675,67.00361828845338
102,80.97284637586141,66.97202407431854
102,80.98114240439371,66.99096151235277
102,80.99431559025976,66.95463421240058
102,80.96818038323467,67.01104254593469
102,81.01453158883935,66.96931667214865
102,81.01018941516647,67.01769297198632
102,80.95240369354967,67.01044557198313
102,81.02780201618076,66.99279748408938
102,80.98989997584104,66.97984359551234
102,81.01070514277033,66.98894917612824
102,81.02845776147564,66.99875653993008
102,81.02136997019507,67.00980437179912
102,80.98462498403535,66.98903843036932
102,80.98981938172489,67.00844299243796
102,80.96547541578597,67.01952429075305
102,81.03008662462499,67.03484278884234
102,80.988734559316,66.95734815094086
102,80.98276924958944,67.00803390087434
102,80.9916410497303,66.95661890426308
102,80.96219568405154,67.03174206920549
102,81.03532875339728,67.02974426874692
102,81.02529080983231,67.02339559260324
102,80.96684842265985,67.02184582745413
102,80.99833325451114,67.03567628072993
102,81.00534615045406,67.02356305579876
102,81.01570856855058,66.99178676140853
102,81.01408425194617,67.0298946278153
102,81.01990013714764,67.0400809370514
102,81.0077921729108,66.97129942459408
102,81.030631126828,67.0268534316109
102,80.96922833355984,67.00138436649291
102,80.98918791215095,66.973015418898
102,81.04301232129554,66.98732883674961
102,80.97623783428688,67.01888311404049
102,81.01019314923815,67.02253014641573
102,81.04094907156112,67.02677275608566
102,81.03793821418435,66.97772937563737
102,81.04289297931362,66.98458477958765
102,81.0055058270355,67.0136799524713
102,80.96469971013809,67.0038934500651
102,81.04458045313736,66.98458361909091
102,81.00875410559215,66.95581484045356
102,80.97356424247505,66.98565915154683
102,81.02888261831976,66.98709353436196
103,80.97430306943876,67.00338735034565
103,80.95742910052732,66.98209624569395
103,80.96257215310615,67.0105996517227
103,81.02274345482869,67.0116900441619
103,80.99869934209165,66.98068256124999
103,81.00476106498779,66.96449632112059
103,81.00790174916733,66.98248898202802
103,80.99201347059886,67.02828289443482
103,80.96848948154448,66.99328567924502
103,80.97797437484675,66.97970542261547
103,80.96177619969018,66.99166528930229
103,80.99115475679733,66.95897043957164
103,81.04822173852808,67.0062128684063
103,81.01652911828916,66.9899328102438
103,81.01379101786112,66.99563957694448
103,80.95845520467086,67.02661865115198
103,80.99600844791712,66.99217224474748
103,81.01358644329716,67.02216601964813
103,81.00297737524306,66.98937424691312
103,81.03680584596523,66.99005297472786
103,80.9873079445293,66.98985261091528
103,81.00440417998996,66.96487290905436
103,80.984002729836,67.00480280989152
103,80.9654003937579,67.00436986267098
103,80.98660272173547,67.01642042279562
103,80.95676355370998,67.00079807549646
103,81.02329272631536,67.00711938943023
103,81.0308281163348,67.02072873570607
103,80.98449212376414,67.03219659407932
103,80.99749826783105,66.98382717415073
103,80.9815130603849,66.9943418106678
103,81.01361424839916,67.01890452855874
103,80.98578129853036,67.00733001945515
103,81.04765890875142,67.0095658837834
103,80.96486192465855,66.98140956810137
103,81.02856648538449,66.96002942738448
103,81.00055685512783,66.97147689095239
103,80.97528478522337,66.9950172695329
103,81.00012451751296,66.98803784952457
103,80.9692047039273,67.03906332984677
103,81.00292841665484,67.02394689708697
103,81.04658766407519,67.00916043354074
103,80.96791343883802,67.03389656994156
103,81.0128893317365,67.01874772991
103,80.98428921000817,66.99099399334027
103,81.00784736726668,66.98160831525303
103,80.98339214801956,66.97472271798748
103,81.00854853882656,67.04616057181836
103,80.99233792755312,67.02691868595835
103,81.03871793596194,66.97950411929469
103,80.95898064991131,67.02273332192091
103,81.0195637420089,67.03181222524678
103,81.01488162134189,67.04304987589173
103,81.01248842425635,66.99259974262738
103,81.03390658185337,66.99392103347284
103,81.01687213113712,66.96686907800459
103,81.04454866007289,66.98759331301015
103,80.97947826929256,67.04530745872685
103,80.98280018991616,67.00468254349197
103,80.95430561978667,67.0109185761358
103,80.99628906471321,67.02687403473166
103,80.96128176090231,67.01715185257882
103,81.04165705800581,66.9819976361394
103,81.0302367237268,66.98232943174958
103,81.04287588136607,67.01790711268521
103,81.00035840156433,67.04935948732036
103,80.9815451025731,67.04139925545113
103,81.02766001228724,67.00153670485325
103,80.96616029941347,66.97319475114298
103,81.01807263356125,67.0005352264882
103,81.01643191527243,66.95452906810583
103,81.04373366595442,66.97625336979226
103,81.04522701770358,67.0171345645887
103,80.97689678699557,67.03410281124874
103,80.9792142663608,67.01316987663085
103,80.95569480209709,66.9866991708761
103,80.98725252552721,67.0156214445363
103,80.97824462607046,66.97526921300006
103,81.02672557093824,66.96187778247624
103,81.0244659305506,66.98803363829987
103,80.99097298318333,66.994405165454
103,80.97966940417179,67.00111325212922
103,81.03863454610493,67.0041529972593
103,81.016174117238,67.00194397358086
104,81.04150184855442,67.00627102486786
104,80.99909185943135,66.95203438619879
104,81.00451995774415,67.00162578428271
104,81.00189354374172,66.98573498604001
104,81.0218498167623,66.99115772932333
104,81.03822293458572,66.98224678843744
104,81.0313051699999,66.96201726360364
104,81.01024298780096,66.97460691323182
104,81.0384165609599,67.01830012850559
104,81.01668899013184,66.99853220299711
104,80.99671418522296,66.95530091448896
104,80.9789815472652,67.00326077738927
104,81.01883615500486,66.99679513008107
104,80.97698213819332,67.0374022098397
104,80.97126809218015,67.03493758099006
104,80.99986731648012,67.0320425323242
104,80.99686287289202,66.99147387511898
104,80.97625669388582,67.00402567802153
104,81.02248797218797,66.97996292738044
104,80.99583714289167,67.00099306748128
104,80.99499165478557,67.01937637481586
104,81.00246322883224,67.02599827695144
104,80.96763580765416,67.00643757887603
104,81.0405335288645,66.99022280563844
104,81.01766183048117,67.04147494765257
104,80.98381193447234,67.0071399118277
104,81.04185546086268,67.0142683188869
104,80.99798524052379,67.01488572921224
104,81.04874094697506,67.01022407871689
104,81.00391615722431,66.99635823863922
104,81.01497073515152,67.02580605784156
104,81.04004179923321,66.9956755946209
104,81.01188519158377,67.03991230757558
104,81.0260864319216,66.9602300488784
104,80.99601930014494,67.02873818057418
104,80.96313881774574,67.00945076084273
104,80.96842012503414,66.97347288550604
104,81.01768115591025,67.00468400202601
104,80.991832499744,66.98436233451129
104,81.02574065108095,67.03393537994366
104,80.9756249087237,66.96076806849906
104,80.98001082575502,67.04468817689174
105,80.98506026594372,66.98761872871539
105,81.01586201487149,67.01034681374126
105,80.96725845783614,67.032139784796
105,81.01636948713062,66.9788649080723
105,81.02609350868626,67.03459768222248
105,80.99661379555755,67.03773783554044
105,81.01146314865449,67.01670489447136
105,81.02212932184834,66.98941134977609
105,80.999937460864,66.98277843342618
105,80.97504414502644,67.02772294203523
105,81.00935109570537,67.02180201998127
105,81.00090016885997,66.99184192827182
105,80.98133693024785,67.03637359960511
105,80.98301419361533,66.98581973359937
105,81.02653671589667,67.02467971842825
105,80.99881271981144,67.03018555852145
105,80.95284975400038,67.01431099320857
105,81.0221657827847,66.99447786202477
105,81.02753921544597,67.02107099398171
105,81.0109926968473,66.95543948200286
105,80.98013471291848,67.0110473181232
105,81.01860286780948,67.03366829166653
105,81.01971390061921,67.00570254500762
105,81.01182486931363,66.99129365310691
105,81.02267194496049,66.98591178445734
105,81.00064884624578,67.04456898979237
105,80.9652149820825,66.99624336453034
105,81.01922376344598,66.97307697671958
105,81.00174901061942,66.994479662332
105,80.98726382793753,66.96292667362992
105,80.9802332738952,67.01183352894179
105,80.96893524802839,66.99125416371369
105,80.99712989208254,66.98208252974433
105,80.96854290332601,67.0078797289646
105,80.97588662784518,67.02526871902917
105,81.00653893123122,67.013424340266
105,80.9849301262073,66.97742651917726
105,81.02943396650059,67.00091174287245
105,80.99350907890182,67.03473434454268
105,81.02977035198333,67.01883145020464
105,80.9705706288466,66.96632295843172
105,81.04739080753771,67.00573620990438
105,80.96372602505367,66.98248514892967
105,80.98976035953662,67.0489338637862
105,80.97028862141052,67.04014353522598
105,81.01174030914314,67.0225274274122
105,81.00818700239964,66.95868166111364
105,81.0210960599971,67.04138714205564
105,81.0269128828304,67.03068193124543
105,81.00491813750446,67.04760537560149
105,80.99404105386672,66.95525844090162
106,80.97482854481237,66.99461205454212
106,81.02237041836041,67.02117206999851
106,81.02680717720601,66.99660918373746
106,81.01796679273127,67.01453375409143
106,80.97861304413995,67.02839729331343
106,80.98876373913897,66.95702574336875
106,80.987595381091,66.98553848444065
106,80.98608439693668,67.00509131450987
106,81.00265610204755,66.96890103533848
106,80.97070110999945,66.99613228904126
106,81.02883719888321,67.00886092724099
106,81.04237250238627,67.01302792081292
106,81.00827321425007,66.98978399702052
106,80.98619336862515,66.95792735412131
106,81.027897899296,67.00453013986807
106,80.99329137790313,67.00031010850806
106,81.00332926897026,66.95877139144828
106,80.97902697342226,66.97907345582641
106,80.95890014298993,67.00528891307218
106,81.00385384254638,66.97817213895449
106,81.02308182573779,67.03590362537923
106,80.98528090700535,66.96932647216701
106,81.01673416270528,67.04080365918162
106,80.96505951322706,66.99138971185401
106,81.00836749857523,66.99773246652458
106,80.99782709747245,66.95160583226956
106,80.98938799813986,67.04884076354156
106,81.02426373514602,67.02405467505963
106,80.97158465912777,66.96080121926911
106,80.98440656178367,66.99765366239808
106,81.01825963601665,66.99171649763866
106,81.00582055944872,67.01929696797455
106,80.98691690368337,66.96777953706744
106,81.02747514185883,67.00430690851543
106,80.98178316990641,67.0395854712483
106,80.95944807304912,66.99420109652903
106,81.01179410415773,66.99087612587564
106,80.98755345613549,66.99097941370842
106,80.95760712343055,67.00428784251892
106,81.00461557673896,67.04315799855632
106,80.99587842487676,67.03906810266662
106,81.04129883456233,66.98891969641214
106,81.02314600589514,66.99614985206323
106,81.00179106485835,67.02655249153374
106,80.98676591602468,67.00055229604264
106,81.03138177754212,67.01832010650865
106,81.00634707855056,66.99074695759757
106,81.02409923912666,66.97232994149661
106,81.03052665959865,67.00465403224288
106,80.96291575096073,67.00517937665246
106,80.98509481684584,67.00135995777816
106,81.02622698873347,67.01779265155292
106,81.01558967974394,66.97397202011389
106,80.97540326442804,67.02779303235182
106,80.98535018401329,66.99408926482145
106,81.00798370424829,66.99844872409676
106,80.98425370243937,66.97239916139776
106,81.01183991662421,67.01698827260356
106,81.03611606664062,66.99956414925994
106,81.00117414518533,66.98407619317518
106,81.0176191811357,66.96628346232905
106,80.99223123123906,67.00743940481313
106,80.97495796217949,66.97146257846386
106,81.0402798153312,67.01907470716792
106,80.9573631213235,67.02573660882884
106,81.01971038090852,66.96566096322371
106,80.9864195548502,67.01060564333291
106,81.00703811020445,66.96040359031143
106,80.9875654948327,67.04075816751893
106,80.9962600121485,66.95269290407151
106,80.98473866736097,66.96357973149276
106,80.95407357387893,67.00576498381281
106,81.02270406049792,66.95599705017365
106,81.00013004660188,66.99986873435459
106,81.01002695756483,66.95453223630197
106,81.037039952924,66.9959215148163
106,80.96148815849676,66.99458251754521
106,80.97263594415108,66.99107954982192
106,80.95676355370998,67.00079807549646
106,81.02717245531147,66.97027804498369
106,80.97084210964614,66.96534031051331
106,81.02366365857264,66.98828816885056
106,80.9886129421958,67.02753860123977
106,80.97545999399303,66.97845423690497
106,80.95742910052732,66.98209624569395
106,80.98592352270018,66.96260802490778
106,81.03990092770495,67.02985301712879
107,80.9949973268375,67.03953924249262
107,80.99076403516295,67.0421159552147
107,81.00151794648085,66.96543205558021
107,81.01918729145372,66.99952726731946
107,81.01687213113712,66.96686907800459
107,80.95965329570245,67.0196396804969
107,80.9774080366819,66.97149828857604
107,81.01391237996677,66.95307789333411
107,80.9781147738015,67.03066933146401
107,80.99878511613909,66.97816247553584
107,81.01811851151656,66.97321701736503
107,80.97319223491083,66.95869289239296
107,81.0246953513756,66.96244440931895
107,80.97628912313706,67.00335933131456
107,81.0108980741184,67.03412697871977
107,81.0136035950138,66.98350547175497
107,81.00735572282207,66.9522658271378
107,81.04296618536296,66.99644983304877
107,80.95262597809037,67.0078552477577
107,81.01471375367724,66.96402046541928
107,80.9632160634877,67.03110478412759
107,81.0214049093379,66.96572459628312
107,80.99473474507847,67.0272017697857
107,81.0340207568775,66.9912175107876
107,80.96099153269462,66.97149710716451
107,80.97753114807173,67.00683219261735
107,81.04199725306385,67.02119451729547
107,81.00825191856505,67.02266241388129
108,80.99512013015047,67.04560538861838
108,80.96706346467309,67.02915711124092
108,81.01691929855477,66.98531068539786
108,81.03349624851226,67.02421256945073
108,80.9995347222603,67.02440123592888
108,81.04399552380754,66.99653218790014
108,81.03780126172082,67.03229811346101
108,81.01505443352767,66.97931479782648
108,80.97039060062805,66.97525767726121
108,81.0051343745825,67.0435119637075
108,80.95990900661576,66.97136363664214
108,80.98147110657229,67.02057484768504
108,80.95717107803286,67.02034908922136
108,80.97589893097684,67.03495324008685
108,81.00183289056078,67.04188201782925
108,80.96032658746546,67.00636610579716
108,81.0032015937771,66.97616863511662
108,81.02840730338599,67.01630922553598
108,81.03626228347768,67.01658434092185
108,81.0215142432814,66.9731699596353
108,80.99049348041868,66.9800956372275
108,81.01903735775672,66.99606250944413
108,81.01200652354922,66.96851121528343
108,80.95121085310069,67.0048458411458
108,80.97229954711483,66.98143945468954
108,80.97267814727672,67.0171777400451
108,80.99464984011595,66.97009850242027
108,80.9644288356632,67.02161626091267
108,81.03038488749064,67.02029507255594
108,80.97372965843921,66.996087116064
108,80.99196520344002,67.02096125124922
108,80.97167553750873,66.9842281997024
108,81.0330642107822,66.97011076913127
108,81.037842291672,66.99105639916748
108,80.9567107973174,66.98962229915338
108,81.01924936361455,66.97000892334161
108,81.03385776892952,67.03174025651967
108,80.99994313942554,67.01094847381054
108,80.96888865434346,67.02006435300142
108,81.00399347903613,67.01196776762843
108,80.9575319027258,66.9981915312502
108,81.01609066056594,66.97691393642793
108,80.95290764585536,67.00098599519193
108,80.96439254559276,66.9956427535061
108,81.04175024936968,67.02285968558499
108,80.97261591760045,66.96150556051549
108,81.01156924315698,66.9677147090807
108,80.99880522837174,67.03249588973682
108,81.02631671650532,67.0245504585313
108,81.0327558521035,67.0269533224877
108,80.97930375922118,66.98666733469634
108,81.00768248941685,66.99750940247314
108,81.0042204431503,66.98482964375866
108,80.98694105881074,66.96698406754618
108,80.967635928581,67.0290128268738
108,81.01220533463433,67.00694443892567
108,80.990450627111,66.95869191163119
108,80.96941593208125,67.03009603314865
108,81.00889465165052,67.01777292263691
109,81.03421665679217,67.0111456406875
109,81.0132517899425,67.03383124738131
109,80.98501889139739,67.01198768554858
109,81.03727376338945,67.00578072169634
109,80.98771188831867,67.03197117112073
109,80.99112325469854,66.9986108775953
109,81.0210526430112,66.98941896756376
109,81.04470217730105,66.99558549180176
109,81.02504556039695,67.0378323613003
109,80.98724559374983,66.96973765583692
109,81.00005242161265,66.98088404946235
109,81.0272720673662,67.02285352569618
109,81.02906158127453,67.01211549672269
109,80.99384251924215,66.99214545618017
109,80.96841966801357,67.0064954500816
109,80.98624584945637,67.02502668893753
109,81.00881000935902,66.99100385897569
109,80.98189824276349,66.98253051133636
109,81.02304626859046,67.019829927322
109,81.00770401448284,67.02955682382431
109,81.0139372787414,67.011907428284
109,81.0355407440113,66.96803889950813
109,81.01640246398759,67.0398178075471
109,81.01659563577003,67.03170747937628
109,81.01788327778112,66.9758371786473
109,81.02579028325971,66.96451385689645
109,81.01867711359323,67.03740112275776
109,81.04969502511305,67.00256491991007
109,81.02559976007437,67.04224362606408
109,81.03853784036117,67.00116746122633
109,80.97750430708204,66.98844618863399
109,81.02965493989471,66.98176891060126
109,80.99552232497668,67.04582565324483
109,80.97501761024371,66.96626137839012
109,81.02246964028389,66.97009997482856
109,81.01763355751739,67.04582433087478
109,81.02106849540098,66.95891640342184
109,81.0176643470614,66.95399335158348
109,81.01760887252476,66.97425845267519
109,81.00826097178732,66.99223072559535
109,80.97841196583887,66.99639102268877
109,81.03002815243863,67.00264039198906
109,80.96235983441355,66.97008833258633
109,80.9759993876112,66.96606320973024
109,80.9749412768218,66.96070468470654
109,81.0035760210049,66.9538465447205
109,81.00691296527846,67.02929914540941
109,81.02127225470831,66.9562631196493
109,80.97536821218115,66.960690346895
109,81.0451895070619,66.99354874186366
109,81.01693687000122,66.9559977412941
109,80.96239145543325,66.99398567835995
109,80.97220054525972,67.02476554145717
109,81.03430573759582,67.00132767237986
109,80.96164633194184,66.97838906040047
109,80.98640121297954,67.03480141883861
109,80.9657382531916,66.97926483906875
109,80.97718039047808,67.0386969368277
109,81.0434802251,67.02395703846524
109,81.01627429781011,67.02711816679295
109,81.01287852171176,66.98643016888265
109,81.03679824087865,66.98091620507148
109,80.98985831762512,67.02132375710715
109,81.00622634886795,67.004719867759
109,80.96469086054215,67.02993174632115
109,81.04031159357423,67.00643492940658
109,81.00350583165401,67.01272921609547
109,80.99745010459635,67.01389000681174
109,80.98207093054147,66.9682679590437
109,81.04471547053201,67.00221408369599
109,80.99422638617139,66.96749938366574
109,80.9847515429749,66.97485076986402
109,81.0434834687332,67.01804508754992
109,80.98656832287458,66.95320931951505
110,81.02946855024965,67.02101561965968
110,81.03387353091314,67.0319339154194
110,80.99734107594006,66.99825462652971
110,80.99607491796432,66.96579739640194
110,80.98346191300156,66.9546183580994
110,80.98324372213635,67.02844383025837
110,80.99397173363928,67.0278199273485
110,80.97336031989896,67.02521447912055
110,80.97382951981545,66.96022935658534
110,81.03233115545888,67.0304321068873
110,80.99176416452003,66.99188634383547
110,80.98480922504793,67.00246067282275
110,81.02130609802478,67.04267972555348
110,80.98063627146469,67.03819904681508
110,81.0186992816105,67.01842196373657
110,80.96116382053111,67.0245269653726
110,80.98414371642939,67.04331194706158
110,81.03953437110734,66.981327757963
110,80.97286492127984,66.96244160188293
110,81.03930087690453,67.00897578358037
110,80.98180889029362,66.96117781275214
110,81.02397907624031,67.02838247596122
110,81.02141741914004,66.9597262094352
110,80.98878114439614,67.00608371933058
110,80.99059212945245,66.99340485285357
110,80.95444512240243,66.99478238520692
110,80.97275085759665,67.02774134100689
110,81.01559038792132,67.00442537246914
110,81.03706467158968,66.97379508188435
110,81.02388422841382,67.01409574890862
110,81.00149246276703,66.9757857904977
110,81.04593095601925,66.98362667554753
110,80.98439858942314,66.97229482919903
110,80.99739220996102,67.02400235633715
110,80.97612692400546,67.0351695395666
110,81.00088574217479,67.0433376279714
110,81.01426986329446,67.02772472313006
110,80.96366102758883,67.0191547286109
110,80.99439115690632,66.97122308110713
110,81.03374995246742,66.98390680704584
110,80.98826143879565,67.02133077952207
110,80.98262713812035,66.98300832108838
110,81.00204864078994,66.97779074741547
110,80.99076403516295,67.0421159552147
110,80.97394445487154,67.01915447148166
110,80.97550077684343,66.99270401677776
110,81.0380692603257,66.99249868906102
110,80.9949451920842,67.037214394077
110,81.03218235653029,67.01869336441413
110,81.00279131102634,66.98599436059878
110,80.98436509869609,66.9728345363213
110,80.98598633616524,66.96647604159975
110,80.98864842640553,67.04327888273
110,81.02345211808193,67.0277826972421
110,81.0090150528118,67.03714514554217
110,81.00033720725597,67.03162638052176
110,80.99744435776192,66.99660380916531
110,80.9841455877561,67.04065490873643
110,81.02944914423027,67.02649649593529
110,81.00288191865965,67.01953026810438
110,81.01738648090506,66.99885923107307
110,81.03831838868719,66.97696440090147
