gene,x,y
3,59.00471036423191,54.00904071665263
3,59.00268126568184,54.00124999420637
3,59.003538256986474,54.019865828333565
3,59.01860531072456,54.02245796954152
3,59.0020350332489,54.01003094187785
3,59.007124533042614,54.020195669498044
3,59.01184999212584,54.02096709407088
3,59.006320197836864,54.02500798932424
3,59.00448004420674,54.025876416682294
3,59.007801066945234,54.02361172711566
3,59.01889224224623,54.00691158132652
3,59.004209924787716,54.00860202106029
3,59.00804618787476,54.02203323035593
3,59.003076534318275,54.01500877676612
3,58.99338736955751,54.01747162998833
3,59.017224523763076,54.02199714859785
3,59.012431244971225,54.01970210371977
3,59.01439437407155,54.0293348503466
3,58.99406475091837,54.011683583159424
3,58.994388521269016,54.010779445980475
3,59.00936727150338,54.0268832237285
3,59.00639738878098,54.0076916165733
3,59.00891105736539,54.01623222135811
3,59.004810955493674,54.00394716607028
3,58.99701419275246,54.021717183721194
3,59.00098587358682,54.02391314302494
3,59.00175133512102,54.01482403508976
3,59.02020372916005,54.01777792609
3,59.01113894744492,54.010688569341774
3,59.01590389952619,54.01146424057619
3,59.00136291947316,54.018427667917926
3,59.008666513997746,54.007616653240405
3,59.00507766678882,54.0169303424804
3,59.00275918553502,54.01960347174367
3,59.01495131975922,54.01624284865541
3,59.01049907586037,54.03139470646092
3,59.01232044397661,54.00755399168832
3,59.00836806419789,54.02108120355687
3,59.00267426359747,54.0103216853879
3,59.005974319874895,54.01383192660917
3,59.000194743767125,54.004436268777816
3,59.00309824192057,54.01166120288908
3,59.006161472305,54.00426131227974
3,59.01383913016336,54.0156520573268
3,59.007403137506145,54.004283222488816
3,59.008712743782624,54.00721214664566
3,58.99589813478167,54.01546556246804
3,59.01961865305902,54.010230927699325
3,59.00210572631413,54.010191720627134
3,59.02257345884785,54.01343620250923
3,59.01915892167943,54.010514704334966
3,59.00162600458392,54.0306027154318
3,59.017224523763076,54.02199714859785
3,59.01322906814704,54.01358130389837
3,59.009420498980596,54.023341616414434
3,59.00436856821046,54.005031763202716
3,59.00490022654676,54.016924465250874
3,58.99941416239573,54.01134806971938
3,59.00799221524696,54.01675494598004
3,59.00068393053213,54.01808852145123
3,58.999287875634266,54.025747999843745
3,59.016386208759876,54.02019221895019
3,59.00916224623481,54.024406844525
3,59.00740300774984,54.01027120638858
3,59.010704411498885,54.004673178923795
3,58.999278966928536,54.009133375707805
3,59.004398859329704,54.01266086291176
3,59.003848722784056,54.02008030492816
3,58.99912770303848,54.00802813047166
3,59.01858410266046,54.022186785325104
3,59.00813362397878,54.01888286563266
3,59.01052233725421,54.01496111439499
3,59.019091816058086,54.0172908743392
3,59.00874002913242,54.02211323892081
3,59.01464315106256,54.02680510805566
3,59.00234291874743,54.005820686250814
3,59.009898329210095,54.02775613197987
3,58.9991136463619,54.02866490554423
3,58.99992364283929,54.004805582054445
3,59.00918673254589,54.02849035474447
3,58.99676955725302,54.005258613078404
3,58.99246806000162,54.0119093640507
3,59.00918673254589,54.02849035474447
3,59.020907940642964,54.01500873532571
3,59.00453242006712,54.00131273505621
3,59.007155637870426,54.00205694885653
3,59.019396689008566,54.01440482800744
3,58.99503944920488,54.01032575187778
3,59.00942577567137,54.02873726507422
3,58.99634879737341,54.012341305748976
3,59.00795230984376,54.01044097246576
3,59.0152882655425,54.02690505546674
3,59.00326933645159,54.00250150914908
3,59.0213033405065,54.020767040297024
3,59.008840789845635,54.016756596701
3,58.996194010882505,54.022847930035645
3,58.99521486222931,54.015863544961256
3,59.01540498791783,54.0089489896685
3,59.01205345368419,54.0020722041248
3,59.01562953208287,54.016265457387036
3,59.00036867289562,54.00865212250424
3,59.00171162431052,54.02174992497611
3,58.99758111196964,54.005153710945486
3,59.00127792337257,54.01004610613419
3,59.02296683245387,54.01836392888169
3,59.00179630457249,54.028316144380874
3,59.01244643464501,54.0246677762188
3,59.006837574532646,54.025854599633234
3,59.01342098558332,54.01468728554019
4,58.9718090668835,54.00470146700817
4,58.98034755064754,54.027802327431964
4,58.990287123208816,54.005246456022824
4,58.976425837294585,54.020074061645424
4,58.979191933039694,54.022017130065855
4,58.9917619354462,54.007774781266434
4,58.97884413143235,54.00343028792435
4,58.98036197129386,54.004490373202955
4,58.97885670340091,54.00937113899427
4,58.99190054025083,54.00670033367769
4,58.98129750037145,54.00414715585165
4,58.97537375604245,54.02444936452396
4,58.98211936223181,53.99992406886495
4,58.99126908351882,54.020041278249835
4,58.984328340262046,54.00878664350165
4,58.976313323808,54.01393532296847
4,58.97028071846876,54.01379980127897
4,58.96513635288968,54.01519163130806
4,58.97756738630864,54.02284739798088
4,58.97851633327422,54.02300683434721
4,58.990281319735324,54.02014317715106
4,58.97079795390368,54.015848089340906
4,58.97230349856306,54.02063775606521
4,58.98637027671356,54.00866628893331
4,58.97381734035923,54.02021199698334
4,58.97335397387476,54.00923313770617
4,58.97771530637261,54.01480748434118
4,58.97141974164126,54.00909542725118
4,58.98400671941611,54.01881076947122
4,58.98813884905776,54.01085521242295
4,58.98990563398358,54.008385403918965
4,58.993528061872276,54.01480185597424
4,58.97874268718758,54.00942390971768
4,58.965636361571335,54.01248981523884
4,58.97771490872369,54.01408509278272
4,58.99484115393721,54.01760596924335
4,58.97168379704938,54.01274127767211
4,58.982566124099435,54.00632997445969
4,58.97689676667625,54.0041678866643
4,58.977278359099266,54.02316159579039
4,58.99516850509785,54.013364573214886
4,58.970708664769354,54.00452917891625
4,58.97605272272042,54.008708471936245
4,58.97991736590433,54.01049732269775
4,58.97323434525205,54.02173754146913
4,58.98881910389972,54.01313771841521
4,58.98049926578952,53.998868917269846
4,58.985023842265555,54.00415414789469
4,58.98652997529723,54.01381513315047
4,58.98229125811014,54.02567733613914
4,58.973935152900225,54.00642537817347
4,58.97697145735948,54.01136017096485
4,58.981209475359265,54.000831413119535
4,58.982585051897374,54.016216993099576
4,58.97988190960862,54.01342982319442
4,58.970901917641996,54.015969149584706
4,58.98116108711649,54.00785295617735
4,58.98153591703528,54.015945928887334
4,58.98781118647906,54.01077848340485
4,58.978620010080064,54.014727032928796
4,58.98412749174281,54.002083999779266
4,58.966520340975634,54.017453563572666
4,58.96805384809112,54.01113453303179
4,58.97575998505402,54.005167502965755
4,58.97353813959041,54.0176915903677
4,58.9912878185317,54.00901614667774
4,58.97701699111641,54.00973154365471
4,58.96955786150369,54.01572404923463
4,58.97829447861321,54.00178264687276
4,58.968826519329134,54.01709882488348
4,58.981837538541114,54.00732508444572
4,58.979945188203644,54.01146186892342
4,58.97140951245673,54.01116384253491
4,58.97183363784602,54.01728092600976
4,58.98215717744043,54.00413762531361
4,58.9682494862312,54.01160566311189
4,58.986234103711354,54.001368533411096
4,58.98070848000885,54.00340349037457
4,58.99581813506347,54.01485328825943
4,58.97179806047454,54.01398940281508
4,58.96746957474167,54.01514294396568
4,58.988134994011844,54.01617948829426
4,58.980099702036995,54.012360070020044
4,58.99165299128661,54.009474912403526
4,58.97790822400275,54.013001053837286
4,58.98129476979777,54.00632883116039
4,58.98910670784957,54.011967968318224
4,58.97296045050551,54.01464161859198
4,58.977990789317886,54.00698009801414
4,58.97663672829736,54.01164751482566
4,58.98053242956997,54.01695172936541
4,58.98275680471965,54.022250209936225
4,58.972364155267854,54.01696974579719
4,58.99486215011114,54.01845927078863
4,58.989899041608915,54.01440929931292
4,58.97429462060765,54.019247506769865
4,58.98585388317786,54.00823987870218
4,58.992433637179865,54.020934508794575
4,58.98568350077762,54.024552516952035
4,58.973290146445876,54.02606524728998
4,58.98136427816873,54.0235893119971
4,58.98990563398358,54.008385403918965
4,58.97666074547372,54.0226411699624
4,58.97706382501808,54.01051298015278
4,58.98789039323991,54.00994883115311
4,58.988530628586496,54.00580413691482
4,58.97681016930006,54.02269386439467
4,58.98806376457575,54.00953895755551
4,58.97546174217687,54.023611312073214
4,58.99199602731057,54.00448918107061
4,58.97485122776771,54.01176171895562
7,59.00445627033363,54.024009891761175
7,59.02192006704029,54.02951363233372
7,59.01315804851675,54.02975515772223
7,59.00188753397345,54.03147081400331
7,59.000961206923016,54.02261557705796
7,59.01014400437042,54.01312406909587
7,59.02482996616437,54.01472978420557
7,59.01738156299699,54.01904801294899
7,59.01164571216946,54.0234539031731
7,59.01858410266046,54.022186785325104
7,59.0106459401936,54.00921498822132
7,59.02366192944241,54.020136301143424
7,59.02865735251299,54.018092137948294
7,59.02397515329644,54.02642782025554
7,59.00936727150338,54.0268832237285
7,59.02042456981153,54.03260286935124
7,59.01034237360355,54.02678837186041
7,59.01354485473745,54.02700238026156
7,59.0059027614557,54.028470768079266
7,59.021721986361555,54.03023597750795
7,59.02105012874484,54.013157067458685
7,59.01064106654932,54.013530794983474
7,59.0180815529894,54.021051500847264
7,59.00341639227008,54.02979661731579
7,59.01666722509656,54.03331046566104
7,59.016133065894806,54.03655057887351
7,59.004032005229746,54.01119911941808
7,59.02263962587163,54.01389549106445
7,59.01035114822456,54.0124293358763
7,59.00969244960647,54.02638691398785
7,59.01127522896034,54.02207733252419
9,58.97993395064861,54.01827423572818
9,58.97333957612473,54.012172257975664
9,58.97107931091436,54.01813259736414
9,58.97982062456648,54.01616145866485
9,58.98151804121906,54.01686153774029
9,58.983329487348165,54.02168422713984
9,58.96962176893221,54.008810903884935
9,58.97931497218045,54.00317135672658
9,58.976358571174664,54.01614129776168
9,58.97016207924407,54.01577521362897
9,58.99313457826475,54.01052648870948
9,58.97771490872369,54.01408509278272
9,58.98094179036652,54.01211472746435
9,58.967980716642415,54.0179579196947
9,58.982093442533575,54.029102977448574
9,58.99241370122612,54.018676948297546
9,58.970068873715704,54.01478208520605
9,58.97612009505163,54.023507347752776
9,58.98575983715638,54.02212665573336
9,58.970439634661936,54.01303552406284
9,58.96903390485331,54.01392204749266
9,58.98302588058804,54.02591511178241
9,58.987651885555216,54.01751089180327
9,58.977368531763325,54.01827134332969
9,58.968517294861115,54.014540191164244
9,58.99141672417375,54.00361964313076
9,58.98269397950741,54.01512874459145
9,58.97692171217574,54.000842663355165
9,58.985110811514296,54.024826210711204
9,58.97003043387541,54.01396193431946
9,58.98913703752946,54.01731502946039
9,58.98907316937989,54.00973158561386
9,58.98979796237533,54.01827845461411
9,58.97321328547532,54.020175791065995
9,58.97091812940908,54.01875026823087
12,58.98031982413286,54.024973384933
12,58.970470560608334,54.023705947669946
12,58.97507151817873,54.02334507253316
12,58.988443020167395,54.02070942445125
12,58.9791109784469,54.01850301641653
12,58.993465195384275,54.01243117254256
12,58.96966788238729,54.01308586440491
12,58.99388332508448,54.019794508360846
12,58.98669333292979,54.01885075963966
12,58.9746389271281,54.01444133807827
12,58.98173134774352,54.01575982469201
12,58.98680652517778,54.01647711987822
12,58.98426266626835,54.00306947621853
12,58.97448711808951,54.01564090349852
12,58.97616404469298,54.006808887955444
12,58.982284133399446,54.01662906702702
12,58.98543259556974,54.004715006484176
12,58.97578458123503,54.017406084460305
12,58.98325223805842,54.00355514816281
12,58.98618029231075,54.022545437168475
12,58.97778481676943,54.02432771997351
12,58.98458351342012,54.0119334592117
12,58.972393436187126,54.00483381947916
12,58.98210488886874,54.02122922610984
12,58.97350577928401,54.01807111122405
12,58.976081833800194,54.01132955500862
12,58.97443640729517,54.00804027962188
12,58.98079001230646,54.01072138667286
12,58.98707444862847,54.01926412780071
12,58.97696835818421,54.02511291832546
12,58.989102343456,54.01791434324651
12,58.995768774213325,54.014085845607866
12,58.98433754817581,54.01933637099209
12,58.98849296707411,54.02282849797099
12,58.973320836583795,54.01134590812287
12,58.97296045050551,54.01464161859198
12,58.9822935180907,54.02343347448857
12,58.98359281567827,54.005802885610585
12,58.97719454034126,54.01842099756178
12,58.98034655038554,54.02719585809466
12,58.97370715547093,54.01617775211122
12,58.98122353876278,54.013704576911344
12,58.978086663725634,54.00642725682784
12,58.973560579386884,54.02000991702405
12,58.977681244240564,54.00830887010126
12,58.96697703973956,54.02124446009649
12,58.978561047097756,54.016634066598144
12,58.98698887911872,54.010506407053434
12,58.97183363784602,54.01728092600976
12,58.96989610412685,54.016885238692176
12,58.9892930492895,54.01921974745251
12,58.9824205616887,54.01369183593457
12,58.97762002292512,54.005975866327674
12,58.98954028516888,54.01265432642142
12,58.97517118885636,54.023173849044085
12,58.97983713240236,54.028170143984
12,58.989899041608915,54.01440929931292
12,58.97138165131932,54.01963111237035
12,58.98366341785549,54.00364371249473
12,58.96835178545593,54.015806604075166
12,58.98595904825349,54.00775638233116
12,58.985555598360015,54.00575500638088
12,58.97184158944496,54.012033011833886
12,58.9786388861326,54.02268854263996
12,58.977549419803985,54.00810197575282
12,58.98262458267618,54.01206180247999
12,58.98518825288913,54.014799251788595
12,58.983346853964974,54.005841094836114
12,58.98622401755792,54.01316793864307
12,58.98936294219147,54.02379856023008
12,58.97321328547532,54.020175791065995
12,58.994351946223574,54.01956495294845
12,58.971084161918746,54.010477641528404
12,58.98708095396811,54.002188470985764
12,58.98334275508154,53.99924309284354
12,58.979334892600676,54.00968413483926
12,58.969989486641055,54.01503365229739
12,58.968681802217475,54.007348490577286
12,58.97550825752588,54.01950037402834
12,58.97376398607287,54.02125323293861
12,58.982505574804144,54.014158760937235
12,58.976153262511076,54.00461744441885
12,58.98269911559927,54.008304485551065
12,58.98189684116609,54.021005443246686
12,58.98061843489383,54.004922317084
12,58.983186845293474,54.02270826328082
12,58.98838497237892,54.00227338008379
12,58.98703314826131,54.009095031171135
12,58.97417791847855,54.017970118959816
12,58.98271468445864,54.025706585401814
12,58.96721549466753,54.01340309758296
12,58.96875834278968,54.010886565559694
12,58.99054562537261,54.023053261907954
12,58.97217084257668,54.01995290704392
12,58.98266962739599,54.00962753909599
12,58.97600455702569,54.024121372014626
12,58.96593925063504,54.01768224271122
12,58.99034497751781,54.019995129815854
12,58.98054130512361,54.002310463262035
12,58.99082548186183,54.012768776331406
12,58.98426856996148,54.0003706939302
12,58.98410030830381,54.01338388268565
12,58.97744878419338,54.0026966998649
12,58.99548944706012,54.01569558332771
12,58.96980591600991,54.01494188773401
12,58.97554621028382,54.025526774352365
12,58.984762994839116,54.01814763035326
12,58.98632212454017,54.02569034074821
14,59.021282092092044,54.023847887859844
14,59.01782330035865,54.022445283456165
14,59.00475239428788,54.02965371743602
14,59.01492971146293,54.019897207609745
14,59.01456652361269,54.02449789334305
14,59.021373448557306,54.02746261636062
14,59.01397952899617,54.035575646391536
14,59.016684760928726,54.021289527377846
14,59.01650180500638,54.0302680614369
14,59.00599485921778,54.013373078641706
14,59.02452913176753,54.018654598689615
14,59.01847542267308,54.02082975183251
14,59.02105598846895,54.02363905490629
14,59.0128361001364,54.02938333386828
14,59.00253967918165,54.02903422159265
14,59.00787326657824,54.03382919402164
14,59.01069257645662,54.01252180806325
14,59.023883960662616,54.020881328623176
14,59.005712268988916,54.015723770108316
14,59.019815855165646,54.024015219359235
14,59.007651495518054,54.01183011700177
14,59.00584461873708,54.016656604840485
14,59.011991229502264,54.01375814114755
14,59.01039457755504,54.00665737285309
14,59.02370625142781,54.02938535726535
14,59.01068635300393,54.01019838103085
14,59.00965546520361,54.02289893524734
14,59.02247471372316,54.02550864849132
14,59.001048991147826,54.02246845694272
14,59.019009991435325,54.0344479423411
14,59.019091816058086,54.0172908743392
14,59.006151151756,54.02249907688552
14,59.01735318762643,54.02778150074359
14,59.015757911424245,54.032065877481145
14,59.01951659427975,54.019773277959224
14,59.016475873485284,54.017695065790214
14,59.01540837754825,54.02306316703903
14,59.02161810434905,54.009892304386284
14,59.025381064773136,54.02517974679424
14,59.02461324122334,54.02828838013139
14,58.99956644117351,54.01831855758735
14,59.00186764156047,54.022744786809106
14,59.01717115843186,54.0236383296467
14,59.0213033405065,54.020767040297024
14,59.01635217997172,54.0339586283165
14,59.01042522950493,54.02881226412546
14,59.0281117945756,54.01981877834777
14,59.016156094076514,54.0359208086276
14,59.00933985870782,54.02093638766569
14,59.01333809288681,54.0284987722498
14,59.024008788727194,54.01362425435717
14,59.00876563969587,54.02517360875233
14,59.014967887325675,54.031625455792884
14,59.023408071917494,54.0252846051675
14,59.011042697787154,54.03474666764052
14,59.01180458478154,54.03124661769787
14,59.00993169402522,54.02508459090669
14,59.01858327072048,54.012459004124175
14,59.014162286939865,54.01243306530343
14,59.00895663811205,54.0275254943493
14,59.00256482126986,54.021327738853955
14,59.014767914668724,54.01908377519205
14,59.01014400437042,54.01312406909587
14,58.999436642706975,54.027492803019875
14,59.023004277636865,54.03340979492808
14,59.02222976963068,54.01592980832284
14,59.01382696505945,54.03295872831035
14,59.00598837157205,54.02080000744351
14,59.020328570092516,54.016053637443584
14,58.99981321420096,54.018941968581565
14,59.00158231594257,54.02676972072745
14,59.01188548506209,54.013085501103554
14,59.01377882926264,54.015719759029594
14,59.01074883962042,54.029470579604705
14,59.00748141748153,54.026974027267414
14,59.00846785210184,54.03332597600615
14,59.00671079290742,54.02654398980238
14,59.026837876450124,54.01512240940023
14,59.01133272752721,54.017790495050484
14,59.02780706890176,54.01661725881654
14,59.00952995905932,54.00733544367146
14,59.01275443597626,54.01407983498967
14,59.02545979089721,54.0226809724045
14,59.02105363642805,54.01968483331422
14,59.028436675751514,54.01814242781
14,59.02761532983977,54.02707847104887
14,59.02452913176753,54.018654598689615
14,59.01062970800184,54.01098500781938
14,59.02723106357011,54.02162792579068
14,59.01993556765105,54.01070715002528
14,59.014160931158266,54.02793621658895
14,59.01159910650228,54.03422058722186
14,59.02843462112529,54.01865065713883
14,59.01403374042859,54.01801283094634
14,59.02193963301912,54.01385483072683
14,59.00430727086251,54.03196966225712
14,59.016893137479585,54.03400629028573
14,59.01847542267308,54.02082975183251
14,59.006837574532646,54.025854599633234
14,59.00896433009552,54.02017789897173
14,59.00755614956467,54.02995853202154
14,59.002972268092414,54.00973447092057
14,59.02800876907378,54.02408363817019
14,59.010287961715,54.0144361799882
14,59.007124287965496,54.03244900072127
14,59.02018051684225,54.03188723774062
14,59.01157551077665,54.02065827308064
14,59.00755497020841,54.02453752824252
14,59.007379209508095,54.00885314478242
14,59.010496792317234,54.02276718552319
14,59.00492694808888,54.030436281265715
15,58.984328340262046,54.00878664350165
15,58.98356137804062,54.022847620424876
15,58.980410187708166,54.02280620300798
15,58.99229344453701,54.012304597065935
15,58.984794416299756,54.0170513332301
15,58.97420368349922,54.01634090611287
15,58.9697362655697,54.01203106261817
15,58.98058908701464,54.00334673135029
15,58.97908012325521,54.00626444703495
15,58.98427232745939,54.019907790333384
15,58.9787201400382,54.02467975298369
15,58.99014807161296,54.02439154619985
15,58.97605430845173,54.01513086019272
15,58.97070685837573,54.02045118957269
15,58.97627546073139,54.02223684776886
15,58.984419153884275,54.01290901155264
15,58.975522010364365,54.013710992229
15,58.98425141350951,54.02277109112705
15,58.982643105635134,54.00668213773337
16,58.99175732533806,54.015711352689316
16,58.97470946287309,54.006804482342034
16,58.977465206712175,54.002968881164044
16,58.97364846366847,54.003978281379794
16,58.983532954129075,54.007385694258694
16,58.96928571817828,54.023748909781986
16,58.98969082726556,54.01998276541644
16,58.98956905286767,54.0128642953344
16,58.98849296707411,54.02282849797099
16,58.98781118647906,54.01077848340485
16,58.98340496249846,54.01988574106667
16,58.99250029832019,54.00826562542742
16,58.98342585319198,54.0161661542201
16,58.981221235574495,54.00151161363008
16,58.973988986694565,54.01209819000496
16,58.993529941537155,54.013383930324316
16,58.98565954219917,54.01780655755601
16,58.97720489783621,54.02312624925438
16,58.979191933039694,54.022017130065855
16,58.98092178064788,54.016903143200224
16,58.97402879154986,54.021506294535214
16,58.989510186129614,54.020409227985574
16,58.97133727446921,54.01746249985409
16,58.977208978644676,54.014911869794666
16,58.97535564814539,54.006591453528635
16,58.96939122641713,54.005306415849454
16,58.97587655385103,54.02430028911145
16,58.98455631205401,54.020224293838695
16,58.97986478876057,54.029205485639345
16,58.98549228663239,54.025057885967946
16,58.97942186002947,54.01117516321518
16,58.981544916728865,54.007865804073624
16,58.98112997824172,54.01606756884899
16,58.9864079655348,54.013340623834075
16,58.973424657391845,54.018244953926086
16,58.99202397261333,54.02111927969103
16,58.983771206592166,54.00567648523169
16,58.980774553686956,54.0146192325943
16,58.987993004985704,54.01849189775736
16,58.96940662259073,54.01194975370818
16,58.98790008516391,54.013281401501054
16,58.979983750539034,54.021863128349274
16,58.97281010427772,54.010265107330255
16,58.9924995893959,54.00800504206655
16,58.98481909538492,54.0246075172217
16,58.98072832113975,54.008974149740915
16,58.979191933039694,54.022017130065855
16,58.985610493117896,54.01824447120629
16,58.97898565324212,54.014530302326015
16,58.989624167956826,54.01653204661618
16,58.98115497572259,54.017616897314056
16,58.98809843341632,54.00406851224215
16,58.98145787598461,54.02804143218881
16,58.98317705132646,54.00413193291822
16,58.98765377951746,54.01359673728154
16,58.98095796576773,54.006395812147424
16,58.98662461856314,53.99986010469428
16,58.977226937404595,54.01404596546308
16,58.987070784492246,54.00585025949351
16,58.97711274519457,54.027195450662035
16,58.98225339035165,54.007949062187606
16,58.9914839508443,54.0149307325393
16,58.98791481632391,54.02048439698328
16,58.98021367660753,54.028720739033396
16,58.967767469613136,54.01471407389989
16,58.97521916195603,54.024237356265665
16,58.965905855037704,54.01525886284573
16,58.983376623778994,54.01790291611043
16,58.969580821032174,54.00794735950056
16,58.99038987628071,54.020145716898796
16,58.97466669569402,54.02005557555782
16,58.97117413487578,54.01729524269018
16,58.97141974164126,54.00909542725118
16,58.97522180707264,54.01311839248294
16,58.97671238407337,54.00694196815419
16,58.98760566456148,54.00300882076011
16,58.97070685837573,54.02045118957269
16,58.973630396100724,54.008636518181234
16,58.96907409004991,54.004117554966626
16,58.976669946704654,54.012176858915325
16,58.970619064095175,54.00321225111728
16,58.97055909011013,54.02497942700109
16,58.985631439202095,54.012881919611495
16,58.97959027939262,54.01744106875182
16,58.97626101109728,54.02634882349853
16,58.98201888400955,54.022578367870864
16,58.98403822087241,54.021229342854895
16,58.989624167956826,54.01653204661618
16,58.99318749859686,54.021487854853255
16,58.995088817257155,54.018597447508206
16,58.97078127156542,54.01189397120477
16,58.973424657391845,54.018244953926086
16,58.987503386149335,54.01677349540649
16,58.98263748855824,54.00705752423366
17,58.971262722619855,54.01857093033126
17,58.974035574322144,54.01803765684012
17,58.994958377639236,54.0086963625601
17,58.97343924470761,54.009769389132046
17,58.985804465539516,54.00740469926695
17,58.967017457311755,54.01622937869561
17,58.99464226594261,54.01927276836044
17,58.98726231463607,54.00405838275548
17,58.97695292212455,54.01894200247372
17,58.98456541155358,54.023824580065686
17,58.97701699111641,54.00973154365471
17,58.972495234635446,54.01720763412716
17,58.98936294219147,54.02379856023008
17,58.98838497237892,54.00227338008379
17,58.974392497308514,54.00410792915566
17,58.97778162299254,54.024955852161966
17,58.980053591315354,54.00043685052538
17,58.9900915744401,54.017639988496605
17,58.9738071419811,54.02008212140599
17,58.98535626086694,54.01811725782944
17,58.987920901239555,54.01251581388994
17,58.97839120606782,54.00985779214561
17,58.975469603280544,54.02483516752621
17,58.9799832892223,54.02462516593525
17,58.99008640460675,54.018993139815805
17,58.993292721387206,54.013764525981394
17,58.977060775622924,54.0106890804075
17,58.9907355167481,54.0199023756213
17,58.970556155289295,54.0240777219736
17,58.976081833800194,54.01132955500862
17,58.987015448595834,54.00030683303017
17,58.98845904374794,54.003900372803706
17,58.98211101626444,54.02530221770164
17,58.986859632128784,54.006568323094356
17,58.98551632218786,54.01831511497568
17,58.97533172431516,54.01233940092567
17,58.98006859804085,53.999247136892954
17,58.974235067420054,54.01536917376021
17,58.96880460246271,54.021568761105875
17,58.97563329045265,54.008124973727014
17,58.9824205616887,54.01369183593457
17,58.97956396257822,54.015663995918736
17,58.971566574671904,54.01122752617289
17,58.98855227107536,54.02651252471082
17,58.98382048043396,54.01106208080051
17,58.985501760322876,54.01312554356894
17,58.97622098352111,54.00604793800697
17,58.989624167956826,54.01653204661618
17,58.97578458123503,54.017406084460305
17,58.97874679464734,54.00396123319196
17,58.984636688378345,54.00546519631154
17,58.97541485598018,54.01997698084978
17,58.980179220751104,54.02943969879672
17,58.97544882649809,54.017463759643235
17,58.96981471597942,54.015684474667545
17,58.986618020565025,54.00808220411669
17,58.97976477673443,54.00862483533765
20,59.00723034900689,54.018248163200745
20,59.01211177017843,54.019430717560475
20,59.018379356665854,54.012444960984595
20,58.99549100609916,54.00672462726232
20,59.01842731130708,54.022567140333535
20,58.99772914217172,54.0171785713231
20,59.01164571216946,54.0234539031731
20,58.99958176212301,54.00997777679222
22,59.008488590368415,54.02321477992586
22,59.01456652361269,54.02449789334305
22,59.01092234597248,54.01359514595352
22,59.01083679333985,54.0065249677201
22,59.02711553875648,54.023678449501126
22,59.023663084762724,54.025936262609996
22,59.02681010760794,54.01947786760712
22,59.0228446787925,54.00966694202979
22,59.0060768302791,54.02791847940157
22,59.00829633617349,54.02335690733369
22,59.01956619211454,54.020800855465346
22,59.00194767687515,54.023119571686735
22,59.02257284974794,54.01498937809096
22,59.025425040533406,54.015688354653406
22,59.01502678993468,54.03309744602437
22,59.01613188172414,54.023848586668535
22,59.020820080201275,54.00873220618201
22,59.00073724983454,54.017152770569574
22,59.00861570577069,54.016303074819824
22,59.02067185538371,54.018084245210225
22,59.0020664813967,54.031744224491874
22,59.01461683859385,54.03549333736098
22,59.00738859694557,54.02503404454536
22,59.025326504661315,54.01890814561257
22,59.00569799009615,54.01031568369473
22,59.01107900917277,54.01662087436522
22,59.000400147670945,54.013084973965576
22,59.01523090595082,54.03078770938008
22,59.02220442514539,54.0184047095031
22,59.01136189973003,54.02901245192766
22,59.01642726132484,54.01182294862566
22,59.0112739406815,54.01775304449383
22,59.01558300689854,54.021957842751284
22,59.01933791595709,54.00839888410151
22,59.01004558849671,54.01405282954853
22,58.99895381071654,54.02671610980788
22,59.00563689946699,54.018105904016835
22,59.01591763080238,54.023074068914376
22,59.02616596031433,54.013105498794914
22,59.01696742240034,54.01699635586432
22,59.01418583094738,54.011112817863584
22,59.00598475222846,54.02757541065423
22,59.01162672528307,54.00926663742189
22,59.023849956513466,54.01497652161715
22,59.013661562809304,54.02636441864436
22,59.011196597501446,54.02121720032267
22,59.01135998107091,54.009579371245614
22,59.0013003416992,54.02599522881253
22,59.01512894522181,54.02204116017884
22,59.01459224566635,54.01614013946585
22,59.0099433661319,54.00806529460169
22,59.01847542267308,54.02082975183251
22,59.00741434507572,54.01747348052247
22,58.9990872214682,54.01672024911212
22,59.01272144288591,54.00951256019985
22,59.01925459725172,54.03010998841975
22,59.01140146428187,54.02273707212713
22,59.004398859329704,54.01266086291176
22,59.009416483133,54.035284858199866
22,59.01883166141053,54.0307268840404
22,59.01548806878262,54.02184081515683
22,59.02279485401839,54.01895062593864
22,59.00615450104127,54.016464412357884
22,59.01511425317053,54.029808953847
22,59.006045889812185,54.016805540313136
22,59.002916418788,54.02230812411336
22,59.00316912621381,54.01415058803906
22,59.01574125709032,54.03085281800352
22,59.02435505992732,54.031987802642526
22,59.025658016105176,54.01846392176726
22,59.00462103591037,54.033735150203945
22,59.01634658957767,54.016681615837854
22,59.01832654668104,54.01507120484593
22,59.02387698508203,54.01107273581326
22,59.01236393720699,54.01656741174814
22,59.01377405890568,54.0138583933566
22,59.001673514396856,54.018634124319405
22,59.019314056570444,54.02649810249258
22,59.00278206001354,54.013806437493635
22,59.01181690153729,54.00714946184486
22,59.011730278835834,54.01080463170893
22,59.003848722784056,54.02008030492816
22,59.002851877355845,54.01999852494068
22,59.00261382723515,54.017804617789366
22,59.026952717989,54.027584333532694
22,59.022854922253416,54.02786212150277
22,59.01155336366903,54.01749809167548
22,59.02803714395588,54.018657145121445
22,59.00487706102853,54.018856779863114
22,59.00553347947426,54.012512188704335
22,59.01635854410473,54.02871804482658
22,59.01094766376264,54.019203858081944
22,59.02155629674766,54.032365559242166
22,59.0079131880029,54.015793223899
22,59.01439518304544,54.02273622027668
22,59.005633281446684,54.031751772063735
22,59.01789835655747,54.0085280097773
22,59.0146855037574,54.02973176363403
22,59.00204869239248,54.03146992772082
22,59.026837876450124,54.01512240940023
22,59.019983481206346,54.00871747230759
22,59.02130755239914,54.02598980610499
22,59.009976134557874,54.015748755451014
22,59.00946723243983,54.0301073694458
22,59.009789715016204,54.02121717152377
22,59.005276567359246,54.029400985512154
22,59.01413625912597,54.018012203968276
23,58.968994158762996,54.01791673434407
23,58.967663733215986,54.01011197503453
23,58.98188280410927,54.01969264841777
23,58.973311498689604,54.00560259515117
23,58.990344122444434,54.00791317482803
23,58.992530115647256,54.00664332757297
23,58.97552154713789,54.007394848939626
23,58.97506602365275,54.018486738344414
23,58.97348739043199,54.01795535328714
23,58.98173257077323,54.01570243353618
23,58.96796569014892,54.00716233554029
23,58.97719102757121,54.001753340585616
23,58.966176751464594,54.014212202152066
23,58.9846429718798,54.00550143284703
23,58.971457538670315,54.02300695649204
23,58.98587489598113,54.00184640246724
23,58.9835240923686,54.002214039882105
23,58.97817114029184,54.01245499302041
23,58.99184642153162,54.01726898688937
23,58.97504044613686,54.021795978786365
23,58.97934190139127,54.02759360889972
23,58.988763756782845,54.003225962562425
23,58.97544393941853,54.00946242227943
23,58.975774524321864,54.01685539653334
23,58.985213723738894,54.0102095713588
23,58.97248202017717,54.005631351275156
23,58.98716438715416,54.005839833727066
23,58.97051425888787,54.012717005058214
23,58.98326641219263,54.00220856685652
23,58.96925149119362,54.01351027214911
23,58.9754884057862,54.007234564395056
23,58.99247477318645,54.00927860499296
23,58.97240240442633,54.00641324568776
23,58.973850216633714,54.01305768746977
23,58.98413671273029,54.00843320448155
23,58.978344707805604,54.003435253226414
23,58.9781152837312,54.010202804970895
23,58.98308577170511,54.018636469443294
23,58.97681745254385,54.001392757519
23,58.97251266680727,54.01515282405285
23,58.98330628467025,54.00313933673451
23,58.99484115393721,54.01760596924335
23,58.97781757560692,54.01023976465251
23,58.97324640412279,54.00938477748763
23,58.97059183111642,54.02252616239155
23,58.98719230789349,54.012546236047044
23,58.988768489579435,54.01893850622343
23,58.9824205616887,54.01369183593457
23,58.98950379828331,54.01196356531594
23,58.99201182191782,54.008911841408995
23,58.97169221233861,54.01149920511324
23,58.986243847316416,54.00368612463821
23,58.9802281947904,54.00483816780385
23,58.98809381989215,54.01253529507454
23,58.986295800181566,54.00678174411301
23,58.98652997529723,54.01381513315047
23,58.9672293296733,54.01552620215593
23,58.985427037371345,54.01742501532195
23,58.97955805708083,54.016279758611375
23,58.969508384200765,54.00486079945211
23,58.971359380866666,54.004232958619816
23,58.97709196542048,54.01930001168475
23,58.98365981337543,54.001787916308494
23,58.98478058476419,54.018157026028284
23,58.97394208376445,54.017328120297265
23,58.968334949328316,54.010830883751034
23,58.975082056801035,54.01580655601833
23,58.986295800181566,54.00678174411301
23,58.969989486641055,54.01503365229739
23,58.97536962958009,54.01435734504377
23,58.9835240923686,54.002214039882105
23,58.97863758079706,54.00189634000167
23,58.97973059163566,54.011546409443476
23,58.98142279464729,54.02353143181352
23,58.98132396811827,54.02159513451159
23,58.9788329397795,54.02397783781146
23,58.976306893114206,54.01960297165871
23,58.97088862757671,54.01367215115834
23,58.98544084965175,54.01976739946726
23,58.98888723446245,54.01503354809961
23,58.97469656582555,54.019656772102586
23,58.96907165984451,54.01405283109784
23,58.97414841294928,54.01415940679504
23,58.98544084965175,54.01976739946726
23,58.98028304003697,54.0218682412819
23,58.97738596991775,54.02253394214353
23,58.97381734035923,54.02021199698334
23,58.99440089648685,54.01976576991916
23,58.98972538607709,54.007775892549574
23,58.98840434823859,54.018189847461414
23,58.98184484119414,54.02402243944584
23,58.96847881870143,54.01864630568568
23,58.99184642153162,54.01726898688937
23,58.98672140299141,54.01158842406663
23,58.97884660939584,54.00799123249888
23,58.989624167956826,54.01653204661618
24,59.00822827138544,54.01008979710681
24,59.00139206263717,54.01362645266311
24,59.02669053294085,54.01862444298051
24,59.01462008684662,54.0235944446419
24,59.01241743399127,54.03227078935174
24,58.99914864225142,54.02052371276218
24,59.02307089696695,54.010787768194234
24,59.01525928092732,54.017121056609334
24,59.0095744554043,54.016476084986365
24,59.0154809405238,54.006512799569116
24,59.02652751052616,54.02429245741417
24,59.012929167812395,54.03573306868263
24,59.02041472124238,54.02802141206301
24,59.02033781837585,54.03231234565432
24,59.00307446607055,54.02130799622332
24,59.025099680921855,54.02467230300569
24,59.01191976261878,54.013974071034156
24,59.02815595115043,54.022529274879666
24,59.02679412439489,54.02686451316095
24,59.00804618787476,54.02203323035593
24,59.00729151361257,54.03143554802957
24,59.01972188475616,54.00910101843727
24,59.023133573141685,54.03147535250597
24,59.014055669343584,54.0055335069609
24,59.0195610700778,54.015976620511395
24,59.01736616409788,54.007562326794876
24,59.012878692411,54.033166687711876
24,59.002193979227705,54.01984324277632
24,59.00460629816445,54.02354468880864
24,59.01281029226068,54.02893060051456
24,59.00201517121565,54.01598979233241
24,59.01478204072494,54.019557170409485
24,59.01009768753846,54.0339027184941
24,59.01185723072806,54.016151089125266
24,59.01047206782592,54.01286232399242
24,59.027057215864694,54.01430792556726
24,59.01180646273036,54.025111172069714
24,59.0097070450214,54.02034751517759
24,59.01395041048976,54.0247013512151
24,59.013368647206065,54.019590658375364
24,59.02019204324679,54.00952439727448
24,59.009577900819984,54.006294261608545
24,59.00536025838452,54.02127303902384
24,59.017071764629094,54.021604218349005
24,59.00367635401706,54.00869055111547
24,59.01752783288302,54.02141428749939
24,59.003153760375575,54.01917706347595
24,59.012898110557366,54.02396411402295
25,58.99116889943857,54.00809249702785
25,58.986183742981865,54.00048462113176
25,58.96692285951057,54.01575447799697
25,58.97575498246129,54.010676682174264
25,58.980810960483055,54.02008855286172
25,58.97618200315319,54.014292630380226
25,58.98870135819086,54.00878614324791
25,58.990668761523665,54.00609440576912
25,58.973320836583795,54.01134590812287
25,58.98308577170511,54.018636469443294
25,58.98236914383086,54.00907492811334
25,58.985023916772484,54.014905520745124
25,58.97147706509697,54.01471891565996
25,58.98265117601761,54.004963690290055
25,58.97079795390368,54.015848089340906
25,58.993077979370454,54.00493333168652
25,58.980053591315354,54.00043685052538
25,58.982676548338965,54.00736092930754
25,58.98129476979777,54.00632883116039
25,58.98759181826242,54.02688174101328
25,58.97038525900151,54.02001169139482
25,58.98070848000885,54.00340349037457
25,58.99415377142388,54.01876314323447
25,58.978166629198554,54.00830503251565
25,58.98401064295887,54.01059067815351
25,58.98699203469304,54.00172840107198
25,58.99245633601567,54.009815135742535
25,58.98337624384358,54.01062413574296
25,58.989335167728086,54.01059155912826
25,58.97724161240206,54.02650847256816
25,58.98657809923767,54.01182126250355
25,58.977990789317886,54.00698009801414
25,58.980099702036995,54.012360070020044
25,58.98122353876278,54.013704576911344
25,58.98543259556974,54.004715006484176
25,58.97083192432252,54.009415375287475
25,58.97786532367877,54.001740935319894
25,58.98648929409202,54.00784907155511
25,58.99083183381928,54.00758208416263
25,58.97867636717146,54.008529766505674
25,58.973310456574744,54.01416599321052
25,58.980737921124245,54.01190800016706
25,58.987145096274624,54.00164808002133
25,58.986770066023034,54.007412079265
25,58.98335767358839,54.00874134670137
25,58.97460729511919,54.001394942802044
25,58.968489667529006,54.02372512138237
25,58.97295144788027,54.018354565384215
25,58.99387215933765,54.01816905595499
25,58.96989610412685,54.016885238692176
25,58.992576605673946,54.00701466640183
25,58.98913703752946,54.01731502946039
25,58.975175191559785,54.026044538620646
25,58.98870377391794,54.01367993402165
25,58.9696006937515,54.02454266855347
25,58.98982192470375,54.00201659114902
25,58.99342755719994,54.00843163078327
25,58.99320542715433,54.00980774254918
25,58.995447978823485,54.01373960036954
25,58.97400694043094,54.02761554635901
25,58.9750794281398,54.00193921490735
25,58.97301939614169,54.01151996481374
25,58.97749047403627,54.02288314163838
25,58.968367288634965,54.01350455908997
25,58.98242753087895,54.0210744236145
25,58.98053206866726,54.00835093028606
25,58.990687937740304,54.02170210994838
25,58.987008560665885,54.01851369300742
25,58.9815647088555,54.02853236732383
25,58.983539446341375,54.02048457116906
25,58.98106082766896,54.010709377924144
25,58.97380990877836,54.00035081091634
25,58.97055909011013,54.02497942700109
25,58.96953915202136,54.02160565230468
25,58.971084161918746,54.010477641528404
25,58.9939802238495,54.017785680387405
25,58.97343924470761,54.009769389132046
25,58.98220034689872,53.9993336947987
26,59.012624579802576,54.00644711780634
26,58.99375837194403,54.01525516955746
26,59.0039983183776,54.02617534635758
26,59.011385048892926,54.0065408418116
26,58.9960284508619,54.007774689292056
26,59.00429373636512,54.0126000526761
26,59.02146047485724,54.01565204289328
26,59.017316714383725,54.0056420966854
26,59.00968758870159,54.0254103965215
26,58.99649870158093,54.02438508266307
26,59.02105012874484,54.013157067458685
26,59.006277097512516,54.020404878215984
26,59.010511415199154,54.01501802822407
26,58.99483803474697,54.00849695807508
26,59.00266281107176,54.023052026214565
26,59.01435836890015,54.00457660403851
26,59.00911699726486,54.01008820832526
26,59.00067351361915,54.00736763595588
26,59.012439152835185,54.0127881559778
26,59.00717320690565,54.02060991081121
26,59.008025325727786,54.025651859021245
26,59.00047912406879,54.0291720857826
26,59.00282499289508,54.01379583316773
26,59.00387273521973,54.00975823223862
26,59.00795227440074,54.00452953575153
26,58.9959150825608,54.01661541423139
26,59.003698379476525,54.022523700727255
26,59.01741787803292,54.024527534359734
26,59.01398511530302,54.020220239180986
26,59.0028960863945,54.01430159980813
26,58.992978244523094,54.020292346434545
26,59.002130907440076,54.02205438186424
26,59.00459615718474,54.006842995391956
26,59.00816765431342,54.01593315018982
26,59.00529999928276,54.00718539934783
26,59.00566742897915,54.01730736690372
26,59.00267930020616,54.029143199769194
26,59.02127287193478,54.01498907665494
26,58.999500749849794,54.01540373647262
26,58.99769944428535,54.01110203908696
26,59.01513415885383,54.00961036247037
26,59.00607689331796,54.00146632441854
26,59.00415542985444,54.01644606379038
26,59.014291926278666,54.01584366698757
26,59.01513874422861,54.0151650367965
26,58.999331414880444,54.02852460392344
26,59.01094211813836,54.01261620452247
26,59.00437447825099,54.01939748934143
26,59.00098182917177,54.01939174570898
26,59.01334690877017,54.02152829042267
26,59.01180321461581,54.02385839380222
26,59.007232454013185,54.004509910564195
26,58.99662712611964,54.01575110413839
26,59.00552912966835,54.0160094356525
26,59.003599606777826,54.01346990417885
26,58.99893995641803,54.01649187392924
26,59.010840607695215,54.00659811838366
26,59.01356147794484,54.004797154237224
26,59.00184340406984,54.00608827219788
26,59.01825375094845,54.01522200808331
26,59.01344356824068,54.013488524879826
26,58.99191858443125,54.01689145354105
26,59.01529017130057,54.00513309392931
26,59.00362978164181,54.02587077894465
26,59.01128271106842,54.01184868300905
26,59.00929402559327,54.01382614771452
26,59.00692831309984,54.02186037755599
26,59.011007439912824,54.01017810968403
26,59.003743923751124,54.00947118746717
26,58.99325371737261,54.022665995436085
26,59.0156940338482,54.02326765448964
26,58.997918803292265,54.011555751333525
26,59.00602742202288,54.01072580047911
26,58.99865904073606,54.013044077249674
26,59.021099867675254,54.01139083099313
27,58.98957801607962,54.00626176009053
27,58.96978118011122,54.004177705595474
27,58.96587185211944,54.014649476642866
27,58.98435710013003,54.02527548345694
27,58.98189684116609,54.021005443246686
27,58.9740939830678,54.01349654613601
27,58.978616669714604,54.028408621220294
27,58.98759770328473,54.022966798085704
27,58.99516850509785,54.013364573214886
27,58.97671219042637,54.0058176205688
27,58.970232876607,54.014561260188685
27,58.97631728728429,54.010911047010104
27,58.98133970894427,54.015686479689656
27,58.97390466550485,54.0074343672742
27,58.978755465344456,54.01397322460757
27,58.97724161240206,54.02650847256816
27,58.989269709750964,54.00199229190156
27,58.967152623371014,54.01126614585361
27,58.97566975415168,54.00183195403424
27,58.97130017762816,54.0106020331995
27,58.97085409043384,54.00772152744944
27,58.97854592127085,54.006347432701176
27,58.97781795696077,54.02039648448402
27,58.975500507156816,54.012087036048946
27,58.97863603360857,54.005760978629546
27,58.98046186144384,54.01566021292041
27,58.98362811905736,54.02819831444223
27,58.9852916921917,54.004403812920735
27,58.97198527785814,54.008886460193615
27,58.9802686545721,53.99881767950181
27,58.993779631368646,54.01469925617096
27,58.97613299759804,54.02875224682304
27,58.968367288634965,54.01350455908997
27,58.988537251964736,54.00920120796575
27,58.98932007050467,54.01717185508629
27,58.98342585319198,54.0161661542201
27,58.98328786837603,54.012606531315875
27,58.98215541402898,54.027867415446494
27,58.979922366723834,54.02696439397415
27,58.98976336905372,54.00921960019788
27,58.97469156236596,54.024662303547125
27,58.98308232047685,54.0069276844196
27,58.972867719878565,54.016113450208266
27,58.97697145735948,54.01136017096485
27,58.980179220751104,54.02943969879672
27,58.984170624912224,54.01817075453578
27,58.97517131296001,54.02182410572877
27,58.97628162796222,54.01829298542621
27,58.97587764723153,54.013052361829246
27,58.98613375194881,54.01903192297022
27,58.97733149951188,54.01617524473154
27,58.98808029274502,54.004661244907325
27,58.9715520965056,54.00196052651714
27,58.978450448908994,54.01556684751573
27,58.97002976521581,54.0174048591152
27,58.97620282031118,54.02719203683127
27,58.98088714656578,54.00839433976368
27,58.9854311262003,54.01163696901004
27,58.984121337669876,54.011042786354
27,58.96558193708041,54.017097983594944
27,58.977096786422635,54.02592096494324
27,58.98311976237208,54.01146386399318
27,58.97961647722246,54.01216114754696
27,58.994357598887774,54.01213445365853
27,58.979002935577824,54.018682431391895
27,58.981391697017,54.027923284442615
27,58.98209547564108,54.02028066386383
27,58.96816794738477,54.005920838316925
27,58.98530956721287,54.02201435912267
27,58.992576605673946,54.00701466640183
27,58.977447140189994,54.015613936807405
27,58.97429462060765,54.019247506769865
27,58.968517294861115,54.014540191164244
27,58.985023916772484,54.014905520745124
27,58.980850233024796,54.015055694938134
27,58.977688853909434,54.007951370264166
27,58.970770054725364,54.003754103631
27,58.98022341190234,54.017358152743405
27,58.97327376948516,54.021811392040995
27,58.98653127048094,54.004238159556934
28,58.98223245999266,54.02238889624297
28,58.97161445197011,54.01186620841787
28,58.976180194337154,54.0130825103109
28,58.993000687930554,54.01610983107066
28,58.96723888503946,54.01322573821644
28,58.99184642153162,54.01726898688937
28,58.96636131016734,54.014205038245045
28,58.976333446203085,54.01756752451085
28,58.976914418191754,54.01581209917656
28,58.97846861401302,54.02065415352573
28,58.97738596991775,54.02253394214353
28,58.98219614516271,54.0014293020002
28,58.992767724702155,54.02161393823439
28,58.99275004546702,54.0113201234654
28,58.98344833487974,54.01011590188548
28,58.989543148765385,54.01776935263929
28,58.97431764290919,54.01304892249779
28,58.9738071419811,54.02008212140599
28,58.98820892887045,54.01055780306687
28,58.97967839254689,54.00455215794371
28,58.97554599067653,54.02685036866191
28,58.98958576843579,54.01895842051533
28,58.974555109591435,54.015946175868095
28,58.98605307531168,54.01001417394889
28,58.96970072984264,54.01442956654286
28,58.98806279372203,54.026986686526406
28,58.96766899027131,54.00561097124022
28,58.969960251929194,54.00474839069454
28,58.98427232745939,54.019907790333384
28,58.96914175094597,54.0186129338018
28,58.97038008554698,54.0135354083627
28,58.99296726210958,54.014740398038654
28,58.98791481632391,54.02048439698328
28,58.97236763395395,54.01692018854563
28,58.983599968582446,54.01006529250442
28,58.9664870980247,54.018513571914696
28,58.981238784774916,54.01701107971165
28,58.99275004546702,54.0113201234654
28,58.96920640948573,54.015431503428566
28,58.97592791465521,54.01325214776324
28,58.982204864999254,54.02172541577502
28,58.99190781505072,54.013806877885315
28,58.993529941537155,54.013383930324316
28,58.98419444834837,54.01434374177589
28,58.98240749856413,54.00736277726354
28,58.98006521285581,54.02799484788541
28,58.97283047916088,54.01998338570658
28,58.987975624830675,54.02416470038954
28,58.99198231871104,54.023602468114916
28,58.979858827352444,54.01227399258004
28,58.991576558362524,54.012933579501535
28,58.982766457944535,54.0218548478339
28,58.987809942630165,54.024532653790914
28,58.966738522909274,54.010082151986246
28,58.96948943053576,54.02104765116136
28,58.97555104763238,54.025897002478516
28,58.98738574175423,54.00161060964657
28,58.986618020565025,54.00808220411669
28,58.98628640068656,54.011435224219625
28,58.98182144008572,54.017209677929344
29,59.004316307652395,54.01632401010052
29,59.023510573111345,54.02357183356669
29,59.019674402140616,54.02823841723425
29,59.00576178629998,54.02437831699775
29,59.01803127108648,54.022366624405166
29,59.01228293941094,54.01116995666513
29,59.02298273360833,54.02218769325814
29,59.02370625142781,54.02938535726535
29,59.025421353309696,54.01849151785388
29,58.998927863072204,54.024975511928936
29,59.010221790136036,54.010813253127914
29,59.020645257697524,54.021769930506075
29,58.99965783658521,54.020255938791436
29,59.00723132027757,54.03350597037358
29,59.0022755399699,54.02860044860106
29,59.02355039575101,54.02471342376768
29,59.01661922215809,54.02009271282523
29,59.011007439912824,54.01017810968403
29,59.017016616041076,54.025953529191675
29,59.01281165427557,54.02648101556422
29,59.01526271630821,54.02678751476154
29,59.00887228900838,54.027405573579735
29,59.022904588756134,54.03182825195884
29,59.00326438902869,54.027894519966786
29,59.012044272735714,54.017830171621526
29,59.00439889677614,54.021987443844665
29,59.020069546871646,54.03425252918441
29,59.02459081894929,54.03043318804847
29,59.006045889812185,54.016805540313136
29,59.01913748004164,54.01002722016534
29,59.0219596030255,54.01515473756258
29,59.02206355505533,54.029783663408075
29,59.02598463898042,54.023670083341756
29,59.01562866027715,54.01573366160672
29,59.00489394458903,54.01808351986406
29,59.018244449732386,54.00735870187033
29,59.02172542095633,54.02308435653536
29,59.02490319267005,54.02903047539872
29,59.00955317477886,54.01287162888452
29,59.00227120091675,54.00999009702216
29,59.013593035718586,54.01257384907132
29,59.02314869920912,54.01494775575391
29,59.019405485929404,54.03288972830546
29,59.02628817239235,54.02207168331387
29,59.023272262727566,54.022728220328474
29,59.026534434498274,54.0151120488807
29,59.02648364352617,54.01252825604733
29,59.02462136919535,54.014131061515734
29,59.004132792861476,54.01259496938733
29,59.008460503850785,54.01028946401786
29,59.01173167195969,54.01151614252634
29,59.01593618715843,54.027426150609365
29,59.01180646273036,54.025111172069714
29,59.02144166072332,54.03310725122282
29,59.00954798637029,54.02005377093047
29,59.001310086261824,54.03031271816942
29,59.02020372916005,54.01777792609
29,59.00525950458019,54.0287368862305
29,59.01177980671471,54.02383089717757
29,59.01783350923398,54.03106149227675
29,59.011707576620445,54.00566916889899
29,59.01822491107298,54.03129122386301
29,59.026775279302775,54.02628074495065
29,59.02184888303766,54.02088650702342
29,59.00254661670541,54.026995996157545
29,59.00362185985362,54.02104528361137
29,59.01309528587756,54.02998582636109
29,59.024098407132065,54.011565019448724
29,59.020124557481324,54.032301464194504
29,59.02728669640726,54.01429383610963
29,59.00180408296667,54.015828151922484
29,59.01323666651698,54.020826797291484
29,59.017465017630016,54.03537534751644
29,59.01801191421326,54.012968033611365
29,59.0264973502489,54.014562055721356
29,59.02060561360908,54.025423585793774
29,59.00561423180962,54.012070804895565
29,59.01291395310506,54.01991949887828
29,59.01762046364329,54.02884359223872
29,59.008623510290576,54.00667644333155
29,59.01770965109547,54.02634364569776
29,59.00387273521973,54.00975823223862
29,59.019925583061045,54.010567785476226
29,59.00379334825405,54.00861475088928
29,59.0063755680544,54.00942843528823
29,59.01350067767382,54.01508749409512
29,59.00821156933792,54.025562511077375
29,59.02796320650523,54.02330790238553
29,59.026860890322645,54.02064293810888
29,59.02101987416327,54.0166313477189
29,59.01156630167682,54.025458872870175
29,59.02873476987153,54.02303784667799
29,59.02432593160841,54.02199659643719
29,59.014705872125035,54.012868028410566
29,59.005284914442235,54.03062553345952
29,59.01203916912423,54.014179771926216
29,59.024870580237184,54.028130754790844
29,59.01779746135948,54.01981724336743
29,59.02124161984662,54.02860358228091
29,58.99994013999548,54.02259488311401
29,59.01334690877017,54.02152829042267
29,59.00419327267454,54.02037403104292
29,59.00366770608918,54.01212381220696
29,59.01287190073337,54.03236899407603
29,59.00980528531391,54.02843443262197
29,59.015440830956095,54.020198646293444
29,59.02662971499474,54.01444925300977
29,59.01403374042859,54.01801283094634
29,59.00475427767253,54.01403271833341
29,59.003367448492526,54.01311152890721
29,59.00600885899213,54.030370499340854
30,59.01036508859748,54.01742058754469
30,59.02046820842392,54.03496105375119
30,59.021664850070024,54.0088161193652
30,59.01672967340934,54.01866071752149
30,59.0194932319754,54.03433950063933
30,59.01670292851451,54.031705202562215
30,59.00475937342232,54.01139530432429
30,59.00907805931589,54.01431802455529
30,59.01180321461581,54.02385839380222
30,59.00210510542732,54.01351894691901
30,59.01076667239216,54.02934771021001
30,59.00723780104518,54.03140805253452
30,59.0191945669777,54.0218199353454
30,59.01834523885859,54.01817803001678
30,59.00575431996465,54.01409694634973
30,59.003501163927204,54.0269268518298
30,58.999761888240094,54.0217783586147
30,59.02152760494606,54.02800291915897
30,59.013949322914655,54.00971230390361
30,59.013893296393654,54.02765686409459
30,59.00334689206298,54.018925515054846
30,59.019770585351615,54.03160645523681
30,59.0124001567607,54.03364445992841
30,59.005690671957865,54.010810086351036
30,59.00725877929743,54.02474199531541
30,59.025537652002456,54.027597867503886
30,59.01327600254922,54.02247968960776
30,59.014023311516226,54.01595443782461
30,59.00700031276598,54.0201179647996
30,59.00167105741372,54.023869742936796
30,59.004900092323076,54.023866111907694
30,59.01732683297954,54.030008036458625
30,59.00555680279094,54.010319873284395
30,59.00598475222846,54.02757541065423
30,59.01664965223877,54.03588907250575
30,59.0153515808929,54.01989878459549
30,59.00978743137129,54.01119342107486
30,59.018683650143174,54.016605481571226
30,59.017651150472425,54.022232002618324
30,59.004398859329704,54.01266086291176
30,59.016578470135805,54.01657363450726
30,59.02643876514679,54.01421414816923
30,59.01752730959963,54.02217298166993
30,59.016823346359374,54.02278909302519
30,59.01560057254709,54.007747594449846
30,59.00723780104518,54.03140805253452
30,59.02435505992732,54.031987802642526
30,59.00680578142873,54.03237286183555
30,59.01827725418931,54.02319705889177
30,59.020397896407424,54.0233867897377
30,59.02434812873795,54.022384339324795
30,59.00779473020956,54.013302970725846
30,59.01838696061273,54.02100509886319
30,59.00273677198668,54.02286934309428
30,59.021066169180926,54.01701921814575
30,59.01990708780026,54.02088020779676
30,59.00354328840765,54.010139439681545
30,59.0113155917429,54.02796795812786
30,59.01952537116404,54.01478667093234
30,59.00940953507048,54.028825674323265
30,59.02770506663548,54.018465965746365
30,59.02437192821921,54.02760700386674
30,59.02352390761737,54.026013108255306
30,59.01739997092433,54.02337527959711
30,59.011822276344304,54.0275628020999
30,59.008941940218634,54.00654725865927
30,59.007788073530065,54.02495001343973
30,59.02301346306928,54.02019744849994
30,59.013192174917016,54.03404956245019
30,59.01090709431521,54.01712389078616
30,59.019993427196795,54.01875668547741
30,59.00227120091675,54.00999009702216
30,59.0120279015029,54.02066158792218
30,59.00192889879021,54.030119437959215
30,59.017892929683896,54.028580245711346
30,59.02037554769224,54.02556240156525
30,59.02416173465729,54.02203068154299
30,59.006632189786735,54.01173070026029
30,59.009779452572005,54.0183252477219
30,59.00329282778066,54.01992938520661
31,59.021198400278784,54.01184785804536
31,59.01122884335866,54.012696211762325
31,59.01912168925638,54.03064077727535
31,59.00243358468544,54.021869953891915
31,59.026013002356514,54.03035033287174
31,59.01539265234378,54.03476296822268
31,59.00869259605725,54.01744301148817
31,59.00329767810571,54.01364308780377
31,59.00708096036723,54.03313395671878
31,59.005695930369235,54.02206786814929
31,59.01660401978128,54.021839463181706
31,59.01378576325277,54.02757679211798
31,59.0281899416546,54.02046243846439
31,59.00234998753848,54.02240093779386
31,59.01648616228463,54.01136528237465
31,59.01220965554204,54.01330580438744
31,59.014160931158266,54.02793621658895
31,59.01792928040739,54.01697850070532
31,59.019888979810645,54.02247252311012
31,59.01735318762643,54.02778150074359
31,59.01766017760435,54.035408329044515
31,59.01717299664347,54.0127784890663
31,59.0235557512633,54.011742415368175
31,59.026610610399324,54.0187815795103
31,59.00584426832792,54.01862993087478
31,59.0188397689755,54.01718637810724
31,59.00474483359064,54.02328113520296
31,59.012576176018186,54.007402379980725
31,59.01249448836313,54.01552871921495
31,59.00253967918165,54.02903422159265
31,59.01961865305902,54.010230927699325
31,59.02255405737662,54.01597060312102
31,59.01263140876701,54.01204732280166
31,59.021604598862645,54.00908012195191
31,59.01751269453266,54.02972344089585
31,59.016177358636284,54.01959231985895
31,59.00955066086028,54.028700436146615
31,59.00801184348792,54.02609721594682
31,59.017016616041076,54.025953529191675
31,59.01026563476061,54.013764611443214
31,59.01026563476061,54.013764611443214
31,59.02455348322954,54.02916873379924
31,59.00799085388414,54.01405467053313
31,59.00479475816263,54.028403322880614
31,59.01041358115641,54.025101091510955
31,59.02056284833369,54.02016528027738
31,59.02210336858269,54.02510088881491
31,59.02691607637984,54.025169934993585
31,59.018379356665854,54.012444960984595
31,59.019396689008566,54.01440482800744
31,59.00772553355171,54.024340189228745
31,59.01443044186946,54.02294916689862
31,59.01106575635014,54.02085912053655
31,59.01733340558968,54.02106313306413
31,59.00778731896959,54.02946969167213
31,59.01183631912512,54.03344187363208
31,59.006438174727904,54.007433358400206
31,59.01896869954755,54.02559758349449
31,59.01900097093155,54.02086988797055
31,59.01535338777331,54.02722298190055
32,58.971992097862525,54.01218637270046
32,58.97122818394422,54.01267204500679
32,58.96723888503946,54.01322573821644
32,58.97387818319756,54.01476183642705
32,58.99602919759024,54.013583879946026
32,58.96636131016734,54.014205038245045
32,58.9827403654054,54.007500118496345
32,58.98889313166925,54.02456384002409
32,58.97077398883656,54.00249012092701
32,58.975046849628036,54.017098065764785
32,58.9774963854188,54.01425406069543
32,58.98553424558322,54.02561996829032
32,58.968994158762996,54.01791673434407
32,58.98266310557845,54.01669920652644
32,58.98412506769008,54.01419543511582
32,58.96629244188242,54.014347707479814
32,58.991817798564725,54.00535261151511
32,58.97750658326848,54.002990993349066
32,58.99387215933765,54.01816905595499
32,58.985804465539516,54.00740469926695
32,58.983539446341375,54.02048457116906
32,58.98714091075028,54.005901768318395
32,58.98329887969605,54.00799116425552
32,58.98752659510247,54.019616911127066
32,58.98815284672535,54.01118624088299
32,58.976649350749994,54.006373998759635
32,58.986626035342866,54.00138675601614
32,58.97894011697528,53.99936295926024
32,58.98039241507914,54.02017856876071
32,58.992707232578766,54.01846759936933
32,58.98030545505636,54.01354021487993
32,58.96595868356063,54.01629715048233
32,58.97879835117324,54.027014003077895
32,58.97019256895961,54.0057783788362
32,58.97752230418417,54.02439976148248
32,58.994357598887774,54.01213445365853
32,58.97771367272544,53.999585674420864
32,58.9731001107744,54.012075159716005
32,58.98061913000432,54.008205966878734
32,58.9788296019646,53.99977996222642
32,58.97024510771592,54.0061922613931
32,58.9712612330962,54.011969672898594
32,58.97236062647642,54.01713656473897
32,58.98839856022545,54.00916631605119
32,58.97432889884863,54.019343377194204
32,58.97546174217687,54.023611312073214
32,58.98617059729249,54.00451814373737
32,58.98819818938366,54.02294978899711
32,58.97301498714131,54.00536171096228
32,58.97606061442038,54.01787963205935
32,58.97033928826749,54.01074386402161
32,58.99204169779895,54.01323612392439
32,58.98054153740926,54.01978633981236
32,58.993129821942034,54.018376735780016
32,58.97335397387476,54.00923313770617
32,58.984719148589015,54.023529239047
32,58.98420346445232,54.01158198028009
32,58.980326498371326,54.01123620584596
32,58.985368904519845,54.00897710713236
32,58.96773702678622,54.006124555678525
32,58.98040460341537,54.00370795215624
32,58.97608117936818,54.00256290604613
32,58.97243134385577,54.00651368746462
32,58.979389913681864,54.00481964431498
34,58.98239706699335,54.02925692766274
34,58.968334949328316,54.010830883751034
34,58.981238784774916,54.01701107971165
34,58.98551227733721,54.02025184538091
34,58.971725594283015,54.02224323044786
34,58.98220034689872,53.9993336947987
34,58.98365981337543,54.001787916308494
34,58.97752230418417,54.02439976148248
34,58.985501760322876,54.01312554356894
34,58.991368907020224,54.018859797140074
34,58.984039086480685,54.016452206170165
34,58.98122353876278,54.013704576911344
34,58.99011855056481,54.02361745176472
34,58.98151804121906,54.01686153774029
34,58.98582345773519,54.01970459451897
34,58.993022119634716,54.00583694916176
34,58.97564278224525,54.012572955129265
34,58.975953632358156,54.00373082658128
34,58.97984795918169,54.00861543784519
34,58.983888058741414,54.02548168699287
34,58.981781454162494,54.019696919364065
34,58.97136353495216,54.0249828188503
34,58.97899227289677,54.01885301982663
34,58.9854443311011,54.008544026829284
34,58.975645660495424,54.008544385188145
34,58.99175732533806,54.015711352689316
34,58.976264283255084,54.01487095739418
34,58.96897428994017,54.01748841088163
34,58.97575998505402,54.005167502965755
34,58.982318794601994,54.0106906128432
34,58.99187540488903,54.017625754863595
34,58.99574801117858,54.011575467423945
34,58.97865279956517,54.009954763661995
34,58.98129750037145,54.00414715585165
34,58.973935152900225,54.00642537817347
34,58.970770054725364,54.003754103631
34,58.98582345773519,54.01970459451897
34,58.97480232390992,54.01849568370929
34,58.97762939160907,54.01801341186616
34,58.96929850841865,54.007460971413664
34,58.983235666909096,54.01234057320134
34,58.985049573215434,54.023786038837436
34,58.97719454034126,54.01842099756178
34,58.975219426809126,54.02703331650419
34,58.98762209993312,54.009369388829334
34,58.99456187310405,54.01030763838002
34,58.992949869897565,54.018801195049434
34,58.98888723446245,54.01503354809961
34,58.97607030723368,54.005884611302086
34,58.994531068675194,54.01946568571369
34,58.98427232745939,54.019907790333384
34,58.99310883172247,54.00753614503749
34,58.97518192162039,54.021421100204215
34,58.974899041192025,54.018280225629056
34,58.98340496249846,54.01988574106667
34,58.969724046503906,54.011625721848056
34,58.985555598360015,54.00575500638088
34,58.96980591600991,54.01494188773401
34,58.977281436800226,54.00375718071895
34,58.97416014947583,54.01284397761317
34,58.97675282063235,54.01498695785063
34,58.96831314440414,54.01843368070515
34,58.97976477673443,54.00862483533765
34,58.97772231349341,54.01134327101692
34,58.98092211801242,54.009338607850864
34,58.97631728728429,54.010911047010104
34,58.976069180047375,54.02687045680826
34,58.985352204028665,54.023547755606195
34,58.97244217189303,54.00893905353593
34,58.981417226558285,54.02353385852743
34,58.98190989876011,54.01199251628299
36,58.97289061570077,54.01068591537077
36,58.98605568113762,54.01632429242058
36,58.98855227107536,54.02651252471082
36,58.99185304728575,54.01225991427855
36,58.97701699111641,54.00973154365471
36,58.98606644676053,54.0276552775135
36,58.97148687326866,54.00572381301334
36,58.985865717751736,54.01142357926513
36,58.99057889947936,54.02274413426057
36,58.982771765463156,54.01752918264429
36,58.976175850651614,54.00661120776347
36,58.98922818444221,54.01293771546401
36,58.97500837248651,54.003653721906396
36,58.98258016511624,54.0212643522266
36,58.9816774674537,54.02937194725326
36,58.987834996852236,54.00692791145159
36,58.9953794129024,54.01280660212376
36,58.97092879067035,54.01437952630655
36,58.986905427881815,54.013398110635535
36,58.98240121832774,54.022611282542265
36,58.97630480631119,54.016260244909546
36,58.974943882454376,54.0140926171827
36,58.99406475091837,54.011683583159424
36,58.98680652517778,54.01647711987822
36,58.97870944233077,54.02153858055092
36,58.9892943211959,54.01187507281235
36,58.98061913000432,54.008205966878734
36,58.98144047736243,54.001187144840735
36,58.98171856612145,54.012957036151406
36,58.98298440073834,54.01748076502399
36,58.993135508338504,54.01811742917004
36,58.976950163165284,54.005760875200565
36,58.98557033268628,54.0114246087001
36,58.97865692818675,54.001033993883716
36,58.97704190988274,54.01316951366972
36,58.975101105397975,54.00924185407812
36,58.981646896983456,54.00526323550823
36,58.97367149474892,54.009699140959206
36,58.969329846851394,54.01749958249597
36,58.983826413431935,54.0147855751493
36,58.9957077702906,54.01220191086597
36,58.97435310797138,54.0204858180815
36,58.990065489097155,54.020683416013064
36,58.97546389982683,54.027584051472054
36,58.980367552991574,54.006482228570476
36,58.98972222410809,54.015449085828
36,58.98468914605037,54.02758786466924
36,58.98004434358687,54.00248209588369
36,58.980571265219986,54.00646419454907
36,58.98791481632391,54.02048439698328
36,58.97968315510969,54.01963870276007
36,58.99245633601567,54.009815135742535
36,58.97226147696943,54.014704560828505
36,58.96987660728699,54.01723594688467
36,58.97676712687645,54.01605798252156
36,58.98363786751077,54.02134624602968
36,58.974596973222525,54.002668760177755
36,58.98458351342012,54.0119334592117
36,58.9752932969231,54.00472667478155
36,58.98311976237208,54.01146386399318
36,58.97076774479869,54.013995088512466
36,58.97776296515773,54.01002085775996
36,58.99155835908064,54.021105628598846
36,58.9933537444391,54.00916192996311
36,58.973445568302076,54.02499684244992
36,58.98239706699335,54.02925692766274
36,58.98270855700297,54.00187616514763
36,58.96692285951057,54.01575447799697
36,58.98764724526539,54.00178516537882
36,58.97499363074017,54.00799187180486
36,58.98735223089676,54.0117679490453
36,58.97712308793984,54.00410627198515
36,58.98657809923767,54.01182126250355
36,58.97400694043094,54.02761554635901
36,58.98532249460306,54.02664767047352
36,58.971187464589235,54.00889928870094
36,58.9821090654598,54.01979949119148
36,58.99548944706012,54.01569558332771
36,58.96905114061505,54.006058318419676
36,58.99270664916624,54.00487237401778
36,58.98331290327987,54.006339952751446
36,58.970630266997325,54.002998360361474
36,58.97848144237547,54.02221156761019
36,58.971187464589235,54.00889928870094
36,58.97334405387707,54.025094618121095
36,58.99429514870695,54.01372427523628
36,58.98209539993504,54.026656591706114
36,58.98092889342217,54.00338429136765
36,58.980398639999834,54.027315061784506
36,58.97752956218776,54.01469387709436
36,58.96674161856555,54.01208298960978
36,58.9747798281414,54.018372380858644
36,58.980326498371326,54.01123620584596
36,58.98001292175599,54.021834541787435
36,58.98657809923767,54.01182126250355
36,58.97711274519457,54.027195450662035
36,58.98486871548883,54.02631093218242
36,58.976553967661985,54.008958543724006
36,58.974392497308514,54.00410792915566
36,58.97293984923347,54.0118612390499
36,58.98565954219917,54.01780655755601
36,58.98853065736082,54.00075771458511
36,58.974899041192025,54.018280225629056
37,59.00963585796214,54.03618728196404
37,59.00836806419789,54.02108120355687
37,59.02151090945491,54.02417095924019
37,59.01631953299195,54.0219681019351
37,59.003743923751124,54.00947118746717
37,59.0026306846292,54.01853787041715
37,59.015634465316886,54.02792006057019
37,59.014032375668144,54.01396914619806
37,59.01611551739273,54.02361062939022
37,59.012456241734185,54.022280037775765
37,59.015678171641845,54.01958981042519
37,59.02490319267005,54.02903047539872
37,59.019458090710856,54.02301694820211
37,59.00821969315089,54.02539992291071
37,59.00518672842963,54.03368667804217
37,59.02370624921805,54.02659887711188
37,59.01808616708105,54.01938818311463
37,59.01550440850546,54.01516287767837
37,59.019009991435325,54.0344479423411
37,59.00243894814498,54.010485327412994
37,59.01985432474429,54.01733547005075
37,59.00940655308273,54.00772933433602
37,59.00668483504333,54.02954325322224
37,59.02029759890656,54.02679024177349
37,59.01858327072048,54.012459004124175
37,59.01498902301213,54.03473070086567
37,59.026837876450124,54.01512240940023
37,59.023079681193984,54.02791085026438
37,59.013309924750146,54.017293676936916
37,59.01047814919075,54.013253911158394
37,59.00047912406879,54.0291720857826
37,59.01248417399111,54.00620155892522
37,58.9981792891994,54.02022988163178
37,59.00646804988844,54.0275465718662
37,58.99995689975231,54.02209293287712
37,59.01291065213456,54.0097439853888
37,59.00093869913362,54.017901701326196
37,59.000302018829046,54.029624014461746
37,59.02296683245387,54.01836392888169
37,59.02437886521472,54.01403394785012
37,59.019913018057906,54.02129983698365
37,59.01810839866141,54.01767876807833
37,59.00855937645003,54.03525691338154
37,59.00112025277929,54.025457781916145
37,59.00215908225831,54.021689771244745
37,59.02614616200138,54.02806915960971
37,59.01053058519415,54.02713623661246
37,59.005053188675596,54.01561503911699
37,59.02580819262737,54.016690777552434
37,59.01329026232999,54.01077409479042
37,59.0242581162109,54.013635838634514
37,59.01028867649336,54.00708007527903
37,59.02283109189932,54.01747484201348
37,59.01160471468424,54.036600305732605
37,59.01842668257033,54.01566420601463
37,59.011095141608486,54.03167749201881
37,59.00310171121823,54.0188379203225
37,59.02301346306928,54.02019744849994
37,59.0148687315947,54.02911446040851
37,59.00894207810019,54.03261339992629
37,59.01732683297954,54.030008036458625
37,59.005919631937715,54.03254596643744
37,59.00830153311544,54.011980503109704
37,59.0213451086146,54.02418998245313
37,59.01191495410565,54.02167567238876
37,59.027779399064464,54.017940461901546
37,59.016733162663776,54.01848158011416
37,59.02086548513363,54.014431855818536
37,59.00743316012805,54.02420086660051
37,59.01435014702814,54.01019670625337
37,59.01732683297954,54.030008036458625
37,59.024686487189555,54.01297612004845
37,59.00898556014253,54.03232183911349
37,59.01287190073337,54.03236899407603
37,59.00787937245956,54.02672617357288
37,59.02373605368493,54.013174866278426
37,59.01515378529073,54.02701753388903
37,59.00771467269562,54.02045407457771
37,59.02189987766038,54.0269647092114
37,59.01249448836313,54.01552871921495
37,59.01522319235858,54.03574925917134
37,59.01674747728917,54.031678416164006
37,59.009422538317594,54.02386813133397
37,59.01180321461581,54.02385839380222
37,59.00799221524696,54.01675494598004
37,59.013661562809304,54.02636441864436
37,59.01843607218868,54.01974341048146
37,59.004388426867735,54.028232105483085
37,59.02568473331537,54.0161483580972
37,59.02626161785095,54.02310750390208
37,59.028825071380204,54.019083950490334
37,59.02711234923691,54.02315909175026
37,59.007205837495185,54.01639935055587
37,59.01858410266046,54.022186785325104
37,59.01648321095435,54.0253351307973
38,59.01492351271264,54.02807207203815
38,59.00122227400495,54.02687237182568
38,58.99775068615923,54.01651369359714
38,59.0040882127951,54.02500006478801
38,59.01979799977467,54.012460758269775
38,58.999285191824974,54.016563519022114
38,59.00139206263717,54.01362645266311
38,58.99947271268224,54.029066056425904
38,59.01562822179979,54.01015309513259
38,59.02020993916114,54.008728375152856
38,58.99711328014522,54.01101830693244
38,59.01429100217497,54.010623974312196
38,59.00022008200951,54.011167264299075
38,59.008840789845635,54.016756596701
38,59.015926075835985,54.01036213811848
38,58.99688738988211,54.00471818522684
38,59.0164998478646,54.01235770516765
38,59.01163360707111,54.014567775505434
38,58.993528061872276,54.01480185597424
38,59.015745707113936,54.02830690053563
38,59.009489940863524,54.0022024907875
38,59.00016890405563,54.0027614576124
38,59.01382232534491,54.024242586727425
38,59.0004658625587,54.0052241060352
38,59.00887228900838,54.027405573579735
38,59.0091770059852,54.002691450516174
38,59.00270377061183,54.0271859899919
38,59.011451839413795,54.0027680855566
38,59.02136704652341,54.018737262953934
38,59.01275443597626,54.01407983498967
38,59.008909418838186,54.00650230258217
38,59.01779675465939,54.00816933735964
38,59.013337039401065,54.01730440655277
38,58.994531068675194,54.01946568571369
38,59.00289087005714,54.023659443442824
38,59.008683002768066,54.001834179371556
38,59.00218399349653,54.025706825126264
38,58.997811905684024,54.00882168678625
38,59.002864120048265,54.0241921506565
38,59.004583224487746,54.01164008927273
38,59.01971518100504,54.00697640306758
38,59.00305183888173,54.01780927440744
38,59.004890722393654,54.01574573584911
38,58.99822745725152,54.01737581562346
38,59.00166520452343,54.00792096994041
38,59.00659927801727,54.01993469081959
38,58.99883174162787,54.02465312567314
38,58.99453808970883,54.01245210931582
38,59.01035114822456,54.0124293358763
38,59.017360790175424,54.01499878003348
38,59.016535163508784,54.01897047047378
38,59.00816765431342,54.01593315018982
38,58.99204169779895,54.01323612392439
38,58.99747761887112,54.02586132120986
38,59.00548550511517,54.01399403560937
38,59.00136291947316,54.018427667917926
38,59.00921655562101,54.00971247616246
38,59.02045969646502,54.01972236655908
38,59.0218374831363,54.02096720721359
38,58.995388329155176,54.01621819801361
38,58.999260965035816,54.02937589036366
38,59.010935264622,54.01836467142706
38,59.02226715805483,54.016248945286094
38,59.002669562152654,54.02680255053492
38,58.99784435057193,54.008294386861955
38,59.00453242006712,54.00131273505621
38,59.00637653328151,54.01023721690188
38,58.99647452017595,54.02593672108814
38,59.017284097395724,54.0199012278047
38,58.99367763895406,54.01884736596152
38,58.998286576643686,54.01543911273555
38,59.01195389314382,54.0123585180519
38,59.011991229502264,54.01375814114755
38,59.010318607241935,54.0195323446005
38,59.00634019584884,54.00138196376249
38,59.01583796858472,54.02524048752764
38,59.01122691343822,54.020357506307676
38,59.01415440209369,54.02734329737704
38,59.0099433661319,54.00806529460169
38,59.01331563976405,54.00328577915231
38,59.001272211174225,54.00828052835066
38,59.00799221524696,54.01675494598004
38,58.993626540111535,54.01307229829694
38,59.01138194254287,54.018302795379505
38,59.003733495981216,54.01209198061171
38,59.00717320690565,54.02060991081121
38,59.01307219771339,54.02095278875303
38,59.00545523374188,54.02974750303938
38,59.00800258671275,54.027807969877664
38,58.99786964342124,54.02024836815758
38,59.0036015983779,54.0183796095038
38,59.01057168606379,54.024720564882884
38,58.99980216229888,54.022277852192154
38,59.00984586494679,54.00875303125126
38,59.002949280390176,54.002038769435906
38,59.00607689331796,54.00146632441854
38,59.005441607472285,54.0009108231299
38,59.00761792514824,54.02028879974466
38,59.0137484565406,54.01771089933219
38,59.007836854948415,54.00356203968933
38,59.00666570429754,54.027048350409196
38,59.00180408296667,54.015828151922484
39,59.01930269273876,54.0278200288094
39,59.00801184348792,54.02609721594682
39,58.99973707775657,54.020692894635516
39,58.999189136814024,54.02383452935597
39,59.01334690877017,54.02152829042267
39,59.01756652442695,54.01394540543273
39,59.014763646033494,54.013812003006315
39,59.019849092480655,54.01131671518572
39,59.01606604732646,54.012884850079885
39,58.99793410865983,54.02403373824252
39,59.02092478260601,54.0226095033912
39,59.013910342488465,54.01410399830767
39,59.02243208407682,54.019468571810926
39,59.01714144542985,54.035466272423626
39,59.025174988268105,54.014958394978756
39,59.01766239691579,54.01287192353938
39,59.01364916037653,54.03120249420078
39,59.01994318726371,54.0124891738983
39,59.01607570228662,54.02491966534684
39,59.028786745540216,54.01823669214144
39,59.007604490520436,54.03048167025586
39,59.00741434507572,54.01747348052247
39,59.00876563969587,54.02517360875233
39,59.008488590368415,54.02321477992586
39,59.007840651943745,54.0082491213183
39,59.01895948618627,54.024667938603564
39,59.02392025087487,54.030973214888434
39,59.01540837754825,54.02306316703903
39,59.01047814919075,54.013253911158394
39,59.00278053395959,54.0182909034822
39,58.99927052444342,54.02076067604316
39,59.01578180784905,54.03361289770887
39,59.02403534928123,54.02912386518511
39,58.99885492842696,54.01766451006645
39,59.01393557709617,54.022189012678744
39,59.010511415199154,54.01501802822407
39,59.01965221949302,54.01950376981779
39,59.017013627418535,54.028479653583425
39,59.01956994340382,54.01899273430988
39,59.007982089877665,54.031997688075364
39,59.012357484906005,54.02648916934996
39,59.02794245659825,54.02637667978363
39,59.008533411036375,54.0193950667516
39,59.00925119281738,54.023009014477005
39,59.003212241902744,54.009194929429356
39,59.010062216715085,54.02781432853795
39,59.01083679333985,54.0065249677201
39,59.020252185189506,54.022450359929216
39,59.007840651943745,54.0082491213183
39,59.0239211938226,54.02494000487205
39,59.00813415301118,54.023691059013345
39,59.01187653913892,54.00861140833173
39,59.019009991435325,54.0344479423411
39,59.02467050703161,54.01340175021436
39,59.02470872009492,54.027383654974855
39,59.02598463898042,54.023670083341756
40,59.00943439622833,54.03175332448975
40,59.01872374755437,54.014732508227006
40,59.01544981848206,54.03267726736463
40,59.01803127108648,54.022366624405166
40,59.023399296513254,54.025136001445944
40,59.0242256777715,54.0127395380203
40,59.01357221023926,54.0323779930578
40,59.01985432474429,54.01733547005075
40,59.020407629075756,54.02730666386942
40,59.00073077770302,54.01355267453029
40,59.012959468398044,54.02219696510937
40,59.01056943319377,54.03232467669635
40,59.018754685725966,54.01475020161869
40,59.00712292757173,54.01436047988195
40,59.009046919869796,54.016213631868865
40,59.010246217299255,54.02799093267129
40,59.01965827518969,54.011147960981035
40,59.02189987766038,54.0269647092114
40,59.00748141748153,54.026974027267414
40,59.02323107354706,54.014457514375565
40,59.01653072200401,54.02677015442753
40,59.011226764006196,54.03112473347454
40,59.01864097803113,54.028707880892085
40,59.02130279862467,54.01125808945647
40,59.01949367755113,54.010783062679614
40,59.019048014346254,54.01067392833324
40,59.0063755680544,54.00942843528823
40,59.01969574111844,54.03161033619023
40,59.0108437856416,54.00920295064551
40,59.003743923751124,54.00947118746717
40,59.00501233920992,54.03121074957866
40,59.00414461998636,54.033559462748045
40,59.009234361699804,54.016897226265336
40,59.019538660176565,54.00747508596895
40,59.021234434034966,54.007952414729054
40,59.01833552104284,54.01995066819687
40,59.01173630078413,54.034574919196906
40,59.0222453472079,54.02943520823255
40,59.02172542095633,54.02308435653536
40,59.00481198794286,54.016757573470514
40,59.01388258216135,54.030484883794315
40,59.001027851188915,54.02106771574699
40,59.00639270768802,54.013789169933624
40,59.011099787282724,54.01329473220651
40,59.020018188784306,54.0243317385125
40,59.01730125997687,54.02264120439992
40,59.018847667997704,54.03220316888696
40,59.005695930369235,54.02206786814929
40,59.0066675546481,54.02197885097217
40,59.01733456542302,54.020025056965814
40,59.01041358115641,54.025101091510955
40,59.00409259195763,54.01163177648505
40,59.01955422987964,54.0327742713223
40,58.99902786340777,54.01639795629108
40,59.016707527203074,54.02978337200237
40,59.01474506549837,54.00750163479393
40,59.00569799009615,54.01031568369473
40,59.00845289945387,54.02249167187343
40,59.013661562809304,54.02636441864436
40,59.02183136326549,54.029450345874785
40,59.01554416981161,54.00774337304639
40,59.00963316590761,54.00827755634009
40,59.02860838621178,54.02127711848942
40,59.02824315290713,54.016245661891574
40,59.013751435432376,54.028349250715124
40,59.01772355673566,54.02423445176098
40,59.00326438902869,54.027894519966786
40,59.02297882150565,54.01844473785428
40,59.00695624878468,54.018001607155384
40,59.026255756197564,54.01543751834086
40,59.00563689946699,54.018105904016835
40,59.02626365893329,54.01222601994878
40,59.00658352445371,54.02174597811162
40,59.00409992004808,54.02976642028408
41,58.98742611573696,54.0015680726081
41,58.97312965053822,54.022146149501104
41,58.988045862226535,54.02114891813981
41,58.98687400115376,54.02123068406654
41,58.96836093640644,54.01436804486935
41,58.987651885555216,54.01751089180327
41,58.98008720368832,54.013316573384614
41,58.99137538061497,54.01249976238927
41,58.97350577928401,54.01807111122405
41,58.97141685046654,54.025483321742975
41,58.973714488655276,54.0044063692302
41,58.97850357375302,54.0223518192957
41,58.9839142115067,54.0111382272654
41,58.97337182082896,54.016364388254004
41,58.979612142994455,54.0294712583594
41,58.97776296515773,54.01002085775996
41,58.97130017762816,54.0106020331995
41,58.981946448279004,54.01894432403792
41,58.972351730623814,54.00540244431186
41,58.98901057820124,54.02189146588858
41,58.97859367121289,54.01508185290818
41,58.98823432158154,54.01181225283967
41,58.99338736955751,54.01747162998833
41,58.98790554136781,54.01087672966915
41,58.981727742263395,54.01607018010098
41,58.974420122276975,54.01157172347378
41,58.97667980595978,54.019453326541935
41,58.983174953329154,54.02577085608652
41,58.98122353876278,54.013704576911344
41,58.970479004191056,54.00735195298998
41,58.99208476461319,54.00910275860503
41,58.99116460942876,54.02467299608384
41,58.98455631205401,54.020224293838695
41,58.973445568302076,54.02499684244992
41,58.98487539294776,54.02513060370612
41,58.976175850651614,54.00661120776347
41,58.97952574332151,54.00956202685948
41,58.980737921124245,54.01190800016706
41,58.980774553686956,54.0146192325943
41,58.982643105635134,54.00668213773337
41,58.97986326275952,54.02851240583439
41,58.98126667637627,54.02691289568146
41,58.97645766913649,54.02292117347139
41,58.970362538702425,54.00503842918611
41,58.97251266680727,54.01515282405285
41,58.98639263078269,54.01317828052869
41,58.97585170411153,54.02108295852712
41,58.9825014526581,54.02809977362185
41,58.97781795696077,54.02039648448402
41,58.991466029094966,54.01798788267809
41,58.967916045250284,54.014762724622486
41,58.97138165131932,54.01963111237035
41,58.98532249460306,54.02664767047352
41,58.98023608858319,54.02429792496949
41,58.976947102288904,54.006084357209836
41,58.97179806047454,54.01398940281508
41,58.99226060110368,54.009957160257606
41,58.984236833156196,54.01327805447203
41,58.983194551868095,54.00123883228569
41,58.97776946607443,54.01650372154147
41,58.967271557601855,54.01162416535705
41,58.97842546488509,54.02283754364375
42,58.98752146892999,54.01824379689956
42,58.98781118647906,54.01077848340485
42,58.98653127048094,54.004238159556934
42,58.976669946704654,54.012176858915325
42,58.98325223805842,54.00355514816281
42,58.97647164351457,54.02490284443686
42,58.96691363454391,54.00699424710177
42,58.98319421588501,54.006621759093235
42,58.97956396257822,54.015663995918736
42,58.98832206526432,54.01643145468057
42,58.986518883041946,54.004939037384126
42,58.97503625818207,54.01208392134316
42,58.99202931910449,54.014276668873286
42,58.96598428892872,54.011210919695486
42,58.98275680471965,54.022250209936225
42,58.993060754868424,54.01871094847219
42,58.992530115647256,54.00664332757297
42,58.97301498714131,54.00536171096228
42,58.984274282394125,54.018065007870995
42,58.98197427367067,54.01498809764825
42,58.97346715466832,54.02233324501612
42,58.98127579279184,54.026507769097776
42,58.981677061963566,54.00410720639449
42,58.97578722315703,54.00925832675613
42,58.97203157337336,54.009669038985066
42,58.98021367660753,54.028720739033396
42,58.985555598360015,54.00575500638088
42,58.96916518469588,54.005143623757185
42,58.97911470978579,53.99863940518003
42,58.97485488873995,54.00715075886896
42,58.9709680398414,54.00424606189039
42,58.97353813959041,54.0176915903677
42,58.9858129800267,54.01849953422929
42,58.96811892273923,54.007275258301725
42,58.981492924862216,54.020943280132734
42,58.990065655971314,54.01067501202943
42,58.98340496249846,54.01988574106667
42,58.98306048981556,54.01290571968612
42,58.989407586324326,54.0105663385741
42,58.97353813959041,54.0176915903677
42,58.98626709206232,54.01776162647116
42,58.97781757560692,54.01023976465251
42,58.97295144788027,54.018354565384215
42,58.980910530717686,54.02270747208814
42,58.97613299759804,54.02875224682304
42,58.97907002159302,54.024710786775536
42,58.97849766877396,54.006731692932384
42,58.98647494881391,54.026645890534326
42,58.975699729111895,54.02473613312052
42,58.981492924862216,54.020943280132734
42,58.979798929003486,54.02433912928021
42,58.98110490923038,54.025811000079635
42,58.98195201134125,54.00159786066376
42,58.971938921863405,54.01710211785334
42,58.9876130320407,54.00841083037039
42,58.98699093237776,54.00942875806246
42,58.98667006425998,54.005712167623805
42,58.98630634761418,54.00392332077214
42,58.979983750539034,54.021863128349274
42,58.98006077786986,54.02136167039339
42,58.97865279956517,54.009954763661995
42,58.97430541552526,54.00524923810795
42,58.99009108934193,54.02190367121989
42,58.97117413487578,54.01729524269018
42,58.99252960629294,54.007784536136825
42,58.97566975415168,54.00183195403424
42,58.98396813520191,54.01895471837402
42,58.992978244523094,54.020292346434545
42,58.974198158847955,54.00478180105074
42,58.98291341849435,54.01047409579923
42,58.98964653402175,54.01310184379576
42,58.96665801829757,54.01671749269749
42,58.97801182612454,54.01362367201105
42,58.981401219492554,54.00246281797268
42,58.9838622407394,54.021689492505736
42,58.984543438152144,54.011494828915026
42,58.97324640412279,54.00938477748763
42,58.969665549205615,54.01213425849657
42,58.966099298710134,54.01847179928149
42,58.9710973571269,54.020257857089774
42,58.983274043273475,54.024958380178546
42,58.987050045828596,54.024950796819965
42,58.97941719127468,54.005635087806944
42,58.980967926378646,54.024386826360114
42,58.98384266634667,54.00227692786198
42,58.98653259914137,54.02174989038284
42,58.990854710190895,54.02146884439094
42,58.97506857302117,54.01168041476232
42,58.96938200248628,54.02435438009165
42,58.97793409701412,54.01561655553283
42,58.986029303310666,54.00832729453222
42,58.98745416061949,54.00867357925708
43,58.98821203470736,54.008513316039895
43,58.98204207333404,53.99923013114573
43,58.97888432220414,53.998633086861496
43,58.9790855957287,54.022231490130835
43,58.97402035089579,54.01568354104722
43,58.97952574332151,54.00956202685948
43,58.983376623778994,54.01790291611043
43,58.97525643725561,54.0010750281856
43,58.98370152354304,54.00672028386867
43,58.978620010080064,54.014727032928796
43,58.965150885744876,54.01462558936667
43,58.978266526486244,54.0009187584261
43,58.989907428533314,54.01545981433796
43,58.97660460899033,54.018568266998955
43,58.99367763895406,54.01884736596152
43,58.97587764723153,54.013052361829246
43,58.979748788431586,54.02730417653399
43,58.98040205468252,53.99863865047573
43,58.98147325636881,54.006834232408224
43,58.981238784774916,54.01701107971165
43,58.980835871232536,54.015451426700714
43,58.972372041720234,54.015553724970246
43,58.96510276759784,54.01451121634933
43,58.98780680096258,54.01564511814082
43,58.98057879996172,54.02008200318087
43,58.98329424261275,54.01381266503202
43,58.97546174217687,54.023611312073214
43,58.990281319735324,54.02014317715106
43,58.96760748623366,54.01212274252383
43,58.97967839254689,54.00455215794371
43,58.99456187310405,54.01030763838002
43,58.97622098352111,54.00604793800697
43,58.97051425888787,54.012717005058214
43,58.97417364749144,54.01197287213715
43,58.97660460899033,54.018568266998955
43,58.977447140189994,54.015613936807405
43,58.99189178763651,54.009635612167784
43,58.973714488655276,54.0044063692302
43,58.982505574804144,54.014158760937235
43,58.977208978644676,54.014911869794666
43,58.98095796576773,54.006395812147424
43,58.980068993917314,54.01927158310018
43,58.987300293612996,54.00947018630336
43,58.99320542715433,54.00980774254918
43,58.99278096868203,54.021886268429185
43,58.98946577714637,54.001756903618485
43,58.98028984719101,54.01716489630924
43,58.98203443212484,54.00194643898319
43,58.976337805670425,54.01386279242209
43,58.98671842415606,54.01594167786239
43,58.96959417021941,54.019838135743534
43,58.97427753650563,54.02093959395995
43,58.97038008554698,54.0135354083627
43,58.99312022312355,54.00859559743824
43,58.98418338313613,54.01091276211737
43,58.97509588609915,54.02494509040616
43,58.97209643533141,54.01851220651227
43,58.980533503342166,54.007543836534175
43,58.98682052247096,54.024939318833134
43,58.99098903580807,54.01960318826593
43,58.972981717742066,54.02712216224399
43,58.98555020587704,54.00215205618099
43,58.98992185691175,54.00503088291208
43,58.992978244523094,54.020292346434545
43,58.97666074547372,54.0226411699624
43,58.9819984920697,54.00606028583045
43,58.9752932969231,54.00472667478155
43,58.99210410326807,54.0158136909907
43,58.98054153740926,54.01978633981236
43,58.985865717751736,54.01142357926513
43,58.984929498071736,54.0051975581915
43,58.979969891057635,54.01662678578251
43,58.971262722619855,54.01857093033126
43,58.98395542957997,54.02343704818361
43,58.990673571140476,54.00475696163146
43,58.97401057406854,54.01061692600684
43,58.987209482026984,54.01443736332745
44,59.00780133686756,54.02483634628479
44,59.02370625142781,54.02938535726535
44,59.01981965261782,54.03124138738482
44,59.01225991937937,54.00767711179651
44,58.99995689975231,54.02209293287712
44,59.003870110837134,54.021504579119785
44,59.01523476791265,54.017295958428534
44,59.02567865427945,54.024080799866006
44,59.02111374339247,54.02334296100349
44,59.0233094616219,54.01197758555702
44,59.01606604732646,54.012884850079885
44,59.0235229722713,54.02192129641866
44,58.99892029320989,54.01823730697579
44,59.0022755399699,54.02860044860106
44,59.010864962034425,54.02430592126485
44,59.02485803199467,54.01176724232144
44,59.0188559596148,54.02729538791727
44,59.0248914919262,54.02101505906269
44,59.00841790759659,54.02378532399887
44,58.99954650728812,54.02590813298007
44,59.00761792514824,54.02028879974466
44,59.014763646033494,54.013812003006315
44,59.00553347947426,54.012512188704335
44,59.02444483989518,54.02755984441128
44,59.021099867675254,54.01139083099313
44,59.027087176168465,54.02328443288389
44,59.024366229370244,54.01907204384459
44,59.006949978712,54.016845937003886
44,59.00830556563611,54.026844466845084
44,59.01696742240034,54.01699635586432
44,58.9989383453186,54.0152000319836
44,59.012769504040506,54.01424087370043
44,59.00380228516194,54.023008846340105
44,59.00657466245251,54.010276362172625
44,59.01943077055375,54.015149598976095
44,59.00976294202601,54.02530289643544
44,59.01429686858001,54.03343781469312
44,59.01525928092732,54.017121056609334
44,59.00347382138329,54.032639027381386
44,59.028704630486196,54.018904224914245
44,59.01560339595351,54.02361538752298
44,59.01950118700851,54.03555259575267
44,59.00723034900689,54.018248163200745
44,59.01779185248928,54.02812920228346
44,59.026013002356514,54.03035033287174
44,59.02087271764632,54.02537860517892
44,59.00790437954204,54.01752555359409
44,59.02598463898042,54.023670083341756
44,59.009976134557874,54.015748755451014
44,58.998860078025,54.026090883398496
44,59.01051572785892,54.025248692984114
44,59.003247007060814,54.02639149117541
44,59.000351039253964,54.01256246938789
44,59.002864120048265,54.0241921506565
44,58.99949377117672,54.02490383105689
44,59.015743398518154,54.02996095735033
44,59.00276256434275,54.02885807334729
44,59.007796118961814,54.02622211772951
44,59.01778195122223,54.02090166242869
44,59.00496463216283,54.02338152184793
44,58.999024557377744,54.02615567575557
44,59.01920575999369,54.016695375286574
44,59.01325860731632,54.014278272813385
44,59.01044563677817,54.030860797826435
44,59.01571218033809,54.013675914265235
44,59.01956136855201,54.02086207888398
44,59.004695885531696,54.030643231210085
44,58.99925413110702,54.01539421656714
44,58.999333987189935,54.019443816583134
44,59.01732683297954,54.030008036458625
44,59.005304165069894,54.01719342111387
44,59.00776089997254,54.03330394361301
44,59.02437192821921,54.02760700386674
44,59.0087418537457,54.01746717486806
44,59.00138434194566,54.01889329198275
44,59.02134224040685,54.03418216001946
44,59.02040945013544,54.027899028778855
44,59.004512938402044,54.015492754403994
45,58.972077795233446,54.01210268721511
45,58.96848975852678,54.00909865094644
45,58.97931634326426,54.02777731680507
45,58.9804747620576,54.012619269976085
45,58.983586788639734,54.01246702913603
45,58.97243813025177,54.01322655772357
45,58.97168020972296,54.00233250504318
45,58.97420004502818,54.002362085830946
45,58.968046172095676,54.015380866359244
45,58.97350577928401,54.01807111122405
45,58.97361852762647,54.01617013541039
45,58.98576813098862,54.01193667452356
45,58.975965011835584,54.01387132277322
45,58.978620010080064,54.014727032928796
45,58.986636687119315,54.00394747645898
45,58.972093002676665,54.017282738931776
45,58.98718777836528,54.016159390537105
45,58.98814265241362,54.0073183286321
45,58.98428031009405,54.00033309725984
45,58.97776296515773,54.01002085775996
45,58.988283682026605,54.01646100929821
45,58.98137319657069,54.0108434717058
45,58.98455283520279,54.01256557921221
45,58.97703912001711,54.02734447927066
45,58.97700834596588,54.02315271515173
45,58.98188280410927,54.01969264841777
45,58.97220694596464,54.01293537863085
45,58.98179274481291,54.01173231701908
45,58.981846111409425,54.00879178183277
45,58.976070508002586,54.00648851110141
45,58.97045755897565,54.01286900278325
45,58.98132396811827,54.02159513451159
45,58.993528061872276,54.01480185597424
45,58.973191755950026,54.02682467309854
45,58.98637668234836,54.01048321785666
45,58.9931939207509,54.00968054574002
45,58.98021409741087,54.003347401557555
45,58.99053281313466,54.01526065446564
45,58.98332207432922,54.00832377105826
45,58.9912469210322,54.02092763036982
45,58.97494182269877,54.01766262230888
45,58.971643096817445,54.02476934215807
45,58.970132044901646,54.01953428481032
45,58.98531135194001,54.011320786635345
45,58.9689170840472,54.005396102466364
45,58.98984428506211,54.01100752867325
45,58.969964999640766,54.007175242488316
45,58.983557599871475,54.02879538239193
45,58.98506618120708,54.016864958605545
45,58.97255921528432,54.00732855962127
45,58.97935595065045,54.019723591253715
45,58.986234103711354,54.001368533411096
45,58.98028304003697,54.0218682412819
45,58.97531086416,54.027397205519705
45,58.98769811149848,54.02140922728553
45,58.98025190582186,54.027734315682785
45,58.98346835048836,54.004012448396814
45,58.98356137804062,54.022847620424876
45,58.992367035724435,54.01028221498
45,58.991240670970754,54.02400562201889
45,58.97515433612632,54.003300694398774
45,58.98354998585164,54.01454553849327
45,58.98698498988402,54.0217510681066
45,58.97477734426618,54.02052530474564
45,58.994888650429026,54.01845175203353
45,58.97967340903685,54.0200693797195
45,58.98123319959656,54.01108944636486
45,58.99136819210272,54.005277617653526
45,58.98203443212484,54.00194643898319
45,58.97232077768987,54.01825307113935
45,58.991240670970754,54.02400562201889
45,58.97469156236596,54.024662303547125
45,58.98705364565449,54.00692139693404
45,58.969960251929194,54.00474839069454
45,58.97047358523574,54.011437343675496
45,58.972430629304334,54.02544958566168
45,58.97793409701412,54.01561655553283
45,58.97589879414124,54.021108567126326
45,58.97918924157939,54.00863812706323
45,58.97864663165294,54.02553204944824
45,58.985257636406125,54.00475307716417
49,59.018345766741824,54.02180907461134
49,59.01793019236848,54.00485565221354
49,59.00584461873708,54.016656604840485
49,59.015295918583114,54.022575249828684
49,59.00207822870915,54.02921982971928
49,59.016596191655445,54.01808400305243
49,59.007337888724905,54.02305989150782
49,59.01536312135207,54.014577838686726
49,59.019207610231874,54.01118067134563
49,58.99689027788694,54.0117908971868
49,58.995690510584545,54.019470655434176
49,59.011822276344304,54.0275628020999
49,59.01491208490465,54.00427470917668
49,59.00982920495423,54.02196839176953
49,59.002485861531625,54.01243712970255
49,59.005995115564346,54.00690999090586
49,59.008042787769774,54.02073385591352
49,59.00420246738443,54.00597268906542
49,59.00235619558132,54.007350202608116
49,59.000432378299976,54.013818982242846
49,59.018984836024025,54.00805026942841
49,59.01157551077665,54.02065827308064
49,59.01149161058911,54.00927982799091
49,59.01755613494767,54.01538235663371
49,59.00992208126917,54.026084576093865
49,59.001971957406,54.022566563019005
49,59.01263740955458,54.00501991583698
49,59.015926075835985,54.01036213811848
49,59.0006340154782,54.02146031372407
49,59.01713328796809,54.0176469924214
49,59.007836854948415,54.00356203968933
49,59.00619488933259,54.031341423169124
49,59.004712409610974,54.017733754142164
49,59.01027585101797,54.018943917374344
49,59.01965827518969,54.011147960981035
49,59.00755340028585,54.01956761495548
49,59.00372151448136,54.00093254533765
49,59.005692405101044,54.00985012383565
49,59.01740110135047,54.01597695244364
49,59.00557451774486,54.026357176635486
49,58.99962058958378,54.021714017462145
49,59.006277097512516,54.020404878215984
49,58.99612006989083,54.00983984249494
49,59.00935991723722,54.01934729918845
49,59.019983481206346,54.00871747230759
49,58.99625060337816,54.01178299839289
49,58.99787557800593,54.024892619098814
49,59.002130907440076,54.02205438186424
49,59.011582772135945,54.015992480033056
49,59.00679324493315,54.021082052622994
49,59.0139263710068,54.02275236167747
49,59.008068479091584,54.02364162667881
49,58.99901832279827,54.01096807118731
49,59.01695273136869,54.02602537553008
49,59.020905759964364,54.01795526149441
49,59.006095100762224,54.013680271847406
49,59.01758297988828,54.020237471217285
49,58.993140417201204,54.01860272156258
49,59.01028867649336,54.00708007527903
49,59.019962956607614,54.01698654893475
49,59.00934502420008,54.00534768168374
49,59.00921655562101,54.00971247616246
49,58.99781409857874,54.015826817068714
49,59.00850496300149,54.023265647116084
49,59.00245187094724,54.01382615255605
49,59.02149046179081,54.02280224492928
49,59.00947129225919,54.00543331628274
49,59.01068635300393,54.01019838103085
49,58.9986679455186,54.008089502843305
49,59.005764453260014,54.02528493140329
49,59.0068461383965,54.016991188835995
49,59.01032458587358,54.008969186362215
49,59.0191945669777,54.0218199353454
49,59.0180815529894,54.021051500847264
49,59.00819002723259,54.023898661443454
49,59.00741275922284,54.00141766053075
49,59.005303067579405,54.024310748369906
49,59.01219871779295,54.02344545125201
49,59.020018188784306,54.0243317385125
49,59.01492971146293,54.019897207609745
49,58.99521137997533,54.02319088046045
49,59.005977270095066,54.006608996702845
49,59.00894277055082,54.026159001092346
49,59.00559517578897,54.02196828578811
49,59.01855014358476,54.01697185558197
49,59.00506214266637,54.02381966365316
49,59.01090368667143,54.009291697559874
49,59.020905759964364,54.01795526149441
49,59.01792928040739,54.01697850070532
49,58.99463363695233,54.023651295379516
50,59.02643876514679,54.01421414816923
50,59.02886575581157,54.02091867348801
50,59.02074393398079,54.008720347417714
50,59.008988172549735,54.00916424488077
50,59.0117325528403,54.03573232387152
50,59.02209428124875,54.02540361410129
50,59.006011392982785,54.016647074357834
50,59.00836486992378,54.00701650728857
50,59.01279281598444,54.03648683070811
50,59.028436675751514,54.01814242781
50,59.01209093744386,54.01016374755408
50,59.013687281140086,54.02815023062291
50,59.005771981237984,54.02568033246698
50,59.00356153449976,54.01726243201032
50,59.015678171641845,54.01958981042519
50,59.005284695932055,54.025251910230494
50,59.01998322593885,54.03213165766807
50,59.00596342247427,54.023210995964185
50,59.01970194249903,54.01263789328617
50,59.009908491734706,54.01603339290065
50,59.02077272442726,54.02985578315193
50,59.008067017463695,54.01748087974095
50,59.01207191239038,54.030378979977364
50,59.01648281480461,54.030750892331874
50,59.010923015366,54.026181311139915
50,59.00671079290742,54.02654398980238
50,58.998818967537176,54.02431736023962
50,59.00988155616649,54.03364148648409
50,59.01377882926264,54.015719759029594
50,59.0123471917399,54.034804378950504
50,59.02431618276166,54.03228554361464
50,59.015162548305774,54.02769002828092
50,59.02730065352858,54.02474830305495
50,59.017360790175424,54.01499878003348
50,59.00671484859511,54.02547066425452
50,59.025487772929566,54.026064289860834
50,59.017071764629094,54.021604218349005
50,59.00673073887026,54.00840328906813
50,59.011171936301125,54.026615166097905
50,59.01907661691072,54.03252143020689
50,59.01161688705018,54.02258126065355
50,59.02366192944241,54.020136301143424
50,59.015511593489315,54.01609420361433
50,59.017970089401906,54.033754019145064
50,59.010833672867804,54.01602268466607
50,59.00308100913853,54.02025772726177
50,59.010809339669436,54.02552624712232
50,59.01136120661172,54.01241216308635
50,59.019661342876056,54.02092966709036
50,59.02436807989265,54.01582914469107
50,59.01539265234378,54.03476296822268
50,59.02269297460547,54.008496889846576
50,59.00487706102853,54.018856779863114
50,59.00598837157205,54.02080000744351
50,59.022150066932326,54.01429369470786
50,59.0203121953226,54.02504157272407
50,59.00308100913853,54.02025772726177
50,59.01877521003286,54.02580617420037
50,59.013705935109876,54.00663993357417
50,59.01635217997172,54.0339586283165
50,59.006626225633205,54.031844999629044
50,59.01806949342104,54.008418962499306
50,59.02033781837585,54.03231234565432
50,59.00975278101538,54.01499726185443
50,59.01562303975642,54.02866937454798
50,59.020512784455626,54.024758708653934
50,59.026334053077065,54.0181488082754
50,59.016156094076514,54.0359208086276
50,59.01811969123532,54.008745730172016
50,59.021862436533425,54.02012101952875
50,59.026513694300895,54.02145440621772
50,59.01391753105456,54.032603759636444
50,59.00190065185662,54.02668162087434
50,59.01707301955807,54.02189462259263
50,59.01945934640139,54.012737697626555
50,59.003870110837134,54.021504579119785
50,59.01733456542302,54.020025056965814
50,59.02630435263135,54.02705553781248
50,59.01421272046198,54.03057894639089
50,59.00121170439224,54.017635694031156
52,59.006095900134966,54.005776505881734
52,58.99536285945828,54.02444045396562
52,59.00668134579702,54.01993730930166
52,59.01578093287826,54.01644698584741
52,59.02154827358814,54.01629948841425
52,59.00431656967497,54.00541991469754
52,59.0006899684983,54.00930781859387
52,59.018631463557725,54.00599313355689
52,59.01720656925871,54.01084447808797
52,59.018104347076005,54.0263995756653
52,58.99546459727317,54.01967404516562
52,58.99789371236481,54.02626632325015
52,59.01389694902907,54.016198853965484
52,58.99967801112271,54.00739867841542
52,58.996395834986345,54.019285184806925
52,59.00809864083361,54.02315789664412
52,59.003848722784056,54.02008030492816
52,59.00290360318445,54.00351898751324
52,59.00836486992378,54.00701650728857
52,59.01913187348558,54.01342062498306
52,59.02067185538371,54.018084245210225
52,59.016527981415244,54.008871168991085
52,59.00615450104127,54.016464412357884
52,59.00136650081021,54.007161599163986
52,59.00240259597073,54.0180578459044
52,59.02143340306478,54.0222706847488
52,59.00362185985362,54.02104528361137
52,59.01221698920829,54.01823747522089
52,59.012224895901085,54.02062577841764
52,59.002669562152654,54.02680255053492
52,59.02088629227527,54.02163917935409
52,59.01921491836342,54.00696398946878
52,59.01280525465228,54.01590085888737
52,59.00065955724328,54.00647854223769
52,59.01109398384025,54.01992389664854
52,59.003052533189624,54.018195134105994
52,58.99347284386193,54.01249764269629
52,59.01350067767382,54.01508749409512
52,59.00985632404511,54.00424866063016
52,59.02296683245387,54.01836392888169
52,59.01499164692193,54.01580543992483
52,59.01044670860867,54.01461350828296
52,59.00367123818141,54.00368968619222
52,59.00012637571276,54.02808448682496
52,59.0142400021105,54.00530644410999
52,59.00245187094724,54.01382615255605
52,59.003968206201534,54.01349546859945
52,59.01218136017703,54.00767056369311
52,59.01246543551369,54.02872353135898
52,58.99837084287499,54.00560064858267
52,59.00445972193243,54.021120915977185
52,59.0039537301984,54.01596596174268
52,59.00543594396396,54.015873295523704
52,58.99204169779895,54.01323612392439
52,59.00990300518301,54.00659861223955
52,59.00966789232799,54.028213144913686
52,59.01810254535385,54.01341515546656
52,59.014022343728385,54.01018710094752
52,59.014560309008424,54.0204789555754
52,59.02177151821379,54.01505830444599
52,59.001414545380584,54.00835259232264
52,59.013011144098385,54.02369539386264
52,58.99895686063096,54.00429389787705
52,58.999278966928536,54.009133375707805
52,59.01011051203711,54.02474001645199
52,59.01149161058911,54.00927982799091
52,59.013793660788785,54.016195536129096
52,59.0164604469084,54.02886952050733
52,59.007049042961555,54.02540085897346
52,59.01779675465939,54.00816933735964
52,59.00931458557468,54.00703335070114
52,58.99932815729468,54.00547746067404
52,59.00678079099499,54.00860882389911
52,59.00104265712325,54.01904969267569
52,59.01140358038038,54.02559890021684
52,59.00161277290604,54.03021682529619
52,59.007061754221695,54.003195580575145
52,59.00515302243063,54.00614663745051
52,59.01044496251471,54.0056018466993
52,59.00308100913853,54.02025772726177
52,59.01122691343822,54.020357506307676
52,59.01464246153727,54.00862558247756
52,59.00471036423191,54.00904071665263
52,58.99511092660492,54.01133080867441
52,59.00007259639803,54.024627887973836
52,58.99609481635073,54.02067634834791
52,59.01052366980466,54.01462561083377
52,59.01174705229021,54.01755786558071
52,58.9933537444391,54.00916192996311
53,58.979828978626394,54.00526461190842
53,58.975219426809126,54.02703331650419
53,58.98837694380664,54.002781026757056
53,58.96965251726785,54.01081544048532
53,58.97854592127085,54.006347432701176
53,58.97536962958009,54.01435734504377
53,58.971314724250796,54.00601832930442
53,58.990344122444434,54.00791317482803
53,58.987809942630165,54.024532653790914
53,58.97169918502831,54.008475368171894
53,58.97626319714407,54.00205594310686
53,58.97709899557611,54.018133307212345
53,58.98092889342217,54.00338429136765
53,58.96705841033514,54.01173917528405
53,58.98777314973826,54.01000776320361
53,58.98073518200892,54.01945446449091
53,58.979334892600676,54.00968413483926
53,58.969776695328235,54.00778745462041
53,58.98687400115376,54.02123068406654
53,58.98373869603901,54.00035436510847
53,58.97093602513713,54.00448913903436
53,58.98716633441687,54.01548184382657
53,58.973711441139436,54.00877575312952
53,58.983632291003076,54.02014594942383
53,58.97935688053415,54.019588102738325
53,58.97926504518083,54.00161361126841
53,58.978029472235114,54.00494995628974
53,58.98277883616637,54.016736333480495
53,58.974555109591435,54.015946175868095
53,58.96663284855814,54.01648644403117
53,58.9832339212577,54.02620159376752
53,58.985326231397146,53.99963566374909
53,58.973290146445876,54.02606524728998
53,58.987975624830675,54.02416470038954
53,58.98044779538322,54.00821960453406
53,58.98834091933157,54.00392716050028
53,58.96972139334125,54.02082116791016
53,58.978034769405426,54.01478148255201
53,58.97893456197171,54.02081284322445
53,58.98061971683515,54.0197780715757
53,58.98912414358944,54.02204604828926
53,58.98418338313613,54.01091276211737
53,58.98682864366666,54.007916051301585
53,58.978614523933025,54.018379041409794
53,58.97037379130325,54.01757013419577
53,58.976333446203085,54.01756752451085
53,58.97527727246624,54.01656019478752
53,58.98481909538492,54.0246075172217
53,58.975500507156816,54.012087036048946
53,58.981946448279004,54.01894432403792
53,58.967980716642415,54.0179579196947
53,58.97585170411153,54.02108295852712
53,58.973270998732126,54.02555943689955
53,58.99065538099362,54.0109179783627
53,58.98054130512361,54.002310463262035
53,58.97817114029184,54.01245499302041
53,58.976425902401644,54.019500676008214
53,58.9799042104585,54.00039997360809
53,58.985160402772145,54.01818813258776
53,58.976463778969205,54.02618382963808
53,58.96967304811616,54.009556347576826
53,58.9784769096273,54.027898578603455
53,58.98036197129386,54.004490373202955
53,58.97090298473128,54.002187550329204
53,58.977802629312315,54.02153547964063
53,58.9767839786877,54.00347614098709
53,58.98117811033754,54.00366196343997
53,58.98469249423093,54.02763898517468
53,58.98604443913023,54.01285316897403
53,58.98988159657452,54.015865013412416
53,58.96962102632277,54.02310416976003
53,58.978616669714604,54.028408621220294
53,58.99191858443125,54.01689145354105
53,58.97709720731204,54.00955982087356
53,58.988827730775746,54.01173269446431
53,58.98144047736243,54.001187144840735
53,58.97008438629646,54.01277666844322
53,58.9767679786837,54.00959139109366
53,58.97418921761134,54.000006840804055
53,58.973105553641076,54.007957315907205
53,58.967561949764274,54.01746925895288
53,58.986979585827115,54.00059971051469
53,58.96940662259073,54.01194975370818
53,58.9731001107744,54.012075159716005
53,58.97312965053822,54.022146149501104
53,58.98262458267618,54.01206180247999
53,58.971887548075124,54.009285814478076
53,58.9841061506394,54.018533117063875
53,58.96897428994017,54.01748841088163
53,58.97908402851972,54.00343510899027
53,58.972026650572516,54.012418709592225
54,59.003176321248816,54.01620037503919
54,59.02814093956378,54.02206729806353
54,59.00637653328151,54.01023721690188
54,59.021290860608694,54.02906331251359
54,59.01034237360355,54.02678837186041
54,59.02115834792486,54.02422207320382
54,59.00243358468544,54.021869953891915
54,59.01244316928064,54.01332967728495
54,59.015678171641845,54.01958981042519
54,59.019046023815406,54.03229775306397
54,59.00600885899213,54.030370499340854
54,59.02504892131287,54.022438368049926
54,59.011114528003056,54.01255761018333
54,59.003433980878064,54.01097187824875
54,59.01665106942964,54.00617564049255
54,59.004036537927774,54.023822758395085
54,59.01523090595082,54.03078770938008
54,58.99901872777903,54.02424733802013
54,59.00827190433613,54.013914061045924
54,59.010923015366,54.026181311139915
54,59.011196597501446,54.02121720032267
54,59.019009991435325,54.0344479423411
54,59.00819895060057,54.03307878663208
54,58.998650333600516,54.020206626117286
54,59.01312973191614,54.02936245052345
54,59.01873795290785,54.016327265077706
54,59.02152086267879,54.019504042324975
54,59.01606604732646,54.012884850079885
54,59.00573017683494,54.022622756660134
54,59.01579621864936,54.03103137740863
54,59.00215566607568,54.01501129059537
54,59.014022343728385,54.01018710094752
54,59.01035114822456,54.0124293358763
54,59.01315804851675,54.02975515772223
54,58.9997937452359,54.01668055567247
54,59.01591763080238,54.023074068914376
54,59.01492971146293,54.019897207609745
54,59.02329954126311,54.023679943331565
54,59.01998519738281,54.01433201876586
54,59.00509221347381,54.02724584399603
54,59.02126580210325,54.008041778128025
54,59.022113719076756,54.02206088098898
54,59.01097620678941,54.009706428089515
54,59.002710207727915,54.00973490781635
54,59.01739233541284,54.00826132847767
54,59.01322021910525,54.01897888325658
54,59.00952995905932,54.00733544367146
54,59.01612085813614,54.01119287845823
54,59.01950114627523,54.02576469133984
54,59.002998956730345,54.01891851612921
54,59.00936727150338,54.0268832237285
54,58.99979922897508,54.01538919410228
54,59.014474508183625,54.01092842865302
54,59.00549858856104,54.02256226894729
54,59.02431618276166,54.03228554361464
54,59.01927125379141,54.03244519701542
54,59.00982920495423,54.02196839176953
54,59.02226506558712,54.02739577701868
54,59.02033616222131,54.00866358760353
54,59.00816765431342,54.01593315018982
54,59.01098907217956,54.035301888425714
54,59.027436612543724,54.02086998250308
54,59.00543064538129,54.011526860112724
54,59.02220899348092,54.02631426363285
54,59.021415164940535,54.02385561005612
54,59.02118886028427,54.02885567349119
54,59.0246017565251,54.021729399068015
54,59.00892997215328,54.02186030010598
54,59.01726324325256,54.022067024770834
54,59.00164033988658,54.02828663995257
54,59.02592388738755,54.012759769794705
54,59.00897869296975,54.01168435979559
54,59.01741595248372,54.01581255281205
54,59.01269475341965,54.017218711568354
54,59.01421272046198,54.03057894639089
54,59.02577508279403,54.013879775341536
54,59.025740593025716,54.022187244020984
54,59.02759491655743,54.01446165658133
54,59.023054712021825,54.02216902768408
54,59.01092234597248,54.01359514595352
54,59.01010824292449,54.029307340041846
54,59.01105343154593,54.03515132412137
54,59.017810695125895,54.015764217994736
54,59.00726214357296,54.01489196191191
54,59.021945089292615,54.02157887958058
54,59.00960545123055,54.034894450363396
54,59.02770506663548,54.018465965746365
54,59.012764223971466,54.02495335185798
54,59.01900767712692,54.01784211518805
54,59.0115907657954,54.031375533759686
54,59.00697461769057,54.022021999647166
54,59.005223959068125,54.03431316787517
54,59.0099251301767,54.01366175307716
54,59.023133573141685,54.03147535250597
54,59.00687917753584,54.0190389546453
54,59.01854174450846,54.034948131949996
54,59.00887228900838,54.027405573579735
54,59.012420543584234,54.03637678717686
54,59.00841694257343,54.03547510829757
54,59.011891739487474,54.018866140842086
54,59.01495788540309,54.0267866932963
54,59.02265236553516,54.02098467136094
54,59.0110244571783,54.019185547124316
54,59.01262577173181,54.00610596175001
54,59.025226201930664,54.02826934865511
54,59.026977774502775,54.02019583770172
54,59.0156119008982,54.020939715331885
54,59.020397896407424,54.0233867897377
54,59.00618675398344,54.02767881525473
54,59.00804618787476,54.02203323035593
54,59.000135765696704,54.02525915709003
54,59.003950149298504,54.02316152224322
54,59.014722448561436,54.014012580767364
54,59.004749191845484,54.01875076404756
54,59.0056931324876,54.03249276408191
54,59.00696723356881,54.00748175632822
54,59.02161810434905,54.009892304386284
54,59.005764453260014,54.02528493140329
54,59.02033616222131,54.00866358760353
54,59.00061658886333,54.028923715078975
54,59.01291000201379,54.019375364273756
54,59.012408911424224,54.01327830409577
54,59.012934575012984,54.032998149869584
54,59.02496656691256,54.01342407782972
54,59.00955317477886,54.01287162888452
54,59.01389769496852,54.02414339417079
54,59.003212241902744,54.009194929429356
54,59.023794350791526,54.02421944730808
55,59.01416550689553,54.01619641347803
55,59.02598234540131,54.01962725105442
55,59.01593425818212,54.03564118871602
55,59.00897617910736,54.02347609305242
55,59.008147164958544,54.01908752094838
55,59.02873476987153,54.02303784667799
55,59.015440830956095,54.020198646293444
55,59.02483411366058,54.030650139594826
55,59.01393557709617,54.022189012678744
55,59.01523090595082,54.03078770938008
55,59.00546226526405,54.01501463077228
55,59.00575715859383,54.026937007770925
55,58.99893995641803,54.01649187392924
55,59.02101987416327,54.0166313477189
55,59.02020372916005,54.01777792609
55,59.02711234923691,54.02315909175026
55,59.00527046915971,54.02152594765847
55,59.00460629816445,54.02354468880864
55,59.00933985870782,54.02093638766569
55,59.009633273137354,54.03472036294964
55,59.02258753937462,54.014418652923716
55,59.00819002723259,54.023898661443454
55,59.024657740562056,54.01769086528379
55,59.01098567201852,54.02250063263002
55,59.01733340558968,54.02106313306413
55,59.009247379990875,54.03007712423554
55,58.99924825772826,54.026588710531115
55,59.025388390436085,54.014268455849304
55,59.01837399287044,54.019129514777646
55,59.0095744554043,54.016476084986365
55,59.005695930369235,54.02206786814929
55,59.01721016343182,54.017387991990404
55,59.01439518304544,54.02273622027668
55,59.012425099699065,54.013876368963494
55,59.0225446198749,54.015075175333216
55,59.020345898757434,54.02650286483285
55,59.01823176987616,54.031236285063834
55,58.99914864225142,54.02052371276218
55,59.016548518701846,54.02986256037481
55,59.017139206839715,54.0351624503332
55,59.006828790755605,54.028120302922524
55,59.01010824292449,54.029307340041846
55,59.013368647206065,54.019590658375364
55,59.02046820842392,54.03496105375119
55,59.022904588756134,54.03182825195884
55,59.01454955153858,54.01906829430254
55,59.005304165069894,54.01719342111387
55,59.00911699726486,54.01008820832526
55,59.01171641385673,54.01773197708016
55,59.02437192821921,54.02760700386674
55,59.00650798098965,54.007916026867505
55,59.005026078158856,54.03334043351084
55,59.01006934911345,54.01266310547294
55,59.00835917207747,54.01234087655455
55,59.014027936257115,54.021429460580165
55,59.02444483989518,54.02755984441128
55,59.01558530670177,54.01508309848695
55,59.01215062542643,54.01657314518224
55,59.01989608393924,54.02314149446356
55,59.00370949055906,54.011953371639635
55,59.007419246809214,54.0118426538533
55,59.01228475689216,54.01478478972059
55,59.01941597764493,54.02312972359205
55,59.01042522950493,54.02881226412546
55,59.01419852463475,54.02542185823923
55,59.01022625553122,54.034792393133415
55,59.000721298279466,54.0177411513931
55,59.02817570824981,54.02295208210143
55,59.021704070979446,54.031646819200105
55,59.014353892501326,54.01461780665038
55,59.02374853969676,54.02755951100451
55,59.013337039401065,54.01730440655277
55,59.007127708190005,54.01300166048825
55,58.99902689198366,54.021613345006216
55,59.01610293516711,54.01769219042386
56,58.97886394102789,54.009249371403875
56,58.97769794323427,54.01466794974181
56,58.96636291737224,54.010963119073324
56,58.97539140485246,54.01674769745909
56,58.98635600583418,54.005710968176366
56,58.989624167956826,54.01653204661618
56,58.993077979370454,54.00493333168652
56,58.98703133438653,54.00442709104736
56,58.97898216796498,54.0187275418639
56,58.98871736550369,54.015166019023994
56,58.97988968449171,54.00398141500603
56,58.98383162095145,54.01725404674491
56,58.97010706972442,54.00636978068784
56,58.975953632358156,54.00373082658128
56,58.99205490813726,54.01041578359712
56,58.97427753650563,54.02093959395995
56,58.974744159485674,54.01526354680492
56,58.981946448279004,54.01894432403792
56,58.969637911958756,54.01123898202008
56,58.98335767358839,54.00874134670137
56,58.97635413877507,54.0216689807872
56,58.981080012805016,54.009631027676825
56,58.96848269503473,54.02289704196562
56,58.981425923216534,54.01427487841911
56,58.97184627473832,54.02502587869337
56,58.98633228702371,54.01464886020196
56,58.982318794601994,54.0106906128432
56,58.985926906717935,54.02698544922313
56,58.97886394102789,54.009249371403875
56,58.99285337754443,54.02028457035641
56,58.98169818559139,54.01183329035019
56,58.97959027939262,54.01744106875182
56,58.975595212610145,54.01913783636989
56,58.97936323044483,54.01952718510392
56,58.986183742981865,54.00048462113176
56,58.98240121832774,54.022611282542265
56,58.977589140072894,54.000177679598686
56,58.98185674019902,54.02402262623344
56,58.98239706699335,54.02925692766274
56,58.97911220899428,53.999513287292274
56,58.98076823429737,54.026364572516286
56,58.98678762293404,54.00595497327499
56,58.97776946607443,54.01650372154147
56,58.97247236017789,54.01930258155756
56,58.97515460405013,54.01293211615586
56,58.97518503828133,54.02146910030143
56,58.97137994126383,54.00674205006254
56,58.9781152837312,54.010202804970895
56,58.967017457311755,54.01622937869561
56,58.97666063243816,54.018916064169794
56,58.98700266695718,54.02071054912222
56,58.972829049570706,54.02523491838288
57,59.00543064538129,54.011526860112724
57,59.01873795290785,54.016327265077706
57,59.025905874189576,54.01173768529225
57,59.000881113455094,54.02526226064115
57,59.00686930974716,54.01877387287621
57,59.02132995135608,54.019670169065556
57,59.01020958449935,54.02148183380008
57,59.0193458830929,54.030967315964475
57,59.013424762688715,54.01163368478538
57,59.01557999813083,54.01872206542796
57,59.02298786898305,54.02226485962276
57,59.00795737006655,54.01733429069738
57,59.00980528531391,54.02843443262197
57,59.01806791492159,54.02164738000336
57,59.00680282649915,54.025432041428054
57,59.0184997763479,54.027189225407085
57,59.017578705950804,54.02230758348184
57,59.02438113008209,54.02326948550397
57,59.01735318762643,54.02778150074359
57,59.01519161155553,54.00961729473591
57,59.00010986453017,54.01615517715188
57,59.005303067579405,54.024310748369906
57,59.0056531620738,54.03442497169356
57,59.01174705229021,54.01755786558071
57,59.01067880129721,54.00742453950661
57,59.00915228747928,54.01676618689584
57,59.01646003311094,54.01917953656852
57,59.001125230635715,54.0255491660062
57,59.000351039253964,54.01256246938789
57,59.02821750540012,54.02504551946921
57,59.006451807816376,54.02218881099624
57,59.026692649116654,54.02631265532499
57,59.01346939635996,54.02314338992946
57,59.02396888740414,54.02500840428308
57,58.99938510779589,54.017592114489304
57,59.02526221491312,54.018361090969464
57,59.00003700284735,54.02726597771998
57,59.017651150472425,54.022232002618324
57,59.00324386269188,54.02314279992661
57,59.00925119281738,54.023009014477005
57,59.015926075835985,54.01036213811848
57,59.01544797620915,54.03335696165178
57,59.01403518836846,54.02315596136465
57,59.022855865117265,54.02395129396241
57,58.998870468893614,54.02566300865847
57,59.0116477063994,54.03089597648561
57,59.02036552467906,54.0296943748542
57,59.01203916912423,54.014179771926216
57,59.00610727465921,54.02393828100299
57,59.00845272700905,54.025433587517874
57,59.00359020096885,54.02915081150013
57,59.007124533042614,54.020195669498044
57,59.007825585696644,54.02509488245781
57,59.00748073815975,54.010159987616575
57,59.02477437823979,54.011720989880736
57,59.020118762545984,54.03069446394606
57,59.012959468398044,54.02219696510937
57,59.017016616041076,54.025953529191675
57,59.017651150472425,54.022232002618324
57,59.020820080201275,54.00873220618201
57,59.01710861088884,54.02699758378731
57,59.028081154852856,54.02320930747347
57,59.027247479172225,54.02663354139629
57,59.007718964502054,54.01291908618618
57,59.01540498791783,54.0089489896685
57,59.02262868097249,54.029919905038895
57,59.020086308443965,54.022389372490956
57,59.01612298451242,54.00813912608421
57,59.0110768133987,54.03311865340803
57,59.01034237360355,54.02678837186041
57,59.02220632788456,54.022841150796175
57,59.020356872071915,54.012367125819736
57,59.01797097063201,54.024620861374245
57,59.023004277636865,54.03340979492808
57,59.01864097803113,54.028707880892085
57,59.02281232733776,54.0309818851527
57,59.013593035718586,54.01257384907132
57,59.0255258914193,54.02910943707976
57,59.000360973848494,54.02424598024264
57,59.02455348322954,54.02916873379924
57,59.01699053187822,54.02914716921379
57,59.02900161671466,54.02034194110255
57,59.01211177017843,54.019430717560475
57,59.02564855229364,54.015637864580455
57,59.01209093744386,54.01016374755408
57,59.00919836058277,54.03360052475899
57,59.00546226526405,54.01501463077228
57,59.00415542985444,54.01644606379038
57,59.01630247664058,54.00767729870895
57,59.00539545896872,54.018223347793835
57,59.015932389317776,54.020302129799575
57,59.01047814919075,54.013253911158394
57,59.006151151756,54.02249907688552
57,59.00964165344401,54.03000257035772
57,59.009046919869796,54.016213631868865
57,59.0068461383965,54.016991188835995
57,59.013793660788785,54.016195536129096
57,59.017892929683896,54.028580245711346
57,59.014258988391816,54.03646867896141
57,59.01178112444396,54.016427842453574
57,59.00786173858937,54.0110307002545
57,59.019901829330415,54.03431407594346
57,59.006132520058884,54.01448056340318
58,58.96805384809112,54.01113453303179
58,58.984122325613555,54.008771845525054
58,58.99187540488903,54.017625754863595
58,58.988320268311426,54.00737917125606
58,58.972788993927225,54.01017136396699
58,58.97392011741633,54.00635405104205
58,58.984270194483585,54.005425069065346
58,58.990306496693684,54.02443603379963
58,58.98752146892999,54.01824379689956
58,58.992949869897565,54.018801195049434
58,58.97301939614169,54.01151996481374
58,58.98374892379765,54.01482748743453
58,58.96707739475809,54.014201124144726
58,58.98297592874416,54.00231822341321
58,58.9912469210322,54.02092763036982
58,58.98136786980928,54.020290557675935
58,58.967489373143565,54.021228052018195
58,58.98582345773519,54.01970459451897
58,58.99535488162423,54.01643194815545
58,58.986410551736164,54.00612340579805
58,58.98745416061949,54.00867357925708
58,58.97120581281267,54.020122741399994
58,58.97417364749144,54.01197287213715
58,58.97346715466832,54.02233324501612
58,58.97722418515146,54.00746462694146
58,58.97861217303414,54.022912952551046
58,58.97738596991775,54.02253394214353
58,58.9746389271281,54.01444133807827
58,58.971314724250796,54.00601832930442
58,58.985104441125415,54.0068775859826
58,58.98984507308726,54.00873269109139
58,58.986002176592145,54.01242049166749
58,58.97616404469298,54.006808887955444
58,58.968367288634965,54.01350455908997
58,58.98382951812191,54.01458405585324
58,58.993077979370454,54.00493333168652
58,58.98484448503524,54.00921964761022
58,58.98918486738495,54.019498813872836
58,58.993465195384275,54.01243117254256
58,58.97184423233088,54.010057923017584
58,58.97367140512149,54.024419398137354
58,58.98992978837923,54.01729006336935
58,58.97982062456648,54.01616145866485
58,58.97224144286823,54.00481061897384
58,58.96907676258824,54.01375343813198
58,58.9832088918518,54.0144847904579
58,58.97241283048929,54.01407761553989
58,58.97405429739311,54.0037612681813
58,58.98926751180349,54.02630468460505
58,58.98709520763797,54.011544128125365
58,58.98468914605037,54.02758786466924
58,58.96991416041277,54.018703715114235
58,58.98940646519695,54.01969942990852
58,58.986884971707,54.00102869503558
58,58.98189102085613,54.010555288412434
58,58.98787986240878,54.02749809096347
58,58.9939802238495,54.017785680387405
58,58.96926021649529,54.01290401948829
58,58.987008560665885,54.01851369300742
58,58.9790855957287,54.022231490130835
58,58.986307066468015,54.00725775085649
58,58.98860958075517,54.025626774586534
58,58.96907676258824,54.01375343813198
58,58.988694644443775,54.02101560113605
58,58.97799963731449,54.01836578654678
58,58.98053178335299,54.01368344852851
58,58.98340343708239,54.000439433529635
58,58.97789484141846,54.01781584354793
58,58.98104405621743,54.02003836010827
58,58.97772231349341,54.01134327101692
58,58.985199287548745,54.01145773968225
58,58.97286462115657,54.00477120412914
58,58.9911324021483,54.023279021566076
58,58.97548095511428,54.01766898381658
58,58.974919545947174,54.003545060917624
58,58.97965110321799,54.01120672889242
58,58.99434243728007,54.011686616738814
58,58.98828232698322,54.014516938059764
58,58.98754097780912,54.0125216470414
58,58.97451583351356,54.01289895569886
58,58.98726832229125,54.027423216830535
58,58.97771146019708,54.01519199368718
58,58.97864556249304,54.00578993430546
58,58.975970594369564,54.00634907882546
58,58.981756736894404,54.02660738788654
58,58.98152857018273,54.01055436568839
58,58.981447361963845,54.028366636237166
58,58.97658211182874,54.01943309942813
58,58.98555020587704,54.00215205618099
58,58.9854443311011,54.008544026829284
58,58.98205106517669,54.02725430554213
58,58.97370616331649,54.016586406311255
58,58.98167273519936,54.000587307274444
58,58.98936294219147,54.02379856023008
58,58.97563047212002,54.02427891013557
58,58.98601601920105,54.02195547485582
58,58.98307847689308,54.00034246290726
58,58.97958650184461,54.00317159400774
58,58.977898966009526,54.0134097366647
58,58.975466135278474,54.0179551431496
58,58.980099702036995,54.012360070020044
58,58.97219988993263,54.01521011041325
58,58.98891883659108,54.01136388485158
58,58.965262158880435,54.013593383384745
58,58.965568570258135,54.01476008108423
58,58.99243335127183,54.01584192463758
58,58.98738574175423,54.00161060964657
58,58.98025190582186,54.027734315682785
58,58.98315206407847,54.02293777526939
58,58.970850448212815,54.020731941993326
58,58.97752956218776,54.01469387709436
58,58.98875804515382,54.013276921009506
58,58.9684334728789,54.010832885296196
58,58.97526322102508,54.014729775453084
58,58.98182144008572,54.017209677929344
58,58.98382951812191,54.01458405585324
58,58.97697145735948,54.01136017096485
58,58.98907316937989,54.00973158561386
58,58.990700427093465,54.00372978514609
58,58.973031244952466,54.007325282939696
58,58.9673997285536,54.01189784474717
58,58.987179853508735,54.00144075298357
58,58.983054201932504,54.00781807524811
58,58.97034931966475,54.02579876996672
58,58.989148007391044,54.008645320085954
58,58.969388641172344,54.004200963570504
58,58.99511092660492,54.01133080867441
58,58.96992736309684,54.01900100364627
58,58.97681067249876,54.01497703186445
58,58.97370715547093,54.01617775211122
59,59.00166345263992,54.025384565581284
59,59.00080138775676,54.01865011940389
59,59.01558300689854,54.021957842751284
59,59.011099787282724,54.01329473220651
59,59.019459094123135,54.024779101733664
59,59.0123143084454,54.02159489362402
59,59.0097070450214,54.02034751517759
59,58.994136852383775,54.011694402975124
59,59.01416550689553,54.01619641347803
59,59.015986754800664,54.00786363881121
59,59.009499615594144,54.030615306431656
59,59.00085967567303,54.014055368133214
59,59.00748141748153,54.026974027267414
59,59.01792928040739,54.01697850070532
59,59.0117549516976,54.00543202780446
59,59.00039965600452,54.01348051910164
59,58.992555885808116,54.013973466619696
59,59.01064145989928,54.01350754773677
59,59.019048014346254,54.01067392833324
59,58.9996311709894,54.02471988386621
59,59.01180909502602,54.02067436421217
59,59.01668511608059,54.01492623499267
59,59.00813362397878,54.01888286563266
59,59.00479082039511,54.001040224912366
59,59.00967281845596,54.00363185038454
59,59.00774569273689,54.00972139105557
59,59.003501163927204,54.0269268518298
59,59.01004040020075,54.02872211981048
59,59.01173375291948,54.00602238621674
59,59.01236393720699,54.01656741174814
59,58.99515630882768,54.02364035632905
59,59.013703229324626,54.00915134905134
59,59.001868979928865,54.02495426995717
59,59.00569852146532,54.001875291816255
59,59.014612306731216,54.02413423298897
59,59.009466406457705,54.01899836832874
59,59.01501534191598,54.00467990369384
59,59.003959160319,54.0221315341692
59,59.00907805931589,54.01431802455529
59,59.01993556765105,54.01070715002528
59,59.00075023551803,54.02225188718313
59,58.996343388128835,54.02252012639981
59,59.01064106654932,54.013530794983474
59,59.00318370517025,54.01894760217378
59,58.999882143156746,54.01321169529275
59,59.02142735530592,54.01419613168426
59,59.00285112979127,54.02490246568432
59,59.011385048892926,54.0065408418116
59,59.00493535747892,54.01308875323054
59,59.00663184871882,54.01696108220522
59,59.02161810434905,54.009892304386284
59,59.00256779510479,54.00735169912548
59,59.008828168450734,54.00436792578479
59,59.00822110635385,54.009865099064015
59,59.01614923503392,54.003173401835035
59,58.99634879737341,54.012341305748976
59,59.005764453260014,54.02528493140329
59,58.99980042147489,54.01380462251898
59,59.008043808509235,54.02636761322366
59,59.0033548990671,54.01777476429301
59,59.0146285876435,54.02161339963952
59,59.00356153449976,54.01726243201032
59,59.00635302759636,54.01302853105337
59,59.00671484859511,54.02547066425452
59,59.01083679333985,54.0065249677201
59,58.99861466716896,54.02522936033206
59,59.00907284114164,54.00323168564501
59,59.01492971146293,54.019897207609745
59,59.00668134579702,54.01993730930166
59,59.00215566607568,54.01501129059537
59,59.011730278835834,54.01080463170893
59,59.015926075835985,54.01036213811848
59,59.01418585682357,54.01959188049319
59,59.00456790556452,54.012351244892976
59,59.00554143982893,54.01441233351508
59,59.00018926658631,54.02580315633476
59,59.00240093965364,54.004094848022774
59,59.01412673451774,54.019002176575064
59,59.01742959648957,54.02686209706318
59,58.99549428979685,54.02290251399439
59,59.01276275710255,54.02122439033014
61,59.0164998478646,54.01235770516765
61,59.00188503037413,54.01896438818847
61,59.006438174727904,54.007433358400206
61,59.00680578142873,54.03237286183555
61,59.004786861738566,54.030297631016175
61,59.026643078353835,54.019118074321824
61,59.00407335928293,54.02657898599552
61,59.0054636268302,54.027325327164405
61,59.02273061609223,54.02163059874001
61,59.007095774865654,54.03405493035626
61,59.00404350275818,54.01762990156181
61,59.02168957057993,54.01360625813757
61,59.0251478196706,54.01494871099869
61,59.018493053881635,54.03032330508748
61,59.003844676262204,54.01542580732879
61,59.00520308426588,54.01636036198055
61,59.01546543681119,54.0147613458344
61,59.02549055381409,54.022784157251685
61,59.011500058439196,54.00878355674247
61,59.01638675680333,54.02256649741757
61,58.99964447448863,54.022925067317374
61,59.01389769496852,54.02414339417079
61,59.02018051684225,54.03188723774062
61,59.0095549850222,54.026881459773676
61,59.016835626834066,54.01851140209185
61,59.003844676262204,54.01542580732879
61,59.01263088940794,54.01049742302795
61,59.018649503705234,54.015652569881794
61,59.00545523374188,54.02974750303938
61,59.010838991765674,54.03016048086799
61,59.014558334030866,54.01039897580622
61,58.9997937452359,54.01668055567247
61,59.02180468862504,54.03103902419638
61,58.99980042147489,54.01380462251898
61,59.010933854225414,54.00732727394515
61,59.006223216859574,54.03389187992671
61,59.010923015366,54.026181311139915
61,59.01049171198976,54.01638839172167
61,59.009915517703966,54.03028914502773
61,59.0141876728112,54.01003981295837
61,59.01560339595351,54.02361538752298
61,59.00075023551803,54.02225188718313
61,59.016535163508784,54.01897047047378
61,59.001374881147505,54.031244357493954
61,59.01180458478154,54.03124661769787
61,59.01591010277476,54.02923654938482
61,59.024759204331446,54.01052318214834
61,59.0033218869368,54.02381982016297
61,59.00026511972708,54.01410746350102
61,59.01961865305902,54.010230927699325
61,59.00771467269562,54.02045407457771
61,59.01515378529073,54.02701753388903
61,59.0101245838259,54.017205870740646
61,59.02589297824458,54.01351534055385
61,59.00600884234525,54.016189071154535
61,59.01056943319377,54.03232467669635
61,59.00479019565222,54.017001185176284
61,59.01662243616664,54.016396727141824
61,58.99954650728812,54.02590813298007
61,59.00069113902025,54.02601110744417
61,59.023847024867564,54.02729381858067
61,59.015932389317776,54.020302129799575
61,59.01890666107376,54.0124771956292
61,59.018722967394005,54.02718366289388
61,59.00122066330611,54.024806523941166
61,58.9990269111068,54.022588109021456
61,59.007448858232955,54.02794732848697
61,59.01275443597626,54.01407983498967
61,59.024686487189555,54.01297612004845
61,59.00061095164822,54.02039348902681
61,59.01846221573436,54.018093077428595
61,59.0097070450214,54.02034751517759
61,59.00568488772744,54.01737444128554
61,59.00827190433613,54.013914061045924
61,59.013337039401065,54.01730440655277
61,59.02545979089721,54.0226809724045
61,59.01064106654932,54.013530794983474
61,59.013661562809304,54.02636441864436
61,59.01039457755504,54.00665737285309
61,59.01098567201852,54.02250063263002
61,59.00164033988658,54.02828663995257
61,59.005916747769795,54.018236425728624
61,59.01188548506209,54.013085501103554
61,59.02259115745462,54.02086926457106
61,59.003307793123916,54.0250417821063
61,59.013839088068245,54.03224695528488
61,59.021450850924836,54.01952802056833
61,59.01115530837881,54.0070620278431
61,59.00439889677614,54.021987443844665
61,59.02492936541123,54.01638138856817
61,59.00344159800958,54.018622782685085
61,59.02817895197527,54.02408342713503
61,59.01492834915999,54.019229558327545
61,59.01810839866141,54.01767876807833
61,59.02182276171966,54.02646995552927
61,59.002705879675425,54.02963249404639
61,59.00489394458903,54.01808351986406
61,59.01334690877017,54.02152829042267
61,59.01681674721716,54.02384749923182
61,59.009420498980596,54.023341616414434
61,59.02467759943724,54.02445085879093
61,59.011451303647334,54.01956094628007
61,59.01136496982322,54.02419101024911
61,59.007952156058096,54.01658688953092
61,58.99848791225041,54.02024989541622
61,59.002783893117346,54.021676980732686
61,59.013011144098385,54.02369539386264
61,59.01279281598444,54.03648683070811
61,59.01889972823535,54.02324140696247
61,59.0146855037574,54.02973176363403
61,59.01804553121839,54.02281835260132
61,59.02036814783622,54.031341652173424
61,59.02428399920412,54.010453073574766
61,59.02360119875835,54.01749544910781
61,59.01579504996229,54.017489332266514
61,58.99934553021458,54.01468340627261
61,59.004693683092505,54.02324891234219
61,59.01571956114945,54.027379424157594
63,59.01578093287826,54.01644698584741
63,59.00051639687729,54.012708490273205
63,59.00748073815975,54.010159987616575
63,59.01180646273036,54.025111172069714
63,59.01772355673566,54.02423445176098
63,59.01038057085377,54.01261893839287
63,59.006916677276536,54.02087644504423
63,59.01663468629036,54.035879961342
63,59.0172921666224,54.030382844883455
63,59.01666722509656,54.03331046566104
63,59.02628817239235,54.02207168331387
63,58.999287875634266,54.025747999843745
63,59.01597318890181,54.01647903857762
63,59.02183136326549,54.029450345874785
63,59.01668120171782,54.015439803147366
63,59.00845289945387,54.02249167187343
63,59.016088816693674,54.0248958670204
63,59.0036674913329,54.0116066849273
63,59.004270302489246,54.02429987172639
63,59.0047286875067,54.01874644800088
63,59.02178299593947,54.02723467066093
63,59.00414461998636,54.033559462748045
63,59.02590814673265,54.01399927803903
63,59.01513415885383,54.00961036247037
63,59.018244003295976,54.023768510430095
63,59.01403889067977,54.013617257849
63,59.01540498791783,54.0089489896685
63,59.01762088514169,54.016263445272735
63,59.004014677956114,54.02391171741608
63,59.00419327267454,54.02037403104292
63,59.01809148996026,54.01220425994357
63,59.012291341639944,54.027999758428976
63,59.01558530670177,54.01508309848695
63,59.00798888516825,54.02602497690838
63,59.00600605818255,54.01953591635076
63,59.002783893117346,54.021676980732686
63,59.01740452680347,54.02621018626082
63,59.01809272775051,54.03556378630694
63,59.01607570228662,54.02491966534684
63,59.01650180500638,54.0302680614369
63,59.00058877869835,54.01341696276074
63,59.00218399349653,54.025706825126264
63,59.01978670020758,54.0230254326175
63,59.004573017076,54.02105382306094
63,59.00178120967455,54.01776672522324
63,59.00748073815975,54.010159987616575
63,59.00053113411355,54.01907192934913
63,59.00576035233298,54.02613867369762
63,59.00761073776018,54.028161920882575
63,59.01052233725421,54.01496111439499
63,59.014027936257115,54.021429460580165
63,59.026977774502775,54.02019583770172
63,59.01739997092433,54.02337527959711
63,59.01454160649151,54.01646426653676
63,59.00856689318505,54.03198703392728
63,59.01055724494642,54.017022223164034
63,59.016088816693674,54.0248958670204
63,59.01180458478154,54.03124661769787
63,58.99981501633896,54.0169874248505
63,59.02033781837585,54.03231234565432
63,59.015264543653224,54.00885561797907
63,59.0213033405065,54.020767040297024
63,59.01111800292653,54.014776760022585
63,59.013703229324626,54.00915134905134
63,59.006011392982785,54.016647074357834
63,59.005284914442235,54.03062553345952
63,59.0191945669777,54.0218199353454
63,59.00409259195763,54.01163177648505
63,59.01858410266046,54.022186785325104
63,59.01626668702095,54.03021768166463
63,59.02038397918987,54.0236314698458
63,59.00755497020841,54.02453752824252
63,59.0158217253225,54.03464604630172
63,59.01579504996229,54.017489332266514
63,59.00391282669226,54.03111839315053
63,59.010062216715085,54.02781432853795
63,59.02598463898042,54.023670083341756
63,59.01158389559866,54.00953761976084
63,59.02506357325346,54.01788639715861
63,59.01527581296639,54.01287935580522
63,59.02020396761305,54.01035312275961
63,59.007127708190005,54.01300166048825
63,59.00506214266637,54.02381966365316
63,59.02809394574484,54.01909754141034
63,59.00278206001354,54.013806437493635
63,59.026866258734806,54.016896246884116
63,59.00691533932696,54.01849014725391
63,59.01241426729903,54.01908446484753
63,59.02682573712287,54.02169981127198
63,59.018845331315404,54.0142240898744
63,59.017508796120545,54.02909018152665
63,59.014324891901744,54.021796059760085
63,59.00713796547849,54.00840471572079
63,59.02821877940145,54.025255170545876
63,59.0172646911245,54.020401137769746
63,59.014705872125035,54.012868028410566
63,59.02257284974794,54.01498937809096
63,59.0110244571783,54.019185547124316
63,59.01156630167682,54.025458872870175
63,59.020392927676056,54.027713844851384
63,59.00739992302359,54.033471700723986
63,59.01044461867285,54.031591421560975
63,59.00537292015387,54.01940638018007
63,59.01230180220966,54.02094766723005
63,59.01918566561892,54.0225830550942
63,59.014722448561436,54.014012580767364
63,59.00999474623541,54.028896792158946
63,59.020118762451375,54.01615590410157
63,59.0108601256566,54.02012773849476
63,59.01292081613759,54.022029464898694
63,58.99951626776247,54.026699693534134
63,59.014032375668144,54.01396914619806
63,59.01772220287182,54.00967517249407
64,59.01491208490465,54.00427470917668
64,59.00898578367433,54.013966707449335
64,59.01558530670177,54.01508309848695
64,59.0028423040134,54.023049900868095
64,59.01053058519415,54.02713623661246
64,59.00294380311533,54.016928881577556
64,59.0069262648431,54.00072348290746
64,58.99656107312894,54.02033417590203
64,59.00066109577971,54.029228974173414
64,59.0164998478646,54.01235770516765
64,59.01398580637101,54.005266180558166
64,58.99678978938083,54.018694790293154
64,59.00264553308517,54.004112724262924
64,59.00496463216283,54.02338152184793
64,59.00121956120358,54.0073726668689
64,59.01763026628098,54.012726121027654
64,58.99742529194369,54.02490972255532
64,59.0093463354437,54.00355235250006
64,59.01327490207831,54.01241210943918
64,59.01835099924487,54.00681380973882
64,58.9997572683112,54.01437283955599
64,58.99978939500721,54.008405691888186
64,58.99978939500721,54.008405691888186
64,59.01194700492567,54.02571249355986
64,59.02075720273891,54.01045291333174
64,59.01464246153727,54.00862558247756
64,59.01439170682341,54.007300168281056
64,59.009717589959415,54.0103892801852
64,59.00963316590761,54.00827755634009
64,59.01262025937088,54.01133051879269
64,59.00806499015275,54.023805667624856
64,58.996908410443275,54.01714717411968
64,59.0143492577194,54.01491775911031
64,59.00780792329833,54.01259160732874
64,59.02091358462915,54.01461705735535
64,59.00579492469444,54.01948099087103
64,59.0028423040134,54.023049900868095
64,59.01329968962384,54.020479192957396
64,59.00183525153103,54.016619409198974
64,58.99521486222931,54.015863544961256
64,58.99768879019685,54.004276517625655
64,59.009046919869796,54.016213631868865
64,59.006245564875,54.01820751810628
64,59.00639270768802,54.013789169933624
64,58.999338977031464,54.01062109122601
64,59.01038829766425,54.00337091553301
64,59.002783893117346,54.021676980732686
64,59.00210510542732,54.01351894691901
64,58.997769429888,54.01594991198697
64,59.0074294903643,54.017559289523625
64,58.994674518833015,54.01548991893849
64,59.01028123674139,54.01620636424144
64,59.01674640178144,54.02400137920441
64,59.012431244971225,54.01970210371977
64,59.02264885440766,54.01291804410702
64,59.00853411788175,54.01828610129136
64,58.9957077702906,54.01220191086597
64,58.998125052405804,54.02080902069416
64,59.01191495410565,54.02167567238876
64,59.005303067579405,54.024310748369906
64,58.99619850424948,54.02547957397846
64,59.01213472016315,54.0272913687572
64,58.99482841746154,54.011521565211325
64,58.992558688417155,54.01368787969296
64,58.999761888240094,54.0217783586147
64,59.002245164720186,54.00900904436869
64,59.00942873464489,54.020810936050275
64,59.01985495330402,54.02123443744869
64,59.00204546550392,54.00600853940478
64,59.01342098558332,54.01468728554019
64,59.00624019366544,54.001750081755034
64,58.995547586811675,54.016961751575515
64,58.99792337201554,54.0044935359704
64,59.00509221347381,54.02724584399603
65,59.0195610700778,54.015976620511395
65,59.00897617910736,54.02347609305242
65,59.02419172588033,54.02498920769126
65,59.02060851902182,54.007992420928645
65,59.019046023815406,54.03229775306397
65,59.01874594888638,54.0173574226548
65,59.0036674913329,54.0116066849273
65,59.00813362397878,54.01888286563266
65,59.023663084762724,54.025936262609996
65,59.017013627418535,54.028479653583425
65,59.01299482995936,54.02371789756751
65,59.019849092480655,54.01131671518572
65,59.01454955153858,54.01906829430254
65,59.014162286939865,54.01243306530343
65,59.00608426942922,54.03122248245425
65,59.01053013633715,54.034988131074456
65,59.02335133771066,54.02416481822714
65,59.005303067579405,54.024310748369906
65,59.00695624878468,54.018001607155384
65,59.0148687315947,54.02911446040851
65,59.00853411788175,54.01828610129136
65,59.0152882655425,54.02690505546674
65,59.01710861088884,54.02699758378731
65,59.01562108601688,54.03033867566627
65,59.00254661670541,54.026995996157545
65,59.01930361565359,54.03461506359789
65,59.02817570824981,54.02295208210143
65,59.017215510642735,54.028816622907485
65,59.005275416326384,54.01565347337072
65,59.019285960659424,54.01936336420833
65,59.0028423040134,54.023049900868095
65,59.02389024330134,54.01188850115855
65,59.02184888303766,54.02088650702342
65,59.015757911424245,54.032065877481145
65,59.00197198321705,54.016378857013635
65,59.01230180220966,54.02094766723005
65,59.01162497763485,54.00632847320035
65,59.005935598701846,54.01998915863508
65,59.00801833600952,54.02177237637742
65,59.02220899348092,54.02631426363285
65,59.01722840898888,54.02845727828144
65,59.01755742558839,54.0329273465572
65,59.01386266806253,54.01425155981845
65,59.00723672851171,54.017483822250576
65,59.024638809629906,54.02328791092512
65,59.01180458478154,54.03124661769787
65,59.00158231594257,54.02676972072745
65,59.007408098797896,54.02013641172617
65,59.01713328796809,54.0176469924214
65,59.015330044209165,54.01297653230192
65,59.0028423040134,54.023049900868095
65,59.01763641074959,54.01665276997703
65,59.00712643824409,54.00774261130988
65,59.01738156299699,54.01904801294899
65,59.01864217765918,54.011212089812126
65,59.004900092323076,54.023866111907694
65,59.00725132232279,54.03127556651447
65,59.00479019565222,54.017001185176284
65,59.02119820310559,54.02196257473036
65,59.01047206782592,54.01286232399242
65,59.02341583963909,54.01989993690118
65,59.00664811468498,54.02323542942026
65,59.013142123956285,54.03335943245838
65,59.011774840844815,54.00558257069498
65,59.02113966550445,54.02826910332122
65,59.02350473525231,54.03186488340156
65,59.009898329210095,54.02775613197987
65,59.011245268763204,54.0327615884359
65,59.00888555579783,54.0060411807882
65,59.012291341639944,54.027999758428976
65,59.013424762688715,54.01163368478538
65,59.00990849167327,54.01739724766882
65,59.01262851939231,54.00822237295265
65,59.006895800681015,54.02644362762252
65,59.01668511608059,54.01492623499267
65,59.02488556410465,54.017236099663016
65,58.99914848352416,54.01901232975743
65,59.012456241734185,54.022280037775765
65,59.01912261972578,54.00664997080479
65,59.02634617487798,54.025739593210105
65,59.00256482126986,54.021327738853955
65,59.0040882127951,54.02500006478801
65,59.01778195122223,54.02090166242869
65,59.00709521489994,54.01324428463144
65,59.00596342247427,54.023210995964185
65,59.02262868097249,54.029919905038895
65,59.01408550877373,54.02590912479791
65,59.02431618276166,54.03228554361464
65,59.00974334756456,54.0117004292967
65,59.01134820927674,54.03647681943622
65,59.00969508890781,54.01870879754179
66,59.017578705950804,54.02230758348184
66,59.014901907579514,54.03515436080013
66,59.0123471917399,54.034804378950504
66,59.00432244362722,54.01705205892282
66,59.011488873685266,54.010989867969116
66,59.00419327267454,54.02037403104292
66,59.00333277585603,54.01790560048733
66,59.01465069423666,54.024407082752546
66,59.0166143785145,54.019932912041185
66,59.01156630167682,54.025458872870175
66,59.00709521489994,54.01324428463144
66,59.0215006034577,54.027649778057
66,59.01635217997172,54.0339586283165
66,59.0164998478646,54.01235770516765
66,59.005758796463056,54.01190210953895
66,59.005053188675596,54.01561503911699
66,59.01195389314382,54.0123585180519
66,59.01638675680333,54.02256649741757
66,59.01912233827321,54.01210325171925
66,59.01453079947041,54.01029451773507
66,59.00462103591037,54.033735150203945
66,59.02286123618787,54.02176494646282
66,59.0132500380747,54.01867147337992
66,59.00684039481384,54.028515730109476
66,59.01612085813614,54.01119287845823
66,59.010923015366,54.026181311139915
66,59.01560483923374,54.02135349052131
66,58.998479027323654,54.02175534487706
66,59.00242104492988,54.02584265250945
66,59.00260087475988,54.01544732390975
66,58.998818967537176,54.02431736023962
66,59.01055724494642,54.017022223164034
66,59.005154943573565,54.02695442603446
66,59.018145495906815,54.02044573364073
66,59.008162585594505,54.014275097364454
66,59.010707388517964,54.01046860299506
66,59.02111374339247,54.02334296100349
66,59.025537652002456,54.027597867503886
66,58.99926490090707,54.0223423198036
66,59.02334466266759,54.024067497622475
66,59.008317066992774,54.02764965045366
66,59.01015524465318,54.02222890217084
66,59.01327600254922,54.02247968960776
66,59.00605464883151,54.02995560883457
66,59.01254161157498,54.036402534934034
66,59.016307737315444,54.011449834906884
66,59.01352397356572,54.00987382505441
66,59.024926376370296,54.013685181881584
66,59.01956136855201,54.02086207888398
66,59.021862436533425,54.02012101952875
66,59.02111374339247,54.02334296100349
66,59.00073559529668,54.027706795122185
66,59.01972188475616,54.00910101843727
66,59.01641701957408,54.021258647546816
66,59.01220965554204,54.01330580438744
66,59.019235982362154,54.011545280364764
66,59.004153715361106,54.02564147244287
66,59.0198454725704,54.025232814502495
66,59.00561643619411,54.02501731945316
66,59.02231767955673,54.010290138084876
66,59.01281047194408,54.01532349749843
67,59.01225991937937,54.00767711179651
67,59.020392927676056,54.027713844851384
67,59.01753219144752,54.03097423074832
67,59.0160889132532,54.010868498920075
67,59.00602742202288,54.01072580047911
67,59.02396970474201,54.01668332375135
67,59.01710861088884,54.02699758378731
67,59.02277128931777,54.03206260523284
67,59.02149950338492,54.03147222644996
67,59.025460317183985,54.026550049350504
67,59.01521778102466,54.00833248653137
67,59.007337888724905,54.02305989150782
67,59.00559789001908,54.02653459920811
67,59.00671484859511,54.02547066425452
67,59.007735547497596,54.01856132613284
67,59.01115530837881,54.0070620278431
67,59.01838763103994,54.02507207130788
67,59.006601090641446,54.032960855347696
67,59.01286859022634,54.00941076770971
67,59.006132520058884,54.01448056340318
67,59.006907426894614,54.01555797101871
67,59.00139206263717,54.01362645266311
67,59.00703095800978,54.019478569099284
67,59.013687281140086,54.02815023062291
67,59.015634465316886,54.02792006057019
67,59.004961119220745,54.00857934919648
67,59.017528839701,54.032005487818
67,59.0094397416513,54.03543051275672
67,59.0082124118035,54.02079690754433
67,59.00610727465921,54.02393828100299
67,59.01913453640763,54.019778087155366
67,58.999921698505084,54.02798995483086
67,59.00872559201496,54.011187422837615
67,59.01403518836846,54.02315596136465
67,59.009234361699804,54.016897226265336
67,59.00499453966779,54.00818903340215
67,59.023085202753855,54.02053765233875
67,59.00625787220937,54.013526898888294
67,59.02186406142234,54.02950215145272
67,59.0146236893082,54.01658566505494
67,59.02314205330975,54.00941191261637
67,59.005999226208964,54.03264445432085
67,59.02396888740414,54.02500840428308
67,59.00935991723722,54.01934729918845
67,59.020018188784306,54.0243317385125
67,59.00283038606291,54.01021584545638
67,59.025421353309696,54.01849151785388
67,59.01707301955807,54.02189462259263
67,59.01136496982322,54.02419101024911
67,59.00646602386311,54.03274534252702
67,59.00554919768864,54.03434166847779
67,59.011822276344304,54.0275628020999
67,59.00646804988844,54.0275465718662
67,58.99979922897508,54.01538919410228
67,59.00969244960647,54.02638691398785
67,59.00554683390499,54.02493284068187
67,59.0153681735909,54.03086759186407
67,59.01585975880316,54.01340461862213
67,59.01635217997172,54.0339586283165
67,59.01161688705018,54.02258126065355
67,59.011362845718146,54.016320337928384
67,59.006743632174036,54.03443100158385
67,59.01416550689553,54.01619641347803
67,59.01317483624137,54.017077732663026
67,59.01912923579824,54.024517632708026
67,59.0132500380747,54.01867147337992
67,59.00950237736797,54.01351474464739
67,59.00966789232799,54.028213144913686
67,59.01465069423666,54.024407082752546
67,59.01239877053338,54.01970458946534
67,59.00481198794286,54.016757573470514
67,59.02531113923106,54.02046590340347
67,59.022187373008826,54.02184881585423
67,59.0015838466415,54.02787803358048
67,59.01044563677817,54.030860797826435
67,59.01597318890181,54.01647903857762
67,59.02487793508334,54.02079691837021
67,59.00725877929743,54.02474199531541
67,59.00628237119323,54.02425806151545
67,58.999053607502695,54.0259228414738
67,59.02262868097249,54.029919905038895
67,59.02645356161927,54.01472530867868
67,59.01755613494767,54.01538235663371
67,59.02531113923106,54.02046590340347
67,59.004388426867735,54.028232105483085
67,59.00310446649077,54.02034555498052
67,59.00180408296667,54.015828151922484
67,59.002524634793026,54.01527817510112
67,59.0154299845905,54.00675861817196
67,59.00439681244223,54.0123081668629
67,59.01395704981112,54.031072231025114
67,58.999393432999035,54.019733826030716
67,59.00663505465661,54.02556623375784
67,59.02302603440231,54.01028439502116
67,59.010778932021054,54.00856782744842
67,59.015106920882964,54.01164987573741
67,59.014560309008424,54.0204789555754
68,59.000584876861446,54.02633513755789
68,58.993124717515784,54.013351370985504
68,58.998030759891755,54.023385372676394
68,59.01326116735849,54.02742645138193
68,59.019899634503254,54.01828473309032
68,58.99273163745581,54.0209397087427
68,59.00350441139804,54.005518221566184
68,59.00686930974716,54.01877387287621
68,59.00873495527201,54.01491646566207
68,58.99867873977054,54.00636771561673
68,58.993692356243926,54.008868801845196
68,59.01486676781734,54.00779712400374
68,59.01810254535385,54.01341515546656
68,59.005284914442235,54.03062553345952
68,59.0036674913329,54.0116066849273
68,59.00545523374188,54.02974750303938
68,59.00937764240751,54.0123418259388
68,59.01652722871036,54.01559553517324
68,59.0141876728112,54.01003981295837
68,59.01191976261878,54.013974071034156
68,59.0002783387825,54.02065600028573
68,59.01848771049576,54.01985232067907
68,59.007127708190005,54.01300166048825
68,59.017092135338466,54.013244076763
68,59.00873495527201,54.01491646566207
68,59.02124391381737,54.01878784420988
68,59.01558530670177,54.01508309848695
68,58.994428288244116,54.01085128634912
68,59.013221452629104,54.01762671240342
68,59.006627939540884,54.00480839218377
68,58.998030759891755,54.023385372676394
68,59.01762188626362,54.019994687917205
68,58.99544488775799,54.0102618590575
68,59.00829633617349,54.02335690733369
68,59.00435924315469,54.00058034110379
68,59.00825684229354,54.004355813517925
68,58.99557056834079,54.01433594255371
68,59.01585975880316,54.01340461862213
68,59.01508065073276,54.02644226312583
68,59.01004040020075,54.02872211981048
68,59.00156716871208,54.02132517490921
68,59.018840739435596,54.01107178302615
68,58.99187540488903,54.017625754863595
68,59.01985432474429,54.01733547005075
68,59.00652464281232,54.0011942441277
68,59.00419327267454,54.02037403104292
68,58.99535488162423,54.01643194815545
68,59.02154827358814,54.01629948841425
68,58.998324548119726,54.02508881491884
68,58.99234998253724,54.01745549753362
68,58.99494542232378,54.02039750189066
68,59.004900092323076,54.023866111907694
68,59.019073175340125,54.02096325177807
68,59.00040064666211,54.009419907569836
68,59.0033218869368,54.02381982016297
68,59.004835814954696,54.03072028089915
68,59.01640908437516,54.007796908698054
68,59.0039281752355,54.01196711961494
68,59.01202423387324,54.00138092186397
68,59.00902753977206,54.01720037263518
68,59.00035128770249,54.01149362120517
68,59.019742407068975,54.00847700345108
68,59.00445627033363,54.024009891761175
68,59.006320197836864,54.02500798932424
68,59.002659402681864,54.01738821393056
68,59.017168111574605,54.023943162980785
68,59.00278206001354,54.013806437493635
68,58.999183487963336,54.008952771394505
68,59.006713766514146,54.002409748159636
68,59.00795230984376,54.01044097246576
68,58.99973805992696,54.00448510867859
68,59.02243208407682,54.019468571810926
68,59.01331605443019,54.01913120557512
68,59.00902753977206,54.01720037263518
68,59.01402840096207,54.01307212720412
68,59.00799221524696,54.01675494598004
68,59.01422671784023,54.00654149553363
68,58.993908673146635,54.01856403573438
68,59.01084587778982,54.00208530327919
68,59.00566742897915,54.01730736690372
68,59.00950137940104,54.01043689761693
68,59.01943881815862,54.01688466858249
68,59.01810839866141,54.01767876807833
68,59.00058877869835,54.01341696276074
68,59.00786173858937,54.0110307002545
68,59.013553203196906,54.01538796883657
68,59.00068393053213,54.01808852145123
68,59.02008224744661,54.01366315567301
68,59.003870110837134,54.021504579119785
68,59.01560483923374,54.02135349052131
68,59.01333809288681,54.0284987722498
68,59.01655871021658,54.02100298989634
68,58.99964447448863,54.022925067317374
68,59.00799221524696,54.01675494598004
68,59.006475115973856,54.02674555503442
68,59.00712643824409,54.00774261130988
68,59.016578470135805,54.01657363450726
68,59.00830556563611,54.026844466845084
68,59.018984836024025,54.00805026942841
68,59.004864010012014,54.01283469921084
68,59.01465069423666,54.024407082752546
68,59.015440830956095,54.020198646293444
68,59.017354963537166,54.01537891813794
68,59.01853383932442,54.005037960143284
68,58.99375452011858,54.013550395757605
68,59.00359020096885,54.02915081150013
68,59.00152803046101,54.02563347043322
68,59.0143492577194,54.01491775911031
68,59.00518171077584,54.02843797850646
68,59.01342098558332,54.01468728554019
68,59.01027986158374,54.006852669892986
68,59.00186764156047,54.022744786809106
68,58.999671595162326,54.01209471856886
68,59.018683650143174,54.016605481571226
68,59.01263140876701,54.01204732280166
68,59.01738156299699,54.01904801294899
68,59.00493591735573,54.003067703380985
68,58.99435653594538,54.01060914192873
68,59.006147497807476,54.020401219170445
68,59.00339534601132,54.020782623409424
69,58.96663284855814,54.01648644403117
69,58.96925149119362,54.01351027214911
69,58.977415207587754,54.02690390475861
69,58.98604540231465,54.023420786590826
69,58.97750228397397,54.00463616217821
69,58.974899041192025,54.018280225629056
69,58.98551632218786,54.01831511497568
69,58.99066280821686,54.00779217319493
69,58.96913583502482,54.02002867020256
69,58.97130075095789,54.02261619305605
69,58.975242821085864,54.022427645514014
69,58.98306121132108,54.00264943045375
69,58.98577413574178,54.00340835699951
69,58.972752840887615,54.014668003261846
69,58.982220705796266,54.00400895374977
69,58.97786532367877,54.001740935319894
69,58.98372356698093,54.00807787552009
69,58.98075345213282,54.01923359094601
69,58.98528996757115,54.005405622416724
69,58.989788375172104,54.02100526272571
69,58.98970375112722,54.01216479599644
69,58.98803094685606,54.0186918923704
69,58.98814265241362,54.0073183286321
69,58.98119443908908,54.01649754259303
69,58.97401953973797,54.006737969805314
69,58.98768636219173,54.01039243808586
69,58.976313323808,54.01393532296847
69,58.98990563398358,54.008385403918965
69,58.987053170532455,54.012415441724194
69,58.9911669302512,54.01960656016362
69,58.98425141350951,54.02277109112705
69,58.9767679786837,54.00959139109366
69,58.97511027109036,54.00368777573361
69,58.990229433342016,54.01834747157035
69,58.986410551736164,54.00612340579805
69,58.980659613038924,54.00231564429845
69,58.98228799291963,54.0185065935143
69,58.983771206592166,54.00567648523169
69,58.99179183900615,54.01573194306978
69,58.98950379828331,54.01196356531594
69,58.98539424123912,54.01877727620722
69,58.980053591315354,54.00043685052538
69,58.98188161448986,54.003387236234225
69,58.982433986260055,54.00352060645781
69,58.989269709750964,54.00199229190156
69,58.98486609729421,54.02581915644836
69,58.97871016793434,54.025166840051206
69,58.96585783718319,54.01113632080044
69,58.97083192432252,54.009415375287475
69,58.985104441125415,54.0068775859826
69,58.977220400965486,54.010597428472245
69,58.98206516235028,54.00657084402791
69,58.97752956218776,54.01469387709436
69,58.980025901193535,54.00825051462163
69,58.98787986240878,54.02749809096347
69,58.97654981927934,54.02281289237047
69,58.981391697017,54.027923284442615
69,58.98703387553596,54.01972418922538
69,58.98725684000251,54.00106826804552
69,58.971187464589235,54.00889928870094
69,58.97958609716819,53.999309558965365
69,58.96958480618816,54.02103081248823
69,58.981979151319564,54.008877511325956
69,58.97884032977364,54.010662886357686
71,58.98699543422964,54.01887995659736
71,58.98828236173965,54.01059413879844
71,58.97301939614169,54.01151996481374
71,58.96718502486828,54.01122444453764
71,58.9839510506703,54.012848753094936
71,58.98376620315445,54.02574251478484
71,58.98258016511624,54.0212643522266
71,58.98186937247122,54.02063489761758
71,58.99243335127183,54.01584192463758
71,58.976313323808,54.01393532296847
71,58.97140393589026,54.02147082556106
71,58.978765913166704,54.02465663035144
71,58.97771146019708,54.01519199368718
71,58.972597919255335,54.025174936491084
71,58.96959417021941,54.019838135743534
71,58.98907316937989,54.00973158561386
71,58.972752840887615,54.014668003261846
71,58.977017472975945,54.01872382171973
71,58.98819653455643,54.01015056319992
71,58.9787201400382,54.02467975298369
71,58.974446613136294,54.00404740988279
71,58.99121551501467,54.0168741542956
71,58.98724919986076,54.00681918795287
71,58.98719230789349,54.012546236047044
71,58.987744427787725,54.01130853087317
71,58.974446613136294,54.00404740988279
71,58.975424390172805,54.00469245378871
71,58.96742819609091,54.01324430764542
71,58.98638599435863,54.01245726074244
71,58.97235331622053,54.00644422723203
71,58.98155291207723,54.006454428863094
71,58.97709899557611,54.018133307212345
71,58.96897428994017,54.01748841088163
71,58.98342788324523,54.005974625476355
71,58.97984093810238,54.026002062223014
71,58.96809986554961,54.010170610851695
71,58.973850216633714,54.01305768746977
71,58.97700044198205,54.00020273922582
71,58.97175814131028,54.009117568527074
71,58.98789039323991,54.00994883115311
71,58.983422412181156,54.02342034173528
71,58.97526056972754,54.02450320445671
71,58.97321328547532,54.020175791065995
71,58.97926504518083,54.00161361126841
71,58.96824143986058,54.013044907874715
71,58.99529267422913,54.01717897324311
71,58.96878799421979,54.02292774832662
71,58.98500176643312,54.00225889922671
71,58.98181733357724,54.02478605994206
71,58.98891883659108,54.01136388485158
71,58.97068897918541,54.012190589014125
71,58.97573212445008,54.017852027115346
71,58.98344614125863,54.016683585202124
71,58.98649062189127,54.01769584839249
71,58.97361408590639,54.024235567446304
71,58.98506892031755,54.01572681893934
71,58.96587802703103,54.009908160379176
71,58.9957077702906,54.01220191086597
71,58.98251540406187,54.01876369651027
71,58.993813419636055,54.00897935923522
71,58.97051390141827,54.008577807764105
71,58.976325629219346,54.003077030779494
71,58.98175231785297,54.020451345936976
71,58.9718090668835,54.00470146700817
71,58.983022300794275,54.00591989443516
71,58.975221011369285,54.01765473737909
71,58.968822293252806,54.02312948765937
71,58.97002686089364,54.020356325343364
71,58.99008912638182,54.017487022037024
71,58.97984112621396,54.00041812520131
71,58.9825014526581,54.02809977362185
71,58.97524298895756,54.008341564719295
71,58.98682052247096,54.024939318833134
71,58.989018743238276,54.00326718697607
71,58.99346586868184,54.01379449860743
71,58.98358566331917,54.00275109024489
71,58.97845856488262,54.027021729856685
71,58.98116462821621,54.01674463516109
71,58.99205490813726,54.01041578359712
71,58.979711861242166,54.01016217498551
71,58.98605307531168,54.01001417394889
71,58.9778950359179,54.004995852422404
71,58.98407310773101,54.00106478811417
71,58.987591341053516,54.01155556778881
71,58.98215541402898,54.027867415446494
71,58.97086643545025,54.00452314685068
71,58.96537492824818,54.01157304917515
71,58.98700266695718,54.02071054912222
71,58.97082409144828,54.00697518000671
71,58.98209547564108,54.02028066386383
71,58.98340496249846,54.01988574106667
71,58.993626540111535,54.01307229829694
71,58.97584795462153,54.017938430795596
71,58.97546379930082,54.02653267536695
71,58.98441456752419,54.003983468922776
71,58.98650835900624,54.0153814183939
71,58.97722418515146,54.00746462694146
71,58.9821090654598,54.01979949119148
71,58.971364344069045,54.005620142423616
72,59.01655871021658,54.02100298989634
72,59.0064502161299,54.034073403817686
72,59.01668511608059,54.01492623499267
72,59.01816733427107,54.01876783691456
72,59.01930269273876,54.0278200288094
72,59.01782330035865,54.022445283456165
72,59.0222453472079,54.02943520823255
72,59.02559336697382,54.02482049869419
72,59.02088629227527,54.02163917935409
72,59.015948854264984,54.00829923439571
72,59.02171759444288,54.02613382641349
72,59.01145800238624,54.036289060917746
72,59.0164604469084,54.02886952050733
72,59.004369567974145,54.01600158315692
72,59.01122691343822,54.020357506307676
72,59.02381839977638,54.02144881178236
72,59.02447971763182,54.01248524049643
72,59.012831486661746,54.02191175719385
72,59.00694073769359,54.031244797962174
72,59.01610288855167,54.03197752387853
72,59.01857648209904,54.03006107941748
72,59.00947716038546,54.02789126770194
72,59.02452913176753,54.018654598689615
72,59.010707388517964,54.01046860299506
72,59.0133461062069,54.030892269874876
72,59.02161810434905,54.009892304386284
72,59.00792495933947,54.011165628940184
72,59.00146157165448,54.014825657840895
72,59.011171936301125,54.026615166097905
72,59.00598110012569,54.032553409137584
72,59.01526271630821,54.02678751476154
72,59.02625055026702,54.024033773237846
72,59.02184888303766,54.02088650702342
72,59.01675317490439,54.022042195830664
72,59.02519934315206,54.01548364669538
72,59.013598829251386,54.01984897728424
72,59.02835804838725,54.024657676002256
72,59.02175136028351,54.0162464115622
72,59.01044461867285,54.031591421560975
72,59.01808616708105,54.01938818311463
72,59.014960613094004,54.007521731947364
72,59.02487812766302,54.01788534997378
72,59.02030241397857,54.024206420127385
72,59.01052366980466,54.01462561083377
72,59.01844254908809,54.0141133728855
72,59.00318370517025,54.01894760217378
72,59.01486846587054,54.01197518807407
72,59.012929167812395,54.03573306868263
72,59.00935991723722,54.01934729918845
72,59.02262856440498,54.02244229297349
72,59.013949322914655,54.00971230390361
72,59.02594825479709,54.02250959632689
72,59.00496712895208,54.02156719631136
72,59.017752881130114,54.00896928405609
72,59.00993169402522,54.02508459090669
72,59.01443044186946,54.02294916689862
72,59.01730125997687,54.02264120439992
72,59.01074883962042,54.029470579604705
72,59.01612490955214,54.034574474449144
72,59.00870062349706,54.00891488523687
72,59.01069257645662,54.01252180806325
72,59.02779435688002,54.02106373369913
72,59.01207191239038,54.030378979977364
72,59.004190760670554,54.032664687602626
72,59.01247447495871,54.03628820763247
72,59.02411734754211,54.01660981382351
72,59.000961206923016,54.02261557705796
72,59.017081672478795,54.0247127819146
72,59.01612298451242,54.00813912608421
72,59.02183766234838,54.03382978635014
72,59.0251478196706,54.01494871099869
72,59.00398173565495,54.0230847270602
72,59.0127422023074,54.022642326490924
72,59.01778195122223,54.02090166242869
72,59.023261134475355,54.01846422890432
73,58.96911643302986,54.00361008939223
73,58.97722418515146,54.00746462694146
73,58.97923121873319,54.01173079285266
73,58.97424263694457,54.005789456449435
73,58.968367288634965,54.01350455908997
73,58.97535564814539,54.006591453528635
73,58.98185245148543,54.013494754365425
73,58.99381196683782,54.00915814407137
73,58.98898633947796,54.00871780689885
73,58.98448605229115,54.001821638157985
73,58.97299479323375,54.013980561948436
73,58.96980591600991,54.01494188773401
73,58.9686900702182,54.023202416307015
73,58.967017457311755,54.01622937869561
73,58.96515086063321,54.01545081019949
73,58.9872895243642,54.00392022669417
73,58.96718785211309,54.0130900628764
73,58.969724858975454,54.009302617603964
73,58.98973174054418,54.00155406197487
73,58.988775739112576,54.02615022919694
73,58.98603081028224,54.02646664216748
73,58.99469422986269,54.01563614954612
73,58.97952574332151,54.00956202685948
73,58.98967122427799,54.02084808703477
73,58.98033256940612,54.00643377814127
73,58.985968523111744,54.01989328879875
73,58.977906902079155,54.02008632543373
73,58.97382976111627,54.01060750563266
73,58.99155835908064,54.021105628598846
73,58.970470560608334,54.023705947669946
73,58.97982062456648,54.01616145866485
73,58.97259630290955,54.02501216592821
73,58.995238963685814,54.0176005997613
73,58.97916065535612,54.022830969997514
73,58.97675562833659,54.00527301208865
73,58.97021755216457,54.00569463332756
73,58.9708575471279,54.00859047308934
73,58.973328323227385,54.020541206885824
73,58.9816751311836,54.02322945445168
73,58.976264283255084,54.01487095739418
73,58.97281010427772,54.010265107330255
74,59.00679324493315,54.021082052622994
74,59.00367064058303,54.02828441253889
74,59.00498049278089,54.007471133141394
74,59.00279466861057,54.012128545339436
74,59.005725158214844,54.02863063499022
74,59.0206647928724,54.01517521730038
74,59.003980657700005,54.005401911276614
74,59.00083013516711,54.01158640982763
74,59.003950149298504,54.02316152224322
74,59.018754685725966,54.01475020161869
74,59.015851621739145,54.00698975253242
74,59.01383913016336,54.0156520573268
74,59.00275918553502,54.01960347174367
74,59.01519283500919,54.01873082154763
74,59.0164604469084,54.02886952050733
74,59.017230789692306,54.008920356180916
74,59.00813362397878,54.01888286563266
74,58.99718785943372,54.01680799043915
74,59.0016412454109,54.00950970945998
74,59.007825585696644,54.02509488245781
74,59.004032005229746,54.01119911941808
74,58.99914864225142,54.02052371276218
74,59.01592597729127,54.00286935010384
74,58.99190781505072,54.013806877885315
74,58.99789371236481,54.02626632325015
74,59.00968169968933,54.01139302180653
74,59.00624442343422,54.003586670954405
74,58.99586978748222,54.01182794615356
74,59.00615450104127,54.016464412357884
74,59.000558804436515,54.021496756105975
74,58.998739827193766,54.00593665087145
74,58.99263665656187,54.01590263955116
74,59.00452299549207,54.02994437098212
74,59.008840789845635,54.016756596701
74,58.9994402529219,54.01888666938529
74,59.006916677276536,54.02087644504423
74,58.99521137997533,54.02319088046045
74,59.0063355989674,54.005407023690275
74,59.01894158575415,54.02502703453423
74,59.00350441139804,54.005518221566184
74,59.018984836024025,54.00805026942841
74,59.01963865036786,54.022666684881905
74,59.011451839413795,54.0027680855566
74,59.005955861875776,54.025248088650805
74,59.01064145989928,54.01350754773677
74,59.00134156604723,54.025589212526924
74,59.01422671784023,54.00654149553363
74,58.99787083338481,54.01895711737444
74,59.017230789692306,54.008920356180916
74,59.00877674824281,54.00946930370093
74,59.000881113455094,54.02526226064115
74,58.994388521269016,54.010779445980475
74,59.02184888303766,54.02088650702342
74,59.01109756570539,54.00903102311222
74,59.00565960472226,54.01837894982935
74,59.00192949064007,54.021293154461446
74,59.00010986453017,54.01615517715188
74,59.01253074199321,54.017765923999534
74,58.997554150429586,54.00381685254517
74,59.01171222942746,54.00433796215779
74,59.01188608422316,54.00364092470987
74,59.00511088683081,54.01062231313655
74,59.01156630167682,54.025458872870175
74,59.000862864937304,54.00690967176349
74,59.001651318257544,54.027799818386754
74,59.01223223130239,54.01086736271779
75,59.00573017683494,54.022622756660134
75,59.01384460578773,54.0317968507373
75,59.02113673464577,54.026028214646146
75,59.026192946413325,54.015201937966914
75,59.0075996198612,54.0323787817707
75,59.01903158350118,54.020080871825954
75,59.009272414674044,54.0284491417386
75,59.00098587358682,54.02391314302494
75,59.01141325145567,54.02221514336011
75,59.00894277055082,54.026159001092346
75,59.01766540733332,54.033124800428
75,59.023738269699024,54.019810922559834
75,59.003153760375575,54.01917706347595
75,59.011362845718146,54.016320337928384
75,59.005276567359246,54.029400985512154
75,59.02549055381409,54.022784157251685
75,58.999424325095966,54.02163761759894
75,59.026626709151444,54.01989896143673
75,59.016475873485284,54.017695065790214
75,59.01039887263917,54.0226876185162
75,59.02764306385916,54.01857230486235
75,59.018145495906815,54.02044573364073
75,59.013309924750146,54.017293676936916
75,59.01700371259014,54.0341958465727
75,59.023054712021825,54.02216902768408
75,59.007407775406904,54.029150649601476
75,59.0073325873588,54.018841780903955
75,59.003562337542014,54.0089206654218
75,58.999393432999035,54.019733826030716
75,59.01478204072494,54.019557170409485
75,59.00553347947426,54.012512188704335
75,59.015478612383085,54.021354734533006
75,59.01583284731981,54.0078551357319
75,59.003410484307,54.0191562821051
75,59.01494907418635,54.01176179811447
75,59.01626668702095,54.03021768166463
75,59.024368524291276,54.01990082903655
75,59.01202026636669,54.010667751901366
75,59.023998807152175,54.01380521519544
75,59.0232292482158,54.01099812879724
75,59.01002129006178,54.03390740976895
75,59.018683650143174,54.016605481571226
75,59.01580468483625,54.026091007660625
75,59.01730104733304,54.028056539517785
75,59.00158231594257,54.02676972072745
75,58.99821674414061,54.02220957564091
75,59.00310171121823,54.0188379203225
75,59.01562822179979,54.01015309513259
75,59.00479475816263,54.028403322880614
75,59.028333845920095,54.02147307352025
75,59.01048114015221,54.02194656331714
75,59.00439681244223,54.0123081668629
75,59.01909017012133,54.02112044053377
75,59.012737573039445,54.023832300148996
75,59.01913748004164,54.01002722016534
75,59.01979799977467,54.012460758269775
75,59.0255258914193,54.02910943707976
75,59.00723132027757,54.03350597037358
75,59.010286426519606,54.01175753095882
75,59.00829633617349,54.02335690733369
75,59.008533411036375,54.0193950667516
75,59.02390006375581,54.01401800812388
75,59.001547563898875,54.02624573499662
75,59.02197104034718,54.030332185941205
75,59.01344031544481,54.015175336706996
75,59.0235229722713,54.02192129641866
75,59.01717115843186,54.0236383296467
75,59.003663317807764,54.01868461884872
75,59.014722448561436,54.014012580767364
75,59.01080716869999,54.00961118990928
75,59.01642726132484,54.01182294862566
75,59.01106575635014,54.02085912053655
75,59.01747672977929,54.03311760655912
75,59.02803714395588,54.018657145121445
75,59.00188503037413,54.01896438818847
75,59.00048479315833,54.02585280869301
75,59.006151151756,54.02249907688552
75,59.01153445383101,54.01563599125651
75,59.00278206001354,54.013806437493635
75,59.010062216715085,54.02781432853795
75,59.015284902394036,54.01170037222862
75,59.02092478260601,54.0226095033912
75,59.01912261972578,54.00664997080479
75,59.02492936541123,54.01638138856817
75,59.00615450104127,54.016464412357884
75,59.01484422574471,54.02597123491617
75,59.02051990413364,54.03068282283308
75,59.02130755239914,54.02598980610499
75,59.00646673258883,54.01617110376492
75,59.0035289531841,54.0204509813149
75,58.99786964342124,54.02024836815758
75,58.99848369722186,54.02420307548521
75,59.00169018558123,54.01166244276431
75,59.02233758391986,54.01177214840271
75,59.02628817239235,54.02207168331387
75,59.010838991765674,54.03016048086799
75,59.002193979227705,54.01984324277632
75,59.027247479172225,54.02663354139629
75,59.01131791731514,54.01542608792669
75,59.01529956890989,54.00568209891066
75,59.00821969315089,54.02539992291071
75,59.00692725494818,54.02474091739491
75,59.02349953329116,54.02967826558582
75,59.0158217253225,54.03464604630172
75,58.99848791225041,54.02024989541622
75,59.02105012874484,54.013157067458685
75,59.02110969591404,54.0126177772139
75,59.013553203196906,54.01538796883657
75,59.01739818374452,54.00821054254417
75,59.00330718769413,54.01179019509107
75,59.00678079099499,54.00860882389911
76,59.00225730697941,54.02799439205529
76,59.01352397356572,54.00987382505441
76,59.01196162734748,54.02548140626365
76,59.00547241757407,54.02336587215507
76,59.01765720333976,54.03405842824174
76,59.02295774081569,54.02960223743144
76,59.02397515329644,54.02642782025554
76,59.00646673258883,54.01617110376492
76,59.02119820310559,54.02196257473036
76,59.00241158179773,54.02400134916421
76,59.01856347899211,54.007149381425094
76,59.00476854030111,54.013138927240966
76,59.0060299206652,54.00997736502476
76,59.01599924749012,54.03331246114302
76,59.00619488933259,54.031341423169124
76,59.02132995135608,54.019670169065556
76,58.999896436519606,54.016488267957335
76,59.0082124118035,54.02079690754433
76,58.999024557377744,54.02615567575557
76,59.01065812558288,54.013735263209796
76,59.02275013413991,54.02591087571484
76,58.999287875634266,54.025747999843745
76,59.00965546520361,54.02289893524734
76,59.02353709038482,54.02839726773633
76,59.012624579802576,54.00644711780634
76,59.010151971088085,54.014619324098916
76,59.0042734910329,54.018020110671586
76,59.00479475816263,54.028403322880614
76,59.01269010829109,54.031359497109136
76,59.01022625553122,54.034792393133415
76,59.00550468644526,54.02794256359895
76,59.01010453043339,54.03525873993988
76,59.0200512720771,54.01055245674292
76,59.0158986053285,54.03390235465434
76,59.016088816693674,54.0248958670204
76,59.00657643548299,54.01307332748579
76,59.009717589959415,54.0103892801852
76,59.015925749801525,54.02046059193688
76,59.01668120171782,54.015439803147366
76,59.02030241397857,54.024206420127385
76,59.01393557709617,54.022189012678744
76,59.01010770247524,54.02781433641417
76,59.00935991723722,54.01934729918845
76,59.009349449381276,54.01516299212026
76,59.02275013413991,54.02591087571484
76,59.010809339669436,54.02552624712232
76,59.01098567201852,54.02250063263002
76,59.01895948618627,54.024667938603564
76,59.024445425169056,54.012109598702544
76,59.02730065352858,54.02474830305495
76,59.02430952425867,54.01901360652627
76,59.0110832728542,54.02541906048608
76,59.00809864083361,54.02315789664412
76,59.02783058684547,54.022095257993605
76,59.00478203193625,54.01104424233789
76,59.01483705760261,54.0119624317016
76,59.00240928430902,54.0109380289404
76,59.020326811526914,54.019857232935856
76,59.02444307513306,54.021326913563996
76,59.013080513732646,54.01760614247617
76,59.025182832641775,54.01205191652128
76,59.01393574329484,54.00769935862472
76,59.02841887093908,54.02483143563384
76,59.011095141608486,54.03167749201881
76,59.00988155616649,54.03364148648409
76,59.013337039401065,54.01730440655277
76,59.00600605818255,54.01953591635076
76,59.02527189813137,54.02447208165681
76,59.0160889132532,54.010868498920075
76,59.023117004432855,54.00966580914747
76,59.006284702972195,54.02019909237102
76,59.0169382258976,54.03145062634817
76,59.00907339872915,54.02773564252678
76,59.0181662722763,54.02044067606155
76,59.0244277883768,54.012567751391465
76,59.00485949803518,54.01057686330678
76,59.00618675398344,54.02767881525473
76,59.017943410316576,54.03163682070621
76,59.00491371481894,54.017662156495696
76,59.005758796463056,54.01190210953895
76,59.00481198794286,54.016757573470514
76,59.02598463898042,54.023670083341756
76,59.01613172030358,54.03193230984883
76,59.01544797620915,54.03335696165178
76,59.01263020296471,54.02042132023645
76,59.001310086261824,54.03031271816942
77,58.97433602150862,54.01526167682767
77,58.9825565885475,54.025522508309614
77,58.979002935577824,54.018682431391895
77,58.98469258670807,54.01688708058755
77,58.993879810819585,54.01813744950536
77,58.99573149632509,54.012711070746185
77,58.98695400718951,54.004866713842375
77,58.96884376266768,54.00459899109774
77,58.979901263028914,54.02711369186372
77,58.974198158847955,54.00478180105074
77,58.97426782183266,54.025165591308614
77,58.97760044235756,54.00349496632724
77,58.985851187271194,54.0093563435666
77,58.97518503828133,54.02146910030143
77,58.98215541402898,54.027867415446494
77,58.973166149408165,54.027728788584106
77,58.977988653622624,54.00326775101955
77,58.970599511013646,54.00904070314495
77,58.973270998732126,54.02555943689955
77,58.96769470946951,54.01854929508684
77,58.97211570015526,54.0128661205899
77,58.98178164226046,54.02728047075361
77,58.9749858847809,54.02302175150587
77,58.97859367121289,54.01508185290818
77,58.96827418565717,54.00981534176671
77,58.9729999965704,54.01092033080556
77,58.979969891057635,54.01662678578251
77,58.9781449103841,54.018627279992025
77,58.97997948479887,54.013377503627716
77,58.97313319822668,54.02523535502886
77,58.97630480631119,54.016260244909546
77,58.99151772017648,54.013825299915446
77,58.969026590671604,54.00641659407695
77,58.97772231349341,54.01134327101692
77,58.982762231759295,54.0130599501205
77,58.974840948876775,54.000631578335266
77,58.984121337669876,54.011042786354
77,58.97461581723359,54.01921345585939
77,58.981877570946985,54.01055886249327
77,58.98735223089676,54.0117679490453
77,58.989543148765385,54.01776935263929
77,58.97176917198276,54.00849762210978
77,58.98145577324364,54.02033729669599
77,58.983987419355536,54.018451682319906
77,58.977193233674164,54.00781265575856
77,58.978687462823714,54.00238756377839
77,58.968549555649915,54.01548491667893
77,58.98689241940094,54.0158811374543
77,58.984684583309935,54.02090008219947
77,58.976052809925186,54.02167712618443
77,58.96558193708041,54.017097983594944
77,58.98137319657069,54.0108434717058
77,58.98424605602442,54.00388119411026
77,58.97604802255456,54.012272181293895
77,58.9711646318926,54.023924520756665
77,58.9892943211959,54.01187507281235
77,58.98057879996172,54.02008200318087
77,58.968654627326195,54.01641147447349
77,58.97168379704938,54.01274127767211
77,58.97942999479684,54.026758265457275
77,58.985104441125415,54.0068775859826
77,58.97535802045932,53.99975016879271
77,58.99257373844564,54.020024452366435
77,58.986117393772304,54.02166188867441
77,58.97106240474979,54.004993192124616
77,58.99173856852108,54.01821195339158
77,58.99063165210721,54.017449575997574
77,58.990541193483075,54.02595261064147
77,58.98315206407847,54.02293777526939
77,58.984636688378345,54.00546519631154
77,58.97857093367904,54.00735761284789
77,58.97339235086967,54.018094765418226
77,58.97694633318331,54.00651769123274
77,58.97298577452812,54.02476330738519
77,58.983466300233424,54.01877541350108
77,58.99370765067738,54.007886575262695
77,58.97873621939253,54.0174619860867
77,58.99203687344117,54.011600375549875
77,58.98077714278142,54.01140447087462
77,58.977140062618616,53.99930871514303
77,58.97236763395395,54.01692018854563
77,58.98153145759602,54.00809864486405
77,58.98857002275521,54.00381523790697
77,58.978561047097756,54.016634066598144
77,58.96836093640644,54.01436804486935
77,58.98269397950741,54.01512874459145
77,58.9850518639638,54.02170997180708
77,58.98876896444645,54.002134654401154
77,58.97656643560408,54.01169569484675
77,58.97597001351504,54.02511321172192
77,58.97815322501033,54.00548392146784
77,58.98054130512361,54.002310463262035
77,58.983987419355536,54.018451682319906
77,58.981472415789206,54.0221136514392
77,58.96830270350527,54.013684012168426
77,58.988756793678675,54.00461981339046
77,58.981080012805016,54.009631027676825
77,58.97711274519457,54.027195450662035
77,58.99512457581224,54.0171071919433
77,58.96786249725843,54.01781396783109
77,58.98033221594352,54.02423418254662
77,58.984346236150806,54.008785809391945
77,58.98044779538322,54.00821960453406
77,58.9841061506394,54.018533117063875
77,58.97138165131932,54.01963111237035
77,58.98902605831081,54.01038952558186
77,58.98834091933157,54.00392716050028
77,58.98904082416824,54.02401500068643
77,58.991885713600354,54.00508920220156
77,58.97908402851972,54.00343510899027
77,58.97498714130336,54.017414448566996
77,58.98984428506211,54.01100752867325
77,58.96718502486828,54.01122444453764
77,58.99302083501913,54.015694459543305
77,58.988743144176816,54.01760009317452
77,58.97467592044595,54.02603765756981
77,58.99065538099362,54.0109179783627
77,58.969860198050135,54.01828102943525
77,58.99019014217231,54.02369619344049
77,58.97655472858851,54.00927623029199
77,58.98665266248662,54.014612558556195
77,58.98632212454017,54.02569034074821
77,58.97324640412279,54.00938477748763
78,59.014226584079495,54.012337660271264
78,59.01053013633715,54.034988131074456
78,59.01792928040739,54.01697850070532
78,59.019508915146446,54.02215221037856
78,59.0165790555225,54.022882173995605
78,59.006438174727904,54.007433358400206
78,58.999053607502695,54.0259228414738
78,59.00888204450447,54.01581355637882
78,59.02411734754211,54.01660981382351
78,59.003698379476525,54.022523700727255
78,59.02215627129989,54.00896809215064
78,59.007049042961555,54.02540085897346
78,59.02252035707046,54.02584964912181
78,59.012793327418365,54.03310876849446
78,59.00253967918165,54.02903422159265
78,59.02138725860039,54.01934904689316
78,59.016548518701846,54.02986256037481
78,59.010710273607934,54.025043587925595
78,59.020086308443965,54.022389372490956
78,59.00748141748153,54.026974027267414
78,59.019251804181145,54.01100467172398
78,59.02791234317365,54.02465637618835
78,59.01986440579687,54.01831367774348
78,59.019923424654095,54.010643464378674
78,59.02246523283001,54.02780970174252
78,59.02198656268823,54.013021266597896
78,59.00223218336302,54.018261228477385
78,59.00518672842963,54.03368667804217
78,59.01986440579687,54.01831367774348
78,59.01305425534391,54.025371815833225
78,59.02048318234421,54.02284634513247
78,59.02791833702702,54.02354218595038
78,59.01674640178144,54.02400137920441
78,59.00732962533367,54.01469419075403
78,59.010191095395356,54.02981847780083
78,59.01908319683366,54.033392638429554
78,59.018845331315404,54.0142240898744
78,59.007028024093,54.02770455265363
78,59.00615450104127,54.016464412357884
78,59.01560483923374,54.02135349052131
78,59.018331144965956,54.02366382683706
78,59.0153681735909,54.03086759186407
78,59.00245187094724,54.01382615255605
78,59.00047912406879,54.0291720857826
78,59.021765062130136,54.01117831800173
78,59.0020664813967,54.031744224491874
78,59.00228418240591,54.01904333761532
78,59.02263962587163,54.01389549106445
78,59.01863818741271,54.01269525618749
78,59.01321129522352,54.02964372477203
78,59.01327600254922,54.02247968960776
78,59.0041219408077,54.01719939081043
78,59.018718700480136,54.015976938011924
78,59.02296683245387,54.01836392888169
78,59.00507766678882,54.0169303424804
78,59.00856143798091,54.0079260063444
78,59.02166204749174,54.01988357086135
78,59.01451979091436,54.01019369059771
78,59.02771022935761,54.015208371083986
78,59.021685391939286,54.01335624455885
78,59.010166966540055,54.01847115142809
78,59.01493949731501,54.012013004195964
78,59.00755497020841,54.02453752824252
78,59.00421172843088,54.02260315623814
78,59.01696846942147,54.035086493673575
78,59.011991229502264,54.01375814114755
78,59.02027779271051,54.01271193548823
78,59.00506214266637,54.02381966365316
78,59.02873476987153,54.02303784667799
78,59.01762088514169,54.016263445272735
78,59.00041578852837,54.01827290825902
78,59.00744356416088,54.02557400073038
78,59.02033739972017,54.007600373924134
78,59.01692821629382,54.02796926370499
78,59.00844108929175,54.00634042442052
78,59.0150882362076,54.01173759635525
78,59.01635854410473,54.02871804482658
78,59.01090368667143,54.009291697559874
78,59.01736616409788,54.007562326794876
78,59.00990300518301,54.00659861223955
78,59.014767914668724,54.01908377519205
78,59.01263020296471,54.02042132023645
78,59.02049571111092,54.02585634113498
78,59.01408550877373,54.02590912479791
78,59.01890671484104,54.034972865650005
78,59.00830556563611,54.026844466845084
78,59.000037342411396,54.01739761990864
78,59.021211784991095,54.01783523809166
78,59.02321881630991,54.01273214957086
78,59.01053013633715,54.034988131074456
78,59.01816746153846,54.03521879966382
78,59.00554143982893,54.01441233351508
78,59.02115834792486,54.02422207320382
78,59.01752730959963,54.02217298166993
78,59.02507338367501,54.01300845878255
78,59.02130949607298,54.01095656116911
78,59.01465535539748,54.015659026319035
78,59.013657401092274,54.02322917598568
78,59.00590231571707,54.0220212437386
78,59.00309824192057,54.01166120288908
78,59.01787859575297,54.033586003684675
78,59.01109398384025,54.01992389664854
78,59.01765720333976,54.03405842824174
78,59.00167105741372,54.023869742936796
78,59.00709521489994,54.01324428463144
78,59.01762088514169,54.016263445272735
78,59.0144611570885,54.01239451598956
78,59.0047531111281,54.02734681816106
78,59.023097804757725,54.01459479160487
78,59.0258204374451,54.018283942670415
78,59.004036537927774,54.023822758395085
78,59.01755742558839,54.0329273465572
79,58.99557056834079,54.01433594255371
79,58.970231797909285,54.02539756693632
79,58.987250462129694,54.00320774000882
79,58.992395127069194,54.010093203281386
79,58.98606644676053,54.0276552775135
79,58.98972222410809,54.015449085828
79,58.99184642153162,54.01726898688937
79,58.98342788324523,54.005974625476355
79,58.97274976946998,54.01964703469276
79,58.97327376948516,54.021811392040995
79,58.968025288869235,54.018375388744545
79,58.97707443778008,54.00502298527657
79,58.9784769096273,54.027898578603455
79,58.98648929409202,54.00784907155511
79,58.970352740321175,54.0040427086449
79,58.97537255271585,54.02051908111105
79,58.984626891494685,54.01371513651117
79,58.974235067420054,54.01536917376021
79,58.97851633327422,54.02300683434721
79,58.974420122276975,54.01157172347378
79,58.9832339212577,54.02620159376752
79,58.98132173682527,54.02852418954609
79,58.972376834339244,54.01620051010386
79,58.97966479592774,54.028421562759775
79,58.98604540231465,54.023420786590826
79,58.98027559795741,54.01670115762048
79,58.99316066972555,54.02007257960962
79,58.980835871232536,54.015451426700714
79,58.978755465344456,54.01397322460757
79,58.983163461898926,54.019619584049806
79,58.97989113704076,54.014196115227236
79,58.98228799291963,54.0185065935143
79,58.975417546031466,54.0178915628721
79,58.986325063420104,54.02720759255026
79,58.98077515331979,54.007276817330414
79,58.98028304003697,54.0218682412819
79,58.97898565324212,54.014530302326015
79,58.98684991095584,54.022953998458014
79,58.96564875064842,54.010872249684844
79,58.98206516235028,54.00657084402791
79,58.97870595209521,54.0043735153374
79,58.976448334234064,54.015793271850704
79,58.98248183680172,54.0160090920853
79,58.97630480631119,54.016260244909546
79,58.98216896763515,54.01262727139691
79,58.988006399185764,54.01880509696439
79,58.9707857908124,54.017082763831894
79,58.97701699111641,54.00973154365471
79,58.9879218323478,54.0158189374285
79,58.986603284426806,54.0102218470086
79,58.98428462847353,54.02239517124264
79,58.97216506979071,54.018620499584934
79,58.98988159657452,54.015865013412416
79,58.97697145735948,54.01136017096485
79,58.96745443096012,54.01967757561646
79,58.97749254281374,54.02397626056936
79,58.97184423233088,54.010057923017584
79,58.97576750586881,54.02722040262183
79,58.98576289745761,54.01439096781852
79,58.97767304495179,54.028161159982155
79,58.975466135278474,54.0179551431496
79,58.9693827094569,54.01305439483051
79,58.98646531535318,54.00270664898734
79,58.9872895243642,54.00392022669417
79,58.97082532449444,54.002227985341584
79,58.970232876607,54.014561260188685
79,58.977368531763325,54.01827134332969
79,58.9777091096662,54.01526685743995
79,58.98332207432922,54.00832377105826
79,58.98266962739599,54.00962753909599
81,59.011196597501446,54.02121720032267
81,59.00260087475988,54.01544732390975
81,59.00649762668425,54.00081456708836
81,59.007334383050825,54.01980086283374
81,58.99865146617108,54.017037498500535
81,59.01158389559866,54.00953761976084
81,58.998795680391765,54.005718071196284
81,59.008162585594505,54.014275097364454
81,59.013206341735,54.01654232304561
81,59.015478612383085,54.021354734533006
81,59.00387998214171,54.02043469329528
81,59.02191096835962,54.01004588218397
81,59.00429373636512,54.0126000526761
81,59.00527046915971,54.02152594765847
81,59.01625240162138,54.010762854062726
81,59.00745955204796,54.0240822020713
81,58.996793198637604,54.02026122499122
81,59.012082759406425,54.01375146852937
81,58.992707232578766,54.01846759936933
81,58.99909327687398,54.00952332251503
81,59.01855014358476,54.01697185558197
81,59.014324891901744,54.021796059760085
81,59.01913453640763,54.019778087155366
81,59.00520897724396,54.025381842210464
81,59.00755340028585,54.01956761495548
81,59.00131821271496,54.00941327448247
81,59.01147584898183,54.01767021143543
81,59.00210572631413,54.010191720627134
81,59.020346875085544,54.0218992898915
81,59.00188503037413,54.01896438818847
81,59.01095405204619,54.026873218294895
81,59.017156102239845,54.01024016504019
81,59.01044496251471,54.0056018466993
81,59.020165230833086,54.02270603700643
81,59.008840789845635,54.016756596701
81,59.019849092480655,54.01131671518572
83,59.01525039868466,54.024851275753406
83,59.00684039481384,54.028515730109476
83,59.01843607218868,54.01974341048146
83,59.01352397356572,54.00987382505441
83,59.006801505545994,54.02235571061012
83,59.00266281107176,54.023052026214565
83,58.99377586752825,54.013074697364836
83,59.01660401978128,54.021839463181706
83,59.00514496267824,54.02646484788826
83,59.01478204072494,54.019557170409485
83,59.01995730993161,54.02108072979357
83,59.01515378529073,54.02701753388903
83,59.00736551171233,54.010132466212504
83,59.00509674599854,54.019953838484646
83,59.014291926278666,54.01584366698757
83,59.013417675853795,54.00816746785946
83,59.01591010277476,54.02923654938482
83,59.01435014702814,54.01019670625337
83,58.99863018396685,54.025815596259015
83,59.01230180220966,54.02094766723005
83,59.008616806421216,54.021241697287955
83,59.00042917382592,54.00365059841071
83,59.01269331636205,54.01489671688208
83,59.01789835655747,54.0085280097773
83,59.01519161155553,54.00961729473591
83,59.01204169459678,54.02128973878554
83,59.011297086753885,54.00469010739528
83,59.01713328796809,54.0176469924214
83,59.00285112979127,54.02490246568432
83,58.99969854731001,54.006964388134136
83,59.01612085813614,54.01119287845823
83,59.0181662722763,54.02044067606155
83,59.0123143084454,54.02159489362402
83,59.0086418741701,54.02031004816097
83,59.00942873464489,54.020810936050275
83,58.9971332976369,54.024120023125484
83,59.00946719132584,54.02346398481264
83,59.01848771049576,54.01985232067907
83,59.0131029740714,54.0064876783411
83,59.00172721545795,54.01549683960153
83,59.01325860731632,54.014278272813385
83,59.01681674721716,54.02384749923182
83,58.9957077702906,54.01220191086597
83,59.02033739972017,54.007600373924134
83,59.00575431996465,54.01409694634973
83,59.01195261291437,54.015667323517604
83,59.01446300597968,54.019408666188625
83,59.02217875806191,54.01163338984911
83,59.00245187094724,54.01382615255605
83,59.00934502420008,54.00534768168374
83,59.00954503939656,54.01298188252074
83,59.012576176018186,54.007402379980725
83,59.013021300585315,54.00843131758963
83,59.01990708780026,54.02088020779676
83,59.004331668551906,54.01384552255074
83,59.0039537301984,54.01596596174268
83,58.99229344453701,54.012304597065935
83,59.01319630166672,54.0070708910949
83,59.01741787803292,54.024527534359734
83,58.99527298311897,54.02213456037237
83,59.01367887957375,54.002001472225324
83,59.01008725116927,54.022277372713695
83,59.004793056692385,54.022847986751025
83,59.00935991723722,54.01934729918845
83,59.006161472305,54.00426131227974
83,59.00001661119898,54.024751356457166
83,59.010935264622,54.01836467142706
83,59.00212639838114,54.02370512111658
83,59.01777380827317,54.02604101631804
83,58.99835261359661,54.02290131351227
83,59.01317081615532,54.00463867606261
83,59.007061754221695,54.003195580575145
83,59.01028123674139,54.01620636424144
83,58.99887707545085,54.010961864076286
83,59.01317081615532,54.00463867606261
83,58.99956639920761,54.007691164138926
83,59.01733777990977,54.01422623188499
83,58.9985395080181,54.02668908929652
83,59.00985632404511,54.00424866063016
83,59.01585975880316,54.01340461862213
83,59.00899518523436,54.01994929569563
83,59.01375655779534,54.024300262149644
83,59.00639738878098,54.0076916165733
83,59.00717320690565,54.02060991081121
83,59.02093047859691,54.01890031536879
83,59.01527581296639,54.01287935580522
83,58.99521137997533,54.02319088046045
83,59.01419943323321,54.00920350398532
83,59.011946859982494,54.01568667631164
83,58.99342770309283,54.00940478849557
84,59.02666617111918,54.02760353497607
84,59.00615450104127,54.016464412357884
84,59.00634996334358,54.02899241901927
84,59.021721986361555,54.03023597750795
84,59.009272414674044,54.0284491417386
84,59.00646804988844,54.0275465718662
84,59.0158544818158,54.01151868408861
84,59.002146175425366,54.031037557006954
84,59.011171936301125,54.026615166097905
84,59.01578093287826,54.01644698584741
84,59.007860095476666,54.03042732344931
84,59.01883166141053,54.0307268840404
84,59.00991169396053,54.019118512019425
84,59.02024422663103,54.011568298307964
84,59.0235557512633,54.011742415368175
84,59.00516164140523,54.02480555864045
84,59.01439437407155,54.0293348503466
84,59.001082238031366,54.02070389286931
84,59.01908319683366,54.033392638429554
84,59.01613188172414,54.023848586668535
84,59.00896433009552,54.02017789897173
84,59.01822491107298,54.03129122386301
84,59.01816733427107,54.01876783691456
84,59.01761251003351,54.02974005960972
84,59.01377428880808,54.02396876508642
84,59.01291065213456,54.0097439853888
84,59.0147606330848,54.012768770731405
84,59.00755340028585,54.01956761495548
84,59.022854922253416,54.02786212150277
84,59.00874639289229,54.01617930128934
84,59.013976683132775,54.023615431583174
84,59.00432920946252,54.01010345451363
84,58.9981792891994,54.02022988163178
84,59.00615671861549,54.0311932459534
84,59.01766017760435,54.035408329044515
84,59.017822534713424,54.01874202301458
84,59.02603715906859,54.01710808039116
84,59.015403021974016,54.0350397425288
84,59.01787859575297,54.033586003684675
84,59.012035229408525,54.02281123293878
84,59.01322021910525,54.01897888325658
84,59.010833672867804,54.01602268466607
84,59.008067017463695,54.01748087974095
84,59.014048884141296,54.02726190891689
84,59.00901283359839,54.03570051099144
84,59.0257555059803,54.02422628320542
84,59.00184305096465,54.01587883611556
84,59.027436612543724,54.02086998250308
84,59.02436807989265,54.01582914469107
84,59.02346961506696,54.03082879752204
84,59.02310721741472,54.03093801492163
84,59.00362978164181,54.02587077894465
84,59.00341639227008,54.02979661731579
84,59.016344062930834,54.01356938966316
84,59.01732187379634,54.0328678888059
84,59.010286426519606,54.01175753095882
84,59.00771050675868,54.03175482684833
84,59.02124161984662,54.02860358228091
84,59.01499164692193,54.01580543992483
84,59.020820080201275,54.00873220618201
84,59.00133270390283,54.012560360593845
84,59.0110244571783,54.019185547124316
84,59.01923609654478,54.012904066288804
84,58.9997572683112,54.01437283955599
84,59.00803903541403,54.00725778096975
84,59.01215983648439,54.00854421536291
84,59.00628237119323,54.02425806151545
84,59.026302999837625,54.026967534053306
84,59.00888204450447,54.01581355637882
84,59.009055930150296,54.021621388061504
84,59.01134820927674,54.03647681943622
84,59.008570356471544,54.031033863572766
84,59.0082124118035,54.02079690754433
84,59.01562866027715,54.01573366160672
84,59.02269371404112,54.02800641380878
84,59.00171162431052,54.02174992497611
84,59.0157648781811,54.021023983762475
85,58.97752956218776,54.01469387709436
85,58.98671464423561,54.0241029958036
85,58.993527400125046,54.0180382404722
85,58.98459161986131,54.010419659267754
85,58.97904130984016,54.000324712450485
85,58.97033928826749,54.01074386402161
85,58.98529283740509,54.01662251546606
85,58.97963491718706,54.00968458910313
85,58.97316902658806,54.00808230954571
85,58.978086663725634,54.00642725682784
85,58.972774157010186,54.00168926551167
85,58.985471833423105,54.02109775529258
85,58.97257121882966,54.01241316314508
85,58.98665266248662,54.014612558556195
85,58.97243813025177,54.01322655772357
85,58.987993004985704,54.01849189775736
85,58.973105553641076,54.007957315907205
85,58.98001292175599,54.021834541787435
85,58.97388215830788,54.01552191475324
85,58.96929850841865,54.007460971413664
85,58.988833989644945,54.01465725592538
85,58.978706495584994,54.0026925360195
85,58.97933528188742,54.02339136855619
85,58.983668596636285,54.02582952726369
85,58.989018743238276,54.00326718697607
85,58.983826413431935,54.0147855751493
85,58.97296045050551,54.01464161859198
85,58.98186900383863,54.00619938446604
85,58.974661783971854,53.99995999211793
85,58.97244766143916,54.00415238908163
85,58.98266962739599,54.00962753909599
85,58.97780098035271,54.02220995557551
85,58.98582345773519,54.01970459451897
85,58.99165639662654,54.01920256744277
85,58.974548849097246,54.02798538271732
85,58.977986752403076,54.025534332141596
85,58.98499754475239,54.01454765134506
85,58.98030504100447,54.022615973554124
85,58.97870595209521,54.0043735153374
86,59.02711234923691,54.02315909175026
86,59.01661005849143,54.0183314536585
86,59.00904196316546,54.022153572065946
86,59.01593425818212,54.03564118871602
86,59.01883948547659,54.01719325179435
86,58.99927052444342,54.02076067604316
86,59.00908782890244,54.01401743398103
86,59.01612298451242,54.00813912608421
86,59.006451807816376,54.02218881099624
86,59.013793660788785,54.016195536129096
86,59.012145993102365,54.02622554094822
86,59.01213472016315,54.0272913687572
86,59.020345898757434,54.02650286483285
86,59.00165449959517,54.030698115249905
86,59.01607035293025,54.03571966317081
86,59.028333845920095,54.02147307352025
86,59.01612085813614,54.01119287845823
86,58.999921698505084,54.02798995483086
86,59.00158231594257,54.02676972072745
86,59.02138699046405,54.03024257080314
86,59.018776050885485,54.01643613276983
86,59.003960362472434,54.023611709849725
86,59.009783663035535,54.032687834485806
86,59.026013002356514,54.03035033287174
86,59.028825071380204,54.019083950490334
86,58.99865334119324,54.02152329158658
86,59.025305172848995,54.01849052855868
86,59.01291395310506,54.01991949887828
86,59.01012937695334,54.031397227632155
86,59.020611785441,54.00831196486407
86,59.01239877053338,54.01970458946534
86,59.01758297988828,54.020237471217285
86,59.01299482995936,54.02371789756751
86,59.008533411036375,54.0193950667516
86,59.02483411366058,54.030650139594826
86,59.026653948420325,54.018338740401575
86,59.01835099924487,54.00681380973882
86,59.01006462400899,54.03500795826891
86,59.00554143982893,54.01441233351508
86,59.01812483088501,54.029227100783494
86,59.01654127447766,54.02177124382474
86,58.99949377117672,54.02490383105689
86,59.01913748004164,54.01002722016534
86,59.023738269699024,54.019810922559834
86,59.02568083066028,54.021509088290244
86,59.013368647206065,54.019590658375364
86,59.00243358468544,54.021869953891915
86,59.00083013516711,54.01158640982763
86,59.0079131880029,54.015793223899
86,59.02193735021601,54.015860794445494
86,59.00152803046101,54.02563347043322
86,59.0068461383965,54.016991188835995
86,59.02133613719731,54.02604734963759
86,59.014318614968154,54.02973072286998
86,59.0064502161299,54.034073403817686
86,59.01177980671471,54.02383089717757
86,59.02793068310543,54.01753327926514
86,59.013760144666215,54.01193046417568
86,59.00991169396053,54.019118512019425
86,59.02492936541123,54.01638138856817
86,59.019770585351615,54.03160645523681
86,59.02835804838725,54.024657676002256
86,59.01131791731514,54.01542608792669
86,59.003153760375575,54.01917706347595
86,59.00906888665028,54.00841727290494
86,59.012878692411,54.033166687711876
86,59.011042697787154,54.03474666764052
86,59.01196162734748,54.02548140626365
86,59.002783893117346,54.021676980732686
86,59.012099195335146,54.03644135080755
86,59.005223959068125,54.03431316787517
86,59.01180321461581,54.02385839380222
86,59.01346735841058,54.02016310968264
87,59.01797097063201,54.024620861374245
87,58.99296786689315,54.01487908414548
87,59.004749634614754,54.030460556587606
87,59.01344356824068,54.013488524879826
87,59.00402431076204,54.01751780246177
87,59.0144611570885,54.01239451598956
87,59.019742407068975,54.00847700345108
87,59.00576035233298,54.02613867369762
87,59.00252129407221,54.0104082737281
87,58.9954636981883,54.01984042033523
87,59.00024009842479,54.01951788460155
87,59.00310446649077,54.02034555498052
87,59.01842731130708,54.022567140333535
87,59.006195220963605,54.03144258162482
87,59.005935598701846,54.01998915863508
87,58.996761748280775,54.0271941271029
87,58.99742529194369,54.02490972255532
87,59.00584571607175,54.00052656907963
87,59.004583224487746,54.01164008927273
87,59.01549406682328,54.01938258868397
87,58.99951914135327,54.02096019931328
87,59.01464180494609,54.0163747291596
87,59.011186461212326,54.00516697293182
87,59.01314978475098,54.02552797460244
87,59.01439437407155,54.0293348503466
87,59.007788073530065,54.02495001343973
87,59.00911699726486,54.01008820832526
87,59.01554416981161,54.00774337304639
87,59.00907284114164,54.00323168564501
87,59.01443044186946,54.02294916689862
87,59.00045483118949,54.021695143953515
87,59.01281047194408,54.01532349749843
87,59.0146285876435,54.02161339963952
87,59.01103192428125,54.000845593237315
87,58.99316066972555,54.02007257960962
87,59.00885618089985,54.00656007636542
87,59.00057782773458,54.0153635251311
87,59.00561643619411,54.02501731945316
88,58.98329650054352,54.00703418640982
88,58.981894166985384,54.01940473161047
88,58.96942073224356,54.013354162518496
88,58.985851187271194,54.0093563435666
88,58.99418904590964,54.01068972538315
88,58.981238784774916,54.01701107971165
88,58.99272298256054,54.01666647032309
88,58.985257636406125,54.00475307716417
88,58.96967304811616,54.009556347576826
88,58.9843216572546,54.02661804550407
88,58.977826558379114,54.02361719669045
88,58.977370297088136,54.01557493218628
88,58.99088469373077,54.00398369224864
88,58.98478058476419,54.018157026028284
88,58.982433986260055,54.00352060645781
88,58.98123319959656,54.01108944636486
88,58.97843490092028,54.01584487545253
88,58.98427399469347,54.01194534321497
88,58.98985017732512,54.02113286776501
88,58.97316902658806,54.00808230954571
88,58.97921386171331,54.02354832827361
88,58.978813922477265,54.01425839310422
88,58.97953256825489,54.0049340918134
88,58.98384266634667,54.00227692786198
88,58.99354473335593,54.00902479027003
88,58.971465917186805,54.02128056893655
88,58.97842761649732,54.00578402563809
88,58.97448711808951,54.01564090349852
88,58.98454589352294,54.00745762654062
88,58.97204754173053,54.005370513242354
88,58.984342904643235,54.02871597381536
88,58.976649350749994,54.006373998759635
88,58.97564555424197,54.01972136023842
88,58.97440316865841,54.025943768937815
88,58.990229433342016,54.01834747157035
88,58.98759181826242,54.02688174101328
88,58.98622401755792,54.01316793864307
88,58.97750658326848,54.002990993349066
88,58.97109575588864,54.00431418208305
88,58.972892573103735,54.02653901231132
88,58.97518503828133,54.02146910030143
88,58.98668582171549,54.015184265445775
88,58.97956396257822,54.015663995918736
88,58.980164970238995,54.0273805098805
88,58.98173134774352,54.01575982469201
88,58.982505574804144,54.014158760937235
88,58.97776291253449,54.0042547875178
88,58.97239570787995,54.020481531699865
88,58.977802629312315,54.02153547964063
88,58.99091662936567,54.01309681347534
88,58.99552463368145,54.01333683270744
88,58.98535626086694,54.01811725782944
88,58.968654627326195,54.01641147447349
88,58.97046664164221,54.02098687308883
88,58.98467807087649,54.01718700232675
88,58.984170624912224,54.01817075453578
88,58.97836009550214,54.00896349010509
88,58.98147325636881,54.006834232408224
88,58.98352790789217,54.00821095536626
88,58.96947991466757,54.022916990053254
88,58.98576813098862,54.01193667452356
88,58.97280657310144,54.021280591134975
88,58.970784767213296,54.00660194362408
88,58.97745177120727,54.0053505972925
88,58.96920640948573,54.015431503428566
88,58.977226937404595,54.01404596546308
88,58.98708095396811,54.002188470985764
88,58.97283047916088,54.01998338570658
88,58.982766457944535,54.0218548478339
88,58.990065655971314,54.01067501202943
88,58.9883175924956,54.007426848499186
88,58.986770066023034,54.007412079265
88,58.978326954425704,54.01749076363429
88,58.98682052247096,54.024939318833134
88,58.96816235933386,54.015138637725265
88,58.986410551736164,54.00612340579805
88,58.985610493117896,54.01824447120629
88,58.968030356199684,54.00797271589539
88,58.97668108091318,54.00324239571035
88,58.98400083286555,54.00437694959386
88,58.98903845139879,54.007972941760094
88,58.985697138796965,54.00283889909802
88,58.97445544250407,54.02121512259794
88,58.98041518933759,54.00352146914043
88,58.97061325384439,54.01914728182157
88,58.96966329614956,54.01175602351379
88,58.97077398883656,54.00249012092701
88,58.97261205946514,54.005525360715424
88,58.976785639750574,54.01453273131606
88,58.99024557503557,54.01963712445669
88,58.96610623289518,54.01870749666278
88,58.986029303310666,54.00832729453222
88,58.97591173784624,54.00100353823792
88,58.98538740974727,54.00846048085259
88,58.98092211801242,54.009338607850864
88,58.983329487348165,54.02168422713984
88,58.977052129244235,54.025425753582155
88,58.9768583336985,54.028785975301695
88,58.97735331716249,54.01620720045873
88,58.96620049703452,54.00859550448341
88,58.99190054025083,54.00670033367769
88,58.98315206407847,54.02293777526939
88,58.989624167956826,54.01653204661618
88,58.99488197699014,54.01757943430397
88,58.98400083286555,54.00437694959386
88,58.977193233674164,54.00781265575856
88,58.97982062456648,54.01616145866485
88,58.98259367307808,54.0098816449897
88,58.98049926578952,53.998868917269846
88,58.97626319714407,54.00205594310686
89,58.9754497686633,54.005251716244366
89,58.99312022312355,54.00859559743824
89,58.98031982413286,54.024973384933
89,58.99024557503557,54.01963712445669
89,58.97820494246267,54.018626438368905
89,58.98963522535838,54.01974473983177
89,58.9858012557432,54.015871741019076
89,58.985016326663164,54.01430512779569
89,58.97202947165806,54.00899592838569
89,58.99000208388373,54.02183547439687
89,58.9681286396911,54.00605663684942
89,58.990673571140476,54.00475696163146
89,58.989052400535535,54.00857491120936
89,58.97548095511428,54.01766898381658
89,58.990673571140476,54.00475696163146
89,58.98575983715638,54.02212665573336
89,58.97750658326848,54.002990993349066
89,58.98576289745761,54.01439096781852
89,58.980326498371326,54.01123620584596
89,58.98606644676053,54.0276552775135
89,58.97498714130336,54.017414448566996
89,58.98213739333131,54.01500288475544
89,58.98386577127933,54.00328142810475
89,58.97942186002947,54.01117516321518
89,58.974840948876775,54.000631578335266
89,58.980013973022835,54.02144948579406
89,58.98940646519695,54.01969942990852
89,58.96770468246276,54.01958454331161
89,58.98524057133834,54.0042914538823
89,58.9727565672654,54.007084132242
89,58.983758168119316,54.012388709588556
89,58.97971289223654,54.02509141429546
89,58.96760798976381,54.02105489447113
89,58.98283971923187,54.00665635709209
89,58.9679440460643,54.00614216779398
89,58.982373618269904,54.01367971521525
89,58.984543438152144,54.011494828915026
89,58.97405429739311,54.0037612681813
89,58.99021746181888,54.002136796925264
89,58.9668900222491,54.00732029102411
89,58.96587802703103,54.009908160379176
89,58.97984664023304,54.02306677101606
89,58.97300667237802,54.015196057318725
89,58.97606061442038,54.01787963205935
89,58.969388641172344,54.004200963570504
89,58.972077795233446,54.01210268721511
89,58.972620884384455,54.023170014801096
89,58.987744427787725,54.01130853087317
89,58.97873621939253,54.0174619860867
89,58.99229173876519,54.016967672975454
89,58.97839120606782,54.00985779214561
89,58.97552154713789,54.007394848939626
89,58.97387818319756,54.01476183642705
89,58.97064853945085,54.00479455307579
89,58.986234103711354,54.001368533411096
89,58.973290146445876,54.02606524728998
89,58.988766675548675,54.008826419239064
89,58.98242096151519,54.006155841963384
89,58.97863758079706,54.00189634000167
89,58.98738574175423,54.00161060964657
89,58.988945662223756,54.02116506633034
89,58.98027559795741,54.01670115762048
89,58.993529941537155,54.013383930324316
89,58.96740214732332,54.01347555576961
89,58.981946448279004,54.01894432403792
89,58.97504044613686,54.021795978786365
89,58.98660056654984,54.01619605939822
89,58.99126908351882,54.020041278249835
89,58.97218943185107,54.02633063200054
89,58.980343440051726,54.009737278015294
89,58.97376570648226,54.0053581558983
89,58.98488885535751,54.00818591875367
89,58.972416288600044,54.00821425294206
89,58.987145096274624,54.00164808002133
89,58.96587185211944,54.014649476642866
89,58.967017457311755,54.01622937869561
89,58.97450354399178,54.008947322299406
89,58.96790831676343,54.010824805545504
89,58.97842546488509,54.02283754364375
89,58.98853065736082,54.00075771458511
89,58.98308577170511,54.018636469443294
89,58.98132173682527,54.02852418954609
89,58.98021784949789,54.02234210441495
89,58.96816423730093,54.011167384357826
89,58.98105892181788,54.00845312697473
89,58.987467783135756,54.00651822683932
89,58.993037041948455,54.00848844030911
89,58.98169818559139,54.01183329035019
89,58.98652030474356,54.005815472373826
89,58.970882396796036,54.008977679896695
89,58.96886633040196,54.01070020363546
89,58.976738629514436,54.02471429002355
89,58.96601073146186,54.01506914412366
89,58.98092178064788,54.016903143200224
89,58.96765673534166,54.01098585329232
89,58.968865102456576,54.01770698264227
89,58.99190781505072,54.013806877885315
89,58.97450354399178,54.008947322299406
89,58.97589879414124,54.021108567126326
89,58.979131037993284,54.00792008554378
89,58.97794366717959,54.01502760878764
89,58.98972621070219,54.02380188668553
92,59.026757820611195,54.02593124328927
92,59.02120086354749,54.028537830323685
92,59.014859430729466,54.02645891790843
92,59.02824455371965,54.02232201257275
92,59.00454474185501,54.02167013160682
92,59.00492694808888,54.030436281265715
92,59.01560339595351,54.02361538752298
92,59.008488590368415,54.02321477992586
92,59.01867230443029,54.02724519249461
92,59.000721298279466,54.0177411513931
92,59.00593819296356,54.033442141376625
92,59.02592388738755,54.012759769794705
92,59.0135846761066,54.014001430781626
92,59.01344356824068,54.013488524879826
92,59.02821877940145,54.025255170545876
92,59.023256066970944,54.01457487619816
92,59.02046925086931,54.01158271100932
92,59.01889224224623,54.00691158132652
92,59.004209924787716,54.00860202106029
92,59.02111374339247,54.02334296100349
92,59.000876965806334,54.017045289527104
92,58.99858923154312,54.02191061419136
92,59.014767914668724,54.01908377519205
92,59.0101245838259,54.017205870740646
92,58.99863018396685,54.025815596259015
92,59.006011392982785,54.016647074357834
92,59.020759061598696,54.0330966344489
92,59.01230180220966,54.02094766723005
92,59.003538642835,54.011821155151544
92,59.02301346306928,54.02019744849994
92,59.01979725230039,54.02037601031593
92,59.01321029821097,54.03402176899866
92,59.01615760301452,54.0065685564902
92,59.00178889760125,54.02833919159681
92,59.028825071380204,54.019083950490334
92,59.01057168606379,54.024720564882884
92,59.00485949803518,54.01057686330678
92,59.018399234985615,54.00916323066775
92,59.007718964502054,54.01291908618618
92,59.017928593902575,54.01751619749982
92,59.01011363348905,54.012542934715526
92,59.014353892501326,54.01461780665038
92,59.02141766174589,54.03291390104498
92,59.01669300859693,54.01173012188813
92,59.009485734732266,54.01004475022061
92,59.01660401978128,54.021839463181706
92,59.015295918583114,54.022575249828684
92,59.015414507181596,54.03358037402094
92,59.026334053077065,54.0181488082754
92,59.002047062471924,54.01854579164909
92,58.9986930195884,54.02555280297004
92,59.00836486992378,54.00701650728857
92,59.00537292015387,54.01940638018007
92,59.020907940642964,54.01500873532571
92,59.016835626834066,54.01851140209185
92,59.00610727465921,54.02393828100299
92,59.011114528003056,54.01255761018333
92,59.00109628801785,54.020803443240176
92,59.00407397336843,54.027587923218235
92,59.004761140048544,54.01943621015582
92,59.02144166072332,54.03310725122282
92,59.02087271764632,54.02537860517892
92,59.016835626834066,54.01851140209185
92,59.00950237736797,54.01351474464739
92,59.017508796120545,54.02909018152665
92,59.01730125997687,54.02264120439992
92,59.00697713510756,54.03397637238264
92,59.00739992302359,54.033471700723986
92,59.007796118961814,54.02622211772951
92,59.02817570824981,54.02295208210143
92,59.00630243917546,54.019625592664944
92,58.99863018396685,54.025815596259015
92,59.02505833161649,54.03005452146858
92,59.008147164958544,54.01908752094838
92,59.01929435248669,54.03524283303498
93,58.98505435322018,54.013522997684746
93,58.973879542058725,54.002861780652815
93,58.97664317196772,54.01737609375632
93,58.981798027884174,54.02329711219068
93,58.98823432158154,54.01181225283967
93,58.96723612446182,54.01492220879918
93,58.97594122317783,54.00134815743412
93,58.98823874344908,54.00119587616208
93,58.979362172861784,54.024502517227305
93,58.99175732533806,54.015711352689316
93,58.97038525900151,54.02001169139482
93,58.973270998732126,54.02555943689955
93,58.98760566456148,54.00300882076011
93,58.99497539474573,54.00834333140733
93,58.97517510458931,54.019931055718274
93,58.9802281947904,54.00483816780385
93,58.97719454034126,54.01842099756178
93,58.97616404469298,54.006808887955444
93,58.9838337053259,54.001373831548555
93,58.97084858105533,54.00889614220424
93,58.98452863189867,54.020328915608296
93,58.96809986554961,54.010170610851695
93,58.98375410233298,54.01698630453382
93,58.9838622407394,54.021689492505736
93,58.975510048917734,54.01472029926742
93,58.973711441139436,54.00877575312952
93,58.985580109859214,54.01796712844631
93,58.991368907020224,54.018859797140074
93,58.98754097780912,54.0125216470414
93,58.9755386879695,54.01360498807423
93,58.99318749859686,54.021487854853255
93,58.98759261471908,54.00300911911285
93,58.97227847684525,54.00268996491966
93,58.97884660939584,54.00799123249888
93,58.98149024294896,54.00272679574065
93,58.97601551785716,54.00132602731222
93,58.97078127156542,54.01189397120477
93,58.97082409144828,54.00697518000671
93,58.97082826310548,54.02349341707529
93,58.98259367307808,54.0098816449897
93,58.97055909011013,54.02497942700109
93,58.97935688053415,54.019588102738325
93,58.99500078200908,54.008643844489754
93,58.97133727446921,54.01746249985409
93,58.99552463368145,54.01333683270744
93,58.968008657055684,54.011238686164944
93,58.971774746335264,54.01992881605078
93,58.992868133499485,54.013024548842516
93,58.99229433165278,54.005778840970734
93,58.97621884009498,54.023290513777766
93,58.99057508096841,54.02237691651244
93,58.980681859117205,54.0294820023375
93,58.992555885808116,54.013973466619696
93,58.983466300233424,54.01877541350108
93,58.984159353014135,54.01825508313952
93,58.99210410326807,54.0158136909907
93,58.974591668428076,54.02008872019215
93,58.970619064095175,54.00321225111728
93,58.965568570258135,54.01476008108423
93,58.97173066357454,54.01898887333304
93,58.98724919986076,54.00681918795287
93,58.98926751180349,54.02630468460505
93,58.98115497572259,54.017616897314056
93,58.992759618837965,54.007160193629204
93,58.98219038749125,54.005452989826466
93,58.98962190328752,54.0196169546839
93,58.99201182191782,54.008911841408995
93,58.97882188585884,54.00173443088035
93,58.991247507473275,54.00975193526455
93,58.9822935180907,54.02343347448857
93,58.97435310797138,54.0204858180815
93,58.98739086540512,54.02588007551911
93,58.96601073146186,54.01506914412366
93,58.98739842525139,54.02144129829399
93,58.98828232698322,54.014516938059764
93,58.98677801826182,54.00346949821404
93,58.99148419307436,54.020529029029035
93,58.977060775622924,54.0106890804075
93,58.97179140181266,54.011985415285714
93,58.97864556249304,54.00578993430546
93,58.98410030830381,54.01338388268565
93,58.965262158880435,54.013593383384745
93,58.969678105491184,54.015402929647955
93,58.98363786751077,54.02134624602968
93,58.98414555869743,54.01151177808288
93,58.97620926901495,54.01681387030911
93,58.976669946704654,54.012176858915325
93,58.969367295656326,54.009539733511595
96,59.0002783387825,54.02065600028573
96,59.01469860029707,54.03273758156562
96,59.01860972041184,54.033051591401644
96,59.01044069090531,54.032744395049725
96,59.00475239428788,54.02965371743602
96,59.0147606330848,54.012768770731405
96,59.005908029746564,54.01441742314259
96,59.00071872906245,54.018325494963506
96,59.0073325873588,54.018841780903955
96,59.01314880626196,54.03609462495166
96,59.02246523283001,54.02780970174252
96,59.02138725860039,54.01934904689316
96,59.01873795290785,54.016327265077706
96,59.006114593774285,54.02862822192715
97,59.01519710206405,54.02518988491033
97,59.01378179096736,54.012694631493154
97,59.019039722776256,54.024158253542616
97,59.00837673629836,54.008354324985916
97,59.01162672528307,54.00926663742189
97,59.00509674599854,54.019953838484646
97,58.99722259503412,54.01890707448617
97,59.00590231571707,54.0220212437386
97,59.00794746080535,54.00041444308127
97,59.00432920946252,54.01010345451363
97,59.02091358462915,54.01461705735535
97,59.00562330063503,54.02868428668659
97,59.00161277290604,54.03021682529619
97,59.00489394458903,54.01808351986406
97,59.011908968694684,54.016316818334865
97,59.00479082039511,54.001040224912366
97,59.00786173858937,54.0110307002545
97,59.012431244971225,54.01970210371977
97,59.01019955093848,54.014998727450376
97,59.00141982713394,54.005462785579134
97,59.01398580637101,54.005266180558166
97,59.00537292015387,54.01940638018007
97,59.00478203193625,54.01104424233789
97,58.99826192826475,54.021553162362316
97,58.99337929322978,54.017403511702625
97,59.012400420374426,54.02898344755452
97,59.009898329210095,54.02775613197987
97,59.000400147670945,54.013084973965576
97,58.998937843503704,54.02353490396922
97,59.01011600075149,54.02655530644387
97,59.00720705198035,54.009804305981774
97,59.00362185985362,54.02104528361137
97,59.01439518304544,54.02273622027668
97,59.00833121309398,54.00861408396566
97,59.01740031107979,54.00885638385231
97,59.010166966540055,54.01847115142809
97,59.00725132232279,54.03127556651447
97,59.01543784031807,54.01839010157657
97,59.01280525465228,54.01590085888737
97,59.00464385483488,54.01044625930349
97,58.996149210655965,54.02172576677763
97,59.00326438902869,54.027894519966786
97,59.018379356665854,54.012444960984595
97,59.00713796547849,54.00840471572079
97,59.00665914232731,54.01918320528414
97,59.00718404477288,54.00240790273252
97,59.01945817487647,54.01671242030722
97,59.014318614968154,54.02973072286998
97,59.00849564986056,54.010658803785525
97,59.01004558849671,54.01405282954853
97,59.00324764241159,54.00863812363207
97,59.00806499015275,54.023805667624856
97,59.01095405204619,54.026873218294895
97,58.99979922897508,54.01538919410228
97,59.005877414361734,54.02600613994734
97,58.99994013999548,54.02259488311401
97,59.00395542117745,54.02346814467313
97,59.01228475689216,54.01478478972059
97,59.0095549850222,54.026881459773676
97,59.000881113455094,54.02526226064115
97,59.00034033955157,54.01188558070288
97,58.996414003023034,54.01926017536314
97,59.00971328281042,54.01071536679722
98,58.983422412181156,54.02342034173528
98,58.96816423730093,54.011167384357826
98,58.97243134385577,54.00651368746462
98,58.99283539793039,54.0125898577602
98,58.986827529543795,54.0251506026459
98,58.98129476979777,54.00632883116039
98,58.965332669758666,54.016283744973556
98,58.99074288796302,54.01040426261238
98,58.9786388861326,54.02268854263996
98,58.98779727526423,54.00859350452314
98,58.98418030565096,54.02350386231145
98,58.97755628922997,54.00026544980941
98,58.9710973571269,54.020257857089774
98,58.96835178545593,54.015806604075166
98,58.97696919511151,54.01018147946642
98,58.96721549466753,54.01340309758296
98,58.978541757677576,53.99952130443344
98,58.97911868326327,54.02469801372847
98,58.97683103399471,54.026836075735
98,58.97369281228772,54.02058210145198
98,58.971969064134115,54.01434290390594
98,58.98210956749993,54.01753323567677
98,58.98568809693287,54.023556833629364
98,58.994531068675194,54.01946568571369
98,58.974842483868386,54.01011880134509
98,58.97566975415168,54.00183195403424
98,58.96537492824818,54.01157304917515
98,58.99130657380042,54.01213194456291
98,58.968928991969925,54.018364411278164
98,58.980835871232536,54.015451426700714
98,58.98459497371086,54.0023781099401
98,58.986736575951916,54.01680319052592
98,58.97781757560692,54.01023976465251
98,58.983826413431935,54.0147855751493
98,58.968865102456576,54.01770698264227
98,58.98179274481291,54.01173231701908
98,58.98021367660753,54.028720739033396
98,58.96916009991422,54.006636068509394
98,58.98201888400955,54.022578367870864
98,58.97105077702967,54.00833840208381
98,58.99165639662654,54.01920256744277
98,58.97376570648226,54.0053581558983
98,58.978086663725634,54.00642725682784
98,58.97816418506728,54.00972608102736
98,58.97799019030037,54.00507543553705
98,58.97863603360857,54.005760978629546
98,58.972372041720234,54.015553724970246
98,58.98204708690597,54.015569608837154
98,58.97464603502006,54.02007857899106
98,58.98221886671429,54.021614344510304
98,58.974621517248565,54.00638995078136
98,58.96510276759784,54.01451121634933
98,58.9711646318926,54.023924520756665
98,58.97853342600165,54.00486490830928
98,58.99136819210272,54.005277617653526
98,58.98467807087649,54.01718700232675
98,58.989269709750964,54.00199229190156
98,58.99244188252659,54.01961295709676
98,58.97775045049335,54.01323524603066
98,58.98126667637627,54.02691289568146
98,58.978640047695954,54.02680111701289
98,58.993751527307616,54.00847442771151
98,58.98990563398358,54.008385403918965
98,58.98348141545214,54.01508590076035
98,58.97144837965717,54.02041245032569
98,58.98340343708239,54.000439433529635
98,58.97408619034958,54.00082602600728
98,58.96992675121205,54.02003127558759
98,58.98455283520279,54.01256557921221
98,58.97991606102652,54.013565830345556
98,58.98972621070219,54.02380188668553
98,58.98775020863051,54.01633821764677
98,58.98345443535741,54.01728538290006
98,58.98277883616637,54.016736333480495
98,58.97886394102789,54.009249371403875
98,58.99070735448342,54.02453722660898
98,58.968115436331054,54.013588141842206
98,58.97413021087064,54.00339278768634
98,58.9888918295009,54.018107063453115
98,58.985210689820455,54.01616866659868
98,58.988141075565046,54.00056620682378
100,59.01388258216135,54.030484883794315
100,59.009779452572005,54.0183252477219
100,59.00118495083775,54.02541880128813
100,59.02304758863239,54.01727988780994
100,59.01326686046076,54.004107395571296
100,59.00567768527994,54.02853143070386
100,59.01327600254922,54.02247968960776
100,59.00637653328151,54.01023721690188
100,58.999413742968095,54.01368246956495
100,59.01477569748766,54.00729566305885
100,59.00231901966365,54.004398501570236
100,59.00147557804645,54.02727349244053
100,59.00272955864556,54.001757911187475
100,59.00308100913853,54.02025772726177
100,59.00993169402522,54.02508459090669
100,59.011500058439196,54.00878355674247
100,58.999338977031464,54.01062109122601
100,59.01395680144769,54.01891753776157
100,58.99981321420096,54.018941968581565
100,59.01173375291948,54.00602238621674
100,58.99691818008105,54.01942230403242
100,59.014031755748064,54.001786869355016
100,58.9957077702906,54.01220191086597
100,59.017354963537166,54.01537891813794
100,59.01486676781734,54.00779712400374
100,58.993135508338504,54.01811742917004
100,59.01211177017843,54.019430717560475
100,59.01087329322622,54.02789402862673
100,59.01792928040739,54.01697850070532
100,59.017168111574605,54.023943162980785
100,59.003184895653376,54.021828939074524
100,58.99901832279827,54.01096807118731
100,59.00398173565495,54.0230847270602
100,59.00499520974735,54.006405647811086
100,59.00437447825099,54.01939748934143
100,59.004583224487746,54.01164008927273
100,59.00085967567303,54.014055368133214
100,59.002238191414996,54.00727124075308
100,58.99951626776247,54.026699693534134
100,59.005417340429695,54.01195628129224
100,59.01173167195969,54.01151614252634
100,59.008460503850785,54.01028946401786
100,59.01558530670177,54.01508309848695
100,59.01867775247048,54.02608914729733
100,58.99865152757387,54.00377265549834
100,58.99244188252659,54.01961295709676
100,59.009234361699804,54.016897226265336
100,59.00561423180962,54.012070804895565
100,59.00240259597073,54.0180578459044
100,59.01625240162138,54.010762854062726
100,59.006895800681015,54.02644362762252
100,59.00833121309398,54.00861408396566
100,58.99625060337816,54.01178299839289
100,58.998996659827775,54.01681695088609
100,59.00192949064007,54.021293154461446
100,59.003584973737134,54.02714467947004
100,59.01085313234804,54.01280044970322
100,59.007155637870426,54.00205694885653
100,59.00723672851171,54.017483822250576
100,59.00849564986056,54.010658803785525
100,59.01319630166672,54.0070708910949
100,59.01036508859748,54.01742058754469
100,58.998353299078744,54.0267752530707
100,59.01610293516711,54.01769219042386
100,59.01011363348905,54.012542934715526
100,59.011099787282724,54.01329473220651
100,59.0116477063994,54.03089597648561
100,59.014859430729466,54.02645891790843
100,59.005652985359596,54.003283720756436
100,59.02291592779253,54.01288833114361
100,59.010244912067705,54.00764028696995
100,59.020970857163796,54.015767787728294
100,59.01171222942746,54.00433796215779
100,59.013234850675076,54.02791964740877
100,58.99479036716852,54.02167340125714
100,58.99654796481894,54.011320909200556
100,59.01474506549837,54.00750163479393
100,58.996376246583374,54.0051776648031
100,59.00119748481654,54.01124007823439
100,58.99927951557649,54.023941776352906
100,59.01093985396487,54.007382163000756
100,59.010215081953525,54.01181809507106
100,59.00833121309398,54.00861408396566
100,59.00856143798091,54.0079260063444
100,59.004220853824144,54.00511489011434
100,59.012912118653524,54.00693916353296
100,59.0050548269703,54.01154415895215
100,59.00975278101538,54.01499726185443
100,58.99246806000162,54.0119093640507
100,59.01202026636669,54.010667751901366
100,59.00888555579783,54.0060411807882
100,59.00701497871288,54.00561757418838
100,59.006028790593724,54.00208032053467
100,59.01191495410565,54.02167567238876
100,59.00985364060599,54.00506960920476
100,58.998286576643686,54.01543911273555
100,59.005652985359596,54.003283720756436
100,59.006928586348536,54.01263669001081
100,59.006475115973856,54.02674555503442
100,59.01806949342104,54.008418962499306
100,59.00367960190825,54.028103910883914
100,59.01838763103994,54.02507207130788
100,59.007572717033206,54.02200830595353
100,59.00990849167327,54.01739724766882
100,59.011932551914356,54.00473158834652
100,59.015965093063464,54.00537807064531
100,59.00184305096465,54.01587883611556
100,59.018776050885485,54.01643613276983
100,59.01533641838808,54.02905960329673
100,59.013793660788785,54.016195536129096
100,59.01451979091436,54.01019369059771
100,59.006343490696935,54.01119744673729
100,58.998176398237426,54.01681015338
100,59.01626706738226,54.00784600364091
100,58.99551269407339,54.023973113325084
100,59.00738010438016,54.0135161207464
100,59.013206341735,54.01654232304561
2,58.987008560665885,54.01851369300742
2,58.97780153539814,54.01989271821669
2,59.009548330412215,54.01895148715889
2,59.000609265840495,54.01484626815275
2,58.98325863773533,54.021587331430794
2,58.98433765959615,54.00627566269188
2,58.99848791225041,54.02024989541622
2,58.974943882454376,54.0140926171827
2,59.01133272752721,54.017790495050484
2,58.999285755986534,54.014553462272225
2,59.01239877053338,54.01970458946534
2,58.999078348051995,54.00774366066223
2,58.98443279970375,54.01334217626401
2,58.97978175286131,54.01008918898879
2,58.99761969458799,54.01255539896762
2,58.979002935577824,54.018682431391895
2,58.97506420885778,54.01476282151004
2,59.00064816479957,54.020155069105336
2,58.9868778585118,54.019787789629824
2,59.004150214197765,54.01749587655118
2,58.977898966009526,54.0134097366647
2,58.9819643151312,54.0167952566039
2,59.001090205310554,54.02054748409092
2,58.99479036716852,54.02167340125714
2,59.002631631662624,54.01888126457596
2,58.98440004494018,54.02182881057986
2,58.99187540488903,54.017625754863595
2,59.00721223614347,54.01983784212935
2,58.98031567553819,54.01645617740795
2,59.01047206782592,54.01286232399242
2,59.000509869503425,54.008520160406476
2,59.004330032190445,54.02440849286168
2,58.99859255374548,54.0230267188797
2,58.98782785292301,54.017126457748695
2,58.9806039247588,54.007368985509686
2,58.992565449029065,54.015863360329725
2,58.999287875634266,54.025747999843745
2,58.9959020624557,54.020989529974706
2,59.00278053395959,54.0182909034822
2,59.00977512825263,54.02564506797658
2,58.987744427787725,54.01130853087317
2,58.985656753619736,54.01567141739452
2,59.01558300689854,54.021957842751284
2,58.98970443862253,54.017191225596385
2,58.97993395064861,54.01827423572818
2,59.00514496267824,54.02646484788826
2,58.998805425252115,54.013865175424
2,58.98864671017284,54.01082627573858
2,58.99464978044184,54.022304157355805
2,58.98806376457575,54.00953895755551
2,59.012456241734185,54.022280037775765
2,58.981080012805016,54.009631027676825
2,58.99246806000162,54.0119093640507
2,58.998522584056644,54.010513978537695
2,59.016177358636284,54.01959231985895
2,58.9939802238495,54.017785680387405
2,58.98910669696983,54.0118057912076
2,58.983632291003076,54.02014594942383
2,58.98422255104594,54.00998620030895
2,58.992767724702155,54.02161393823439
2,59.015511593489315,54.01609420361433
2,59.004153715361106,54.02564147244287
2,58.984122325613555,54.008771845525054
2,58.99768391991269,54.010898363772625
2,58.99994814753746,54.00828596840155
2,58.979353272000566,54.01392114794979
2,58.98708135745866,54.02005302744914
2,58.9963912068737,54.02246396490023
2,59.01244316928064,54.01332967728495
2,58.97537255271585,54.02051908111105
2,59.00874002913242,54.02211323892081
2,59.002734858215696,54.01385550923352
2,58.99123827727032,54.00705686763912
2,58.99512739106112,54.019850488635335
2,59.01654973123941,54.018971020776846
2,58.993135508338504,54.01811742917004
2,58.99216538428637,54.008091330561065
2,59.003367448492526,54.01311152890721
2,58.995398791544424,54.01589522810937
2,58.98402413556645,54.01521241863088
2,58.99027377728776,54.012699812018965
2,58.99662712611964,54.01575110413839
2,58.97817114029184,54.01245499302041
2,58.98722832013288,54.00714728675104
2,59.00228366821684,54.02011986783629
2,59.00471036423191,54.00904071665263
2,58.97923121873319,54.01173079285266
2,59.00779473020956,54.013302970725846
2,58.974917357862054,54.01777552251562
2,58.97616404469298,54.006808887955444
2,58.98680652517778,54.01647711987822
2,59.011945568051345,54.025822446186936
2,58.98344833487974,54.01011590188548
2,58.97734994472502,54.013569351291
2,59.002710207727915,54.00973490781635
2,59.01641701957408,54.021258647546816
2,58.97470691737973,54.015018841417636
2,58.98433754817581,54.01933637099209
2,58.983466300233424,54.01877541350108
6,58.9839142115067,54.0111382272654
6,59.00210572631413,54.010191720627134
6,59.006916677276536,54.02087644504423
6,58.97450354399178,54.008947322299406
6,59.00566742897915,54.01730736690372
6,59.01383913016336,54.0156520573268
6,58.97348668821401,54.01043259202817
6,58.975432410668766,54.009254305754276
6,58.9854253223516,54.018134040320355
6,58.99594145556819,54.00976848075224
6,58.98849206675573,54.01170696930744
6,58.988530628586496,54.00580413691482
6,59.015925749801525,54.02046059193688
6,58.981544916728865,54.007865804073624
6,58.98454589352294,54.00745762654062
6,58.99008640460675,54.018993139815805
6,58.98395542957997,54.02343704818361
6,58.97299867031757,54.01034481984261
6,58.98420346445232,54.01158198028009
6,58.98699543422964,54.01887995659736
6,59.00314357621016,54.023462581256595
6,59.01322909355398,54.01995485172372
6,58.99724704671024,54.02254277779631
6,58.993668069901005,54.00777428448764
6,59.00990849167327,54.01739724766882
6,59.01439518304544,54.02273622027668
6,58.984243954358575,54.00760585692201
6,58.98291341849435,54.01047409579923
6,58.97663300565485,54.012879328772314
6,59.01038057085377,54.01261893839287
6,58.97696919511151,54.01018147946642
6,59.004369567974145,54.01600158315692
6,59.00830153311544,54.011980503109704
6,58.99413245265576,54.01990610788242
6,58.97658211182874,54.01943309942813
6,59.00680282649915,54.025432041428054
6,59.013976683132775,54.023615431583174
6,58.99070167963516,54.01547258856258
6,58.97464603502006,54.02007857899106
6,58.98754097780912,54.0125216470414
6,58.9967147012117,54.01679245029953
6,59.00723034900689,54.018248163200745
6,59.01106046404537,54.011624145564376
6,59.00172721545795,54.01549683960153
6,58.98488885535751,54.00818591875367
6,59.00990849167327,54.01739724766882
6,58.97689218273272,54.01164387340541
6,58.98377656967473,54.02195830187307
6,58.9911751405281,54.01017828056602
6,58.98635600583418,54.005710968176366
6,59.017284097395724,54.0199012278047
6,58.99336647122483,54.013389967016735
6,58.996793198637604,54.02026122499122
10,58.98834000880308,54.02148554130819
10,59.012291341639944,54.027999758428976
10,59.00584426832792,54.01862993087478
10,59.00354328840765,54.010139439681545
10,59.00513248007285,54.0254016521322
10,58.9944301951107,54.02427540352605
10,59.00895663811205,54.0275254943493
10,58.978755465344456,54.01397322460757
10,59.00801184348792,54.02609721594682
10,59.00916224623481,54.024406844525
10,59.017558823628214,54.02173255922691
10,58.99090395124245,54.02331649388313
10,59.00691942100295,54.02167205544421
10,59.01654127447766,54.02177124382474
10,59.020397896407424,54.0233867897377
10,58.98123319959656,54.01108944636486
10,59.01848771049576,54.01985232067907
10,59.01952202484568,54.02798716216527
10,59.020404179231285,54.01969066520334
10,59.002916418788,54.02230812411336
10,58.99314916012771,54.00985046956981
10,59.01903158350118,54.020080871825954
10,58.999195073462545,54.01084888960204
10,59.00475427767253,54.01403271833341
10,58.98992978837923,54.01729006336935
10,58.985610493117896,54.01824447120629
10,59.01049171198976,54.01638839172167
10,59.00918737932407,54.02683512062676
10,59.00475239428788,54.02965371743602
10,59.01642726132484,54.01182294862566
10,58.997359226377306,54.008256089328114
10,59.01031685102951,54.01702919690517
10,58.998030225407966,54.02059796098222
10,59.01692763829042,54.01815193717131
10,59.0013003416992,54.02599522881253
10,58.9946511266992,54.00995067629103
10,59.01375655779534,54.024300262149644
10,59.00387273521973,54.00975823223862
10,59.01464180494609,54.0163747291596
10,59.00863348468213,54.027487430592956
10,58.99979922897508,54.01538919410228
10,59.011496800961524,54.011784795338194
10,59.02259115745462,54.02086926457106
10,59.013309924750146,54.017293676936916
10,59.00658352445371,54.02174597811162
10,59.01495788540309,54.0267866932963
10,58.99173829535159,54.012267246586866
10,58.99009108934193,54.02190367121989
10,58.99631953910068,54.02475267375135
10,59.01741595248372,54.01581255281205
10,59.0047286875067,54.01874644800088
10,59.000721298279466,54.0177411513931
10,58.99979922897508,54.01538919410228
10,59.013135716404584,54.01696089472231
10,58.98820892887045,54.01055780306687
10,58.99177230298752,54.014428437257784
10,58.991576558362524,54.012933579501535
10,59.015592776617524,54.02666316815799
10,59.00648501622978,54.027872752800924
10,59.0135846761066,54.014001430781626
10,59.007118501677674,54.02028542065384
10,59.01702511515084,54.013197737514496
10,58.98740884556392,54.016525652565136
10,59.01034237360355,54.02678837186041
10,59.00720914716078,54.02100884430538
10,59.02039383114909,54.02011425344419
10,59.01334690877017,54.02152829042267
10,59.01324219713045,54.018231852763584
10,58.989457774182696,54.02243160790622
10,58.98984428506211,54.01100752867325
10,58.98777314973826,54.01000776320361
10,59.014324891901744,54.021796059760085
10,59.00658352445371,54.02174597811162
10,58.98963615182668,54.021954103267674
10,59.014226584079495,54.012337660271264
10,58.986030425311526,54.01207930326242
10,58.98944702242421,54.01250229309178
10,59.0192959626048,54.01605289923615
10,59.01047576676163,54.02383041644303
10,59.01346939635996,54.02314338992946
10,58.99689027788694,54.0117908971868
10,59.01696742240034,54.01699635586432
10,59.014522189420596,54.020244940687554
10,58.991922625115315,54.02089908682281
10,59.011582772135945,54.015992480033056
10,59.00740300774984,54.01027120638858
10,58.99768391991269,54.010898363772625
10,58.99290350975566,54.01377033994443
10,59.00073724983454,54.017152770569574
10,59.01416550689553,54.01619641347803
10,59.007735547497596,54.01856132613284
10,59.011719088412164,54.01201219368935
10,58.985016326663164,54.01430512779569
10,59.00096339955475,54.01860467966654
10,59.01838696061273,54.02100509886319
19,58.98003953238121,54.01537733750298
19,59.01527581296639,54.01287935580522
19,58.97938383109116,54.01137071186793
19,58.98204708690597,54.015569608837154
19,58.999195073462545,54.01084888960204
19,58.99210410326807,54.0158136909907
19,58.9804216588001,54.01099263391748
19,58.993288635786016,54.01584266122255
19,58.98313229800705,54.014862162238096
19,58.99941024056457,54.008900017350406
19,59.01484422574471,54.02597123491617
19,58.993766694329956,54.012081053114855
19,59.000609265840495,54.01484626815275
19,59.008840789845635,54.016756596701
19,59.004006655598246,54.013249876957296
19,59.00314357621016,54.023462581256595
19,59.019686984925016,54.01618029135214
19,59.00496463216283,54.02338152184793
19,58.98582345773519,54.01970459451897
19,59.005758796463056,54.01190210953895
19,59.01810839866141,54.01767876807833
19,59.01047206782592,54.01286232399242
19,58.98375410233298,54.01698630453382
19,58.997984397403876,54.01306119430281
19,58.988414689736715,54.022240976073256
19,59.00824043086648,54.0242017168914
19,58.98559237835036,54.02355373020993
19,59.0040882127951,54.02500006478801
19,59.01807538815611,54.02255305950065
19,58.9933537444391,54.00916192996311
19,59.01779746135948,54.01981724336743
19,59.01180909502602,54.02067436421217
19,59.009420498980596,54.023341616414434
19,59.018345766741824,54.02180907461134
19,58.9946511266992,54.00995067629103
19,59.00108969109926,54.01671660700795
19,58.988945662223756,54.02116506633034
19,59.017578705950804,54.02230758348184
19,58.9954251900118,54.020222471503594
19,58.99772914217172,54.0171785713231
19,59.011115236384825,54.02343231908573
19,58.98823432158154,54.01181225283967
19,58.97839120606782,54.00985779214561
19,59.019458090710856,54.02301694820211
19,58.993541915261765,54.00994432431861
19,59.003247007060814,54.02639149117541
19,59.01900097093155,54.02086988797055
19,58.98657521186991,54.01426704504392
19,59.00062424569893,54.01300877733356
19,58.98740884556392,54.016525652565136
19,58.99201182191782,54.008911841408995
19,59.01333809288681,54.0284987722498
19,58.99121551501467,54.0168741542956
19,58.99742642856846,54.01966192532465
19,59.01978670020758,54.0230254326175
19,58.99441328652231,54.01400760390078
19,59.01691188181139,54.026801823596166
19,59.00064816479957,54.020155069105336
19,59.019809690824715,54.021087450874006
19,59.00013472317487,54.01237859904936
19,58.99806614792844,54.02071963385984
19,59.003410484307,54.0191562821051
19,59.00210572631413,54.010191720627134
19,59.00565960472226,54.01837894982935
19,58.9821721423278,54.01826037311991
19,59.009046919869796,54.016213631868865
19,59.010935264622,54.01836467142706
19,59.00668483504333,54.02954325322224
19,59.009717589959415,54.0103892801852
19,58.99192022792369,54.009564351816664
19,58.996619988902275,54.01846632110293
19,59.01256407804645,54.01238394358382
19,58.989624167956826,54.01653204661618
19,58.982714506431535,54.00695286271295
19,58.99492816796831,54.008952225597305
19,58.99554959210029,54.023139230301396
19,58.99826192826475,54.021553162362316
19,58.99127849561454,54.01173090853979
19,58.982539285432765,54.018093154124756
19,58.98123319959656,54.01108944636486
19,59.002710207727915,54.00973490781635
19,59.01389694902907,54.016198853965484
19,59.00657165385423,54.009850083740666
19,59.01204169459678,54.02128973878554
19,58.992183830946075,54.02193745669844
19,59.00041617189483,54.016092331413226
19,59.00940931356017,54.026557076623774
19,58.97605430845173,54.01513086019272
19,58.995547586811675,54.016961751575515
19,59.0076702240182,54.023736983710776
19,59.01730125997687,54.02264120439992
19,59.01171641385673,54.01773197708016
19,59.00075023551803,54.02225188718313
19,59.00732962533367,54.01469419075403
19,59.01525337995764,54.01787851778782
19,59.01074883962042,54.029470579604705
19,59.00010986453017,54.01615517715188
19,58.987761558236635,54.01105339794828
19,59.00536025838452,54.02127303902384
19,58.994652860956954,54.02313829080828
19,59.02012968856289,54.01711281978825
19,59.013893296393654,54.02765686409459
19,59.00112025277929,54.025457781916145
19,58.99247477318645,54.00927860499296
19,58.998522584056644,54.010513978537695
19,58.99543875926729,54.019584297122776
19,59.010166966540055,54.01847115142809
80,58.99077235869788,54.0165263948835
80,58.99522612273779,54.020745944368485
80,58.983329487348165,54.02168422713984
80,58.995853261607216,54.01266465229623
80,59.015511593489315,54.01609420361433
80,58.994415725407556,54.010105554880056
80,59.006151151756,54.02249907688552
80,58.999189136814024,54.02383452935597
80,59.01246800997855,54.013739371088
80,59.003024353498866,54.01351690341923
80,59.01456652361269,54.02449789334305
80,59.00868827728222,54.02440504101002
80,58.983758168119316,54.012388709588556
80,58.994928864508914,54.01942383509224
80,58.999413742968095,54.01368246956495
80,58.97675282063235,54.01498695785063
80,58.984039086480685,54.016452206170165
80,59.001868979928865,54.02495426995717
80,58.975510048917734,54.01472029926742
80,58.99901832279827,54.01096807118731
80,58.99798282434046,54.02189681758638
80,58.97792724331996,54.01813867334446
80,59.01180321461581,54.02385839380222
80,59.00923157930366,54.02706181381777
80,59.00790437954204,54.01752555359409
80,58.980025901193535,54.00825051462163
80,59.018718700480136,54.015976938011924
80,59.01408550877373,54.02590912479791
80,58.98488885535751,54.00818591875367
80,59.01562953208287,54.016265457387036
80,58.9944301951107,54.02427540352605
80,59.00042686477481,54.02661471943833
80,59.017423819478836,54.019068929047144
80,58.99116889943857,54.00809249702785
80,58.986905427881815,54.013398110635535
80,59.01900097093155,54.02086988797055
80,58.98969082726556,54.01998276541644
80,58.98972222410809,54.015449085828
80,58.98337624384358,54.01062413574296
80,59.00201517121565,54.01598979233241
80,59.00073077770302,54.01355267453029
80,58.99869438806699,54.014431686652735
80,58.98037707800682,54.01693095214655
80,59.00119748481654,54.01124007823439
80,58.998814347875424,54.02355788760519
80,59.01873795290785,54.016327265077706
80,58.997131295450565,54.01450184412687
80,58.983548832256595,54.0061142477936
91,58.97973059163566,54.011546409443476
91,59.00212639838114,54.02370512111658
91,58.97956396257822,54.015663995918736
91,58.99352755267503,54.0164365408698
91,58.98896788309772,54.02476174787164
91,59.00329767810571,54.01364308780377
91,58.99803374639623,54.01184422120797
91,58.98048781951503,54.01650772278846
91,58.99215230035921,54.023215802071874
91,58.98849296707411,54.02282849797099
91,59.01339880008523,54.022218560661884
91,58.995073639176056,54.02334949303687
91,58.98383154718183,54.01275641020061
91,58.99579336022518,54.0204971672501
91,58.99637499016529,54.0147926190487
91,59.00001661119898,54.024751356457166
91,58.97384143371274,54.00673062506178
91,58.986733057956144,54.02301677930432
91,59.014560309008424,54.0204789555754
91,58.97789484141846,54.01781584354793
91,58.993124717515784,54.013351370985504
91,58.97735882742477,54.02390075105425
91,58.98983345523875,54.01185219381317
91,58.971023626481426,54.013118069472334
91,58.984481376564155,54.00605797183349
91,58.97341357938318,54.01771138816635
91,59.00108969109926,54.01671660700795
91,58.99334608184432,54.02071171708087
91,59.011115236384825,54.02343231908573
91,59.007049042961555,54.02540085897346
91,58.99958176212301,54.00997777679222
91,58.98481909538492,54.0246075172217
91,59.010151971088085,54.014619324098916
91,58.98206516235028,54.00657084402791
91,59.01398511530302,54.020220239180986
91,58.982373618269904,54.01367971521525
91,58.978478923101825,54.01816344604786
91,58.98695400718951,54.004866713842375
91,58.99543685704811,54.01439494580003
91,58.983548832256595,54.0061142477936
91,58.98668582171549,54.015184265445775
91,59.0095744554043,54.016476084986365
91,58.98672264120489,54.01242828500872
91,59.009266798248845,54.020007127597665
91,59.00207080028756,54.012233946801345
91,59.001673514396856,54.018634124319405
91,58.982415438461004,54.02349150315819
91,58.9783761544559,54.00912014780559
91,58.982905102001865,54.00461623853743
91,59.00520768840209,54.01910500974685
91,58.98972222410809,54.015449085828
91,58.99772397893513,54.01340428296852
91,59.010318607241935,54.0195323446005
91,58.98908019184515,54.005671216993655
91,58.99463734000728,54.02139435418749
91,59.00285816143885,54.02203646354266
91,58.98419444834837,54.01434374177589
91,59.00790437954204,54.01752555359409
91,58.98972222410809,54.015449085828
91,58.97898395275632,54.006095581757315
91,58.98499754475239,54.01454765134506
91,58.99834130556198,54.013033287205644
91,59.000815942369755,54.0187723392533
91,58.97522180707264,54.01311839248294
91,58.97645766913649,54.02292117347139
91,58.979548877472055,54.02270418948509
91,58.99701419275246,54.021717183721194
91,58.98101844344772,54.02349939078561
91,58.9879574250866,54.003961844752276
91,58.98051316107705,54.0038992343085
91,58.973105553641076,54.007957315907205
91,58.996193121326364,54.008627528550576
91,59.00552912966835,54.0160094356525
91,59.000961206923016,54.02261557705796
91,58.99768140165793,54.019206970346765
91,59.003844676262204,54.01542580732879
91,58.984236833156196,54.01327805447203
91,58.9946470919385,54.023154831361694
91,58.999161968056946,54.014969439808986
91,58.977906902079155,54.02008632543373
91,58.97628162796222,54.01829298542621
91,58.98459161986131,54.010419659267754
91,59.00188503037413,54.01896438818847
91,58.983586788639734,54.01246702913603
91,59.004573017076,54.02105382306094
91,58.9931939207509,54.00968054574002
91,58.972067130408284,54.01911540089063
91,58.99782125475671,54.01498397955028
91,58.99477512379139,54.01456069589488
91,58.989788375172104,54.02100526272571
91,58.996107900019055,54.01056515150851
91,58.98605568113762,54.01632429242058
91,58.9754497686633,54.005251716244366
91,58.99171921313143,54.018854471832256
91,58.98377656967473,54.02195830187307
91,59.015185425826566,54.02043749458972
1,58.96191070799673,53.98241290233481
1,59.03324911990655,53.99865123441932
1,59.02793068310543,54.01753327926514
1,58.9807428893811,53.96423906624138
1,58.95269593916567,53.98679532568242
1,58.97708017058878,53.98893558384866
1,58.995670211299554,53.953788793887185
1,58.98382501754361,53.95818749645215
1,58.99239496593519,53.96868545321004
1,58.95187536359715,54.00209164251933
1,59.006299939865535,53.95209121675901
1,59.00721277474845,54.0353595249184
1,59.032437220137034,53.96798948447322
1,58.99631588773608,54.03372486239252
1,58.99902582480523,53.95923591213031
1,59.01331563976405,54.00328577915231
1,59.00714223361968,53.97601059808707
1,59.00577932132112,53.99323399898465
1,59.005176113576304,53.992492363824425
1,58.99168904834446,54.02154395404074
1,59.023521638956,54.00796269597227
1,59.00748073815975,54.010159987616575
1,58.996741370126124,54.04929107711904
1,59.041404202740864,53.97998884853936
1,58.99529067486366,53.951223878213675
1,58.9974222883341,54.04155606533007
1,58.991237000958044,54.045477285107175
1,58.990751308750696,54.002058993098316
1,58.97726274961527,54.00049280439888
1,59.007798391613065,54.02695704669653
1,59.00050781291844,53.95717032573943
1,58.96672079230292,54.02789694046924
1,58.990924327927026,53.985153974663696
1,58.98278902574556,53.99782012393211
1,59.03892314070866,53.997307372487285
1,58.98965134978765,53.99307210121513
1,58.990931694006164,53.997307553023965
1,59.0112029469657,54.00619670770733
1,58.963020338677666,54.00996666215455
1,58.9965265844728,53.965238258062406
1,59.01244643464501,54.0246677762188
1,59.01839002260749,54.0413652370464
1,58.9862612733197,53.994851120458094
1,58.99677255250752,53.96201222675844
1,59.01987367653239,53.981146943680585
1,59.02215203578169,53.96517587325239
1,58.97341770374738,54.00901782107541
1,58.9975570675673,53.96299502559165
1,58.95680722301626,54.02514113578057
1,58.95948696786127,53.99788047602903
1,59.03928254140272,54.019988790446554
1,59.00311904451636,53.9840594047619
1,59.02052735940152,54.03420242738513
1,59.00502107364662,53.952823353441744
1,59.0122571775647,53.975378743558906
1,59.02192003538921,53.97053586333552
1,58.980947057624896,53.95450561491704
1,59.045297099840376,54.0146145382667
5,59.03578623033951,53.98462800432496
5,59.0438383654303,54.011575883492846
5,59.04185111893304,54.01385812154453
5,58.99564136565988,54.04871100871929
5,58.95463614568616,54.01008483831223
5,59.01040516203274,53.99172797567822
5,59.033527093283205,54.01034132678502
5,59.021367126872555,53.99774566165659
5,59.01254613978313,54.0414047149188
5,59.00044617701994,54.01441138729863
5,58.97801186215247,53.98969031128732
5,58.98333252390913,53.958325818105045
5,58.9848501161848,54.03487616051624
5,58.99925413110702,54.01539421656714
5,58.95149513477721,54.00200425613107
5,59.0377619100402,53.97702399102602
5,59.038989429011124,53.9973212480148
5,58.9679849148935,54.00229398744098
5,59.0297292459802,53.96601235043749
5,59.02979961985868,54.034543520152766
5,58.975924123391785,54.042315456847106
5,59.017558823628214,54.02173255922691
5,58.99291372168602,53.97603097242557
5,58.97061759872862,54.037440699497296
5,59.03331384693574,54.02615903400331
5,58.9710147412608,54.03938213199189
5,59.00894855558787,53.96895956395575
5,59.029038993627786,54.004160785305466
5,58.98441734278842,53.997830889420904
5,58.97378015855378,54.016272434180244
5,59.00259537806446,54.04202211268272
5,59.03430945023312,53.993082088434754
5,59.037628571438965,53.98064993738458
5,59.00243108882411,53.983762070680754
5,59.00246191602143,53.977483117609815
5,58.96306673653446,54.00865829174703
5,59.02350413457922,53.96168386726007
5,58.99891723359433,53.97438987657571
5,59.03072336985909,54.00389380641677
5,59.01949790063628,54.01493391715782
5,59.011834058911575,54.01614093798001
5,58.9951512130394,54.049097833028256
5,58.96435361137706,53.98030028940811
5,58.984380962666094,53.98689354546867
5,58.977262435988585,53.99601344617426
5,59.01329026232999,54.01077409479042
5,59.00155647803365,54.02373225422731
5,59.017523583426524,53.9628375896171
5,59.01711024691895,53.97567840635939
5,59.0069701986295,54.04471053369754
5,59.033800752975274,53.99924453202827
5,59.01415332897279,54.0408305873887
5,59.0057335409748,54.00364097980657
5,59.01253375115462,53.980032152663924
5,58.98875445643138,53.96242363881755
5,58.98042986657438,53.98873517195822
5,58.98228799291963,54.0185065935143
5,58.99698262623651,53.96356452642507
5,58.984245196986606,53.97560661722793
5,58.977750589708215,53.96025323961631
5,59.014258988391816,54.03646867896141
5,58.97296045050551,54.01464161859198
5,59.01985432474429,54.01733547005075
5,59.04847050850349,54.00177524089709
5,58.96745727989352,53.99880005571231
5,58.98405618956925,54.0350030995967
5,58.98212208128852,54.02219436057773
5,59.043546161988054,54.01398313159013
5,59.018800400218076,54.02544850223237
5,58.97041273544248,53.9656872055998
5,59.02912405028773,54.00898238722645
5,58.98945213926485,53.95247006769989
5,58.99530995819248,54.04866040555078
5,59.017508796120545,54.02909018152665
5,58.962146877013986,53.989633850251735
5,59.01779174966169,53.960495872732594
5,58.977758874365506,53.960670165908894
5,58.99332311971065,53.958670079434896
5,58.979520131560086,53.964098971532934
5,58.99085229302408,53.96748476393564
5,59.035103379265394,54.01131086857626
5,58.95353020887667,53.98587176572698
5,59.009738155827385,53.96625592918528
5,59.03735297606112,54.011596369414484
5,59.02553892555066,54.013510652439706
5,58.99951914135327,54.02096019931328
5,59.0051117596813,53.955257774937216
5,59.01170536088702,54.03721047698924
5,59.01044069090531,54.032744395049725
5,59.018594056485014,53.97591327667809
5,58.96092048303603,53.98697626692504
5,59.020480685542985,54.01156818561745
5,58.956638759463445,54.02067522804195
5,59.0137218568891,53.95396731500991
5,59.005919994529656,54.01584567794245
5,59.03418750879967,53.96579595269705
5,58.97030685991298,53.96349529023954
5,58.97323340194467,53.95934923500251
5,59.02676170483422,54.00004518896426
5,58.98148970448144,53.97253360104388
5,59.0240738430005,54.04342726014251
5,59.00945157244611,53.99909914484019
5,58.99601260721862,53.993940780710865
5,59.01220487198104,54.0399591281233
5,58.98654164127125,54.032340181036155
5,58.98667995066967,53.95985694635866
5,58.98752132350933,53.985760605468585
5,59.01505096158971,53.95306263234787
5,58.99878676624564,53.99460522043236
5,58.9734944770166,54.02978549639986
5,58.99939317125397,53.989124684213785
5,59.03361607021685,53.98521566606884
8,58.9700769767024,53.97137950502372
8,58.991279683773705,54.016065184751454
8,58.97439032790432,54.02653679664321
8,58.99575015993895,53.97937057880068
8,58.97824816735558,53.955087326752434
8,59.04092527596205,54.01643815502098
8,58.971675413055294,54.00146637866142
8,58.985047308280095,54.00275325816227
8,59.02976693578348,54.03873607465459
8,58.985471833423105,54.02109775529258
8,59.006318033121644,53.952019359124314
8,59.03495137346642,54.02480734442412
8,58.980872687403156,53.97205114900244
8,58.99224923089463,53.98321777184748
8,58.98500342621721,54.0346634573715
8,58.99413964313106,53.95954410968785
8,59.009877438622055,53.97052469954286
8,59.039776431182986,53.97595000378012
8,59.007177575385555,54.0339546300559
8,58.96532092312749,53.99924432547383
8,58.99547129455561,54.03611827209476
8,58.98206000097415,54.02500123270072
8,59.0056260331949,53.964291647454004
8,59.034615702522444,54.009153412649376
8,58.999921698505084,54.02798995483086
8,58.98376027116865,54.01072671581259
8,59.04763755952242,53.99288987284231
8,58.98964653402175,54.01310184379576
8,58.96981471597942,54.015684474667545
8,59.0135846761066,54.014001430781626
8,58.99336510179311,54.03069646987928
8,58.9951520931644,53.957766116551014
8,58.95477426810914,53.98602379257897
8,58.962905781193534,54.01626770116097
8,59.01386536456876,53.952049088253574
8,58.97260221216299,53.98454769865996
8,59.04229570671866,53.990632173515415
8,58.95602614564684,53.98548736181373
8,59.008535767746004,53.97826800120772
8,59.03064872930543,53.98447410723789
8,58.9906169071163,53.99538909628765
8,58.98005172866734,53.99089841375525
8,59.004032005229746,54.01119911941808
8,59.01524007462256,53.967507646503165
8,59.02895139989594,53.96835337784276
8,59.00262181046194,53.99195703997601
8,59.01064106654932,54.013530794983474
8,59.02696107041677,53.97278527408576
8,59.016797622738856,53.95912628718067
8,59.00554683390499,54.02493284068187
8,59.01040872632216,53.98933518998243
8,58.99830329107317,54.047341480559886
8,59.01380138312341,54.012953446777985
8,58.95386654670953,53.98861947746044
8,59.04283183125809,53.992545347463974
8,58.97687562156395,53.96024153423945
8,59.04723112315909,54.01138994409504
8,58.98232922810732,53.98246033051295
8,59.02950860600993,53.9618663925631
8,59.043361673438845,54.022861385867174
8,58.964964594805735,53.98596435692536
8,59.02990638735631,54.01220527766194
8,59.023948271815115,53.963421911815566
8,59.02686977845318,54.00788825525563
8,59.048644089186595,54.008172843800864
8,59.00696920730752,53.970670944994104
8,58.997565949998815,54.005898716483564
8,58.97894190344326,53.98784151544394
8,58.970158791814754,53.9985406150869
8,59.02992029200936,53.99652851841807
8,58.987459499033065,53.95415850385142
8,59.00994505519041,53.97544389949216
8,58.98774110390436,53.96711577444872
8,58.980616398958134,53.9585934411058
8,59.01215062542643,54.01657314518224
8,58.98974620933437,53.98312230449012
8,59.00646329893571,53.99812734742062
8,59.00894108142034,53.96001993180111
8,58.98679282495072,54.026857208227035
8,59.03097729503487,53.997815423718734
8,59.03435520352981,53.98792842010406
11,58.98466190475741,54.04081783962199
11,59.04428932280275,54.02231097661663
11,59.04166614052087,54.00856455720065
11,58.99928443697816,53.95137659433797
11,58.97771707263505,54.042277415378415
11,59.00849937875792,53.9714916692641
11,58.985237699530344,53.97497207168143
11,59.007605972234224,53.97585930834582
11,58.99191928114868,54.008051218732426
11,58.97880035678838,54.045163787446185
11,58.95131196793467,53.998431876975076
11,58.99562796048731,53.98186572208659
11,59.01899071701659,53.95678342171272
11,59.02759627224919,53.974399658287176
11,59.01299482995936,54.02371789756751
11,59.0078878920602,54.046703914902395
11,59.00136519984381,53.987291427411115
11,59.00655028111656,53.967329336906246
11,59.00374951277428,53.95732514594364
11,58.96283006845507,54.00894158363095
11,58.988845608512,53.9927594617502
11,59.02002316627,54.000003054472735
11,58.9886190729968,54.03001435210623
11,58.96672059351639,54.03631029761026
11,58.99747761887112,54.02586132120986
11,59.005881348251386,54.042985486502126
11,59.03925033617283,54.019458854753225
11,58.98305110730378,53.99114814897906
11,58.99991709041167,53.99784236170013
11,59.014853305542495,54.043542153188945
11,58.975221011369285,54.01765473737909
11,58.97150508594023,54.03149370225269
11,58.97923314616623,53.99834072697423
11,59.01950833587324,53.97185301852188
11,58.969728833481135,53.985581708765615
11,58.964585809947984,53.97604723291084
11,58.98874450477458,53.976417258039476
11,58.99937543436381,53.99317366964661
11,58.97520892650201,54.01958238905092
11,59.02009197256854,53.976025462240585
11,58.973833561474024,54.004470388654276
11,58.95218712596723,53.99571033135879
11,58.97546389982683,54.027584051472054
11,59.012709821622366,53.969680620703436
11,58.99615634504758,54.04115490091771
11,58.981760072329585,53.96449851060501
11,58.98139840320822,53.961655939529614
11,58.99940418177161,53.95257471650313
11,58.99132228061001,53.980367469604
11,59.02151071559327,54.042050011006296
11,59.04128595232661,53.99876421111064
11,58.959625872842416,53.971758829938736
11,58.99329751751739,54.0393385150119
11,58.98390610257964,53.95593550971965
11,59.02891884128684,54.01618766057736
11,58.99304693798859,53.95141822004713
11,59.0314829875852,54.020109781647946
11,58.97290273748089,53.9908084443037
11,59.007567415046374,53.99725745918947
11,58.98365050163944,53.9671929606561
11,58.992671534404614,54.000380294092764
11,58.95816840468666,53.99388866758459
11,59.007641932192755,54.014393484338804
11,59.02517909153665,53.997180472092914
11,59.03290050622929,53.97282984092808
11,59.03400237989531,53.98709738464867
11,59.0263942648617,53.982209336011934
11,58.9728597925902,53.9727863436611
11,59.00297204316794,54.00437112549688
11,59.04723903682048,54.00994774548687
11,58.962946739454644,54.0039489702064
11,58.96274903554101,53.9726671058525
11,58.96468752038905,54.00214849839751
11,58.98714068933392,54.01784600732757
11,58.98954346659532,53.976470352706485
11,59.023110369191556,53.998640702880444
11,58.98879832414247,53.99862957542093
11,59.01468148186343,54.004757171704185
11,58.9631173007631,54.025115832707755
11,58.959485268768674,53.9993894586439
11,59.018694374980356,53.99657000588931
11,59.01408162361651,53.970813806537556
11,59.013039682577094,53.9766170092937
11,59.024042344521106,53.98562341421144
11,58.97335021881187,53.999627963396065
11,58.97012220820012,54.03733810624708
11,58.99960102428762,53.97070396039267
11,58.99237701132421,54.02061877244586
11,59.00312843573781,53.965166815113285
11,59.026679114475606,53.990694974490445
11,59.004702829300996,54.02856700248538
11,59.04094411164336,54.002610259973544
11,58.97061231559837,54.02603764840944
11,58.97165539269265,53.97305062023959
11,59.0053448019469,54.01188333396545
11,59.03113416220855,54.005158556105194
11,59.03097729503487,53.997815423718734
11,58.9868619214964,54.0187331184214
11,58.986736575951916,54.01680319052592
13,59.02186556982304,54.007328250773135
13,58.97417500762537,54.040035165635736
13,59.00297204316794,54.00437112549688
13,59.01624437072388,54.00435324618456
13,58.96303093202398,54.017300497174794
13,59.013693276870114,54.01664983553655
13,58.96984612888855,54.03263346365603
13,59.02204836810498,53.97195750837925
13,58.965093043572914,54.00391832463021
13,58.95947981140309,53.98341194738637
13,58.99861466716896,54.02522936033206
13,58.9922911888406,54.0277256998234
13,58.95820802412786,54.01746267549409
13,59.0240738430005,54.04342726014251
13,58.95942791958804,54.02023520900281
13,58.99737403287593,53.978803513878944
13,58.95963864254704,53.97973857881996
13,58.97041273544248,53.9656872055998
13,58.97331319729192,53.95823302177814
13,59.01020633794813,53.99666188162353
13,58.957620445126025,54.0118990256496
13,58.97879835117324,54.027014003077895
13,58.96068387224548,54.02179003401249
13,59.020374148474446,53.96131259341727
13,58.97205830552551,53.99919252418356
13,59.03071966029333,54.023050300050095
13,59.02093815735098,54.02276096808116
13,59.01824111350135,53.9679219948956
13,59.01593413069527,54.02070529601295
13,59.01961109159938,53.970001595488924
13,58.995254135577895,53.97524547699564
13,58.96272467409584,54.00392872831462
13,59.037888931611505,53.97903284180159
13,58.97734535957348,53.98975593822008
13,59.03704840549928,54.008256580638594
13,58.98424605602442,54.00388119411026
13,58.97278000184563,53.99381989985927
13,59.00202058531464,53.991677205484116
13,59.01913748004164,54.01002722016534
13,59.00744356416088,54.02557400073038
13,59.044518082833335,54.011005235048096
13,58.99471624610148,54.02078521402068
13,58.99751908531364,54.0059300105837
13,58.96764754125103,53.98011793419157
13,58.99459618515492,54.01558357343606
13,58.95601988656576,53.99996689145395
13,58.98061913000432,54.008205966878734
13,59.0093562091044,54.02270071242278
13,59.01287395748348,53.996322028358875
13,58.956146432002235,54.00570112832466
13,59.00831433506599,53.99843198648742
13,58.996414003023034,54.01926017536314
13,59.02946258103604,54.0352272616945
13,58.98390060927639,54.04432923397966
13,59.045946637163624,54.012069800198994
13,59.04094688053654,53.990803511016345
13,58.978702255287224,53.98617965155618
13,59.00722954860476,53.95871151839996
13,59.00983825242866,53.990136062433116
13,59.01651470664945,53.98289638483108
13,59.03569218802249,53.98010615081409
13,59.030189432003034,54.033373706144914
13,59.01943077055375,54.015149598976095
13,59.026209850080214,54.033815375193996
13,58.99590387266785,53.9550515184305
13,59.009150771598414,54.03189760191758
13,58.99487116169786,53.997064497854964
13,58.984833906092796,54.046362788069025
13,59.029151610415845,54.0254793910499
13,58.98258016511624,54.0212643522266
13,59.00659927801727,54.01993469081959
13,58.96598428892872,54.011210919695486
13,58.97666074547372,54.0226411699624
13,59.029037483860016,54.03007773718525
13,58.98505103174877,53.977206210703436
13,58.9970307983421,53.981605617185025
13,59.004428877088486,53.99047038766596
13,58.993667709879006,54.001094375986995
13,59.04415158875346,53.98272810400623
13,58.989806473942274,53.968902778229015
13,58.955316537461485,53.97842039582946
13,59.04400870608224,54.001739250950216
13,59.0399349808866,54.0167896397397
13,58.95288178073132,54.00662585974552
13,58.96564245103077,53.99561073624844
13,59.013412995885204,54.04729752614617
13,59.0228608722506,54.01767571422335
13,59.01194055272586,53.98359064935308
13,58.99482676917286,53.995970006767884
13,59.04219215389783,53.99584638862808
13,59.00039955725498,53.998626671852136
13,58.98949645099022,54.02910029981857
13,58.997131295450565,54.01450184412687
18,58.97128783912589,53.972613780012814
18,58.987651885555216,54.01751089180327
18,59.03695300918719,54.021667164656535
18,58.977394901229275,53.95849073236252
18,58.96753317555453,54.000535558410995
18,59.00339917463753,53.98167973065231
18,58.9528896414564,54.01281710411924
18,58.96484826073152,54.01908769899255
18,59.02346014214388,53.97091864745882
18,58.9784075652967,53.97619146727302
18,58.96170228141108,54.025263118622036
18,58.98818337767816,54.00091464118761
18,58.970840487390795,54.015046703712706
18,59.009256763685684,53.96206791956391
18,59.00379334825405,54.00861475088928
18,58.971054476599086,54.026769749043055
18,59.023825492428706,54.00199938064651
18,58.99700835349984,53.96043414956526
18,58.979612142994455,54.0294712583594
18,58.9868619214964,54.0187331184214
18,58.976523739216766,53.95858261160241
18,59.00930522838826,54.04316579817314
18,58.961657031551816,53.96952594446918
18,59.038413785262335,54.01271754963819
18,59.015984091776424,53.95447832747501
18,59.017273729235484,53.993676738841394
18,58.98319962075383,54.04152499239333
18,59.011822276344304,54.0275628020999
18,58.99089372862647,53.97795891519995
18,59.023867552020164,54.00704096049249
18,58.97816418506728,54.00972608102736
18,59.0037559718783,53.98318285570123
18,58.98253800766957,53.98429954565364
18,58.97680711374165,54.02850911659712
18,58.97624015907784,54.026500121185144
18,59.0074798044931,53.981583392156985
18,59.01225277302777,53.95294137825691
18,58.99584684809221,54.00908765983989
18,58.99773162028956,53.96342987427562
18,58.98368697443078,54.03179983636331
18,58.99074819487845,54.01861058648579
18,58.98955195275338,53.98588167425064
18,59.04354027040252,54.01486389986643
18,58.989543148765385,54.01776935263929
18,58.99552592416998,54.00076532641955
18,58.97869806372271,53.98991861388815
18,58.99438746973774,53.95271693423153
18,58.991653755211864,53.97884485360244
18,58.95493383630244,53.99714429056022
18,58.99787561502117,53.9860016688242
18,59.021952484815,53.97894920245734
18,58.993468771641616,54.047704982392034
18,59.00136151016099,53.99430848380019
18,58.981276834683364,53.96536288855181
18,58.97059824353952,53.96674701207506
18,58.985585091015416,53.985856485912095
18,59.00821156933792,54.025562511077375
18,59.014055669343584,54.0055335069609
18,58.99193741896746,54.00611552392123
18,58.99488360326098,53.96281380505363
18,58.98358315008733,53.97874113792808
18,58.98067627197112,53.959782979535944
18,59.013070948872546,54.01699108022337
18,58.96107699111976,53.995526505047316
18,59.02243688900713,54.022639158087884
18,58.96910763053467,53.977747724037776
18,59.00172721545795,54.01549683960153
18,58.98913059944595,53.95741811266688
18,59.02789689873252,54.0337600926727
18,59.02968814756525,54.03296150675854
18,59.02757722469324,54.02239519660681
18,59.0257534377884,53.98524661213934
18,58.99783445632588,54.03356310347157
18,59.02349243355344,53.97631871185945
18,58.97732375801375,53.95766708447121
18,59.0388087407079,53.98603258052018
18,58.96432428072614,54.03152738569949
18,58.98215717744043,54.00413762531361
18,59.003988222417526,53.968896494064545
18,59.00541944060527,53.96478209985846
18,59.03073687318921,53.99747036888521
18,59.041340914957146,53.98408285443031
18,58.98158953217699,53.97814154883519
18,58.99324394349524,54.01480980099558
18,59.01010453043339,54.03525873993988
18,58.964817851849055,54.018333950242216
18,59.039843965892665,54.02470047192355
18,59.019588847740096,53.99518038447642
18,58.98715439634447,54.031566134190115
18,59.00286899496986,54.02522539384508
18,58.95863087570043,54.017349478002224
18,59.012023488729035,53.99149381180254
18,59.01344072960686,54.03984781711976
18,59.02381839977638,54.02144881178236
18,58.96639959147723,54.00692598156299
18,59.00556309667428,53.95063099254239
18,59.03333361724091,53.98300422330703
18,58.99029001280625,53.973044077807046
21,59.01334799121898,53.999770963746
21,59.01496069856486,53.98806678107495
21,58.994418292793725,54.02743945337202
21,58.99350602863061,54.042972139809265
21,58.97347103345449,53.99642695622316
21,59.006907426894614,54.01555797101871
21,58.98709665104926,53.993976340775966
21,58.98664273242041,54.032235584892476
21,58.96135762685999,53.98994207225645
21,58.96956358916952,54.01420510138914
21,59.02825135615699,53.97641928604371
21,59.00469271040277,54.04734706180048
21,59.00748141748153,54.026974027267414
21,58.97750658326848,54.002990993349066
21,59.02703331724384,54.005733423189156
21,59.00850496300149,54.023265647116084
21,58.98337947417609,53.998613791471826
21,59.00736939955018,53.952789813386595
21,59.02772650790835,53.96123522521719
21,58.97462045913212,54.03920014986771
21,59.00208833703426,53.98853596735395
21,59.04795276672153,53.988145559456235
21,58.9573683615901,53.99511893214712
21,59.026988591558904,54.01546611577174
21,59.00821550711702,54.03667527605424
21,58.956939902914,54.002063233368126
21,59.04516735455275,54.02000015226286
21,58.97375641367073,54.003295088563945
21,59.006440478794914,53.95898144720978
21,59.02365747748492,53.98120354102249
21,59.03601091850628,53.96993146306251
21,58.98965134978765,53.99307210121513
21,58.99982300693427,53.99566118762023
21,58.985324223461745,53.980727718368236
21,59.01858657359307,54.004007543294286
21,59.02046925086931,54.01158271100932
21,59.02389470672194,53.97622220855884
21,58.984342904643235,54.02871597381536
21,59.03787650812239,53.992456729774474
21,59.02773568757929,53.9708546933529
21,58.99628188212635,54.03177305955721
21,58.98531906678266,54.024911771462605
21,59.014376812261716,53.956368448626996
21,58.97158494517104,53.99514282574846
21,58.9833553089722,53.97040222859649
21,58.987762881763466,54.03870397314408
21,58.973769393703414,54.041006670991734
21,59.005510789656505,54.02090210566936
21,58.99568945399839,53.98165138198055
21,59.01599415981954,54.04008445122443
21,58.97856289871563,54.029226886779384
21,58.968631886460926,54.031117410596
21,59.005127003860885,53.9851233733897
21,59.04084169153143,53.978358941116426
21,58.95893016408396,53.99018825051554
21,58.99257551746276,53.95811788702805
21,58.990004255207914,53.971792997507855
21,58.95894507444345,54.01239956702276
21,59.012938815384665,53.97240063360056
21,59.00275041356207,53.97604331670555
21,58.964037806117815,53.97453618177824
21,59.01479112757598,54.042837612586354
21,58.96832035718892,54.0081968267641
33,59.02453841562342,53.958465906489565
33,58.980571265219986,54.00646419454907
33,59.043549039738444,54.01351961095278
33,58.99484168121082,53.95654093835364
33,58.97273366257201,54.041876841516554
33,58.992676132991974,54.02214836454469
33,59.01990771543548,53.96961578830514
33,58.98053784456447,53.955733794283596
33,58.97585728541291,53.99062119876787
33,58.99894764365758,54.0478036504681
33,58.994717490219706,53.953872412227724
33,58.993724027475594,53.97974121056102
33,59.03494959951817,54.01013502092027
33,58.95047776623928,53.99456670187457
33,58.95903309169347,53.99595917199589
33,59.02619463107186,54.04109780477429
33,59.01187980517969,53.95540568892799
33,58.98939983616167,53.99957732601987
33,58.989761041026505,54.00993968345283
33,58.97013461292502,53.99761535956509
33,58.99775145772438,53.95769723355432
33,58.99652314080293,53.98697867223581
33,59.01219871779295,54.02344545125201
33,59.02296278523675,53.95866564423419
33,59.00992208126917,54.026084576093865
33,58.98976336905372,54.00921960019788
33,59.02298273360833,54.02218769325814
33,58.99086164332652,54.00641192697482
33,59.02147350923781,53.96285053528857
33,58.97347821405416,54.02435272005952
33,59.01319407518342,54.02508526303605
33,59.012675293701236,53.98879990412251
33,59.002900761225774,54.04635985489975
33,58.97967547607006,53.98718202557887
33,59.009779452572005,54.0183252477219
33,59.03191384918216,53.97760183222484
33,59.01563724065615,53.96083142565029
33,59.00710153828325,54.03130776728351
33,58.980053591315354,54.00043685052538
33,59.0324743590302,53.96558558507023
33,58.9955162113902,53.991467493400094
33,58.99303226813152,53.96955120188451
33,58.98562144274622,53.99694383314408
33,58.966226704012094,53.982053690945634
33,59.0131029740714,54.0064876783411
33,59.04845061042103,54.00042969744288
33,59.008807471213174,54.04386031531469
33,58.98096396836481,53.9807144393299
33,59.028300241812104,53.99689588209779
33,59.024082191938476,53.973688795081706
33,59.00383577952841,53.97162524739714
33,59.02752622668616,53.98100003573456
33,59.035255150108014,54.03042697057985
33,59.0419573359654,54.017393537824496
33,58.984691869190925,53.996626551336874
33,59.02122265145831,53.990291634779965
33,58.978266526486244,54.0009187584261
33,59.016518234638454,53.997896700900576
33,59.021022942183144,53.96963103595736
33,59.00577250457162,53.9783078648591
33,58.972929595535845,53.977468477709785
33,58.97109187503131,53.979900678467246
33,59.02045389182188,53.95612160147169
33,58.97466808770791,54.03897027898867
33,58.985352204028665,54.023547755606195
33,59.02484855870966,54.023261395381624
33,58.994254448820115,53.987559271055645
33,58.99009108934193,54.02190367121989
33,59.033997644080486,53.965350171791414
33,59.01019612231424,54.045989617876245
33,58.97642577604852,53.99900942914687
33,58.961362317343934,53.989232888440185
33,59.022745991394736,54.020965531131765
33,59.02699851781752,54.02331870060255
33,58.967507005692354,53.96800875711498
33,59.026610610399324,54.0187815795103
33,58.97622567072369,53.996602672282116
33,58.969026590671604,54.00641659407695
33,58.95225164985625,54.00246514813664
33,58.96102860605013,53.98403408778413
33,59.02630435263135,54.02705553781248
33,59.017533005258976,54.04098149077844
33,58.98263688273923,54.02056240831025
33,59.0232324995273,54.03144189538917
33,59.01572761950169,54.002357593829146
33,58.97891938562768,54.02219708248251
33,58.97812953867537,53.97202805877056
33,58.97749254281374,54.02397626056936
33,58.99306282134233,53.968990053442226
33,59.00665559936056,53.97876021664778
33,58.99227535211799,54.016358827392146
33,58.970326606854655,54.02819708487594
33,58.95598458206205,53.98830349281374
33,58.96170228141108,54.025263118622036
33,58.978487616714915,54.036256594273105
33,58.9985461897777,54.00589778185219
33,59.01154050865549,53.98139139762958
33,58.983713646918474,54.038714298809566
33,58.97168057173698,53.99063624880942
33,58.981447361963845,54.028366636237166
33,59.02829403018113,53.988113421738575
33,59.00716410069196,53.99626419141347
33,59.03511072936228,54.023835495170026
33,58.97029214039983,53.973854176372946
33,59.03738728883285,53.990704594295615
33,58.9834390048039,53.98825142314304
33,59.0206568652414,53.99948849935553
33,59.019321976235794,53.96577943357407
33,59.03901183953482,54.02993140918836
33,58.977576971161675,54.032861894307054
33,59.032413617342065,54.02056752102715
33,59.02425618031281,53.958903131139266
33,58.96081796137074,53.9867468818551
33,58.99924539902723,54.03534983758662
33,58.95903309169347,53.99595917199589
33,58.97125627709918,54.02877986267816
33,59.00016432385314,53.96389979439871
33,59.01224712183993,53.97714326940772
35,59.020084863656265,53.96805960470133
35,58.95068450487556,53.99513710123325
35,59.009655593983766,54.00840509652452
35,58.99517451272945,54.04256148761033
35,59.02808903613952,53.987010602280684
35,59.032034503769864,53.96438465852651
35,58.99791552875843,54.01906898575145
35,59.00758575811632,53.982283398449894
35,59.03459042279291,53.9820755859484
35,59.0350631680848,53.97331968159566
35,58.98567137190131,54.0112112501383
35,59.02251009091631,53.96253783960883
35,59.037040979362686,53.98724866866104
35,58.98682864366666,54.007916051301585
35,59.02778570430032,53.97585365612375
35,59.01502547353133,53.96992281544264
35,59.02253877905385,54.0351655063425
35,59.00276251406047,54.04648416517542
35,59.04533689377606,53.99789249780182
35,58.99936603499373,53.97477556142333
35,59.025404211076854,54.03691377265933
35,58.97317486126147,53.96135490696389
35,59.02139220074217,53.973275403094895
35,59.01905418950093,54.00398749756171
35,59.036467350774736,54.02089227529502
35,59.011891739487474,54.018866140842086
35,58.97818858052408,53.98477844518812
35,59.01401637067175,54.04670111852106
35,58.95250562168195,54.005404009576566
35,58.99796895474634,53.96832519345946
35,58.98705839990908,54.04257492779494
35,58.96460841057797,53.96598733101457
35,58.9612857141203,53.98319990547156
35,58.96973553888142,54.02983471508731
35,58.98769522519451,53.978640730088536
35,59.03903354275969,53.990471710603046
35,58.96330475146061,54.02496693302353
35,58.99976977128843,53.994941933458705
35,58.99939927487531,54.042116446009125
35,58.99920127149197,54.00237490404551
35,59.03470093819783,53.995133640354894
35,59.04187222838583,53.97492352987357
35,59.00485184981226,54.043642757196736
35,59.00837673629836,54.008354324985916
35,58.973205738505406,54.037715437566696
35,58.992759618837965,54.007160193629204
35,59.0456019633365,53.987620821896606
35,58.99667378236892,54.020752942671585
35,59.006091496478405,53.9863317216531
35,58.976711528060775,53.984419303481
35,58.956036384076775,53.99606386208433
35,58.993292721387206,54.013764525981394
35,58.96648412175021,53.9945804318593
35,58.97659577381363,54.01481003113688
46,59.02056816051049,53.97724103127553
46,58.986158524472174,53.970181336983586
46,58.98368052927265,54.02987050685727
46,58.98872982701217,54.0359637224403
46,59.0260038371839,53.99465625955243
46,58.970158791814754,53.9985406150869
46,58.964334594542336,53.99293289846047
46,59.047020544632595,53.98994581004514
46,59.04779877824142,54.00900712629391
46,59.04153778276955,53.995340239243795
46,59.031600830324265,54.01470591524752
46,58.99695632348095,54.03007585852456
46,58.97989113704076,54.014196115227236
46,59.0226568522735,53.9631104882452
46,59.016854234591634,53.974991912422055
46,59.00301150417337,54.03191744937508
46,59.009349589553864,53.97121249800878
46,58.965016559170635,53.966850481845356
46,58.95250562168195,54.005404009576566
46,59.03268607662695,54.030592132540335
46,58.979527456390365,54.00288338022036
46,58.98224808128046,53.970092131682264
46,58.97192624863812,53.99815131043634
46,59.01751269453266,54.02972344089585
46,58.96766296320954,53.964405870605475
46,59.01979799977467,54.012460758269775
46,58.96402669837666,54.00802022050817
46,58.968044928887124,53.971708517070326
46,58.979970772802204,53.978653173798314
46,58.98115342736008,53.9840430642782
46,59.00005297071476,54.00613657019636
46,58.96455108338816,54.033250831680554
46,58.99796400050761,54.04988200887186
46,58.99403026897708,54.02920949820909
46,58.96115274872574,53.985449303247535
46,59.00041578852837,54.01827290825902
46,58.96660191480603,53.977651431230186
46,59.015639618292674,54.045816585440036
46,59.01739060217872,53.98098581399214
46,58.99429514870695,54.01372427523628
46,58.972309629127835,53.961902091462775
46,58.97227242135387,54.022700152556084
46,58.97832775700811,54.01061065418236
46,59.026892194331495,53.97747324380337
46,58.99044626612268,53.98882491614914
46,58.99834333010282,53.99464162337515
46,59.01573152040603,53.98055952670371
46,58.99082548186183,54.012768776331406
46,59.040256098573266,54.028272999954794
46,58.968185981566556,53.999374018612855
46,58.95779522857794,54.02184160576672
46,58.9970429600209,54.01444281106479
46,59.0194932319754,54.03433950063933
46,59.00496496059841,53.97955428726584
46,58.98537638566581,53.96599940567148
46,58.992811154813424,54.02227730417478
46,58.97279076948643,53.980769772811435
46,58.99823433128546,54.047557331111356
46,58.95694395076554,53.97519059479083
46,59.01289401831231,53.95525781371979
46,59.01759168476218,53.987439780907096
46,59.02618645270266,53.976163278241984
46,58.971866880478025,54.025567844774685
46,59.000331282413505,53.99214710928983
46,58.98891756745504,53.9580100148351
46,58.966700700472174,54.029781573982255
46,59.00545019895901,54.047114172511364
46,58.99774903863273,53.97637123410263
46,58.98468413709988,54.0471317642518
46,58.99197947347945,53.97190312273407
46,58.968704299618,54.0210864741624
46,59.01380138312341,54.012953446777985
46,58.97956939895398,53.97210410379765
46,59.02512167895377,54.002143823511624
46,59.03544198659401,54.01459971551679
46,59.04415158875346,53.98272810400623
46,58.99769791442212,54.028480405104794
46,59.02160176328674,53.96981489719562
46,58.98516738213384,53.95976204880251
46,58.994387014888126,54.02769754817778
47,59.00924871517088,54.0015124928071
47,58.97571485132704,54.01367754042936
47,58.99996488892024,53.95620986367668
47,59.04368668623199,54.01321556271118
47,58.95239804355971,53.9938981216913
47,58.97792970972975,54.004453084263474
47,59.01796667538353,54.04006716486037
47,58.96928107569266,53.99501604157611
47,58.97607017958374,54.017297690230535
47,59.00415345707475,54.029157532130114
47,58.96425481245404,54.02088740067632
47,59.02696375884192,54.021433131623716
47,58.96756045027806,53.99330636174628
47,58.96881987098268,54.009027691456744
47,58.99964144929791,54.00712037255082
47,59.0227694382971,54.03719194357121
47,59.00647811309303,54.04429539090275
47,59.00173138727029,53.9705102451691
47,58.96412703126789,53.992336460308955
47,58.97539741260947,54.041457925401694
47,59.01319407518342,54.02508526303605
47,58.96910899460985,53.99805289872106
47,58.99353198081654,53.952606823912824
47,58.987586229129555,54.0300530130606
47,59.01238446694366,53.99601101821028
47,59.02261366761005,53.97156651417425
47,58.970195720324206,54.003284145069536
47,58.98820462307989,54.014298549373144
47,58.992325731950125,53.979385485120204
47,58.987047405786576,53.98833575852277
47,58.975156581040814,54.00629076553859
47,58.98822057348068,53.99249593037598
47,58.97280657310144,54.021280591134975
47,59.03618375639175,53.9671854514601
47,59.00502587578812,53.99490137457482
47,58.9935043490647,54.005798458532944
47,58.96266346533315,54.00966757702692
47,59.025211088833274,54.04210669925443
47,58.968874276223396,54.0108764065176
47,58.97450681046256,53.99772846608618
47,59.00898578367433,54.013966707449335
47,59.019266582126946,54.017797611217496
47,58.98188280410927,54.01969264841777
47,58.99163552811848,53.99120779790968
47,58.97440761222677,53.97726352587313
47,59.002288003810726,53.9923033718048
47,59.017298152042635,53.971858613719476
47,59.005430247916436,53.988276204104906
47,59.00647811309303,54.04429539090275
47,59.032968110085164,53.97162702700754
47,59.035256656223694,53.98124605746661
47,58.972007493800085,53.96358516632777
47,59.000781887754854,54.03166228196708
47,58.95275239582258,54.00122986115756
47,59.021569437158554,54.034036898629886
47,59.00208270076219,53.96092622295967
47,59.02967756334188,54.01126442508783
47,59.0241702009783,53.98369109478194
47,59.04493048395577,53.988092726901485
47,59.0174347588386,53.99981430707263
47,59.001778358332814,53.99276710760982
47,59.01212734636179,53.95202927671875
47,59.02112814641135,53.958328198600015
47,59.00809894578703,53.952802058177504
47,58.99959635998945,54.01764447488644
47,58.99755745787264,53.950203790819025
47,59.006968807151424,53.99422996122751
47,59.028224841672,53.99179611512791
47,58.99987789426867,54.011328117864636
47,58.95619454620028,53.99109393720046
47,59.0257534377884,53.98524661213934
47,58.954325757470144,53.98782831898901
47,59.012110395140745,53.978538560077006
47,58.97114867603107,53.96596366048437
47,58.9913269990176,54.0323826525814
47,59.01389694902907,54.016198853965484
47,58.98043781011707,54.02551834005648
47,58.9745052884749,53.983359157413496
47,59.01359790725712,54.03152474059635
47,58.9549447307289,54.019373848260365
47,59.01352397356572,54.00987382505441
47,58.96292409385074,54.03207212160803
47,58.9791092156431,53.97184993397571
47,58.957317972087225,53.99702387816961
47,59.0145044799458,54.02994474138856
47,58.98502358797047,53.996612642198805
47,58.965142309200466,54.030283986520665
47,59.024023151137875,53.98983918688927
47,58.97101507228176,53.96843865146288
47,58.985132737075915,53.988238051864165
47,58.952005222309765,54.003528521148276
47,58.99237701132421,54.02061877244586
47,59.024594514225306,54.03632098431123
47,58.99572644893756,54.045802458248495
47,58.96765391326802,54.02730375871935
47,59.0069433095826,54.03825052879348
47,59.00684576211268,53.984271310993286
47,58.978166629198554,54.00830503251565
47,58.95720722925397,53.99763906631784
47,59.03662737268869,53.98820974367079
47,58.954888163729954,53.98414279112914
47,59.0341393819109,53.991139749756975
47,58.952513884960986,53.98450892663385
47,59.006713766514146,54.002409748159636
47,59.016350476268144,54.00658273875028
47,58.9985395080181,54.02668908929652
47,59.038785878368174,53.97784642221963
47,58.96993384845284,53.99789227111257
47,59.02507953908149,53.96988705045394
47,58.987644291787255,54.04109677628623
47,59.03619850592539,54.0041247263144
47,59.04763755952242,53.99288987284231
47,58.98672781322248,53.966730590759
47,59.008095451637715,53.99476843164334
47,58.99123038315861,53.99645280776721
47,59.000381510255934,53.9807815562081
47,59.03226493446972,54.01107093681012
47,58.984872286134134,54.040511665371895
47,59.01940090551107,53.97151518550228
48,58.99763039814251,53.97004593090596
48,59.02539635270874,53.981568575021434
48,58.9573683615901,53.99511893214712
48,59.033478974358715,54.028394422231585
48,59.04779877824142,54.00900712629391
48,58.98964368933138,54.044898198855435
48,58.97703976127653,53.988724916051844
48,59.04779010306674,53.98956921837616
48,59.00509674599854,54.019953838484646
48,59.01044461867285,54.031591421560975
48,58.95653893070029,54.017287741385395
48,58.99695385868458,53.95923612059715
48,59.03913378682938,53.97098099535391
48,58.96104958976817,53.97584456349652
48,59.01088962903172,54.01222632857331
48,59.02661675812463,54.0104784450528
48,59.01476694137586,53.95498666685194
48,59.027975543874696,53.96127817105139
48,58.9936846220127,53.98432485658256
48,59.02311141085205,54.02164342884683
48,59.02267516449962,53.962294291226385
48,58.993130565639134,53.99229105799111
48,59.00383846253275,54.03849606657303
48,59.00841694257343,54.03547510829757
48,59.02201910920843,53.96897452460177
48,58.95552202416853,53.99877145260707
48,58.95617471603121,53.994767445057796
48,58.96380763103391,53.9964483199917
48,59.02616477707617,53.95795437539117
48,58.97444105022828,53.98424211255298
48,58.97479162976549,53.964562400390975
48,58.973948139194825,54.00248706375232
48,58.95909156181505,53.98194294539215
48,58.9889779724727,54.02765233737018
48,58.98264178878043,53.96017667538461
48,58.977952389245175,53.9603761482819
48,58.968278802295764,53.9869385337578
48,59.00693289703864,53.9923060902963
48,59.01860547154856,53.9539875753494
48,59.03966074750446,53.99518381099917
48,59.0084957983706,53.95090716026368
48,58.96658578038008,54.01429346831378
48,59.01800981945829,54.02600600646775
48,59.029167546656524,54.0130624741792
48,59.00253967918165,54.02903422159265
48,59.00434875367457,54.03695282623149
48,59.00073369258923,54.036876817986645
48,58.98390060927639,54.04432923397966
48,58.96882166722593,53.98693759769564
48,58.95643641104876,53.99890784995942
48,59.00822236485492,53.99560871299146
48,59.00342406450976,53.98120174174738
48,58.99943437731,53.963340930746575
48,59.02045389182188,53.95612160147169
48,58.96331145599846,53.98856557973167
48,59.00086070023081,54.005384903659426
48,59.04392373699638,54.02020026050475
48,59.024870580237184,54.028130754790844
48,58.99074604495839,54.01632929332729
48,59.03601017287849,54.02987547149674
48,58.97137785075584,54.00907280984339
48,59.005999226208964,54.03264445432085
48,58.97718018215429,54.003273956466145
48,58.97014091163703,54.00084934039666
48,58.97697985745635,53.975359300850194
48,58.980681859117205,54.0294820023375
48,59.0315983539805,53.99833237781156
51,58.99229344453701,54.012304597065935
51,58.99098646849906,53.97716494577186
51,59.00689968963323,53.9559278776006
51,58.984669065105244,53.976871747056535
51,59.02727162233526,53.99894926017815
51,59.03585383971717,53.97700125220955
51,58.99637499016529,54.0147926190487
51,58.97762575131959,54.03875970325275
51,59.0049367656889,54.03890473461054
51,59.01105583137793,53.99570481840249
51,59.042539730450756,54.01590625463175
51,59.02048865388924,53.96298608977208
51,58.96432428072614,54.03152738569949
51,59.00511642005158,53.98986736227767
51,59.03552775301452,53.979399913501304
51,59.001982268011176,54.034399187581144
51,59.01780260930117,54.00286155434831
51,59.032417102365145,54.03802768645733
51,59.02301212390033,54.02928070552801
51,58.970288750867766,54.0393611341115
51,59.009764698769,53.997387797502306
51,58.97612986678268,54.02386498901928
51,59.01114056085434,53.985742269794514
51,58.984353646835324,53.99066439737515
51,59.02011885644156,54.01226049332093
51,58.97596044966733,54.03473160522543
51,58.96199810105951,53.973295334130675
51,58.976199063333496,54.000312530540015
51,58.98125029978047,53.98414472351788
51,59.02585625395942,53.995666480545516
51,58.95655607320506,53.97862877002567
51,58.971104704034495,54.036860772721965
51,59.020752204445806,54.00041005032549
51,58.991599261686964,54.04304238116551
51,58.96712573219065,53.97917717599015
51,58.95538388088389,54.00821200309655
51,59.014137650712314,54.02161347893703
51,58.96638041069574,54.002068790291034
51,59.011629984295475,54.03943634221967
51,58.97844842459519,54.03122512100075
51,59.0037559718783,53.98318285570123
51,58.95689498770632,54.02240216855722
51,59.00594199562878,53.98624641473667
51,58.97938916859966,54.044472659813785
51,59.00543124765162,53.98354499796644
51,59.02930971425071,54.012322986670505
51,58.97660460899033,54.018568266998955
51,58.96772130414176,54.02345696819695
51,59.02325280362419,54.04229323982607
51,59.01812674925241,54.02814704833079
51,59.04214288031814,54.018584616637085
51,58.99183059275037,54.025419586758964
51,58.989177036541655,53.99813494705056
51,59.02598832540774,54.00864691260658
51,59.014851668884134,53.996997756263625
51,58.990881922361595,53.9710711798972
51,58.96245174712129,53.969623001976665
51,58.99812267201278,53.99058811649435
51,58.96709289478678,54.02831620573066
51,59.01515776144977,54.0175476609951
51,58.99093448526696,54.01629346372529
51,58.96603459798037,54.020545405579554
51,58.99764780726125,54.00296668725999
51,59.00863494545978,54.004117407297855
60,59.01646942877172,53.995005517119196
60,58.9791826156906,54.00927108479799
60,58.959464282257876,53.98454516011463
60,58.97861417204292,53.971329627818626
60,58.97554594756429,54.01072851631404
60,59.03349006566216,53.97978958696201
60,59.02307089696695,54.010787768194234
60,59.03255067384877,54.01999289053266
60,58.99762757288545,54.02027299086271
60,59.02489927913965,54.0234898822624
60,58.993571983645495,54.00787867749637
60,58.9967975237528,53.951811227510355
60,59.00514639995055,53.9776961022635
60,59.0151654137496,53.96887425923156
60,59.005485971443875,54.02036243024853
60,58.98319421588501,54.006621759093235
60,59.04482594734844,53.997402648486506
60,58.95388783200018,54.0106325595251
60,58.972925573827496,54.0310376524581
60,59.00541944060527,53.96478209985846
60,59.00529070977372,53.954034932898644
60,58.97678222492481,54.04145491161106
60,58.97395988577789,54.02871981237233
60,58.984006727259136,53.98677461858071
60,59.04378722160167,53.996954896600094
60,58.97781279298225,53.97102701890176
60,58.99983142252913,53.98619543363753
60,59.01403290726253,53.95439593460004
60,58.996715989227475,54.0186320569931
60,59.004583841808625,54.041360346013356
62,58.99409644157854,53.99717545327236
62,59.0433563798645,53.992896561093985
62,59.00115235799936,53.96817468989293
62,58.98051211370074,53.961957120951126
62,59.02564485763447,53.97734542457825
62,59.00415312525302,53.98513795431824
62,59.03851196518958,53.98092064596312
62,59.02479389357577,54.0068845366786
62,58.953538975036174,53.98285473854127
62,59.00502587578812,53.99490137457482
62,58.982111508590364,53.99671598902194
62,59.00218782972276,53.9769384668301
62,59.02500742788253,54.00110391094361
62,58.99836301689562,53.977120126613436
62,58.96933234246565,53.98749279661426
62,59.004331668551906,54.01384552255074
62,58.97790822400275,54.013001053837286
62,59.03485190161927,53.974964604792376
62,59.03766982990977,54.02268643733064
62,58.951367072974044,54.0046175800077
62,59.02360222207875,53.98444795406977
62,58.999583185436435,53.995935236678164
62,59.04753460071373,53.99869473543224
62,58.98486049799554,53.96707915514343
62,58.98972222410809,54.015449085828
62,58.98229125811014,54.02567733613914
62,58.997181970475246,54.010914482492396
62,59.00173138727029,53.9705102451691
62,58.99072753609332,53.977902946125305
62,58.98910870712691,54.04582837157671
62,58.987996144136844,53.99028008175758
62,59.011774840844815,54.00558257069498
62,59.01549406682328,54.01938258868397
62,59.0114300076327,54.03441478251676
62,59.02538244832486,53.99241418201279
62,59.00007133013879,54.03826462257826
62,58.95689526406916,54.00762634485325
62,58.97228813722553,54.02137592337982
62,58.953609765722874,53.98582845929992
62,59.033558213238436,54.03550571905383
62,59.00979033596295,54.00398000242052
62,58.95779959397013,54.02567101705877
62,58.97341770374738,54.00901782107541
62,59.017635783136484,54.03981605239622
62,59.01543784031807,54.01839010157657
62,59.01826852803324,53.99906278241307
62,59.00764099870783,53.97182450158909
62,58.97376398607287,54.02125323293861
62,59.04209951764871,54.00964972298028
62,58.96448533785507,53.97746366187877
62,58.97609884186754,54.03881107625916
62,58.98824923942455,54.03444132625221
62,58.95820580758261,53.99647214799907
62,58.96514457174424,53.983246678794515
62,58.98167273519936,54.000587307274444
62,59.0090051166374,54.00254164473421
62,58.97563610080498,53.981546205889245
62,58.98849537361068,53.958078697068544
62,58.969520592734995,53.99975912702416
62,58.95315338057985,54.0022244085823
62,58.98834903015595,54.036923039579555
62,58.96531479746138,53.96611244975273
62,58.9842817957432,54.033555911809295
62,58.968101800856985,53.986533914502765
62,58.98985970912389,54.02643741882561
62,59.04141927586302,54.00051343941967
62,59.0264437873883,53.995442983388095
62,58.98070927382489,53.96786452984759
62,59.00603575535109,54.03995838937018
62,59.021738574135156,53.95713178972734
62,58.9852241733018,54.043445793551584
62,59.01941237121124,53.96137871800371
62,58.99566571269001,54.03607984575484
62,58.9967147012117,54.01679245029953
62,59.004873895943604,54.00301154780795
62,59.03111326094536,53.98016544746546
62,59.010544062557116,53.96862684033833
62,58.999060335885446,53.962539459893776
62,58.987221156719606,54.043866740720745
62,58.990010780404056,53.989521504004884
62,58.962173780943516,53.976722759961085
62,59.010287961715,54.0144361799882
62,59.027567121817455,53.99571493301701
62,59.047941384406904,53.99124119729489
62,58.96330475146061,54.02496693302353
62,58.97694633318331,54.00651769123274
62,58.99352755267503,54.0164365408698
62,59.017195070501586,53.982562801608026
62,58.95843049500886,53.996306266866725
62,59.01680093792402,53.99763762583798
62,59.00787937245956,54.02672617357288
62,58.995645918662944,53.95565763992609
62,59.02177151821379,54.01505830444599
70,58.99934553021458,54.01468340627261
70,59.01242314762638,53.995355675261635
70,59.016248914249886,54.000775629651365
70,58.982024598075824,53.99825473689295
70,59.00532789113241,53.958313845646636
70,58.988104073395824,54.034698056157325
70,59.00664656095625,53.96665459191208
70,58.999358382394156,53.97669994900098
70,59.01536644471082,54.005936839683926
70,58.990826597265404,54.048852940412985
70,58.95793951927247,54.0198678401908
70,59.01895743004082,53.9586333683676
70,58.95425103323837,53.98238312725491
70,59.037496327170174,53.99589563535434
70,58.96063945583194,53.995475203847015
70,58.96395230227644,54.008754501018245
70,59.01410760878114,53.98410553714587
70,59.03439040365849,53.992230748778724
70,58.99638392564305,53.97287434845617
70,59.02510925252134,53.98777995742716
70,59.04083522019525,54.020587352678426
70,59.00820106754546,53.98465670165279
70,59.00770556240753,53.99451297752555
70,59.01889224224623,54.00691158132652
70,58.959854033948154,53.98371897991683
70,59.0479667754909,53.987300470179285
70,59.04295890349879,54.02519139944601
70,58.96585148513732,53.96756830422017
70,59.004398859329704,54.01266086291176
70,58.99929767502922,54.005155844108664
70,58.999278966928536,54.009133375707805
70,58.97800047771225,53.984071323491364
70,59.02795446416729,54.00470869731695
70,58.96294200109595,53.9818807173571
70,58.985784910625654,54.00320176032366
70,59.00846320448915,53.95709256671657
70,58.976180194337154,54.0130825103109
70,58.976398877812706,53.997908262268375
70,58.98669302631456,54.02988409704394
70,59.01183277825466,53.99539492816833
70,58.951793969790984,53.993361107768756
70,59.030635809733724,54.007689066573064
70,59.00064521874797,53.958937639557085
70,58.99136819210272,54.005277617653526
70,58.98052967265605,53.98816305994833
70,59.01670292851451,54.031705202562215
70,59.033021224126564,53.99012536296413
70,58.97113180832839,54.02672925765638
70,58.993766694329956,54.012081053114855
70,58.98936600772831,53.96534153136837
70,59.023551694223976,53.96307325035338
70,59.0005529968949,53.95995095092041
70,58.9851601124251,53.957465439313296
70,58.98427512984309,54.0470402084122
70,58.99511526427676,54.01604940792948
70,59.02067097322665,54.00080817801493
70,58.97575998505402,54.005167502965755
70,59.01596863806859,53.96120718345301
70,58.99720734463753,54.019873432290815
70,59.02475380346481,53.97871216433453
70,59.00703459861556,53.99580655022994
70,59.014276013637,54.0369898043668
70,59.023867552020164,54.00704096049249
70,59.019458090710856,54.02301694820211
70,59.016643517198446,53.96780303462396
70,58.97358676336717,53.9760193562646
70,59.00048557445819,53.987970014746736
70,59.013412995885204,54.04729752614617
70,58.99710726463469,54.008442635331456
70,59.017007741633165,54.02406908846652
70,58.9552227870605,54.00435890426181
70,58.9549710909329,53.982011023132934
70,58.99008234969076,53.964344267430135
70,58.97881687469261,53.97597121076201
70,58.98215541402898,54.027867415446494
70,58.98957912705581,54.04432774930763
70,58.99768730845403,54.00164958759744
70,58.98070759537586,53.98870104891553
82,59.00359020096885,54.02915081150013
82,59.004044128207255,53.99027794210417
82,59.034295772916096,54.01694585241228
82,58.960983569860325,53.99805049688003
82,58.97784570014544,53.97868659740332
82,58.986808931010195,53.96600432068629
82,58.98066200209346,54.0099301879955
82,59.02024422663103,54.011568298307964
82,58.99086406232719,53.95775078694647
82,59.02127287193478,54.01498907665494
82,58.99224246420665,53.990044402250504
82,59.03139710347521,54.02962577741679
82,58.985471833423105,54.02109775529258
82,59.04130483594567,54.00223298811963
82,59.00881843094002,53.97013127332038
82,59.02247772570747,54.00527366898894
82,59.00748528888859,53.98325880794588
82,58.961517977160774,54.00891058770752
82,58.97831528915044,53.97619196210742
82,58.990168301082484,54.015315670300716
82,59.0410359070246,54.00516233793953
82,59.00417544770793,53.995395150562445
82,59.03543810990895,53.997450240319175
82,58.9977623345228,54.0173830278763
82,58.963805438040964,54.02104033641641
82,59.042955472443914,53.98280316101373
82,59.04147275755799,53.987393315092895
82,58.99121370928832,54.047803603831234
82,59.02944598599391,53.9805970436845
82,59.029038993627786,54.004160785305466
82,58.95077804933037,54.00843528070546
82,58.990091071272616,53.99536012908178
82,58.95903646858383,53.98667971039498
82,59.04283183125809,53.992545347463974
82,58.9728597925902,53.9727863436611
82,59.041366525211714,53.99505013639663
82,58.96769309541137,53.997121781232345
82,58.960065319440695,54.02987119596908
82,58.96632714035716,54.033791068285836
82,58.979992791902085,54.033927825686874
82,59.02823897016435,53.97500672204062
82,58.99171217704594,53.99112496126738
82,58.986993613712734,54.02609893106698
82,59.000903937813085,54.02277738556002
82,59.00340120419384,54.04307542749225
82,59.012826715828965,53.958153391202565
82,59.02002732102974,53.95581109247412
82,58.962524781175276,53.98412660201586
82,59.01676637042415,53.961104199545844
82,59.01223343154305,54.00101473542481
82,58.99676717580263,53.96709252097956
82,59.04754642470273,53.9939679727598
82,59.031139248585056,53.97361773176417
82,58.95234051944349,53.996215750924236
82,58.990845161494754,53.978846120665466
82,58.967444203555715,53.99865703923807
82,59.03300394678563,53.97120997954747
82,58.997478215726694,54.036298347132316
82,59.007718964502054,54.01291908618618
82,58.96130214458008,53.99807372085311
82,58.98016898367161,54.00709737813597
82,58.983911401189275,53.960273083204804
82,59.007805815959344,53.9775985740696
82,59.01679358073298,53.99163564904771
82,59.01697889809552,53.98113895392742
82,58.996072874433146,53.9758156340208
82,58.990027848224976,53.99717228530976
82,59.03884890363068,53.99462165464863
82,58.99863745340653,53.95837106463494
82,59.03537968052129,54.028210652122546
82,58.97653058628657,54.03570941751667
82,58.987591319224464,53.98301607079553
82,59.01855250335215,53.995302860462466
82,58.994970658563346,54.04060160567061
82,58.99977369650795,53.95849382188303
82,59.01209093744386,54.01016374755408
82,59.0187881788604,53.960764384152995
82,59.035891984853734,54.003048148543726
82,58.98400456997255,53.97196285595749
82,59.01745417552605,53.99756286634903
82,59.011401029210695,53.96633520262942
82,58.954768332402146,54.01182428149496
82,58.99592867478067,53.979830575246766
82,59.007370238478664,53.978116733678945
82,59.03281000190652,54.03026243893656
82,59.02625055026702,54.024033773237846
82,59.00794494336975,53.997926561147786
82,58.96779516055189,53.99751609784305
82,58.96711967801782,53.99784866737325
82,59.00233576768369,53.96122315775749
82,58.96848269503473,54.02289704196562
82,59.024611106912054,54.026148788354654
82,59.00182805979304,53.96356824986404
82,59.01159283854387,54.00396515523616
82,58.96566233739694,53.99615593028842
82,58.992961580208565,53.979724581934946
82,58.97092879067035,54.01437952630655
82,59.01721873227036,53.993038743571894
82,58.99304168833186,53.9944373338535
82,59.0132681968334,54.04145614744266
82,59.04400250572439,53.98777423374271
90,59.00157536388212,53.99029130386479
90,59.0244397239075,53.98820224365827
90,58.99740026731545,54.03632848328722
90,58.98072832113975,54.008974149740915
90,58.97965832604879,53.98208055281793
90,59.01081854498321,53.99719458895901
90,59.03327749654583,54.033872665485404
90,59.04403160156932,53.98370231557769
90,59.030553564609065,54.00924547437087
90,58.98367760086046,53.99742509232572
90,58.994286918684935,54.00530164260068
90,59.019692472280504,53.98339714998859
90,58.9993258827465,53.96907741961588
90,58.958400471272334,54.000351333000026
90,58.961699316369646,54.00992966681345
90,59.007871337024106,53.95899312510061
90,59.04566472233492,53.993774408489415
90,58.97247325829951,53.98548046979923
90,59.04661919310741,54.00180385753068
90,59.01648321095435,54.0253351307973
90,59.014068909431266,53.999486941137825
90,59.03654291714486,54.000409929361524
90,58.99967093567194,54.00867990181191
90,59.003536000859384,53.96945511346741
90,59.00326933645159,54.00250150914908
90,59.00942577567137,54.02873726507422
90,58.99677537740392,54.01297809900829
90,58.98899832827038,53.960757123654155
90,59.02267516449962,53.962294291226385
90,59.01261429159233,53.95994658142692
90,59.035752220399665,53.97211666969832
90,58.96914029654668,53.970296931678455
90,58.9620914449625,54.00081085520731
90,59.00793813138773,53.95539234015315
90,58.98860958075517,54.025626774586534
90,59.020407629075756,54.02730666386942
90,58.96701489614674,53.96393884353638
90,58.9772076844354,53.95754351692541
90,59.03466463321791,54.012950491646954
90,58.965453586779866,53.99254557591049
90,58.970635460185704,53.979086267243765
90,59.02910469493619,54.01424307302642
90,58.9626878429605,54.00817796609751
90,59.01548806878262,54.02184081515683
90,58.96244967840008,54.019503976296356
90,59.00156705052369,54.03400740940435
90,58.995046677387926,53.96825609708073
90,58.999060335885446,53.962539459893776
90,58.977056689516246,53.95877405944609
90,59.00027640748245,53.962363036008256
90,58.97222945716889,53.96211158139395
90,59.003125435762186,54.00265898594935
90,58.97128783912589,53.972613780012814
90,59.018310712245736,53.98047322595265
90,58.99488925175693,54.02284220816963
90,58.997138636862,53.95715848598567
90,58.97848579564508,54.03584618834201
90,59.0212329611503,54.00363891115058
90,59.02273061609223,54.02163059874001
90,58.99677068445018,54.01794130298336
90,59.044390384473544,54.0037712899257
90,58.9639850870382,53.972766275162684
90,59.01173539897134,53.975472798838744
90,59.009666340538786,53.955906815355846
90,58.968144945882784,54.018694193648216
90,58.99491914405186,53.97985483663639
90,58.97538451916331,53.97772172260647
90,58.95131492036133,53.99183017506843
90,59.006187170042914,53.971986042675276
90,59.005621253808194,53.99871035043942
90,58.982817937892285,54.038935859656014
90,58.98955179986825,54.02105578873875
90,58.971541674921006,53.97234986956368
90,58.98443216981183,53.980745669857754
90,58.95451083132948,53.99328113027199
90,58.984164958258226,53.97242953626643
90,58.95560403805155,54.012570253510006
90,58.99579248760192,54.02123312596871
90,59.00002843394805,53.96165038932622
90,58.97795167451628,53.962433834936895
90,58.961972526733355,54.00773425018045
90,59.00414595153407,53.97813300996077
90,58.99094213890842,53.961936047293854
90,59.007403137506145,54.004283222488816
90,58.97466669569402,54.02005557555782
90,58.957012742437,54.00670221239637
90,58.97607030723368,54.005884611302086
90,59.013443480633356,54.038019352094466
90,58.97976477673443,54.00862483533765
90,59.026423582578026,54.01127044688369
90,58.99104110774897,53.975073439917445
90,59.01125951962722,54.03830086536452
90,58.95862666411332,54.02190296107867
90,58.99956250154663,54.02853128529701
90,58.989215253826146,53.99160441109536
94,59.02797896192132,53.99534557174826
94,58.97449151132748,53.996137617130366
94,59.003921467566634,54.035980271576655
94,59.00572397017099,54.036615006202595
94,58.96402155981734,54.009848424599355
94,59.03802688984701,54.01549417853548
94,59.009499615594144,54.030615306431656
94,58.97539140485246,54.01674769745909
94,59.02474727119239,54.014244379386994
94,58.994021889082475,53.95276274729429
94,58.97777849627267,53.99123491249683
94,59.011582772135945,54.015992480033056
94,59.04191658444137,53.9957462958969
94,59.016833343882254,53.98642223515456
94,59.036100764370815,54.025130369801836
94,59.0281408743143,54.0040504639141
94,59.03877707425732,54.02335791412343
94,58.97869917633407,53.97569664309963
94,59.00885618089985,54.00656007636542
94,58.96820649973489,53.9698048710415
94,58.98036443796257,53.97522425918486
94,58.9719091859229,54.02384715504521
94,59.03358137932476,53.986721080558375
94,59.04040120018378,54.008663611946375
94,58.96657684443766,53.98450861604949
94,58.98535626086694,54.01811725782944
94,59.003980657700005,54.005401911276614
94,59.04279978141332,53.99996832031317
94,58.97267943838289,54.024605409121236
94,59.00657172083445,53.99052551860618
94,58.981387372619054,54.026145066640765
94,59.04302973836189,54.00136045705106
94,58.96486903063627,54.008090920137874
94,58.981401219492554,54.00246281797268
94,58.96833247059495,54.00049370105707
94,58.9862412228123,54.03820906148844
94,58.99852289216518,54.02948281292239
94,59.02484125696022,53.977438592503404
94,59.04792409689269,54.00474445415542
94,58.95359965744172,54.000568416201055
94,59.01531092767732,54.03679805121968
94,59.02910784558556,54.00313171217535
94,58.99695632348095,54.03007585852456
94,58.961167842273234,53.9757533129366
94,58.983733330389164,53.97729172300838
94,58.99305201134806,53.96255945410227
94,58.982204864999254,54.02172541577502
94,58.99781687441193,54.035062852457116
94,58.970234225309426,53.991599958694685
94,59.02012862250749,54.00933082284061
94,58.997816690809465,53.95101379592264
94,59.026963080287835,54.01087875983751
94,59.018046351117164,53.98843422944529
94,59.035084202661096,54.0071008308047
94,59.02221817825517,53.95732014249309
94,58.965678881466516,54.03181045154812
94,58.99175323146322,54.000446281996254
94,59.03989819897908,54.012910472836666
94,58.99269210206244,54.04506307214771
94,58.96377219618223,53.988331693997125
94,58.98135320094014,53.98156119374565
94,59.013512995658296,53.97628930127806
94,59.00582681737099,53.99897226105454
94,59.02259005906034,54.006485445238326
94,59.008615802879376,54.00136085942403
94,59.01519161155553,54.00961729473591
94,59.032894672364066,53.963424495890564
94,58.98501431566125,53.9569732720839
94,58.977558330331355,53.99352986753614
94,59.02824455371965,54.02232201257275
94,59.021690042411585,53.966895753548854
94,58.97261829427249,54.03799682717992
94,58.97769186386134,53.96542093986314
94,58.97999006820246,54.04132977960716
94,59.02007263794053,53.974254905778054
94,58.981155738713205,53.97987551356625
94,59.01164370366581,53.972615886620915
94,59.02461324122334,54.02828838013139
94,59.0060768302791,54.02791847940157
94,59.047722605191666,54.00568350189275
94,59.01123572396228,53.960758568357654
94,59.011700499113715,53.95766588042806
94,59.03484210673904,53.968881633402844
94,59.018694374980356,53.99657000588931
94,58.987651885555216,54.01751089180327
94,59.031025464153544,54.02569101403035
94,58.972464965134435,53.988878639084625
94,59.00786981274195,53.966528117743955
94,58.992503942230584,53.95607119373896
94,59.01962521766223,53.95789119165356
94,58.977415207587754,54.02690390475861
94,59.023849956513466,54.01497652161715
94,59.02793911038822,53.95878948307516
94,58.97387174623856,54.039679584022196
94,58.97893392038144,54.01064110777582
94,59.01829144252275,54.00032593503189
94,58.98706851152763,54.0262178909021
94,58.957264367358,53.99785264193734
94,58.98189154020445,53.97595565112818
94,59.04885269525886,54.01011609825551
94,58.989899041608915,54.01440929931292
94,58.99760573524978,54.02231930047167
94,59.01321469757213,53.96095315251982
94,59.01388758402057,53.95704934841247
94,59.00558652721896,53.999042701988586
94,58.981356186100236,54.03943280426646
94,58.99211370046841,53.990665385895525
94,59.01081599491246,53.979914992035305
94,58.97912817484632,54.029670087400305
94,59.036842041897536,54.028704187445086
94,58.99348281326149,54.00121759604962
94,59.034469087824604,53.96381048626318
94,59.02797481923199,53.98177752043183
94,58.98793984983351,53.960112456945026
94,59.00407397336843,54.027587923218235
94,59.033834650940115,53.99778100169994
94,59.00008223730248,53.9942609921327
94,58.96074458415957,54.01005497736534
94,59.00991169396053,54.019118512019425
94,59.00936038353947,54.03931259629293
94,59.0333201963239,53.990736188113516
94,58.95456327029946,54.01369476336755
94,59.00889495836897,54.047167189370924
95,59.00024307626608,54.031130906920104
95,58.96674141537188,54.00244513022021
95,58.999535661575166,53.96180228027404
95,59.025597700990154,53.98159485748485
95,58.95467629956703,53.99329759858306
95,59.01453053375453,53.97960108106439
95,59.00927085118822,53.99267455963566
95,58.971980464245966,53.96853625321116
95,59.033480401357465,53.97842655783709
95,58.999161968056946,54.014969439808986
95,58.985665247600686,54.027176027043474
95,58.97765692083014,53.95893714890005
95,58.953133407643094,54.01149995119387
95,58.986769828021586,54.04510859020821
95,59.015703580898716,54.00614094593171
95,58.96619954693454,54.00036773209309
95,58.98005049797268,53.985553459365335
95,59.01055870247338,53.951609343631496
95,58.95094226565365,54.00808347177217
95,58.96503419415074,54.00920467301119
95,58.95856364793853,53.97312753349641
95,59.04732828743157,53.99735611458577
95,59.004072720046395,54.03293376387333
95,59.02865476918208,54.01073659256476
95,59.0256184225333,54.03906031674741
95,59.04779010306674,53.98956921837616
95,59.01273891909181,54.01516198606567
95,58.96120988975911,54.011603185718194
95,58.994721474027195,53.96518605012248
95,58.9654409732864,53.9816116648858
95,58.956489824164976,53.9885412043194
95,58.97230092898899,54.041001964583494
95,59.01418208637924,54.02310114111133
95,58.97673849526139,53.99349326769401
95,58.999285755986534,54.014553462272225
95,59.03899054674068,53.97770398819112
95,58.9854311262003,54.01163696901004
95,58.99836904158082,54.04642531827302
95,59.022028251863816,53.96133433320608
95,59.007118501677674,54.02028542065384
95,58.975595212610145,54.01913783636989
95,58.99921507346156,53.96081932080555
95,59.0004751610776,53.98169414545435
95,59.01032140044363,53.984118693691016
95,59.046063364375435,53.98670627180359
95,59.01948071064915,53.97671786899059
95,59.00936727150338,54.0268832237285
95,59.04460421417083,53.987024356132686
95,58.9557598497913,54.01458214740942
95,58.9996311709894,54.02471988386621
95,59.007786216415255,54.04548961360559
95,58.95780680374327,53.98529452059593
95,59.005334690133,53.984190023490896
95,59.01187653913892,54.00861140833173
95,58.987392417397565,53.96121605826698
95,58.99292884558298,53.95450402609464
95,58.98551632218786,54.01831511497568
95,59.04249174318559,54.01252564831755
95,58.9786792644023,53.993078688621196
95,59.044534851472534,53.985023817497904
95,59.02693432528872,54.0310060835015
95,58.9729834848024,54.00719043545642
99,58.97107268714478,53.98334983013207
99,59.02606805118013,53.95864396922253
99,58.99083199972138,53.96069663716527
99,59.020124557481324,54.032301464194504
99,59.01212458715075,54.047712320494
99,58.96068533683641,54.00113124608375
99,59.0026306846292,54.01853787041715
99,59.02812970412563,53.99195990719709
99,58.99377940158447,54.04596507150644
99,59.01638143308043,54.0461225350226
99,59.01816582629,53.98758078033484
99,59.02074393398079,54.008720347417714
99,59.00963585796214,54.03618728196404
99,59.004961119220745,54.00857934919648
99,59.02816652569795,54.01454791645587
99,58.98250428839145,53.96572859424056
99,59.024066042673745,53.99579635529375
99,58.98698694384737,54.00163807239798
99,58.999944675870395,53.983290536339595
99,59.00528908864207,54.016425714453796
99,59.01642726132484,54.01182294862566
99,59.04699180876297,54.016558305343466
99,59.00087465216014,53.973523085006185
99,59.046488410616305,54.01831465666394
99,59.00968169968933,54.01139302180653
99,58.99910144968894,54.04954800272504
99,59.0266165759075,53.96970682254918
99,58.99503493584503,53.97322612788796
99,58.95887698455295,53.992680628653986
99,58.9931939207509,54.00968054574002
99,58.99189059242252,53.97161374677026
99,59.013530003051024,53.99166402870013
99,59.003924742616114,53.95488070055879
99,58.98472917617977,53.97176362250507
99,59.008714551682154,54.00780002836664
99,59.002260802106875,53.99436641846329
99,59.014913234006016,53.99027013787665
99,58.981700664359806,53.95766615421416
99,59.033625915936064,53.98912271836968
99,59.002649686250784,53.96498290355268
99,58.990385082050175,54.04879922106102
99,59.041805113928355,54.00029272710244
99,59.03601017287849,54.02987547149674
99,58.98048781951503,54.01650772278846
99,58.95344174587545,53.98579104323502
99,59.03805521860349,53.98067515051371
99,58.99424963987596,53.964974876468936
99,58.98207623803048,54.035286856304346
99,58.990336722481274,53.96372152248293
99,59.046493825273124,54.017876955805605
99,58.995258865466624,54.003709959793085
99,59.00842912887754,53.99598360940261
99,58.976754402875514,54.0014822814995
99,58.967451676760106,54.02138075572974
99,59.044129082328816,54.01236517602576
99,58.99643559412277,53.957894174038636
99,58.96271861437332,54.01806966310275
99,58.972833792426464,54.029816076186776
99,58.95878557632181,54.01329182844726
99,59.021769395606455,54.02694521344628
99,58.97660460899033,54.018568266998955
99,58.950696510326345,54.00326962965056
99,59.02537576228893,54.007014501902425
99,58.97969532691044,54.03256994434998
99,59.040302075120344,53.980264845705186
99,58.98220215212924,54.03695468504181
99,59.003439127655014,53.96697999231714
99,58.994263763185074,54.03787397530762
99,58.98776279332242,53.98589345805993
99,59.02693633955385,53.982563513994116
99,59.004392196700024,54.04317967836416
99,58.974624474289215,54.03533033788464
99,59.02221817825517,53.95732014249309
99,58.984626891494685,54.01371513651117
99,58.996642587834856,53.983239094025784
99,58.99515636129371,53.95355591954588
99,59.02240252338974,53.967289135550935
99,59.0120674669583,53.96767141076224
101,59.020414130705625,54.004029268168466
101,59.01578093287826,54.01644698584741
101,59.00284523501749,54.03950275444509
101,58.98703314826131,54.009095031171135
101,59.000331282413505,53.99214710928983
101,58.995281147643894,53.974303026815925
101,59.01991803453733,54.03396699320235
101,59.002108570535,53.9917161921847
101,59.00177080781646,53.96898746068558
101,59.013897043374406,53.97823666884133
101,59.00832035270761,53.96922577157097
101,58.97520018284612,54.04109393718387
101,58.97608088445295,53.97786131669002
101,58.98430572347203,53.97544528669762
101,59.00751380073937,54.04560749440027
101,59.02246988448298,53.966181045272144
101,59.0163742534675,54.03912353725861
101,58.97286356736918,54.02947120425297
101,58.981462069972636,54.00215933918378
101,58.98633228702371,54.01464886020196
101,59.00374330715601,54.04259341669832
101,59.023156104586114,53.99080365338975
101,59.003771106013325,53.95118744088199
101,58.99169643982897,53.957626309119945
101,58.98669811397304,53.98953895692214
101,58.97904082923144,54.03101877449917
101,58.99617095282933,54.00158738162683
101,59.03485379026985,54.00180768794817
101,58.986605739822544,53.99934089667327
101,59.024386506005015,53.99903218888586
101,59.003267982429925,53.95666596515959
101,58.99554224348286,53.9778862877624
101,58.96437623454338,53.96544372583628
101,58.98598862056665,53.9935105983103
101,58.99788720133751,54.03539662724717
101,58.96115443148819,54.01661201712078
101,59.033984404211964,54.011698270559194
101,59.03813134298078,54.03090233864855
101,59.00689853586425,54.04603497272637
101,59.00339534601132,54.020782623409424
101,58.9907272339093,54.017672843334175
101,58.97519551425784,53.96212243717666
101,59.00829121946202,53.9544990216874
101,58.99410020886167,53.973931756536125
101,59.00734360647154,53.961867701567996
101,59.02616477707617,53.95795437539117
101,59.00081006560083,54.00574246226635
101,58.9997572683112,54.01437283955599
101,59.04942040691751,53.99914741763328
101,58.972588918449816,53.982003258468104
101,59.00347954538749,54.00311660578436
101,58.96811426445726,53.97985902120067
101,59.039879987855386,54.00976685693657
101,58.97116614521816,53.98058261147078
101,59.00889037908552,53.959153986814684
101,59.024657740562056,54.01769086528379
101,59.03365970421593,54.0171043072748
101,59.00652885541965,54.040423350681934
101,58.972092188124485,54.023630353512885
101,59.023708936845594,54.03435004591371
101,59.03480654907184,53.988661026307
101,58.983892758824304,54.0338198093265
101,59.0330543474207,53.99087770327582
101,58.98944070771688,53.977286773773
101,58.99639654968922,53.98784019984887
101,58.98022973004636,54.00888136025122
101,59.03667602421014,53.97634575744788
101,58.96050946192196,54.02246375295857
101,59.01845677214558,54.00134453398763
102,59.00256081986645,53.96909398597713
102,59.00706128330949,53.96323828571458
102,58.973948139194825,54.00248706375232
102,58.96633340156091,53.99558924518564
102,59.03022957913988,54.01424390199998
102,59.001859697623594,54.029718881729266
102,58.994531068675194,54.01946568571369
102,58.97139755657035,53.971405379271395
102,59.02471565729704,54.01090708285065
102,58.97399042043516,54.0338468661438
102,59.003529209846825,53.986974208308865
102,58.974257098631234,53.97081136384856
102,59.00322931293622,53.97928249001219
102,59.002777756186,53.97322053009738
102,58.99207549719643,53.96091719805492
102,58.98220215212924,54.03695468504181
102,58.97331978737087,53.981849294366704
102,58.96663480741905,54.0210633877511
102,59.0197714381434,53.966998811065324
102,59.0184561805569,54.00101034700735
102,58.98242735618142,54.03144968039715
102,58.989807912443936,53.991823489891864
102,58.98919086612102,53.98268644699644
102,59.014612306731216,54.02413423298897
102,58.98236596947666,53.9921411287274
102,59.030287135400634,53.96210067228246
102,58.982409645688136,54.03994249872204
102,59.013316271617875,53.98704472497695
102,58.984224745694085,53.99203522705196
102,59.01804110735182,53.996583823712875
102,58.99245450108479,53.977433647195156
102,59.02843216088885,54.031590584192514
102,58.99455464601989,53.972564636115926
102,59.03187811816281,53.98434382817751
102,59.007115981499595,53.98503437016708
102,59.00345420239052,54.029649411277795
102,59.00012713108121,54.04529736644056
102,58.98021367660753,54.028720739033396
102,58.972372041720234,54.015553724970246
102,58.998324548119726,54.02508881491884
102,58.95113019448868,54.00499842128708
102,58.9868778585118,54.019787789629824
102,59.01739233541284,54.00826132847767
102,59.013400239507,54.03503442404677
102,59.04384378463404,53.99788759614672
102,58.986257901844915,54.03138849065034
102,58.996107900019055,54.01056515150851
102,58.98497044798777,54.00257248096791
102,58.99549723940411,54.0010643674991
102,58.9555332542352,54.0055339998407
102,58.984006727259136,53.98677461858071
102,59.03268607662695,54.030592132540335
102,59.00922838382659,54.03584280672839
102,59.023678136637336,53.96619865140043
102,58.989173211032536,53.96016919904659
102,58.96957702560828,53.98538997897415
102,59.017795191855626,54.03756785769855
102,59.045222167734494,54.00465936017111
102,58.96264129635875,54.028626388816186
102,58.992282759595774,54.02779201228495
102,59.04205667772467,53.978784395770475
102,58.969600163337226,54.02067760335818
102,59.01645022197406,53.96351059041059
102,58.982522924531374,53.955482801256714
103,59.007403137506145,54.004283222488816
103,59.00444178762329,53.99479964977027
103,59.032939528448196,53.99466961361789
103,59.007903744439766,53.98920211200493
103,58.96854551580527,54.033444215673455
103,59.02224074156644,54.03357517440322
103,58.97844307542608,54.01847736924619
103,58.973948139194825,54.00248706375232
103,59.03208927665211,54.029398847003264
103,59.02721591770698,53.97325231996544
103,58.981410651433244,53.97677847341598
103,59.023224221466755,53.98322153004721
103,59.03092630662561,54.03833992060557
103,58.99082190087447,54.03078241491906
103,58.98200508841416,53.99698669231331
103,58.99391690473297,53.985069198722556
103,58.962252262218826,53.968334027148266
103,59.02543974967842,54.036067867266944
103,59.02555485548342,54.03905340165389
103,58.98846589355453,53.99042660712323
103,59.037332527659345,54.00343844278777
103,58.97677567052319,53.95814067880976
103,58.96956358916952,54.01420510138914
103,59.00745626353583,54.034633256289055
103,58.99348281326149,54.00121759604962
103,58.994279722687935,53.976845159481215
103,59.017273946882426,54.02907521907144
103,59.04062782208882,54.022677042272775
103,58.9704680834639,53.99477167010186
103,58.96381769281129,53.96946178398786
103,58.9854424509223,54.04084753458061
103,59.042295782626304,53.98546835615496
103,58.9944023551452,53.96291215415664
103,58.96904198096779,53.98833814548293
103,59.00054789081295,53.96783323887833
103,58.99263665656187,54.01590263955116
103,58.98124921946035,54.00724469387454
103,58.98446939074024,54.04342687677691
103,59.04810268881887,54.01235984456124
103,58.96881186615428,54.00500515417461
103,58.979985037515306,54.025637645914195
103,58.953434886568466,53.99944183913936
103,58.96371292093348,53.99456815482666
103,59.00981444528943,53.99249394924989
103,58.993483945984146,53.990186224042525
103,59.00635625515681,53.97028829470509
103,58.96292218123494,54.01584370037608
103,58.96015071265991,53.98630767866238
103,58.964643508159924,54.02717377110527
103,58.97553013854421,54.00386926526983
103,58.98580852992608,54.045884819835486
103,59.01293286499464,53.97995972012571
103,59.00863119479083,53.9697904213166
103,59.040556226726075,53.9957750353982
103,58.980278648767154,54.04043379591582
103,58.99175805379758,54.04627042485836
103,59.01993556765105,54.01070715002528
103,59.00881843094002,53.97013127332038
103,58.992978244523094,54.020292346434545
103,59.004713648569805,54.04521841435731
103,58.98770226995073,53.97676120512043
103,58.97988968449171,54.00398141500603
103,58.97640836681613,53.973159211362216
103,59.04172406755322,53.97735821717441
103,59.023551694223976,53.96307325035338
103,59.02490476534721,53.969456110409745
103,59.009821862150005,54.03410975648631
103,58.95789597754964,53.986949528536066
103,59.004270302489246,54.02429987172639
103,58.973948139194825,54.00248706375232
103,58.9605328073254,53.9806062177555
103,58.98163168924526,53.98084160436074
103,58.98325927759725,54.024926308036754
103,58.99913416092749,53.96456173995725
103,59.04348865809738,53.97919357848552
103,59.0302455142178,54.001924865528274
103,58.97413918628955,54.0303909401321
103,58.951985958344224,53.990381313323155
103,58.99629162832827,54.002891072507886
103,58.99301394567681,54.03854887800689
103,58.96703259217632,54.002917762694764
103,58.97830543649214,54.02973124671527
103,59.006054414264256,54.042796220141376
103,59.01455343241569,53.96888238036674
103,58.978478923101825,54.01816344604786
103,58.99822586363042,53.98366365621352
103,58.97454837367668,53.96261474226511
103,58.98340447803268,53.985419276453335
104,58.99399445584426,53.960834729750474
104,58.988722362560225,53.95959365009878
104,59.00895723730002,53.97885471107612
104,59.00409381610964,53.95024383586361
104,59.03990715938003,53.98030979474473
104,59.01178360574258,54.03520033436775
104,59.00094046186505,53.973705620421775
104,58.95592820494701,54.00331610283432
104,59.00762970186694,54.009974088151736
104,58.994970658563346,54.04060160567061
104,59.00392554379059,54.02768109989446
104,58.986311713057745,53.95310822923359
104,59.00313438551468,54.00624923297303
104,58.982263155281146,53.98773795086475
104,58.987092306057335,54.0283500240493
104,58.96101406870243,54.01539279016982
104,58.9522238628272,54.004877570158285
104,59.016475873485284,54.017695065790214
104,59.02335133771066,54.02416481822714
104,58.97606813612491,54.036312166217996
104,59.00656254869204,53.98610379583585
104,59.038016694884554,53.98256698383844
104,58.97492551963898,54.0020074674753
104,58.985083866801,54.02996369216877
104,59.03254660482067,53.96935225885224
104,58.95481170590648,53.99471252355946
104,58.97028505121433,54.024342403522354
104,58.984662907633044,53.985953059425924
104,58.971870910002195,53.99717745394026
104,59.02314967361319,54.02802140045553
104,58.96310527026665,54.01380839950838
104,59.01429844252623,53.96933575532984
104,59.01085850149385,53.97919451954623
104,59.03051776660556,53.985100541199266
104,59.02760541408744,53.98136209974598
104,59.00999474623541,54.028896792158946
104,59.024471868874116,53.96034633195631
104,58.9808581473593,53.980036899558954
104,58.97163899854568,54.040594661936716
104,59.01686995579736,53.96871430550047
104,58.995121387733526,54.040867581630806
104,58.97790822400275,54.013001053837286
104,59.018546028443176,54.00457448820867
104,58.98811356146291,53.96271346748847
104,58.97376398607287,54.02125323293861
104,59.004126239160094,54.0114978276232
104,59.0363644641406,53.99585522998243
104,59.01396318455875,54.00028919139499
104,59.006293854229384,54.04585732219392
104,59.01964256364889,54.03545361200327
105,59.023733039915854,54.000929065015136
105,59.00662258787919,54.02395481658246
105,59.01183123503416,54.01435560672843
105,58.995468058596224,53.955019142532926
105,58.97225602605108,53.99929206481721
105,59.03436013611522,53.99963237114168
105,59.03250929304954,53.97031931787038
105,58.96746957474167,54.01514294396568
105,58.9816819396895,53.95970554399567
105,58.99747656569869,53.98366971399222
105,59.00447053291284,53.9508359229116
105,59.00950788554029,54.04580685731105
105,58.95995524518449,53.999987917451264
105,59.0326591649286,54.0004577019275
105,58.98266401842206,54.024828013606154
105,59.0248046027335,54.01961166530002
105,58.97427865024403,53.99405542397764
105,59.03300867603548,53.9712377626708
105,59.0265795699513,53.9680480486717
105,58.991794569789384,54.0275478332919
105,59.046310359516575,54.00906556918876
105,58.97082077837316,54.02606376532997
105,59.020407629075756,54.02730666386942
105,59.01386188252402,53.971801801057346
105,59.04403160156932,53.98370231557769
105,59.02743873269909,53.996493371250004
105,58.964970683857445,53.986672102173465
105,59.018638205953046,53.979862504966285
105,59.02779435688002,54.02106373369913
105,59.00945157244611,53.99909914484019
105,59.040179557227084,54.008561332547245
105,58.97813447006771,53.985988355776136
105,59.00261474084692,54.027510159965864
105,58.9854733463795,53.994596061401445
105,59.019899634503254,54.01828473309032
105,58.97136752250656,53.99934245081464
105,59.043454732489586,53.99045450742345
105,58.95981964295971,54.02640249655404
105,59.03838462935775,54.00910659675473
105,59.00138434194566,54.01889329198275
105,59.00443377734415,53.95482911574738
105,58.96465967555166,53.96477700210976
105,58.995372415670566,54.02536781474247
105,58.97918396579871,53.989541052788745
105,58.9811269311712,54.03671794225128
105,59.018182333245385,54.018046813595475
105,58.9715520965056,54.00196052651714
105,59.03919435437527,53.973771713447306
105,58.978267389897994,54.02208659247928
105,58.97890923477461,54.03901548047719
105,58.980363564741964,54.039140479560686
105,59.032180289540385,53.98446014496302
105,59.01321932145877,53.96785748273538
106,58.981676747356424,53.95549264698596
106,58.9790667163488,54.031203583639915
106,58.96986843048872,54.02765126551017
106,59.01771935973274,54.00394440052684
106,58.97416014947583,54.01284397761317
106,59.03046653835231,53.97726405512713
106,59.01661059770925,54.030953649887884
106,59.02724185669562,54.03709744730782
106,58.985533951129696,53.95484759475275
106,59.0131029740714,54.0064876783411
106,58.954268750985506,53.99379435374216
106,59.02033616222131,54.00866358760353
106,59.029930763197115,54.01912891128771
106,59.02908501455947,53.97878180298982
106,58.97280598704679,53.96860437916119
106,59.00907284114164,54.00323168564501
106,59.00156705052369,54.03400740940435
106,59.02529015303173,53.97462879207185
106,58.96308986991023,54.000658501357144
106,58.986596847527,53.98687853255499
106,58.99916819470129,53.99420327865197
106,59.04169076232448,53.97807480601972
106,58.981876082746204,53.96168548516787
106,59.0358912951138,54.029611253414494
106,59.00090573771451,53.97509961919236
106,59.00670681513674,54.002083698567695
106,59.01737223104638,54.037878969636864
106,59.02852213098376,54.00383784500523
106,59.03241482939235,54.02666445811139
106,59.01922000084752,54.01845520667429
106,59.033446913427525,54.03365906373631
106,58.99797674540271,53.9652107047936
106,59.019325904777865,53.99162786081294
106,58.9511022498113,53.996326217009
106,58.97789902663255,54.03654160872531
106,58.97556711899149,54.015538265689955
106,59.02092478260601,54.0226095033912
106,59.02252255205874,54.002416939515825
106,58.9905874124291,54.040976495520546
106,59.035110247524415,54.02776969057797
106,58.967451676760106,54.02138075572974
106,58.98588633231635,53.988154236315516
106,59.03225562439007,53.96249662326819
106,58.97673849526139,53.99349326769401
106,58.98800007206039,54.02794773720174
106,59.01779746135948,54.01981724336743
106,59.04151761592979,54.02694547094823
106,59.00894855558787,53.96895956395575
106,59.0309691174955,53.96367146247276
106,58.99114440891794,53.99487860426366
106,59.04146552096969,53.99248916425302
106,58.95245477054347,54.006265101953225
106,58.97773666979687,54.03224519809213
106,59.028539777841196,53.99067361952346
106,59.00527021724999,53.99169795227775
106,59.020907940642964,54.01500873532571
106,59.00451280999877,53.978002981293955
106,59.0253383514261,53.963419059038664
106,59.00932475324863,54.0441187206389
106,58.99107273359832,54.003641891818376
106,59.0085817850466,53.99429292697879
106,58.993779631368646,54.01469925617096
106,59.03347890023334,54.008191460365154
106,59.00514496267824,54.02646484788826
106,59.00528093950368,54.038931629906116
106,58.99884962286195,53.99213601813966
106,58.98804231887295,53.97193923291381
106,58.9684129699304,53.975285097801866
106,58.99525817004068,54.03364503762844
106,59.03242337206249,53.97342732500738
106,59.041631597890465,53.9782877779605
106,58.99683049038878,53.97262634426408
107,59.00739549795116,53.96539239310598
107,59.00515302243063,54.00614663745051
107,58.980053591315354,54.00043685052538
107,59.01729477823539,53.99249123218538
107,58.97001272857106,54.0372231456476
107,59.0151140047095,54.04145568121312
107,59.02837697446151,53.986566281414966
107,58.98843206226546,54.03716299780844
107,58.99685306187025,54.037980241874656
107,59.00996412115388,54.03663268418876
107,58.95839552007404,54.00702999314257
107,59.01508407127159,53.96262163293963
107,59.00975339910156,53.98080676879373
107,58.99704042156375,53.95650876959585
107,58.95335599421426,54.003862176544935
107,59.037543435392365,53.967172713822
107,58.99363719537348,53.98778142532556
107,59.00702538211321,54.036554062850634
107,59.04249653268013,53.98785227889856
107,59.024112530746265,53.971010564025825
107,58.99925292861629,54.00485922266426
107,58.99425771226803,53.97315558963636
107,58.988443020167395,54.02070942445125
108,58.95584873660111,53.97915624103654
108,59.03317405397077,53.96490052340731
108,59.0194526612782,53.96532075307732
108,58.98794172549306,54.02365511882805
108,58.9807490756839,53.98478737524502
108,58.99340264051269,54.042986758096056
108,58.967309143288205,54.02940936823761
108,58.95744686744407,53.991702874536855
108,59.028423405759256,54.01947443082821
108,58.963605048304636,54.01874379054031
108,58.97403404291474,54.02403150826208
108,59.04362552598814,53.980975544964416
108,58.97077107683453,54.03630295997346
108,59.00646673258883,54.01617110376492
108,59.030089287206465,53.973078869488646
108,58.98728241365029,53.98591317765124
108,58.979175117424376,54.01424415724678
108,58.99980673742609,54.03047257725083
108,59.00549858856104,54.02256226894729
108,58.98783082520959,53.99166373925735
108,58.99619518874335,54.03868770848111
108,59.02259145890298,53.97044539958876
108,58.98049356801055,53.99397850647322
108,58.95882567723172,53.993737530317446
108,59.01943404334779,53.9920299242473
108,58.960724019673,53.972683353995414
108,59.010247855797324,53.99688355122075
108,59.00269092978876,53.951446891226645
108,59.02386004266273,53.99672321223084
108,59.00975278101538,54.01499726185443
108,59.00822098323937,53.9513340267436
108,59.0268273168733,54.00477278597065
108,58.98309885989516,54.03479454915091
108,59.020470995065914,54.02996084370211
108,59.00151820770591,53.99512857960862
108,59.04332944872166,53.99045679094444
108,59.02305558560312,54.04019560425956
108,59.00795737006655,54.01733429069738
108,59.004270302489246,54.02429987172639
108,59.02054382069983,53.98514489380358
108,58.991539448731956,53.973198931392425
108,59.0117249894362,54.04691324092205
108,58.97545811689158,53.98386897938312
108,58.975101105397975,54.00924185407812
108,58.99144117166384,53.98015724390089
108,59.010166966540055,54.01847115142809
108,59.02655644509795,54.02417420922111
108,59.011344498130015,54.02171547817981
108,59.01220765950485,53.96102659641806
108,58.96112305966026,53.97747873205914
108,58.99749043101446,53.98527246330961
108,58.95022794848176,53.99749904637383
108,59.040770426910406,53.998050924744774
108,58.96655830752488,53.99951332163575
108,58.990233561537345,53.998714605147946
108,59.03284072018554,53.96637137272715
108,59.006063662190364,54.036052439053535
108,59.01417587646701,54.0023896955401
108,59.042168620466434,54.0118311990852
108,58.96078881789468,53.98799732000135
108,59.03320703280553,53.981414750359114
108,58.96783954145688,54.0005815259435
108,58.99869961938063,53.97576084982779
109,58.990237515359816,53.990151070951825
109,58.977986752403076,54.025534332141596
109,58.97202405403105,54.00013640388268
109,58.967757153376304,53.975896337041014
109,59.047273071474805,53.997088953404244
109,59.02614128670492,54.04170846700781
109,59.009269542234414,54.02544404799163
109,59.03528901131542,53.97957961007826
109,59.01310977933446,54.046321350457376
109,59.020476597496476,54.01787516448846
109,58.991793871983155,53.95627683005709
109,59.01300161054993,53.967513609748124
109,58.9825565885475,54.025522508309614
109,59.00924779393376,54.00765360962344
109,59.040623538744995,54.00742331874908
109,59.00549965066486,54.00302804919994
109,59.01455343241569,53.96888238036674
109,58.9881533631326,53.97102820852136
109,59.00216411008125,54.04875093887241
109,59.0256609944282,54.02051448731146
109,58.99225183906898,53.98029166847072
109,59.03475154822407,54.002736701025476
109,58.99451070684658,53.96923464149248
109,59.032360652056575,54.03665971455714
109,59.04006472073902,53.98177601230533
109,59.04898379065295,54.009051674603896
109,58.975699729111895,54.02473613312052
109,59.02989328078974,53.99988801263349
109,59.04006230177869,53.97175792305903
109,59.021770152209264,54.04378413293999
109,58.98365050163944,53.9671929606561
109,58.97800342355352,53.97205618359157
109,59.00891373134887,54.0306718573115
109,58.982415438461004,54.02349150315819
109,59.0393210391513,53.97486023680117
109,58.96716225013868,54.000963058859696
109,58.98859342748845,53.99463115383152
109,58.964298840224295,54.0023618180866
109,59.01400534693712,53.999455527470865
109,59.006161472305,54.00426131227974
109,59.03445289917983,54.03233634048791
109,58.98960011937332,53.99600013553985
109,59.02459081894929,54.03043318804847
109,58.96497575947242,54.02036708173032
109,58.98684009543197,53.97217172961972
109,59.0227468287715,53.98474629122395
109,58.98775020863051,54.01633821764677
109,59.00549862719295,54.03556619007691
109,59.00005026759943,53.98019825102201
109,58.98385696133006,53.98203549700511
109,59.03055990722076,53.977765237315495
109,59.014126363588694,54.0348173512606
109,58.95944872372074,54.0008051845624
109,58.961133974988385,53.98866033037305
109,58.99155835908064,54.021105628598846
109,58.96882166722593,53.98693759769564
109,58.986993613712734,54.02609893106698
109,58.98524057133834,54.0042914538823
109,59.00684576211268,53.984271310993286
109,58.9872127794488,54.03504681852947
109,58.96751484519952,53.997615192243
109,58.953912985440056,53.983401902070185
109,58.95700228267828,54.00960303373845
109,58.98005445991931,54.02688208851673
109,58.958405887891395,54.00883058956916
109,58.98845842991639,54.01523158984998
109,59.02773684888921,53.974851589693664
109,59.00846256750733,54.01593568074562
109,58.973595568474266,53.99269484372226
109,58.97588898885149,53.9810020080205
110,59.026352905678614,54.03843853480275
110,58.985164570747024,53.97721175550591
110,58.971255294636045,53.99118928431551
110,59.01398580637101,54.005266180558166
110,58.95571700450296,53.988098990181676
110,58.97494960823389,54.03175139698824
110,58.99336510179311,54.03069646987928
110,58.96398381924728,54.025437966761
110,58.989399878602235,53.98306873130677
110,59.02420191227935,54.02732613727696
110,59.02282537149824,54.02678890025692
110,59.00506036175611,53.963731953398835
110,59.00430997530739,54.03391609951587
110,58.97932626951544,54.040598913380855
110,59.02260618484016,53.96641945250986
110,58.99635543860951,54.02706481820754
110,59.024300484084186,54.01978074161078
110,59.00154632720412,53.961933850624185
110,59.02614128670492,54.04170846700781
110,58.95257242943287,54.01161573253336
110,58.970066817798966,53.99181742796239
110,58.96587576158148,53.98452412504878
110,59.03417630538748,53.98727237464931
110,58.992766717310055,53.96111000373606
110,59.04877478015822,54.00154542945336
110,59.036182109246326,53.99055469270901
110,58.98473918228071,53.98069258685809
110,58.99784435057193,54.008294386861955
110,58.97143181783597,54.011558443530205
110,59.02568514657188,54.00624174951822
110,59.004741165638244,54.00918505186701
110,59.01809148996026,54.01220425994357
110,59.03532474920064,54.00903542078171
110,58.988801247426856,53.98036842845107
110,59.033957191801186,53.97056541167679
110,59.00134156604723,54.025589212526924
110,59.00187320253501,54.047029036630015
110,59.04400250572439,53.98777423374271
110,58.97318330981253,53.99051578807635
110,58.992276130207074,53.96529321387158
110,58.96884376266768,54.00459899109774
110,59.00208833703426,53.98853596735395
110,58.98665266248662,54.014612558556195
110,59.02497081243568,54.021554914800504
110,59.014630582956784,53.96787904722992
110,59.0242256777715,54.0127395380203
110,58.99695234617467,54.02828072760961
110,58.98921107093041,54.02885202429976
110,59.02290163905923,54.03782846308443
110,58.97514429158032,53.97426824778104
110,58.9738071419811,54.02008212140599
110,59.03861404900676,54.006652518679246
110,59.020907940642964,54.01500873532571
110,59.009830819693505,53.986851103242586
110,58.99354148881257,54.01503269253094
110,59.02067388256508,53.98030978175622
110,59.03724792860492,54.02291722494441
110,58.98116020214489,54.02202114650603
110,59.00671724532264,53.9952425458233
110,58.9657063468633,54.02292903876955
110,58.95169768563565,53.98899016762331
110,59.01522547377695,53.962072480694204
110,58.96580762476237,54.026259150768226
110,58.972928535510626,54.04200189675649
110,59.019686984925016,54.01618029135214
110,59.03305135891631,53.98835463505628
110,58.961530358660866,54.01999024173011
110,59.00965932904053,53.997055286204436
110,59.00295753534702,53.98487040191736
110,59.02734946332174,53.98320019939074
110,58.97788096131636,53.98663839831851
110,58.9610620370221,53.99378818749836
110,58.9901566562531,53.98180738054437
110,58.97547817293424,53.98495017518298
110,58.97558034899325,53.972840175691886
110,59.00477889246556,54.004920118633734
110,58.952180667304184,53.985997982263655
110,58.9955021386726,53.96632713460412
110,58.99694854388709,54.04512714149187
110,58.95913802232499,54.026216102973486
