gene,x,y
1,77.99847729057493,86.99381265760358
1,78.01249941515948,87.02440021509301
1,77.98639958600599,87.00194419077194
1,77.97421301464703,86.98240148104661
1,78.03990461071132,87.01048668439294
1,78.0225673030581,86.98356694596791
1,77.96818278867443,86.99268723347826
1,77.96542081979176,87.0065937691122
1,78.0197535925389,87.02468173885426
1,78.02077693688499,86.95731910726364
1,77.975267053643,86.99799261108255
1,78.00854352669255,87.04879127272156
1,77.99344145141681,87.02205750153536
1,78.02179279859853,87.02622549834865
1,78.04941069427997,87.00277015076803
1,77.98847443887044,87.03999437907672
1,77.97325801234498,86.96142872859977
1,77.96600640171194,87.00303993499728
1,77.95558404849042,86.99392905253075
1,77.98179791842406,86.96192411202641
1,77.96130497685814,86.98192200546607
1,77.99331556743535,86.97918811620501
1,77.98956161032511,86.98553543075413
1,77.98155238023537,87.04421877600669
1,77.96987842051333,86.98031200571417
1,77.99468792167895,87.01174808668807
1,77.99183846039165,86.9976958430165
1,77.96157085397843,86.97663463767597
1,78.02169823193893,86.99781123968764
1,77.9890810540936,87.00986537704463
1,78.0063686052291,86.95398696477088
1,77.98246262334574,86.9841189253025
1,77.98931584616514,86.96171287912385
1,78.00951789450394,87.02716093287941
1,78.02706615413926,86.96284203625324
1,78.00516640353665,86.9903050335128
1,77.97716933565118,86.974020858713
1,78.00828644256933,86.98354222507533
1,77.95689822502405,86.98140387779915
1,77.96735507215053,86.98617027967187
1,78.01662893051572,87.04152973608666
1,78.03875889364772,87.00279523861181
1,77.98359068776539,87.0159593752722
1,77.98829647544702,87.00555215713692
1,78.02251106496115,86.99548796721703
1,78.0103381561043,87.01373108027737
1,78.02705659804643,86.99272848152532
1,78.03676646366135,86.97351836568974
1,77.98153825955751,87.0407198407877
1,78.04758373027984,87.00051422572186
1,78.02359379430018,87.03744228262353
1,78.00280853113745,86.97897142028265
1,77.9604724209649,86.98262358326987
1,77.97365318537452,86.9665547297749
1,78.00989297209682,87.02240340975207
1,77.98678894739982,86.98964765878996
1,77.99147811644957,86.97723585265143
1,78.01601725753079,86.95507542684808
1,77.99834019449105,87.00935548753395
1,77.99996073544429,87.01004353954492
1,77.98281794260889,86.97123635849933
1,77.96438362057773,87.03216144743674
1,78.02173094363076,87.03512047655121
1,77.9870292450741,86.95855411792326
1,77.9932642552266,86.98592464303582
2,77.98542818954765,87.03890842743536
2,78.00279891308222,86.97881305939907
2,77.97787239023968,87.02777660223879
2,77.98928777954468,87.03332745878592
2,78.03101868455254,87.01187311421765
2,77.9688755530438,87.01903267558745
2,77.99792774025316,86.97599630164034
2,77.9899020582672,86.97756426426105
2,78.01488362128643,87.01255277178029
2,77.99294017319367,86.96389706557147
2,78.00493096014807,86.98446778139567
2,77.96480798564144,86.98288188082594
2,77.98113862449839,86.99936842757184
2,78.00533138103779,87.0277911920851
2,78.01109466101694,86.99617106655158
2,78.00556781863074,86.99711220527855
2,77.9981864061423,87.01109169257685
2,77.98966561547034,86.99334151706707
2,78.0148060855737,87.02228154965294
2,77.9704281590742,87.0268427826551
2,78.02765678709562,86.992539459856
2,77.96566591081036,86.98808167951726
2,78.00620467395336,87.01970412085011
2,78.03026735966876,86.98775837961954
2,78.00431496699723,86.99111702978934
2,78.00331669967485,86.99670331699605
2,77.99094117062644,86.9956253097139
2,77.98055842999977,87.004449554615
2,77.97200611131558,86.96343422075388
2,77.96512387546638,87.00741724023524
2,78.04104157063965,86.98633565199505
2,78.00417562806689,86.99997056830597
2,77.99498107761853,86.96082213587214
2,78.01505169495672,87.01235888255066
2,78.00889040290387,87.0103038508035
2,77.9749872664532,87.00924775250142
2,77.99402467484636,86.99665282987306
2,78.03374605868528,86.97749893229641
2,77.98335505335581,87.02293944629074
2,78.00860946114877,87.04002055554336
2,77.98919251529388,87.01462873705202
2,78.03341497670704,86.99661117295898
2,78.01941898484245,87.02444142947012
2,78.02041007163687,86.9644271095446
2,78.02391278919387,86.99302869657359
2,78.04556974867666,86.98617717989913
2,77.9869854949314,87.03607446339369
2,77.9818691752177,87.00126706448847
2,77.99176618063946,86.99634103616746
2,77.98776984885812,86.98916038352745
2,77.99262451744414,86.98222968841365
2,78.00613390813758,87.02532220448575
2,78.00237183691661,86.97834878715423
2,78.02102341357367,86.97833669195278
2,78.00759650952304,87.00340632615215
2,78.02611019944446,86.99005785082157
2,78.00989156013912,86.9872923923198
2,78.01823732522732,86.9893763584098
2,77.97069251640102,86.96913333535922
2,77.97732872194548,86.98999795066325
2,77.98712441225403,87.0275211084599
2,77.99509967300949,86.9750406746037
2,77.98021308929802,86.98975827621389
2,77.98488564198011,86.99979693715852
2,78.00714882121942,86.99048633850799
2,78.03062158112216,87.01173502340244
2,78.03340798650788,87.00561929399811
2,77.99640130990109,86.98758909252274
2,78.02962388361053,87.02815740007642
2,78.04255138886552,87.00702625139516
2,77.99935847958626,86.98385444942377
2,78.00175598198832,87.01764698684525
2,77.95920338583144,86.98415929476394
2,77.96627461317371,87.01658618718729
2,78.01845624715614,87.04297391446586
2,78.01927456443113,86.9550843247771
2,77.98270629058973,87.0367853378072
2,77.98940315883799,87.01570019895533
2,78.03203509745076,87.00259470852022
2,77.9904791750197,87.03251571123062
2,77.97774215405532,87.03118404243038
2,78.00275572167047,86.98971074890171
2,77.95730688435036,87.0100058994832
2,77.98185194429153,87.01855823036098
2,77.98197833986737,87.0067805989673
2,78.03256466860434,87.03793769257304
2,77.98899580746108,87.02009252879957
2,78.00121100510262,86.98933182981098
2,78.01784785657792,86.99006314170443
2,77.99637238466846,87.00538100242157
2,77.9964933534591,87.0110372919649
2,77.99485230073442,87.02988973429485
2,77.95946494955598,87.00064960827706
2,78.00350047607729,86.99109509058269
2,77.99516251260339,87.0206368145468
2,78.04226742663155,86.9826430061249
2,78.01652637326626,87.00107352357743
2,77.98988436739998,86.99352291647392
2,77.99197261195783,87.04679353849137
2,78.00616694968213,87.01069339761105
2,78.00163480271392,86.98936903850843
3,77.980153763775,86.98995249787741
3,78.03514855027544,86.98013579019472
3,78.02543068868862,87.03212243601605
3,77.96802172840633,87.01405565445941
3,77.97377541252358,86.97353175516494
3,77.99491786213943,87.03680866595786
3,78.01667112669257,87.0200863367329
3,78.03518864139792,86.98896591665856
3,78.00190323350127,87.00241591997623
3,78.03990461071132,87.01048668439294
3,77.95857339593067,87.00147979027832
3,78.01993499189327,87.0427228171231
3,77.99556794766444,87.0213653088508
3,78.01774835339862,87.01833431710871
3,78.00089747078077,87.01939716812576
3,78.0208993101945,86.95526305993074
3,77.96738099256962,86.99801484992759
3,77.96566000802098,87.02844507270589
3,78.04353385839565,86.98995886065715
3,77.99295621462772,86.97992813260252
3,77.97895707129295,87.01977153664166
3,78.01239293158633,87.00952698407266
3,77.99805398018607,86.99792257928566
3,77.98517727808974,87.04040193681168
3,78.02383867419836,86.96468874151634
3,77.96516216993716,86.99162299402649
3,78.02166160423323,87.02724826955061
3,78.04495304822778,87.01032184035446
3,77.95309554775149,86.99892457166334
3,77.98876187389686,87.03047301123752
3,78.01294626709932,86.97077151212076
3,77.99079871506756,87.00924790418844
3,78.00670165484527,87.00375448470028
3,78.00028480001015,86.9861882872664
3,78.01291393267987,86.95481476697357
3,77.97902240451835,86.97069972516164
3,77.95671216487385,86.988896760705
3,77.96580564010016,87.01323530439707
3,78.02654349897567,87.02919647869918
3,78.04436245027713,86.99425607274497
3,78.03413569593104,86.98960100366034
3,77.96791520787217,86.96882988582463
3,77.98580964183563,86.9647893955896
3,78.01373135422709,87.04224580453347
3,78.01039612360066,87.0470830618595
3,77.99229132364074,86.98344619830607
3,78.01419289605417,86.9780367654493
3,78.0164715935575,86.96133356282193
3,77.99908392020272,86.99504388503222
3,77.98010619248778,86.99194416910252
3,77.99871034764598,87.00913413744163
3,78.03495043929277,86.99439767378131
3,78.00168474435654,86.99895488471924
3,77.96735653344639,86.99393114528648
3,77.9527384495769,87.00883468217948
3,78.02668258143382,87.00561326063763
3,77.97923608804221,87.0281480749598
3,77.97862318100121,87.00203774799157
3,77.99698296925446,87.00605600830892
3,77.9784268724769,87.03281028055544
3,77.98408684507596,87.03764372994434
3,77.99995644410444,87.04456884946059
3,78.00527392744931,86.98134120897323
3,77.97380699758273,87.02961526760403
3,77.99195827780036,86.95335817556732
3,78.01738933310882,86.99349471557532
3,78.03828759662865,86.99773134668389
3,78.00054272662334,86.95960411277889
3,77.96644159805886,87.0156401332104
3,77.9605733228181,87.01027975265785
3,77.97185080368875,87.00088437168317
3,78.01394943236016,87.00155982433363
3,77.95718381507743,87.01202181866117
3,78.02054347375226,87.02310224380031
3,77.9878886012131,86.99214619410772
3,78.01048688033107,87.0354321589679
3,78.00161070917964,86.96343086905216
3,77.95730688435036,87.0100058994832
3,77.97239486359128,87.0141898816936
3,78.02104457613036,86.99550032118906
3,78.03347499868747,86.97530728040175
3,78.03020704158871,86.9726596790578
3,78.00221103655853,86.95150015379461
3,78.04725448991859,86.99025367502033
3,77.99617409750778,86.95719679020316
3,78.01358455191347,87.01785057949894
3,78.02176458299608,87.0349408771896
3,78.0198389049586,87.02876837669696
3,78.03639545142066,86.98481460757671
3,78.03968797472433,86.98263803208393
3,77.99665325945409,86.98562347906021
3,78.03849579171487,86.98088968246442
3,78.03796277210337,86.98937354834092
3,77.9942231815071,86.96607539027637
3,78.0135451347952,87.00816583455479
3,78.02575568089186,86.95996419410172
3,78.02632692623878,87.02216574802857
3,78.0272413301598,86.99370101666
3,77.98892773256836,87.04732899896797
3,78.00921825179614,86.96596758702954
3,78.02774194134555,86.98805632594801
4,77.99298494012977,87.03894340978479
4,78.01076402267059,86.99075199541372
4,77.97144986880411,87.03726524442139
4,78.00728193822155,87.02354458016949
4,78.01141774352375,86.9675721131425
4,78.01812351854143,86.95570844360208
4,78.02821267787262,87.03574172332225
4,78.02921221248465,86.97830106364586
4,78.01432136243876,86.96696735746445
4,77.99012695040575,87.03064207113142
4,77.95944293767417,87.00363943554456
4,78.01660197040597,87.02345677816152
4,78.00889735944354,87.03719010836085
4,78.00686569553771,87.03435064162653
4,78.03298087936668,87.03299674171747
4,78.00435694148604,87.00434804607643
4,78.03112075993704,87.0338986394549
4,78.04266192445269,86.97639755804434
4,78.0125370377578,87.0427585933101
4,78.04413195355066,87.00403011830987
4,77.97540482497672,87.03363829968077
4,78.02185360325154,86.98358386704147
4,78.00558816867185,86.99292521351484
4,77.97939007528988,86.98990994009517
4,78.04908073797563,87.00661989696134
4,77.97962971856633,87.0439293198273
4,77.97674330152572,87.00214430276112
4,77.99827868584833,86.9821815204534
4,77.99033258450683,86.97516295959818
4,77.97804195428718,87.00653500264717
4,77.98594292589094,86.96174017027067
4,77.98629684900212,87.01407951095486
4,78.0065835906488,87.023858553912
4,78.00065235706464,87.00622696441727
4,78.0124701103633,87.02382164233818
4,78.01571762086243,87.01214842885022
4,77.96592582179308,87.00639555883525
4,78.01727909003202,87.03111550722406
4,78.00063976971147,86.97983755404488
4,77.96781786444953,86.99052360722403
4,77.97028739435547,86.98727583717493
4,78.0183727544321,87.00529839999102
4,77.98278135894068,87.0273270154451
4,78.03494861024033,86.98503467883998
4,78.04630058074363,86.99000140352652
4,78.02481053339483,86.96940507072335
4,77.97257001953793,87.00284329800992
4,77.95452162662778,86.99875183464094
4,78.00812820242628,86.99693220236769
4,77.97708464961441,86.98965677050428
4,77.9882210085106,86.98748760390342
4,77.97345869456869,87.02975701273573
4,78.02364034217538,86.98379442644577
4,78.03059608382951,86.97545422211041
4,77.96890661985029,87.00782872467515
4,78.0391819510147,87.00118576044318
4,77.98400054957776,86.98132702243339
4,78.01357038623568,86.96890661204884
4,77.99929369036532,86.97334186676426
4,77.96983059679401,86.99942968816046
4,78.02242594050298,86.99395846819891
4,78.00248289067154,86.99378762542185
4,78.0269247928425,87.03330187716257
4,77.955103416511,86.997245185838
4,77.97552854124311,87.00823648763709
4,78.03401703767514,87.0055177883384
4,77.98299153467366,86.99533564933878
4,78.03289917942382,87.00247645830193
4,77.99593966937795,87.023894185563
4,78.02104457613036,86.99550032118906
4,78.03636840481333,87.02380430825909
4,77.9544567861143,86.98954809083695
4,77.9648361449796,87.00644312789976
4,77.99298889472867,87.00513103674517
4,78.01785040253037,87.00962927068272
4,78.02127075405058,86.95654525445995
4,78.01210753581408,86.9931075398064
4,77.96951760440257,86.9696967090016
4,77.95773852560495,87.01277479911808
4,78.0078779848005,87.02649715371773
4,78.03001882658222,87.02427352444028
4,78.03185060932792,86.99554435540581
4,78.01538021477867,87.01568404201826
4,78.01556112551818,87.026298171003
4,78.00558818142514,87.00822032110557
4,77.97710565529214,86.9599296219864
4,78.02473343514987,86.99370408363629
4,77.99124752589432,87.04347856860797
4,77.97941779696305,87.0388097647187
4,78.0168000915835,86.97041934615974
4,78.01595628653567,87.0156007075198
4,77.97222594956672,87.02017510825478
4,78.03501989798059,87.01856781416919
4,77.9721723439735,87.03523741681194
4,77.95312213595737,86.99135494718539
4,78.01053972665537,86.9752736830435
4,78.00804445779093,87.03581836704763
4,78.03905781132676,86.99637125450316
5,78.0319408322826,86.96594318652073
5,78.04100385226064,86.98623281307886
5,77.99226424534473,86.9941418432745
5,78.02481053339483,86.96940507072335
5,78.00048678770631,87.00907409760762
5,78.00868354448083,86.97394646090947
5,77.99244881646608,86.99307468346211
5,78.03458918470719,87.02006098685125
5,78.03408258334001,87.0143777272559
5,77.97015952039652,86.98491758304303
5,78.04034210575756,87.0063822635577
5,77.96762207774479,87.00534859601649
5,78.00589139497468,87.00273136526424
5,77.99059560617576,87.04220262737259
5,78.03901667353982,87.00885401105893
5,77.95423725644557,86.99391231673603
5,77.9746802386678,86.96443213074825
5,77.99788910004717,86.97486100731477
5,78.01377336800087,86.99531595432417
5,78.0090162020533,86.99441893806079
5,78.0041367865097,87.01615404727286
5,78.02323034953281,87.00149580382067
5,78.03149413605485,86.99647702727302
5,78.01894525709623,86.98566762706952
5,78.03272823680697,86.98187829031853
5,77.97797929018286,86.9629368617472
5,77.98309515497853,87.04269981636824
5,77.9815463861506,87.0304957069414
5,77.96840630006326,87.02964575623615
5,78.04448346177487,87.00958063018274
5,77.98758112251701,87.04775606537518
5,78.01217313063813,86.98857136507657
5,77.98252575590416,86.98488428737005
5,77.98668559368397,86.97272514616179
5,77.98623266678841,87.00932280718811
5,77.97684928625652,87.02556811723596
5,77.95691176583408,86.9787396103275
5,77.9707473545129,86.9958577414038
5,77.98869382189923,86.99397508202966
5,77.98400291304715,86.96101667597495
5,78.01536318952112,87.00616866224021
5,78.03754446238358,87.02711690944737
5,78.00751966457409,86.96172818453216
5,78.03448801571254,86.96700932210614
5,78.02736468208684,87.01232588759505
5,77.99824366578093,87.04264359273411
5,77.99321491233948,86.9769403806283
5,78.00343178979378,87.01254422211571
5,77.9656479024119,86.9854563746498
5,78.04202997158411,87.02402903852105
5,77.9692160088741,86.9704997378024
5,77.99839420451325,86.97980279864575
5,78.02433020440942,87.01694880462726
5,78.01198180528677,87.02927169636938
5,77.99081267965502,86.96810492733935
5,77.97587109571697,86.98904610329822
5,78.03956337353551,86.98525751312833
5,78.03692022733789,87.02851992476901
5,78.02363264111038,86.9985211089136
5,77.99186494200683,87.02151419475449
5,78.03864730012991,87.0210884233205
5,77.95419832417727,86.98119417145962
5,77.95510644158372,86.99706624223846
5,78.01888599238924,87.04391239929241
5,77.96854945547095,87.02346084475161
5,77.97651247728162,87.0112458741941
5,78.00382074044927,86.97310239990051
5,77.9835131915422,86.96460702835908
5,78.03737379671308,86.97582772142465
5,77.98337526646638,87.00660587272513
5,78.01159378792421,87.04426739874391
5,77.9724807236507,86.99639253672707
5,77.99745718694474,86.98647099679059
5,77.97289339241624,86.9736393060841
5,78.01555960851009,87.04169313341569
5,78.03745942662889,86.99647139642303
5,77.99746713279778,86.97136314643974
5,78.01198931100384,86.96746369457401
5,78.01973041502468,87.00443101125309
5,77.97709958701293,86.97622267855259
5,78.02232651503328,86.95936722954916
5,77.986183014988,86.99741716418445
5,77.99266188378115,86.98370561725365
5,77.95582386341964,86.98022693653463
5,77.99389641677547,87.00043463239957
5,77.99946924658278,86.98993306544351
5,77.98479488954789,86.99134628366008
5,77.98651474951934,86.97637540924246
5,78.03536166205151,87.00922123688585
5,77.9760533779368,87.00935400670605
5,77.98144097433482,86.999823568467
5,77.96683190188233,87.03260093104964
5,78.02207771627914,87.0433310828433
5,77.96028391090265,87.0049782863267
5,77.97292689078297,86.96748125160961
5,78.00607400687183,86.96752765159096
5,78.02995146229463,86.96222188017444
5,78.0086109991386,86.95532155806191
5,77.99930003811768,87.03579407843046
5,78.02309624530321,87.00480627589697
5,77.96213180096703,86.97900986320687
5,78.02901807595104,87.01461056961483
5,77.98856155154722,86.99406357242644
5,77.96933765661187,87.01500695734333
5,78.02465019965916,86.98910960802918
6,78.00302107956374,86.9782141731746
6,77.98685969714032,86.9963822809376
6,78.01215008699282,87.02572271847015
6,78.00593814834758,86.96031833230144
6,77.97718011594372,86.98562360972885
6,77.98110229267452,87.00542074156988
6,77.96472867159984,87.02946663993566
6,78.00564073351973,87.01239461160314
6,78.00453019519672,86.96726899092998
6,78.02674751795621,86.97870353298235
6,78.00097455961186,87.03428598337433
6,77.98620566455374,86.9890625641042
6,77.98279868500889,86.98882834236534
6,77.97349327344686,86.9807539817987
6,78.03221305413669,86.98972297775981
6,77.9544567861143,86.98954809083695
6,77.96395716549009,86.98588163164855
6,77.99370758251577,87.00519668306853
6,77.98460701146799,86.9944174666388
6,78.0039336601765,86.99287311369602
6,77.95852441018805,87.02479495575439
6,78.00468755245154,86.99877952047235
6,77.99736521607974,86.99158985812153
6,78.01156066056812,87.00819797852533
6,77.98053969821166,86.97766456367606
6,77.98319218416927,86.96874980881726
6,78.02765341755756,87.00272238859858
6,78.02540867500807,86.9889937970187
6,78.00202003285548,86.9987639834538
6,78.01242809444629,86.99660861543447
6,78.02122975064634,86.9858857198188
6,77.99202874675515,87.03047315244764
6,78.02278599783845,87.01772791487112
6,77.99514918333848,86.97704909426541
6,77.9659584625358,86.99353736656742
6,78.01128272683519,87.00278284857369
6,77.98810381916871,87.01356712031047
6,78.01641948613715,86.9862531579354
6,77.96453348706814,86.99486193462752
6,78.01838820284235,87.01363200440359
6,77.96395560952087,86.9836657109457
6,77.99390327684925,86.97246918968142
6,77.98173694842318,87.00449400573368
6,77.98885223927853,87.01427093740772
6,77.97521127954256,86.9725447627402
6,77.98848967181593,86.97566271117451
6,78.02682330771069,87.02370175069639
6,78.02199771419711,87.0190005869171
6,77.96533612803212,87.00264545682049
6,77.99985548170666,86.98082360657122
6,78.01168159156084,87.03211697950502
6,77.99778647926115,87.00690766528898
6,78.02817888100266,87.00418664147575
7,77.9661688782869,86.98606687641696
7,77.98794384995641,86.97368398178666
7,77.96963870248082,86.96447926269751
7,78.00097878766655,87.00901803610384
7,78.039233704148,86.9729747792518
7,78.00568165812429,87.04477527571211
7,78.0033277953786,86.99547896138718
7,77.97186913124634,86.97409226713472
7,77.99499190393445,86.9810212071091
7,78.01520433485031,87.01838428851275
7,77.97061870340409,87.00877961190082
7,77.9828101324339,86.97100452950576
7,77.97601996988125,86.99864727126337
7,77.96791959950069,86.99003733808756
7,78.03273220832794,87.02630249524066
7,77.95797544398835,87.01145405097014
7,77.99733603498198,86.99945794204487
7,78.02050393659725,87.01799693027247
7,77.96910958661492,86.97841380200138
7,77.9949632190544,87.04508750796415
7,77.97605462556241,86.95713911638356
7,78.03708911806957,86.98286766785864
7,77.96827200072644,86.98137221905255
7,77.97763714168335,87.02820911242497
7,78.00732761390076,86.96111833230272
7,78.0056275410404,87.01644173285648
7,77.98315192410503,86.98579098678003
7,78.04316845773283,86.99327406740774
7,77.97147816241711,87.0252274633903
7,78.03209788128028,86.98115497784033
7,77.9769931702463,87.00778909057341
7,78.01226224133961,86.99215821022635
7,78.00048294888386,87.00543248912986
7,78.00503154204002,86.99031176586689
7,78.00594407557413,86.99871282988812
7,78.0145657847426,86.95595936149788
7,78.01695520621885,86.97355007898727
7,77.97042969887885,86.96751873250024
7,78.02752417496943,86.9995760551408
7,77.9823914915459,86.99825692014612
7,78.00495674761552,87.02937381210539
7,78.00311776277509,87.03266150139365
7,78.02341487177509,87.03911655233819
7,77.9981708591824,87.02238967986062
8,77.98125477897676,86.98122862992412
8,78.00479776594705,86.9659575621683
8,77.998380965669,87.03609112015073
8,77.97138953957916,87.00870692657978
8,77.96626370923701,87.02694232329517
8,78.04125098384495,86.98124103457012
8,77.98047470309089,86.9928896049839
8,77.96349599579746,87.0100712731654
8,78.00230695002897,86.9980809146784
8,78.01030482233689,86.98193237605051
8,78.02070688435555,87.03495386415943
8,77.99215947791828,87.00528629367709
8,77.99373597283216,87.02297300190241
8,77.99862807797054,86.9902342360578
8,77.99559915308814,86.98735932628578
8,78.0038761148567,86.98102277032433
8,78.01192652801083,86.95517424602544
8,77.9579962555922,87.02410250206131
8,77.9899908887488,87.03733042144991
8,78.00307841848758,86.97548006680167
8,78.02580459027413,86.9575533479995
8,78.01484674421799,86.98713498586596
8,77.97123084926893,87.00731084351389
8,77.98475485722763,87.01221412700184
8,77.98491778261344,87.04053980108105
8,77.96331562790107,87.01631815236398
8,77.99044792376282,87.04466951693941
8,77.97698882494943,87.04226067172135
8,77.99080281379207,86.99757994624059
8,78.00207326253486,87.0417632366079
8,77.97325569470655,87.04055379108752
8,77.95529871897214,86.9784385736911
8,78.00490570428369,87.01424900983567
8,78.04367808420348,87.00638228707072
8,78.01331613292952,87.02545969634323
8,77.95509943846687,87.0055969155256
8,78.0359088006729,86.97680757968052
8,77.97150432216682,86.96839540488003
8,77.98073338746697,87.03071007915491
8,77.96246003658098,86.98663006725522
8,77.97433252365796,87.03550893808031
8,77.96720430117422,86.96841797016627
8,77.99207566301114,86.99475314209646
8,77.99505821424029,86.98381989866228
8,78.03614914007271,86.9724638649636
8,78.00468646023177,86.97152848621649
8,78.01378549604475,86.9924470677335
8,77.96671531782307,86.98186768642205
8,78.00804892067664,86.99172020121483
8,78.00922912816667,87.0173581454394
8,78.01117976080683,87.01227921395478
8,77.9752979726103,87.03398485371342
8,77.97872263284921,87.03225932359332
8,77.99717454317062,87.00816165826046
8,78.03160469781096,87.00274602370973
8,77.9769569161704,86.97866444233829
8,77.97536619428277,86.96379933445601
8,77.9837655542761,87.00075749676569
8,77.98925399693552,86.98631937349478
8,78.01738001945269,87.03949451425798
8,78.02306366412058,87.0155750039143
8,77.98110720173038,87.0244409465511
8,78.00945664015941,86.97141705739031
8,77.99223096275198,87.0002828868568
8,78.00452817932093,87.03112910355087
8,78.0172856248422,86.9898912979848
8,78.00417247026513,86.9856140335028
8,78.0226811990866,87.02937580698014
8,77.97387727451972,86.96984612206747
8,78.02680712119181,87.02343686482162
8,77.97512021402204,86.96075696565059
8,77.98338272097395,86.99396065360791
8,78.02367016268987,86.99642615839282
8,78.00092013222421,86.9629055458395
8,77.98201570435256,86.99236784768622
8,78.02818691588465,87.02460966418919
8,77.9527219728019,86.98964460903665
8,77.99419268466258,86.95684227685693
8,77.97216367469373,87.0386403414954
8,77.9802219808155,86.97825118948889
8,77.97225684889796,87.02165521391274
8,78.0348956345031,87.03312217356394
8,77.97004183005745,86.9961236514445
8,78.01104325770524,87.01040520100123
9,77.98974540520642,87.03164947736258
9,78.02544684206252,86.97549988405561
9,78.00824193012657,87.00553661899174
9,77.9767510844297,87.0144964169085
9,77.97579672765538,86.97868930764345
9,78.00084880544458,87.00040394812648
9,77.96747650542845,86.97224590795035
9,78.00398855034139,86.95870071781205
9,78.0030307633571,86.96180408673034
9,77.9855391820562,86.99079339391422
9,78.04066077264233,86.97521546623364
9,77.97992216893476,86.98103026278426
9,78.02169746939202,86.96044316156242
9,77.98268679684024,86.96628857486948
9,77.96506521795918,87.01006453708118
9,78.00967775455518,86.99818626760847
9,77.99560996872604,86.99165274723157
9,77.99863850657405,86.97756311741182
9,77.97368141931274,86.98552989385315
9,77.98515569548178,87.04211152308977
9,77.99389491776773,86.9991599367939
9,77.97588541082152,86.9720261858829
9,78.02255497562648,86.96277083737783
9,78.04032737594632,87.014798258105
9,78.01866397705638,86.96325586938096
9,78.03124093045957,86.99929643082639
9,77.98140697342183,86.98867286098954
9,77.98304142697175,86.97076675239528
9,78.01804672085802,86.95431052300873
9,78.00099480376214,86.98642646837831
9,78.04725448991859,86.99025367502033
9,78.00589139497468,87.00273136526424
9,77.99565599585925,87.0220131260101
9,78.04209617825012,86.99460665192998
9,78.00013207786108,86.97749285532791
9,78.01575910266968,86.99617899714656
9,78.00421911043539,86.96607910122654
9,78.01059185755825,86.97915907503123
9,78.04544135511186,87.01142313926628
9,77.96532706178814,87.00423186739764
9,77.99961704169294,87.00136099924022
9,77.99382040995768,86.99577515747428
9,78.03159484786661,86.99988519614976
9,77.9800272598613,87.03034160298597
9,78.00415789919033,86.978290480892
10,77.96237213163847,86.98972748106853
10,77.99914000072287,87.01315131723186
10,78.01002688096162,87.01248422229007
10,78.00650614557775,86.99094118977045
10,78.00193043323146,86.99776158639172
10,78.00475618856208,86.9688395736488
10,77.98059635320655,86.9575118551643
10,77.99289990019793,87.01742839954062
10,77.98021601416544,87.00031786285946
10,78.0034186590186,87.04406951228135
10,77.9668839414033,87.01344789165022
10,77.97325954171727,87.01002127327126
10,78.02413995422728,87.01974529898432
10,77.98037657143537,86.97112450197547
10,78.01002389603315,86.96438926600925
10,77.99492352928301,87.01647973494742
10,78.03298095549101,86.99454029120444
10,78.009718686042,86.98123417071942
10,78.00784448262849,87.03239795930438
10,77.99183244053326,87.01847614045452
10,78.0015412983225,87.01839085781172
10,78.01547018750117,87.03132928766361
10,77.98782489067015,87.00560029710309
10,77.99801680708704,86.98676791014664
10,77.99868915744584,87.00606000469078
10,78.01230767130589,86.99827231445478
10,77.99635495775341,86.99701689764943
10,77.9710580123541,87.01506213284145
10,77.97747318638524,86.9933504724372
10,77.98770019811487,87.00570205891658
10,77.97935404667966,86.99386064876857
10,77.99891812243845,86.9741446944637
10,77.98490746693277,87.02011451022197
10,78.00662971321341,86.97571599125969
10,78.03050056037686,87.02544600882561
10,78.01893647634891,86.96697899443092
10,78.00312276383804,87.00200269205847
10,78.01690352756646,86.99751769922838
10,77.97235682061905,86.99444521031225
10,78.01922263424372,86.97355948920195
10,78.02135224436853,86.98774757548166
10,77.99976110472134,87.03412132871497
10,78.04705743808708,87.0017858494244
10,77.99183244053326,87.01847614045452
10,78.03365854664551,86.98556842721301
10,78.00394083466684,87.01571746852129
10,78.00090158210496,86.97698140857423
10,78.02621461498052,87.00594491534525
10,78.02136910747622,87.00306848648191
10,78.01013322333516,86.99821750498981
10,78.01302789049456,86.99089609157997
10,77.98982955443469,87.02521034233267
10,78.01112195415715,86.95611041632624
10,77.98120701963859,87.04480335940593
10,77.98581547460482,87.02662547019497
10,77.9746327335162,86.99794419481772
10,77.99698121563378,86.99944454995428
10,78.02617293238423,87.01479440721499
10,77.98832054453881,87.01210833492792
10,78.01316863924616,87.0176665633941
10,77.99663656757414,87.00813409267447
10,77.9996648300764,87.01618083436844
10,77.99193872085087,87.01841304542631
10,77.96671990205688,86.99435200377643
10,78.01290960341503,87.00654356056289
10,77.99478805454478,86.99118711940795
10,77.97876220840334,87.0217680973663
10,77.98757298023133,87.00459612228971
10,78.00550700032483,87.01735981180748
10,77.98316790523644,86.98242626940326
10,78.0396998104003,86.98593116306907
10,77.9995216453028,87.0280796763891
10,78.01342910024606,86.95635835340707
10,78.01666690157222,86.99548924182267
10,77.96970057872453,86.96936899783469
10,77.99088641265271,87.02277980792944
10,78.00250926231006,86.9751400259331
10,78.01072637986535,86.98918586686466
10,77.97452838132546,86.99199979100213
10,78.00597910045953,87.00663129820347
10,78.01686728060521,86.99329376656097
10,78.00973724845963,87.02765102375068
10,77.99381983945017,87.00841236889131
10,78.0116533045934,86.98363396755792
10,77.97257001953793,87.00284329800992
10,77.98349644323746,87.00935443638294
10,78.02804582644144,87.00510507598597
10,77.99051248401219,87.02968717335041
10,77.99471025693741,87.00846980557115
10,77.99539741312628,87.00467266287819
10,78.00501262560542,87.00981460318305
10,77.99439120256542,87.02140874967706
10,77.99653175254201,87.0110730266538
10,77.97392222357927,87.03276255583974
10,78.00938263632928,86.9657707004047
10,78.02252331170675,86.97709043674038
10,77.97361587556922,87.03370675754755
10,77.99320900643713,86.99031361430845
10,78.00853808767047,86.97109533443259
10,77.99182704797977,87.00571226570098
11,78.0026238720821,86.98069313223034
11,78.02814587134675,86.97131127675738
11,78.01955505778108,87.00083141097205
11,77.99859495099172,86.9858879207983
11,78.01780306534306,86.97746126705322
11,77.9821421693157,86.98481069326732
11,77.98154292470302,86.99835657048051
11,77.99419409892117,86.99028700538476
11,77.97321904634694,86.96641379050307
11,77.97982699011862,87.0299125417151
11,77.99759229558823,87.02550081082452
11,77.96131217185957,86.99715792819254
11,78.0094625680301,87.04286315558562
11,77.96532276635388,87.00089097287103
11,77.99558869577508,87.04020331621916
11,78.00462107141013,86.98116290460035
11,77.96585211926387,86.96354186746697
11,78.00696887097816,87.0120165151937
11,77.97696756624754,87.03115157453436
11,78.03519652456002,87.00743546625996
11,78.02544402213125,87.0171359242557
11,77.98454952998236,87.04416448356561
11,78.03971359794585,86.97396858803491
11,77.99446720874008,86.9881809070663
11,78.01460644599908,86.99346614589797
11,78.00706677660992,87.0032228535888
11,77.97268807019233,86.99756986385623
11,78.01067468624726,87.01451897935698
11,77.99134555537785,87.04700152681322
11,77.9789559036212,87.02481540537916
11,78.02418832908317,87.00737898236106
11,77.98290951887184,86.98989513979768
11,78.0098947047858,86.99707113852914
11,77.97674330152572,87.00214430276112
11,77.9605717084527,87.01797373472131
11,77.95955535954587,87.0011839182031
11,78.02059441187546,87.00243883435557
11,77.98923447461183,87.00429780325427
11,78.00273476461007,87.0495948050815
11,78.0014397125649,86.96972853931698
11,77.99682302745144,87.01502853346997
11,77.96685139908334,86.99742366660016
11,77.98088318302165,86.98460264775223
11,77.98553443192627,87.03612309651805
11,78.0143888657424,86.98066578671322
11,77.95973675151195,87.02195807450913
11,78.02368472526656,87.04370259885573
11,77.99503955720212,86.97816313147756
11,77.96866692709573,86.9787517779859
11,77.98708508044403,87.01500211511863
11,78.01930387527582,86.96900410904306
11,77.99830586187772,86.97835929070888
11,77.98470154497974,86.9838892563866
11,77.97846229174931,87.00656479467243
11,78.04747046272212,87.01004647888733
11,77.99567642431292,87.02690856267064
11,77.99254923216118,86.97160109058393
11,78.04147174072533,87.02041822140791
11,77.98388982586124,86.97827467355863
11,77.98137361367735,87.00473793625063
11,77.99176586054394,86.96206888658347
11,78.03136006304034,86.96236451034258
11,78.04255407909932,87.01539014054998
11,77.97191694570296,87.00559246926895
11,77.9799170162951,86.99210047402946
11,77.99664695932785,87.00353106906388
11,78.02246124073864,87.02180593442986
11,78.0326917397564,86.97882714554173
11,77.9660527979812,86.97426362655861
11,78.02496350504363,86.98714813773225
11,77.98300722190072,86.95320384524604
11,78.04488325004303,87.01793779662697
11,77.95913169595337,87.02302866709147
11,78.01851602076418,87.0132340506347
11,78.02911642425997,87.0206997993683
11,78.01504870611119,87.01317071986371
11,78.00062004997096,86.99959767265011
11,78.00342840172326,87.02196724022033
11,77.95578830237984,86.99335932731285
11,78.04238012918454,87.01734445532108
11,77.97280894319674,87.014809227178
11,77.98471174582565,87.03672209194536
11,78.00726820138641,86.97290555177871
11,78.03348397721547,86.97619882932496
11,77.99835190266239,86.96109065671885
11,78.02695162809516,86.9693469736258
11,77.99021793267033,86.98895956892105
11,77.999728428816,87.04868339973956
11,77.97443060624558,86.96870189916172
11,77.99356678084992,87.01632246411064
11,78.02405609157482,86.98663328130067
11,78.04347805067003,87.02110630143078
11,77.95718701214903,86.98836611692974
11,78.01514537812494,86.97940221470968
11,77.96776854004423,87.02769546620051
11,78.02664209482957,87.02961524315248
11,78.0025930208221,87.02031399678742
11,78.0276340972819,86.96987460134292
11,77.97064523288157,86.96954691910206
11,77.9790644838887,87.0408928845371
11,78.00438865558748,87.01332262281935
11,77.97439313858203,86.98020126561136
11,77.99249800335485,87.01308966213483
11,78.02473773573992,86.97968984745717
11,77.99839614310923,87.00895828930345
11,78.01708963304225,87.01430429193839
11,77.98791661504802,87.03892211973714
11,78.02563674083692,86.96350597981191
11,77.98427515487842,86.9576068860972
11,77.99967100562282,87.01035638056165
11,78.00703559009604,87.01342250286991
11,78.03148252992355,86.97636797254052
11,77.986335735933,86.98181669255764
12,78.00039096030247,86.95880712740913
12,78.01128750250687,86.98355653618378
12,78.00580588236703,87.01973040109281
12,78.00007248195794,86.9619695280451
12,78.01692216622467,87.01457852331984
12,78.03926318490738,86.98118702560413
12,77.95656843062186,87.00296811587853
12,78.02189322547397,87.02736726190702
12,77.9953138221306,86.97939394069336
12,77.99340592484185,86.99047614429011
12,77.999749123194,86.99836230338208
12,78.02867092383372,86.97911632151697
12,78.00196255711373,86.98374401311179
12,78.02586203962241,86.95959084437945
12,78.04380128251238,87.01880905301843
12,78.02695050009993,87.02008685100083
12,78.04802194011094,86.98929907546365
12,78.00914689546282,86.99942309743
12,78.00811021387277,87.0255132325816
12,77.98989670756096,87.03653941207646
12,78.03503383966262,87.00451007132034
12,77.98169652306038,86.98701861731766
12,77.97144787765157,87.01596167156171
12,78.01778431407833,87.00433154615477
12,78.01804892141612,87.04064056058138
12,77.9749255076268,86.95686339508961
12,77.99665309533678,87.00960443448442
12,78.01678843520041,86.96478446070543
12,77.95796767349776,86.97457481995443
12,78.03431940679206,87.02828312196777
12,77.98458759260512,87.0011249934265
12,77.95985360489014,86.98771575182882
12,77.99529575598528,86.95046282360278
12,77.99467185004191,87.01891593837189
12,78.01499327044505,87.01422616767736
12,77.97316240306323,87.0232702592617
12,78.03961371769832,86.98416633063944
12,78.00745143800192,87.04683953897951
12,77.99335733609755,86.98659244240028
12,77.99793238804693,87.01353187594891
12,78.01679390059368,87.02717158157985
12,77.98502743133204,87.04527763035892
12,77.9789708120775,86.97271885243342
12,78.0446444656396,86.99821744120337
12,78.02938400955091,86.98922469329652
12,78.01950274976338,86.99374965634125
12,78.0290773278342,86.98957762968672
12,77.98476260452914,87.02275200226681
12,78.0473312425125,86.99696018473593
12,77.9797649794163,87.02548783386517
12,78.0220225204738,86.99059156461314
12,78.03039499051506,86.99103999806928
12,78.02424778540357,87.03667607881822
12,77.98233808959132,86.96473117184763
12,77.97608126146997,87.01176467264355
12,78.04246873622021,86.9819868947485
12,78.00699420914617,87.03568898298776
12,77.99549869678421,87.01666887753066
12,78.00461499687583,87.018333236662
12,78.00038799897531,86.95786593444802
12,78.01679570958436,86.98067827703855
12,78.0037202867835,86.98465658102037
12,77.9541468022173,86.99388009207001
12,78.00371420574545,87.00889789661997
12,77.98088356559802,87.04090669294659
12,78.0082067277409,87.00036406294936
12,77.97900556899641,87.01738393838717
12,78.03394234480288,86.97909270968469
12,77.98897052665644,86.99864812214437
12,78.00822910251108,86.98507235788948
12,78.02334609550644,86.98849108278043
12,78.01122800340924,86.98582275132027
12,77.98891427023422,86.99550633414745
12,77.96293690580471,86.99166126025483
12,77.99590692521156,87.01484079845557
12,78.037764109077,87.01039292152018
12,77.99239362678269,87.00409332513591
12,77.99319518204108,86.9637709987054
12,77.97747091011576,86.96315337443417
12,78.0060385625696,86.96194721541922
12,78.02360574265714,86.98425674695329
12,78.04032427506498,87.02564988360739
12,78.00478670140059,86.96115905039257
12,77.95483089720398,87.00520357839169
12,77.97461569612877,87.0352714531605
12,77.95890098771473,87.00250278690955
12,78.02559953033973,87.00658094362666
12,77.9656950885081,87.01407367158446
12,77.99514148319466,86.99783515751788
12,77.96395284071657,87.01297439994896
12,77.97614449961625,87.0029741041331
12,78.00021277359167,86.9561570039351
12,77.98132042450419,87.02507191890977
12,78.02757319801303,87.02555184538534
12,77.99091597914801,87.01677391215088
12,78.03162195296406,86.99686909355452
12,78.01179774741203,86.9790695018067
12,78.0382766704239,87.0251792485942
12,77.99542955828271,87.02751428650006
12,77.98684941569564,86.99115757680345
12,77.995540886026,86.97841735383628
12,78.00960292771009,86.95878550237491
12,77.99266409921803,86.98546342824906
12,77.9910272201835,87.03314187770019
12,78.0245165745995,87.01325309373352
12,77.99455894252479,86.96863248454225
12,77.9715881585093,87.01096541223117
12,78.02487383206227,86.97969389686445
12,77.97997217572815,87.01526771809073
12,78.00330458795422,86.99778255716609
12,78.03147592157684,87.03342615173374
12,78.01220767816787,86.99917928278238
12,77.99056450493507,87.02938746846155
12,77.97823748873893,86.96675688920473
12,77.96524954274268,86.98960850836741
12,77.99545957439047,87.04124082236338
12,77.95190474069518,86.99331786296526
12,78.00322535059675,87.02469709736656
12,78.01993170913504,87.04355424776503
12,77.98476260452914,87.02275200226681
12,78.00777765633204,87.02493973082213
13,77.97948023233985,87.0008460789907
13,78.00201614382645,86.99735842880688
13,78.01876394045739,87.02437839421216
13,77.99736290752045,86.98492114928466
13,78.01272975040595,87.00194239401158
13,77.98713175906364,87.0370143404435
13,78.00204353732502,86.9846868529966
13,78.0222777817148,86.99689258078435
13,78.0164489741713,87.0206740866383
13,78.00791577642862,87.00934960219162
13,78.04355654728923,87.00437970303777
13,77.95996773990313,87.00130299270506
13,77.967192170601,86.97459699409544
13,77.97321444967346,86.99489556976657
13,77.95613946750362,86.99086397331628
13,77.98823751439501,87.0228515732263
13,78.00427464583917,86.97014263750495
13,78.04226610391599,87.01999450592264
13,78.04671158923004,86.98809918246644
13,77.99753157149866,87.03172644115025
13,77.99173393256669,87.01385954854162
13,77.97704531230428,87.01171164864209
13,78.00767025442806,87.03291284090336
13,77.98414085906458,86.95841605597738
13,78.02251106496115,86.99548796721703
13,77.99558278043675,87.03355554780043
13,77.96071683288697,87.02230362782892
13,77.96370490913463,86.98656574954884
13,77.99205966986857,87.01157965378202
13,78.02651416175974,87.0390130670682
13,77.99277939681397,87.00675219013297
13,78.01323910004476,87.04769981489817
13,77.96379175095481,87.0291436427156
13,77.96008596235087,87.01301866056708
13,77.99426850542399,86.99834425273508
13,77.99842913657196,86.95732152568094
13,77.96529200091183,86.97308917186804
13,78.03589384445507,87.03376087073487
13,78.03672173712647,87.0020450110734
13,78.02011723477247,87.01796196776282
13,77.96053722915046,87.00616128452356
13,77.99070475969332,87.0199964854567
13,77.98933992123918,86.98974679686432
13,78.02400193542,86.98216693645904
13,77.98233808959132,86.96473117184763
13,77.99319518204108,86.9637709987054
13,78.02462777473181,86.97675589824047
13,78.03719895386584,87.01626999184062
13,78.01719838991586,86.97279647630074
13,78.00659010336504,86.98120193091309
13,78.02672410004458,87.03416221732631
13,77.99334668532717,86.97456050423415
13,77.9899020582672,86.97756426426105
13,77.99774805454446,87.00766527492974
13,78.00460397555527,87.02683930111853
13,77.95773749215869,87.00910198060407
13,78.01268510980528,87.01107179554076
13,77.99916330540648,87.04068670814266
13,78.02489400040751,87.01568299107285
13,77.96340082435005,87.03025183336999
13,78.0159928742659,86.9744839807436
13,78.02616279601352,86.97508811645115
13,78.00568660242382,86.98651440872315
13,78.02142375790919,87.02326683216855
13,77.98048910442503,86.99696617639707
13,78.00193542997401,86.99932478377819
13,78.04843560602168,87.00873662731338
13,77.98635002921075,87.0400899488642
13,77.98858438043663,86.9875193203371
13,77.99728703863556,87.04654435768265
13,77.96248895206237,87.01190298784522
13,77.97960721008461,86.99446026448025
13,78.012363954856,87.00705342324915
13,77.97375459213727,86.99212707984769
13,78.00436926834344,86.97305727077863
13,78.02231607186998,87.0042692941318
13,77.96000784072224,86.98318346514175
13,78.01597737941255,86.99987517810533
13,78.0001715443376,86.96996722263835
13,78.02051544114487,87.00682584658959
13,78.02338320238714,86.99780424605007
13,77.9879229211275,86.97292693704992
13,77.9961699353893,87.01880193802167
13,78.04448152611066,87.01962186094293
13,78.01460644599908,86.99346614589797
13,77.96429388853397,87.00144647156624
13,78.0341278460826,87.02185636417653
13,77.9822357575074,86.98558173128612
13,78.01207417789445,87.00809262792998
13,77.99290075576855,87.01284275460951
13,77.95472562257619,87.0049402782599
13,78.03448230654004,87.00620775181073
13,77.9839952093494,87.03568780201905
13,77.95581704680505,87.00158634637447
13,77.98253788415559,86.99269183326274
13,78.0392928119373,87.02715124081809
13,78.02940288653166,86.96657255626138
13,78.0379239676131,87.02569261507962
14,77.96624762689608,87.00860164854028
14,77.9757125739547,87.0416459099346
14,78.03422253916548,87.02049486816668
14,77.97676616308247,86.99929168730401
14,77.96739522118033,87.02836922414738
14,78.031116596717,86.96903815787607
14,78.01669966577316,86.9765350220113
14,77.9789579544169,87.01949972729466
14,77.98794957871576,86.95415098186997
14,78.04018900084651,86.99758481676965
14,78.00449727819776,86.95684110100439
14,78.02734548294534,86.9834966050811
14,78.04212659134846,87.00632275601006
14,78.03965416634563,86.99155997072761
14,78.00731932572795,87.00116324220038
14,78.01419554305939,87.01957870230453
14,78.02165804038366,86.98833039248588
14,77.97683400089188,86.9761399202047
14,77.98642995030046,86.95248197897713
14,78.00600649958683,87.0001654051172
14,78.01611732081537,87.0053931268801
14,78.03158691107758,87.00239471958209
14,77.99385184049515,86.99265105311216
14,78.04769902803957,87.00654567481789
14,77.98931015319481,86.9533684979992
14,77.99279251100401,87.00104391736647
14,78.01156532355762,86.98677547811188
14,77.98838066843535,86.95830979819317
14,77.98821317421033,87.04830612986889
14,78.04348450286804,86.9974632480952
14,78.0019126385854,86.96680055176945
14,78.03341497670704,86.99661117295898
14,77.99423370513661,86.98509151203523
14,77.99951381850958,87.01876182344608
14,77.96097397881425,87.02908044448564
14,78.00738413269633,87.00939057600148
14,77.99685597617729,87.03482599501629
14,77.99892226934163,86.9758445306123
14,77.99812513398132,86.95207426399197
14,78.01749106509261,86.99383932150481
14,78.01849819271692,86.96771300064408
14,77.96265608746006,86.97445126257773
14,78.02859957181327,86.98430971427102
14,77.97369069045156,87.03699895944185
14,77.95770946791747,86.98283770356194
14,77.98422111548571,86.97091900864247
14,78.0021661132827,86.98030797410574
14,77.95486065560425,86.998675409154
14,77.95176366540365,86.98886321104973
14,78.01218519554051,86.9895679241994
14,77.9927488028806,87.00381502111384
14,78.00391366097018,87.01108244119915
14,77.9825989902931,86.96982239294987
14,77.96816135714172,86.99250949595697
14,78.03619566948767,86.99567605333664
14,77.99405986991496,87.01826265446553
14,77.99584870883332,87.00013044234566
14,78.0295549123638,86.97147383936613
14,77.97349874522722,86.99351641693298
14,77.98470305811155,87.01102149727625
14,77.96554457482426,87.01534575609156
14,77.97372272163659,86.97400145116987
14,77.97263502244658,87.00554905306316
14,77.97622452363841,87.01369789730136
14,77.95614068377515,86.99344041335264
14,77.98330310518959,86.96880484022537
14,78.03931633111578,86.99956930747028
14,78.01756353065186,87.01406771954686
14,78.0361790730041,87.0216499468387
14,77.9553117365602,87.01167138563603
14,77.98087500271781,86.96018213030884
14,77.98882790726653,86.9580143255655
14,77.96688749782784,86.9799042087292
14,77.9744434914421,86.98879956089617
14,77.95701642666003,86.98570357832286
14,78.03202945444775,86.96469757788167
14,77.9822691662961,86.98786980928452
14,78.00094951436996,87.01949541314433
14,77.95843883583046,86.99957480688461
14,77.98301476957687,86.97052316000271
14,77.95714086613863,86.99687159518338
14,77.96739221601084,87.0119024988729
14,78.02838879820874,87.00059550309652
14,77.99293579870489,87.00782024613
14,77.96124397356384,86.97312115172988
14,77.95928712550594,87.00896501144672
14,77.97268807019233,86.99756986385623
14,77.96832565626069,87.03550072107159
14,78.02454881246415,86.98493198795485
14,77.97921995691988,86.96184327955696
14,77.99700211289326,86.9883413137512
14,77.9757580813387,87.02672358840621
14,77.98447861662727,87.01073404976096
14,78.01423715440554,87.00294124366062
14,77.98118836295238,87.03480460777777
14,77.99941212346943,86.97040773417177
14,77.985698963092,87.0420611005597
14,78.02339363142691,86.9971443924506
14,78.00303043202068,87.04223090732302
14,77.96424727523183,86.98831783397448
14,78.03550027818058,87.01153526542836
14,78.02593169280442,87.0020006231998
14,78.03010039094458,86.98012022034416
14,77.96028391090265,87.0049782863267
14,77.99259596312595,86.97266769261816
14,77.95210953608198,86.99113672860712
14,77.99881481143643,86.96806543753337
14,78.00699205055331,87.00194706720174
14,78.01352424220113,87.01756895657658
14,78.02202180974608,87.01267964622453
14,77.9775853021757,87.00672335892999
14,78.02244305803977,87.04118529100462
14,77.99449539835919,87.0056018740882
14,78.01773223484557,87.0152517060898
14,78.02941573604485,87.03607545089928
14,77.98920205829702,86.99477397990404
14,78.01730332183338,86.99553304226788
14,77.96491952294693,87.01765749287334
14,78.02702814384672,86.97512898642582
14,78.00870098339941,87.04378769109181
14,78.01109999250812,87.02654064565827
14,78.00728759646728,87.04528640513867
14,78.03875889364772,87.00279523861181
14,77.9799549767479,87.01714901612942
14,77.97966415320224,86.99884809627743
14,77.99397501851564,87.0009590079407
14,77.99980151936147,87.03681478128325
15,77.95460017832346,87.00042087576153
15,77.98246639372803,87.04246175975676
15,78.00646458034197,86.97434700785959
15,77.98012944291412,87.021735133336
15,78.00750703020883,86.9548854609958
15,78.03263587553218,87.01259684487418
15,77.97405193199667,87.02281196376067
15,77.95890150201453,86.98840053991186
15,78.02122054429694,86.9835770147371
15,78.0281074979815,87.00775577978747
15,78.00880485457711,87.01086246008659
15,78.0306184453414,86.96834842527785
15,77.99316520344209,87.01244621258834
15,77.97215128079281,87.00219054753144
15,77.97410923594256,86.97327347245361
15,78.01172655997806,86.98805239088279
15,77.9777745051707,87.02501069712356
15,78.0039318839783,87.00848453111286
15,78.01209929086158,86.9933439734969
15,77.9725286625082,87.02161586707106
15,78.04684127145144,86.98477080575805
15,77.97884055066619,86.99909687545008
15,77.96144121052518,87.00925271115793
15,78.02946705453128,87.00484541306619
15,77.99919739423581,86.9653346796419
15,77.995238651199,87.00102262503977
15,78.01848780039512,86.98365992218505
15,78.04456766089655,86.98278410384606
15,78.01959322740372,87.00049169039015
15,77.97860217509188,86.99585015500435
15,78.00825500537982,86.99879243812941
15,77.99657729932046,86.97873412549167
15,78.01924250858116,86.95975443532224
15,77.97941993254334,86.97996055271197
15,78.03809049863492,86.9828167940468
15,77.98966561547034,86.99334151706707
15,77.99380254351603,86.97449995021516
15,77.95336297091762,87.01392968982272
15,77.98345717407013,86.99688540269237
15,78.00962119990947,87.00449929535372
15,78.0134187129955,87.0442182120394
15,77.98768089546992,86.96409576107902
15,78.02893279409545,86.96264973339706
15,78.03424804519685,87.00282777408916
15,78.018003788253,87.01935043528023
15,78.01152975712205,87.03249773767027
16,78.03518864139792,86.98896591665856
16,78.01892458440749,86.99262343346025
16,78.04063174728697,87.01892867065862
16,78.03109520068178,86.99156764006948
16,77.98142800678526,87.02424076020145
16,78.0145568877295,87.00141318184674
16,78.01904420577695,87.00590391248937
16,78.00292015964895,87.00773874785003
16,78.03376403647687,87.0146669477363
16,78.02145132851366,86.97846744335993
16,78.03059608382951,86.97545422211041
16,77.99624637054207,87.00433791454948
16,78.00904416582608,87.00151504600471
16,77.97698430031181,86.97136728345535
16,77.97112517965164,87.01674932321554
16,77.99455274983525,86.98224169348573
16,78.01197316945228,87.01710713010198
16,77.96336708667872,87.02388415140184
16,78.02325143788707,86.9969548081376
16,78.0234485076541,86.96616997370526
16,77.98900200359135,86.98701317023617
16,77.9748752557872,86.9624863602123
16,78.04521553075938,87.01413209288597
16,77.96856805075122,86.98087711135699
16,77.98005754270059,87.0425625135475
16,78.00313142008295,86.97550286929042
16,77.99813770332572,86.98011378106662
16,77.96901553613287,87.01197928229664
16,77.97372448403938,86.979295677149
16,77.9784153523977,86.99007705857966
16,78.01055789072252,86.96540861536553
16,78.03673113380866,87.00760583182893
16,77.97790720118034,86.99156951667742
16,78.00134177161324,87.03873653787981
16,77.97637191782113,87.04110402196474
16,77.97900264056565,87.01620993158629
16,77.99294346292974,86.95271545332575
16,77.96922089808935,87.0322129169401
16,77.99314696067489,86.96656545676613
16,78.00621700625419,87.01613214680104
16,77.96230935040583,86.99161101233588
16,78.02543159557513,87.04236975402331
16,77.9910932821708,86.97168711691887
16,78.03377299852328,87.034986976935
16,78.01403256846139,87.02318215527939
16,78.03858487472077,87.01801382179492
16,78.04579793054205,86.99889830592777
16,78.03724907497714,86.99358449858423
16,77.98870810956554,87.0317768145878
16,78.01111397326717,86.96681892825337
16,77.95608242478887,87.01734008891236
16,77.96488067162444,87.03124093408069
16,77.96978084025885,86.98376473072666
16,78.02278985338165,86.97130949550727
16,78.04045819383207,87.00723082767475
16,78.01546421283263,86.99903191652297
16,78.00342994539866,86.9877015940874
16,78.00367470200312,87.00263420317786
16,78.03506565771028,86.97695510302222
16,77.98895284125108,87.02801415519876
16,78.0228659286355,87.00824812423548
16,77.99618663892025,87.02283847303946
16,78.02975483863506,87.02140573671473
16,78.00662065041817,87.03127691905738
16,78.01324975585081,87.03815553327196
16,78.00495112242612,86.96192242636464
16,77.98779285445042,86.976006016076
16,77.97257626796366,86.98210829620344
16,78.01927456443113,86.9550843247771
16,77.9919911373014,86.98120320652981
16,78.02232651503328,86.95936722954916
16,78.01112114630293,87.01471689316976
16,78.01984146432657,87.0132164502451
16,77.96259820651441,87.01129274853095
16,77.97525814263625,86.95924607120783
16,77.988404459624,87.04069398037164
16,77.98630560750505,87.00261158927866
16,78.00571973101506,86.98530357886055
16,77.98538600525308,86.95542330047311
16,77.99797231351168,86.98039545138379
16,78.01140999027965,86.95887002734331
16,77.96567825141415,87.02476216482971
16,78.00393765022585,87.01752119440673
16,77.97520996491586,87.0249746982882
16,77.98773187502707,86.99540031269504
16,78.03291794410312,86.98303555675899
16,77.98406627658642,87.0351533532566
16,77.98892012092095,86.98515471871634
16,78.01540307629578,86.95714319833395
16,78.03626064858443,87.00514001618404
16,77.99588237590444,86.978411062826
16,78.03963193936374,86.9737290378657
16,77.96849478043775,86.96525369198447
16,78.02617293238423,87.01479440721499
16,77.97243931059656,86.96529800062278
16,77.99765155908825,86.98664971025947
16,78.04361160151194,86.98637906726451
16,78.01272933577876,86.99888826668955
16,77.98907933513516,86.95508438119894
17,77.99208053796538,87.0197353940596
17,78.01525178125965,86.99568339238597
17,78.03307476507462,86.96814320814622
17,78.02740098764862,86.96056391119298
17,78.01362321510867,87.00298796953273
17,77.95572329393778,87.01591514987282
17,78.02458031409007,86.96753378658646
17,78.0050797841754,87.01656508528312
17,77.96188509761974,86.97189908196357
17,77.98003915194809,87.01466175815503
17,77.98370951287562,86.95832911405161
17,78.01443529438055,87.0411245002711
17,78.03205250781726,87.01464889890214
17,77.97642522529542,86.99240888107008
17,78.02640392841741,87.01349756872207
17,77.98206614609096,86.96532969048958
17,78.04682628470992,86.99661342054165
17,77.99960928464296,87.04290793778344
17,78.02612043153557,87.01370413883157
17,78.010907964835,87.03000063367524
17,77.97718011594372,86.98562360972885
17,78.03514270188862,86.97730840889635
17,77.98002766322058,87.02571596466032
17,78.03559403429772,86.96596492408818
17,78.03560182143933,86.97177371835512
17,78.01261545768709,86.9807575631545
17,77.96993800804456,87.02634233731759
17,77.99262451744414,86.98222968841365
17,78.01532418282937,86.99223857841757
17,78.00713309529924,86.97058781276436
17,77.9773155924478,87.03596891411993
17,77.99125468906641,87.02003179818897
17,78.02216537431883,86.97593789071205
17,77.96451120211314,87.01313287492648
17,77.96413254043449,87.02458676742594
17,77.99739364624627,86.96722179481877
17,77.9540148152845,87.00436449172587
17,78.00713669266997,86.98948335482062
17,78.01311001932508,86.98045449081667
17,78.04581019206722,87.01669643226487
17,78.0252182549432,86.97024344506902
17,77.99055398375278,86.98546516424416
17,78.02921911403361,87.03231667926559
17,78.00788518897689,87.03663384278859
17,77.9796923341718,86.9704613341746
17,77.98255465681642,86.96037632894657
17,78.00741657402452,87.01550559188479
17,77.976782748744,86.99324962682101
17,77.9958294765437,86.99553665824173
17,77.98330792034125,87.02276433709837
17,78.02669024935705,86.9690577415103
17,77.96035132978162,86.99015466759505
17,78.01470323529755,87.01936995948432
18,78.01411821052193,87.02832810396393
18,78.03084984743687,86.9657899650245
18,77.9852720882885,87.02016565437492
18,78.02023101446711,87.04334219601654
18,77.99578105269465,87.02629947060717
18,77.9680890396003,86.97701028272236
18,78.00661094686949,87.00260045032682
18,78.00873053718381,86.95308945399921
18,78.02149404279207,87.01992129855482
18,77.999034109814,86.98588657900181
18,78.00405502615915,87.00739060312999
18,77.98852606623745,87.01206595444766
18,77.96942770425336,86.97815886560137
18,78.00806094331665,87.01347683822593
18,78.00217784133956,87.02730043477081
18,77.97713547235197,87.02612906960088
18,77.98921645242707,86.97474639769686
18,78.02313082588365,87.02405543793337
18,78.00003625294278,86.97635932556265
18,77.9910420057632,86.98824738602974
18,78.03745762882761,87.00847663479479
18,78.02179051453497,86.96104506992471
18,78.00351465469858,87.00834145498558
18,78.01256973561287,86.98401092731933
18,78.03010039094458,86.98012022034416
18,78.01012494003727,87.01124957210746
18,78.02191875473996,86.99504602055647
18,78.01254653068773,86.98119385244073
18,77.971419677876,87.01654131781936
18,77.98711621787682,87.00621044639868
18,77.96854719689395,86.97904280776794
18,77.96664586331403,87.02894370425906
18,77.9725072841796,87.01796952799685
18,77.99038981041309,87.04204812313154
18,77.99286456489746,86.96291523023858
18,78.01680133065697,87.01993819460357
18,77.99943007569676,87.03844020707493
18,78.02603039722824,86.97998260682067
18,78.00520202757693,86.9852602657153
18,77.9814398610504,86.99967638547562
18,77.98278520761178,86.99612706333785
18,77.99510856127876,87.02482594344563
18,77.99428619515712,87.00359415433734
18,77.98234139927058,86.98558556724888
18,78.03587056930188,86.97571814575846
18,78.02512664996765,87.03314946678562
18,77.95415313834867,87.00565004677401
18,78.04011656007386,87.01492133868261
18,77.9907881807456,87.02299446739555
18,77.99150993311012,87.00588515562556
18,77.99965797012574,87.0489120285768
18,77.99955895538386,87.03857933893947
18,77.97421492341513,87.01127317896768
18,77.96617095772787,87.02548071834914
18,77.96426658067739,86.97897437379225
18,78.01593224029583,86.9572914712933
18,77.96588059361542,86.96832848660486
18,77.96422682724823,86.99197540632927
18,77.97401950194637,87.02086415977271
18,78.0276239033321,87.0281383252765
18,78.01178325285952,86.97969676684576
18,77.95807093166957,87.02506506960142
18,77.95590114547615,86.98793759121209
18,78.02582313704174,86.99717304265464
18,78.01282298634351,87.00940080514277
18,77.9951729487427,87.033037671189
18,78.04220144935381,87.02581603269634
18,77.98421260875759,87.02747625978535
18,77.95887056910331,87.00607779146297
18,77.965431984992,86.97454114483291
18,78.03754710816969,86.96820938305517
18,77.98876690640947,87.02530201280035
18,77.96283119258864,86.99057927166398
18,77.99811167542062,87.01402398623459
18,77.99157558900995,87.03164751099605
18,77.9709356774596,86.98284520350913
18,77.96929853729557,87.01702937011764
18,77.99840796841339,86.98684922475206
18,77.97560900482254,87.01088424809714
18,78.01905942271938,87.03690346109974
18,77.9728387694634,87.00061951657017
18,77.98309515497853,87.04269981636824
18,77.98481489200039,86.96424999850117
18,77.99056413295989,87.00970115650003
18,77.9686799031406,86.96807302934104
18,78.01562030932153,86.95951526621303
18,77.97621791294165,87.00582029524342
18,77.99976005465102,87.02463795133237
18,78.0078177967151,86.98343089929115
18,78.04714229777584,86.98518870127009
18,78.00273423703848,86.95896817569754
19,77.97298007967379,87.01442924236665
19,77.98793737822335,86.9788832461537
19,77.99469423873421,86.99846293842263
19,78.00564073351973,87.01239461160314
19,78.002277494007,86.97552176479375
19,77.98600824495173,86.989810388572
19,78.00434884879832,86.9567009396941
19,77.99647991797463,86.99223702474421
19,78.01047336754432,87.01504304448491
19,77.95677999370352,87.01361793413702
19,77.96408612839936,86.99455635319521
19,78.02161763320571,86.98605265997588
19,77.9645494038632,86.97114259745763
19,78.01528992172716,86.98203494164443
19,78.01121775488656,87.01413445291718
19,78.02127727971504,87.03687320293076
19,78.01271240250436,87.01108770634616
19,78.00239181761187,86.96568132763377
19,77.96009785409468,86.98404195744988
19,77.95948281337479,87.01552010040784
19,78.01616207612183,86.97566496850604
19,78.0097863450664,87.03674028819059
19,77.99556572169318,87.00252189339025
19,78.01795540535177,86.98813039164116
19,78.01387936755347,86.9832353553654
19,77.9845905336995,87.00547147060585
19,77.98637609972052,86.99428450318457
19,77.98633380556777,87.01752072081449
19,78.00458358220185,86.97085153080276
19,77.99291349175658,87.00274547871022
19,77.9724807236507,86.99639253672707
19,77.97958971769546,86.99768417416652
19,78.02346973272043,87.03068338260245
19,78.03024735498283,86.9957467746966
19,78.0016669487649,86.96364576548969
19,77.96957888137412,87.0325669707114
19,78.02545679279311,86.99621337290397
19,77.97243822370655,86.97574733495966
19,78.0302947313788,87.00004362005262
19,78.0271180915085,86.98495018920835
19,78.03262214197782,87.00924546430886
19,77.9940713244598,86.95439095983205
19,78.04212018410368,87.02013243765641
19,78.0144340133853,87.03357167643674
19,78.01226224133961,86.99215821022635
19,78.02114956379945,87.0096924334735
19,77.9822780395145,87.00656632789017
19,78.0274342652429,87.03667106840396
19,77.98265965150223,86.99928403440013
19,77.99025884930305,86.9736962606014
19,78.00626105656772,87.01363011080392
19,77.9747049933873,87.00583746017398
19,77.97777194488786,86.99672665696752
19,78.01972287309269,86.99690448388755
19,78.02516047905362,87.00061890792482
19,78.02322378450438,87.01868998897179
19,78.0245143658169,86.98151436512089
19,77.9866585610106,87.00075746513727
19,78.02000375489753,86.97148452918582
19,77.95849006575142,87.00465691134563
19,77.96528597571988,86.99237438105877
19,77.96836659136333,86.96912509512104
19,78.01232028648535,86.98521921712435
19,77.9820588107311,87.02105308875285
19,77.97514909139662,87.01221437410156
19,77.96192920789211,87.0163803726592
19,78.00872964236777,86.9620158773938
19,77.9813915357613,87.01277947372145
19,78.00461499687583,87.018333236662
19,78.0216132947589,87.03271036828309
19,77.97818363882574,86.96291331205978
19,78.01116574282624,87.00400052677837
20,78.00126272506414,86.99370500378582
20,77.98042140771847,86.97297873709294
20,77.98224124047326,87.02943435489885
20,78.0045940355807,87.01671615866384
20,77.98832126107924,86.99976511903853
20,78.00045662770795,86.95188494417931
20,77.99644612053137,87.03968945886781
20,78.00788975883911,86.9781692796025
20,77.96217594185025,86.99638963009502
20,78.03982283124616,86.98085718560311
20,77.99426202505136,86.98261367605345
20,77.98946361969368,86.9537207625068
20,77.99546103180872,87.04396416436538
20,77.9899020582672,86.97756426426105
20,77.98316445963347,86.99586125252672
20,78.03728018491792,87.00363897898399
20,78.04139912400368,86.97202019013342
20,77.98567642529731,86.98682968897201
20,78.02246190131318,86.98836241833764
20,78.01903904325671,86.97102694904697
20,77.99284569552437,86.98120659779661
20,77.96009531088694,86.98125774654989
20,77.95375039744907,87.00710424129048
20,78.03457867361227,87.02107563289482
20,78.01088662504554,86.96288894527315
20,78.03827839491655,86.9752848728049
20,77.97156696377249,87.01053077415743
20,78.01594833511065,87.04709053926068
20,78.01683979287154,86.97561038302456
20,78.0244486443228,87.0131626797048
20,77.97597595595363,87.04379370535075
20,78.00173228410749,87.02897407459866
20,77.95192375957629,86.9948733514345
20,78.04324843551386,87.01120549025258
20,77.95029669047148,87.00502901736836
20,78.00461499687583,87.018333236662
20,77.98508431444967,87.03260015418374
20,78.00554297457955,87.03770296616763
20,78.0094885662797,87.0219446175961
20,77.95396119923325,86.98591244008875
20,77.98475748629836,86.98226110913014
21,78.03216565678902,86.98681836194885
21,78.02342282824937,87.03228708652352
21,77.97568675707294,87.0232062221549
21,78.04361980147617,86.98952331071338
21,77.95832414712916,87.02179958232234
21,78.0384780055039,87.0206849904578
21,77.99161020443333,87.00911731714737
21,77.9835558594849,86.98310290751466
21,78.00810537751049,87.01977411428507
21,77.99093205441889,86.99075683218638
21,78.0298259063912,86.98565823852495
21,77.9764735374646,87.00362874583422
21,78.01370629718562,87.04467209386277
21,78.0115765333145,86.99459745871845
21,77.98914709575297,86.96728090216133
21,78.01451121207994,86.98422588878971
21,78.0178930068294,87.04533768644619
21,77.9657651776683,87.02924979032882
21,78.01737691982743,87.01868391688181
21,78.02883160104713,87.02067278422014
21,78.02348727011739,86.99478955808593
21,78.03159484786661,86.99988519614976
21,77.96188340587842,86.97229203813006
21,77.97518964082964,86.99087809781405
21,77.99285400954808,86.98266060220917
21,77.964525479208,86.99381961647343
21,77.99151998595269,86.98527884491693
21,77.97457538230354,87.02101300131184
21,77.9549921156956,86.9895097676902
21,77.97725090435549,87.01279585791656
21,77.99703899420707,86.95983046875648
21,78.0217434158876,87.00879217103765
21,77.99241036133468,86.95716698383579
21,78.02704271022915,86.96486802029006
21,78.01795131701735,87.01547680746997
21,77.96917114885683,86.9885014629773
21,77.98915196783665,87.01007755643082
21,77.99281739669428,87.02087293439017
21,78.00041139906806,86.976513232009
21,78.02917992336432,87.00264647130103
21,77.95122478932149,87.0043274011274
21,78.00520202757693,86.9852602657153
21,78.00003441325646,86.98999185975505
21,77.97868800322371,87.03495721570125
21,77.9767115107241,87.04037163062266
21,78.0387400789484,87.02255450084155
21,77.98169652306038,86.98701861731766
21,77.97436408594474,87.03768789346324
21,78.00973724845963,87.02765102375068
21,78.03233034606453,87.03014865482946
21,78.01693802741484,87.00566891607966
21,78.01296458578112,87.02978503165441
21,78.01216688310434,87.01644142937255
21,77.9961005243701,87.01545273608728
21,77.98807364397393,87.0102040979239
21,77.99150491633067,86.95746425350336
21,78.0219859798655,87.03067156678932
21,77.99822917880476,86.95674284301847
21,77.99426850542399,86.99834425273508
21,77.96719422112116,87.01038422104965
21,78.01079235712277,87.02620132321651
21,78.02539523134271,87.04029588287835
21,78.01484731067039,86.98873741661727
21,78.00344301884205,86.97421509205809
21,78.01116329315482,86.95917151701124
21,78.02035281988799,86.97773804137015
21,78.01475595345312,87.01951098759676
22,77.97585026602889,86.99897448094566
22,78.00881921879042,86.99980791260313
22,78.01861111041798,86.97831451481596
22,78.00431107621488,87.03722977999242
22,77.95670636249588,87.01263798668198
22,77.98562549968246,87.01446055051497
22,77.95889785374956,86.99629754528452
22,77.97333131087677,86.95935544533809
22,77.95984617015645,86.99511471977036
22,78.0125403266992,87.00515840325855
22,78.0303462951835,87.01056691575543
22,78.02685535665073,86.97917693196105
22,78.04166262565553,86.97678262927751
22,78.00986375250281,87.00608888862976
22,78.0087618693616,87.00418858309976
22,78.02852091828046,86.97908409355735
22,77.96870760519475,86.97217883963233
22,78.0211766635486,86.97353515933845
22,78.01036068786271,86.99794886295493
22,78.01831813487922,86.96575232590631
22,78.00979707572655,87.03336639924359
22,78.02631291798309,86.97862957674671
22,77.9590430972624,87.01642036753181
22,78.04665867608499,87.00393991135638
22,78.03345846568041,87.0354844885944
22,78.0157053726605,87.04109579081911
22,78.04255013652477,86.98502209688564
22,78.02393082993316,87.02256084330936
22,77.99678952704218,86.97240595126891
22,77.97345819414964,87.0111295129501
22,78.00960292771009,86.95878550237491
22,78.00268702329235,86.97884294761408
22,77.97602051878043,86.98316274784096
22,77.98911822579232,86.98147376007518
22,77.9592887918007,86.973192165088
22,77.97462849767493,86.96637916815426
22,78.00795340996326,86.97606805443276
22,77.98745697026598,87.00681583790981
22,77.96863073057779,87.00555194324353
22,78.02827259446303,86.99811220346892
22,77.99446523879095,87.01277140297945
22,77.96192222676893,87.01639939126284
22,78.0056275410404,87.01644173285648
22,77.97220836256254,87.00147662259208
22,77.97681471610431,86.99047922262612
22,78.01298979738515,86.97357237053666
22,77.99832815432359,87.0203600406304
22,78.01249496711362,86.99852158341479
22,77.98034146301129,87.0276559086726
22,77.99065678739237,86.99010611734509
22,77.99639610316049,87.03247177385865
22,77.98933992123918,86.98974679686432
22,77.9791033091576,87.0097191794085
22,78.00974804407987,86.99907575836151
22,77.99835952376264,87.02707646208147
22,77.99852234921532,87.01856529842131
22,77.95610509645972,86.98023014877552
22,77.9612964866609,86.99950686249424
22,78.01691399044546,87.01718074823202
22,78.01450408561082,87.00952849850518
22,78.02433020440942,87.01694880462726
22,77.99438970797594,87.0032009385644
22,78.00430408074227,86.97242314578793
22,78.01107557482563,87.04243912076798
22,77.96192479156367,86.99785562106776
22,78.01216884483242,87.02110328531947
22,77.98318340184409,87.03814503447116
22,77.98268757236798,87.02026581217851
22,77.98006753989921,87.00629829911641
22,77.96937402591703,87.03385175969167
22,78.03410420102392,86.96826326137973
22,77.95592365431766,87.01911411327245
22,78.00832578944939,86.97677379381207
22,78.00691001511044,86.9963120083002
22,77.96326762002613,86.98608017900723
22,78.00122544216028,87.02435861521079
22,77.96018539366746,87.02168261636926
22,77.97794699710583,86.96989603499583
22,78.04233720773392,86.97664448587774
22,78.03345826403597,87.00306051867877
22,78.00829787245034,87.00177186324898
22,77.97427977005991,87.00371039491007
22,77.97125312505298,87.0104134536273
22,78.0440430134629,86.98484135814923
22,77.96022398870237,87.00369880027829
22,78.01309374399152,86.98473958233615
22,77.98050634889024,86.99418520373862
22,77.99378224433171,86.99687567329384
22,78.04252855822848,87.01699335146019
22,78.02704922697889,87.0389715548788
22,77.97588005467898,86.98284137508254
22,78.03527604336186,87.01552295510763
22,77.9691338645363,86.9811131908431
22,77.96574170617713,86.98657789696705
22,77.98359366022004,87.03489886715403
22,78.03896057588099,86.98894327463726
23,78.0285745138248,86.96849273410801
23,78.01874157691604,87.01456999728335
23,78.00439544083311,87.01069165662022
23,78.00458366429618,86.97875402045064
23,77.99436042171514,86.96345561560267
23,77.99640503827035,86.98203567676208
23,77.98157224584371,87.02816059949222
23,78.0023890524359,87.02507051470869
23,77.96958032580783,87.00351002362673
23,78.014031963753,86.96327063707692
23,78.00422064966583,87.00964082351993
23,78.04313763702527,87.00386109401586
23,78.00130399342021,87.03261404123552
23,77.97696756624754,87.03115157453436
23,78.02102335923517,87.03013612389185
23,78.04606807379176,87.01503136151022
23,77.9868117222365,86.96279534650643
23,78.01719710363096,86.9833141032485
23,77.97648228542549,86.98785803484603
23,77.96984754560432,86.9866753894281
23,77.98373538995394,87.01509699340784
23,77.95573594577789,87.01955663101144
23,77.99064488299973,87.03237585887864
23,78.01866877764229,87.01825168266788
23,78.03970373916178,86.98135404723415
23,77.97435002463637,87.00285003413487
23,78.02759800115116,86.96693650802352
23,77.9723557406752,86.96159431444762
23,77.99070475969332,87.0199964854567
23,78.00443289879145,87.02005395116315
23,78.01234888789743,87.00921943687943
23,77.97060101766364,87.02103385491549
23,78.02367016268987,86.99642615839282
23,77.99413839233686,87.0214902745879
23,78.02344985476273,87.00814828167078
23,77.96451606493773,86.9783179466693
23,77.97333131087677,86.95935544533809
23,77.96285122388461,87.02182984431565
23,78.02425349456362,86.97999281072815
23,78.0287363494389,86.97659494036596
23,78.03209788128028,86.98115497784033
23,77.96875367450781,87.01496201098146
23,78.04256871973575,87.00316190409713
23,77.97787965085028,86.95791880535221
23,78.03290640601334,87.02037128965205
23,78.00004400019093,87.04756436719272
23,78.03457731188045,87.0346018195562
23,77.96461827307475,87.017166485074
23,78.0010108914122,87.02083058879849
23,78.03286459342506,87.01392239414002
23,77.9793347245853,86.98601764779757
23,78.01019025460486,86.9887561019612
23,78.0152193997141,86.99818479398067
23,78.00184621211925,86.98234666976477
23,78.04921086818092,86.99799491651123
23,78.04416856688502,86.99109303581153
23,78.01067038368247,87.0243709854899
23,78.03293206025425,86.97700471566024
23,77.99354494777455,87.03499646767277
23,77.9933491716795,87.04828968251812
23,77.98221713223045,86.98395231507384
23,78.00533138103779,87.0277911920851
23,78.00013251695319,86.95702062888651
23,78.00832997627626,87.03315418940747
23,77.98870810956554,87.0317768145878
23,78.00918232902546,87.01246142521292
23,77.99008907077045,87.02114162670621
23,77.96591070331183,87.03171469613793
23,78.0325716729148,86.97792015173745
23,78.03505523190843,87.0305968289003
23,78.03468051363149,86.98348411108798
23,78.00612209883249,87.03359544450548
23,77.98253995893289,86.99321945263883
23,77.968322007474,87.03116900900416
23,78.03387642269797,87.03511362394248
23,78.01913199744048,87.03345863176557
23,78.01177497816,86.9813421926928
23,77.97017416900337,86.98785784015142
23,77.98385258618893,86.98600861821053
23,78.02658341448557,86.959413311214
23,77.99566473892155,86.95184472606502
23,78.0157441543646,86.98338516784325
23,77.95778980883372,86.99191965447744
23,77.9797655214717,86.99233036527541
23,77.97699177146534,86.99937432222218
23,78.01220271605952,86.95974734325205
23,78.02181762860042,86.994781479945
23,78.00972307280172,86.98436853938608
23,78.02159078297505,86.9982234206375
23,78.00952446873558,87.01357013132096
24,77.98870377043797,86.96684994696602
24,78.01752468208142,87.01447698366408
24,78.00815421365616,87.01425756110591
24,78.01170805801287,86.97665133583219
24,78.01223498241414,87.01215288334538
24,77.95728075857467,86.97651434996429
24,78.01275787070098,87.00297854308423
24,78.0149111788456,86.96532487189108
24,78.04265169621713,86.99845460663622
24,77.97720751629099,87.02881105819533
24,78.00537343044105,87.04839101781268
24,77.97386402386307,87.01900782130711
24,77.989851070658,87.03024452994363
24,77.96102211550851,86.99909760754524
24,77.98183819599727,86.98007571877423
24,78.03386450965436,87.01629850498831
24,78.03681381481388,87.00986952405758
24,77.99694170745018,87.00867966863821
24,77.97750402699894,86.97162402791272
24,78.0124257824985,86.95885940654634
24,77.96892800578888,87.02635836849754
24,78.01499473825356,87.01843855102803
24,78.04035983310666,87.01640462437165
24,78.0029938276725,87.00245194589361
24,77.95185841874888,86.99485408376039
24,78.01446692147985,87.0435148954045
24,78.02006137391754,87.02054948808932
24,77.97865058583184,87.01007055164183
24,77.9880752572078,87.02294174431175
24,78.03282665288138,86.98832983745297
24,78.01332806116159,87.00606757619686
24,78.02356987339569,86.99092123826321
24,77.98911582233333,87.00721346880144
24,78.02673325843008,86.97691524491177
24,78.03067378329042,87.00442982222549
24,78.02167068436668,86.98410314485815
24,78.00741175052745,86.98726739742136
24,77.98851420543629,87.04219433623632
24,77.99285579707193,87.01838147378065
24,77.97339722439513,87.02144224735167
24,77.96983903021429,87.02450477368781
24,78.01606932029432,86.96591580144882
24,77.9979048126264,87.02253764962785
24,78.01027323412139,86.96769109053837
24,77.98867393500608,86.9981269833166
24,77.98232852624383,87.00268138194916
24,77.98181374770671,87.02173748117708
24,78.02541866918907,86.9840697865345
24,77.97216367469373,87.0386403414954
24,77.98940540995844,87.02403414632593
24,78.01451006354047,86.98651982348711
24,78.04694387665806,86.99093255757326
24,78.040970371874,87.00710999279949
24,78.00738938617685,86.99909371402669
24,77.98365335408089,86.95652561047285
24,78.0228639338747,87.0407756947136
24,78.03136833117333,87.01157133108929
24,77.99641955979041,87.00133253119911
24,77.97886664912744,86.99791687184643
24,78.00484477166539,86.9617087668699
24,77.96546788462814,87.00056573965377
24,77.97769377931355,87.01158541259714
24,78.00702410418835,87.00775620116028
24,78.03384979549611,87.01005940250518
24,77.98266966447027,86.98725873480953
24,77.96990956114138,86.9696527762108
24,77.97225769931848,87.02536937081679
24,77.9534000739365,86.99246971935149
24,77.96353322487212,86.99175730031786
24,78.01178325285952,86.97969676684576
24,78.02478873129843,86.97324904269088
24,77.97329527534177,86.9902049294418
24,78.00131401137045,86.98131928542779
24,78.00987497650995,87.04540480881923
24,78.02585360406384,86.9609604179857
24,78.01396099687659,86.99592861561183
24,77.98200002785661,86.95469944425693
24,77.98183330341217,86.99882736160073
24,77.95402181289796,87.00838862609255
24,78.00870698849256,87.01972689898102
24,77.98261915375355,87.01247058911429
24,77.99730263423712,86.99460574703957
24,77.98479483661328,87.0229060843698
24,78.00044323746128,86.99098151536676
25,78.02489204612074,86.98354682293872
25,78.01221488013083,86.96246283211423
25,77.99731723155972,86.95460464517232
25,78.02978045113291,87.03263653128893
25,78.01248337416898,87.03841875410066
25,78.00677355528629,87.04609144601709
25,77.9759902800529,87.03038328168438
25,77.98299153467366,86.99533564933878
25,77.97722531334071,86.99814804078756
25,77.99472117965931,87.0020713665117
25,77.9968249401675,87.01253787052123
25,77.99618862184802,87.02995158661072
25,78.01476620857963,87.01854243975906
25,78.02014724089139,86.99585195264974
25,77.98236770494402,86.98229547217971
25,77.9983546073848,87.00592471620692
25,78.02016974547817,87.04321193616502
25,77.98138083388211,86.98278233189693
25,77.98621737953235,87.00437359688101
25,78.02674388786619,87.01178084891788
25,78.02722587618717,86.9649694122128
25,77.96999520393929,86.96311655188185
25,78.01160518210544,86.95562647213605
25,78.00296874653598,87.03841468318356
25,77.98261618628844,87.02632171990636
25,78.02537256577489,87.00900111301829
25,77.98320700169359,87.02496249160625
25,77.99184200914083,86.95544494384666
25,78.03667281320806,87.0001288475531
25,77.99955680787824,86.98548474429157
25,77.99021202899151,86.99269324598139
25,78.02825882311772,86.98575734423044
25,78.01113059719881,86.96405275374573
25,78.03967188090232,86.9887053526472
25,78.00676378526134,86.984558677484
25,77.98679795250754,87.01440154010045
25,77.99760216170104,87.02552689084085
25,77.98591107417909,87.0160852495899
25,78.02029557465742,86.98059277904972
25,78.0098084110407,86.96748177229348
25,77.9881643418886,87.01463957141065
25,77.99648091551451,86.99158509009114
25,78.00576589635,87.00255769575666
25,78.04134468924892,86.99769811416056
25,77.98451488488945,86.98478022696182
25,78.01042567958578,87.00124608652351
25,77.99541760942446,86.9814612920604
25,77.98846000658008,86.98387064740027
25,78.02072217779029,87.04097637271825
25,77.99911213838094,87.02283887406155
25,77.98525195782096,86.97184845935737
25,77.97042962742859,86.97598296823948
25,77.99300249449196,87.01723415370718
25,77.96976453982802,86.9776786645093
25,78.00506125036685,87.0368388598267
25,78.0454708518522,87.0181966555252
25,78.00316641772974,87.0128550932884
25,77.97766323563286,87.01663937559684
25,78.00989425943754,87.00578428925253
25,78.01541535450787,87.00472329458074
25,77.9765102147161,87.0125399391188
26,78.00059942502824,86.98598952816528
26,78.02163213632302,86.99660093223973
26,77.97969362919517,87.00370721869261
26,78.00779924372087,86.97205722951406
26,77.96730737392102,87.00419375948921
26,77.95349508200884,86.9991481878035
26,77.96365959497331,87.03099048835175
26,77.99089289503972,87.03996929115235
26,78.0227779235024,87.04121533539345
26,77.98073336006988,86.97025813231052
26,78.03771270774213,86.99760552481818
26,77.98244044993288,86.97301593526794
26,78.00700598270635,87.00959991624521
26,78.0001132532426,86.99563314496763
26,78.00050975028151,87.00125387922024
26,78.00372316520784,87.04181227561926
26,77.99995644410444,87.04456884946059
26,77.97323892055095,87.00716422192473
26,78.04639097518641,87.01263343699519
26,78.00398166421904,86.95942070755966
26,77.95941893671326,86.99794974611864
26,77.98795996152276,87.03595829435682
26,78.00382074044927,86.97310239990051
26,78.0385708130618,86.99663179813929
26,78.02549833711095,87.01628902188278
26,77.99691569301137,87.00343789688706
26,78.02353893642825,87.00483410734238
26,78.01727447213162,87.00123414779239
26,78.01440361499981,86.98077158290042
26,78.03256523396392,86.9771476477682
26,77.98751583155693,87.03935916955025
26,78.01398575816222,87.03182747407529
26,78.00707481781141,87.00711705609308
26,77.96859884084145,87.02706267655219
26,78.00477107535275,87.01650240119022
26,78.01934469933589,87.00794992161151
26,77.9990203439369,87.04596057757593
26,78.04497486156099,86.97974914055018
26,78.03140907335141,86.97950899098197
26,78.0366475101991,87.03017404470766
26,78.00659707672695,86.97329939146712
26,78.01108453936781,86.98344660111059
26,77.98351439494337,87.03072249430878
26,78.0025820904967,87.03022831371723
26,78.03704118410727,87.02260258347135
26,78.0293744564238,87.01543121061306
26,78.02323034953281,87.00149580382067
26,77.9879762813045,86.96222399747681
26,77.98633834042624,87.00225572188671
26,77.96431730506367,87.02353021627154
26,78.02474556257296,87.00534728262815
26,77.96124792325305,86.9890390327248
26,77.96802442957404,86.97099219931675
26,78.01841948186448,86.96776634585207
26,77.96920784038831,86.99464421191806
26,77.95891879324707,87.00496702826362
26,78.00906322458815,87.0029988283487
26,77.99272081547315,87.0225852632381
26,77.99158345183237,86.98156951292295
26,77.96465567000334,87.02275318950633
26,78.0082067277409,87.00036406294936
26,78.0301492099708,87.01856928291753
26,77.97311380785067,86.97418409136526
26,77.98713175906364,87.0370143404435
26,78.01572872791156,87.01330501466772
26,78.01617826514,86.9961594940236
26,77.97314422866748,87.02553065875064
26,77.97391862625528,86.99252009309635
26,77.9537202830448,87.00111779659272
26,78.0017000497105,87.03402583924124
26,78.048303922638,86.99610477262527
26,77.9999295511809,86.98503524549228
26,78.03201670980553,87.0262557787458
26,77.96984202863271,87.01902095414407
26,77.96204540137437,86.97298946919297
27,77.99439693527428,87.04786874006238
27,78.02665642125217,87.01966830312075
27,77.99828378747857,87.01144175199371
27,78.0056939268664,87.00517499308945
27,77.97489461079557,87.00114893148994
27,78.0317216769237,86.99359471226744
27,77.96797172544524,87.00170327442652
27,78.00621531999172,87.00832454572551
27,78.02441689190361,86.96258546407421
27,77.99178939152726,86.99119615209459
27,78.03087190118244,86.9944079069649
27,78.00970562462959,86.9942867915325
27,78.0165375138104,86.98877683211278
27,78.00212512101764,86.98964425202249
27,78.0316164116943,87.01805487353626
27,78.02791555906155,87.01777049336798
27,77.98370239333816,86.95486687790012
27,77.95889785374956,86.99629754528452
27,78.04373862280748,86.98725328932207
27,77.97847011518719,86.98473664363028
27,78.0004402359953,87.04363854329439
27,78.03148855004981,87.01795825828269
27,78.02142416784706,86.95842286485697
27,77.99731980205372,86.96240404290315
27,78.01898574866132,87.01012990497789
27,77.9840223472248,86.9669330799063
27,78.01060452981064,87.00995335318112
27,77.97698193899573,86.95583538250675
27,78.02275478062187,86.9998522835039
27,77.95386002801916,87.01728679409457
27,78.01191815294804,87.0164037967373
27,77.96904924789318,86.97102080760648
27,78.01168764148463,87.00934455442555
27,77.99036011324863,86.98183562368496
27,77.9875124051873,86.96552670418744
27,78.01961323056942,87.02634589890101
27,77.97730193447674,87.03406300953631
27,77.98702013972277,87.02271527460096
27,77.95328208502335,86.99007524358342
27,78.02704251465748,87.01958918055158
27,77.99159770183661,87.01432785915705
27,78.04947708418288,87.00527284344354
27,78.03556427534245,86.99333589333798
27,77.97408918706563,86.95928737305407
27,77.97261351432041,86.9700232698108
27,78.00207352063329,86.97495120002951
27,78.00332184116597,87.04644332121785
27,78.03105315740973,86.97133701719028
27,78.01173214259677,86.98893112822675
27,77.99709993442309,86.9908171967618
27,78.00890498072575,87.00387688215834
27,78.01276176290918,87.03928311731619
27,77.97840650277658,86.9801878203797
27,77.98939579662085,87.0177858350511
27,77.99940008867574,87.03150366044633
27,77.97199676920205,87.0009776790468
27,78.00016235959308,87.04401998989087
27,77.98550757530653,87.0465755939662
27,78.0134409343791,87.01607376759377
27,78.00969774187813,86.99769674586307
27,77.95505143105737,87.01851852948535
27,78.02825655011799,86.99035675254378
27,78.00831817453148,87.02502759775876
27,78.01297472623185,87.00258275226496
27,78.0392928119373,87.02715124081809
27,78.02736118591338,87.02696772946611
27,77.96467072576667,87.01906358892462
27,78.00806298404035,86.97662873511466
27,77.99300815830523,86.95392246667801
27,78.01553313372423,86.96272347812018
27,77.98744255000072,86.95530877172018
27,78.00913303588041,86.99333755698736
27,78.03733924200192,87.0233795627704
27,77.97475640652225,87.00793460901113
27,78.01751043431638,86.97132598612171
27,77.96129639401282,86.96929221405286
27,77.96326906029864,87.0111857865966
27,78.02168680976865,87.00286319507615
27,77.99461346146316,86.98546492406044
27,78.00749279222043,87.03073133386295
27,77.97265259394877,87.02576795894615
27,78.00952546409928,86.9586978596896
27,77.98448509840966,86.97323826737102
27,77.96989069624766,86.96735500029814
27,78.02518202665506,87.01229031642774
27,78.01583413292899,87.00028277686803
27,77.97283438461609,87.03039871523417
27,78.00064851648654,87.02138086508286
27,77.96699127447847,87.02653090677113
27,77.95474581976845,87.00444718494316
27,78.00863910575079,87.0296046199501
27,77.97804367878558,86.95779045520031
27,78.01838937202176,86.95721979129605
27,78.02711629007716,87.01089172605901
27,77.97698430031181,86.97136728345535
27,77.98648608354823,87.00927376651053
27,78.04191195739482,86.97432064300382
27,78.03159380103918,87.0314450470852
27,78.03521535112455,86.97341090519895
27,77.9924886716027,86.95117915075619
27,77.96446783729596,86.96524019954676
28,78.03887650272964,87.0189374368649
28,77.97713822909064,86.98068629322357
28,77.99414716291447,87.03531717353766
28,77.98574440656927,87.01050738302797
28,78.00891686768688,86.95165604126731
28,78.00422292279205,86.99113382677395
28,78.00224122601628,86.9687643067528
28,77.99454311278052,87.01179153386377
28,78.03127666699586,86.99454250060846
28,78.03330268056514,86.97454645012522
28,77.96749283296663,87.02625137452533
28,78.03314434565885,87.00020059545088
28,78.00816941874265,87.02458445142906
28,78.0290647521906,86.98679094670842
28,78.00303043202068,87.04223090732302
28,78.01680675064115,87.01271297074331
28,78.01275787070098,87.00297854308423
28,78.00864433235945,86.95223259310131
28,78.03935616703349,86.98785979979705
28,78.01973767555648,86.97863042917014
28,77.96922089808935,87.0322129169401
28,78.00137725433132,87.02295064294591
28,77.99016417666863,87.020560178719
28,78.0381339212885,86.99433299737353
28,77.95680606130942,87.00554663830499
28,78.01238092178306,87.03566725354892
28,78.03198766832043,86.9817954347953
28,78.01351208812927,87.01276405926178
28,77.99066863967958,86.99063314764696
28,77.96683190188233,87.03260093104964
28,78.0034057251799,86.95019223220523
28,78.00256733767813,87.042639896567
28,78.0046563910865,86.9859866556161
28,78.00670099757606,87.012206564152
28,77.9827223670336,87.01202587900319
28,77.98932102700887,86.9914807322322
28,78.0060749458667,86.99500203473374
28,78.03724381244298,87.02278453638577
28,77.96718156878416,86.99120734350278
28,78.03765288306533,86.98237348397271
28,78.0049741836376,87.00026624591374
28,78.01761727056397,86.95330013543186
28,77.99289989685603,86.97690743008086
28,77.9824471073211,86.99128886852678
28,77.96941650535948,86.99692129040876
28,77.96557749814473,87.02418643905195
28,77.97658602186523,86.97227736965756
28,77.96482298221814,86.96993149477096
28,77.99840577736218,86.99030704441662
28,77.97736942129274,87.00561476138009
28,77.98789991660064,87.0423614813537
28,78.02288459180492,87.01284414122274
28,77.99805325697774,87.01070896767996
28,78.00503154204002,86.99031176586689
28,78.02219474954742,87.02840203974515
28,77.98616330137592,86.96855118177454
28,77.9614581726327,86.98508987354532
28,77.95764637259185,87.02004171603348
28,78.00242951626642,86.96570074336302
28,77.99516251260339,87.0206368145468
28,78.00889424998836,86.99792132652496
28,77.9918811552601,86.98236625070766
28,78.03179236520056,86.96805958932198
28,77.95478475379811,87.01986013387649
28,78.00359697376483,87.02420649148796
28,77.98669437791501,87.02002588262846
28,77.96360430760208,87.01065871784088
28,77.98754142929752,86.96516290596455
28,77.99700306846235,87.04189155035301
28,78.02654001979519,86.96754811534744
28,78.00210969712708,87.00600676315842
28,77.98471174582565,87.03672209194536
28,77.9892517941929,86.97884509226886
28,78.0229024663803,86.99159835932144
28,77.97226182075582,87.01502408354023
28,77.98224124047326,87.02943435489885
28,78.00562036241975,86.9714388024223
28,77.96575662333116,87.00008369342575
28,77.98451342300743,87.01876405566361
28,77.99661450751431,86.98751107505115
28,78.03050875842186,87.0091459164812
28,78.01172655997806,86.98805239088279
28,77.98690115323431,87.02188799871564
28,77.98784912770655,87.03871508073107
28,77.9739757810239,87.03517832358881
28,77.96699829763425,86.97997080253421
28,77.9995675613775,86.95987991240439
29,78.0081800199742,87.03042306030108
29,77.99819983383814,86.98815468497753
29,78.03799266881482,86.9733982262981
29,78.02439519546783,87.02631635497565
29,78.04355983786459,87.00196602940227
29,77.98572197207882,86.9850997896314
29,78.01311001932508,86.98045449081667
29,77.99990330962088,86.9573038763987
29,78.03442893027118,86.98611775323603
29,78.01634231114457,86.9903123179857
29,77.97773441640825,87.0274445870006
29,78.01110829656547,86.97216302769772
29,77.96240381189294,87.00985213851254
29,78.02506283355608,87.04256439787198
29,78.02481776798189,87.02210149670505
29,78.00016431873122,87.02581447453767
29,77.980781744504,86.96896166039532
29,77.97198084048289,86.9809902750736
29,77.96446798822875,87.0259958398252
29,77.97962012792169,86.98603748900904
29,77.95573594577789,87.01955663101144
29,77.98962378000941,86.9582945988731
29,77.98034581872527,87.01395625125281
29,78.035857591154,87.01753128296176
29,77.96301579987127,87.00793055399696
29,77.96270254721115,87.01955487501573
29,77.97503898844752,87.032972690093
29,77.95160771615588,86.98929777996688
29,78.0026248174707,86.98749778217446
29,77.97240635114714,86.98713342152635
29,78.00376015075024,86.96246443293006
29,78.01783536597375,87.01912278042795
29,77.98835875759899,87.00168100225163
29,77.98814247828479,87.03931992503601
29,78.00066285486731,87.04913600032933
29,78.04788627184905,86.9874967146818
29,78.02754391247615,87.00997990598876
29,77.95984101824507,87.02539992905787
29,77.96300035514862,86.96671346173179
29,77.98864131696372,87.0442923608432
29,77.99107294741428,86.97347035143734
29,78.01297299201003,86.98057570082094
29,77.97934882251097,86.9573639551705
29,77.98422961318421,87.0130161878087
29,77.99294317529807,87.02664007350238
29,77.97086271258671,86.99932633196232
29,77.99955844203154,86.95389951863046
29,78.01806620963359,87.01603689893278
29,77.9841141076496,87.02166643160712
29,78.00269881420138,87.0125310343286
29,78.00241450057908,87.02028091705347
29,78.01652637326626,87.00107352357743
29,77.97786258815302,86.96537603563661
29,77.99675274294229,87.03961931919979
29,78.02971417274347,86.96187116232127
29,78.01531894586141,86.9530067281363
29,77.99716937317896,86.97413458921744
29,77.97976043818419,86.98759347953768
29,78.00422968905417,87.0150665317343
29,77.99146219277303,87.04806874889701
29,77.96520830839272,87.00385776179415
29,77.96492718489203,87.00799441676662
29,78.00065235706464,87.00622696441727
29,77.96894699480391,87.03059047805296
29,77.96877392605126,87.02142311139376
29,78.00614595833589,87.04280797703632
29,77.991532310389,87.04712361675139
29,77.97243931059656,86.96529800062278
29,78.00728266508727,87.01964343915431
29,77.99635862741152,87.02028265516574
29,78.02350071093181,87.04226677570456
29,78.03901253522349,87.0123018743175
29,77.99252316263416,87.04771068159612
29,78.01463419556858,87.03160717288456
29,78.0259654755314,87.0256918772812
29,77.98862326901464,87.02076152857798
29,77.95937932611695,87.0238726486729
29,78.01161602691501,86.98643107938113
29,78.01321751709425,86.99059592220128
29,77.9885500026964,87.02420307701394
29,78.03995503354824,86.97956754520715
29,77.97678614459174,87.03086831888774
29,78.01677748486644,87.00763904796261
29,78.01206692091274,87.00753576437783
29,77.97453105766589,86.96574651380692
29,78.00314588348932,87.00755582911066
29,78.0434609350128,87.00781577433192
29,78.02325957581449,86.99454528054154
29,78.04620799138515,86.99262708167996
29,78.03585285552602,87.02346380714772
29,78.00096814800158,86.99064190570027
29,78.03061539558311,87.03400824585924
29,78.00802459164917,87.00788207469152
30,77.997013730259,86.96610905301621
30,78.01669650095886,86.99742692654053
30,77.9853812344711,86.96030749579683
30,77.9998703022849,87.01719308960202
30,77.96244703166606,87.00498435033431
30,78.00462616525937,86.99656838014839
30,78.00895713101622,86.95360425823743
30,78.02404910673687,87.01415363028238
30,78.02431115639034,87.03883421828999
30,77.95749698052725,86.98827766109149
30,77.96078324768615,87.02015477352158
30,77.9672681532818,86.96679692502512
30,78.00313142008295,86.97550286929042
30,78.02197774542348,86.99250466536832
30,77.95011923874105,87.00130652497863
30,77.99909625132638,87.02905429875038
30,77.99768857288815,86.95626728402442
30,78.00788975883911,86.9781692796025
30,77.97978478671304,86.95464489801405
30,78.01277863211881,86.95296312064747
30,77.96993800804456,87.02634233731759
30,77.97205878370276,87.001468864569
30,77.99183912042747,87.0246153184754
30,77.96161585582318,87.01022409045362
30,78.02786194955242,87.0317951708302
30,78.01432237484146,87.0459000227907
30,78.03404860405554,86.97248986118254
30,77.9671935692748,86.96319394098742
30,78.02938700177614,86.97572813242087
30,78.0162774472575,86.96672100919395
30,77.99100872076477,86.98393207718809
30,78.00792851962726,87.01495182557527
30,78.02935859327685,86.96350020651009
30,77.97586439808079,87.01186980530412
30,77.9913937212599,86.96645525567348
30,78.02654158561107,86.95939931836443
30,78.01344662035818,87.00998935192429
30,78.02948656400089,86.99468778548643
30,77.98850807356357,86.98964373235617
30,78.03104778861355,87.00339257524114
30,77.99895107974031,86.97955680332679
30,78.01763302811194,86.99545787716026
30,77.96488670013221,87.03278766104147
30,77.98883588974027,87.03206984568494
30,77.98937358175901,86.99138714870135
30,77.9657651776683,87.02924979032882
30,78.0049398244958,86.95446081206137
30,77.98516574444349,86.98817697229035
30,78.01149277641215,87.01728985757855
30,78.0407525614666,86.98598830766997
30,77.96590020530506,87.02596733122697
30,78.0007516042613,86.99258419260522
30,77.96984759246975,87.01169459829121
30,78.01970776205194,87.02948947051243
30,77.95938992629084,87.02899713662173
30,78.00875520899635,86.99074742591144
30,77.98099202917167,86.99882372343993
30,78.03910127307002,86.9988543699478
30,78.04563583700838,87.00647367164957
30,78.0288159836327,86.97389636358795
30,77.98588653478481,86.96467293261244
30,78.00358289093225,86.97348068437492
30,77.99180428704291,87.0457935110727
30,77.95383081354984,86.98596873750233
30,78.00898396135767,87.02983656406263
30,78.02164423557,87.0090335190499
30,77.961510414506,86.97985706988129
30,78.04521446999696,86.98294270014743
30,77.97697049853326,87.01218477356225
30,77.99307723900257,87.01125667685538
30,77.97069878850238,87.03607332421383
30,78.02168680976865,87.00286319507615
30,77.95375677089906,86.99892681630473
30,77.99276820995273,87.01444334269237
30,77.99318415299587,87.02345115641187
30,77.96193177808516,86.97782406942578
30,77.95484827703095,87.0143221485676
30,77.98736780082466,87.03070323855023
30,77.97470750070998,86.97943959355918
30,78.02918866464024,86.9692944634691
30,78.04350437601649,87.01574506314113
30,77.99424579973275,86.9683292557022
30,78.01201874923068,86.98518069534074
30,78.0138522252762,87.01764742720287
30,77.9914535054168,87.03939195017308
30,77.97432635133202,87.02441397113444
30,78.02330871578646,86.96207908695511
30,77.9829928358444,87.0084800858745
30,78.01497872748583,87.01545720619816
30,78.00025726139002,86.99492470430515
31,77.99190018927644,87.04162831763477
31,77.96498592273468,86.99342413637167
31,78.02412838940683,87.02303728095674
31,77.99277510422094,86.98838628106957
31,78.01470605881966,87.01632730952647
31,77.99580460653519,86.98209619549017
31,78.03864730012991,87.0210884233205
31,78.02108168320416,86.9966503037061
31,78.02084450587022,87.04024577007253
31,78.01732380851868,86.98748028348962
31,78.04562576366409,87.00112496750991
31,77.98377696626105,87.01419157270149
31,77.96822240898092,86.97186246123802
31,77.9801795199755,86.97683307106342
31,78.01957400387865,87.01379711629289
31,78.02705331950102,86.97007189260432
31,77.96547793054752,87.03385817948505
31,78.0243196091153,87.02232526261622
31,77.99358313303588,86.98835025862729
31,77.99937449092485,87.00060634543111
31,78.04212457100166,86.99628046605572
31,77.96818306877016,86.99179852791946
31,78.04347805067003,87.02110630143078
31,77.99792652878097,86.98340029027251
31,77.96635859833245,87.01151335000533
31,78.02731284106233,87.01685309268932
31,77.971425883027,86.97919104148737
31,77.98267983097695,87.04193612558552
31,78.0303934106656,86.99758464641718
31,78.02318490366989,87.04162900511191
31,78.0379386231653,86.99714051469432
31,77.99421502279357,87.02260116470809
31,78.00407091553983,86.9880490728371
31,78.02566411987542,87.01601978453459
31,77.97469130912347,86.99745807966534
31,77.99613479007483,86.9869059059935
31,77.9683937882296,87.01105724676731
31,78.013995682978,86.97386959380134
31,78.0027600572045,86.99217173270583
31,77.97333666768515,87.02778824272107
31,77.98252598516756,87.00517357788402
31,77.99544532707323,86.96969327933711
31,77.97815558293516,87.03278288693562
31,77.99601088088502,86.95365892696383
31,77.98886087717662,87.00615681596389
31,77.96320312614058,86.99232076014528
31,77.9922121504987,87.0281159710314
31,78.03781107432266,87.00497036594986
31,77.99371025684391,86.99664956360989
31,77.96279050035612,86.97498180876863
31,78.03707921440817,87.01495357566805
31,77.97188688207207,86.98375355232415
31,78.04904343186408,86.99244745546065
31,78.00502456816217,87.01639432609909
31,78.00741140839918,86.98331806965423
31,77.96654080541317,87.00408633598556
31,78.02896226187191,86.96614123428365
31,77.9819109839024,87.02935717509455
31,77.99677121404292,87.00878264514506
31,78.01072800147317,86.97013352198788
31,78.01200275016673,86.97851704377648
31,77.97686891167798,87.00468040556301
31,78.03445882789745,87.01188378710563
31,78.03354237436363,86.98599859883686
32,78.04689497709735,87.00540010208022
32,77.9906995081043,87.02110928221047
32,77.95246870206364,87.00075389360508
32,78.02135782638481,87.01119626838248
32,77.97730114386184,86.9775368145445
32,78.01646138306273,86.9905573504821
32,78.00625990501781,87.03229271959638
32,77.96283822309213,87.0120942475141
32,77.98146326148051,86.98236570175588
32,77.98268679684024,86.96628857486948
32,78.0194120342786,87.00709151964136
32,78.0039259381618,86.98821661189997
32,77.97686891167798,87.00468040556301
32,78.01282981613346,87.0338504487002
32,78.04373102317128,87.01218820326216
32,77.98587792358761,87.00976837740417
32,78.00804828339449,86.95971235158946
32,78.00705198389066,86.97874663904938
32,77.99836854198264,87.03565179629052
32,77.99297038860568,86.99129820433703
32,77.99152906346951,86.9839506588247
32,77.96005919623572,87.0144342569864
32,77.96168014381296,87.01390975126257
32,77.97251998162751,87.00409097587657
32,77.99084260016522,86.97988541620575
32,78.01568481487517,87.03194520316256
32,77.99993932440451,87.00738584611055
32,78.03527751123886,87.00535954885544
32,77.98719536655666,87.0078789890257
32,77.97670478464933,86.98857521846038
32,78.02558090191421,87.03653587244288
32,78.01105188949904,87.00927654657742
32,77.96512387546638,87.00741724023524
32,77.99354649614035,87.03229184151587
32,78.01158515991564,86.97858058645619
32,78.01057928188854,86.9937595719808
32,78.00970249832848,87.01915001132146
32,78.03781107432266,87.00497036594986
32,78.02211808037065,87.04375271291768
32,77.98197655973459,86.99506175099403
32,78.01559804749228,86.99861291503892
32,78.03938987878354,87.01973570885885
32,77.98397642524655,86.98740156365317
32,77.96486035571326,86.99697256136874
32,78.00408223140222,86.96419705870574
32,78.02722593784128,87.00682502753607
32,77.95719324667351,87.01081309033219
32,77.99036648785284,86.99909350410498
32,77.98382390181877,86.99744278188737
32,77.9865371212068,86.9900720697524
32,78.012004071161,87.02359975053
32,77.9829925828069,86.98719942346008
32,77.98167681112348,87.00561719738214
32,78.00318616910081,86.96326367512187
32,77.98578892101352,87.01157445187656
33,78.03941977646916,86.99764469142194
33,77.95679194408847,86.99107340332311
33,77.97904594658735,87.0021369938728
33,77.96081689601827,87.02898576925067
33,78.00829669105627,86.98275467702851
33,77.97024806514064,86.99406144906689
33,78.03253892267571,86.9999419390568
33,78.012861184692,87.04747903701411
33,77.99644432650946,86.9763805934413
33,77.99240907984894,87.01607672884337
33,77.98490642811375,87.02220859201189
33,78.01223968599463,87.01686121352891
33,78.02769577351982,86.9870940421499
33,77.97090334203638,87.00400868709536
33,77.96029607766589,87.00972335558022
33,78.02200290045954,86.99214453507454
33,77.95767603612667,86.98374360636886
33,77.99647991797463,86.99223702474421
33,77.96918306892547,87.02978264388118
33,77.99067391477959,86.99766642207153
33,78.0120713592268,86.99521694546864
33,78.01915144218894,86.97356813419319
33,78.01112659195839,87.02517988950483
33,77.98906293971089,87.04840024807173
33,78.0116698243477,87.00970078722094
33,77.97878868852544,86.9907905787056
33,77.98751667972249,87.00873791997874
33,78.00934744679556,86.99268440638637
33,78.0158710588872,86.99692417852036
33,78.02649770989849,87.0274648630211
33,77.97970686772217,87.00786894396698
33,78.0036289697206,87.01057099548609
33,77.97675938888189,87.00050234338892
33,77.95479356595058,86.98521434644532
33,77.95312366134232,87.00387685822072
33,77.96922152859604,86.97520218571402
33,77.97216811190481,86.98092872307691
33,78.00167056939853,86.97052548481302
33,77.98627329837566,86.98661780741058
33,78.0028676831282,87.03285283669531
33,78.01558727062054,86.96474024832744
33,78.01694968668218,87.01383746880245
33,78.01092010975417,87.01616534249152
33,77.99873702000914,87.03161303458155
33,78.0243854226098,86.99376444709338
33,78.00088973277148,87.04474874200537
33,77.98133123167604,86.97456868975776
33,77.99091597914801,87.01677391215088
33,77.99593637947063,87.00023651011618
33,78.02391624561115,87.00821561422802
33,78.0359329767682,87.01768974273901
33,77.99680455140751,86.97871717300927
33,78.0060802326871,86.97958351533204
33,78.02998003225696,86.9830625514092
33,78.01629718711673,86.99230051794167
33,77.99066863967958,86.99063314764696
33,77.97259231448281,86.99362621560417
33,78.00089672632025,87.04118911379425
33,78.02559953033973,87.00658094362666
33,78.04042251183752,87.00138043056822
33,78.03843859548114,86.98135465479692
33,78.00123685630756,86.95602743888738
33,77.99882281201594,86.96808192784572
33,77.99503874153626,86.98233125596877
33,77.99435258756696,86.9896520106709
33,77.96696737669167,86.96278480319262
33,77.99934386062809,86.99874478230497
33,78.00303669991784,87.00548491776831
33,78.02147352375268,86.97348845385044
33,77.98587275819035,86.99405479009634
33,77.96158456227373,86.98423585913696
33,78.03754238479513,86.97680162974159
33,78.029936871881,87.02406460605026
33,78.04904343186408,86.99244745546065
33,78.01060881280445,87.02939402589315
33,77.97338795156409,87.03636246728463
33,78.0012623302506,86.98041941840413
33,78.0237349273007,86.97553349054995
33,77.98165833850065,86.99214707095977
33,77.98972049828883,87.04807374076704
33,77.990317866702,87.04716091875177
33,78.0052138350678,86.95175921192448
33,78.03357525396397,87.01200405006111
33,77.99516249408879,87.00007783148585
33,78.02995146229463,86.96222188017444
33,77.9662946373682,87.01184122455284
33,77.99575023820023,86.97338518629799
33,78.01819645838604,87.0444439177523
33,77.97049257404771,87.00333297395146
33,78.02885747226037,86.96418996459823
33,78.01502924420885,87.00730790307418
33,77.98158965823217,87.01296564277925
33,77.99115134674787,87.01222865176139
33,77.97333115582562,87.01165105619485
33,77.9921147966528,86.95167479614196
33,77.95947747971282,87.01845902317099
33,77.96692345017178,87.01631288986083
33,77.99355247061882,86.99293190759893
33,78.00283986086666,87.00501552809395
33,77.9614581726327,86.98508987354532
33,77.98847522979253,86.9938804729399
33,77.99612998001162,87.01249772863835
33,78.02612654192433,86.96020191704292
33,78.00759057229214,87.0423544296782
33,77.97948023233985,87.0008460789907
33,77.96964698896954,86.98360166172844
33,78.00237655222107,86.9992322501787
33,77.99197024720705,86.99520171852342
33,77.99147083126093,86.99094517284257
33,77.97946097647353,86.96008083512632
33,78.04581019206722,87.01669643226487
33,77.9615955116737,86.97681490540623
33,77.96085160910135,86.98101699718798
33,77.98385735222728,86.95706753066466
33,78.03050314811868,86.99403919771089
33,77.99518080322552,86.98111530130952
33,77.9852682715835,86.99521159906718
33,78.00947934264643,86.98457960688776
33,77.991569662103,87.01409673155987
33,78.03661576178469,87.01360166777037
33,77.99115919354578,87.00683455660001
33,78.02037340703546,87.02239178810623
33,77.98345886000341,86.98844012373347
33,77.98133273994513,86.99689009563949
33,78.02178472911241,87.00655232889486
34,78.04191195739482,86.97432064300382
34,78.00822910251108,86.98507235788948
34,78.01561124677619,87.01501791310264
34,77.97225232040958,86.99975832860724
34,78.00160822176359,86.9754078594968
34,78.01132388097396,86.99672132858507
34,78.03900683476803,87.01744463825389
34,78.0025157833133,87.01100915731796
34,78.01656530261712,87.04253912157225
34,77.99249051215439,87.01516957114464
34,77.96493243954131,87.01103225578946
34,77.96815845018091,87.00481283714412
34,77.99385184049515,86.99265105311216
34,77.97952003040285,87.00109175284156
34,78.01298323955916,86.98737481664473
34,77.97957410380096,86.97324532220107
34,78.0394176959899,87.02565833534094
34,78.0020681623063,87.00033393097077
34,77.96989216971599,86.99184213372727
34,77.99090949432019,86.96248527492669
34,78.03213485996103,86.98410200207739
34,78.02258535835732,87.00564209365855
34,77.98448509840966,86.97323826737102
34,78.03082599132189,86.9694727853875
34,78.04241423895866,86.99069868251783
34,77.99054460279672,87.00588792526723
34,78.02863869306066,87.01078033090886
34,77.986957337427,86.99085205669012
34,78.02620401244788,86.96490824774868
34,78.00667510775305,87.0322758145243
34,77.9889906792551,87.00223265131095
34,77.97729578578745,87.00487555618385
34,78.01806338642868,87.00513408927388
34,78.02578582969613,87.01234517007175
34,78.00680938272646,86.98338104494594
34,77.9908281044423,86.99883482896757
34,78.04255013652477,86.98502209688564
34,78.0028568240421,86.96805756646121
34,78.02383205652158,86.96365602438928
34,78.01539107774214,87.00868255628376
34,77.97112714084862,87.02109516571083
34,77.98790446228065,86.98987639162857
34,77.95608870734851,87.02305969339604
34,78.0252369577978,87.03663719730913
34,77.9538524650386,87.00294279104835
34,77.95964166615627,87.00028771977243
34,78.0064965475615,86.95608811809785
34,78.01739515576331,87.00329748271349
34,77.97716933565118,86.974020858713
34,77.96919820052338,86.98476565062693
34,78.02196516973335,87.04092774989051
34,78.04903375248416,86.99221558158699
34,78.00681802583857,87.03484166038233
34,77.98624277092205,87.03233076743935
34,77.98587134082977,86.95750054214437
34,78.01113430279759,86.98947484817612
34,77.98133961739116,87.01512547437288
34,77.99188409817567,87.038319624954
34,77.99290849626053,86.96725784581518
34,78.03709865482975,87.02321249492897
34,78.01520544346165,87.002660432879
34,78.04721467535241,86.98683741912855
34,78.00388899993735,87.00066889625364
34,77.96286659559334,86.97026420777101
34,78.00822768519862,87.0012733959419
34,78.00089747078077,87.01939716812576
34,78.02547651126277,87.01460940264387
34,78.00970678517481,86.96830670806197
34,78.01472098392563,86.97425696046425
34,77.99731272158644,87.04666096434559
34,77.96585960648014,87.0081627888461
34,77.98274380586103,86.98908856713372
34,77.97029697705804,86.96244361071471
34,77.98515569548178,87.04211152308977
35,77.95932267198195,87.0232507011969
35,77.98431597935621,87.01669890585033
35,77.97505466444287,86.9993383966298
35,77.98850807356357,86.98964373235617
35,77.98015751424096,86.99002340514106
35,77.99625915123518,87.02552605260895
35,78.00084430705648,86.99314972302331
35,77.9869621482031,87.00882864010754
35,77.98897052665644,86.99864812214437
35,77.97476168751716,86.98622478773103
35,78.00941872095147,87.00109208683823
35,78.00917049681603,87.04046601668948
35,77.9635174946712,86.971996093534
35,77.98955196820005,87.04147815824302
35,78.00935147820059,87.0452402692829
35,77.99661712014402,87.00631434329577
35,77.99569829820445,86.98265707620554
35,77.98700649292662,87.03845579033155
35,78.01310957776539,86.97555843255368
35,77.98152360631599,86.98167802932808
35,78.00101185265625,87.02278604258687
35,77.9657073071203,86.97579234228581
35,78.03501406781918,86.97674806944936
35,77.96937787993018,86.98330172257275
35,78.01332871170952,87.04197146820135
35,78.01026202075057,86.9666499970512
35,78.00268702329235,86.97884294761408
35,77.98669437791501,87.02002588262846
35,77.9746802386678,86.96443213074825
35,77.97385925982236,87.00950218804496
35,78.00499864804856,87.00811142103197
35,77.99792652878097,86.98340029027251
35,78.0193227262329,87.00762025966067
35,78.01644417314412,87.00274061487806
35,78.02842903475562,86.97391140611842
35,77.99580460653519,86.98209619549017
35,78.00150828961027,86.96073558726331
35,77.97067087726198,86.96145409610601
35,77.99738595532101,87.03226330684024
35,78.00450357183449,86.95377395910191
35,78.00094724590545,87.01515189128837
35,77.96375070122038,87.0135982715186
35,77.98930949751988,87.02210773458528
35,78.03808879251861,86.973226294707
35,78.03255003116769,86.98708487827624
35,77.95735674717326,87.01176998426085
35,78.00137795657616,87.02586502826482
35,77.97365318537452,86.9665547297749
35,77.98108900763296,86.99413194957948
35,77.99326732380645,86.98287684689933
35,78.02602810683292,87.00734227356982
35,77.98057805613954,86.99906637811901
35,78.02454183760136,87.02504019120849
35,78.00691001511044,86.9963120083002
35,78.00385092345103,86.99280694816798
35,77.99866711992523,87.00063319969175
35,78.03361958044833,86.97250643100567
35,78.01123818262037,86.97781314818337
35,78.02477682690333,86.97965677074264
35,78.03524352769438,86.97787590805595
35,78.00130934443168,86.99428985305545
35,77.98388341873799,87.0149853422696
35,77.97055592693061,87.0212269764985
35,78.04751731608268,86.99369766736173
35,78.03579139364246,86.9992860719326
35,77.96449846698025,86.99267790771324
35,77.98308832913612,86.99874971985835
36,77.9963127989611,86.9708967491566
36,77.95759438144577,86.99528082792853
36,78.00390861741624,87.03476421664111
36,77.99539741312628,87.00467266287819
36,78.026917760017,86.96533029523151
36,78.04252855822848,87.01699335146019
36,78.02279063416239,86.95586761425204
36,77.9671935692748,86.96319394098742
36,77.9607732198808,86.99354463081255
36,77.96215471285865,86.98682291768208
36,78.00975110471637,86.97508690320338
36,78.02619637550204,87.0306225687708
36,77.96615565376187,86.9902402974712
36,78.04134468924892,86.99769811416056
36,78.03179837036915,86.98294319835108
36,77.99065284008094,86.99700603456465
36,77.99557123051112,86.97363657791124
36,78.03006984738151,86.96730895866858
36,77.99863677579079,86.99026093364381
36,78.00865042027498,87.01383844894178
36,77.95767057724863,87.00560130100386
36,78.010989589544,87.00467387396061
36,77.96447142122531,86.98909852004769
36,77.98170659329017,87.00414804404902
36,77.99586958474863,86.99283861097469
36,77.97522946489444,87.04042299608408
36,78.01497977387979,87.04480969455223
36,77.98017467465672,87.00963601093123
36,77.96900869547468,86.99066020071899
36,78.01099008112566,87.00622449265677
36,77.98444871012013,87.01992248431276
36,78.02659862318365,87.03741865857225
36,77.99312898194805,86.98746022096118
36,78.00031950605837,87.03861333973337
36,77.98243412725105,86.95907099989971
36,77.96408723163172,87.014710753175
36,78.04384175473629,87.01297560131282
36,77.98621922440113,86.97704793383474
36,77.99866711992523,87.00063319969175
36,77.97510134804496,86.98588912194722
36,77.95793000919998,87.023006527958
36,78.04167997629108,86.97833049758276
36,78.02162392630366,86.97160931864653
36,77.9721127557877,87.0333654289974
36,77.99606142806799,87.03044636167539
36,77.99788345443893,87.02345452506833
36,78.0183847184356,86.96650422603663
36,78.0286057195503,86.99538985151717
36,77.96071973921417,87.0040223818036
36,78.00548967566648,86.97716753337907
36,77.98365329131046,86.98568972186816
36,77.9767619410936,86.96367416938341
36,77.99490528053103,87.0170787021007
36,77.99403073377282,86.95670695541516
36,78.00153734593093,87.01833406833411
36,78.00725239847223,86.96925738880161
36,78.01451318246234,86.98292121433299
36,77.98540176844557,86.9949854866403
36,78.0321961292221,86.98233551430299
36,78.01915259656528,86.96738079440523
36,77.98534550660246,87.0033765074327
36,77.98671262816876,87.00699312205275
36,77.99031779132945,87.02450427492352
36,78.00716881631844,86.95601931767543
36,78.02556892241773,86.9590512883848
36,78.01596830490936,86.96279285256698
36,78.00476556520871,86.96995156379282
36,77.98160123528426,87.03409643347877
36,77.99984084766943,87.02027354139638
36,77.9646619651931,86.98986898108404
36,78.01302904393053,87.01926400240401
36,77.9897649537589,87.03394663028598
36,78.0082067277409,87.00036406294936
36,78.0357856233959,86.99627872781298
36,77.97875883252658,87.01651413227663
36,77.96278718908692,86.9862098872246
36,78.00961850367982,87.04809003565873
36,78.0256737359943,87.0218957041068
36,78.00114763173532,87.0032944719759
36,78.01963227106117,87.01389673612519
36,78.01629718711673,86.99230051794167
36,77.96692345017178,87.01631288986083
36,78.00680378528793,86.98205735870259
36,78.01542946499049,87.02649242543018
36,77.96579975411642,87.01557115709969
36,77.99340752866999,87.02582703786781
36,78.01090765804665,87.00928083072364
36,77.99797231351168,86.98039545138379
36,77.98765227233777,87.00146572327264
36,77.9660527979812,86.97426362655861
36,77.98926421185867,87.00073430689639
36,78.03619198069795,86.97388475347012
36,77.98544931286207,87.01490701466587
36,77.99904949367895,87.0205876084209
36,78.01218595211135,86.96764596603924
36,78.0393427757637,86.98607950032283
36,77.9804445399051,86.96256230442995
36,77.99929847335426,87.01621616847493
36,77.99413942641296,87.0003406499389
36,78.02065767486499,87.00176258627884
36,78.00322022632973,86.97838895477094
36,78.01962795114521,87.03122460761006
36,77.97264778895979,86.9760798397049
36,78.01079246816755,86.95931122657217
36,78.03111568678946,87.0033927079203
36,78.0046958151146,86.99910592164734
36,77.99766938702942,86.98284247147596
36,77.96176108791241,86.97866750111751
36,78.0106498753594,87.00627966791996
36,77.97333666768515,87.02778824272107
36,78.01287300760438,87.01561365057817
36,77.96930742294896,87.01144671250086
36,78.02940283281359,87.02832405974596
36,78.02217787996061,87.02154721766892
36,77.99336631994424,86.99208727532447
36,77.99272747850537,87.03536385015697
36,77.97307114984682,86.99236620985805
36,78.01152653948316,86.95800800045889
36,77.98213962826397,87.04076218800529
36,77.9900327389413,86.97070035302097
36,77.98341432323728,87.01602078292416
36,78.02342200195066,86.9961490397893
36,77.97921995691988,86.96184327955696
36,77.99547605883154,87.01992322453233
36,78.02348032072766,86.97662536351918
36,78.03862395009673,87.01530761152486
36,77.98721917322007,87.03960355809201
36,77.97460308073983,86.96975450507745
36,77.99144224301008,86.95868774858184
36,78.01500898074107,87.0213212896134
36,78.04580613280909,87.01641286913123
36,78.01245428880007,86.9692453225347
36,77.9901063043202,86.96753301493685
37,77.98940357808883,86.98362656682784
37,77.99163755371144,86.98381864078766
37,78.01502996484302,87.0056093717585
37,78.00456407760004,87.02621847832573
37,77.9716891628398,86.96531452174624
37,78.02149404279207,87.01992129855482
37,78.01348865756201,86.9760857369013
37,78.03578960442735,86.98730678184377
37,78.00732666005769,86.96190898932335
37,78.00301822823383,86.96579372398452
37,78.01243774946673,87.01405126383443
37,78.00952127818883,87.04525182674323
37,77.97068927287903,87.00284326883599
37,78.0160885504191,87.02662151760461
37,78.01330291200547,87.01194575700026
37,78.02858359373184,86.97771740084211
37,77.99509020031545,86.98357473390729
37,77.98832190050133,86.98811744530659
37,77.99398611614467,86.95669725392342
37,78.0240153513155,87.01467333860195
37,77.96793310387974,87.02535532407147
37,77.96985378696525,86.99610803914904
37,78.00848532441135,86.99900188605473
37,78.0282465713478,86.98025846553293
37,77.97414691026505,87.02635731551634
37,78.0354873541691,86.96673507538118
37,78.02524931085205,86.95732333469141
37,77.9846182589681,86.995535947748
37,78.00848400067994,87.00173977508398
37,77.98783312531015,87.03899411103954
37,77.96996120389016,87.02138690821913
37,78.00180270462813,87.04213983979967
37,78.00248983902782,86.95422304012489
37,78.00224427520943,87.03026037220503
37,77.97733788140036,86.96539622686554
37,78.02891386125816,86.99289664413642
37,77.97453341656825,86.96029889481939
37,78.01408024152074,87.02498336537934
37,78.01102590871652,87.00574905471056
37,78.03394139813663,86.99295604752704
37,77.96450156396408,86.99501960185003
37,78.0004286017566,87.01959538573041
37,77.97549517570357,87.02583930780598
37,77.99633108982391,87.03582902751204
37,77.9568745665572,86.98545784009436
37,78.02531804173566,86.99763961679018
37,77.99028361494234,87.02341815164695
37,78.02307639923717,87.00977286150244
37,77.99364404707056,86.98455053113835
37,77.96085160910135,86.98101699718798
38,78.04492794418842,86.99029609845562
38,78.00044902663328,87.04551341915166
38,78.00676378526134,86.984558677484
38,78.02236633769411,86.97753904527121
38,78.03016353424569,86.97011374994054
38,77.95670636249588,87.01263798668198
38,77.9813116747334,86.96382751787486
38,77.99287297380789,86.9964965537108
38,78.01203310654688,86.9858636213083
38,77.96243606888325,87.02964124360717
38,78.03029944362628,87.00863506220323
38,78.04576079583448,87.00971326715224
38,77.99958825620448,86.96539498505952
38,77.98217284548373,86.9585932852154
38,78.04023836306501,87.01256189971267
38,78.02962172154162,87.00936145798511
38,77.9769997949138,87.02885745386031
38,77.98598236581446,86.99481181719032
38,78.02066032400393,86.97658057811363
38,77.99155291235603,87.03797953429357
38,78.0074551055168,86.95322113162959
38,78.0170825139199,86.9821021707403
38,77.9894113434108,86.98504776248693
38,77.9528407666977,87.0096888225213
38,78.00177082707668,86.9821057703838
38,78.02019517445471,87.01016415935997
38,77.99184921636426,87.01451303620695
38,77.97330229971645,87.0237599457062
38,77.97909555889636,86.9622038168632
38,78.00496565731301,86.98363755827465
38,77.99056450493507,87.02938746846155
38,77.96694286251713,86.9896989554186
38,77.98702495601252,86.97011571004751
38,77.9831720096588,86.99898942398322
38,78.03173114991753,87.01917463472101
38,78.01411385575244,86.97103317986202
38,77.99357023591183,86.96416541755823
38,77.99108364862234,87.00001651834482
38,77.9983821575493,86.95598378178705
38,77.9949120240825,87.00897065641148
38,78.01511466440613,86.9593541713769
38,78.02412838940683,87.02303728095674
38,78.02331325105303,87.02338037133572
38,77.95873162183341,87.01339533453024
38,78.02655473612776,86.9667392318326
38,78.03992411180353,86.98789037169668
38,77.99176618063946,86.99634103616746
38,78.00632653708549,86.98589113503779
38,78.01983592222727,86.98706332894085
38,77.98320700169359,87.02496249160625
38,78.00466282085424,86.98282698505768
38,78.03256466860434,87.03793769257304
38,78.00349092458173,86.99745820432797
38,78.0011391155286,87.00896579447672
38,78.04034803615039,87.01678326103344
38,77.97125964518219,87.00651300602394
38,78.0039352060356,87.02061647124154
38,77.98521428339075,87.02014651407077
38,77.99389491776773,86.9991599367939
38,78.029585839299,86.98521972052401
38,77.98851474596054,87.04154195461163
38,78.00938053049452,87.02131626597603
38,78.00589511005494,86.98066008473056
38,77.9909265202321,86.99862922774507
38,78.02511626124611,86.99133488783299
38,77.98263493298552,87.01332182211097
38,78.01707842392403,86.99801800546253
38,78.03379104887001,87.01311405837815
38,78.00975110471637,86.97508690320338
38,77.9701282984113,86.97168860534728
38,77.99618862184802,87.02995158661072
38,77.99222786910941,87.04388436808283
38,78.03301975244187,86.97395351500204
38,78.03754789354842,86.97536747646608
38,78.02572031798104,87.02363359675958
38,77.9636834369778,87.03271575927931
38,78.04484469890829,87.0143839865697
38,77.96946428266189,87.03306765146336
38,77.99748957700115,87.03626745858267
38,78.01082564160292,87.02071057136997
38,78.04206615975501,87.00798638914931
38,77.9829476067456,87.01196598557131
38,77.97884461742557,86.98402895857156
38,77.9842006647727,87.01351764230496
38,77.96117145419403,86.99962067061942
38,78.01278032391846,86.96002567844646
38,77.96911020752057,86.98984912683807
38,77.9768847474532,86.97961582183427
38,77.9941708627145,87.0127262467448
38,78.04270516351738,86.99584715369224
38,77.9876651080994,87.01642555340504
38,78.01912280172897,86.97735164946388
38,78.02840112922743,86.9672140269655
38,77.98463161766519,86.99169922266445
38,77.96941833321092,86.98214632693804
38,78.03123311775622,87.01224434763998
38,78.00360736273987,87.01535922269751
38,78.01422224494404,86.96611299298422
38,77.98300722190072,86.95320384524604
38,78.01163182340224,86.96803733650667
38,77.99033306630442,87.04871221203541
38,78.00171547318112,86.97939433347344
38,78.02665046080458,87.00752047779675
38,77.99090835218608,86.99341219968782
38,78.0343773696562,87.02277121318895
38,78.04233894681443,86.9873375483496
38,78.03065822755666,87.00009313462967
38,78.00980056643442,87.0091446604557
38,78.00773128511892,87.04712934744984
38,78.03657689161638,87.00121207213131
38,77.97920330887663,87.03304452800568
38,77.98050634889024,86.99418520373862
38,77.9881272335797,87.03308477695197
38,77.99060678281616,87.0294525911197
38,77.95664326040438,86.9830147226887
38,78.014084599545,86.98191198801739
38,78.00810537751049,87.01977411428507
38,78.01131784965716,87.03419138990265
38,78.00845513137186,86.97713975367152
38,78.0012876888302,86.98815396668175
38,77.95914154802654,86.99374568883063
38,77.99993537551923,86.97907501200444
38,77.96313565396763,87.02989411833228
38,77.96916515540383,86.96917646179996
39,77.98811840206574,86.98753790045872
39,78.00034373791013,87.03631741516504
39,77.99909665707325,87.00440262424989
39,77.99427740687923,87.04297951549724
39,78.0193337457595,86.98683239948242
39,78.02214942932952,87.03022058617626
39,77.9890852992085,86.99517086968991
39,78.00678977847643,87.03088215780612
39,78.0030203403602,86.9909690460357
39,78.01574146096632,87.01714623613205
39,77.98899580746108,87.02009252879957
39,77.96605575158188,86.97225116446336
39,77.96158854360947,87.01128235553797
39,77.96767375400596,87.01393744561925
39,77.96307986652349,86.99005766533689
39,77.96093039209896,86.98760485979052
39,77.9953740213386,87.04484885999997
39,78.02802491712131,87.02717892014545
39,77.96420552193455,87.02793609092066
39,78.01284650561256,87.03823684060946
39,78.02963913992306,87.03773186320134
39,78.01342101060834,87.02940099439014
39,77.99090586363914,87.02017811798713
39,78.01155683933123,87.02617356008085
39,77.95318350955544,87.00932647306578
39,78.0094922284315,87.00539392295278
39,77.997084862008,86.97833579197066
39,78.04906775654442,87.00699503570938
39,77.99435212754497,87.01307882819744
39,77.95996561152164,87.00769948965825
39,77.99138448391005,86.9983900665951
39,77.98624277092205,87.03233076743935
39,78.00846585050581,87.00805338655432
39,77.97037107900569,87.00329088181815
39,77.9845905336995,87.00547147060585
39,78.03020704158871,86.9726596790578
39,77.97084467061599,86.97088931129556
39,77.98766910589927,86.96896114975299
39,78.00627326513505,86.95965042964345
39,78.02641117140237,87.0022345715976
40,77.97553837953285,87.01611333857254
40,77.97803748393545,87.0285883036123
40,78.00539694781745,86.99265053447762
40,78.0113306544464,86.95924036973088
40,78.03577777166096,87.0111900222443
40,77.99025072749394,86.9831381386194
40,77.95458708201552,87.00325929514582
40,78.0037789994334,87.03230112902295
40,77.95941147127733,86.99229135732003
40,78.0376080265067,86.98883148081705
40,78.04947708418288,87.00527284344354
40,77.99952260333372,86.99781548740171
40,78.0047094387995,87.03943094635541
40,77.98225371037395,86.99860821961217
40,77.9647158555844,87.03163074976233
40,77.95796817754376,86.97440351776193
40,77.99421536714604,86.98962222195259
40,77.9705401211523,87.0171026441811
40,77.98698645973417,87.00500628089561
40,77.98897640533588,87.0353302462644
40,78.00250926231006,86.9751400259331
40,77.98560773608988,87.03299663408873
40,77.97819495608381,86.98878290149457
40,77.97456802547605,86.997202113624
40,78.03779870376843,87.02403643567659
40,77.97881910516209,86.99664116359354
40,77.96747650542845,86.97224590795035
40,78.0131806867981,87.03957952613128
40,77.99308113963383,87.04348678577416
40,77.96942501540761,87.01787752044854
40,78.02996374811718,87.03217752016087
40,77.99731125923863,86.99802691542548
40,78.00157401096101,87.03727989595251
40,77.99715534427187,86.95631019594768
40,78.00238521237137,87.0167178925422
40,77.97724652436288,86.97872332327317
40,77.97784659946757,87.00153166152872
40,78.00157017421883,86.99411931218854
40,78.03035731684258,87.03774874586449
40,78.01488592487824,86.99303362026194
40,78.01114205226044,87.00260540603387
40,77.97564154489143,86.97082488775128
40,77.99892106424957,87.0216105418519
40,77.97802476191787,86.98751244318149
40,78.0048090302909,86.9513699887132
40,78.03223965407892,87.0093778163982
40,78.01624065043771,87.02082193774544
40,77.99291252488521,87.0409902091913
40,77.955816320693,86.98302826337958
40,77.97317323791117,86.99735622483225
40,77.99244288051952,86.96193371405805
40,77.98459196205627,87.01895329990782
40,78.00991189227751,87.01400897387052
40,77.98463720307993,86.96916584632852
40,77.99934086602634,86.9761929444587
40,78.00106895103826,86.99522979948482
40,78.02601099435847,86.99479380311766
40,77.99554329276347,87.03481742924359
40,78.02947930735095,87.01906431547631
40,77.96006011743786,87.00564795449164
41,78.04275519697619,86.99486599383066
41,78.00395755242158,86.98349106252425
41,78.00818090104126,87.01037479606968
41,77.98228788937489,86.9532629236742
41,77.99013779305055,87.02092091583432
41,77.97583065934663,86.96230820447828
41,77.99849706811362,86.98063114156608
41,78.00976813790156,86.95489458020954
41,77.99601719156449,86.98746343577685
41,78.01205035544493,87.04282856330694
41,77.96591351244072,86.98579507785827
41,78.00827291530136,86.96501030880123
41,77.95159033358274,86.99996190348998
41,77.98211981020715,87.01884797462618
41,77.98419990405333,86.99081186090349
41,77.96289217821979,87.02142765096696
41,78.00123685630756,86.95602743888738
41,77.99387770064816,87.02704133272655
41,77.96776854004423,87.02769546620051
41,77.99932076642969,86.99365019824447
41,77.97437630987443,86.98390698745199
41,78.0121896015566,86.98106638712682
41,77.99060897093608,87.04707442113136
41,77.98626838203928,87.04392266141622
41,78.02556757219863,87.02600505791186
41,78.00933115299934,86.99322949457624
41,78.03716154703478,86.99728692103675
41,78.01601725753079,86.95507542684808
41,78.00591288434826,87.00142104105741
41,77.96826925285632,87.0041970880817
41,78.02335034659728,87.03000071545779
41,77.95846924004115,86.99323059745034
41,78.01378028885824,86.98872333231367
41,77.98929717191331,86.99264057968566
41,78.0196252204125,86.95417401566648
41,78.01727408851207,87.02330778386201
41,77.97883694598391,87.01462591698215
41,78.00979979680251,87.00241364881869
41,78.00340108000272,86.99585162998201
41,77.99794634110525,86.99642869642472
41,77.99363423051035,87.03801961325263
41,78.01134552012907,86.96653803644958
41,77.97149313175015,87.02136039986725
41,77.95351582955342,87.00573162996368
41,77.99979645410637,86.96926175289371
41,78.00656338389881,87.02881519127122
41,78.00037891895819,87.00107735518073
41,77.98616330137592,86.96855118177454
41,78.0026121847231,86.9893005699155
41,77.98626685332258,87.01503956140525
41,77.98827061601256,86.9948755506565
41,77.98985041659304,86.99899581360407
41,78.02670302335827,87.00719578918135
41,78.01245526460455,87.03359689528412
41,78.00373970370507,87.0198530122766
41,78.01210753581408,86.9931075398064
41,77.97700769060015,86.97390084631677
41,78.00141654617798,87.00569952326819
41,77.99363676565488,86.9808589140664
41,78.03378722551129,87.01872748555874
41,77.99401429316808,87.03441202227638
41,78.03325505798375,87.0171673805737
41,78.00714611394888,86.95214969241249
41,78.00835118532986,86.98567385421762
41,77.95612183252038,86.99033345997731
41,77.96004579338697,87.02905086908305
41,78.04643405318632,86.99433653317075
41,77.99846975109794,86.99595191850248
41,78.03234653376357,86.98832442934271
41,78.04045819383207,87.00723082767475
41,78.04644926045006,86.9978983405958
41,77.9921484036706,87.03312864059376
41,78.01234088170447,87.00457871203099
41,77.9930776515157,87.00441966277779
41,77.98504127990074,86.95299310151128
41,78.00019255781947,86.96090581339948
41,77.95664002033122,87.00759822334645
42,77.99609372490059,87.03603801922833
42,78.01946594578607,87.02396239036085
42,78.03394906844898,87.01296748859349
42,77.9635142044648,86.99031202976674
42,78.02653969790506,87.00416098405735
42,78.04563818978362,86.98143602658638
42,78.0194159789524,86.98529646981642
42,78.00556781863074,86.99711220527855
42,77.99698643884088,87.03636499633811
42,77.95751417998514,87.02520113632465
42,78.02508406177132,86.97864526882893
42,77.98923447461183,87.00429780325427
42,77.9964638428201,86.98280406602592
42,77.98961348398619,87.0282764984837
42,77.99863677579079,86.99026093364381
42,78.0046973379428,87.0150833121571
42,77.96870760519475,86.97217883963233
42,77.98975273373796,87.04763552821296
42,77.98469737049291,86.98939501263679
42,78.00853774518448,86.96342321849072
42,77.9768701005124,86.9717838346287
42,78.03039904797406,86.99874521487465
42,78.04009028004077,87.02704453528148
42,77.95776274259488,87.00117997945213
42,77.98544538269316,87.00415551907741
42,77.97303745691806,86.97620795398365
42,78.02030289402852,87.04344682228927
42,78.03394133200378,87.03613495671186
42,77.98285559816013,87.02615027392393
42,78.00356154140361,87.00150731534208
42,78.03815642106491,87.00344448262925
42,78.01450082502288,86.98793089519697
42,77.97747776110302,87.03721252836237
42,78.01223968599463,87.01686121352891
42,78.00451539711108,86.98519765980927
42,78.00662768947052,86.98551344227565
42,78.01155683933123,87.02617356008085
42,77.96575131312908,87.00369534500821
42,77.97214771338297,86.97722652762137
42,78.01037860970318,87.00834589650326
42,77.96131458354013,87.02203799248397
42,77.99880561678646,87.04445038409368
42,78.00306245052025,86.95285390148639
42,77.97889023828382,87.04465787102373
42,77.96377425688708,86.99005011483347
42,78.01269180885045,86.95805291281117
42,78.01883697174016,87.00907464368606
42,78.00715235416811,87.01125513502974
42,78.03073353812202,86.99648160448926
42,78.02660541831143,87.00350143321867
42,78.01148866534201,86.98433456271194
42,77.97510134804496,86.98588912194722
42,77.9966265799948,86.95841559952459
42,78.04428899849296,86.98779058200682
42,77.98642119874353,87.01357866749092
42,77.99210114817681,87.02324636011285
42,78.02556763215888,86.97157561774917
42,78.02050588105729,86.98981155499175
42,78.02704251465748,87.01958918055158
42,78.01887625199797,86.98312099223541
42,77.99849138737338,87.04276802301447
43,77.96519678738909,87.0210599703734
43,78.04014059168816,86.98530626478777
43,78.03327142955311,86.98754472971511
43,77.95696141558734,87.00040521389518
43,77.96763795209719,86.98753066324352
43,78.02081180657669,87.00302698826216
43,77.9782506327017,87.00387143076814
43,77.999970884437,86.99199017666062
43,78.00978088812992,86.99814123954623
43,78.02055397244143,87.04320099504594
43,78.00907489818583,87.03886571100168
43,77.98742446481364,86.95561852528941
43,77.99514148319466,86.99783515751788
43,77.98473064802631,87.03381744268049
43,78.04694135520855,86.98791634977673
43,78.01163888486474,86.98132177256124
43,77.99988758110808,87.02945523845841
43,78.03303240492994,87.01545446364457
43,78.00858972963071,87.02489054218782
43,77.9661688782869,86.98606687641696
43,78.0246926765131,87.00559964223577
43,77.95243668809525,87.00107641078695
43,77.99651576084075,86.96229743759842
43,78.01230767130589,86.99827231445478
43,77.96651463587476,86.99020060422636
43,77.96411597192409,87.01689364898692
43,78.02089101224011,87.02323865038016
43,77.9864491297423,86.99070643477363
43,77.98491180834152,87.02773005292899
43,78.01424729777722,86.96730069392123
43,77.95818453035574,87.00070985107548
43,77.98290749486658,86.95781118133449
43,77.99670122229548,86.96694147006777
43,77.97073782619871,86.99332706652498
43,78.00013782924138,87.02448435130506
43,77.99506864468437,87.00846179676668
43,78.0381264131718,86.99673871082221
43,77.99832495742578,86.96238872922758
43,77.9980127681969,87.04731365626417
43,78.01962468005517,87.03326370264602
43,78.0086778100143,86.95379001581551
43,78.00960536524127,86.98002356725372
43,77.97706934752026,86.97671790059117
43,78.04765172591665,87.00381748248465
43,77.98239229997766,87.02651703993382
43,77.9798025662941,87.00542160493504
43,77.98122380774667,86.97171032816257
43,78.01401087049125,86.9534382069626
43,77.99578105269465,87.02629947060717
43,78.04661166427215,86.9918173142807
43,78.04417437611818,87.00295242083126
44,77.95612183252038,86.99033345997731
44,77.9677202084804,87.02432375444309
44,77.97203690063397,87.02848707180273
44,78.00353882719052,87.02105752362844
44,77.99870244773692,87.01384059088355
44,77.97671040243947,86.9700233711662
44,77.97139763354188,86.98253655933293
44,77.99316161915078,87.01545633847135
44,77.99537630109783,87.0049660809348
44,78.0074803502702,87.00618906940485
44,78.00870698849256,87.01972689898102
44,77.97645126870103,87.0158492719729
44,78.00883518814346,87.014808369038
44,78.01657647419354,86.99733150838985
44,78.03965726281335,86.98898105555894
44,77.99129304147796,86.95235603877141
44,77.97530543863064,87.01376214105696
44,78.00768075939614,86.97656832328927
44,77.96336788006374,87.03044380168848
44,77.98759826731028,87.04763202878767
44,78.00424500641302,87.04101792454698
44,78.0051791484612,87.02282227186524
44,77.99026023581644,87.01934278075474
44,78.02817105016939,87.03631123406785
44,78.01161193416367,86.95849921262109
44,77.98684022585667,87.01522878765549
44,77.97923028827154,87.01161765567156
44,77.9703125291553,87.03288557137414
44,78.03996843729928,87.0019211055249
44,78.01092474414125,86.97399782533785
44,78.03536166205151,87.00922123688585
44,77.999749123194,86.99836230338208
44,77.99118898560712,86.97775838888404
44,77.97914087661304,86.97579406037931
44,78.00643681984151,86.97080242010098
44,78.01047719219291,86.98803710710659
44,77.98070314516328,87.002582398198
44,78.0260387225459,87.00690793971276
44,77.99230071095728,87.04065310252528
44,78.00425538432691,87.04446934927734
44,78.01295773349077,87.0218522943578
44,78.0237349273007,86.97553349054995
44,77.99633108982391,87.03582902751204
44,78.0192824409221,86.98682424076767
44,77.98472664490312,86.98727348282966
44,78.00837393407312,86.9579493149651
44,78.03327733451884,86.98326147506074
44,78.00701138395145,86.96616769182477
44,78.03235743530087,87.02644445857017
44,77.99186647103431,86.95678847639913
44,78.0153527670089,87.01833269361697
44,78.00252869259153,86.96620030702758
44,78.0222777817148,86.99689258078435
44,78.00545320174352,86.99723687567835
44,77.9953655877038,87.0150702366084
44,77.97976003549967,86.99261398585577
44,78.01242809444629,86.99660861543447
45,78.00429750335113,87.0445567700378
45,78.01569731055267,87.01605232365809
45,78.00869617856063,87.03264887237856
45,77.97768986400418,87.00713604314745
45,77.97783920287056,86.96314020778185
45,77.99578231116088,86.98998098521473
45,77.99383390577772,86.98065672378563
45,78.03725230842875,86.9826901774707
45,78.01195693926876,87.00341968552722
45,77.98706296119722,86.97379399070779
45,78.04332607965628,86.99806023363485
45,78.00137725433132,87.02295064294591
45,77.96043241877202,86.99026894942116
45,77.95359159568605,87.01782133850107
45,77.96945207897384,86.9893837413156
45,77.99468111147144,87.00745496485322
45,77.97778457034367,87.02215588118126
45,77.95222940846818,87.00117722086038
45,78.0207488011114,87.0014584204745
45,78.00700330248759,87.04780276352625
45,78.01209367178913,86.98742407820359
45,77.97550588234047,87.00194488573393
45,78.03090068525508,87.02469508075916
45,78.03532121616598,86.98255606838487
45,77.97844213382008,87.00400384411003
45,77.99615874056936,86.99079825343388
45,77.95944207265471,86.99967270346559
45,78.0385570661842,87.00547358323378
45,78.0198509096715,86.95548720938115
45,78.03235586534448,86.9869932366638
45,78.02050897570727,86.9791285175131
45,78.00795354912783,87.0078194939654
45,78.0007040853915,86.96503933170519
45,78.01182582944905,87.00952668534933
45,78.02369359133678,86.99549325430144
45,78.00573231071036,87.02940483945439
45,77.96435352240964,87.02815674563013
45,77.97879079380219,86.97613892476232
45,77.96232157443043,86.98697683076415
45,77.97947487695073,86.98898885743058
45,77.9748562538846,87.0079416638149
45,78.01571247158215,87.01376028721621
45,78.00148773560076,86.98020585238214
45,77.99795418571372,87.00118742639746
45,77.9989264712142,87.01045925202477
45,77.97854217085063,86.96076925802278
45,78.01871605766127,86.99298959410366
45,78.02466502563334,86.95728336237977
45,78.02582313704174,86.99717304265464
45,78.01331844288819,86.97808531250703
45,78.02862262960872,86.98919050985874
45,78.02068477143253,86.97363776625208
45,77.98408917053499,86.96617511168725
45,77.98255233255738,86.96818023983045
45,78.02106743059977,86.96832982066755
45,77.98444371300586,87.02319216536544
45,77.97892559108826,86.9631123197993
45,77.97613970594684,86.95721330970495
45,77.97317106968944,86.99890450882758
45,77.97610893369247,86.9632627764598
45,78.02774194134555,86.98805632594801
45,78.03682964728561,87.01537964646896
45,77.96047392624543,86.97651645018044
45,77.97003908976106,86.96603687463367
45,78.03408258334001,87.0143777272559
45,78.03906643442413,87.01430949996355
45,77.95177288330332,86.99009130919767
45,78.00911064479489,87.04491027695187
45,77.95839370386516,87.01943097236351
45,78.04112872020714,86.987136103795
45,78.013846662021,86.95547444020532
45,77.97071027252848,87.0136182315092
45,77.97850231339622,87.03861896501961
45,78.03456801072326,86.99708127807281
45,78.007421161555,87.04622465698898
45,77.97306471346614,86.96780167843839
45,77.99638716622928,86.98401991107123
45,77.95549934384188,86.9933042222107
45,78.02152010240539,86.98929032536125
45,78.01310910591351,86.97341395015586
45,77.9932334701691,87.04070621128513
45,78.01289566108603,87.0353496191582
45,77.99321544279289,87.01239253813587
45,78.00912564846541,86.9920621430703
45,78.00720653786469,86.97346028952242
45,77.99307250748579,86.97620123015957
45,77.97484511974045,86.99372352325963
45,78.00528296932363,86.97124887132586
45,77.99789323119339,87.04710079491487
45,78.0089788299624,87.02279607426678
45,78.01435691057378,87.0306407177957
45,77.98978590700555,87.01342143397919
45,77.99305244211118,87.03661178090927
46,77.96895838616658,87.01141934326965
46,77.99604305336227,86.97587843416125
46,78.00965457647058,86.97107668328823
46,77.95892712231482,87.01893758178662
46,77.9811679317268,86.99734748079207
46,78.02226523895526,86.96031058958997
46,78.03387642269797,87.03511362394248
46,77.9731661866799,87.00294319605172
46,78.01046930266918,86.9551583366416
46,78.02178404061203,87.00020487253683
46,78.01423715440554,87.00294124366062
46,77.9954577531336,86.9866444817084
46,78.03061573986737,86.98364531646058
46,77.97307863785878,87.00663216560122
46,78.00056976657181,87.00090709672298
46,77.96864165274602,86.9798217770545
46,78.01873751253211,87.03545905411367
46,78.04011410418377,87.01007146649668
46,78.01347162923108,86.98424465429294
46,77.95147445200296,86.99316497883497
46,78.04835673179905,87.00681173421191
46,77.96334440527424,87.0117235967864
46,78.04448152611066,87.01962186094293
46,77.99424004148469,86.9762191776584
46,78.0054675371304,86.976420130706
46,78.00028480001015,86.9861882872664
46,78.00717976386787,86.99352833157087
46,77.9744434914421,86.98879956089617
46,77.99789074603756,86.99944550088273
46,77.98355330607666,87.0083541567479
46,78.00625462023245,87.01306167781213
46,78.02404430783163,86.96738007090167
46,78.03297686731023,86.98159279022484
46,77.9784844869483,86.98636718550159
46,78.03671748635095,86.96812465872168
46,77.9534000739365,86.99246971935149
46,78.015132570477,86.9740434163828
46,78.00507575406296,86.97198978931645
46,77.9837958672449,87.01731666949807
46,77.97553671378648,87.03184483299192
46,78.03202945444775,86.96469757788167
46,77.96615067584787,86.97633323737328
46,78.02625645290392,87.00754667766238
46,77.98030872798688,86.9935942757852
46,77.97445201234176,86.95906083942383
46,77.99371928125946,87.03436661867947
46,78.04954659149826,86.9989626429723
46,77.98570155836833,87.00953030539456
46,77.97485358869403,86.9633973852035
46,78.01348791650791,86.96273588279459
46,77.99742139215209,86.98351990839527
46,77.99448225422876,86.97419578856694
47,77.97361537798028,86.96770015157506
47,78.02485666910155,87.03263754474119
47,77.99983592449274,86.99860264939258
47,77.9854044790124,87.03543710931203
47,77.97564703864786,86.99218461387477
47,77.9913053103038,87.02562757852617
47,78.01206291215217,86.9892424342768
47,78.00518909530626,86.98977556333529
47,78.0145657847426,86.95595936149788
47,77.99437988406396,86.95352942393775
47,77.96739221601084,87.0119024988729
47,78.01045283653325,87.0028489366181
47,78.03524836712141,87.00977188695707
47,77.97590613273535,86.97586736591305
47,77.96636386134855,87.03346065516118
47,77.96552789697388,87.0146608614964
47,78.01645088562356,86.9812944253641
47,77.9780515584721,86.9926882503912
47,77.98026648470643,87.02350672568053
47,78.04819950599757,87.00117359494479
47,78.01538283407923,87.02251755979134
47,78.0065683630676,87.02030510584534
47,77.99594289750317,87.02562201396273
47,78.02880560486906,86.97821405092841
47,77.98940279382909,87.02590177989147
47,77.97798840188514,87.02906625551442
47,78.02203792886871,87.03231636754035
47,78.04074660071521,87.01943735316435
47,77.96110807879,86.98423542829809
47,78.03964706845673,87.00602632104882
47,77.99807404635442,86.96744163277582
47,77.99724358178844,87.03836681140307
47,78.03197652739158,87.02914116877406
47,77.9785540955722,86.99111793690163
47,77.98747213638022,86.96774223118146
47,78.0160885504191,87.02662151760461
47,77.99730747831546,86.97062421474412
47,77.95688876757725,87.0105372840046
47,77.98451488488945,86.98478022696182
47,78.0415737602447,87.0156315073358
47,77.9578378334359,87.00554548134275
47,78.01550945674387,87.01598254618057
47,77.99986796011217,86.98245819387658
47,77.99753232536808,86.95950688966508
47,77.98513986340168,86.96622440532796
47,77.9655493506985,86.97856435811873
47,77.98814247828479,87.03931992503601
47,78.0235521064246,87.03610574353335
47,78.02003243752117,87.04493946430395
47,77.98581547460482,87.02662547019497
47,78.03086111932754,87.0095133502031
47,78.02059663145684,87.01201674468363
47,77.9946606112727,87.01090596076138
47,78.01104620226347,86.98850657746428
47,78.03809049863492,86.9828167940468
47,78.02723627046112,87.01413468517933
47,78.0198827985802,86.99076110833013
47,77.97875715102684,87.00249638132826
47,77.99136135592138,86.97623981881026
47,77.98390153695412,87.00315123181477
47,77.99247369999335,87.01484891497651
47,78.03249570206656,87.03606255626849
47,77.98966561547034,86.99334151706707
47,77.96839056786958,87.0118243093371
47,78.0020681623063,87.00033393097077
47,78.02959140633585,86.98719935077476
47,78.03765288306533,86.98237348397271
47,78.01039431776226,86.95896736996224
47,77.99903331983037,86.95216263464063
47,77.99803622080194,86.97014697507377
47,77.96603752534983,87.00144523304114
47,78.01624041979484,86.99589065576609
47,78.00094951436996,87.01949541314433
47,77.9972667465575,86.97009235351628
47,78.01293935997433,86.97141540271333
47,78.01104620226347,86.98850657746428
47,77.98960308157967,87.0134864426857
47,78.03325596958533,86.9898581723802
47,78.01174179689411,86.96135271072586
47,78.00456827856516,87.04246571421257
47,78.01199997945075,87.00550072691914
47,77.96618538015606,86.98306634340588
47,78.03728018491792,87.00363897898399
47,77.9948577070021,86.97056272213457
47,77.95595852736955,87.00045733634596
47,78.0303462951835,87.01056691575543
47,77.99354649614035,87.03229184151587
47,77.98472892974888,86.95407706418584
47,78.03201791183479,87.00060058533408
47,78.01611562225234,86.99822771996436
47,77.99783121618464,86.98750661749949
47,78.03717671059138,86.98928081355237
47,77.97328687407439,86.96032218635088
47,77.98825752503379,87.02175994505505
47,77.97372544332816,86.96250826623842
47,77.9814117859033,86.98875038157281
47,78.00951572855526,87.01230940725542
47,77.95594322289335,86.99631331592948
47,77.99920312217064,87.03061001537897
47,78.0084242549011,87.00990039513492
47,78.02650262298161,86.95852351032696
47,78.00298505315497,86.98232415782616
47,77.99150153741313,87.00959646974289
47,77.98703986170713,87.01420998949841
47,78.02974036059172,86.97632936666133
47,77.95425958155168,86.97981763238235
47,77.97489926282289,86.98059985775915
47,77.97201821379925,86.98220481682274
47,78.00427739979563,87.0019413205309
47,77.99496460191533,86.9827831472359
47,78.01541535450787,87.00472329458074
47,77.97205542760555,86.97639923678358
47,77.99373959945618,86.98186036473153
47,78.01487698205042,87.03426494464958
47,77.97865642610148,86.96994841003209
47,78.04798202172071,86.98687714528947
47,78.00354800817368,87.04699451096714
48,78.02617110756776,86.98138681023353
48,78.01569731055267,87.01605232365809
48,78.01271240250436,87.01108770634616
48,77.97793571830772,87.0302692744548
48,77.9760118806999,87.01226983199986
48,77.98692737584618,87.00652489249997
48,77.99769111729215,87.03265824813438
48,77.99132770418177,87.02860105906834
48,77.99473405603028,87.01406556138664
48,77.95155925457736,87.00418263154349
48,77.97679057047594,86.9781029724574
48,77.98543402906596,87.0167239453058
48,77.98860077448647,86.99918691602434
48,77.98544931286207,87.01490701466587
48,77.99107294741428,86.97347035143734
48,78.02473616794815,87.03682806193572
48,77.98555404445477,87.00708662333606
48,78.01050984785567,87.01339718934663
48,78.01138759351082,87.0044391783309
48,78.00441584066866,86.98549197813769
48,78.02892139685919,87.00960783716293
48,77.9787008965453,86.95973316030769
48,78.03342651635191,87.02086428702503
48,77.97509918503549,86.97181016585452
48,77.97787415366618,87.01515708685164
48,77.99093677133916,86.99140166806643
48,77.99159770183661,87.01432785915705
48,77.99564945523242,87.00543062761808
48,78.02907265157579,87.03849070205838
48,77.96761091124225,87.00382591732463
48,77.99053214155296,86.9786415651331
48,77.99326477969886,86.96807065226993
48,77.99188274172319,87.00045783323516
48,77.97603134153566,86.96025580905304
48,78.04620291133851,86.98272487518268
48,77.9715710091038,87.0363527368304
48,78.00084880544458,87.00040394812648
48,77.97954256451676,86.95643304890689
48,78.01816083366954,87.01704516040371
48,77.97362249074668,86.98009965358332
48,77.99725812025007,86.99840089737397
48,77.97550588234047,87.00194488573393
48,78.04656296885749,87.01617043993261
48,78.02178404061203,87.00020487253683
48,78.01126760189443,86.97525067862105
48,77.9920973639424,86.97522091728493
48,77.99876339385078,87.0335139164598
48,77.9591335811123,86.99685048261412
48,77.98153240544401,87.04129787442267
48,78.02537564111698,86.95852083270633
48,78.01716738127483,86.99204203195872
48,78.00338831533986,87.03942627183837
48,78.00691992871377,87.03918419703245
48,78.00458358220185,86.97085153080276
48,77.99646678681455,87.0131008594378
48,77.98149836066857,86.9870733092109
49,78.02285063082466,87.01020107176974
49,77.99729007893836,87.01757229360247
49,78.00393790648899,86.97478095055266
49,78.02343578294689,87.04339007911459
49,78.01066958288891,86.95310710934011
49,78.0438244123113,86.9951705449778
49,77.98462440759936,86.96890878160019
49,77.95549468108608,86.98493455976741
49,78.03217404628481,86.97648841797579
49,77.97845392669554,87.03880285090328
49,78.01177511820215,87.01014954865552
49,78.01308334426764,87.03700937626223
49,77.95017038287997,86.99903675685587
49,77.99397319232054,87.00324963096979
49,78.03548830139543,86.9806315362645
49,78.02315120092368,87.02160087123787
49,78.00455789807073,87.02304621924667
49,77.98417863668863,86.97970004858041
49,77.98160286753543,86.98048451368962
49,78.00252869259153,86.96620030702758
49,77.99526463541548,87.04860017062356
49,77.99690591630261,87.03085488012995
49,78.04199063829218,87.0003459683398
49,78.02049101432972,87.03660092771591
49,77.97445201234176,86.95906083942383
49,78.04233894681443,86.9873375483496
49,77.96539782984051,87.02771512280626
49,77.9980127681969,87.04731365626417
49,78.04851715599469,87.00507021545293
49,78.01411528935415,86.9625626862538
49,77.99416518672011,87.04652677343338
49,78.00495875140963,87.02477145235324
49,78.04757609512875,86.98909767093319
49,77.95368828415441,86.99111639308043
49,77.9962888284036,86.98663542023534
49,78.0270050355241,86.97484964395936
49,77.97068379387119,86.98029958685895
49,78.01183403575988,86.99889387674922
49,78.02630118232604,87.0193976492864
49,78.00724164374718,86.98387873925
49,78.00548026693157,86.96479821717544
49,77.99824366578093,87.04264359273411
49,78.00094951436996,87.01949541314433
49,78.01485373695336,86.99127874017675
49,77.99939814946042,87.0153555965932
49,77.99826063383745,87.0117737982339
49,77.9744295766714,86.96560588639669
49,77.97509104177561,87.02931016118048
49,77.97244812803892,86.96676069191336
49,77.9804393815677,87.01423033590547
49,77.99014383482265,87.0398921420893
49,78.03436099692357,86.98640885489097
49,77.97568675707294,87.0232062221549
49,78.00625990501781,87.03229271959638
49,77.9919406732282,86.97502736985234
49,78.03860485028828,87.02362643285575
49,77.9764066719404,87.02148820492559
49,77.97213678195781,86.96857679739848
49,78.02802431350393,87.02158713614614
49,77.99366129429717,86.9775260149158
49,77.98975188825034,86.98640667519926
49,78.01755080209513,87.00879277605694
49,78.0127380101329,87.02795767299318
49,77.98515869481813,87.01900849900586
49,78.01245745491038,87.01663373661019
49,78.04294538622709,87.02386871767781
49,77.96523254710478,87.02156620774221
49,78.03860710415788,86.99122422296973
49,77.96870363248802,87.0029815009724
49,78.01036851743304,86.98690378119043
49,78.04163720020986,87.00663155445055
49,77.99177494966749,87.01293865298325
49,77.98914033636143,87.01403685004456
49,78.04531842765168,86.99945195882019
49,78.00900479693887,87.0402117998362
49,77.95505712385449,86.98512904420228
49,78.01753340258419,86.96910727493321
49,77.9685254607972,87.03158951300574
49,77.99266162241024,87.03038801858224
49,78.02530637942246,87.02081140865248
49,78.02348032072766,86.97662536351918
49,78.00495163815332,87.02087763121114
49,77.98852104786003,86.98252205223478
49,78.04555218331068,87.0125410556199
49,77.9643596567285,87.02394612178708
49,77.99397999340745,86.9833293509834
49,77.9953237903877,86.9788100282246
49,78.04359034100169,86.99346939474127
49,77.9789295390227,87.02844408043276
49,77.9602207574965,87.02854890542616
49,78.0250839440399,86.96178114822901
49,78.00312647328575,86.95801263057852
49,78.0360334568268,86.9689972174067
49,77.99645384132434,86.98443254949437
49,77.99851349668383,87.0222015275904
49,77.96736521951412,86.99879680297836
50,77.98398906790626,87.00701093825408
50,78.0063608821268,86.96985630905657
50,78.01252247990696,87.00355883551978
50,78.00847110721024,86.99781093424308
50,78.01045283653325,87.0028489366181
50,78.01440706679166,86.99953590537166
50,77.95617633430967,86.99179071348875
50,78.04480704663065,86.98522845108346
50,78.01774781263796,86.97907822258341
50,78.01113805262085,86.953497181027
50,77.95783941474635,86.97825704211417
50,78.00066077380632,87.03930244622987
50,78.03104483986331,87.02446174102474
50,77.9712271847433,86.98723152981155
50,77.95944585715539,87.00339836008094
50,78.01495930589843,86.9885984275451
50,77.99612713125342,87.00928372186212
50,77.96293690580471,86.99166126025483
50,77.95863162905786,87.01299785867862
50,78.01658951918475,87.02068520824461
50,77.96871215678219,87.03841603530014
50,77.99482918881354,87.01992432781871
50,78.01296266074684,86.95745380949197
50,78.00715349015682,87.03408757517188
50,77.95919933932987,86.98022728864777
50,78.00425631452225,87.04139583377811
50,78.02139006527003,87.03408080008697
50,78.04695061505724,86.9887818681937
50,78.01143301666367,86.96746450067836
50,78.01028703292485,87.02889578646047
50,77.97107122702438,87.03745021178203
50,78.03519652456002,87.00743546625996
50,77.97432369971467,86.98179934542057
50,77.98297778763806,87.0032236814338
50,77.99600310103038,87.01204606880538
50,78.00060399878339,86.9688284903393
50,77.98736780082466,87.03070323855023
50,78.0144142984302,86.96153223622481
50,78.02199028093384,86.98143427549944
50,78.04578744847055,86.98895035680506
50,77.9818486756069,87.03013704771922
50,77.9891417047497,86.99833338618797
50,77.9577395771019,87.01381060780534
50,78.01272357840972,86.99302086532379
50,78.00565415749972,86.99631480982984
50,78.00933212003855,87.0071867837717
50,78.00495112242612,86.96192242636464
50,78.03423204245071,86.99298739145537
50,78.00830808275319,87.03832537112268
50,77.97392194485896,87.03057657023022
50,78.00796871616363,87.03975333916215
50,78.00178914427342,87.02158234851896
50,77.95268431154007,86.98878794483797
50,78.0131439270346,87.04466194998324
50,77.99878525676229,87.02994976954653
50,77.99660709478447,87.02622415826085
50,77.95853217237023,86.99974275409183
50,77.98741700772793,87.01921194474467
50,78.01576991226806,87.00564397178896
50,78.0193227262329,87.00762025966067
50,77.9707616357618,86.96938274284048
50,77.95233977578273,87.0066765720846
50,77.97917298790554,86.96660878177765
50,78.02350354046541,87.03485859719932
51,78.00711012695555,86.98830152065631
51,77.99409165318158,86.98233167227332
51,77.99152436397927,87.01076068191828
51,78.00265982586166,86.97031447309934
51,77.9537202830448,87.00111779659272
51,77.9810243761357,87.01175034568621
51,78.01165672876218,86.95778432501868
51,77.98769142667042,86.97423800685746
51,78.00247838459981,86.98505112324386
51,77.9524522568294,87.01157489421564
51,78.01877538640382,87.0373709255701
51,78.01466422744234,86.99838894893591
51,77.99528023443754,86.99657904870543
51,78.00031442341356,87.02132748723058
51,78.00642310233773,86.98135393467325
51,78.0074803502702,87.00618906940485
51,78.00773263443028,86.97933224498072
51,77.99209651033077,87.0399470268738
51,77.98814247828479,87.03931992503601
51,77.98170186200971,87.02611765984871
51,77.97437630987443,86.98390698745199
51,77.98359068776539,87.0159593752722
51,77.99001662871632,87.04544743594643
51,77.97097290944288,86.99231733121765
51,77.96736459431965,86.97662727566177
51,77.97533662753324,87.01854907696564
51,78.01465349526528,86.9696660301313
51,77.9527219728019,86.98964460903665
51,78.03172311194157,87.0022123747315
51,78.01828705874664,86.96412007585971
51,77.96137350294953,87.01553677522458
51,78.01183280286095,86.98734322897808
51,77.96629928888771,86.97168506266148
51,78.01254997204863,87.03139214555067
51,77.97510340842412,86.99361070011524
51,77.97438669705346,86.97024204628512
51,77.95996773990313,87.00130299270506
51,78.00584585677713,86.98222726985891
51,77.96892020753724,86.99878921711137
51,78.01415766759062,86.99130045447355
51,78.03538787637211,86.97239199518647
51,78.00927114933778,87.0358585724847
51,77.99786585585976,87.04027108732598
51,78.03462566209316,87.02603997706521
51,78.02173488698959,86.99223099963437
51,77.9621106390614,86.99711835602876
51,77.97416381715935,87.03567462766766
51,77.99137844177187,86.97747734665018
51,78.01678064578576,86.96346346980306
51,77.9752373098482,86.98096611300618
51,78.03871405824172,86.97939809949632
51,77.98683085874795,87.01601052151548
51,77.95434687601691,86.98621221488199
51,78.0147969742902,86.98837870575665
51,77.96182934988055,86.984086130038
51,78.01342910024606,86.95635835340707
51,78.01676260402783,87.0144279899264
51,78.03501400819299,86.99867220799675
51,78.03364678861247,87.01406314889917
51,78.02338735468925,87.02509923374751
51,77.9813716268407,87.04482389893072
51,77.97637481732369,86.96560768481659
52,78.01886850004527,86.95638630546911
52,77.98815236623335,86.9907468053362
52,77.97665752211181,86.96843998344397
52,77.99317642390739,87.029432220712
52,77.97342541514074,86.99610779916999
52,77.99899354952584,86.97778896663078
52,78.03906691001522,87.00537163279584
52,77.9921435614766,86.95828577951839
52,78.03712644749253,87.02329433790224
52,78.00150401837472,86.99312136448134
52,78.04209566640239,86.99157226469174
52,78.03692338666899,86.97852204031405
52,78.02727231312794,86.97089201778441
52,78.01612108486907,86.99056918041003
52,78.04217317311242,86.99517529530686
52,77.96332351105573,86.97417553114431
52,78.01105046830669,87.0024589928707
52,78.02869435975025,87.00950248709296
52,77.99536464622912,86.95760544512862
52,78.00597910045953,87.00663129820347
52,78.00605514150898,87.03225570977037
52,78.006114130355,87.00946478870326
52,77.9900304145019,87.01507246428551
52,78.01222382893029,86.99953260113462
52,77.95831347162797,87.02601849221091
52,78.00403996590603,87.02317194151027
52,77.99644767419655,87.04848070118948
52,77.98191729510793,86.96152136046587
52,78.01789202541073,86.9919925937053
52,77.96148173509094,86.9946300857772
52,77.95823842569706,87.0196637841852
52,77.95616458555335,86.99036042289868
52,77.96857134691624,87.00476949448435
52,77.98212658490056,87.04615538953215
52,77.9798885492803,86.98085578856633
52,77.96399803432854,87.01601108083378
52,78.01081173876489,86.95402444073903
52,77.97804552212163,86.99209538388848
52,78.00265500504706,86.95086393386707
52,78.02072110076344,87.03190280308625
52,77.99613479007483,86.9869059059935
52,77.98015134686975,87.0413293843732
52,77.98931735075996,86.97816205034354
52,77.97572922534846,86.98609815232577
52,77.99593045967242,86.99012184480033
52,77.99397341200044,87.00504772990168
52,78.00857442737636,87.02967956979954
52,78.0027490176804,87.0368873578806
52,78.02752233227143,86.95945938976097
52,77.97237130136787,87.02581597786
52,78.03307325264139,86.97300576481202
52,78.0037202867835,86.98465658102037
52,78.013846662021,86.95547444020532
52,77.99067090762529,86.98331827447464
52,78.02659862318365,87.03741865857225
52,77.97628846606231,86.9952272686445
52,78.00948578642796,87.04842360071329
52,78.00383085655714,86.98549210092135
52,78.00394541469952,87.01172011125662
52,78.00614000065907,87.01376662290966
52,78.04412014707638,87.00568626420117
52,78.01882687641039,86.96770039772281
52,78.00036122459844,87.02667295551325
52,77.95040288706147,86.99384795469909
52,78.0276239033321,87.0281383252765
52,78.00901705162829,86.952383902641
52,78.02560265942516,87.03364692173984
52,77.97418733917802,86.96843233993421
52,77.99514148319466,86.99783515751788
52,77.97613690445556,86.9718026021878
52,77.97901091729192,87.0293763605868
52,78.00554545486679,87.04547808667998
52,78.04936293150332,86.99730677391568
52,78.00681997661214,86.96967081286397
52,77.98969708461452,86.96210300410736
52,78.02799087154759,86.96055623654243
52,77.983732374981,87.02625116750318
52,77.99281810834125,86.97302129590621
52,77.99720268739995,87.03754149903395
52,77.98683487807706,87.00020012733538
53,78.03358323529953,87.01392593521082
53,78.00922780385845,87.04067648720648
53,78.007385549136,87.02549965526688
53,77.97895707129295,87.01977153664166
53,77.98765392445915,87.04371787855509
53,77.97823314822386,86.97891702374899
53,77.99600541912532,86.99086825650828
53,78.00502127710006,86.99133251751765
53,77.9987454311635,86.98434634534476
53,78.01534265864666,86.99131124342598
53,78.00490039756994,86.95535532101118
53,78.00849473855014,87.02209278010982
53,77.97991101873815,86.99002786671879
53,78.03803703818906,86.99099749285324
53,78.04243342107813,87.01619899250402
53,78.01731822975292,87.01080047598182
53,78.00341683656768,86.96579998899082
53,78.01085251874647,87.0448905787383
53,77.95681561396222,86.98639886886191
53,78.03000997599419,86.96737244185967
53,77.9782138145026,86.98415517786445
53,77.98218128655175,87.02735039570521
53,78.01019516410761,86.97977129489894
53,78.01876394045739,87.02437839421216
53,78.00625119210402,86.95901463578477
53,78.02285059900365,87.00563132621897
53,77.9858091786296,86.99886441941754
53,77.96941915612288,86.9693422008959
53,77.98962395600473,86.96898330151714
53,77.99256951474449,87.02201459901063
53,77.98471349897557,87.02940886486712
53,77.96450156396408,86.99501960185003
53,78.00888063872466,86.98912876916847
53,77.97204336691408,87.03750041929531
53,77.99829821906852,86.99991667147225
53,78.0408177853736,87.02052748917708
53,77.97075652010408,86.98895889195401
53,78.0413432404003,87.02435879211663
53,78.01215074834315,86.96417491754278
53,77.96236964256532,86.98246673235835
53,77.97872263284921,87.03225932359332
53,77.95037530294282,86.9964179956157
53,77.96892020753724,86.99878921711137
53,78.0092417935976,86.9600821533032
53,77.98037239562886,87.00728802486566
53,78.01435122102161,86.9876536704878
53,77.9823351593671,87.03688847346339
53,77.95934502636584,87.019049876634
53,78.01737078732093,86.97216257619621
53,78.02599405665383,87.02298313123526
53,78.02600291354769,87.02379176983275
53,78.04294713982799,86.99945075070265
53,78.04252033283284,87.01885510994582
53,77.98725510741237,86.95915537555818
53,77.9981624930697,87.04600280311536
53,77.98627329837566,86.98661780741058
53,78.00689984323708,86.9686148309646
53,78.02980199694484,86.9734421821735
53,78.0013021279528,86.9609487599525
53,78.03382555614557,87.01299197518424
53,77.97444392661929,86.97814230170665
53,78.00417562806689,86.99997056830597
53,77.9846659446709,86.98541877260108
53,78.0291372054433,86.98376623473088
53,77.96705131883941,87.03160853238485
53,78.02779827114303,86.97320487553213
53,78.0044500349339,87.02338035433208
53,78.00665954812322,87.00827773652767
53,77.99696585228315,86.98530153212207
53,78.03525105802147,86.9929625881845
53,77.9945950755886,87.0070580411008
53,77.9921134190662,87.00207368220842
53,77.96078359782689,86.97188880300145
53,77.99558278043675,87.03355554780043
53,78.0039721549718,86.9874740746657
53,78.00340562683242,86.99187525001702
53,77.99602287527537,86.995657859211
53,77.98099202917167,86.99882372343993
53,78.01671218985935,86.99658201108862
53,77.97368005549225,87.00217674580938
53,77.98429692560251,87.00490673938953
53,78.02492266470496,86.98823115241699
53,77.97756400970346,87.02356057804478
53,77.97481097377751,86.98323810101236
53,78.02137204459278,87.02326166743336
53,78.02254653281298,86.99170150052807
53,78.03195712451546,86.97007352395228
53,78.018766514183,87.0041630518244
53,78.02231052058497,87.0025863636872
53,78.0307501530559,87.00190600673686
53,78.00839303456382,86.96876839869036
53,77.98476625674613,86.99958199230936
53,78.01273676374849,87.00478117278428
54,78.03545077690974,87.02767671952108
54,77.98605524595287,87.0279874409121
54,78.018766514183,87.0041630518244
54,77.99510521316593,86.95101105486951
54,77.98762968619441,86.9654450373262
54,78.00681819633839,86.999034473573
54,77.95634793096771,87.01372677966945
54,77.9895526505286,87.02050963068388
54,77.99823541237983,87.0291320569243
54,77.98963941854169,87.02939814425196
54,77.96507277583041,87.00364381828341
54,78.02649173568717,86.98364975266259
54,77.99320021324799,86.95832261463272
54,78.00849453103335,87.04772274618544
54,78.02237667827849,86.99054284922249
54,77.97117068900378,87.0116611083523
54,78.02078448062313,87.0029300500982
54,77.97840115420597,86.98775018125498
54,78.00895025268667,86.9772647809357
54,77.99188897327261,86.98024279030182
54,78.03848647716482,86.99084401865872
54,77.95383081354984,86.98596873750233
54,78.00371951116954,86.95860576333448
54,77.96790508926841,87.02795178327199
54,77.96823744226069,86.99059412883118
54,78.00590647874769,86.98059069843123
54,78.01803258913841,86.98819429432966
54,78.03026265347982,87.02793889418341
54,77.99342373467528,87.03125492669447
54,78.02444706994055,87.02339990724569
54,78.02122147666516,87.00525968953718
54,77.98367695935512,87.01953861679364
54,78.03107104584305,87.01725834432047
54,77.99169363704199,86.99141505278806
54,78.00998763284106,86.96325606252375
54,77.99325231444895,86.97343449816955
54,78.00128144935624,87.02807344980903
54,77.97690090062135,87.03916047120106
54,77.9773858957579,87.00292463000248
54,77.96074827862451,86.97952882309588
54,77.9799132219098,87.00403969020465
54,78.00750493040145,87.03942520362651
54,77.98532054051238,87.02423324963169
54,78.0377903595869,86.97321270666384
54,78.00277092495735,86.96745615333404
54,77.98221783307373,86.97205284540999
54,78.01610155785251,86.99720302593877
54,77.96512935069987,86.98331514279396
54,77.98150059269267,86.97693736681376
54,77.988590756138,87.03581829253805
54,77.99902316626394,86.98514487353326
54,78.0384453810124,87.0257593308584
54,77.9942772753564,86.9987057012934
54,77.99759231424737,87.0031416315964
54,78.01511032000717,87.03717210186286
54,78.00732761390076,86.96111833230272
54,78.0184608224904,86.98696153180215
54,78.01733873207318,86.96231301903943
54,77.986066774172,86.95442404720644
54,77.97978478671304,86.95464489801405
54,78.02330809354297,86.95921450069014
54,77.97200671938447,87.02596279914697
54,78.0145568877295,87.00141318184674
54,78.03521672744354,87.03526802885963
54,78.00282347809232,86.99226748000986
54,77.97597595595363,87.04379370535075
54,77.95887056910331,87.00607779146297
54,78.03858487472077,87.01801382179492
54,78.01323576737067,86.98707731413504
54,78.037114413116,86.97861438345663
54,78.02902470000258,87.00366547472113
54,78.0086894511373,87.04023995768603
54,78.04764517522065,87.00941316997253
54,78.01328424852437,87.0057825754487
54,78.01305001398731,86.99912683042012
54,77.99330869818112,86.95460052171394
54,77.97604658001892,87.02391371640043
54,77.9805071184893,86.95893383270973
54,78.02193142541063,86.98451628899988
54,77.99103493140427,86.95916289921334
54,77.96675261464473,86.99626656559384
54,77.97058446012646,86.97875380093255
54,78.02382736466068,87.02780323156826
54,78.01205035544493,87.04282856330694
54,78.02329717342188,87.04119310963536
54,77.96574931777387,87.02487763798072
54,78.03086844835822,86.9647364564323
54,78.0098216029572,87.01278280471831
54,77.9944017045423,86.98609441592203
54,78.0012730137271,87.04057563240163
54,78.02421554395016,87.0119486250461
54,77.97238778376648,87.00324149615156
54,78.02736542568579,86.96216624268749
54,77.96647916802215,86.97829036859535
54,77.99742674879317,86.99815645876498
54,78.0026430703051,87.0098015441707
54,77.97714672526365,87.02145253540087
54,77.98492883945602,86.97873380521706
54,77.96334485064686,86.97939987843267
54,78.00147324424184,86.9566105120608
54,77.99978202174142,87.02189724129475
54,77.98058296663848,86.9839636969106
54,78.0207488011114,87.0014584204745
54,77.99015162434338,87.03723528026053
54,78.01206677891064,86.99220291110038
54,77.98879984811809,87.001242338001
54,77.98954290260271,86.97427122120455
54,78.0111518530596,87.02746971830427
55,78.0163155073301,87.00430417488496
55,78.00398166421904,86.95942070755966
55,78.01219806392452,86.97981475162857
55,77.98112707023999,86.99567140461261
55,77.99869427457439,87.03055579155229
55,78.02751794499477,87.02792910443024
55,78.03672376691989,86.98700236470272
55,78.00862834831966,87.01118193450434
55,77.96820472580058,87.03348195242889
55,78.00108677689227,86.9522927106245
55,77.97983867483052,86.965019560454
55,78.04556974867666,86.98617717989913
55,77.98700649292662,87.03845579033155
55,78.00997783853016,86.96793069024336
55,78.04487137366485,87.00291111285841
55,78.00708069726913,86.97795273530241
55,78.0383334926178,86.99582765928581
55,77.9853716300017,86.975090626606
55,77.98925399693552,86.98631937349478
55,78.02841788011338,87.02252536115093
55,78.04309289578043,86.99361992857934
55,78.01360094555372,87.01210242798862
55,77.98635210844874,87.02677137942766
55,77.98012449120745,87.0119366142903
55,77.99307668087766,87.04135537045055
55,77.97874482821602,86.98494935054742
55,78.04499326574674,87.00849005615137
55,77.99462390186613,86.9942573199172
55,77.98828229300406,87.00873521715991
55,78.02434169902831,86.95945310009886
55,77.95765280072473,87.01279866947418
55,78.02270032278706,87.01695570575646
55,78.00961850367982,87.04809003565873
55,78.00073994168469,86.96390063539324
55,78.02202556048252,87.01233541485142
55,78.03903748502005,86.99036509660122
55,77.97166056061936,87.03379400699298
55,78.01689677628244,86.96113771425071
55,77.97243931059656,86.96529800062278
55,77.98682233332364,86.96395383098408
55,78.02186926532302,86.99437032321416
55,78.00510931979842,87.02172857672156
55,77.96727698307889,87.01708180693551
55,77.95818477876549,86.9731902077873
55,78.02103407642292,87.01259338386872
55,77.99617411177375,87.00585028898323
55,78.01408349481845,86.98041149128215
55,77.9966901963201,86.9718684343148
55,77.99668064528932,86.97909144502539
55,78.01522843642687,87.04025948103119
55,78.04491115459378,87.01685118064138
55,78.01562403843843,86.97139793565015
55,77.98690698523927,87.00760086320786
55,77.98239734025228,87.0208039819456
55,78.00373252209809,87.00578810802222
55,77.99809012935216,86.9653962297007
55,77.97361786281729,87.0363283058028
55,78.04526192811906,87.01838419117243
55,78.04590503843663,86.9928585501058
55,78.02990620882623,87.01133298694799
55,77.9624141126846,87.01379470684611
55,77.9800156115054,86.99191852430955
55,77.99331772480173,87.04247416937166
55,78.00563308220353,86.97667941468798
55,77.98908602113215,87.02999709668777
55,78.00005941848804,87.04236685492099
55,77.98572717988863,86.9958147491418
55,77.97005020010074,87.0383572700215
55,78.01183931559703,87.00823139656607
55,78.00649361089715,86.99974238946885
55,78.01669456817095,87.0429856145129
55,77.96415239692088,87.02293168864975
55,78.00308043587663,87.01251792046843
55,77.96372476599629,86.96589966685102
55,78.02356938951576,86.9702467365861
55,78.02353656145164,87.01410382797856
55,78.00825049553761,86.97692431306663
55,78.01152653948316,86.95800800045889
55,78.00351465469858,87.00834145498558
55,77.98668559368397,86.97272514616179
55,77.98023289800238,87.01227346809068
55,77.99796738868552,87.03632234003298
55,77.96538265553133,86.98347229894938
56,78.0246808852989,86.98074330725582
56,77.99256592588642,87.01271863713461
56,77.95828851444791,87.0148088270429
56,77.99482918881354,87.01992432781871
56,77.95388266405399,86.98186040543588
56,77.96932001903387,87.01759559578112
56,77.9875124051873,86.96552670418744
56,78.01805248310055,87.0129589846697
56,78.02594789912253,86.98242042373245
56,77.99841357096189,86.98351305404029
56,78.02073284241412,86.98738542045531
56,77.99979177717307,87.00785592388763
56,78.04514364118859,87.01937777555041
56,77.99383626521573,87.01169949818158
56,78.02558233119406,86.99040922292997
56,78.01261236562223,86.99488280989772
56,78.03471639936095,86.9952351993156
56,77.96997909609992,87.00085900197199
56,77.97635636064543,86.99977777126055
56,77.99771689638015,86.98462811993036
56,77.99759438357657,86.99760811404389
56,78.01436236145472,86.96317746659864
56,78.01037860970318,87.00834589650326
56,77.95764943450828,87.01101785782805
56,78.02765678709562,86.992539459856
56,77.97201965072452,86.9950167409928
56,78.04906775654442,87.00699503570938
56,78.03299534528209,87.01430218573363
56,77.99136546290657,87.02578289292134
56,77.99722092089905,86.99261900694019
56,77.95114886673913,86.99481278095084
56,78.00278777148279,86.99119570814725
56,77.98781404080577,86.95747266195623
56,77.98568406064858,87.01675604661966
56,77.97154022716121,87.03129310717196
56,77.99307723900257,87.01125667685538
56,78.01746833232778,87.02713823065554
56,78.04081083329265,86.98077189349983
56,77.95848117791911,86.99825584462982
56,78.03782919723874,87.00898913456457
56,77.96828959245221,87.03728534341069
56,78.02289708866725,86.97118596016404
56,77.99675274294229,87.03961931919979
56,77.97805392503678,87.0019891679676
56,77.98377696626105,87.01419157270149
56,78.02882729164435,86.9987296700355
56,78.00625462023245,87.01306167781213
56,78.04798202172071,86.98687714528947
56,77.97913221048087,87.00810138623956
56,77.99838076023228,86.9812345102687
56,77.98200221573121,86.99232088776664
56,78.0039259381618,86.98821661189997
56,78.00099480376214,86.98642646837831
56,77.97846331733867,86.96654740423448
56,77.9904836830276,86.99031340525185
56,78.00539583957557,86.96938634594414
56,78.00770483300094,87.03503791031741
56,77.99402636691771,87.02351207209843
56,78.01410716349638,86.996948562702
56,78.0049250225826,86.95066418140472
56,77.9913850549632,86.99234598806032
56,77.95478475379811,87.01986013387649
56,78.04095402658517,87.00305733476355
56,78.00902770965004,87.00109652566667
56,77.98920261454366,87.02456428601397
56,77.98505919101895,87.0447904110082
56,77.99690076365509,87.0193569440518
56,77.95400681485755,87.00064892823355
56,77.99433569480112,87.03980787097056
56,78.0314000989422,87.01230485328912
57,78.00858413501572,87.00566120214813
57,77.97149550686203,87.00876212992634
57,78.03026476704525,86.9692434443515
57,78.00990856882264,86.99816814221866
57,78.01370492111667,86.97691876404575
57,77.96158456227373,86.98423585913696
57,78.03133394566763,86.97924241149603
57,77.98975209849765,87.01857557929928
57,77.97838373876053,86.9622938837684
57,78.01782891265402,86.99427531052
57,78.01252005599316,87.00212278765294
57,78.01448331591932,86.97505847065561
57,77.994378012256,86.96787254365725
57,78.0329751621851,87.02044637191676
57,78.03220844151636,86.99845972155262
57,77.98663213768641,86.96845150540017
57,77.97400669199992,87.02098666369646
57,77.98161396011142,87.00217495850998
57,78.00889040290387,87.0103038508035
57,77.96477750685297,87.00582971055546
57,78.0107171007371,87.01048929730493
57,77.9794343025504,87.02566894928829
57,77.99526219169584,87.01573176704149
57,77.96861428041271,87.01866116975108
57,78.01668353224638,87.02755590422855
57,77.96614840623221,86.9818742688912
57,77.9904836830276,86.99031340525185
57,78.04505612956744,86.98715590144265
57,77.96139195771454,86.96928726319916
57,77.97046612327279,87.02534288511508
57,78.04456766089655,86.98278410384606
57,77.95764571823166,86.97444157030868
57,78.03240513376043,87.01546263981399
57,78.00746121652323,86.99049017154061
57,78.02250714108008,86.98688945920324
57,77.9672377087931,86.97073722678755
57,78.02412052061938,86.95794563607392
57,77.99210408254149,86.95811558661683
57,78.02847204130256,86.95970838627767
57,78.02071755276516,87.01236278091116
57,78.00509937127487,86.97763774098617
57,77.98778646455138,86.97055862312058
57,78.04048452851227,86.97399479840306
57,78.02559678723908,86.97027467074335
57,78.00338230367464,87.01764945664895
57,77.99091098606324,87.0296617104261
57,77.9995314872626,87.00858285630771
57,77.97542659300944,87.0214852176523
57,78.0291206285209,86.96963470850548
57,77.99344145141681,87.02205750153536
57,77.9783077347815,86.99872306855585
57,78.03648610594443,86.97572140537402
57,77.977114684528,87.00153829383292
57,77.98885695786431,86.98763094618052
57,77.99053214155296,86.9786415651331
57,78.0192966916014,86.97648818242787
57,78.00589511005494,86.98066008473056
57,77.97794024501532,87.00743582639141
57,77.99606258758833,87.04191888351926
57,77.99456085583016,86.99208138099682
57,78.02144419189236,87.03684304466462
57,77.95397851393034,87.0133844710686
57,78.01463375836862,86.98925308072278
57,77.9764066719404,87.02148820492559
57,78.00077848324547,87.02268569448186
57,78.02551485220526,86.99685312750259
57,77.99781579835019,87.00845760192722
57,77.9705106701866,86.9731341138018
57,77.99658081806454,86.9964494574041
57,78.03570983458835,87.00607350549541
57,78.03036429699698,87.00469954754577
57,77.99909698948862,87.00263936197095
57,78.0078455803631,86.96504336363779
57,77.98413835833897,87.01031711970272
57,77.99751322598988,87.01398110298871
57,77.9972667465575,86.97009235351628
57,78.00228223341281,86.99434259518073
57,78.00382590376067,86.95139843576025
57,77.99803563410535,86.99630563407354
57,77.96944345084832,86.9947972670385
57,78.01674894145872,86.99251067102884
57,77.96431420577203,86.97142337861068
57,77.99550982227697,87.04692930370284
57,77.9909265202321,86.99862922774507
57,77.98870709513896,87.03597153287369
57,77.97218165003814,86.98879880758281
57,77.98905419348976,87.01579736712617
57,78.03219771972277,86.96995481665088
57,77.97163237397547,86.97502240166244
57,78.00194571156878,87.01257943173266
57,78.03878307984792,87.0234294180457
58,78.0276797670783,87.00601356847844
58,77.98494954676435,86.99245638090862
58,77.96658989518195,86.98695943665936
58,78.02063590698552,86.97956993298727
58,78.00059626806798,87.01264235778487
58,78.02179807382699,87.02152488807805
58,78.01174179689411,86.96135271072586
58,77.97546326995044,86.99694309508544
58,78.03603784761764,86.9931128997254
58,78.00533559800178,86.95878942429592
58,77.99324754550909,86.98758550347699
58,78.01361982498243,86.96081116808391
58,77.95860058054264,86.99531380067364
58,77.98568406064858,87.01675604661966
58,77.98047309592859,87.02178852493084
58,77.99717932918882,86.99445723309654
58,77.98079087381323,87.00591735303499
58,77.9605733228181,87.01027975265785
58,78.03307325264139,86.97300576481202
58,78.02725992922082,87.00044166119261
58,78.00988278161172,87.01323652308255
58,78.00855528423045,87.01679362970185
58,78.00841030448474,87.00945509003394
58,77.97099175173963,87.01333848959999
58,77.99424080973455,87.01062380294613
58,77.95968118232847,86.99299375086143
58,78.03342206976005,87.02536328746561
58,78.03052608469994,86.98150249495355
58,77.9753451418366,86.97250702973082
58,78.02182863540769,86.97582897313445
58,77.99449768064615,86.96133880964612
58,77.999708006209,87.007917547931
58,77.95278174491989,87.00360881272591
58,77.98498939262053,87.0203190665052
58,78.04310771841877,86.9820591623505
58,78.00797507849461,87.0426072436553
58,77.9861780369363,87.04782233302454
58,78.00019342995486,86.98293245671624
58,78.03907452060102,87.02330937446959
58,78.0399611318726,86.99596720276364
58,77.9767282133647,86.96793214379242
58,77.965431984992,86.97454114483291
58,77.99036976328614,87.00356998390195
58,77.99661490131295,86.99485023753238
58,78.03037859335365,86.96867571978574
58,78.04196829606276,87.01659536491431
58,77.98009967400327,86.95480234799166
58,78.04014398394789,86.99964578574499
58,78.02753637142203,87.02713013364477
58,77.97962309642773,86.96476910246462
58,78.0024769957415,86.96130056582459
58,78.04374436851616,86.97765774340401
58,77.96816135714172,86.99250949595697
58,77.96491984240787,86.99376334191325
58,77.99421502279357,87.02260116470809
58,78.04225384082748,86.99550770341745
58,78.01352424220113,87.01756895657658
58,78.02400818404979,86.97696826474156
58,77.96626681395317,87.01103482150621
58,78.04190808967199,86.97432186075324
58,77.99409165318158,86.98233167227332
58,78.03185228308612,86.96410446049268
58,77.98139295769758,86.99411119081465
58,77.99122699564705,86.96949324581169
58,78.04225491757077,86.97482686507655
58,78.00332822791216,87.0286937233311
58,77.99743753181004,86.98081923985055
58,78.02770415778654,87.04044093329652
58,77.96060712089732,87.01552432653791
58,77.99308920694615,87.02037479281235
58,78.00475659356785,87.02395634649876
58,77.98273126230153,87.03851840785829
58,77.96859320775565,86.96507620976487
58,78.02528634232426,87.03089635480728
58,78.02807181068455,86.98679996146426
58,78.02756147908045,87.00497076326748
58,77.99806086510263,87.0271168688074
58,78.03086844835822,86.9647364564323
58,78.04672077806042,87.0149430017858
58,77.9837821904805,87.01614886231386
58,77.99154683841333,87.04567723156116
58,78.00215871141857,86.96488727531651
58,77.9953655877038,87.0150702366084
58,77.97931087588654,87.00477677548749
58,77.99687720686629,86.95992557010455
58,78.00608523775107,87.0029319482539
58,77.97416622928871,86.96489967598735
58,77.97320883959672,87.0190908438202
59,77.98943927895594,87.03017086418362
59,78.02200671136433,86.97223947192501
59,78.02767454665012,87.01987244137959
59,77.97600403666613,87.03261829346407
59,78.01388644707043,86.97147536373271
59,77.95802057852391,86.97312291394786
59,78.01324909586926,86.98680748086971
59,77.95770425237276,87.006060001321
59,78.02483482772594,87.01525362845867
59,78.01814764462593,86.96745000505169
59,77.98280460336719,86.98063301090595
59,78.00227410503203,86.99143891546476
59,78.02580459027413,86.9575533479995
59,78.02975938707388,86.97965533029061
59,78.02085060669941,87.03960622428328
59,78.03086111932754,87.0095133502031
59,77.9822780395145,87.00656632789017
59,77.98079627627769,86.98430546355677
59,78.03203698702569,86.96625191666547
59,77.95026956882447,87.00479049515808
59,78.02098755419581,87.00466093364736
59,78.03687087128274,87.03276665520292
59,77.98978468166705,87.04018219124447
59,78.01127258108102,86.9944337637373
59,78.01292379798743,87.01494022282294
59,78.0153245229404,87.02178405845467
59,78.00794179462522,86.96057534548184
59,77.98062218432239,86.99302152568217
59,77.9989349295066,87.03910721127795
59,77.97431166954637,86.99424835490429
59,78.0400218009774,87.01389871741794
59,77.95248014233316,86.99937012707117
59,77.98806866868891,87.03142366086337
59,78.00930148494072,87.00050062624521
59,78.01852971361333,87.0054725077455
59,78.02589078415646,87.02928606457519
59,77.9815463861506,87.0304957069414
59,77.99320514512989,86.99509399327789
59,77.9726370196165,87.02889187586203
59,77.97817615940768,86.96340761918229
59,78.02746958423364,86.9811852229276
59,78.01911424198079,87.03178352614681
59,78.00268702329235,86.97884294761408
59,77.98825662379824,86.96878784059406
59,77.99919183536605,86.95555528144759
59,78.03792349059903,87.0097950884983
59,78.02709551575362,87.0392814661839
59,77.97553264405954,87.04093423385522
59,78.03374632730171,87.02987301242217
59,77.9961355250614,87.02426452812225
59,78.02628817939232,87.01343642024905
59,77.98392174381655,87.04171610897228
59,78.0126363307335,86.98178240977636
59,77.97483313498547,86.96547905452967
59,77.99871150344224,87.00712167645993
59,77.97382473913464,86.96087347275666
59,78.02741873361964,86.97889237341577
59,78.0003458448807,87.01683445249319
59,78.0016127802772,87.03203090840496
59,77.99031806819005,86.95352048459671
59,78.00068323526843,87.00768442003877
59,77.95589112454812,87.00604171443835
59,78.044451876356,87.00128320615187
59,78.00435337495155,87.00307383804588
59,77.97347295177175,87.04166623869833
59,78.01611576269592,87.0150741903912
59,77.98906839753597,86.95320255649888
59,78.01182042378804,87.02976798038848
59,77.97984663136103,87.00490207077246
59,77.98659180313145,86.9937665158696
59,77.99593966937795,87.023894185563
59,78.04441252485994,87.02030996918985
59,77.99642415399983,87.0045029797623
59,77.96744077716137,86.98844915753251
59,77.9922228913184,87.01246880620153
59,78.01787100563956,87.00473358364454
59,77.98130620915425,87.0224079849316
59,77.9868663578912,86.95742727789877
59,78.00626188832953,87.00883578260732
60,78.01670955857206,87.00496900143817
60,77.99013469757611,86.986991332551
60,78.03759965227059,87.03092286934394
60,78.01217731194409,87.03259686517083
60,77.97237024273964,87.02750371084666
60,78.00367137684663,87.01418276812977
60,78.01220890108421,87.03070351470909
60,78.00726154334122,87.01676357398502
60,77.98261212313312,87.01080219428052
60,77.98656404363349,86.99761357675264
60,77.97289958610824,86.98030290867301
60,77.98458759260512,87.0011249934265
60,78.0117361948124,86.98408722667956
60,77.99169088559131,86.99534523620827
60,77.99435032148533,87.03452833300612
60,77.97083324989396,87.02741525237482
60,77.98923409471892,86.97603684865568
60,77.9903033306231,86.96672669437464
60,78.02169823193893,86.99781123968764
60,77.99319467048838,86.97901110129429
60,77.99161020443333,87.00911731714737
60,77.98490642811375,87.02220859201189
60,78.00934927427237,86.95584710879118
60,78.02166160423323,87.02724826955061
60,78.00802119888975,87.01598475433471
60,77.9910420057632,86.98824738602974
60,77.98400433053229,86.959459142295
60,78.01940089530251,86.97232534071077
60,78.0022055247415,86.9588524292646
60,78.01063286793753,86.96443803922061
60,78.00575172026257,86.95620830499564
60,78.00749830957635,86.95883664913744
60,78.02107869679084,86.9862086381783
60,78.0157625951677,87.01790811334168
60,78.00610393215783,86.97618393185488
60,78.0019803897444,86.98039405509432
60,77.97327745863029,86.99360233482281
60,78.0377647577695,86.97571842785746
60,77.98257894368068,86.9835771763149
60,77.98720461604455,87.00961792619141
60,77.97845392669554,87.03880285090328
60,77.99372789424396,87.03701461176546
60,77.99087890511007,87.02079273735089
60,78.01912031217181,87.0296633019679
60,78.00062007018734,86.97315283616696
60,78.02172162202237,86.95930093578873
60,78.00261313840817,87.02306795020243
60,77.97635250050138,86.99353519320078
60,78.04462437457951,86.99437007331068
60,77.97302654971129,87.01757606524802
60,77.99398374560862,86.98975338745977
60,78.00424442029126,86.99599805147116
60,77.9814014156509,87.01252355403705
60,78.04562168219968,86.97957840696736
60,77.99914706102585,87.03779444670361
60,78.0186816944886,87.00214024839492
60,78.00902770965004,87.00109652566667
60,78.0478242671803,87.0118663723485
60,78.0014458600605,86.99957858238558
60,77.99457586758689,87.00577341697854
60,77.9748605282221,86.99964945459192
60,77.9639281949193,86.96742431373096
60,77.96918306892547,87.02978264388118
61,77.99264333304657,87.04428808527221
61,78.03179356356463,86.99750267926626
61,77.96683659417539,87.00191497481889
61,78.00607400687183,86.96752765159096
61,78.01764568602024,87.01113263068176
61,77.96968727220046,86.97847842806023
61,77.98356700041943,86.99715692194019
61,78.00463872984534,86.98026321230061
61,77.97534836358018,87.03291700939339
61,77.98260694764075,87.03372273349748
61,77.99617409750778,86.95719679020316
61,78.01775865869698,86.96475336691952
61,78.03085323968988,86.97611905711969
61,77.95776098303327,87.00655895791394
61,77.98226054679353,86.96211334964538
61,77.97514595031356,87.0289824309754
61,78.04581361169751,87.01133483983239
61,77.96353498176873,86.97258094367811
61,78.0169446027369,87.02268760576314
61,78.0094973488015,87.04908757673606
61,78.00712437474888,86.99915031176758
61,78.00211527882574,87.03531285951988
61,77.97310073919495,86.98590509545305
61,78.0024360526297,87.04930485390213
61,77.96752616630003,86.99420325868422
61,77.96922198004033,86.99820026626348
61,77.97197373368944,86.99669848356224
61,78.0003518861007,86.9594137322683
61,78.01809550934195,86.99588353430994
61,78.00390451978286,86.96279116523817
61,77.9776048381999,87.00344043402694
61,77.99905410783548,87.0146669692402
61,77.97599336819495,87.01653480626818
61,78.04954659149826,86.9989626429723
61,77.98891418695614,87.01278518318617
61,77.99466968424626,86.95358134901365
61,78.00731527158207,87.00302816383382
61,78.00984637992616,87.01085885598678
61,77.97486494521945,87.01757168558764
61,77.98845049104298,87.03395967019904
61,77.97315967962741,86.96972514966411
61,78.01950719661136,86.95987471301815
61,77.97756619987628,87.01334138592638
61,78.03301303606084,86.97630236949325
61,77.99449654958613,87.00259167689023
61,78.0003311510255,86.98041543562115
61,78.0179913490511,86.98713790170419
61,77.97978478671304,86.95464489801405
61,78.03429481124529,86.99559872591304
61,77.98204317503792,87.00158130746775
61,77.97087851464215,87.03171513561915
61,77.97329333403707,86.9624143204843
61,77.97991101873815,86.99002786671879
61,78.01605197370664,86.96755389273486
61,78.00031796262114,86.99654542750064
61,77.99849138737338,87.04276802301447
61,78.01745303129375,86.98869064121145
61,77.99009995088304,87.01082489188617
61,77.98105827724218,87.03702066972807
61,78.00266542321748,87.01188349385755
61,78.00808592792029,87.03730451011391
61,78.00756664691386,86.9935240197149
61,77.95591282744168,86.98377496792135
61,77.96292012219115,87.01886226674705
61,78.03622465025242,86.98724944058087
61,78.01926434241784,87.01608186443966
61,77.98906585865208,87.03061812723318
61,77.97978161675903,86.98832032934723
61,78.02505609433044,86.9618323494639
61,77.9968971943562,87.0333648529531
61,77.97749470512717,86.97093741161292
61,78.02842324220411,87.03024855127167
61,78.00352473323362,86.99412041316288
61,78.01582050905971,87.02596295878094
61,77.95222688615297,86.987308060225
61,78.0126363307335,86.98178240977636
61,78.00229082965318,86.98574924354374
61,77.99445279705567,86.97051105726389
61,78.01482892757137,87.01851354655314
61,78.01429038234706,86.98477216309136
61,77.98224350461538,86.98112874729243
61,78.03494658721054,87.01656192457595
61,78.0218865524484,87.02923849373437
61,78.03357525396397,87.01200405006111
61,78.00676121845298,87.01028086695719
61,78.04147174072533,87.02041822140791
61,78.01462708026064,86.99329180888871
61,77.97838851485383,87.02961154512802
61,77.9680890396003,86.97701028272236
61,77.98955082671606,87.01827359142918
61,77.98944761187478,86.98183694907425
61,78.02063882397094,87.03014541938516
61,77.9559591891532,86.99698959432158
61,77.98559260501754,87.02374862125944
61,77.95752608613445,86.99601462676821
61,77.98671440272021,86.95656394709259
61,78.00079699907647,86.98015371308666
62,77.98761968579993,87.03523417396286
62,77.9675884101177,87.02382173322952
62,78.01779983105509,87.00997092270956
62,77.99538522129026,87.04097220890918
62,78.02391278919387,86.99302869657359
62,78.02992813541687,86.96351515361258
62,78.02185240934078,86.99872844335292
62,78.01161602691501,86.98643107938113
62,77.97870424518466,87.02909594682669
62,78.00626743115463,86.9784503199946
62,77.98478591310094,87.01455266607886
62,77.99594289750317,87.02562201396273
62,77.99883965416245,87.01000117931322
62,78.00981745633237,86.96192331972435
62,77.98252598516756,87.00517357788402
62,78.02163213632302,86.99660093223973
62,77.99326351398125,86.97455529153585
62,78.0253626415205,87.03175603668376
62,77.98667152806729,87.01850951968015
62,78.00034926855676,86.99300120828624
62,77.99790275749551,87.0197610142788
62,77.99163195513457,87.0062203675166
62,77.9582688691847,86.97889297351526
62,78.01463375836862,86.98925308072278
62,77.968545292464,87.02218686877782
62,78.04043328732183,87.0029569249962
62,77.98587275819035,86.99405479009634
62,78.03630466293652,86.99070177105497
62,78.01101216321236,87.01862001154542
62,78.00311407806768,87.04507161469401
62,78.00549017811913,87.04775452480406
62,78.01254997204863,87.03139214555067
62,77.99847851038935,87.01969466008644
62,77.99637366133683,87.02290670193008
62,77.98028030495492,86.98072230975662
62,78.01844724398704,86.97124403967874
62,77.97849714700779,87.02649822225712
62,77.99962540164626,87.0226676283871
62,77.98381488995653,87.03495759199414
62,78.00127676299994,87.03716870445206
62,78.00680938272646,86.98338104494594
62,78.01841659170842,87.01732532716605
62,78.01047893866841,86.95785819737881
62,78.00373970370507,87.0198530122766
62,78.0441695172045,86.98379130181347
62,77.97509215897779,86.97115150914127
62,78.02428403767436,86.97045582981184
62,77.97047296195275,87.03595563837295
62,78.0265224803694,86.98823699343166
62,78.00441083622532,87.01145547606104
62,78.0119876736958,87.00737339932418
62,77.96738099256962,86.99801484992759
62,78.03915812362338,87.01079218171988
62,78.00303978250524,87.01709705541003
62,77.98197910371852,87.02424350470255
62,77.99751322598988,87.01398110298871
62,77.98018545817351,87.00347333897867
62,77.99085942655425,86.99236481183078
62,78.02558325881111,86.97888181127053
62,78.00392394848122,86.99679394548089
62,77.97937455677284,86.99020000703496
62,78.0227277015944,86.99775727224322
62,77.987982366822,87.0333981504494
62,78.03894302764955,86.9735095837406
62,77.96363245602174,86.99172694480681
62,78.00010934802468,86.95841922764399
62,78.04157477550508,87.02129554750468
62,78.02163494410009,86.95841600625043
62,77.97606671141554,87.03516783025418
62,77.96753807993595,86.98987707458582
62,77.96821770416177,87.02551399868398
62,78.03559659410907,87.01344273102012
62,78.04023160556748,87.0076550056466
62,77.97561057493432,87.00607759966947
62,77.95925014844418,86.9787673801125
62,77.97893545980206,86.99447428779509
62,77.95994351552339,87.01814161041395
62,78.01410677111079,87.00029113652704
62,78.03256466860434,87.03793769257304
62,77.99428531018205,87.02077458670887
62,78.0250349878467,87.02390821425163
62,78.04196693620132,87.00585978769057
62,78.03298612667447,87.01157536318463
62,78.03931633111578,86.99956930747028
62,78.00022214810768,87.02093917243128
62,78.03906691001522,87.00537163279584
62,78.00527392744931,86.98134120897323
62,78.02735075551666,87.00919619261809
62,77.97391862625528,86.99252009309635
62,78.0127938655144,86.9746859392837
62,77.98951133946905,86.9794014743688
62,78.00981312593449,87.0120093599995
62,77.99358876220619,87.01647631497286
62,77.97104722932183,87.01881753256009
62,77.98648009502907,87.00794663141323
62,78.00126673756226,86.98544078513667
62,77.99949360240093,87.04382253362498
62,77.9660836596439,86.98400289276611
62,77.98591544366833,86.9837675197992
63,77.98522164995312,87.01746170427579
63,78.00206543809864,86.96225041641652
63,78.04982729880138,86.99716012107488
63,78.02403127290013,86.98447860760312
63,78.0261349211653,86.96322706713816
63,77.97111466406731,86.98026147213456
63,78.00922912816667,87.0173581454394
63,77.98897294282197,87.04097913830785
63,78.04226610391599,87.01999450592264
63,77.9830966344988,86.97216755225764
63,77.97837388911245,86.99866914708808
63,78.02357978730012,87.04367536734914
63,77.98720454569563,86.95970818485681
63,77.98858889469217,87.01416178748693
63,78.02191846771744,87.03987526659782
63,77.97664827400426,87.00605506646698
63,77.99284757692149,86.95557217263215
63,78.00460890101279,87.0311761155652
63,78.03630466812602,87.03153790263363
63,78.04608220743708,86.99059861039585
63,78.00227806385276,87.00333643513956
63,77.99356678084992,87.01632246411064
63,78.01865556400027,87.00290242160563
63,77.99778425815799,86.99891968520133
63,78.02143555328045,86.98533154552176
63,77.98463720307993,86.96916584632852
63,78.00583365463265,87.01761579040684
63,77.99815890360597,86.96175926402805
63,78.01719450835634,86.95756602818932
63,77.99455330662197,87.01648892713985
63,78.01513159252451,87.02037255631235
63,78.03121895504205,86.96462868140857
63,78.02058454317115,87.00690672625255
63,78.04136900846677,87.02682320615413
63,78.01670790716524,86.97491270270905
63,77.99359408875831,87.04130018457997
63,78.02471873373261,87.02944302883003
63,78.00090954577341,87.02056337362951
63,77.98851474596054,87.04154195461163
63,78.01932607093887,86.9822079111262
63,77.96941833321092,86.98214632693804
63,77.9899815900674,87.04708852865822
63,78.030563525964,87.02230930668766
63,77.96714905304529,86.97199463911558
63,78.01844060010372,87.01441215478216
63,78.02744331689249,87.04121787144544
63,77.97160011149518,87.04044786722369
63,78.01803901788912,87.0396761146562
63,77.99161052310387,86.99887152329813
63,78.01562577479997,87.01679554650065
63,77.982398178598,87.01299638910832
63,78.00111321728484,86.96374591172572
63,77.99410911283404,86.99472041066358
63,77.9872496432043,87.00596461710784
63,77.9930908452635,87.00389898840737
63,78.00112268460394,87.02962312010774
63,77.96809368744044,87.02849602771931
63,77.95512511055648,87.00591631942608
63,77.95770946791747,86.98283770356194
63,78.02138472271118,87.0337485969824
63,77.99455477718824,87.01075843794985
63,77.96589093003398,87.0044571704833
63,78.01574146096632,87.01714623613205
63,78.02308483193778,86.99777655401965
63,77.98547737393791,86.98635242096381
63,78.01837634192306,87.00841467736359
63,78.02828004082194,87.00409871414016
63,77.98563035786458,86.9929225940392
63,78.01925038126417,86.98322188067941
63,77.99892235180832,87.02057360656157
63,77.97950954166421,87.02021621694365
63,77.97139429306199,86.9591749528098
63,77.97591139246452,86.95843286105064
63,78.02838975691893,86.97395126275622
63,78.02867678461818,86.97364213864988
63,77.98740405410989,87.00024899464997
63,78.02193180310857,87.01203067672904
63,77.97714523756734,86.98507722481308
63,78.0236063445821,87.02242873649703
63,77.99585424469558,87.01680661397637
63,77.96249083272018,87.00971258160976
63,77.97807417050623,86.98786654638049
63,77.97320984904073,86.96086640565349
63,77.98677600137792,87.00966845506862
63,78.03069394927407,87.00445869742025
63,77.98830165879045,87.01995526817369
63,77.98247320652168,87.0066430035234
63,78.02104177550737,86.96060536355776
63,77.98169862697068,86.986368283261
63,78.00147415478017,86.97894089145133
63,78.02881618847222,86.97969079708321
63,77.96522299144185,86.97480470661866
63,78.02135865807661,86.96744371116498
63,78.03999270152237,87.01921190958261
63,78.00640794643029,87.01055866897792
63,78.01286998636378,86.99459134519722
63,77.99705887528958,86.96715385143764
63,77.99532034491655,87.01451615006962
63,77.9674179201191,86.98323704317104
63,77.96333360721108,87.03372722018322
63,77.9714733296062,87.02153598628512
63,77.96007272975272,86.97884233867525
63,77.99507584330287,86.96428041619062
63,77.9750499388017,87.00769496611538
63,77.97056186236941,86.99998085114639
64,77.97995075847321,87.03258621213158
64,77.95998681068632,87.02797036018418
64,77.9750635576834,86.95974418540553
64,77.99065850937654,86.97673175485059
64,77.98706764816781,86.9733109289418
64,77.96154752123797,86.99982931171613
64,78.03711623986501,87.00886591299417
64,78.00508189312134,87.0153965610227
64,78.03753756004612,87.0195293822493
64,78.00777199916371,86.9843516517639
64,78.01937240383707,87.01767837840148
64,77.98151174728902,86.98918124524398
64,77.95548930370728,87.00544907025046
64,77.99079183774056,86.95088154704456
64,77.97775756599904,86.99744340298423
64,77.9961699353893,87.01880193802167
64,78.01559804749228,86.99861291503892
64,78.02846737963625,86.99438095006083
64,77.98386699169133,87.03118572632006
64,78.01994560103516,86.96201335490744
64,77.9982147593925,87.02746635026412
64,78.01470605881966,87.01632730952647
64,78.00629584689099,87.04266332789295
64,77.98202985540516,86.98069854791464
64,77.96911020752057,86.98984912683807
64,77.98930949751988,87.02210773458528
64,78.0186829582912,86.95983551789638
64,78.02995621800798,86.98604681895803
64,77.99818410103862,87.02122228451461
64,77.97611034300284,87.04371835492091
64,77.97613970594684,86.95721330970495
64,78.01417479949703,87.01787917241282
64,77.98249119729303,86.98954310284648
64,77.98615937694473,87.04560251702593
64,78.00040377723542,86.99970839502305
64,78.02489423845158,87.03425438774319
64,77.97047420360393,87.01862047355702
64,77.96647435102847,87.01283369895948
64,78.02304599254576,87.02918415603175
64,78.03029944362628,87.00863506220323
64,78.00729418344912,86.97868109560999
64,78.04671158923004,86.98809918246644
64,78.02778680811087,86.973483609653
64,77.99873380134547,87.00547757223237
64,78.00410393942677,87.02082744112539
64,78.04152107424653,86.97258653078303
64,77.99533983881678,87.01309125355662
64,77.97250502125446,86.99337440652998
64,78.0245768046981,87.04353967203663
64,77.96971863747696,86.99643484577057
64,77.98457527106832,87.02031647376289
64,78.02634790263089,86.98500492608254
64,77.9828876962373,86.9668606945413
64,78.01709614677604,86.97170215807596
64,77.96997632121384,87.02222332986085
64,78.00470733994901,87.02853144257882
64,77.99458208108871,86.97787359030782
64,78.00206367874408,86.97858182102509
64,78.00607474802219,86.96950585834841
65,77.96909273146673,87.0274028499906
65,77.97516533275801,86.97635521936186
65,77.9988553745585,87.02350982453642
65,78.00660203040118,87.02811313825868
65,78.0145657847426,86.95595936149788
65,77.97976043818419,86.98759347953768
65,78.03824418111218,86.9814140999416
65,78.03721887604209,86.98358351682438
65,78.01544381442811,87.04059775054914
65,78.01104325770524,87.01040520100123
65,78.02530682696735,86.9903116147903
65,77.95633840209058,86.98504788302932
65,77.96257665759182,86.97042113634443
65,77.99103705678702,86.96592529637711
65,78.04947152356809,86.99837389771561
65,78.00066977661007,87.01779407393146
65,77.9670790014202,86.98600984801146
65,77.97349663531303,86.9629559430061
65,78.03817420813951,87.0043914431226
65,78.0361959843019,86.99999003012178
65,77.9784200323108,86.98544759902252
65,77.97863346631347,86.99017821726737
65,78.02629759750494,87.00796566756222
65,78.03203509745076,87.00259470852022
65,78.01572400025934,86.97241903792948
65,77.96321172818134,86.99366105030091
65,77.98806405318415,87.03648879762099
65,78.0212079826273,87.02974683731443
65,77.9869047307972,87.04367814028964
65,77.97794844405014,86.98144398200232
65,78.00522421336021,86.98903532073227
65,77.97861371955327,86.95530528556479
65,77.98839642075981,86.95411329570861
65,78.00925359281773,86.95438388223657
65,78.01393158562588,87.00904280762214
65,77.97891777608352,87.01633020300865
65,77.95828851444791,87.0148088270429
65,77.98604373397619,86.99174363009259
65,77.98010800721262,86.99447987973772
65,78.01092237296058,87.01268563602993
65,77.97524538771172,86.99724329633855
65,77.99208734183227,87.01375801079949
65,78.00616752557734,87.0391333209559
65,78.01861111041798,86.97831451481596
65,78.03757834804965,86.97650621644232
65,78.0026017166937,87.00483058446613
65,78.00977324711747,86.99881990313767
65,78.03395542888285,87.02478348113064
65,78.04577919845961,87.00195041624404
65,77.99522052261858,87.0000805151882
65,77.99927320756971,87.036134864498
65,78.02200247903637,87.00520167218579
65,78.00975959311562,86.98597120427814
65,78.02091659931101,87.00238524914886
65,78.00187847919494,86.96149540534354
65,78.0079955421761,87.00222687953126
65,78.03437078016695,86.99999668977973
65,77.98671553451136,87.01252528142174
65,77.98245274506405,86.96960168781132
65,77.98063143975072,87.03206697357724
65,77.97267149293582,86.96537024280529
65,77.96729005482572,86.96483363924122
65,78.01837634192306,87.00841467736359
65,78.04307071052942,86.97699445152284
65,78.02052989950438,86.99819044110266
65,78.02974036059172,86.97632936666133
65,78.00980917790237,86.99210199817763
65,78.01904107697106,86.99211359362
65,77.97518964082964,86.99087809781405
65,78.02127163399766,86.97056022652131
65,78.01833388367801,86.98413289958332
65,77.96726552585575,86.98453386553895
65,77.95911197955279,87.00609895339409
65,78.01313832128045,87.04598629495398
65,78.04091837203507,87.00733358620127
65,77.99556794766444,87.0213653088508
65,77.97020176609996,86.98052745000912
65,77.99581176528281,87.02021247603889
65,78.03974298935788,87.02158163149699
65,78.01644342414926,87.04462485544052
65,77.9782455444772,86.95610502994062
65,78.00753396331582,87.03165581544555
65,77.95811234713939,86.97706706080858
65,78.04479991423811,87.01004453427902
65,77.96384231944718,86.99913709610094
65,77.97161617884164,86.99601043294392
65,77.97176859843496,87.03247202355719
65,77.98352804076319,87.00694513659639
65,77.9876600136509,86.99723021135246
65,78.03022590044034,87.02122502542973
65,77.96845286169756,86.97805869516175
65,78.04798202172071,86.98687714528947
65,77.99018266084667,86.9906081300571
65,78.01363232088326,86.9540189503971
65,78.03333478248969,87.01499619577069
65,78.02848263732062,86.96607180792572
65,78.03035881559036,87.02611754790252
65,77.98315747311966,86.97634910161064
65,78.01489118006737,87.00370972124254
65,78.02576559979764,87.02278302227714
65,78.04359747518262,87.0015492906929
65,77.99915993089104,87.02362279663832
65,77.98422998595349,87.00898298028852
65,78.00101185265625,87.02278604258687
65,77.97313509901889,87.03864775452786
65,78.04158265255916,86.99443270671019
65,77.98702847255096,87.0444621080913
65,77.97900268772935,87.00769314502188
65,77.96087617125959,86.9803363665555
65,77.9959899091226,86.95076666160885
65,78.03899725994403,87.02880013184203
66,78.04453743437031,86.99923707954511
66,78.00165649323287,87.01448805409838
66,77.99513447097033,87.03008366212259
66,78.00433618853758,87.01378129151428
66,78.02889464120832,87.02859052846355
66,78.00967407666145,87.00308013507313
66,77.96872634633333,86.99823529016273
66,77.98994250396268,87.00617358685373
66,78.01021690534759,87.01714939081143
66,77.98382390181877,86.99744278188737
66,78.00895416014855,87.0354631999599
66,77.97060098341043,86.97355177724043
66,77.97703747525055,87.00763605012177
66,78.01520433485031,87.01838428851275
66,77.96031070964912,87.02793852485858
66,78.02159354251718,87.0053127079869
66,78.0220884345146,87.01180236641447
66,78.03714355662854,86.97254990268902
66,77.9619458294455,87.02291785606278
66,78.00557801472075,87.01540816261111
66,78.04700797205315,86.98814092517661
66,77.97135942165627,86.97498233143357
66,78.00773691049595,86.95107279988277
66,77.97575377017776,87.03197542944503
66,78.00141974503796,87.0045471892924
66,78.0233864676183,87.03913519580023
66,77.96847384968102,86.99267318275682
66,77.95758983117821,87.00831327110906
66,77.99448337477419,86.977527994484
66,77.95376250414654,87.00363152586714
66,78.01762465686635,87.02909628816751
66,77.9561551104229,87.02019771787424
66,78.03070969548084,87.01749732585081
66,78.01375644800136,86.99438626246948
66,78.03736350246534,86.99113436669569
66,77.9567511520576,86.99235449730295
66,77.96892020753724,86.99878921711137
66,77.98599728050736,86.97015928025363
66,78.0049398244958,86.95446081206137
66,77.99596120129726,87.04633997670875
66,77.9789417806438,87.01552752298812
67,77.99808919380774,87.03723760060821
67,78.03582277129844,86.97727127145166
67,77.97371306110851,86.97744865349175
67,78.03258130699557,86.99923891922268
67,77.98939923037197,86.9987026164372
67,77.99389541153792,86.95106413183349
67,77.95323789789755,87.00272732458481
67,78.02848263732062,86.96607180792572
67,77.95701722724408,86.98700416879738
67,78.03862970441243,87.01842508811282
67,77.9915938166296,86.9846479875591
67,78.01261236562223,86.99488280989772
67,78.01240153964233,86.98735142210082
67,78.0186080796791,87.02000925150827
67,78.00411295587529,87.0343336741061
67,78.02485666910155,87.03263754474119
67,78.01902336509663,87.04204766913635
67,77.96600083646484,87.02453689179795
67,77.96272267772318,86.98055016110823
67,78.0247139461691,87.00289110371175
67,77.96597615287665,87.02982731712463
67,78.02562083901067,87.02758384297329
67,78.01230405520955,87.02269389203036
67,77.99074324439889,86.97411051850754
67,77.98648847780872,87.00501742525127
67,78.0430341950737,87.00267069061388
67,78.01375644800136,86.99438626246948
67,77.9636662215828,87.02206811826862
67,77.985347765219,86.99301723505354
67,78.01110445774243,87.01745322518387
67,77.99739684094695,87.0432109812954
67,78.00687735559436,86.98429812049743
67,78.03523674791349,87.0295048748893
67,78.04229227210976,86.99566692065673
67,77.97211974558982,86.95913873341705
67,77.98047736925236,86.99901448726996
67,77.98881504566921,87.01811216560961
67,78.02410508900084,86.96935226714639
67,77.99936117631638,86.99362321620829
67,77.99596971548296,87.02456374877852
67,78.04713398967104,86.990974401042
67,77.96724213289922,86.98208069696865
67,78.01470017931027,87.0468110507879
67,78.00627185388014,87.03727814395279
67,77.99304359474648,86.96180359929392
67,78.00253209806264,87.0306141260192
67,77.99556433885574,86.99890211247323
67,77.98271677867717,87.02389489398497
67,78.02155060480479,87.0106099710659
67,77.96740499037473,87.02640506827863
67,78.0168997971758,86.98518940095373
67,78.01274548674287,87.03750567363555
67,77.97810082441464,86.98811295591463
67,77.99147345890539,87.04713038215763
67,78.03086913851445,86.993340201172
67,78.01864551829223,86.9977629254454
67,77.9900602725177,86.95709844419437
67,77.99858169142749,86.9500595637982
67,78.03679420846538,87.011395036042
67,77.9918811552601,86.98236625070766
67,77.9972274054097,86.9740467652847
67,78.02568204366227,87.04232252209523
67,78.02760015139259,86.98147009768486
67,78.0151141613491,86.98220354303716
67,77.98135193172422,86.96602969432692
67,77.99395318620391,87.00410471972775
67,77.99026806848211,87.02830912846485
67,78.00125247283087,87.00341961232324
67,78.02916998418513,86.9800639512935
67,77.98875869667727,86.9905835084002
67,77.98373712241062,86.99713664157582
67,77.98436012850085,87.00560279669232
67,78.01456236984923,87.03001293481321
67,78.0002900832141,86.97964511846766
67,78.01973985534683,86.98478661668948
67,78.01996458304419,86.95558329832961
67,77.99959005824118,87.02212529183525
67,77.98404420592047,87.02974131056769
67,77.98684022585667,87.01522878765549
67,77.98581568018959,86.9827173331534
67,77.99893852616246,87.04704537813349
67,78.01468856766394,87.00111037473575
67,78.0408035054586,87.00906500709158
67,77.97315622045596,87.02893865774807
67,78.00477794533114,86.98307481246245
67,77.99392388872272,86.95578178328526
67,78.00221103655853,86.95150015379461
67,78.03607693430348,86.99044639165994
67,77.97701579947572,87.0284881614047
67,77.98392010342631,87.01887136362312
67,77.96287733326865,86.9838533323166
68,77.95989198180463,87.01827696129803
68,78.01377882178507,87.038101445164
68,78.03878550772642,86.98014485110062
68,77.97884461742557,86.98402895857156
68,78.02764623864901,87.0084220070725
68,77.95572440229178,86.98542838869466
68,78.00203585508268,86.98542478893606
68,77.98405659605928,87.02520086310783
68,78.03948184887132,86.99608469766422
68,78.03214157176478,87.00173266952636
68,78.00005417152794,86.95580836216564
68,77.96620009774047,87.03032972098258
68,78.0061147929712,86.99549118366271
68,78.0208618375037,86.98408761660843
68,78.00208569334958,87.0407141151175
68,77.99176586054394,86.96206888658347
68,78.04246873622021,86.9819868947485
68,78.01789771377996,87.0277336475492
68,78.0211376410732,86.98288178629737
68,77.98341950438748,86.99234557874988
68,77.99988758110808,87.02945523845841
68,77.99512654537581,87.0092176645323
68,78.01972287309269,86.99690448388755
68,77.97150432216682,86.96839540488003
68,77.97445045086246,86.96445018667582
68,77.97747379016867,87.03967710288683
68,78.00144276403475,86.98060803267968
68,77.9774520599895,86.98279406770598
68,78.0207558238099,87.01024832846541
68,78.01598781832939,87.00282174169503
68,77.95279717618776,86.98449086205513
68,78.00568691012212,86.97835337347941
68,77.9876600136509,86.99723021135246
68,78.02362404868458,87.03024708513622
68,78.04545332411836,87.0014564311181
68,78.03236731203745,87.01005108487473
68,78.00219776124149,87.01721755777588
68,78.03358373890295,87.00760423999795
68,78.00889040290387,87.0103038508035
68,77.9944483837003,86.98872701341494
68,77.96357892450212,86.97854161092042
68,78.00889040290387,87.0103038508035
68,77.98568480536204,86.96292881347054
68,78.0090792552714,86.96524273164927
68,78.02738053488996,87.00289738065511
68,78.01212849119852,86.98394295368013
68,77.99632573592008,86.99778049624398
68,78.02890280443218,86.98233651797517
68,77.96713000070118,86.9791250547031
68,77.99074324439889,86.97411051850754
68,77.99725812025007,86.99840089737397
68,78.00601972405897,87.03500283646633
68,77.97965041368492,87.02076665982966
68,78.01653582748025,86.95722273744724
68,78.01430254443693,86.95695765663842
68,77.99230152038547,86.982460494541
68,77.98244520795872,86.98300336480217
68,78.02896376164246,86.97369924879716
68,78.00702770871384,86.97829953652749
68,78.00729289730583,86.98346596279937
68,78.02637522858996,87.00685215909112
68,77.97650889465179,86.96343378804558
68,78.04839025545803,87.00651207746007
68,77.97299947786897,86.98971514626066
68,77.96498359889942,87.03324585909542
68,77.965958091916,87.03452108788177
68,78.01593507065586,86.99511565460297
68,77.97542187047927,86.98618254471127
68,78.0089788299624,87.02279607426678
68,77.9899857064863,86.96763557377791
68,78.03633364060126,87.00023204973847
68,78.0088527489662,86.96693098566634
68,78.01867015722061,87.02300876796701
68,77.95051789156646,87.00038864604187
68,77.96036709078906,87.00272367737699
68,78.01444646251414,86.99169045559998
68,78.01727304235885,86.9860023889039
68,78.00607212887633,87.04912039111267
68,78.00336067395314,87.0388187844867
68,77.9770667167355,86.99746551325785
68,78.02388730439377,86.98319423397837
68,78.03657613398391,86.97924240345637
68,77.97114256712122,87.04052747228792
68,78.02107404608108,86.99425789311019
68,78.00518373117342,86.99099938361442
68,77.96581758818844,87.03026957704739
68,78.03536342599628,87.02131596487784
68,78.01880512043248,86.96465437474473
68,77.99789074603756,86.99944550088273
68,77.97778440273576,87.00617839729763
68,78.03920335748519,86.99583921855645
69,78.02586190957703,86.96417676629434
69,77.99865029217506,86.95301496519228
69,78.00506024800444,86.95592213661106
69,77.96262331971113,87.02944346904236
69,78.04372447087775,87.01002882942346
69,78.04617365946945,86.98172029064663
69,77.99006911510251,87.00680466641808
69,78.00005417152794,86.95580836216564
69,78.01476832373072,86.99940334785559
69,78.03366544028198,86.97774031056623
69,77.98365524428095,87.02679164196329
69,78.01419944455454,87.01451217433483
69,78.04045836649598,87.01138775645182
69,78.02770670288196,87.03306236432087
69,78.010801861118,87.00088644618359
69,78.01039491193843,87.03298544509661
69,77.99253428422232,86.98716453169776
69,78.00908565159075,87.00045058050578
69,78.03531480909314,86.98013340988045
69,78.00446467322602,87.02240104275607
69,78.00250926231006,86.9751400259331
69,78.00656759715633,87.03770385894076
69,78.01309579887791,87.02644638095568
69,77.95324278935875,87.0063541315119
69,77.99415603428046,87.0213868196645
69,77.99390042753369,87.00077549131882
69,78.00430408074227,86.97242314578793
69,77.95982157206659,86.97515694537948
69,78.02291880423753,86.9609914932205
69,78.02152077951516,86.99247691082908
69,78.0328633180056,87.03194508929082
69,77.9957670433183,86.97391284831846
69,78.00571265659836,87.01157283002784
69,77.99031193916765,87.03253456417163
69,78.01654180185085,86.95626280256207
69,78.03199466325239,87.0177437664382
69,78.00292153270499,87.01606363667416
69,78.00516372729885,86.99272816841149
69,78.03042307208244,87.0077340798397
69,78.02014456735489,86.98527879086355
69,78.01683979287154,86.97561038302456
69,78.04004272966083,87.00462290712096
69,78.00890498072575,87.00387688215834
69,77.9825152036358,87.01743232173772
69,77.97798840188514,87.02906625551442
69,77.96078252677539,86.98414195421253
69,77.98045205153238,87.00479083627503
69,77.97494838446072,87.02674433536063
69,78.00049198839531,86.99093033636868
69,77.97796636562708,87.04253406078371
69,78.00537361243525,87.03717618010273
69,77.99471598767525,87.04380741227898
69,78.01210038125159,86.98285588310917
69,77.9983921299591,87.02177972902173
69,77.98742955853471,86.95672699573339
69,77.99314222539515,87.0384655268988
69,78.0192824409221,86.98682424076767
70,78.03291678783519,87.02227347905036
70,78.00436256826168,86.99342171836251
70,78.03720094517499,86.97082409088921
70,77.97433713433935,86.98341316658257
70,78.01139365370813,86.98466619141348
70,78.00366523667962,87.02802453095623
70,77.9774104236906,86.9556183572182
70,78.021644719608,86.99371297694293
70,78.04363764837272,87.0211804396571
70,78.00804434735238,86.98326672168356
70,77.99289308818763,86.98338803998537
70,78.00975872471413,86.97670296813318
70,77.99708073019535,87.03830022733561
70,78.02304957834772,87.02399613256742
70,77.97683980001162,86.98298413276781
70,78.03365854664551,86.98556842721301
70,78.04500986270322,87.00720214292596
70,78.0271372826532,87.02446304200282
70,78.01785683284764,87.0228707316723
70,78.01408720742735,87.0151158559276
70,78.00989192509766,86.95199459415855
70,78.02799440263166,87.02069880450004
70,78.03822210588109,87.02715233916479
70,78.03815566395087,87.01139376165216
70,77.96556245934772,86.98074227455677
70,78.03233034606453,87.03014865482946
70,78.02238925864377,86.97561262898112
70,77.96153652009016,86.97579834848653
70,78.02573243494203,86.97235161796074
70,78.0265590450562,87.00504469535782
70,77.9596303678928,86.99856947514027
70,77.97411946253041,86.9740210457043
70,78.0212012279842,86.98597849924482
70,77.96736941209889,87.02211576150134
70,77.97783129316194,86.95880173781836
70,78.00344390968365,87.02125926197195
70,78.01795540535177,86.98813039164116
70,78.01747617031916,86.9853858732281
70,77.98236770494402,86.98229547217971
70,78.01425235689308,86.98984462854594
70,78.04539787488528,86.97915986190641
70,78.01827813019608,86.96200252696636
70,77.97267243342705,86.97147458182161
70,78.01475370486197,87.0136968371766
70,78.018062746166,87.0104021181261
70,78.0221521877195,86.98793687073332
70,77.9928573009135,86.99456714846494
70,77.97635250050138,86.99353519320078
70,77.99319430796348,87.00182916935142
70,78.02412838940683,87.02303728095674
70,77.97248130038543,86.95871279685689
70,77.98654974046507,86.9939077995326
70,77.96793933857484,86.97712634765271
70,78.04125143209654,87.00344510954803
70,78.00309082053856,87.03081113747672
70,78.04091431614997,87.02385874171111
70,78.00251930035668,86.98464567496907
70,77.99154509401671,86.99689368298776
70,78.03906643442413,87.01430949996355
70,77.99580460653519,86.98209619549017
70,78.00120657188945,87.01046185894955
70,78.00085132688162,87.02622320444273
70,78.02621403595585,86.99466815077061
70,78.00578534407667,86.95477668038812
70,77.98404360646155,87.01587819299935
70,77.98309809894438,86.9943235891
70,78.01556112551818,87.026298171003
70,78.02774607058794,86.96125550250596
70,77.99926581985459,87.04339909434195
70,77.97745223090949,87.00347745993399
70,77.95370179849871,87.00669036612504
70,78.01721649290008,86.9922397127952
70,77.99583466265919,87.01535448865955
70,78.01680953126159,87.04284164112013
70,77.98408480829863,87.02657781467056
70,77.99560996872604,86.99165274723157
70,77.98312076681471,87.01369112080171
70,78.02325143788707,86.9969548081376
70,77.99905716801153,86.95006816420533
70,78.01571878643182,87.01512660522367
70,77.9852966688324,87.0023266303044
70,77.9542480670684,87.01576186899122
70,77.98264009806077,86.99357931162598
70,77.96693776287873,87.03653551499593
70,78.0066868849753,86.95064722575628
70,78.03691441154388,87.0136915272998
70,77.96525256924937,87.02589045065736
70,77.97804195428718,87.00653500264717
70,77.98875936309527,87.00082637022999
70,77.9525939190856,86.98989266867251
70,78.03524352769438,86.97787590805595
70,78.00068323526843,87.00768442003877
70,78.00508615439549,86.96024499983672
71,77.98827680635269,87.02918165938381
71,78.02355470968513,87.01077354362326
71,77.99921506260644,87.0391974404549
71,78.01943204202328,87.02762648581921
71,78.03339507691965,86.96290757070152
71,77.9656914301365,87.02202425247724
71,78.0208993101945,86.95526305993074
71,78.01045608144385,87.0304759738443
71,78.00873758388381,86.98859826258622
71,77.9950186688396,86.96925331778885
71,77.96653854042671,87.01458169470513
71,78.00462794558,86.99137892024115
71,77.99163195513457,87.0062203675166
71,78.0379821274429,87.01611940740777
71,77.95392733008559,87.01846242899178
71,78.0046896690847,87.01952563335587
71,78.01068754741028,86.98511395191414
71,78.01130260567153,87.03273535621261
71,77.98328766165862,86.98814307137566
71,78.02085707602927,86.95976725573557
71,77.98077180052196,87.01552602398267
71,77.9879762813045,86.96222399747681
71,77.98338087291144,86.9968382063278
71,77.95215942777527,87.00398924030434
71,78.01068742803561,86.95446297483153
71,78.00040422991167,87.03025462140563
71,78.00114879161598,86.95484954904522
71,78.01919888956637,87.01012924364322
71,78.00003625294278,86.97635932556265
71,78.01404197640157,86.96814349874398
71,77.96589788704031,86.98349536470847
71,77.99736492322575,87.01938047954076
71,78.02414755444957,86.97652885339895
71,77.97928195189641,86.97866930810815
71,78.02086710590426,86.95835302844642
71,77.98805768601389,87.0436859341017
71,78.0008910627396,86.99156113173633
71,77.99606142806799,87.03044636167539
71,78.0082265244917,87.04780646267773
71,78.02332222277059,87.00944053338101
71,78.0003698599918,87.02441677030217
71,77.99916308589754,86.95043102496001
71,77.96307764705277,86.9893062784023
71,77.97975718998427,87.00920957236566
71,78.00396097030807,86.96332619027883
71,78.03270226221501,87.03061228404637
71,77.99527506232074,87.03509804654227
71,78.02774829542867,86.96464197720324
71,78.02965571490832,86.99998414148598
71,77.97474681476992,87.04104444397441
71,77.97369069045156,87.03699895944185
71,78.02554915794114,87.00016989716084
71,77.9791090272739,86.99566462529836
71,77.98689448334984,87.01659355284502
71,77.9928348170002,87.0251491767632
71,77.99988262473104,86.99656933283927
71,77.9703658769843,86.97497662017267
71,78.02050588105729,86.98981155499175
71,77.98079340882086,87.0300702213019
71,78.018414878177,86.96415368594936
71,78.00102528949004,86.98003589851004
71,78.03416924893209,87.00370525893078
71,78.0249590804325,86.9624437378636
71,78.03461992474372,87.02489796091
71,77.97406691523801,87.03341274551504
71,78.00031950605837,87.03861333973337
71,78.0106931298116,86.99133187399221
71,78.01477276666733,86.97304504503148
71,77.97854778770173,86.98884942313384
71,77.98820523077102,87.04350364250872
71,78.00660203040118,87.02811313825868
71,78.02027094039815,87.0343375597035
71,77.99405925487474,86.96308710005621
71,77.98691525435075,86.98572151892766
71,78.00702410418835,87.00775620116028
71,77.96012134166766,86.9745576935801
71,77.99795150937176,87.0256268017726
71,78.02493921904133,87.00756524757801
71,77.98283018811014,87.00459005847925
71,78.02673075643443,87.01300316747682
71,77.97822139325228,86.9596922936586
71,77.96896421281063,86.9652958392958
71,77.97750833650554,87.04027891056772
71,77.99528563559902,87.0065828367027
71,77.97430891591432,87.00297285789702
71,78.04885413792304,86.99370026155106
71,78.0156554346118,86.9956581387207
71,78.02504536122018,87.04280160114207
71,78.0238223117353,87.00210243950643
72,78.02126327640532,87.00172416052237
72,77.99484193666052,86.98542172857574
72,78.00238729458079,86.98722544251571
72,78.01695520621885,86.97355007898727
72,77.95880122570236,86.99515109701481
72,78.00585587271259,87.04754197351507
72,78.02167585071267,86.9919893407988
72,78.00581210381168,87.0462380021542
72,78.00594665642905,87.01549531631532
72,77.99972748299919,87.00723373098995
72,78.0089084966898,86.96760082540338
72,77.99344888206768,86.9908577939989
72,78.02906363648478,87.01398297883297
72,78.00808835682739,87.01133509212667
72,77.99505821424029,86.98381989866228
72,78.02510128596803,87.03055245487218
72,78.02172162202237,86.95930093578873
72,78.02995146229463,86.96222188017444
72,78.04545120598792,87.00618989594521
72,77.99346500035902,86.96252347826203
72,78.01497564875555,86.95672602575767
72,77.99264411390361,86.95397681614374
72,77.99895107974031,86.97955680332679
72,78.02429729096427,87.03239842612268
72,77.9981708591824,87.02238967986062
72,78.02830103243738,86.98429181333405
72,77.9741043040333,87.02952327700248
72,77.97516533275801,86.97635521936186
72,77.99865870649761,87.02731805783219
72,78.0282851301858,87.00733018886507
72,77.99374534082318,86.9853318814824
72,78.00799639481374,87.02263581197403
72,77.98478591310094,87.01455266607886
72,78.03129732587233,86.97551437510687
72,78.01978123367473,86.95584246069635
72,78.03419030873036,86.96706161906167
72,77.98579818045596,86.98090205160558
72,78.0209959603303,86.96237397944273
72,77.95381423851558,87.0039654940523
72,77.98683589025687,86.99335328732597
72,77.95893473136636,87.01158302112721
72,78.03677558945513,86.97439400886977
72,78.01164231949681,86.95963009529144
72,77.98589496169224,87.00857038748649
72,78.03431653914134,87.0198019638449
72,77.98204647556432,86.99273535343886
72,77.99365885729034,87.02459951915876
72,78.02323034953281,87.00149580382067
72,77.97334321820504,87.01046424940738
72,77.97549024349425,86.96556487264404
72,77.97758843421947,86.97662568615355
72,77.97984225405234,86.9854902650107
72,77.98351343033228,87.03655386123759
72,78.0116997083194,86.98740782717769
72,78.03296561971835,87.00216833688638
72,77.9980590381279,87.01632923257561
72,77.99129723720692,87.01463133543768
72,77.97093261078398,87.02696726053111
72,78.0154791226827,87.01330338103311
72,78.02899473397082,86.9726643073635
72,77.99312292130546,86.99865975391619
72,77.98794550254885,87.01797749982353
72,78.04056648053141,86.98834686634747
72,77.96427211543124,87.00888232046401
72,78.01487577648172,86.99633493298279
72,77.97579406274939,87.03396119793338
72,77.99120322390709,86.95196934163698
72,78.010907964835,87.03000063367524
72,78.03536277335915,87.0252841482177
72,77.95522771204337,87.00627696297248
72,77.98313057151698,87.02974194553774
72,78.0023338938989,86.95416197398986
72,78.02462161544315,86.98268245376967
72,78.0145319010336,86.99717037010848
72,78.02414586283133,87.04311709869472
72,78.00863404983816,87.02157669951191
72,77.9978486112627,86.96572509174109
72,77.99994248701093,86.95716717211921
72,77.9595520578266,87.025174847889
72,78.00150828961027,86.96073558726331
72,78.01779217559684,87.01514103541861
72,77.97047509247096,86.9741742679684
72,78.01198180528677,87.02927169636938
72,78.01421945737945,86.95222234251793
72,77.97679264124753,87.0198925574506
72,78.01144806041779,87.02129019043007
72,77.98089898998037,87.00900405883488
72,77.98980444620423,86.98506015296996
72,77.98319455314457,86.9944587534549
72,78.00878067566401,87.0219930572114
72,78.01589325999863,86.98471704312146
72,77.9640601172201,87.01697944454094
72,78.01205929213695,86.96604757532658
72,77.97997245950026,86.97880269547025
72,78.00448654588314,86.99042569974688
72,78.02447034614505,86.96410606517895
72,77.99505284058033,86.97410065329653
72,77.98922093512934,87.03872056252868
72,77.9914779274109,86.95189797444802
72,78.00957847580898,87.01347228593957
72,77.95900591677383,86.99844937189503
72,78.03096871829717,86.96655049402823
72,77.98473557631891,86.97597990926315
72,77.95827951115153,86.99099882942474
72,78.01849819271692,86.96771300064408
72,78.02789362028753,86.97244472194394
72,77.9911049796628,87.01002427383655
72,77.99206187644492,87.04319468480278
72,77.99486342859437,87.03694592185393
72,78.03094825293499,86.96644483036428
72,78.03408183157498,87.01112037428501
72,77.96547450592996,86.98722200878713
72,78.00816066882572,87.02668748992528
72,78.02588403864831,86.99736368751304
72,77.99813770332572,86.98011378106662
72,77.96252361366989,86.98480735638923
72,78.020161245536,86.99053150202708
73,77.99524873337948,87.01163695413928
73,78.0144693715732,87.01792252878589
73,77.99632408039852,86.98937944856259
73,77.9804445399051,86.96256230442995
73,77.96470637647631,86.96880591819034
73,77.99042245263776,86.98122579819497
73,77.97296530844177,87.02644631223454
73,77.95950296059878,87.02694042232565
73,77.98774779595783,86.9803633593792
73,77.98487324536129,87.01233307881711
73,78.00024680091529,87.02193110421811
73,77.96322431044949,86.99046626779165
73,78.00695436748325,86.97940700784797
73,77.96178283369744,87.00507133691251
73,77.97999888102466,86.96973952047814
73,78.00810571773944,87.0221956354541
73,78.00620028253694,87.03105893657656
73,77.97985019871835,86.97936538409299
73,77.95789073230112,86.99847797322778
73,77.99628079754466,86.99640021143641
73,77.99996073544429,87.01004353954492
73,77.98972049828883,87.04807374076704
73,77.98352819593892,86.96982173638246
73,78.00854583356953,87.03727093034011
73,78.00944108900032,87.01846695286417
73,77.95349508200884,86.9991481878035
73,78.02707850370427,86.9703305346881
73,78.02640644194804,86.99524928761268
73,77.99659226890998,87.02291108900498
73,78.0029208344756,87.02210031613772
73,78.0018336566934,87.00549278788368
73,78.01788889562754,87.01505127511909
73,77.9941852886653,87.01952252131836
73,77.99401105376977,86.96056636958305
73,77.9588118286243,86.98834112092378
73,78.0124267516327,86.96574836337582
73,78.00579389288534,86.99801849331241
73,78.04785046269177,86.99331974972797
73,78.00803823434453,86.99388766817486
73,78.00314588348932,87.00755582911066
73,77.96871938794376,87.01691295905198
73,78.03478031786325,87.0133100023659
73,78.00864798838901,87.01836417911613
73,78.0229461287628,86.99949009750165
73,77.98300644903975,87.04063670304647
73,78.01697237403846,86.97978678490487
73,77.97673432478456,86.99493034668635
73,77.99529573199544,87.01821774463146
73,78.04543932992156,87.01202291168642
73,77.97903397904393,86.98681429892862
73,77.97864310758666,87.00025965132066
74,77.9895855310904,86.95674414322771
74,78.01933303267236,87.01711780785728
74,78.01107847930571,87.00898263592735
74,77.98087500271781,86.96018213030884
74,78.0346031047995,87.00067057609304
74,78.02187884339394,87.01186528391155
74,78.02789018688082,87.00793334932243
74,78.01126809565523,87.01443461993944
74,78.00527765646322,86.99669130195592
74,77.96635386942758,87.02520136448801
74,78.0083798491255,86.96119049490738
74,77.98172528292459,87.04488055460533
74,78.00477371800986,86.99562030234678
74,77.97496017249394,86.99748464000395
74,77.99291153584849,87.01574833145405
74,78.00635183973486,87.04454043747012
74,77.98280026260872,86.96636351181738
74,78.04308673833778,86.97476245795256
74,78.03647249671214,87.00223170432984
74,77.98155203224674,87.04477400371684
74,78.00428115071581,86.95779225654317
74,77.9804393815677,87.01423033590547
74,77.96295495566295,87.0283644791352
74,78.01243239373746,87.04497042972422
74,78.00003837477597,87.0226959339752
74,77.95743045713887,87.00201994972215
74,78.02074299577697,86.95976315342216
74,77.9976830452617,86.99227896237007
74,78.03341599354513,86.98748939107223
74,77.9798650029552,87.01723179179221
74,77.96174158965414,87.01823357581758
74,78.00479835376875,86.990086931762
74,78.01912031217181,87.0296633019679
74,78.02116683538449,86.9928856909611
74,78.00846685830611,87.02731377572705
74,77.96586793582298,87.002834326162
74,77.96404153036394,86.98113245096303
74,77.99970755623589,87.0435882208948
74,77.98834384873463,87.02762180192337
74,78.03830131511594,87.0017550250554
74,77.97834748325629,86.96008453303375
74,77.96482008006605,87.01571046653133
74,77.95650697108343,87.00499501906077
74,77.9911095554532,86.9636976311867
74,77.95985274480931,87.00240170722032
74,78.0037789994334,87.03230112902295
74,77.99430056819895,87.02571069907566
74,78.04224820775573,87.02585394258601
74,77.99064161166864,87.01120341216568
74,77.99289990019793,87.01742839954062
74,77.99903331983037,86.95216263464063
74,77.98828078998586,87.00586805449176
74,77.97152318478186,86.97794070414015
75,77.98733437647752,87.03935240052914
75,77.98451705875351,87.02770981455474
75,77.97608126146997,87.01176467264355
75,78.01993027956003,87.00525966396091
75,77.96885967428506,87.01893701079652
75,77.98253153460892,86.97657680971803
75,77.98069791483594,86.95754687821214
75,77.97798713150848,86.97100924186631
75,77.9732641359397,86.97359862910783
75,78.02132350097438,87.04502493259777
75,77.99002338890875,87.01599524534882
75,77.99170991096179,87.03067049187014
75,77.96157112847197,86.97315297159072
75,77.99164073071837,86.99956546440518
75,77.97756706882106,87.00937980162217
75,78.02836911181575,87.03762867257777
75,77.98615434520131,86.98038251921439
75,78.00642332251418,87.03941407629125
75,77.99851349668383,87.0222015275904
75,78.02193769124337,87.00120942033881
75,78.0440498615372,87.00940548958509
75,78.03397870904875,87.0056311212863
75,78.0108925436238,87.00143094545976
75,77.99451097585663,86.99198303230608
75,77.95466299907342,87.00160907790432
75,77.97183139257412,87.00944025296639
75,78.00827291530136,86.96501030880123
75,78.01993027956003,87.00525966396091
75,77.98720184825173,86.95479262686366
75,77.97625723632207,87.01525029667017
75,78.02163609119079,87.00720471597016
75,77.99280570625135,87.0489336962825
75,78.0296838155973,86.999323355282
75,77.99013193788517,86.95516539622331
75,78.02102674618259,86.98740572664799
75,77.98638218980432,86.97636973395912
75,77.96018558916056,87.02440562207153
75,77.96172791323968,86.97360325929607
75,78.00841030448474,87.00945509003394
75,78.04606059174984,86.98246808283199
75,78.00534840062832,87.01480164325879
75,78.02737868775982,87.01034195628706
75,77.99308198853953,87.03409232968824
75,77.99744215475965,87.01848765219007
75,78.04090671044567,87.00038955600458
75,78.03985739982625,86.97067925519714
75,78.03788305085074,86.9901342545082
75,77.96270253905907,86.99725084768451
75,77.98891986983845,86.98112571826582
75,78.0321677914261,86.98350275823616
75,77.99383390577772,86.98065672378563
75,78.02541061142516,86.95967725188426
75,78.0106939415791,86.97788803395233
75,78.02613647879346,86.98462635417222
75,77.9930776515157,87.00441966277779
75,78.04034586562166,86.97197341448421
75,77.97302903339362,87.0275042672386
75,77.95357243029028,87.00896781392495
75,78.0212585402569,87.02009734163461
75,78.00473767562346,86.99744292656857
75,78.0035321071274,87.00421257984365
75,77.99635719037312,86.96856703983053
75,78.00133584239164,86.95330678364184
75,77.99318415299587,87.02345115641187
75,77.99080959692056,86.99523947470217
75,78.00490039756994,86.95535532101118
75,78.01273258219332,86.97768034724508
75,78.01888629630739,87.03681320969676
75,78.00997783853016,86.96793069024336
75,78.0040085649328,87.02266999691261
75,78.0029938276725,87.00245194589361
75,77.97655500748672,87.00667350552342
75,77.97509215897779,86.97115150914127
75,77.97639765510716,86.99636066584732
75,77.98594407859706,87.02029985874998
75,78.0115427620705,86.96164345708925
75,77.95243337736385,87.0152377905659
75,78.02899473397082,86.9726643073635
75,77.99187919734406,87.00408914580713
75,78.04515769369611,86.99105651972951
75,78.02645960649978,87.02756430474653
75,78.03365827738978,87.00012134032933
75,78.01669456817095,87.0429856145129
75,78.03793483498053,87.01703856570248
75,77.99457520145111,86.95834967253325
75,77.97976003549967,86.99261398585577
75,77.95663361065336,86.97706793440891
75,77.97986558811203,87.04483693445343
75,78.02592263674637,87.01974789541663
75,77.99413788760617,87.03256952196028
76,77.98026605149433,87.03402450902806
76,78.03200796557982,86.98196068618486
76,78.02089633077884,86.98151461624512
76,78.00252088702703,87.02215170922612
76,78.02963227291133,86.96533278938243
76,78.00465142377438,86.95735018872453
76,77.99039666549893,86.99560777105404
76,78.00460855814359,86.9666769513593
76,78.0015349611192,87.02273258019017
76,78.0362771819804,87.0053982195372
76,77.96018076852835,87.02123941962114
76,77.95795402957154,87.01660504507187
76,77.95333392327524,87.01580687063618
76,78.00254795016248,87.00389832018068
76,77.99168311901896,86.96311556551606
76,77.96744715861237,86.98843686585073
76,77.96287601547304,86.96778570253625
76,78.04577919845961,87.00195041624404
76,78.0022556386852,87.03355329403374
76,77.97384712916877,86.98028908455568
76,78.02884832945779,87.03998334312705
76,78.03848375307811,86.97687282664684
76,77.9826433703368,87.01918277181326
76,77.97852974277757,86.97339323283437
76,77.98679940661943,87.01252613022811
76,77.98252598516756,87.00517357788402
76,78.01583929412611,86.95630095578838
76,78.02241021819637,87.04029116950085
76,78.00600051059517,87.04897684522854
76,78.03800113765261,86.99743842252916
76,78.00759240351331,87.00284434422169
76,77.9840043005907,86.99884921254645
76,78.02528600816288,86.98903638373976
76,77.98077040280157,86.9675393868641
76,77.99556626540164,87.01167394403329
76,77.97846564139681,86.9921720882994
76,77.98889598765952,87.04732531312729
76,78.01759742485036,87.00927921326128
76,78.01175455123447,87.04438315593134
76,77.99947279215067,86.95998348004328
76,77.96705601658482,87.00937974968703
76,78.03250859098607,86.99099193233977
76,77.98766984101687,86.99562202638695
76,77.99487152202057,87.01818429470497
76,77.98438593056231,86.9819093310148
76,78.00870551143588,87.02746348514178
76,78.03782753180695,86.98548830542191
76,78.0375769307634,86.99805500441325
76,78.01128492429805,86.99285079534549
76,78.00237328546903,86.9924498473338
76,78.00997659633344,86.96145595422132
76,78.02728053560648,87.03751716923827
76,77.95601222392517,86.98323144430287
76,78.04476501209346,86.99820792956886
76,78.0004609295435,87.00812770589344
76,77.98936346481263,86.98275267108902
76,78.02465905791769,86.99351643800985
76,77.99229132364074,86.98344619830607
76,78.0018336566934,87.00549278788368
76,78.02364034217538,86.98379442644577
76,77.99871034764598,87.00913413744163
76,78.03179700303032,86.97448964584108
76,78.0074366439958,87.04651419984862
76,77.98547610727877,86.98510176369133
77,78.01596200814615,86.98266230328534
77,77.98183654180008,87.0186769994136
77,78.01112659195839,87.02517988950483
77,78.03544597938799,87.01845313291
77,77.98602929525049,86.9781750939384
77,77.97180494662116,87.02536187558613
77,78.02493487726171,86.96468281502652
77,78.01916034549708,87.00583809370517
77,78.00434607915783,87.04192481621892
77,78.0008492252578,86.99519808185978
77,78.04843296015801,87.00692143023632
77,78.00708069726913,86.97795273530241
77,77.96661444142778,87.01200823619979
77,78.03231558143175,87.0138520671846
77,77.98492883945602,86.97873380521706
77,78.00107033833325,87.00163452239029
77,77.9841506933365,86.98868677922289
77,77.98774503647178,87.03753376905857
77,77.95934016406387,87.0060751145378
77,77.97610893369247,86.9632627764598
77,77.96787418128801,87.00227023332916
77,77.96384231944718,86.99913709610094
77,77.95933653235717,86.9987151354843
77,77.99844265887002,86.99918988563975
77,78.00783925515113,87.01396098022678
77,77.9662946373682,87.01184122455284
77,77.99614472985577,87.04555629130063
77,77.99219796280295,87.02689796054467
77,78.0352321086843,86.99380862784564
77,77.95892301765912,87.01107459887633
77,77.97684928625652,87.02556811723596
77,77.97551585760719,87.0070415062306
77,77.98177601691714,86.99482020076053
77,78.00391366097018,87.01108244119915
77,78.0271211968833,87.03892384573108
77,77.9597100532676,87.00538386283445
77,78.02715059712986,87.0185443849726
77,77.98525394286644,87.0432933177998
77,77.9876817099149,86.98065658800371
77,77.99314876803103,86.980624045248
77,77.96460187785647,86.9843963597038
77,78.00098533991297,87.00735783574851
77,78.0054713247049,87.023112263351
77,78.01332806116159,87.00606757619686
77,77.96905127165924,86.96091661751993
77,78.012654899859,87.01635439788788
77,77.99363676565488,86.9808589140664
77,77.9981708591824,87.02238967986062
77,78.022446545632,87.04023078427251
77,78.02624898077151,87.00147046570433
77,77.98679795250754,87.01440154010045
77,78.0352161796829,86.96733179758294
77,78.00033126405403,86.99965691329406
77,78.01860613786684,87.03641896812225
77,78.03577664897456,86.98747586594338
77,78.00240881104631,87.03966647140601
77,78.0402716310488,87.01776763491948
77,78.02654039039406,86.97922825784737
77,77.98702351630278,87.01729913661018
77,77.98658774344054,86.99966964943437
77,78.00331014931442,87.00053882247082
77,77.99307299457479,86.98833354215857
77,77.95479227103314,86.98875321091863
77,78.01599716145115,86.95496187135252
77,78.0235817414966,86.99383094941773
77,78.00522349430372,86.97554420045283
77,77.99190679216285,87.03341056493227
77,78.00529657463433,86.98604824439892
77,77.99909698948862,87.00263936197095
77,77.98711831709835,87.03407437902082
77,78.03854779026572,87.01061287196572
77,77.99729155194333,86.97636598441939
77,77.99952260333372,86.99781548740171
77,78.00846585050581,87.00805338655432
77,78.00975292092573,87.03295101813522
77,78.00901671557419,87.0188857060974
77,77.98740405410989,87.00024899464997
77,78.0411938480156,87.0250789941697
77,78.04120583096872,86.98191545658068
77,77.9691916584994,86.97435846421959
77,77.98103910629439,86.96869054940211
77,77.98911304498372,87.0475097125935
77,78.01471943080475,86.99998456465512
77,78.00407206089682,87.03277067869327
77,77.98772883143039,86.99716568782395
77,77.9830221793201,86.96459992509479
77,77.98086100343069,86.99186513965705
77,77.98550573355782,86.99406146873524
77,78.01614966103114,87.03084648059844
77,77.99923361083235,87.02987950355741
77,77.99289990019793,87.01742839954062
77,77.98388341873799,87.0149853422696
77,78.01674300098469,86.9778990468793
77,78.00692010395366,86.98235458225206
77,77.9725694781058,87.02396710943114
77,77.98592858402314,86.96944103197205
77,78.01913296071412,87.02825013258644
77,77.96270254721115,87.01955487501573
77,77.99295857476044,87.02228519531754
78,78.01565601588442,86.98617182019608
78,78.0013215034089,86.95884085866733
78,78.02480430743968,87.02047511204148
78,77.984454271769,87.0116023032938
78,78.00733292316663,87.00846009188922
78,78.01174976208497,87.02097788897359
78,77.9964933534591,87.0110372919649
78,77.96729556725921,86.98779290808714
78,78.03341343530121,87.01239005336315
78,77.9692899774642,87.01952931019964
78,78.02496350504363,86.98714813773225
78,77.99557058051595,87.03079276628253
78,78.01391891770011,86.98838489322824
78,77.99882847101314,87.00550031813938
78,77.97023719621144,86.97572677926834
78,78.03636657257239,87.02627822700366
78,78.01952958379854,87.01142644452455
78,77.9638064179775,86.9828232808153
78,77.95840206387483,86.99563831274277
78,78.00025722742517,87.04426225565702
78,78.03826190118546,86.997003988229
78,78.02438739596495,87.0361439723141
78,78.00745240377286,86.97133406025897
78,78.00198066943534,86.99585161585004
78,78.02416694806219,86.99940213374092
78,77.95786885136238,87.00027958596066
78,78.018307387133,86.97817409234597
78,77.96603752534983,87.00144523304114
78,77.9985871416797,86.98980433996267
78,77.97501942556173,86.97932173244162
78,77.96174134540205,86.98612246493538
78,78.02782311401818,86.98673238460852
78,78.00123394049706,86.9559658055793
78,78.01308422658202,87.03223735015685
78,77.98749999343656,87.03769474479951
78,77.98160533961914,87.03629394043442
78,77.96285059649627,86.99754566132376
78,78.01973703472063,86.95676580327978
78,78.03235875488495,86.9746136213792
78,77.98026495010943,86.9754959041351
78,77.96636045889915,87.00700969759016
78,78.0099422147133,86.95263740980266
78,77.99455067844455,86.97710337735754
78,78.04413195355066,87.00403011830987
78,77.98488114770554,86.96407268953364
78,77.96063112268294,87.01987164095266
78,78.0252369577978,87.03663719730913
78,77.95743873694639,86.97489601937177
78,78.04417437611818,87.00295242083126
78,77.99645076511052,87.02083404389404
78,77.96018558916056,87.02440562207153
78,77.97461886653527,87.00066858832155
78,77.99868972273919,86.95640377308007
78,77.95579408643492,87.00342552709624
78,78.03624764549461,86.99375321515515
78,77.9938930058529,86.97992454687177
78,78.00896301074654,86.9530501011128
78,77.99125309299755,87.01077445252935
78,78.00203585508268,86.98542478893606
78,77.952124035462,86.99532843078761
78,77.95594055859401,86.98722157264868
78,78.01143301666367,86.96746450067836
78,78.00121100510262,86.98933182981098
78,78.03500715810449,86.97366036430789
78,77.99541760942446,86.9814612920604
78,77.97932773276978,86.97094472312247
78,78.00306590522163,87.02898055256186
78,78.02412171127594,86.98281439475132
78,77.95940975020446,86.97709412588259
78,78.01829673905229,87.03511151758288
78,77.96255900005322,86.9677328550135
78,78.02746958423364,86.9811852229276
78,78.00968612778455,87.01111138860468
78,77.96503397432832,86.99371190826191
78,77.98492691695368,87.01087683323749
78,77.97926533554391,86.95735060993484
78,78.00685078410307,87.00310077295704
78,77.99862807797054,86.9902342360578
78,77.99888561607665,87.04623906108243
78,78.03020070177217,86.98381557350883
78,77.973725947096,87.02339240677064
78,77.96110461273724,87.01927937305575
78,78.03168429702932,86.98646015918594
78,77.98246154213867,87.00714651321398
78,78.04392796054303,87.0038791137807
79,77.98001634820758,87.02897913056066
79,77.9930776515157,87.00441966277779
79,78.01273672580754,86.95356788965137
79,77.96363515171075,86.98309243958087
79,77.99425753740911,86.97898789674007
79,78.02355470968513,87.01077354362326
79,77.96089940241521,86.98420635570626
79,77.95752598028916,87.02470942759203
79,78.01292222885074,87.02738390144427
79,78.00333044945957,86.98471975880781
79,77.98216543536562,87.04013735932479
79,77.99728507188712,86.96311990605696
79,77.95960870501064,86.97938376209153
79,77.99224190530983,87.02373254420282
79,77.97117068900378,87.0116611083523
79,78.02483315749924,87.03488975792676
79,77.99163457197511,87.00955180217228
79,78.01526797439783,87.00244648688619
79,77.98998464442637,86.96661102092854
79,77.99560711098792,87.03478695295578
79,77.97739499423086,86.97456636313005
79,78.0269979285638,86.9927967128303
79,78.01245745491038,87.01663373661019
79,78.04070165472486,86.98170138170501
79,78.01999991351033,87.00638678788354
79,78.03716007604733,87.02059145877043
79,78.01865403810751,87.04129829298543
79,77.95944585715539,87.00339836008094
79,78.00955580617797,86.98133561456247
79,77.99032597994444,86.97381316828886
79,78.01716075144309,86.96902761864929
79,77.98429692560251,87.00490673938953
79,77.96083192798051,86.99609804896967
79,77.99808919380774,87.03723760060821
79,77.98313057151698,87.02974194553774
79,77.97993964564053,86.99680687613183
79,77.96246003658098,86.98663006725522
79,78.00571003222082,86.98527933366614
79,77.96322545211004,86.98141597286956
79,77.99968083937017,86.9735931466241
79,78.00033550566495,87.04601403079597
79,77.97342628113695,86.97955715449763
79,78.03727841775914,86.98779526162069
79,78.04734212277651,87.00640081149899
79,77.99576379379889,86.95129911933175
79,78.03034572187224,87.00173650734352
79,78.03669361891032,87.01599141588183
79,78.04495304822778,87.01032184035446
79,77.96800425134377,86.98031238380513
79,77.98860077448647,86.99918691602434
79,78.00746676547566,86.98791450550374
79,77.98114708479336,87.02243881378058
79,78.0434609350128,87.00781577433192
79,78.01689612947216,86.95783595476601
79,77.98393882962193,86.98972307082407
79,78.01383138302607,86.97864238231352
79,78.01857020929879,86.95895282123547
79,77.98796592836267,87.04745979697095
79,77.95863625945991,86.99822878332829
79,78.01703790815166,86.97913658966806
79,78.03844359148083,86.98324534751202
79,78.03250859098607,86.99099193233977
79,77.99697582785463,86.96862349407603
79,78.01527577827399,86.98453831373202
79,78.02574029507062,87.03154086799474
79,78.0018570794926,86.95322474516612
79,78.00681819633839,86.999034473573
79,77.99604305336227,86.97587843416125
79,78.01034387408087,86.9528896731128
79,78.02913504980029,87.01426318681685
79,77.96447142122531,86.98909852004769
79,77.95865621471245,86.97315888025238
79,78.0303983410057,87.01590311087949
79,78.02445135561045,87.04309885477117
79,77.99018266084667,86.9906081300571
79,78.00576827851562,86.9601369054885
79,77.99889770837862,87.03238223086481
79,78.0445319857768,87.01169256099234
79,78.01902336509663,87.04204766913635
79,77.95337903094948,87.00867430088013
79,78.03876328650722,87.00326875265456
79,77.97827601365377,87.030267912797
80,78.00617889314421,87.00241108008024
80,77.99702227495776,86.95304896779062
80,77.98750902295541,86.99642111149966
80,77.97244848578141,86.99404340408093
80,77.95795402957154,87.01660504507187
80,77.98455317480025,86.96652637759709
80,77.971844264091,86.994891104758
80,77.9737030285265,87.01207718185239
80,78.00179520461559,87.0253820585851
80,77.99106154860051,87.0133994323532
80,78.00605264366395,87.00448727934004
80,77.98710817279674,86.96900528518447
80,77.96852324745616,86.99379881422365
80,78.01395429139713,86.97095857810777
80,78.00208071785163,87.03072831504099
80,78.00819539665014,87.00721683907732
80,78.0078348943701,86.98264694767131
80,77.99823166037386,87.0115311555527
80,77.98336159915921,87.02622263414266
80,77.96539448703969,87.01946032056222
80,78.01703790815166,86.97913658966806
80,77.99624637054207,87.00433791454948
80,77.98540176844557,86.9949854866403
80,77.9633285063354,87.01830802059797
80,77.96902268014348,87.0103742262044
80,77.98381075090155,86.99343942816766
80,78.02930743063136,87.01336060154853
80,78.03093044492046,87.01103475919776
80,77.96675963444585,86.98292563041137
80,77.97760554051649,87.01695689820048
80,77.97825815110326,87.0390467342889
80,77.99905410783548,87.0146669692402
80,77.98440636687684,87.0193489812449
80,78.00680938272646,86.98338104494594
80,78.00343110963578,87.03112362761578
80,78.03449387747922,86.98023381066903
80,78.01473979606237,86.96207055034478
80,78.0359156170427,86.98574173382903
80,78.01110400406714,87.00421790080242
80,77.9851800940439,86.98295630402998
80,77.96711119296147,87.01597736342578
80,77.96060568673933,86.99567568684284
80,78.00270460559524,87.02162048537808
80,77.96849478043775,86.96525369198447
80,77.99659171091572,87.01358702004129
80,77.99309850054527,86.95573293218497
80,77.97871000183056,86.97991501234291
80,77.9904733941499,86.95822383967432
80,78.0059714963236,86.98239628672312
80,77.99759438357657,86.99760811404389
80,77.98629532376717,86.98567687809481
80,78.02751872935876,87.00717889658038
80,77.99713943484747,86.98010512457081
80,78.03446233814176,86.99006470150294
80,77.99532580136933,86.97865293778871
80,78.02325034530662,87.01735803387038
80,77.99224975609408,87.02089490669644
80,77.97160410518696,86.98951666862506
80,77.98737371816179,87.03838580318178
80,78.01032186329472,87.01545966151834
80,77.97303000991262,87.00694346598728
80,77.98418672339508,87.02205390913883
80,77.99642415399983,87.0045029797623
80,77.97997328810882,86.99560074069291
80,78.00038799897531,86.95786593444802
80,77.98003112661817,87.0050046268117
80,78.019418566846,87.01899412716907
80,78.02859425916498,86.9989445012507
80,77.96285059649627,86.99754566132376
80,78.00455789807073,87.02304621924667
80,77.99753167073739,87.01761411880483
80,78.00390451978286,86.96279116523817
80,77.9621707118441,86.99709967126948
80,78.01677669059703,87.02006875451687
80,77.97732950197978,87.00323449251601
80,78.01627613181235,87.03779258836481
80,77.9851800940439,86.98295630402998
80,78.00190049728059,87.01186556128644
80,77.9876286888141,87.01329658728449
80,78.0187202767879,87.00561887796852
81,78.04274537115658,86.97948857470479
81,78.02595843127038,86.99346439055314
81,77.98490579201962,87.02268031694345
81,77.9634377722619,86.9724515831133
81,78.00591927579394,86.95410776481481
81,77.98086662960391,87.02868912152879
81,77.96650387624274,86.99762840031721
81,77.99217217023029,87.00413713776449
81,77.98509651571776,86.99320681989458
81,78.02601720828908,86.98711282811381
81,78.03212516677326,86.98827280227653
81,77.99934386062809,86.99874478230497
81,77.9910420057632,86.98824738602974
81,78.01362264658779,86.99249417790878
81,77.99272597108575,86.97336141346176
81,77.97579406274939,87.03396119793338
81,78.02030508128864,87.03303905169813
81,77.98216122045419,86.986776900433
81,78.00316041644656,87.02225433517224
81,78.023138668909,86.97796610985822
81,78.0164489741713,87.0206740866383
81,77.99753232536808,86.95950688966508
81,78.0074176426428,87.02043048095092
81,77.9772293347021,86.98287283326738
81,77.96375070122038,87.0135982715186
81,77.98925529634968,86.96699970531644
81,77.97549856395582,86.95769206963529
81,77.98536357133801,87.00931541900978
81,77.98705481550645,86.96291469350187
81,78.01366234647574,86.96141279216818
81,77.97041095946305,86.9773658590469
81,77.97886664912744,86.99791687184643
81,77.98539252047664,87.03781599266942
81,78.04140173046196,86.97749929100358
81,77.99874417902217,87.02997986341337
81,77.98614243826961,87.02297488640306
81,77.99126003534822,87.00586299233728
81,78.010947657807,86.9584165160432
81,77.97694747739202,86.9966078779441
81,78.03565222965359,86.99429551208213
81,78.02545679279311,86.99621337290397
81,77.99595066475241,87.02220709915059
81,77.98736594216489,87.04553466160019
81,77.98238773575709,87.00217478628261
81,78.01283521873827,87.00948101944776
81,78.00662768947052,86.98551344227565
81,78.02360014243318,86.98417748647536
81,78.01821837821565,86.96618042805173
81,77.95177288330332,86.99009130919767
81,77.98939579662085,87.0177858350511
81,77.97711516583252,86.99401679891643
81,78.01882687641039,86.96770039772281
81,77.99362414056809,87.00332725693603
81,78.0046896690847,87.01952563335587
81,77.97296530844177,87.02644631223454
81,77.99640163349949,86.95439922432713
81,78.04669599455498,86.98861876177496
81,78.03227576956004,87.0083259900627
81,78.01695520621885,86.97355007898727
81,78.00244289485882,86.99821508886272
81,78.02887218702608,87.03063565607104
81,78.03788080152168,87.02547194486466
81,78.0121896015566,86.98106638712682
81,78.02229981285042,87.02879969478603
81,77.9608332586003,87.02879069566708
81,77.97638314158193,86.99398109617512
81,77.98136493088575,87.01425340022627
81,77.96639052912703,87.01378227009418
81,77.98879787647246,86.9901222038262
81,78.0272596985232,87.02252146945497
81,77.97296362643556,86.97027575791914
81,78.03936972189805,86.98118422256903
81,77.99844656224562,87.02644383840718
81,78.02124400557018,86.9716369154722
81,77.99589463798988,86.98941289889747
82,78.01703805529039,87.02806403629495
82,77.98559944967823,86.95244729266877
82,78.03377438233832,86.96353156368002
82,77.99358733784669,86.95278231938914
82,78.02745951466471,87.0159106159982
82,78.02385836599308,86.99680291679061
82,77.99173393256669,87.01385954854162
82,78.01109746948394,86.96747813915538
82,78.01926103300657,86.96148952912098
82,78.00665787983058,86.95066326919618
82,78.01133409180208,86.99234729680529
82,78.01231015084741,86.9723955399415
82,78.00048594190655,86.9761338128419
82,78.00984637992616,87.01085885598678
82,77.97297526554402,87.01146237333008
82,78.04363764837272,87.0211804396571
82,78.02566568196256,86.97682778051117
82,78.01183931559703,87.00823139656607
82,77.97177482479809,87.00368043423946
82,78.0208253423348,87.01555664309485
82,77.96021464006125,87.00067350062766
82,78.00298505315497,86.98232415782616
82,78.02198308680032,87.0078142735954
82,77.99531572454663,86.95377276258361
82,77.98362503646638,86.9694230921
82,77.963158821792,86.98935478999437
82,77.97560441468897,87.0127175316773
82,77.98870178500722,86.98967568128872
82,78.04370844908227,87.00591061570789
82,78.00851067657297,87.00953511903558
82,77.99118870992564,87.01581364866405
82,78.03310667666523,86.98987748305508
82,77.98092595413384,86.96562694272524
82,77.97507147233462,87.0426144509694
82,78.01747038795908,86.98282910530737
82,77.99478805454478,86.99118711940795
82,77.97105112154149,86.96227345442702
82,78.02793564550451,87.00060992740575
82,78.00328037042514,87.02037744105286
82,77.98975188825034,86.98640667519926
82,77.9908467714305,86.9826113693099
82,78.01998839104289,86.98042012935817
82,77.97390925609665,87.01014388755384
82,78.00153734593093,87.01833406833411
82,78.00237741546778,87.02129808992984
82,78.0061364555591,86.95097344101703
82,78.00316041644656,87.02225433517224
82,77.96735860949785,87.02381955776025
82,78.02669104515566,86.96101612670678
82,77.99507584330287,86.96428041619062
82,78.00189697304066,86.97863349822859
82,78.00110536075518,86.98907111516195
82,77.98684920791095,86.99609611212989
82,78.02921221248465,86.97830106364586
82,77.9609963090738,87.02925775184045
82,77.96888613617429,86.96588038432827
82,78.03669959083344,87.02535897565761
82,77.96967987274077,87.0287021066807
82,77.96617935496741,86.97322910011626
82,77.96388486970743,87.01042226059208
82,77.99589705304685,87.02792390617262
82,77.95549934384188,86.9933042222107
82,77.97184050931058,87.03887124523831
82,78.02622888471515,87.03326359883668
82,78.01391973635829,86.98899212603031
82,77.99388266275677,86.95211804863402
82,77.98446473245048,87.0130131034035
82,78.01072800147317,86.97013352198788
82,77.99659226890998,87.02291108900498
82,77.97406691523801,87.03341274551504
82,78.04185823407164,86.99237613498087
82,78.0136911943102,87.02594876983248
82,78.02109237935746,86.9897804151564
82,78.00252943380056,86.96912010323126
82,77.96066976394499,86.98559438527536
82,77.99782186329183,87.03081395775696
82,77.97719236401811,87.0381394488239
82,77.98149428970729,86.9615666226166
82,78.02078101412748,86.95573699390897
82,77.99020343482596,87.02152592741948
82,78.00362365275045,87.04175197811458
82,77.97325569470655,87.04055379108752
82,77.96020074692561,86.9888830341722
82,78.01730072165289,87.03850949386762
82,78.0388211561936,87.00538347745909
82,77.987329592964,87.0351531304337
82,77.96187493017067,87.0313951205693
82,78.01086757746454,87.01085518007847
82,78.04491115459378,87.01685118064138
82,78.0079109258536,86.97885047490277
83,78.03912986743643,87.02866467619994
83,77.99985548170666,86.98082360657122
83,78.02179807382699,87.02152488807805
83,77.9921147966528,86.95167479614196
83,77.95999392540043,86.99123547733795
83,77.99965158089067,86.97977220074365
83,78.00077772046994,86.98766860407856
83,78.03263587553218,87.01259684487418
83,77.9961975475012,87.02115612804094
83,77.96622895995355,86.96341463478151
83,78.03185060932792,86.99554435540581
83,78.03170992980799,87.03262072262169
83,77.9522658377165,86.98788632613432
83,77.9784844869483,86.98636718550159
83,77.97322820467333,87.01378473103028
83,77.95045911167196,87.00523634043678
83,77.98680382624494,86.9668900704868
83,77.96808787561906,86.9726414814088
83,78.0088527489662,86.96693098566634
83,78.01454351038235,87.04617351385535
83,78.03815642106491,87.00344448262925
83,78.04661166427215,86.9918173142807
83,78.02493379569414,86.9875513866373
83,77.97607975018653,86.96145731864958
83,77.98747517923807,87.0372355975182
83,78.01048147155161,86.98898645531446
83,77.99369329230936,86.99110632983476
83,78.0001072151428,87.00708862043574
83,78.04233720773392,86.97664448587774
83,78.02323745609065,86.98870895582566
83,77.97745515777962,86.99762639569445
83,77.97235682061905,86.99444521031225
83,77.98793194415694,86.98973350874718
83,78.02200290045954,86.99214453507454
83,78.04561383090416,87.00680341996346
83,78.00593099931471,86.97991706207381
83,77.98749154945668,86.97483153172219
83,78.02477732901032,87.02939912919575
83,77.98835875759899,87.00168100225163
83,77.99297909093855,87.00307015151317
83,78.01813150244116,87.0303989913708
83,78.00167442374146,87.00464812858098
83,78.01487698205042,87.03426494464958
83,77.97757755429265,87.00423082172937
83,78.01458798157712,87.00091818701763
83,77.9813947407834,87.02171343267112
83,77.99636046987249,87.03450970581464
83,78.04528456726226,86.98494200376594
83,78.00670165484527,87.00375448470028
83,78.00668110046152,87.00836334628461
83,78.04752586156253,87.00759039542977
83,77.97450707983013,87.0189251849516
83,77.98034199930586,86.98714516416996
83,77.98522164995312,87.01746170427579
83,78.00289567630222,87.01255016785095
83,78.0369063915995,87.0044135053068
83,77.95298226719574,86.98773813894213
83,78.01771737174842,86.96503502947327
83,78.01607125502368,86.98605832234323
83,77.98392174381655,87.04171610897228
83,77.95964410389064,86.97086010275092
83,77.96558002114017,86.99775802929457
83,78.01011514027809,87.00470364817534
83,78.00453206291304,87.04852409640851
83,78.00249657249344,87.00779424750033
83,78.01169381241087,87.04166724264817
83,77.9976830452617,86.99227896237007
83,77.99381983945017,87.00841236889131
83,78.0141578302165,87.04273287764329
83,78.0297521087278,87.02653338257035
83,77.99501679995927,87.00245505064034
83,78.00702539444927,87.03274363357988
83,77.98671551057542,86.99379888407661
83,78.00450055939908,87.04192443349397
83,78.03182852716438,86.98049354457464
84,78.02393164504166,87.03655521769444
84,78.03108829716625,87.00039644165378
84,78.00790593384504,86.963419922294
84,78.02560265942516,87.03364692173984
84,77.99289857113577,87.02793589132504
84,77.98436012850085,87.00560279669232
84,78.00103425092976,87.02663101407288
84,78.01955115791904,87.00516673006557
84,77.99733878389353,86.97813275188298
84,77.98156375110136,86.98451109071559
84,77.96001902453189,87.02787450390011
84,77.9706502593585,87.01447022161877
84,78.0000030051143,86.98774476268109
84,78.00453206291304,87.04852409640851
84,77.99528359292434,86.96188580132689
84,77.98317743118434,86.98776578238369
84,77.98735114737315,87.00994551996958
84,78.00186672079631,86.95733842259295
84,77.98028388524423,87.0436397128704
84,78.04733735471193,87.0001801775217
84,78.01278561696002,87.0122288571009
84,78.0039461947439,86.98258041527964
84,78.01370885328356,86.98844642519848
84,78.02382765650555,87.03342100028341
84,78.00230997681156,86.9522028646741
84,77.9854001019509,86.96006874108862
84,78.02219474954742,87.02840203974515
84,78.03603947301734,87.01822655350828
84,77.96862382194978,87.02632914378391
84,78.03900683476803,87.01744463825389
84,78.02009783824289,86.97977259322934
84,78.04835673179905,87.00681173421191
84,77.99438778394186,87.04111122119404
84,78.00759289691547,86.97930241867769
84,78.0024539209234,87.02129527093848
84,78.04371617062307,86.99996070189825
84,78.04352884199493,86.98266628796915
84,78.03277561390269,87.0178205435042
84,77.99990144403803,86.98893591679342
84,78.02452472589808,86.99600846630246
84,78.00212885334521,86.9655696073312
84,78.01070104685641,87.03068541845542
84,78.0190290091371,86.98389308547219
84,77.99908583377167,86.96550598884262
84,78.01235190902165,87.00502985647188
84,78.0141451276021,86.99297911609499
84,78.0405894476449,87.01413985048593
84,77.97179123795321,87.02645754576197
84,78.01200275016673,86.97851704377648
84,77.99226576139817,87.0137036962105
84,77.97126765107394,86.99551652424788
84,78.02858445559484,87.01275012032393
84,77.96977103148308,87.02610564964391
84,77.96547936090332,87.01418448574029
84,78.00925550356894,87.03448688638134
84,77.98847201634499,87.03423256970912
84,77.96363515171075,86.98309243958087
84,77.98710150206173,87.02388827702224
84,78.01248337416898,87.03841875410066
84,78.00941310886358,86.99963134133029
84,77.9575622834182,86.99645404867064
84,78.03329604078309,86.98340039891012
84,77.97572255174258,86.96260111767151
84,78.02385836599308,86.99680291679061
84,78.01001599632916,86.98446476034202
84,77.99224225067996,86.97916712693171
85,78.02349257517648,87.03102754581026
85,77.95989356151492,86.97835508960199
85,78.02757319801303,87.02555184538534
85,77.97653641046868,87.0102693427958
85,78.0027922853257,86.9945179428058
85,78.0352321086843,86.99380862784564
85,78.01638355132454,87.03934343294344
85,78.03133042813776,86.99434769785277
85,78.0141773125135,87.02515192212681
85,78.03073411426989,87.00987897269243
85,77.97705179066672,87.02542469153231
85,78.0211369210292,86.95471994557205
85,78.03598885047386,87.00950141600052
85,77.98197833986737,87.0067805989673
85,77.98981584417263,87.01056504153918
85,78.03330268056514,86.97454645012522
85,77.9774076781567,87.00890936455163
85,78.01156532355762,86.98677547811188
85,78.01161193416367,86.95849921262109
85,77.97082514567862,86.99283117263519
85,77.97437878107341,87.03339755330163
85,78.01931764901104,87.02457476782222
85,77.99092341069904,86.99580602179624
85,78.03233279840445,86.97239466657386
85,77.99387770064816,87.02704133272655
85,77.99430325015791,87.01695678134332
85,78.00763845196559,86.95753898762594
85,78.0177770272748,87.02114714749945
85,77.98671551057542,86.99379888407661
85,77.99410272079355,86.9795536466922
85,77.96614975639437,86.97274046289208
85,77.99625497598042,87.02614191236297
85,77.99355496713925,86.96456263261469
85,78.04224820775573,87.02585394258601
85,78.02620652581182,87.03153080416419
85,78.02628716795036,86.99064644730467
85,78.00672260557148,87.02050230840115
85,78.02571010737665,87.03942112171474
85,78.02193769124337,87.00120942033881
85,78.01614747225992,87.01835372476806
85,78.03278379565417,86.987613788525
85,78.0157780679037,86.99890491552325
85,78.00529657463433,86.98604824439892
86,77.99513765084686,86.97507147943972
86,77.99589705304685,87.02792390617262
86,78.0370489272493,86.97982731025873
86,78.01226224133961,86.99215821022635
86,78.00561131465402,87.0314514701871
86,77.9883088340822,87.00107484344139
86,77.96032902630985,87.01801454080103
86,77.95548930370728,87.00544907025046
86,78.03314700194645,86.9834260031922
86,78.00224122601628,86.9687643067528
86,77.99220940938393,87.02195728185904
86,78.04346814939927,86.99004700835009
86,77.98047309592859,87.02178852493084
86,78.01742650564245,87.0459572943871
86,78.01241357999565,86.99490664973395
86,78.00594482106737,86.96645205751796
86,78.03085169845498,87.0116482429705
86,77.9707485085831,86.9881933343848
86,77.97759180985506,86.96015373311378
86,77.99102364496302,86.97594846530762
86,78.04324843551386,87.01120549025258
86,77.98648040990248,86.99957739270994
86,78.02667033742898,87.00471612942141
86,78.02433134180774,87.03657072861712
86,78.03411075105278,86.9748275201299
86,78.03318994062673,86.98408562704653
86,78.01403644509404,86.97206758634279
86,78.01336517387365,87.03551024408213
86,77.97446585105165,87.03372890998047
86,77.98324048179778,87.01323208966096
86,78.0087528720223,86.95564349834962
86,77.99758803941242,86.95362331823895
86,77.95416734218084,86.98304736549532
86,78.02647199550468,87.00521011066465
86,78.03663659926097,86.97349736037984
86,77.99351823641027,87.04954304030228
86,77.96712171282614,87.01262177316387
86,77.96230822890503,86.97968462906566
86,78.01408508147072,87.02006504873845
86,77.99827965327057,87.02876400703902
86,77.97648089024672,87.01756652354767
86,78.02315120092368,87.02160087123787
86,77.99615620372629,87.0441515856307
86,78.0134468125303,87.01752852034862
86,77.97047420360393,87.01862047355702
86,77.97293806561407,87.00201514799892
86,78.00147791261988,86.96116516730372
86,78.01868643324049,86.96472738745338
86,77.99241291957415,86.98443797513039
86,77.99067391477959,86.99766642207153
86,78.02850878693486,87.00554103113907
86,78.03263545226275,86.97793893544721
86,77.98719536655666,87.0078789890257
86,77.990152297047,87.03860253304308
86,78.01550344380931,86.95507941410798
86,78.01548769520555,87.02899360399864
87,78.00486786007218,87.02800844975356
87,78.00985654038598,87.00384371832911
87,78.02862565666072,86.96668763415113
87,78.01112114630293,87.01471689316976
87,77.96576057296973,86.9939282213602
87,77.97879615224049,87.0195576172992
87,78.00822058238829,86.97168801326023
87,77.9693048968852,87.03084790842392
87,78.03191312849796,87.01128468076907
87,77.98690337561693,86.98306539334153
87,77.99574296019817,87.03650447009223
87,78.00141654617798,87.00569952326819
87,78.01942275128027,87.00166445715891
87,77.98241639947187,86.97539844387984
87,78.01406426143852,87.02072075502772
87,77.99661490131295,86.99485023753238
87,78.00646080664208,87.04061346400327
87,77.97894904461617,86.98062678461736
87,78.03733390500453,87.01140823634937
87,78.0170825139199,86.9821021707403
87,77.9584236841527,86.9855439499954
87,77.98211934844868,86.98610444580824
87,78.02988975931241,86.98715315522085
87,78.00225678288025,86.97123072260342
87,77.9762455979387,87.0202260024492
87,78.01635605039475,86.95661509146285
87,77.96219254586954,86.98721193437183
87,78.00383596457367,86.95960758270736
87,77.98061688679539,87.0032175847433
87,78.01540167354885,87.02766403065425
87,77.98991816597176,87.03859914382863
87,77.98382687697887,87.0444548494166
87,77.97692479803956,86.97448178390094
87,78.02805132751274,87.02648473586142
87,77.98918029595258,86.95734755632148
87,78.0152210322212,86.98439351672653
87,77.98673508883054,86.95779444751555
87,78.006087200659,86.98230354529987
87,77.95388922665184,87.00785235761883
87,77.99293579870489,87.00782024613
87,77.9933491716795,87.04828968251812
87,78.03296561971835,87.00216833688638
87,78.00333190657132,86.95761980475147
87,78.03993706888185,87.01733641980614
87,78.02522437554443,87.02191470473858
87,77.97263979119674,87.01459613553467
87,78.01264286306429,86.96382789690371
87,77.9831916602629,87.00384580036065
87,77.95230710447429,87.0138467837475
87,77.97837508562652,86.96785405201221
87,78.0049250225826,86.95066418140472
87,77.98590717803637,87.0307317924021
87,77.97087373972616,87.0308482933897
87,78.0128630453029,86.97706728242194
87,78.00785886126792,86.99509823533714
87,77.97384857840524,86.9998428799681
87,78.03088047580344,87.03183017592055
87,77.99414870175032,86.9563060795385
87,78.03211209969044,87.03184295532074
88,78.00042995844314,87.0232853447444
88,77.95920507536519,87.0274243165672
88,77.95574942828794,86.98421466974894
88,77.97871126553058,87.0212047044417
88,78.01817843693999,86.96286934686394
88,78.02383052139297,87.0327516038247
88,78.01219806392452,86.97981475162857
88,77.97432469260374,87.03613684172029
88,78.03549013279815,87.02652711813522
88,78.0164234364454,87.00637199398317
88,78.01609646161151,87.04281510385168
88,78.0244486443228,87.0131626797048
88,78.02675718420572,86.95831483444637
88,77.98690698523927,87.00760086320786
88,78.02661795781046,86.99313568707034
88,78.01345232251809,87.01341561003098
88,78.00507276097674,87.02890701708249
88,77.99080545714507,86.98177113487974
88,77.98638218980432,86.97636973395912
88,78.0391819510147,87.00118576044318
88,77.98326691628334,86.96642983342883
88,78.01295445913183,86.95316673776334
88,78.02068617298599,87.02823849066489
88,78.01041076563966,87.02914937595382
88,78.01323576737067,86.98707731413504
88,78.01002722652922,87.03900512084826
88,78.00368037579129,87.02112461832252
88,78.00166694235791,87.01058190763072
88,77.99368599076057,87.03756291676325
88,78.02931227689164,87.0350597477151
88,78.03586863931034,87.01138848423437
88,77.99893303264338,87.03889736033098
88,77.97744789552772,86.97464666656315
88,77.98669437791501,87.02002588262846
88,78.01386399343332,87.03330553218758
88,77.99059082335096,86.96052562281058
88,78.00284569581862,86.97778027762936
88,77.96602836008516,87.0248506840465
88,78.03046720723735,86.982448861752
88,77.97969362919517,87.00370721869261
88,77.98489316827363,87.03008252636243
88,77.98102182971793,87.02329578615517
88,77.99237305949578,87.02068561076833
88,78.0000664480446,87.01838371458683
88,78.01534265864666,86.99131124342598
88,77.98645011855248,87.00419890849712
88,77.98877893164851,87.0002380752733
88,78.02034923003396,86.99500207566166
88,78.00557557661843,87.02063852180319
88,78.00687735559436,86.98429812049743
88,78.0124013621358,86.98610571922364
88,78.00780426490876,87.03239244940555
88,78.01061544283402,87.03010485609862
88,78.01889166342222,87.02475290854562
88,77.99921667464582,87.00050788722871
88,77.99377456789782,86.97966693364383
88,78.00436926834344,86.97305727077863
88,78.03997583023654,86.97185202915267
88,78.02051932379896,87.00385041880732
88,77.98702310315372,87.01754478070612
88,78.00848967659569,86.9553994254024
88,78.03941943544439,87.00128483864434
88,78.00558818142514,87.00822032110557
88,77.99288906821609,87.01329823420218
88,78.00005417152794,86.95580836216564
88,77.99290494243257,86.98823029946693
88,78.00644638722656,87.03328208605393
88,78.01027673600849,87.01916697517797
88,77.99727130747021,87.01521183696426
88,78.02069986671323,87.01708226729951
88,78.00511447853421,86.95810003470453
88,78.01250903007008,87.01459730854688
88,77.96630754215224,86.98027910221866
88,78.01560757074145,87.02091817441105
88,78.01063278315064,86.98280078713198
88,77.97524999109912,86.98748992751648
88,78.04973012051697,87.00047855751359
88,78.00093201061938,87.00091566422127
88,78.03134582188986,87.03241813685923
88,77.99480851315516,87.0080241280313
88,78.02918606201041,86.9995200305863
88,77.98891427023422,86.99550633414745
88,77.98846000658008,86.98387064740027
88,78.00455204069652,86.99903784052921
88,78.00069268838195,86.99133708199099
88,77.9804393815677,87.01423033590547
88,77.97733083516964,86.99236756786088
88,78.00026127327112,86.95869450191586
88,77.98323070989215,87.04280828585175
88,77.97739499423086,86.97456636313005
88,78.04159760219181,87.00739018762108
88,78.02978032049548,86.96225748714104
88,77.9747763107923,86.96781545711237
88,77.99958292869687,87.01779354466974
88,77.98001634820758,87.02897913056066
88,77.9620810451878,87.01834852285874
88,78.010064122405,87.03215202707767
88,78.01188463367731,87.02740962932111
88,77.96526206046293,86.99970271931514
88,77.98706012710423,86.99505453879907
88,78.00875760132148,86.99874072388529
88,77.97910934507122,87.00428083484844
88,77.96811578553238,86.96391051749555
88,77.99810350087776,87.00378841261465
88,78.01739936290885,86.98803443766066
88,77.99691876661394,87.00683961681686
88,77.98533261325292,86.98543216457277
88,78.02404129342973,86.99344231674179
88,77.9707473545129,86.9958577414038
88,78.03139098308333,86.96643003264305
88,78.00962174535498,86.95115669684759
88,78.02939892498372,86.99784951277645
88,77.99706708422909,87.02690037107271
88,77.9909265202321,86.99862922774507
88,77.98841874731112,87.00817469054891
88,78.04665883990415,86.99891637931464
88,77.99892124763298,87.0229598612986
89,78.01229989184465,87.00746869830417
89,78.02219474954742,87.02840203974515
89,78.00978088812992,86.99814123954623
89,78.0074176426428,87.02043048095092
89,78.00262293736418,86.95912040541083
89,78.00028480001015,86.9861882872664
89,77.98129732453489,86.99603166187843
89,77.96287891095562,86.97015644890082
89,78.0022601161552,86.96706688975159
89,78.02054899692422,87.00206426242201
89,78.02537274891552,86.98582810558104
89,78.01384455196298,87.00290371930494
89,78.015811953601,87.01644958785538
89,77.9809108607816,87.03072997366725
89,78.02216002767055,86.99706623270353
89,78.01208681747467,87.04072785834572
89,78.032740417642,87.01979256415937
89,77.96904537995728,86.99230144956437
89,78.0241267730021,86.97655807056105
89,77.97902596524685,86.96611316384377
89,78.01402731431024,86.98077773711124
89,78.03742975867083,86.98505602848316
89,77.96797255665099,86.98113620741957
89,78.0279169163513,87.00307875532027
89,78.02857900228534,87.00973376143486
89,77.99903581466836,87.02591363394222
89,77.99547156618779,86.9843381292859
89,77.9672065782247,87.03497894412547
89,78.00291990833958,87.04986245129712
89,78.00721534060386,87.018073268523
89,77.99439693527428,87.04786874006238
89,78.00178286248074,87.00131409208379
89,78.003148506495,87.01776302010438
89,77.97512021402204,86.96075696565059
89,77.9585828494605,86.9828091154172
89,78.00127825897259,86.97568924377508
89,78.03334748491346,86.96333051465258
89,77.97447318520544,86.97967978968056
89,78.01641580415449,87.02978671375541
89,77.98541215506346,87.00060436272022
89,77.9592573961149,86.99881328817142
89,77.95083502913056,87.00034583177484
89,78.04626688731892,87.00714166069955
89,78.01049621497236,87.00520791218712
89,77.99606142806799,87.03044636167539
89,78.00322535059675,87.02469709736656
89,78.0072609420035,87.0485421127577
89,78.00495103410994,86.96174390461326
89,77.99941126685358,87.00278801192353
89,77.97872705040251,86.97751892072431
89,77.98034845716634,87.0216608930403
89,77.9565986144045,87.02407040665204
89,77.9997809027785,87.0137525530058
89,78.00757653116958,87.02360020792973
89,78.00309347729468,87.01641700719715
89,78.01381846493274,87.03931656513343
89,78.01228109692173,86.96238388232325
89,77.96151539525276,86.99385147923532
89,78.0368807626186,87.02898464728719
89,77.99890622684275,86.99184319350059
89,77.98415233689214,86.96238202627158
89,77.9582495176592,87.0035188903598
89,78.03604085022334,86.97081474824596
89,77.99607099502407,86.97750670868267
89,78.04266438612459,87.02178529247078
89,77.98892655776315,86.98971543362272
89,77.97999888102466,86.96973952047814
89,78.00209894702189,86.95132684161776
89,77.9930908452635,87.00389898840737
89,78.0085206553164,87.04195811429547
89,78.02931749987336,86.98640331431514
89,77.99802898954171,86.97562083724021
89,77.95812484206968,87.01093178413352
89,77.98318917750328,86.99273068533564
89,77.98547065090877,86.97152373670055
89,78.00590647874769,86.98059069843123
89,77.99815377956482,86.98115051560842
89,78.0163020183113,86.98954399899264
89,77.9630624370495,87.02783142240594
89,77.9971896080254,87.04891024601237
89,77.99035519152538,86.95216727433424
89,78.00141974503796,87.0045471892924
89,77.98942511420935,87.02211874183986
89,77.98963155600899,87.03562333234116
89,77.97070233654074,87.01782877802842
89,77.97205542760555,86.97639923678358
89,78.01165149052693,87.01684083518278
89,78.03927060414834,86.99334270662685
89,77.98586246013265,87.00774161118271
89,77.9783008219843,87.02982641086568
89,78.00244289485882,86.99821508886272
90,77.99457930626336,86.99374193464354
90,77.99423370513661,86.98509151203523
90,77.9815067592737,87.02074803985211
90,77.967248251016,87.03595761655231
90,78.02741873361964,86.97889237341577
90,78.008622914426,87.0047771465606
90,77.99716212733689,86.98070480490667
90,77.97390688952808,87.03296881750194
90,77.98102182971793,87.02329578615517
90,77.99682125943006,86.98095140413955
90,78.02240031783448,87.0338970375658
90,77.993394651143,87.0039441672187
90,78.01476278899787,87.02971082779341
90,77.99617077098128,87.03159563326145
90,77.98740611872726,86.97814136570209
90,77.9746673049635,87.03045711549294
90,78.03412194224735,87.02020544069343
90,77.98826806078611,87.03352565195719
90,78.0293723048289,87.0207889588759
90,78.01749625381868,87.02970645470616
90,78.00167442374146,87.00464812858098
90,77.9584507502591,87.02629223505713
90,78.02737067716451,87.00334086398176
90,77.95624818782821,86.99432424424734
90,78.03324576785046,86.99825142283888
90,77.9924371967814,87.0403525367942
90,77.97884013365208,87.01868492071608
90,78.02599294422012,87.00619596165629
90,78.03581258086588,86.99905633428193
90,78.007385549136,87.02549965526688
90,78.02972859796286,87.00943812348477
90,78.04561230715788,86.99599014273147
90,78.03101388879573,87.02311384107887
90,77.95969182626033,87.02647730845256
90,77.95860058054264,86.99531380067364
90,77.97718404488764,87.02703956659565
90,77.99038981041309,87.04204812313154
90,78.03195956250474,87.03671958547724
90,78.01276076635818,86.9676502029586
90,77.9771658248549,86.99074843065296
90,77.99934086602634,86.9761929444587
90,78.03419030873036,86.96706161906167
90,77.952073525265,86.99005554774516
90,78.00105565900499,87.01256683557219
90,78.00628079657608,87.00293200723092
90,78.03005089666277,86.99705174743556
90,78.014084599545,86.98191198801739
90,77.99344460611422,87.03828459559014
90,77.95590555448824,87.01951835679974
90,78.009460300585,87.0198010401508
90,78.00959271968829,86.98003166088215
90,77.98426748880064,86.96655265485302
90,78.0210153349019,87.03950475491553
90,77.97701143773695,87.00851057878211
90,78.00391366097018,87.01108244119915
90,78.00486948222213,87.01790036395946
90,77.9686894177915,86.97272635853177
90,77.9971065580132,86.99751779213021
90,77.97032485651954,87.03810331921318
90,77.9766544319814,86.99320210066462
90,77.97410444323747,86.99238266954214
90,77.97448717441131,87.03178758962049
90,78.0385557301618,87.00427422521986
90,77.97651730562472,87.03041487160873
90,78.04237300828304,86.9942576962017
90,78.03657728600174,87.02481878771461
90,77.9695530532531,86.97141850033584
90,78.00794482600688,87.01472248788295
90,77.98883794437452,87.03960698006291
90,77.97637481732369,86.96560768481659
90,78.02340708212591,86.99287822871447
90,78.01291781419917,87.0336407874833
90,78.00109356284302,86.99465272647876
90,77.97249170327481,86.99029115312014
90,78.0094540680235,87.03723927849066
90,78.04725745100679,86.99509237836568
90,77.9845767428051,86.96921871925805
90,78.00903733602057,86.96209568067454
90,77.9953740213386,87.04484885999997
90,77.98641677778474,86.98512361947684
90,77.95467396768228,86.9854717752296
90,77.99730253773225,87.01720441281753
90,78.03998898391546,87.01093182469525
90,78.02083417934524,87.01578238289721
90,77.97877382021082,87.0193316961782
90,77.96087849365425,87.00759256433413
90,78.02790147601293,86.99084074608326
90,77.99688761285718,86.99766836795052
90,78.00046453267883,86.98083363089974
90,78.01150524518985,87.02496862818566
90,77.99706598078802,86.97882221362687
90,78.00610031763051,86.96244651479454
90,78.00519399660391,86.97461253510943
90,77.96424163480015,86.99670537782899
90,78.03832950055624,86.99068318405084
90,78.01682792354491,87.00184796604722
90,78.01021448813817,87.00877661942167
90,78.01370885328356,86.98844642519848
90,78.01045283653325,87.0028489366181
90,77.97734811472473,86.99646383053424
90,78.02199004353427,86.96994490091174
90,77.98869382189923,86.99397508202966
90,78.00095006439348,86.9836265102916
90,77.97920425077895,87.0087928913206
90,78.00598778520221,86.99602522099046
91,77.98512812231237,87.01102322284237
91,78.03652894219438,87.01266720065877
91,78.04032647840656,87.00846929668327
91,77.97604330914487,86.96982939250871
91,78.01775063833321,86.99218750388414
91,78.0247205919465,87.0092613453292
91,78.03937681448303,86.98195024245156
91,78.00341683656768,86.96579998899082
91,77.97452838132546,86.99199979100213
91,78.01787328146634,86.9570708042798
91,78.0108145010089,86.99745878215441
91,77.95718701214903,86.98836611692974
91,78.0112954105514,87.00072836668575
91,78.01977823291773,86.95868359831933
91,77.97649627883006,86.98941772936477
91,77.98679664120132,86.95178535734902
91,77.9995042843158,87.02746767851379
91,78.01079846035509,86.95349617548348
91,78.04163416915256,86.98740682178463
91,77.98320529252187,86.99533829347067
91,77.99150422024832,86.99435532845598
91,77.97579672765538,86.97868930764345
91,77.9995314872626,87.00858285630771
91,78.02250645044099,87.01469099762386
91,77.97109423740426,87.00501389044645
91,78.00498693936093,87.00296127826637
91,78.01502308177658,86.98827739938363
91,77.98772731642896,87.0287085349079
91,78.0056028388787,87.01985605098346
91,77.99840577736218,86.99030704441662
91,78.01889166342222,87.02475290854562
91,78.02234660061737,86.99433596048138
91,78.0094926955752,86.96719392292876
91,78.0157441543646,86.98338516784325
91,77.9890743087094,86.95334333739012
91,77.99393175892651,86.97250750734959
91,78.02369345009372,87.00179581425421
91,77.99557107317197,87.02606531733646
91,77.96627685318084,87.00585206777835
91,78.01311618156655,86.9962888786919
91,77.99869128310657,86.96820962105281
91,78.00740611858065,86.98932613258013
91,78.03619198069795,86.97388475347012
91,77.9896288194085,86.99371611495744
91,78.01973767555648,86.97863042917014
91,77.96099311542827,87.01350756339862
91,78.00608523775107,87.0029319482539
91,77.97632474916612,87.03607831191464
91,77.99485626921926,86.96859799636894
91,77.97515815115972,87.00952115759014
91,78.00358230832445,86.97649606441131
91,78.00806654794214,87.0116612531301
91,78.01513771959817,86.99050411339934
91,78.03550988711022,86.99581666517166
91,77.99700829829449,86.98749109004734
91,78.00212953010195,87.02609750368488
91,77.9968386235745,87.01234088703426
91,77.97276079346805,86.99731753815855
91,77.98054698298363,87.00054798797485
91,78.02755734272347,87.00242599730021
91,77.9988553745585,87.02350982453642
91,77.97393425853865,86.98752263165224
91,78.02038115558163,87.0140749195375
91,78.00334478375561,87.0366296568052
91,78.00627606295133,86.98623772010482
91,78.00852791343158,86.98513389162417
91,78.00859204684005,86.98214556259867
91,77.99534156514136,86.9917348163821
91,78.04070219271993,87.0150291591239
91,78.01544076665454,86.97616341611881
91,77.99523150623996,86.97577056463041
91,77.99204169845353,86.97372046350436
91,77.98428680157208,87.00998626649447
91,77.9783762325862,86.99361799683203
91,77.98151568091471,86.98301390944174
91,77.97280894319674,87.014809227178
91,78.01443744483227,86.9985951698968
91,77.98891662185807,86.9842100885134
91,78.01219863631755,86.98630762315422
91,77.9634229360531,86.97343826080326
91,77.99986822799387,86.98059211746356
91,78.01928099031113,86.96969033976539
91,78.0280572658769,86.99100266884037
91,78.00331669967485,86.99670331699605
91,78.03052778597512,87.0207007131135
91,78.04753727625902,87.01002015314167
91,77.98485911223274,87.00245123872476
91,77.98534550660246,87.0033765074327
91,77.97092924797118,86.97389202839977
91,77.9995384399861,87.01847251669231
91,78.01234888789743,87.00921943687943
91,77.98840457031073,86.96939688399517
91,77.99028321299626,87.03618978093152
91,77.96577590887004,87.00551277041589
91,77.98018545817351,87.00347333897867
91,78.02247974124919,87.00334432269028
91,78.02916998418513,86.9800639512935
91,78.02719313468351,86.994445707364
91,78.0003311510255,86.98041543562115
91,78.00409437527911,86.96482615534971
91,78.0156682577608,87.01522709819864
91,78.03446363714774,86.99349439468773
91,77.96652678431063,87.00384890151975
91,77.98816822882712,87.03514067237907
91,78.0047119342543,86.95140592214514
91,77.99080970819362,86.98485870361422
91,77.99280779534219,87.02963909178285
91,78.01489387967264,86.97680551003138
91,77.98293362072408,87.0172251936331
92,77.99808801811005,87.00517580412807
92,78.04627137412389,86.98319702546563
92,78.0012998453579,86.95640440094266
92,78.01841659170842,87.01732532716605
92,77.95823787030062,87.01576365236821
92,77.99815492038998,87.03768579603579
92,77.99815438963716,86.97504533447417
92,77.9813116747334,86.96382751787486
92,77.95931195257978,86.98486768202721
92,77.9744558948681,87.00572061528588
92,78.00310536131042,86.97655642821704
92,78.00729124403016,86.95875492917183
92,78.01653582748025,86.95722273744724
92,77.99358733784669,86.95278231938914
92,78.01947986733168,87.02105370377271
92,77.99213406857419,87.00664142131329
92,77.95138577149264,86.99346346717017
92,77.96610336991797,87.03065853657658
92,77.99270097515203,86.99451411392523
92,78.0153983623183,86.97178526643712
92,77.97987676139122,87.02981339520724
92,78.0355610408836,87.0051972828353
92,77.98830262916073,87.0251848488702
92,77.9640344684929,87.01717555352185
92,77.98832190050133,86.98811744530659
92,78.0024100032521,86.95931296458136
92,78.00141820598321,86.98700392012056
92,77.99936117631638,86.99362321620829
92,78.01362532650587,87.00120674605857
92,78.00763484272225,86.97025162652203
92,77.98226425562822,86.96256099955676
92,78.0191155759299,86.99911935856626
92,77.97604054580633,86.99622086208163
92,77.97165526531002,87.01395216703769
92,77.98266669558109,87.04241196054647
92,78.0053265956422,86.96754930819469
92,78.00835118532986,86.98567385421762
92,78.00807828150998,86.98355697296344
92,78.03542891458666,86.9972881593038
92,77.95922690715327,87.00238932020486
92,77.96729284909023,87.01967353689402
92,78.00254765922358,86.98508211994117
92,77.99087679432276,87.00652352013103
92,77.97736908972578,87.0355678799872
92,77.98204647556432,86.99273535343886
92,77.9932506566576,86.96063212557927
92,77.99237305949578,87.02068561076833
92,77.98543331526386,87.01981476394826
92,78.04852479283443,87.00813078723786
92,77.96777306059532,86.97047109518182
92,78.02780740842992,87.02520982064672
92,77.99694631818899,86.95426086098719
92,78.01650542203652,87.00653661929019
92,78.00139226006603,86.98028470078812
92,78.03857956249509,86.98781249197835
92,78.00170334946714,87.01606873055583
92,78.02029719103741,86.97526800815565
92,78.02017431079405,87.04119396079699
92,78.02329700320584,86.967223136048
92,78.02938700177614,86.97572813242087
92,78.03835211066429,86.97646910037419
92,78.00676898617004,87.01338980058021
92,77.98823935232613,87.0017414579904
92,77.98316767502166,87.03134060842366
92,77.96526436228395,87.02624896771938
92,77.98043738942782,86.9999446670809
92,78.00528296932363,86.97124887132586
92,78.03952310727796,87.0050483784438
92,77.99694891974025,87.02067215503378
92,77.97247896847189,86.96664730679208
92,77.99147452430583,86.99351851516903
92,78.01699606335652,87.02013796381594
92,77.97646589869447,86.96396054557898
92,78.00382590376067,86.95139843576025
92,77.99455067844455,86.97710337735754
92,77.99761950334774,86.98237462239175
92,78.04941069427997,87.00277015076803
92,78.01664287660427,87.04601948538242
92,78.0426343130499,87.02523010112048
92,77.98740611872726,86.97814136570209
93,77.95930690527705,87.0200327351154
93,78.00486948222213,87.01790036395946
93,77.97958398547395,87.02770470819517
93,78.00442664324191,86.99891864254096
93,78.0286679185464,87.00567005505576
93,77.98120985437968,87.02353996176544
93,77.97006198755543,86.99213968083797
93,78.00450227842838,86.96178935987807
93,77.97530621904916,87.00720052447517
93,77.96379429547926,87.01073889064786
93,78.04796294262067,86.98587609536355
93,78.03018072556283,87.01280668428949
93,78.02530319851424,86.98299271050496
93,77.9733987281246,86.95767777981405
93,77.97853199214164,87.00778137354642
93,78.02773102737429,86.96483767883397
93,77.97553837953285,87.01611333857254
93,77.98967949043887,87.0286374552394
93,77.96696286399393,87.00313038556159
93,77.96210867556333,87.00806881879423
93,77.95311901025943,87.0162172943632
93,78.00869962087647,87.00325070133948
93,77.97656322471879,86.99138098863722
93,78.00462281312197,87.04810461239929
93,77.97339722439513,87.02144224735167
93,77.99793083111385,86.97551827342578
93,77.98932982434062,87.02119943650422
93,77.9784543938089,87.00999945725727
93,78.0379239676131,87.02569261507962
93,77.9517904483312,87.0127937463654
93,77.96960179512104,86.96077457697177
93,77.9635115855788,86.98848701847156
93,78.01851969109273,87.00523602600768
93,77.96507277583041,87.00364381828341
93,77.98683156247189,86.99097517214145
93,77.96838232115977,87.01637958513462
93,77.9835730356732,87.02795405902764
93,77.97505550145188,86.99204690369334
93,78.0241973001508,86.96542922129824
93,78.04221881883616,87.02206813500574
93,77.97601540742696,87.04056363421259
93,78.02948632352057,86.96900657435467
93,78.01218388616942,87.03135414882027
93,78.02473343514987,86.99370408363629
93,77.99177965043496,87.0155726742729
93,77.97920514561791,87.04460132307491
93,77.95175498048097,87.00339707465703
93,78.01483414345957,86.99264071257218
93,77.96760202908644,86.96675094572058
93,78.00326225362727,87.00194319518698
93,77.99590649437218,86.97162147660686
93,77.97590891754064,86.97794817862378
93,77.99038909573281,86.97589174801904
93,77.9882739141017,86.97848248192162
93,77.97133266701665,86.97778941405701
93,78.03133881115934,86.99161594606613
93,77.96468382246572,86.99916973262769
93,78.04561140467467,86.98333012240444
93,77.95953545487333,87.02077780735
93,77.97370022584519,87.03692051560166
93,77.96871109270425,86.96646371319724
93,77.96567690769257,86.99854665736137
93,78.00959357234451,87.0232396940508
94,77.9613717563566,86.97478633378252
94,77.99580463702094,87.02451965079747
94,77.99212154675737,87.00942987565655
94,78.03292934642394,87.01852498327446
94,78.0044091072738,87.01571651185836
94,77.97357058334597,86.96871669093066
94,77.96913836223476,87.01425772181277
94,77.98575409395781,87.00554520216494
94,78.01107557482563,87.04243912076798
94,77.98703270914457,87.04347137006785
94,78.01414746841775,86.967155825867
94,77.97496017249394,86.99748464000395
94,77.97804367878558,86.95779045520031
94,78.01867594390117,86.96461085346444
94,78.00989194442158,87.01664833044971
94,78.02148892769966,86.99321082762857
94,78.00125247283087,87.00341961232324
94,77.96693751082864,86.97851406351836
94,77.97323461881368,86.98659460505488
94,78.00526488502659,86.9839132899225
94,77.99121929415674,86.98282954537392
94,78.00666783994014,86.95292149986908
94,77.98850798538338,86.95567415559353
94,78.03020704158871,86.9726596790578
94,77.9813490299003,87.03049301911815
94,78.013551853826,86.98535849262223
94,78.00710763070528,86.95627420351163
94,77.96851508431304,87.03580707286243
94,78.00883518814346,87.014808369038
94,78.0163938888982,86.96546622750398
94,77.96728740691013,87.01824459498476
94,77.9704589881201,86.99998274396098
94,77.99123460617977,86.97433597355031
94,77.96418564707221,87.0092123951669
94,78.0212156598739,86.96874407968508
94,77.98534550660246,87.0033765074327
94,77.99659415905009,86.97670923902821
94,78.00649057045473,86.99896905362833
94,78.019520237628,86.97026633764492
94,78.02200282527703,86.98453686632853
94,78.01963068617184,86.98953956491137
94,78.03167494536922,86.96873090145823
94,77.99709092542982,87.026010360167
94,77.97044349686391,86.99125147542857
94,77.9812539937097,87.01375192584675
94,77.97138953957916,87.00870692657978
94,78.01316100028788,87.00709307987759
94,77.99751322598988,87.01398110298871
94,78.04856463787777,87.00617883938475
94,78.03708476105616,87.03059205163905
94,78.02441504831822,87.01329193141555
94,77.98346173972378,87.02797926698605
94,78.0070583124292,86.98672121458641
94,77.97266174811261,87.02551430458979
94,78.02625881249034,87.02979306537415
94,77.95084471557621,86.99655814150353
94,78.02486759501139,86.97342786371193
94,77.9980993851219,86.96082144419486
94,78.0040272814296,86.98439811329536
94,77.97767621580441,87.00332270364142
94,78.01731413799907,87.01192199278118
94,78.02091898261837,86.99821696959047
94,77.98419990405333,86.99081186090349
94,78.01967799729601,86.97734067816023
94,78.00476414189222,87.00549390251349
94,77.97860597809486,87.03509636214598
94,78.00226121924347,87.0452391484194
94,78.0177582493205,87.02563871425568
94,78.04579555500766,86.99157805046755
94,77.99827136521104,86.98065751679061
94,77.98079958564108,87.01101100559197
94,77.9793713100487,86.99929721042123
94,78.00855267296278,86.99050495118901
94,77.99959427985127,86.99213816969541
94,77.96702670713739,87.00907287569454
94,77.98860567924599,87.01759490073825
94,77.97893545980206,86.99447428779509
94,78.04326426438087,86.98449983288874
94,77.99812128096843,87.03765615081355
94,78.00004567530422,87.01552271797134
94,78.03688357611934,86.98098872884295
94,77.98327708188653,86.96593359578634
94,78.01643189592453,87.00263862944058
94,77.97859989020351,86.98576558407382
94,78.00180270462813,87.04213983979967
94,77.98441544778952,86.98170882233501
94,77.99320021324799,86.95832261463272
94,78.03052958686035,86.9649164176887
94,78.03853684530647,86.99635411644789
94,77.99710129654501,87.0279333343206
94,78.01025942294609,87.0424527324586
94,77.971476091,87.02388256106971
94,78.00449629225005,86.95873115488882
94,78.03610061565936,86.96627925304357
94,77.95329315495475,87.00637029240396
94,77.98815164441724,86.98971563236917
94,77.95800274164375,86.9729548640365
94,78.01254820214028,86.9864276879675
94,78.03030634325204,86.96855182884251
94,77.95608549715446,86.98603143160882
94,78.01469208091495,87.03721914257571
94,78.0261380716003,86.98534460836672
94,77.9891333781339,87.03562517493425
94,78.00619152617337,87.02810865124712
94,78.01506191317462,86.97387681288329
94,78.02556763215888,86.97157561774917
94,78.01732242521898,87.01902444954989
94,77.98312780085953,87.03437574275254
94,77.98685312612432,87.01470888443109
94,78.03192185942093,87.00340947928662
94,77.98850807356357,86.98964373235617
94,78.01579754628939,87.0411326400376
94,77.9817784441692,86.9663627815158
94,77.98406309147066,86.9732570003517
94,78.01991238431869,86.98450611070263
94,78.01735318985669,87.04119765141182
94,77.9884301425392,87.0263064096325
94,77.96824394408462,87.01400766100295
94,77.98284342514866,86.99072428813818
94,78.01992990452916,87.0175756771622
94,77.99347119791902,86.99247195380781
94,77.97209625460123,86.98796091224956
94,78.00294085625569,87.01834827660801
95,77.96601368250704,87.00015717370403
95,78.03289636075816,86.99301932264325
95,77.96339997706184,87.01476242681733
95,77.95969335194269,87.01386760115956
95,77.99848088746029,86.96200415387426
95,78.00332527636365,87.04645204571621
95,77.99403686096295,87.02488105111408
95,77.987951223989,87.02772047192491
95,78.02140072981122,86.95784741139622
95,77.97680919470791,86.95613342877733
95,78.0163938888982,86.96546622750398
95,78.01739431268763,86.97954316731202
95,77.98944388364426,87.0304858869577
95,78.0302396622046,86.97588627769818
95,78.03173114991753,87.01917463472101
95,78.02345063764167,86.96637706060328
95,77.98034581872527,87.01395625125281
95,77.97219795154179,87.03926752507178
95,78.01474459389881,87.04748411440676
95,78.02339328976782,87.0418414584652
95,78.02131711390676,87.00348449513696
95,78.00448405497342,86.9674687575063
95,78.01210038125159,86.98285588310917
95,77.97190199455298,86.98455296847851
95,77.98383711806548,87.02562780212199
95,78.00609121669883,87.03590616911166
95,77.98882438293022,86.98436517690433
95,78.04048452851227,86.97399479840306
95,77.9935844957994,87.00552978949676
95,77.9888755729486,86.96709542289634
95,78.02815073192365,87.00065682482827
95,77.96719580582821,87.02175093250959
95,77.97605119961007,87.0102880069801
95,77.97637191782113,87.04110402196474
95,77.97600403666613,87.03261829346407
95,78.01639361878263,86.9835048480269
95,77.99824826116551,87.0254424342369
95,78.00469852487466,86.99383092241274
95,77.96499218493453,87.02175970817476
95,78.01495930589843,86.9885984275451
95,77.99430630757635,87.01571899940666
95,78.00910300216142,86.99198839571594
95,77.96063748183465,87.0298604261593
95,78.0256737359943,87.0218957041068
95,78.00850872757776,86.97445646319393
95,77.9715710091038,87.0363527368304
95,77.96270254721115,87.01955487501573
95,78.00014323742055,86.9754317832325
95,77.9972653446012,86.98021263555147
95,77.98595345458962,86.98772951763182
95,78.0120713592268,86.99521694546864
95,78.00140170257308,87.00618977817045
95,78.02803796927446,86.9783029402097
95,77.97472084377942,87.02657381856494
95,77.99812947632053,86.98995308679153
95,78.01229545126044,86.99229358052439
96,78.00558816867185,86.99292521351484
96,78.02292314511361,86.96962191310897
96,77.9932642552266,86.98592464303582
96,78.03416924893209,87.00370525893078
96,78.04159629864768,86.98078626144348
96,78.01686728060521,86.99329376656097
96,78.04469702487222,86.99351751251116
96,77.97276718773959,87.03072293712306
96,78.04954404243533,87.00453874631995
96,78.00278217793237,86.95596666870387
96,77.9932681277186,87.03832790243511
96,77.97167530087945,87.03082423658246
96,78.01137981133863,86.98145075418486
96,77.98317472078926,87.04504055971306
96,78.0106873985149,87.02875150318314
97,77.996064022351,86.9547396032238
97,78.04452043393047,87.01306317359591
97,77.973920546598,86.99716903776613
97,77.99590649437218,86.97162147660686
97,78.0272596985232,87.02252146945497
97,78.00000624921789,87.02537528425528
97,78.04492794418842,86.99029609845562
97,78.0167916515066,86.97562457411618
97,77.98735632178781,86.99427071344059
97,78.04005200941191,87.0239239740845
97,78.04454991467226,86.98572945611215
97,78.00273252562997,86.99828801766553
97,78.03431940679206,87.02828312196777
97,78.01235190902165,87.00502985647188
97,77.97641641583898,86.96214387927148
97,78.00125280178159,87.03126192454181
97,78.0344560621361,87.03016420696783
97,78.03694333547449,87.00458403358665
97,78.0236744760358,87.02749039182508
97,78.01044272366892,87.00783062223312
97,78.00012133935638,86.95187519516944
97,77.98943249060201,86.98667073285826
97,78.0181697967821,86.9858532594453
97,77.97651941257492,87.01357139877706
97,78.01979245938657,86.97317939247621
97,78.00124602980819,87.0104961308278
97,77.96521069796927,86.97065318424944
97,77.98935841827729,86.95656538948882
97,77.97684928625652,87.02556811723596
97,77.97410923594256,86.97327347245361
97,77.99551572554533,87.01742946826083
97,78.04353506366711,87.02411235140025
97,77.98899150687731,87.0281028322279
97,77.960973284419,87.01528552746113
97,78.02582970502863,87.00577325984405
97,77.95640979883001,86.99614029988446
97,78.018414878177,86.96415368594936
97,77.97050608111631,86.96273678512894
97,78.01609225900498,87.00155567171643
97,78.01937086367765,87.02036115705555
97,78.04929068487458,87.00337343045905
97,78.0239116237236,87.03969249555394
97,78.0261349211653,86.96322706713816
97,77.95542169755102,86.99059369826165
97,78.0034186590186,87.04406951228135
97,77.97834350844337,87.00312079596281
97,78.00960499576078,86.99371957763316
97,78.01447663765074,87.02246931229267
97,77.95809770431016,86.97411326118882
97,77.99158895148709,86.97125205567663
97,78.01484376156024,86.99759181103681
97,78.03982087548653,86.98927558077737
97,78.04978816181526,86.99850526162703
97,78.02436708715102,86.983276267692
97,78.00948418529495,86.99405625702904
97,78.00334478375561,87.0366296568052
97,77.99457586758689,87.00577341697854
97,77.98980018859474,86.9598443142687
97,77.9868786767096,87.0005740305402
97,77.98572197207882,86.9850997896314
97,77.98630712268458,87.02794941901904
97,78.04793745287873,86.99033799112361
97,78.02346415791794,86.99022155960304
97,78.02637811503438,86.99526159107788
97,77.98488609376253,87.01781422540722
97,78.01468856766394,87.00111037473575
97,78.03077311635988,86.99476961210513
97,78.00953651168614,87.00692334537271
97,78.0284490617227,87.02734196979048
97,78.01260917407612,87.03741547658238
97,78.0028718582043,86.98823303792447
97,78.01733166278915,86.95985395996426
97,78.02841644722837,86.96544486629868
97,78.0296247050088,86.99054997648133
97,78.03178236735181,86.9649678351622
97,78.01644559086841,86.95702542240284
97,78.01581499490457,87.02469138709587
97,78.00023180776715,86.98035967651462
97,77.99934386062809,86.99874478230497
98,77.99430325015791,87.01695678134332
98,78.02012571276958,86.95623084540925
98,77.98488069059101,86.98050862646325
98,77.98552073557995,87.01748106102228
98,78.03333533766575,87.03130490624454
98,78.01143847955609,87.01570081569064
98,77.96877107128857,87.00839739020498
98,77.98674009256109,87.00003089356834
98,77.96201714859153,86.98858220155735
98,78.000641633657,86.95085382783503
98,77.97594977012365,86.99376713437537
98,77.98865716916958,86.9699275281703
98,77.99207401610172,86.98646035884668
98,77.997539786459,86.97179484534165
98,77.97983421536935,87.01508117834449
98,78.00034373791013,87.03631741516504
98,78.03718702884976,86.96848372077162
98,77.97723407907152,87.01348314362963
98,77.99862818602304,87.01354754186687
98,78.04008118213741,86.9942619312395
98,77.98492883945602,86.97873380521706
98,78.03714296387665,87.0153285936825
98,77.96460829009305,87.0144879118128
98,77.99536907745637,86.96831376788619
98,77.98425824454978,87.01855688140081
98,78.00928435784637,87.02104419096486
98,77.96573548916052,86.96634910129052
98,77.99184216951514,86.96841683803392
98,77.97476168751716,86.98622478773103
98,77.97713547235197,87.02612906960088
98,78.00137795657616,87.02586502826482
98,78.0334575620068,86.99968837270924
98,78.02549558998516,86.96386269925517
98,77.95432345113161,86.99545897822637
98,77.98298063234536,86.99972538870877
98,78.02910278697243,86.9707996549206
98,77.96734286260383,87.00353685306403
98,78.04592811759598,87.0023681964893
98,78.0454151261948,87.00276003278951
98,78.0214889120339,87.04179097871982
98,78.01158823976391,86.95863648716833
98,77.98098071466987,86.9919307083433
98,77.9901763670889,86.95592888725463
98,77.9535543700077,86.99802243792708
98,78.02012571276958,86.95623084540925
98,78.00394083466684,87.01571746852129
98,78.0376816493279,87.00842552793915
98,78.0178521400423,86.98180413321971
98,77.9607662570007,87.02840729503778
98,78.04482537845871,86.99369550938756
98,77.97335106785864,86.99860530209408
98,77.99084549054837,87.04423350767912
98,78.02627022780976,86.99920952246133
98,78.0385761249686,87.01347468488215
98,77.99612713125342,87.00928372186212
98,77.97876260520758,87.04050438434801
98,77.9752629380619,87.01162401536683
98,77.96371493493717,86.99494796135458
98,78.04104644699348,86.97888556227677
98,77.99934386062809,86.99874478230497
98,78.01289924402997,87.01068178661941
98,78.01310910591351,86.97341395015586
98,77.98822912231064,86.97736639163051
98,78.03530784435648,87.02237529206965
98,78.01271108455752,87.01393194456149
98,77.98028554086461,86.98198357245244
98,78.01696437649935,86.99400654600572
98,78.04384170171747,86.99820395697223
98,78.00937171191647,87.00320480977405
98,78.02709548502509,87.01684224917967
98,78.03817668717865,86.9709717352283
98,78.00868881797652,87.03968906997798
98,77.98730582955622,87.03781196363933
98,77.98331251207023,87.03243924464596
98,77.99558267165165,86.9786941423145
98,78.02645960649978,87.02756430474653
98,77.97510880457381,86.95732847314736
98,78.02963227291133,86.96533278938243
98,77.97787415366618,87.01515708685164
98,78.00479653286389,87.00675218205076
98,77.95528512601486,87.01032474162814
98,77.95858033574133,86.9961955750527
98,78.04057716895237,86.99432531183318
98,78.03800113765261,86.99743842252916
98,77.99334668532717,86.97456050423415
98,77.98812280172464,86.98062722928647
98,78.02818879865205,86.96516737712378
98,77.9576944304164,87.01703305065539
98,78.01488206432762,87.02166302118907
99,78.04158409136768,86.98197745548524
99,77.9696625344097,86.97511536939578
99,78.01309374399152,86.98473958233615
99,78.03361598740292,87.02807784735846
99,77.99319443355058,87.04416847646829
99,77.9872647955597,87.03972224645797
99,77.97798840188514,87.02906625551442
99,78.03602003531815,87.01602460041606
99,77.95710908638289,87.00171834094617
99,78.01079951281514,87.01254934856415
99,78.00441083622532,87.01145547606104
99,78.04796294262067,86.98587609536355
99,77.99186494200683,87.02151419475449
99,78.02229944121062,87.01656903865917
99,77.99674133393678,87.00767597364754
99,77.99475240198126,87.03654944649917
99,77.96049367229467,86.98137926673124
99,77.99216415473738,87.02402736411696
99,77.97356432111548,87.02785720728131
99,78.02669425393664,86.99244189954385
99,78.04141256444622,87.00824683123086
99,77.96922198004033,86.99820026626348
99,77.96395677938108,86.99255863284725
99,78.00697878507091,87.02387672647437
99,78.02214067018289,87.00840717817495
99,77.95426128566127,86.99711523639728
99,77.96367927846227,87.0240022434061
99,77.99046341793142,86.98312966136854
99,78.02134024032577,87.00397954748692
99,77.97907390430825,86.95642070025951
99,78.01649299275667,86.99677304726274
99,78.03704118410727,87.02260258347135
99,77.98169862697068,86.986368283261
99,78.0076778085791,87.0326720573233
99,78.01276117147926,87.03803962247527
99,78.02614133735106,87.03487402175493
99,77.98928829644272,87.02998545589138
99,78.00458930430617,86.97876486598122
99,77.97772923719509,86.97731520916244
99,78.01565089892524,86.99971098597419
99,77.95238088459863,86.99969442364502
99,77.97243749110304,87.02432457736116
99,77.97732950197978,87.00323449251601
99,77.98285334794957,87.0373332903311
99,78.02547651126277,87.01460940264387
99,78.04720291684713,86.9848063506173
100,77.98743636102233,86.99194248687554
100,77.96379212307386,86.97604631639531
100,77.99517122869126,86.99424597311616
100,77.98526465041284,86.99952308281698
100,77.99521193153677,87.00064110142944
100,77.95537110909413,86.9841905209031
100,78.02410635097715,87.00742417758666
100,78.0358573551316,86.97709709983604
100,78.02930451944111,86.99810346798819
100,77.97848910277969,86.97296896551882
100,77.99815930591086,86.97725682580844
100,77.97329040721533,86.96252452129502
100,77.97699296770648,86.9900061507346
100,77.9975832021097,86.97725987104464
100,77.98640573318211,87.03380586987514
100,78.00789244275624,87.02368219491575
100,78.02493379569414,86.9875513866373
100,78.01094219260214,86.99072192945654
100,77.98988169116156,87.0135318932119
100,78.02441831719973,86.97368413636282
100,77.95740094753153,86.9887928577421
100,77.99703737424197,87.03714065045791
100,77.96008596235087,87.01301866056708
100,77.9792205797583,87.00462461578921
100,78.00376906325032,87.01623241147377
100,78.01559804749228,86.99861291503892
100,77.98919978680294,86.95237034287666
100,78.00787027643113,87.0034856795509
100,77.95493539215778,87.01256066599352
100,77.99609596816285,86.95432225258737
100,77.99977247918049,86.97784732615119
100,78.02570522608107,87.01061218457589
100,78.0082067277409,87.00036406294936
100,77.98706012710423,86.99505453879907
100,77.99536464622912,86.95760544512862
100,77.98242593817133,86.96347738113148
100,77.95336297091762,87.01392968982272
100,78.02884832945779,87.03998334312705
100,78.01155856285254,87.03983924715895
100,78.0175409874697,87.01682113819963
100,77.95520795194777,87.0059318046651
100,78.01248762934951,87.02528127502553
100,78.02880724803369,86.96622971948987
100,78.03337973121864,87.03019688130757
100,78.03596853642345,86.97641288559798
100,78.00212507660767,87.02445724012338
100,78.02113950861023,86.99787319676348
100,78.0139943860247,86.96248769626482
100,78.03842230264478,87.00846865355972
100,78.01511466440613,86.9593541713769
100,78.04099525941889,86.9946016206581
100,78.01132388097396,86.99672132858507
100,77.97504896657179,86.99689566357017
100,77.96128128540819,86.99843149378303
100,77.97790720118034,86.99156951667742
100,77.98570126366849,86.99725387206976
100,77.98798158640639,87.00554227503628
100,78.01930051757947,86.97472412686999
100,78.04022739069912,87.00517201160199
100,77.97889040106956,86.98983935674381
100,77.97961113598598,87.04421789012461
100,78.0003311510255,86.98041543562115
100,78.00485582385119,87.0199916030388
100,77.97084077753107,86.97436282600647
100,78.03745762882761,87.00847663479479
100,77.96015742563644,86.99078591484148
100,78.02576559979764,87.02278302227714
100,78.0283334443327,86.98935542482077
100,78.01808327883883,86.95988347248023
100,77.98653976915709,87.046991020898
100,77.96794068613539,86.97892585667321
100,78.01635197669451,87.01407489806365
100,78.00552130421984,87.01640641027556
100,78.00596290039486,87.03680597723316
100,78.00462699201411,86.97790155836827
100,78.0232228700254,86.95913319677379
100,77.99322512901185,87.0313587496792
100,78.01336967865143,86.97670167134473
100,78.00621176332888,87.0300926830253
100,77.97574291353338,87.03672365401195
100,77.9584812285727,87.00749412592285
100,77.99659706772363,87.00255258570726
100,78.03252820605248,87.01827328315704
100,78.00772108674795,87.01955727120608
100,78.01623192193584,86.96491757659855
100,78.02977029124649,86.99206234996112
100,78.00373252209809,87.00578810802222
100,78.00980380830076,86.95111926492982
100,77.95933535309189,87.00828695592593
100,78.01038499803462,86.97939452209435
100,77.9954759704139,87.04951730224349
100,77.97822122791966,87.0073316046553
100,77.99669545382511,87.0492961220551
100,77.97551197598374,87.0038258249045
100,78.00708006480987,86.99497925309323
100,78.01421895285277,87.03979254185366
100,77.9813716268407,87.04482389893072
100,77.97624513050272,86.9573932752633
100,77.96718082523677,87.00803835840972
100,77.96967514487082,86.97159598318437
100,77.99160351232761,86.99585245138202
100,78.01643189592453,87.00263862944058
100,77.96327383877045,87.00364104696109
100,77.98706827900814,87.00196459370294
100,78.03651177446133,86.98685296844542
100,77.9769569161704,86.97866444233829
100,78.00011459898383,86.95508921938313
100,77.98393351846948,87.04237747720711
100,78.00916568215533,87.00370823455307
101,78.03810160870228,87.02564760118932
101,78.02666533662851,87.01625473777409
101,78.03357525396397,87.01200405006111
101,78.0243854226098,86.99376444709338
101,78.01110445774243,87.01745322518387
101,78.03117329501593,86.99347104965506
101,77.98615937694473,87.04560251702593
101,77.99874779586683,87.04206936767602
101,78.01678542102471,86.99771139080462
101,77.98543409440038,87.00837584935934
101,78.00949273002338,86.99568183931962
101,77.99425808708322,87.00378190414277
101,78.01937310118012,87.00969996044074
101,77.99839032263945,87.01305897625406
101,77.95807394770648,86.99314113041949
101,78.01250903007008,87.01459730854688
101,77.96762746242028,86.97070019350305
101,77.98197655973459,86.99506175099403
101,78.00372512884705,87.00557488067393
101,77.96622775426523,86.97768637545973
101,77.97227989337141,87.01889519920759
101,77.9560190348538,87.0226553600923
101,77.99644639585964,86.95196194843531
101,77.97509104177561,87.02931016118048
101,78.02089101224011,87.02323865038016
101,78.0388211561936,87.00538347745909
101,77.99105139553593,86.97159873363736
101,77.97741567164702,86.96300009407054
101,78.03106710243837,86.961555240012
101,78.01731689029447,86.99517327788125
101,77.9687988444422,86.96341192184843
101,78.01414940816534,87.00845742126582
101,77.99409847761929,86.95925223143654
101,77.96836659136333,86.96912509512104
101,77.96946428266189,87.03306765146336
101,77.98452666511061,87.0021977547517
101,78.04215259443133,86.99663664626644
101,77.99048321681134,87.04401292069696
101,78.01962983044399,86.99244055700672
101,77.99713943484747,86.98010512457081
101,78.00178914427342,87.02158234851896
101,78.00790294143617,87.0460334765003
101,78.00745824152571,86.9626561615555
101,77.99872461214657,87.03243822850943
101,78.00791173522762,86.98339721615628
101,77.95950296059878,87.02694042232565
101,77.95528491741034,87.0100184516369
101,77.99605231882205,87.04797563145945
101,78.00134177161324,87.03873653787981
101,77.99412373846476,86.95390903824992
101,78.02264631636183,87.04100285753726
101,77.98216122045419,86.986776900433
101,77.97959559418265,87.00074991500998
101,78.02792120189875,86.97104207729377
101,78.00847110721024,86.99781093424308
101,77.97722493490873,86.96704066814786
101,77.96425109602973,87.03425073131169
101,77.99326665999705,87.00530384505808
101,78.0129940811969,87.02418262891437
101,78.03429552301645,86.98165363822983
101,77.97578198846993,86.9776680143544
101,78.00944108900032,87.01846695286417
101,77.98785946109757,86.99067742925799
101,78.04354172414997,87.01362225154865
101,77.95146947483222,86.99239509066955
101,78.00503154204002,86.99031176586689
101,77.99943454542417,87.02263060974722
101,78.03178241752683,86.96884956096343
101,77.99440426333179,86.95315714414451
101,78.03170457339631,87.01403251499971
101,78.00110536075518,86.98907111516195
101,77.96123376011997,86.97011245179333
101,77.9946736797323,87.00865664478196
101,77.9705520685108,86.99520113195945
101,77.97050608111631,86.96273678512894
101,77.97410444323747,86.99238266954214
101,78.03238698726952,86.99022196948692
101,77.98899021208055,86.99357092752184
101,78.01450364456828,87.00636118227374
101,78.01160518210544,86.95562647213605
101,78.00145360199068,86.96367539071983
101,77.9800485571451,86.99524457171296
101,78.0153250287926,86.98654751692621
101,77.97531974029393,87.01303657116614
102,77.99584452788456,87.00603225545477
102,78.0197665685651,87.0377271164811
102,77.99620391834382,87.04630729496077
102,78.01538493887682,86.97841047500525
102,78.01600212577145,86.97106680925626
102,77.97083706383336,87.03258199613752
102,78.0181750967673,87.01024851380487
102,77.98939579662085,87.0177858350511
102,78.00886578205545,86.9602238085612
102,77.98956109586322,87.01145678550941
102,78.02796526766225,87.0239678382333
102,77.98079442877773,86.9909873233477
102,77.98672980917436,87.03575096990012
102,78.00937293960314,86.95397948690263
102,77.98268757236798,87.02026581217851
102,78.02910606213636,86.9849668247551
102,78.01510123361331,87.04415754643145
102,77.99008907077045,87.02114162670621
102,77.97551197598374,87.0038258249045
102,77.95422634912497,87.00060325562309
102,78.02576425319387,86.99355337348139
102,77.99082003722883,86.97079429318413
102,78.03291936228774,86.96582421134751
102,77.98665638312612,87.04808333037244
102,78.03810091248828,87.00525590750674
102,77.96852073069144,86.99388972406176
102,78.01203310654688,86.9858636213083
102,78.00653418331174,87.03813832212992
102,78.03023004191915,86.9603797480869
102,77.99351222134715,86.96117055528946
102,78.0233907448328,87.00815533874848
102,78.03766664300117,87.02788165084309
102,78.01502593075857,86.98982223285378
102,78.02263520391855,86.99077417707868
102,77.9841269814721,87.01662241426033
102,78.00728001306037,87.0000564708481
102,77.99150290831298,86.97153749668436
102,78.04442866706505,86.98377181426874
102,78.00474263326458,86.98829853962896
102,78.02772823917347,87.0091347652959
102,77.99958291283042,87.00424125227379
102,77.95891845324626,86.99817804032939
102,78.00397935585674,86.96660485326703
102,78.01039612360066,87.0470830618595
102,78.0267453949674,86.99672077917994
102,78.04113746712052,86.98484348068486
102,78.04290330531516,86.99687586158994
102,78.02585953460914,86.97178458552416
102,78.01374358733281,87.01975986155487
102,78.00628079657608,87.00293200723092
102,78.03875901451731,87.02460913545364
102,78.020161245536,86.99053150202708
102,78.03494861024033,86.98503467883998
102,78.00197001169968,87.03121242284331
102,77.97762675246841,86.95852115825912
102,78.04412014707638,87.00568626420117
102,78.01180501532644,87.02515251843488
102,78.00453036353481,86.99233820295314
103,77.99570919590258,87.00264923442784
103,78.03376502189433,87.00322166419399
103,78.01579754628939,87.0411326400376
103,77.98485585497302,87.03630566881276
103,77.9838106474734,87.00078333031512
103,78.00745108952746,87.0089931257061
103,77.9646196028737,87.02697914953959
103,77.9951565294264,87.02243566842702
103,78.00255254568097,86.99895627744948
103,77.98885806428785,87.00930985993041
103,78.00871456902513,86.97033839147169
103,78.02756147908045,87.00497076326748
103,77.98886087717662,87.00615681596389
103,77.99675463581086,86.98240577473726
103,77.97109808061512,86.99898587401748
103,77.96830573937935,87.01875861163363
103,78.03976033142588,87.01249569579849
103,78.00525189081017,86.95548064373281
103,78.02036815022973,87.01036335960329
103,78.00477794533114,86.98307481246245
103,78.01451318246234,86.98292121433299
103,77.9949024856565,86.99381510609093
103,77.96787595237781,87.01283286565405
103,77.96328775594739,87.03371365987714
103,77.98645011855248,87.00419890849712
103,78.01724733343663,86.95405762924034
103,77.96983903021429,87.02450477368781
103,78.0009059560018,86.98979444094591
103,78.0285745138248,86.96849273410801
103,78.00544820587574,86.97019834940191
103,78.01863465271504,86.99747650492777
103,77.9842006647727,87.01351764230496
103,78.00828772108153,86.9970779809808
103,77.95874301417037,87.0207507876849
103,77.99970964619143,87.00265987179314
103,77.96966741496728,86.98934655553008
103,77.9897700520651,87.03120908911667
103,77.98017681148481,87.03258217746861
103,78.00169502719517,86.9840414668616
103,78.0216065547192,86.96345345330944
103,77.9922250105882,87.03705287576136
103,78.01051040250253,87.01323483553068
103,78.00802699136099,87.00253812386413
103,78.01654180185085,86.95626280256207
103,77.98838906166023,86.95982013989273
103,77.98319055612889,86.959083434399
103,77.99080545714507,86.98177113487974
103,77.99688761285718,86.99766836795052
103,77.97793571830772,87.0302692744548
103,77.97481486368918,87.0322391857193
103,78.02464475285616,86.9785641913118
103,77.99101054653208,87.02384031254071
103,78.00869962087647,87.00325070133948
103,77.99772805178739,87.03776612707924
103,78.0186780457765,87.03772757366158
103,78.01586092265947,86.97693279388513
103,77.9800163773457,86.9571630609023
103,77.98302221520501,86.99887701216909
103,77.96754522826913,87.0179097705814
103,77.99147308939622,87.01726302118675
103,77.98592461844903,87.01187242695049
103,78.00256733767813,87.042639896567
103,78.03380430237357,87.01027276245614
103,77.98829998393863,87.01495854330247
103,77.96571876223554,86.96563220833887
103,77.95467264718103,86.99933093348254
103,78.02566411987542,87.01601978453459
103,77.9872496432043,87.00596461710784
103,77.97610961808843,87.00638042661849
103,78.04531629355486,86.98375119634206
103,78.00342840172326,87.02196724022033
103,77.95956786938874,87.02540154109967
103,78.01067899310047,86.96131488902103
103,78.04812466619242,87.00169492659941
103,77.96745178352954,86.97848858207037
103,77.97826529347347,86.98371149597084
103,77.99123460617977,86.97433597355031
103,78.01964385484577,86.96137841774676
103,77.97982457999935,86.98121296963475
103,77.97885703194505,87.00918490518471
103,77.98160335309731,86.95782725446675
104,78.02045636861845,86.96471465740025
104,78.0453113383787,87.00778807463101
104,78.02131711390676,87.00348449513696
104,77.96561475147149,86.99819955303052
104,77.97045799757227,87.01676000847863
104,78.03676941569036,86.97537749761855
104,77.97425998447324,86.97794701475674
104,77.95770946791747,86.98283770356194
104,77.98931735075996,86.97816205034354
104,77.9961075952477,86.97110965854398
104,78.0335336471501,86.98965545344906
104,77.9813646777716,87.0438726567979
104,77.99826827533454,87.00733526789861
104,78.04320083632597,87.00518726386126
104,78.00734777251577,87.03735296379134
104,77.98706012710423,86.99505453879907
104,77.9957220759796,86.95546407213146
104,78.02738847597496,87.03177944519858
104,78.01324610145555,87.00821349457877
104,77.97127150968103,86.98026402832721
104,78.0247964804609,86.98271600904587
104,77.99334105664697,86.95326927084504
104,78.03099071828005,87.03386981479353
104,77.9874938814257,86.97673651528525
104,78.04005128562123,86.97132839942711
104,78.03694266774345,87.01191302709208
104,77.99781777085778,86.99162407771377
104,77.9755876533821,86.96483957609745
104,78.02238355406304,86.96877615159131
104,78.03062990263876,87.01242322516822
104,78.01841929457156,87.02268042360735
104,78.02254237477554,86.97208602745349
104,77.96216807774219,86.97625393424414
104,77.97724777683554,87.0386177612381
104,77.96387164341878,86.98916459085333
104,77.99819931547029,87.02022407103446
104,78.01541664892274,86.98900231632516
104,77.98359068776539,87.0159593752722
105,78.01150962555154,86.9958116175145
105,78.01110834960924,87.02294678533161
105,78.04245308516148,87.00453268312127
105,77.99002338890875,87.01599524534882
105,77.99067105712142,86.99636731684893
105,77.99998996306293,87.00188887574447
105,77.98599934304822,87.00002336192819
105,77.98294235409554,87.0308432519519
105,77.98765392445915,87.04371787855509
105,78.04549395509923,86.99466582558767
105,77.97585253619006,86.9958622922505
105,78.04307071052942,86.97699445152284
105,78.0231092499824,86.97326858673132
105,78.00731345896376,87.03222121978457
105,77.99647868436462,86.98049713382977
105,77.99157973009939,87.01031846795605
105,77.96384605138029,86.97256141270135
105,78.0012426668809,86.97537779472079
105,78.00218842613118,86.99844214133637
105,78.01559804749228,86.99861291503892
105,77.99632408039852,86.98937944856259
105,78.01079145963254,86.96411206655031
105,78.01812628237572,86.98538474278494
105,77.99083201304286,86.9671142353276
105,78.00163526747902,87.03090644814733
105,77.99737800293448,86.99782928508857
105,77.99655782475473,86.96560015401431
105,77.96517867581461,86.98990258510511
105,77.97189106333478,87.00949543110694
105,77.96126858700055,86.98780235876583
105,78.00910667199612,86.98158681259814
105,77.96477473534011,87.01799788816326
105,78.00534837668424,87.01107155706062
105,77.96246477603651,86.98114879861126
105,77.96780850995826,86.97469951847553
105,78.03173793424001,86.96954189626268
105,77.99187974365624,86.97072975587402
105,77.9868752800552,87.00778154587492
105,78.03604131760976,86.99685077611564
105,78.0322579837338,87.02927599081708
105,78.0052343351714,86.98979957690383
105,77.9947214268319,86.9924977171333
105,77.98836516179834,87.00991363445226
105,77.99190869851684,87.00247146751117
105,78.00705043606919,86.99706394251271
106,78.02250645044099,87.01469099762386
106,78.00650614557775,86.99094118977045
106,77.98071197610864,87.03015851632908
106,78.02988280088555,87.0068077095129
106,78.01838820284235,87.01363200440359
106,78.00729703463499,87.0010514421435
106,77.99710114895949,87.03990127495727
106,78.00593157963736,86.97841542188367
106,77.99846975109794,86.99595191850248
106,77.98421260875759,87.02747625978535
106,77.97983905747552,87.01374890280358
106,77.98660534053336,86.95575915210101
106,77.99564512260474,87.03263130782193
106,78.01990013415403,87.02519939739571
106,78.00281862919114,86.97287563004252
106,78.03487799034788,87.00517658718758
106,77.95700971796684,86.99052947455897
106,78.03221305413669,86.98972297775981
106,77.9808314056027,87.02236112142946
106,78.00495029092683,86.98344648891268
106,77.96098050405057,87.00433151756604
106,78.0241973001508,86.96542922129824
106,77.97453774473594,86.99358832018747
106,78.01708963304225,87.01430429193839
106,78.0228654278383,87.00828430435281
106,78.02684700540983,87.02228394925615
106,77.96814638936831,86.97556608938876
106,77.97204000652506,87.03650636232125
106,78.03343453388239,87.01184561565499
106,78.01280917277164,86.98421600483363
106,78.00996235865023,87.0410495869438
106,78.03717609190012,86.98406263655905
106,78.01908459432669,87.02372088186695
106,77.95541512771754,87.00005059443741
106,77.98982612545826,86.97117817564659
106,77.96732676818131,87.02492435237241
106,77.98791066327644,87.03638533261856
106,78.0094885662797,87.0219446175961
106,77.99809052052241,87.02443247210967
106,78.01011073610222,87.00548327558454
106,78.00749667357003,86.98841318865898
106,78.01044299787293,87.02042702260879
106,77.98780616270315,86.97281899861656
106,77.96552865807715,87.02769610635164
106,77.98592365215457,87.031851664418
106,77.99664855497292,87.00241961320408
106,78.01851033920694,86.97302228516348
106,78.00684754668332,86.9567655945301
106,78.00998532137909,87.00116997879762
106,77.98615212340339,86.95642705826961
106,77.98242648201413,87.03515414015658
106,77.96351600295495,86.98267227158958
106,78.01739347171463,87.02062942196996
106,78.01248688920153,87.01849285365911
106,78.01738001945269,87.03949451425798
106,78.02023101446711,87.04334219601654
106,78.03385391762644,87.0263148193865
106,78.00567513822374,86.9803717906648
106,78.02144339269758,87.03868100081691
106,78.02945411042529,86.98479390766607
106,78.00692010395366,86.98235458225206
106,78.0344560621361,87.03016420696783
106,78.03939501905406,86.9774951823073
106,78.02678707755851,86.97080904596116
106,77.99075132248682,87.03203462348763
106,78.01697653190536,86.95386979759738
106,78.01329937049402,86.98092577752695
106,77.99609657566323,86.99718762836734
106,77.99528023443754,86.99657904870543
106,78.00111185812366,87.00572613825395
106,77.98924531750873,87.00159219075283
106,77.99986796011217,86.98245819387658
106,77.9907979574249,86.95826238349105
106,77.97599593389806,86.9929449567712
106,78.00781827693022,86.9938453884456
106,78.02734143984024,86.9702592170913
106,77.99698340152064,86.9932673271808
106,77.99044878574,87.03333082602151
106,78.00925359281773,86.95438388223657
106,77.95608549715446,86.98603143160882
106,78.00802459164917,87.00788207469152
106,77.96652125741267,86.98289770547814
106,77.96794297770589,87.00392039221335
106,77.96729556725921,86.98779290808714
106,77.97646639573476,87.00494235240748
106,77.9896789447508,86.9930063009566
106,77.98943249060201,86.98667073285826
106,77.99507292096703,87.00051527177045
106,78.01655936269653,87.01314918701051
106,77.97275152767692,86.99314798586852
106,77.9832405145115,87.0239420817593
106,78.01693898853844,87.04075267867972
107,77.98158512861566,86.9991727847656
107,78.01250903007008,87.01459730854688
107,78.02614231429568,87.01451167271753
107,78.02745141402004,87.03312419489285
107,77.97845932935995,87.04485670019724
107,77.98330561265067,87.0463214655893
107,77.96858150273705,86.98422641420765
107,78.00515225482091,86.98371498652844
107,77.99398838091989,86.9585353849043
107,78.01124916627258,86.95445739301681
107,77.9683937882296,87.01105724676731
107,77.9679488095924,87.00190885335213
107,77.98334772033387,86.95964985659249
107,77.97688935917242,86.96438220587135
107,77.99371025684391,86.99664956360989
107,78.00062780528528,87.02847698543674
107,77.96956483919274,87.02425961543422
107,77.95334280801463,86.9983391249811
107,77.96503094631585,86.99712348855223
107,77.97643529940862,86.97339251067586
107,77.97230748671912,87.02722114325555
107,77.99038909573281,86.97589174801904
107,77.98935786611332,87.02935864687528
107,78.0113457687665,86.96286118915513
107,77.96356082099321,86.9931279621286
107,77.98758112251701,87.04775606537518
107,77.9929977816522,86.9725356440039
107,78.03277322841316,87.0192347466079
107,77.97349327344686,86.9807539817987
107,77.971419677876,87.01654131781936
107,78.03186595343894,87.0196014885155
107,78.00211759659582,86.96225831763255
107,78.02532009922348,86.98520611715679
107,77.9653753034076,87.01221783582248
107,78.00439544083311,87.01069165662022
107,78.01029903995449,86.98446208636133
107,77.99372681969591,87.01068908557285
107,78.00302137716766,87.00370189572769
107,77.98791740323655,87.00927033551764
107,78.02255349088719,87.00702871549082
107,77.96800735308106,86.99434513917653
107,78.04040807642915,86.99738238953961
107,78.03176668689086,87.00294476141939
107,77.96553484493072,86.99479353670421
107,78.01456836770272,87.02908379952004
107,77.9928218559026,86.95836533166808
107,77.99424296623758,86.98863883203553
107,77.9864408394336,86.9976840134513
107,77.97333115582562,87.01165105619485
107,77.98786154768435,87.02115575277244
107,78.00568077108376,87.02655676888986
107,78.00871456902513,86.97033839147169
107,78.02014456735489,86.98527879086355
108,77.97832982569761,86.99194567857487
108,77.98977347608019,86.9685152209162
108,77.97244848578141,86.99404340408093
108,78.01089770772077,87.00170170675125
108,78.02270546077783,87.00320175571574
108,78.00135567033263,87.03534696372917
108,78.02631647759445,87.00400287046241
108,77.98355608489982,86.98219492171759
108,77.98795151502738,86.98227204646632
108,77.98938438840565,86.95297421866131
108,77.99044543370947,86.99362419199954
108,78.0410992390713,86.99566233207537
108,77.99584823778247,87.0087598475408
108,77.99551301033213,87.04600660358113
108,77.96719422112116,87.01038422104965
108,77.97161464061683,86.99086147020307
108,77.95444311098154,87.00020058498578
108,78.0178521400423,86.98180413321971
108,77.98243570925652,87.0104382144298
108,78.0311585871395,86.99692448148699
108,77.99754771157053,86.95402003793212
108,77.9619458294455,87.02291785606278
108,77.96642809300647,87.01875946704828
108,78.01149073033926,86.95405925785803
108,77.99197324902464,86.96187545629219
108,77.97886502250039,87.01623579483915
108,77.95992839038232,86.97043218407147
108,77.96139463665405,87.0036177384438
108,78.00193262400242,87.02117887042617
108,78.00088907601186,86.99479032691987
108,77.9976102452745,87.04912697014704
108,78.01963772703613,87.00331822787157
108,78.0094883197913,87.01733089466833
108,77.96517599638686,87.00069414918389
108,77.99192588817843,87.02801761845303
108,77.98214738888569,87.00441340336161
108,78.02839791894186,87.00924672363638
108,78.022594180025,87.04390794509882
108,77.97458942524882,86.99441950735304
108,77.98841122211132,87.03999958923782
108,77.95785816018903,87.00565742239861
108,77.97587310985833,87.03046036130324
108,78.03674485259135,86.97723103172407
108,77.98005298319619,86.96175361561546
108,78.01466623080184,86.98198939234247
108,77.96723705745624,86.97341951749739
108,78.00099837967392,86.96475578599821
108,77.9820588107311,87.02105308875285
108,78.00296874653598,87.03841468318356
108,77.99713430550234,87.04029971946149
108,78.01001938896817,87.03945234762311
108,77.96179189641276,87.00955054886947
108,78.00147043125439,86.98063610324455
108,78.00241098897953,87.02396600875849
108,77.99512155318791,87.0129713596793
108,77.97291654757304,87.03175189233559
108,78.0145536633712,87.04621619330136
108,78.01401319236739,87.01986107088663
108,78.00682778263342,86.96413376676558
108,77.99058137378738,87.01696002984092
108,78.01471101481259,87.02628455243372
108,78.02932498411039,87.0293927808737
108,78.0016497160919,86.97610999419192
108,77.96699932207672,86.99109267930467
108,77.9503181128859,86.99460825524709
108,77.97924291938372,87.03345273884213
108,78.01828430010961,87.0053599666664
108,77.96768589957344,86.98765537446346
108,77.95317749243408,87.01013705263317
108,77.9712977748339,87.01762002232917
108,77.97515043970952,87.00873069135095
109,77.961834536061,86.98892278597316
109,78.02141324056234,87.03907678665826
109,77.99077280168592,87.00715106393075
109,78.01810001039377,87.03940543169064
109,77.98642632389239,87.04631065637967
109,78.0042171026526,87.00172015406295
109,78.01571851266328,87.0314592391815
109,77.9878886012131,86.99214619410772
109,78.01029285625904,86.95618979317058
109,78.02928484234467,87.01198403180518
109,78.01404954964994,87.04649182521801
109,77.98152360631599,86.98167802932808
109,78.016187541537,87.00984556317295
109,78.00573435519074,87.04678649498297
109,77.99329751147242,87.00531457345662
109,77.96940223623976,87.00954430632795
109,78.00187086716393,87.02273237520994
109,78.00234651834273,86.96905361062181
109,78.03390317808464,86.97167174865322
109,78.0289279249271,87.01600518276993
109,78.0430038054068,86.99912906933055
109,77.99389641677547,87.00043463239957
109,78.02786540945458,87.00713176684938
109,77.96373715901824,86.96753670239438
109,77.97917378493165,86.98107052928258
109,78.03160648770886,87.0008457777692
109,77.98407475074332,86.96748733751382
109,78.01057146922321,86.966948583094
109,78.04371545925908,87.02000172752477
109,77.98103962602742,86.99752429605216
109,78.02739382547331,86.99953977974361
109,78.0238031070414,87.0331167174122
109,78.03619023152544,86.98527766635978
109,77.99233049011696,87.01765687496807
109,78.03810377876388,87.03183104646395
109,78.00922715802452,87.02746623083391
109,77.98955434529405,86.99662676529991
109,78.01806338642868,87.00513408927388
109,77.97901289221525,86.99670891994361
109,78.01661762082882,87.00769292047588
109,77.9922827784817,87.03019539413027
109,77.98717454872272,87.04303644112294
109,77.99158358554409,87.01841624216738
109,77.95775775915807,87.01428925001312
109,78.00326827595028,86.95887790784234
109,77.99683106816728,86.9525937036554
110,78.03139098308333,86.96643003264305
110,78.00799009432014,87.03900402476808
110,78.03716154703478,86.99728692103675
110,78.00470737298157,86.9908024357451
110,77.99879921921568,86.9749374274796
110,78.00539694781745,86.99265053447762
110,77.99951403582133,87.03710663068932
110,78.0187704499227,87.0423148521704
110,77.96072428899839,86.9844139414927
110,77.96295495566295,87.0283644791352
110,78.01876971445301,87.03639205747027
110,78.01902673253367,86.99506393639241
110,77.9835763183193,87.0198144579296
110,78.00975958208537,86.96092157246916
110,78.01907772816598,87.04586669159097
110,78.013551853826,86.98535849262223
110,77.97733121056379,86.98874725469607
110,77.98847201634499,87.03423256970912
110,77.99510851042174,86.99325284323749
110,77.96316875614627,87.03165896044186
110,78.04267700880142,86.98190965405159
110,77.99241036133468,86.95716698383579
110,77.96896206421837,86.99160535625728
110,78.01427836020184,87.01390976307277
110,77.97694333332689,87.03184155584536
110,77.9585935710259,87.01181428374181
110,78.00503154204002,86.99031176586689
110,78.00576589635,87.00255769575666
110,77.97377541252358,86.97353175516494
110,78.0144852185086,86.96302673884757
110,77.98617521265224,87.02342015151787
110,78.01191337993666,87.00194846095803
110,77.98409379008088,87.04409513739672
110,78.00449629225005,86.95873115488882
110,78.02067958171659,86.99663335762367
110,78.01268038730043,87.01553376646575
110,78.0269247928425,87.03330187716257
110,77.99093205441889,86.99075683218638
110,77.9860183022742,87.04533769786813
110,77.95880171340438,86.99725336694308
110,78.01469208091495,87.03721914257571
110,78.0175516925816,87.03476912858254
110,78.03068950912463,87.0229681497544
110,78.02584000712042,86.9955300560053
110,77.98802924121836,87.04566870459706
110,78.00425259395314,86.99192084537334
110,78.02424626701176,86.97458360724205
110,78.0006418237898,87.00693910684355
110,78.02615407622257,86.96967855270884
110,77.9768701005124,86.9717838346287
110,78.0262905923359,86.99762547561762
110,78.02770427972312,86.99060759207181
110,77.9973391242882,86.97696668523483
110,77.98547313618879,87.04192821512055
110,77.9984848456177,87.02029378313446
110,77.98150307586396,87.03504903031978
110,77.97162923864,86.95945903083356
110,77.96310700427522,87.02705407624038
110,78.01096513262686,86.96100997630387
110,77.973471792099,86.9679677541583
110,77.99092511370847,87.02024693129653
110,77.99786726242516,86.975512438111
110,77.96913001851838,86.97924300922713
110,78.00664645281155,86.98929985864963
110,77.99724390837028,87.02080151330082
110,78.00090462884944,87.04865459635613
110,78.00913998289077,87.02089323298979
110,78.00672179558119,86.99762615004505
110,78.02929999486771,87.00018544820351
110,77.99444888183872,86.98395239327019
110,78.00019191138183,86.95583464938755
110,78.01155950509326,87.0238487788063
110,77.99882847101314,87.00550031813938
110,78.0278227649492,87.02803205631649
110,78.0024956748749,87.01910257084302
110,78.00628582196201,87.03045870637337
110,78.0374886249804,87.01971600056193
110,77.95700779974044,87.01444174040833
110,78.0343222173006,86.96792794173575
110,78.02201331671168,87.00051671015285
