gene,x,y
1,85.95351725955175,72.99837806291816
1,86.03730204458786,73.02069878026404
1,85.96255581940878,73.02001592126214
1,86.0245459603139,73.0102992281612
1,85.95718320556446,73.01815911898566
1,86.00320509094827,73.00080407606443
1,85.9868067212961,72.97578606736933
1,86.01181127489191,73.00520315900641
1,85.98136592493701,72.98983230574281
1,85.98109130535542,72.95904077812172
1,86.03680769222048,72.98004306326173
1,85.99475471682027,73.02659477992907
1,85.98388237379568,73.01008448301297
1,85.96135730138295,73.00595885353292
1,85.99081301900397,73.04491772171579
1,86.02685790322867,73.01945981024485
1,85.98537263427578,72.96771544368806
1,86.01808183065708,73.03421582007232
1,86.00822877280055,73.0457766673812
1,85.99933484285941,72.99174504772594
1,85.97623943222429,72.98230994062395
1,86.0162563593759,73.01876261645855
1,85.96590007195257,72.9910161763894
1,86.01010616604904,72.96437855212841
1,86.02308067971153,73.0027517104235
1,86.00121381871914,73.0087181791938
1,86.010261748956,73.020409502015
1,85.99728266719502,72.99613020932183
1,86.0346120377451,72.97370974781659
1,86.00314846386706,72.98094370927618
1,86.03289913014437,72.99690817764994
1,85.96500167248769,72.9956393311735
1,85.95605446644079,73.01142295878495
1,86.02384149944662,72.96927243314943
1,86.01026552680067,72.98795081986955
1,85.99277442292522,73.03292460937179
1,86.03050850416815,72.99200674209007
1,85.9795910175466,73.02254234637206
1,86.00470236529306,73.04271181576932
2,86.01940565562687,73.0118067473168
2,86.01474870029341,73.01027537047763
2,86.04456511656849,73.01777965187449
2,85.96873124815015,73.00883963016442
2,85.98126866890283,73.00922303708813
2,86.00279939430747,72.96272029711028
2,86.01282010609366,72.96244395608747
2,86.00067133277747,73.00975158133274
2,85.99836861165802,72.96412630990427
2,85.99513784866394,72.9763887652192
2,85.98742332565622,73.01836340884617
2,86.00512733903156,72.9626169345559
2,85.98972795423107,73.02686547557018
2,86.0135111613369,72.99560675384316
2,85.98917628198265,73.04584072791565
2,85.99162077569689,72.98689949895959
2,85.98109432026358,72.97714927122584
2,85.99491548971156,73.02643264697187
2,86.01482410537459,72.97060454791097
2,86.04012185139743,73.00654082881579
2,85.98123942621356,72.98633683289516
2,86.01096722577013,73.03865801548255
2,85.99979788442076,73.01231913067146
2,86.03849007439399,73.0309751196018
2,86.02120814276046,73.02209457710185
2,86.00322013511142,73.04563306107546
2,86.01196407450196,73.01115327210911
2,86.01828400103443,72.97861473280702
2,86.02644833508032,73.00632803072456
2,86.00430398817494,72.98312046308624
2,86.00369617424538,73.0377149218221
2,86.00578081560965,73.0114574106849
2,85.95865295245943,73.00028845906458
2,85.95681566472108,73.0089174555704
2,85.99306936965812,72.98441684797699
2,86.01517296871039,72.9925381978522
2,85.98893934017268,73.00786800770366
2,85.98084200022772,72.98200704746687
2,85.99082698853441,72.98187271400724
2,86.00862212187187,72.99348238290165
2,85.9909395113911,72.9929423762908
2,85.98900935233112,72.9687154670813
2,85.97766761780707,72.99061550371975
2,85.99071709058933,72.96120463484705
2,85.9663358797807,72.98683705280706
2,85.97270025386938,72.98009381786201
2,85.99906561846791,73.0230004606699
2,85.98481557116563,72.99926128567972
2,85.98903401816044,73.01608640137233
2,85.98440852556192,72.99285259463758
2,86.01242862688791,72.99397810592849
2,86.01500975055446,73.00993850996798
2,85.99695567833541,72.97900768497796
2,86.00958019284586,73.02581226641229
2,85.99362866718538,73.01898401599622
2,86.00627782318736,73.0004973882022
2,85.96658909355436,72.97473492100664
2,86.01043813888928,73.02210713750408
2,85.9785710353627,72.98393169232604
2,85.9778468189639,72.97767948210605
2,86.00030971628286,73.01988068725228
2,86.0292687140217,73.02480945018695
2,85.98010650527367,73.01976665128139
2,86.02065945508166,72.99208103901489
2,86.00688337580374,72.99571283673374
2,86.01729691735811,73.02000351065955
2,85.98424002308094,72.9709912551207
2,85.99672265335809,73.02504898726716
2,86.00367426290897,73.03168173925602
2,85.97640600416786,73.0208015848363
2,85.97323978134939,73.0049805162799
2,86.0106631382788,73.00160041316151
2,86.02410312250456,72.98252161095648
2,86.01707164917522,73.00014093285243
2,85.9974981497206,72.9767756350282
2,85.95308239706866,72.99312570360253
2,85.99663689257444,72.95915449039178
2,86.00478382962076,73.01399673756937
2,85.98217762003753,73.00605089332274
2,85.99560989250945,73.0164155581267
2,85.98458080465039,72.98108946944673
2,86.03268527822205,72.99787292949958
2,86.00047257867614,73.02392664211442
2,86.02063045494181,72.9898629983508
2,85.99430285378077,73.04833827538314
2,86.01905224832215,73.0330487181074
2,86.02506548730875,72.98594254977931
2,85.99810620622827,73.04056035071733
2,86.01364214764685,73.01626562545819
2,85.98954031307196,73.01452511732268
2,85.98943463867249,72.98735979033354
2,86.0173518564521,73.03541408455511
2,85.97963354201947,72.9971395217229
2,86.02322710378532,72.99030029086497
2,86.00130280818317,72.96313876627758
2,85.9825500623225,73.01537373918593
2,86.00255479806526,72.99770447406702
2,86.04578432387108,73.00355665936212
2,86.01661184842777,73.01199446044261
2,86.014392244861,73.01199929022319
2,86.0196266576327,72.96838744183606
2,85.98907009470967,73.00163883360064
2,86.00247173747744,72.99859703834572
2,86.02192155791855,72.98417200576053
2,86.00576115189182,72.98207470584039
2,85.99955853487258,73.00319318290325
2,85.99720974420157,73.00904320849577
2,85.99531764633619,72.97306292658688
3,86.01902956201532,73.00428018797334
3,85.97780073043917,73.00511791430606
3,85.99362593058032,73.04220304741924
3,85.98850393671582,72.96802094222225
3,86.01309778363678,73.00676560046082
3,86.04724026622011,72.98997695986203
3,86.03053170945431,72.99515820045384
3,85.97021437088206,73.02497477278786
3,85.98912863636257,73.01656046144342
3,85.9958759567335,72.96111366469992
3,85.96063255980624,73.00671437446272
3,85.98844112051705,72.95242825819827
3,85.99258707938841,73.01369949803124
3,86.04653357290485,72.99936129111622
3,86.02096348707198,72.99769850678351
3,85.98663260855962,72.9898537921207
3,85.97877270932482,72.97910680261072
3,86.03513199716244,73.01907771523874
3,85.98292372096623,73.03135447620768
3,86.04200767083663,73.01077057951551
3,85.9803802244361,72.96502971294873
3,85.99732617562071,73.0191208157613
3,86.00109465759785,72.98145928536748
3,86.01375203527405,73.04638198018365
3,85.96640151489656,73.0226696610473
3,86.03573884006079,72.9778457488519
3,86.03186500102792,72.99130446895397
3,85.98954952719365,73.04485797550345
3,86.00233614896263,73.03311916327263
3,86.01984908589725,72.95468400245774
3,86.03056326469351,72.98625035639448
3,86.02475377731223,73.01013421324248
3,86.02201903761437,73.02666715016137
3,85.96956249196498,72.96890285558415
3,86.0102734430395,72.977728329621
3,86.01615755406237,73.01462658679162
3,86.01418215006508,72.99254223516787
3,86.02883689733778,73.00826135229985
3,86.02941807415012,72.96363977453257
3,85.96122280856365,73.00512698918081
3,86.04638623434046,72.9929598671784
3,85.97930046441729,73.0196124665617
3,85.98888328028687,73.04473096713704
3,85.96607356471154,73.00534565935101
3,86.03233203691205,72.98893531971635
3,85.99996159221934,72.99573979254193
3,86.0162079378529,73.00835556797202
3,85.96018105369548,73.00847001626472
3,85.95321965443763,73.0067550124929
3,86.01768091253157,73.02758835390279
3,85.999771728956,73.00193277612036
3,85.99435680627364,72.98206826685177
3,86.0144226992937,73.04328526229979
3,86.01174503262128,73.02591530731517
3,85.98702125050235,73.01149681754654
3,85.99743333085686,73.03607863810387
3,86.01473483890626,72.98249546839997
3,86.02405430088486,73.01912137920294
3,85.9595100373651,73.02455496403284
3,86.01621428924143,73.02247724216264
3,86.03888339443304,72.99584432848437
3,86.0015986190394,72.9526088321649
3,85.98388611093904,72.9619437793652
3,86.00046486813488,73.01709937456798
3,85.99007157999196,73.01664048151079
3,86.01346860498045,73.01552761309148
3,85.96992719529936,73.02959951432473
3,86.0209456963671,72.98130922099844
3,85.9748934297652,72.9874537242609
3,85.97179235810874,73.02362235751423
3,86.02005706371983,72.97535096367974
3,86.04211654366594,72.99099622847474
3,85.995903098034,72.98899905836174
3,86.03716042390613,72.98782508990791
3,85.9671228414642,72.97913470185883
3,85.9931262053527,73.0019926898214
3,85.98721061976292,73.02277843925354
3,86.02777861195696,72.97226196843273
3,85.98050161686615,73.04447495579086
3,85.98615939976264,72.97944642755436
3,85.99550526812936,72.98081179442664
3,86.01356296968315,72.99246814892697
3,85.9991656733239,72.99973295433898
3,85.99982298434604,72.9754750423002
3,86.02317654325229,72.99727160423977
3,85.97582239632885,72.97455335750757
3,86.02095746031421,73.04530253678513
3,86.00652961805935,72.99196378921319
3,86.00931623036892,72.97969362579848
3,85.98380044438214,72.98680048415734
3,85.97327751873779,72.96282131681949
3,85.98328809862679,73.01056316253622
3,85.96813356202092,72.9728942208248
3,86.02998409500778,72.97141309117349
3,86.02083804921736,72.96408289913963
3,86.02567682676369,72.99309861700216
3,86.0025963272739,72.9991249351013
3,85.95643423100574,72.97632691517994
3,86.0220984990133,73.00509726933556
3,85.96990393816657,72.9912983490699
4,86.03641655840603,72.98060105511728
4,85.9697886903999,72.9767603231949
4,85.99437795829706,72.98512829814642
4,86.02140341120209,73.00686996923979
4,85.96068929377596,73.00098674303977
4,86.04143708855413,72.98808633402695
4,86.00364024991124,72.97171366965826
4,85.99483889227008,72.99861385359664
4,86.01022127903005,72.98440139048124
4,86.00979694568365,73.01606203958838
4,85.99287776412064,73.04418981897544
4,85.9880442469739,73.00272946898153
4,86.0277525835339,73.00101937714129
4,85.99837286027928,72.97343335406524
4,86.02451575191684,73.01938911128126
4,85.99864538803985,73.01863793904045
4,86.0255233079176,72.97600200013744
4,86.02550236825196,73.03845132401965
4,86.04497136051495,72.98023785358684
4,86.01187925872837,72.96272377569139
4,86.00117658217219,72.97019638814211
4,86.02482720418412,72.9576788894278
4,86.00163471356899,72.98759921368004
4,86.03012382529137,72.96862952842316
4,85.98605103733259,73.01882550071753
4,86.01505365855512,73.0308905966597
4,86.03087885932707,72.99935151864773
4,85.9555810075786,73.0129411011264
4,86.01574409978198,73.03858616650169
4,85.97537316596997,73.00077716914768
4,85.99711012747339,72.96025207886456
4,85.96184694295104,72.99678857661435
4,85.97752396646658,73.03086904405419
4,86.01749893247924,72.97291152562329
4,85.97938507589828,73.00358826626967
4,86.0081121843286,72.97578949183206
4,85.97301089622698,72.97187138002649
4,85.98010483320319,73.02414463970761
4,85.96104659385703,72.99181693790507
4,86.00786626074755,73.01713656002714
4,86.00763897010965,72.95731632109208
4,85.97606590649445,72.97968142879314
4,85.96240900116815,72.97816729971959
4,85.97523975486438,73.02520110401342
4,85.9970835043128,73.02075620259586
4,85.953634742825,73.01046786798251
4,85.99577569920292,73.01024382804633
4,85.99082498883622,72.97662028308365
4,85.96312862171462,73.03173245415333
4,86.0229567188984,72.97484300840814
4,86.01327837547502,73.02036565545768
4,86.03458488413088,72.98301756272659
4,86.00618669163565,72.96902828932372
4,85.96981641610435,73.03694201262283
4,85.9723761983103,72.9661758193736
4,86.03404688841539,72.97741270210584
4,85.99357441520131,72.97503596094933
4,85.95458930076283,72.98743391434832
4,85.97887739906498,73.0120335389953
4,85.97557775912641,72.9690085391284
4,85.989574762138,72.9663870409128
4,86.0112527522428,73.00857547384896
4,85.95458930076283,72.98743391434832
4,86.02567153799136,72.98009875860208
4,86.0272799380608,73.0416054868372
4,86.00261527396309,72.99006159004973
4,85.95191716138457,73.0079602867041
4,85.99538587309397,73.00267011843769
4,86.0419314053884,73.014849547386
4,86.01477427353703,72.98623604292099
4,86.01434858898446,73.01602061935232
4,86.01361223569764,72.97690337106017
4,86.01882840029936,73.03154638730292
4,86.03373957537674,72.9825927415756
4,85.9850925956477,72.97243025524723
4,86.0065496671475,72.97686141436449
4,86.02747790063518,73.00641780922386
4,86.02728401461115,73.00624870823438
4,85.99862519263665,72.9898079789613
4,86.02017251854069,73.02511990914537
4,85.99304485199461,72.96109483163855
4,86.00283759959655,73.0177171322569
4,86.03870372303801,72.97610827593772
4,85.9882875737516,72.98105118664004
4,85.99526894039819,73.0179217106154
4,85.98465208188398,72.96266336428633
4,86.01800962496493,73.0253821326964
4,85.952894355131,72.99050962641334
4,86.00991704456978,73.03180853625629
4,85.99768868233264,73.00678182746422
4,86.03161187576414,72.9945035965863
4,85.9806324684164,72.99211489553727
4,85.96020651510733,72.97201698143652
4,85.96874447124468,72.97678888470655
4,85.97902936499939,72.96875664691332
4,86.03516172168072,72.96643380152737
5,86.0185927910709,73.03444475922954
5,86.00104021057979,73.0117222052685
5,86.0175128481043,72.97106064458079
5,85.99641836403558,72.9560241190919
5,85.96895622186727,72.99391491929437
5,85.99485896800695,73.00193283271318
5,85.98221171570458,72.95725128747445
5,85.99868962389061,73.0200567274413
5,85.95911265146951,73.00983901817737
5,86.01985979067291,73.00734757762456
5,85.97291853585631,72.96781428751353
5,86.0270639375057,72.96199832812096
5,86.037218475646,73.00791273778283
5,85.97433713771933,73.01382584860926
5,86.03462258813077,72.98865407006346
5,86.00150452538661,72.96805613513716
5,86.00792388750757,73.03964227140384
5,86.04306841415878,73.00136859025763
5,86.02840247199654,72.96052865504898
5,86.01627568094214,72.97968509908253
5,85.99865023546738,72.95521697945759
5,86.04133208492375,72.97786255948705
5,85.966715656847,72.9648552620897
5,85.96452727937826,73.02269181597191
5,86.02499331812166,73.02045954064211
5,85.96574142358915,73.01592232216994
5,85.99341023625567,73.02226602014333
5,85.98887792135972,72.98925295405658
5,85.96659766000624,73.03365630396691
5,86.00294490535407,72.9735030607233
5,86.02484668306074,73.00424245629758
5,86.04179711982819,73.02730954957879
5,86.04553950544333,72.99184006017396
5,86.01004138847843,73.0283769814158
5,85.98856278798429,73.04129827806486
5,85.99056705815302,73.02186237332364
5,86.03571861830304,73.03368705702346
5,85.98208486887631,73.0108541208809
5,85.9812537793998,72.97634513797745
5,85.9893206611073,72.9605570472892
5,86.02398566549522,72.99805787358444
5,86.00845203976822,72.97037580063726
5,85.97941750303188,73.00428960542467
5,85.9882847845791,72.99933933279355
5,85.9894867839492,73.03655079465318
5,85.97861406324704,72.96690466049449
5,85.98416281471306,73.0106871428246
5,85.99833596608181,73.00027058858285
5,86.03151849393981,72.9735067860756
5,85.97185625489136,72.9944287359973
5,86.01735292950265,72.97689105145672
5,85.95495643042948,73.0162633682446
5,86.04669836981718,73.00529705915582
5,86.00059457704526,73.02545001396311
5,85.99105565296176,72.95678420540641
5,85.99449532459907,73.00537839803832
5,86.0145982698556,73.02670761774876
5,86.00614736407022,73.01045226429413
5,85.9730349079206,73.0323849770147
5,86.03737549907495,72.99016498972615
5,86.01259211465515,73.00866050223783
5,86.04148456699592,73.01662341352603
5,86.02834581057859,73.0251200393255
5,86.00427511207005,73.015361592149
5,86.03218190386907,72.97712408794493
5,86.01554602101001,72.97962476815083
5,86.00776346289722,73.0032611075524
5,85.9790523386214,72.9709822786168
5,85.99633773295778,73.04181863469468
5,85.98738598765284,73.01384940321915
5,85.98166853806113,73.00247358118344
5,86.0415759724826,73.02385725001787
5,85.97666053822272,72.98744608209017
5,85.97597561427186,72.9947163342879
5,85.97546374503457,73.02944301464903
5,85.98841943916179,72.97188611118838
5,85.98822733775046,73.00088637855842
5,86.02582173981469,72.97708592758376
5,86.00220336334043,73.00780119336953
5,86.01456568177174,73.00027062789026
5,85.97832038500302,72.99143366693154
5,85.98891648861607,72.99889935487595
5,86.02095927716931,73.03664784398036
5,85.9824171882946,72.97656660844282
5,86.03217352606653,73.00115970019604
5,86.00629304108904,72.95543210171827
5,85.98710025675138,73.01921637390275
5,86.01324972959921,72.992457785706
5,86.00075789060838,73.01935842647966
5,86.00410730920873,72.99501866087262
5,85.96138882487396,72.98283226792054
5,86.03207547521511,73.00615199143053
5,85.96194238227686,72.97430181851973
5,85.97284004068389,72.98874353797969
5,86.04110100286984,73.00022944283232
5,86.04206684157231,73.01414462093074
5,85.98118354079342,72.98352818130319
5,86.03205939632281,72.97137401543495
5,85.98413587860952,73.04612692156273
5,86.00283759959655,73.0177171322569
5,85.97552167869962,73.02207982396686
5,86.04070801459987,73.01194552301372
5,85.98710332632199,72.98495372229532
5,85.98959709101602,73.01815288579324
5,85.95779267848329,72.97485959769458
5,86.01702996986046,73.01294666676736
6,85.99305492782928,73.02879462692303
6,86.03036313935125,73.03786667121004
6,86.00254757595404,72.98374581329638
6,86.02777538122386,72.97199884285023
6,86.01730550114017,72.97074764382226
6,85.96192858533482,73.00160997202329
6,85.99174235953694,73.01434365893266
6,85.98910441389216,72.9753163577593
6,86.03254530165957,73.01841572818364
6,85.98838822972517,73.02953213563279
6,86.02242086957145,72.98680871316597
6,85.99816135384673,72.96304959715626
6,85.98004623008225,73.01836928896395
6,85.9982744985269,73.00808330934258
6,85.98453367684766,73.02670150580049
6,85.96137798538076,73.00280234037666
6,85.96595059512339,73.01787993642321
6,86.0232018667759,73.02545899610115
6,85.98714358982804,72.99623273949653
6,85.9971792285597,73.00405424592009
6,86.01880822554699,73.02250356896838
6,86.01063556792376,73.02400197736324
6,86.02618636116483,72.98661558305842
6,86.02340309099807,72.98589172868068
6,85.98090072561934,72.97224699859399
6,85.98517166295134,73.01799081250067
6,86.0124045480276,72.995389217322
6,85.99777037431353,72.9635639064548
6,86.01402848723667,73.00569522746356
6,86.0198744832755,72.99102607598383
6,86.00466986144056,73.03270486698113
6,85.98548076138216,72.96934550973732
6,86.00271643295467,73.00633350960162
6,85.97068166890038,72.99521140489193
6,85.9825474030566,72.98101726733977
6,85.99573059262796,73.01224715165975
6,85.97357032179708,72.97941490673495
6,85.97313497943277,72.99594051351818
6,85.98768455203685,73.01444151167651
6,86.00340405033756,72.9942577749198
6,86.03206761321518,73.01190960011186
6,86.0102571107595,73.03083645471028
6,85.99656417341497,72.97840330620075
6,86.02293014012409,72.99959133243085
6,85.97344818725824,72.99844530900944
6,86.00626798298238,73.03410377374847
6,86.03840024323166,72.98563157273657
6,85.98956464285651,73.00547557264515
6,86.01624205102834,72.9651909588057
6,86.00907498111152,73.01612284394889
6,86.0079036704226,72.97737197322799
6,86.0028131676454,72.9643347063915
6,85.99911426695145,73.00448757360614
6,86.01608578906291,73.03907472815106
6,85.97884013551028,72.97603645782264
6,86.00876250276433,73.00739882109596
6,86.01245389196396,73.02372955581643
6,86.01679053875043,73.00971042347594
6,86.04185397786017,72.99711987907008
6,85.99035462724596,72.97573643850052
6,85.99242280132033,73.00628581099916
6,85.99435070266831,72.99356224758675
6,85.99933350338925,72.99440934563172
6,85.96479169490816,73.02467486988161
6,86.00580127836668,72.99099848167674
6,85.98672355322174,72.99327507988988
6,86.0121017968463,73.00703834228742
6,85.98625139396351,73.01936339538658
6,86.04074141701727,72.98042247114367
6,85.97439554309312,72.97028296978819
6,85.97936395565584,73.00642775888132
6,85.97057096847045,73.02353477402436
6,86.02831090304063,73.0020142626369
6,86.01978901170604,73.03329329286576
6,85.99161903904978,72.9890306388758
6,86.00997926067187,73.00773961284573
6,86.02258565170536,72.96522407974896
6,85.97239712769837,73.00607681855077
6,86.03717434595795,72.98903422477142
6,85.97620719502271,73.01449843391019
6,86.01487114295944,72.98535106053428
6,85.97588657429849,72.97694923056088
7,86.0073709110272,72.98253371751659
7,86.0302854511836,72.98711419553675
7,85.95638950609123,73.01031008963785
7,85.9933289684806,72.99461183279499
7,85.99020287409209,73.00205052253128
7,85.97727153324051,72.97486183046288
7,86.00421250089309,73.02277157985138
7,86.00585879437402,73.00831721525832
7,85.99953902942491,72.98132058356722
7,86.03377341465989,72.98148460824713
7,86.01375939882874,72.96274511579664
7,86.02665964629783,72.97754004644479
7,85.96309713412911,73.00052933575074
7,86.01450255790614,72.9645866532865
7,85.98003327269241,72.95883551071941
7,86.02717708180252,72.96403365200632
7,86.0328910805074,72.99381029127939
7,85.97883319813786,73.00636686879085
7,85.97426599644483,72.97084850961701
7,85.96724547270551,72.98640292199212
7,85.9870722345233,73.01645106743413
7,85.98867466439559,73.00133361424744
7,86.03091264310426,72.97145647200121
7,86.0223373384924,72.99591963704957
7,85.99357077719851,72.99076267451855
7,86.03177396060526,72.96654338785517
7,85.99628122749469,73.04163618645046
7,85.99430285378077,73.04833827538314
7,86.03968122923419,73.02847626907702
7,86.00895698992316,72.96200714338791
7,86.02552100548102,72.97824602102352
7,86.00145578262271,73.03027600744417
7,85.99317761027753,72.99847821911176
7,86.01619163260365,73.00765691039217
7,85.95657084738362,72.99585479458206
7,86.00186870579877,73.04041105344167
7,85.95891083323771,72.99234434235564
7,86.01625386577913,73.02594297311329
7,85.96797493757249,73.00666585314505
7,85.97677301903775,73.00596502839097
7,86.01622720512096,73.0241492546821
7,85.97208199335753,73.03589439544106
7,86.02043430958665,72.9551897330977
7,86.0103100850675,73.02404766157547
7,86.01852610221006,73.00170441985645
7,85.98331818727851,73.00220380470984
7,86.0318315926359,72.99063563435374
7,86.012410155659,73.01798210407382
7,86.03078471488524,72.97483738305918
7,86.01043589817866,72.99458390836386
7,86.0407833699302,73.00773696213486
7,86.00934862821069,73.04366878717056
7,86.02861702774715,72.96773951119943
7,86.00991976253727,73.00383531571399
7,85.99524993928554,73.04040149714749
7,86.00532630511437,72.96294679446177
7,86.01014877547019,73.04735649565787
7,85.98670310493806,73.03136722599147
7,85.99934314620226,73.03957501044084
7,85.966327469339,72.99377536580026
7,86.0107323731356,72.95965727463434
7,85.99573452503309,73.02416466308908
7,86.03089038869508,72.99913705020604
8,85.98964667762381,73.04333347403767
8,86.01097343681629,72.9637939217497
8,85.98589579127862,72.97177254424588
8,86.01294112336792,72.9964281388808
8,85.976715341459,72.96447525632054
8,86.00555117548988,72.99385056273971
8,85.97537600798348,72.98310791011102
8,85.96995588162547,72.97819127080298
8,86.02115271639435,73.02264389425864
8,85.99861122980099,73.04512556190755
8,85.98118354079342,72.98352818130319
8,85.99498106411829,73.01700025306636
8,85.995903098034,72.98899905836174
8,86.01262487741045,73.04784412141316
8,86.04770130357673,73.00305072447145
8,86.0322053912164,73.01431872181539
8,85.97003422206096,73.0309624324456
8,86.0283825704262,72.99454606949776
8,86.00326879618834,73.02061326592148
8,85.98152328221597,73.0023478899891
8,85.99768446460871,73.00037704080046
8,86.02986382406189,73.0143675837009
8,86.00959063340274,73.04878067708097
8,86.00514546942132,73.03569340683215
8,85.9692418682276,73.00294638802498
8,86.00852816724768,73.02866416203518
8,86.04131166516089,73.0016520913369
8,85.98526972371405,72.98504416517711
8,86.02261271402924,73.03120251735443
8,85.9973333829785,73.03142890196632
8,86.00668299149042,73.04836880934884
8,86.00553067606569,73.02403330210558
8,85.99640265928986,73.0132479789536
8,86.04620583288231,73.01814125026945
8,85.96786384808266,73.01873465810208
8,85.95247127718928,73.00771716376111
8,86.0016941785206,72.95302583717564
8,85.99398204342796,73.03106058839334
8,85.97598951266761,73.04148900291563
8,85.9905112754163,72.95689262714427
8,86.0127177530572,72.99230172974059
8,85.98281479043348,72.97393380313854
8,85.97542405863709,73.03012731687946
8,85.96546640226609,72.99963815410503
8,85.95171802449636,72.98953356901475
8,86.03078130875004,73.01496405333805
8,85.99578907962896,72.9754539627864
8,86.01662045259926,73.01035532530726
8,85.96871156303601,73.00792828985044
8,85.97455143964656,72.95698932987817
8,85.97082596892021,72.99853080314956
8,86.00704700312376,73.00613263342997
8,85.98163675838768,72.99013616506413
8,85.97058333592958,73.03882448130311
8,85.98845559217919,73.01679351603052
8,86.01608587880108,73.03229532152089
8,86.0096338705076,72.99044026027562
8,85.9812808078791,73.03588541603196
8,86.02308050237725,72.98935945579906
8,86.01591236299973,73.01874749643787
8,85.99255522327128,72.9553659560868
8,86.02897085010353,73.01760404022842
8,86.006881437856,73.02476738969389
8,85.96909596967156,73.00043996774345
8,85.97189636114267,72.96266899799537
8,85.99298283788244,72.96341210492949
8,86.00712847908189,73.0093005033442
8,86.01541655443863,73.02820603682677
8,85.95272134786471,73.00002102798776
8,86.02692569314453,73.01391288066313
8,85.98485952630163,73.01416390245852
8,86.02297212354077,72.95668050185245
8,86.00826051874094,72.95078499036421
8,86.01175719814727,73.04626642949314
8,86.03014152955497,73.03049978763568
8,85.99597407128087,72.9620719873444
8,85.97946357124607,73.03080995427247
8,86.01744710352196,73.03376183957579
8,85.96366249936777,72.98889229633484
8,86.00602999651451,72.96542204876768
8,86.04471587548957,72.99129033070994
8,86.01101466196288,72.99702554537238
8,86.00668848423854,73.03405591706112
8,86.02207886247338,72.96118325438455
8,85.98101158529818,73.03786128500968
8,85.96046836680138,73.01405092421273
8,85.96579709127506,72.97323240955781
8,85.9736839092134,73.00848029150922
8,86.02417461682384,72.99889378747612
8,85.98706736816703,73.04482846915899
8,85.95077926217414,73.00768129149213
8,86.0114441135197,72.95261084789092
8,86.03463125909708,72.99417305276238
8,86.00272923565319,72.99484737103774
8,85.97558808539517,73.02419585895733
8,86.02663601818068,72.97069883431823
8,86.00209641446202,72.99052389563596
8,86.03898937582112,72.99566939212065
8,85.99102633214932,72.98976653118983
8,85.99154465113746,72.99564807955075
8,85.9938299811392,73.04280420968168
8,85.99294842180575,72.96796319517344
8,86.02663420413663,73.02286624330746
8,86.01587122055741,72.989933156751
9,85.96774838961242,72.99573640793098
9,85.99730875435148,72.98627449596516
9,86.00337157642961,72.98925128690915
9,86.0014150678948,72.9962728476483
9,86.00482456030409,72.97270584222734
9,85.9995193719289,73.03150616635571
9,85.9799955300002,72.97863642564236
9,86.04244361591566,73.01000102000314
9,85.99750079090178,72.96529990643234
9,86.00075830610614,73.01478070450682
9,85.98681732275166,72.99892371307072
9,86.01051243118866,73.02040006683531
9,85.97722852368896,72.9661791454639
9,85.99701738419043,72.98018328117263
9,86.02143298445193,73.0262702571392
9,86.04471587548957,72.99129033070994
9,85.99354201065618,72.99273389683755
9,86.01032479557195,73.01845679304007
9,85.97801205529106,72.97793116518099
9,86.01023140981047,72.99690853054696
9,85.96602082359996,73.00211710570511
9,85.95354999874017,73.01149545733526
9,86.01156362039143,73.0025625491951
9,85.9760545183799,73.00550322952598
9,86.01548274609806,72.98572706028781
9,85.96848507446651,73.02318178621678
9,85.98627185268262,72.95822844188551
9,85.96964244704415,73.01223619370472
9,85.97670795778504,73.03222165314081
9,85.96396905365835,73.01239976407061
9,85.96605138586092,73.01365090148686
9,86.02686990304518,72.99188273923097
9,86.00380394321705,72.96885755386509
9,86.01233233005718,72.97450777146734
9,85.97177068854526,73.00719604676992
9,85.95801144449828,73.01528763824375
9,85.99468732244071,73.0140183857689
9,86.01966802151388,72.96388503294244
9,86.0102661955541,72.96447123986042
9,86.02290881279256,73.04406677837414
9,86.03442014330584,73.02147656759631
9,85.95665460350737,72.98111264900837
9,85.99887466505173,72.9748931603244
9,85.9748047659237,73.03855726680167
9,86.02609643970305,73.01334155389269
9,85.97751540657697,72.97188414204186
9,86.02650757679012,73.0046267074474
10,85.99003823710682,73.01653714525881
10,86.03476693731673,73.0028793311456
10,85.98342371400243,73.0414240816765
10,86.01984714598211,73.03802804868609
10,85.97624800117954,73.02968589879067
10,86.00218557237145,72.98799930213116
10,86.01012849985362,73.02701017254161
10,86.00582214112065,72.96623437220336
10,85.95456331550417,73.00041574309179
10,85.97398755684308,73.03126039075573
10,85.99183886646968,73.02686973002625
10,86.03048386193656,73.03524558345515
10,86.02868615113884,72.9921916281946
10,86.00739498708266,73.0128553308141
10,86.01501510537713,72.9907153177792
10,85.98565020968135,72.96619268107624
10,86.0158653850798,73.01298795255775
10,86.00769811442564,73.00547128427189
10,85.99627852193271,73.02090023391577
10,86.03153933102716,72.98097049987712
10,85.98187687672066,73.00270267572377
10,86.02805234765621,72.99574032431022
10,86.00502305015429,73.01292338799122
10,85.9734641954617,72.9998124335873
10,86.00569182809339,72.96891654914495
10,86.03935940536057,72.97938846158404
10,86.02429872566007,72.99572712929341
10,85.99166710123761,73.02561484096434
10,86.0114185382549,72.99782886490682
10,86.00298456711484,73.01257164407558
10,85.99611706241076,72.97889774424566
10,85.96922157235475,72.96494614261299
10,86.03173479437295,72.98613669872022
10,85.98497365853991,73.03838905202193
10,86.00177903234717,73.01367923432704
10,85.97402464794762,73.00116134736818
10,86.01153036749065,73.00314404599969
10,85.97490823490189,73.03086864618761
10,86.01319106380612,73.01514212797515
10,86.0132964616178,73.02067062188884
10,85.96745332009273,72.97255007206974
10,86.01321620243239,72.99518274228458
10,86.02578924980979,73.00569510184567
10,86.02438626893895,73.0040049592143
10,86.0192468782597,72.99911133598414
10,86.00465987779344,72.99717327562954
10,85.97383395640885,73.02826944434113
10,86.0023059527565,73.00966787623464
10,85.97863732146413,72.97439608931656
10,85.983668182157,72.99420250398919
10,85.98187616023124,73.01569351131808
10,86.02871020414159,72.96533484631604
10,86.01482039483841,72.98400413307888
10,86.02102200715635,73.01035946453536
10,86.01155576759882,72.97827321728512
10,86.01555365379299,72.99221980448145
10,86.0008762778224,72.99588820185076
10,85.98277460953109,73.02298379563618
10,86.04019707065612,73.01645199221772
10,85.99971724289428,73.00004590495983
10,86.02307957209526,72.97446425610362
10,85.99385883966227,73.02741370770349
10,85.99140924251347,73.0321789852861
10,86.01759396646958,72.99627765968486
10,86.00875636706759,73.01155946366137
10,86.0069753278242,73.03111277768157
10,85.9955558854161,72.99002309810305
10,85.98763720895508,73.03985564388566
10,86.0061197284069,73.0115055041511
10,85.99776678868614,73.0138542143851
10,86.01554055460993,73.03060912007676
10,85.9741025358874,73.02472300234125
10,85.98208486887631,73.0108541208809
10,86.0119947747689,73.00802990025038
10,86.00200942449108,72.97930656700117
10,86.0027475094009,72.98798250855819
10,85.98673604416435,73.01735088714112
10,85.98650776128363,73.00679614751758
10,85.99867086437861,72.99314040003735
10,86.01308631836453,72.98634816707188
10,85.96726734385456,72.99688387095459
10,85.99952346120844,73.01465331439019
10,86.03138698779277,73.01131828014523
10,86.03736816558893,73.02201004750229
11,85.98775491305379,72.96840191237779
11,86.00328135028762,72.96227054220986
11,86.00009378407556,72.99778780081805
11,85.98969977050152,72.95475479178262
11,85.98903382812493,73.00798044003993
11,85.9792244801898,72.97012513492673
11,86.00008777598232,73.02442829093707
11,85.9817586166502,72.98498338780536
11,86.00980677227135,72.99881693852744
11,85.98877577068536,73.04318353547585
11,86.003332781519,73.01639916307221
11,85.9979809378384,73.04420101800568
11,86.00243204274683,73.01050560790475
11,86.02556958154273,72.99013275109455
11,86.02272861254559,73.03038252965496
11,86.01246914111739,73.00331580515919
11,86.02432353121014,72.98224782249643
11,85.97692232175869,73.02166396420805
11,86.03939352028696,72.98493793812429
11,85.97103079097776,73.02346268852378
11,85.99336762870823,73.04059323875123
11,86.03994072321136,73.02197829006711
11,85.98714358982804,72.99623273949653
11,86.02328118661598,73.0204271945481
11,86.01439600428542,72.99507522532974
11,85.98267358067268,73.00504744209972
11,85.99849414621109,73.01799744392349
11,85.9682647123236,72.96244414746361
11,85.98312037347421,73.0118682096392
11,85.98523542702158,72.95545261832936
11,85.99273527303383,72.99536229206686
11,85.9575803117649,73.00442988404804
11,85.98329683656937,73.02039611782538
11,86.0255143513187,73.01747645609663
11,86.01389767550742,72.98001280176773
11,86.0088435126866,72.9930836767322
11,85.96562562244797,72.97592480462038
11,85.95677896102632,73.00214953591498
11,85.98920427307064,73.01761844705102
11,86.03037178718589,72.96323427959769
11,86.0116283873129,73.0189672656443
11,86.00579363197572,73.00981269438316
11,86.04204285095813,73.00480666902587
11,85.95076118800027,72.99318189200551
11,85.95940973086589,73.00714172938221
11,86.01330285729634,73.01812621208555
11,85.9700867752329,72.9955590140861
11,85.9962574437694,73.01345474781611
11,85.9657448480574,73.0219485728199
11,85.98867602730357,73.03292460560489
11,85.96912973567618,72.99740915664842
11,85.96415308125107,73.00626112980581
11,86.02428159891942,72.98412563651651
11,85.9804634554343,73.00128727175827
11,85.99428225211554,73.02640783567108
11,85.9565264660555,72.98378806745751
11,85.95281436901838,72.98784049175458
11,85.99865321599017,73.04984108287337
11,85.95873792912577,72.99305778187083
11,85.99518196377359,72.95813060994705
11,85.98195908449911,72.98254067811686
11,86.03134736619499,73.00576198219814
11,86.01740108486072,72.97061402676374
11,85.98195908449911,72.98254067811686
11,85.99344330176237,72.98997574850611
11,85.9790523386214,72.9709822786168
11,85.97416722273383,73.00502863435393
11,86.0350151767884,73.02224347985039
11,86.0133883772386,73.0020381873051
11,85.96859687755737,73.00350614326493
11,85.98996261185023,72.99760163396806
11,85.9734672658871,72.99000122784378
11,85.98680512953528,73.03762991620066
11,85.9659451814453,73.0229588814477
11,85.99272426531797,73.01769684724172
11,85.99590133169623,73.04748015437873
11,86.0209914446173,73.02782998608801
11,86.00570904048492,73.04274170967926
11,86.02348380591003,72.98957747614222
11,85.9974981497206,72.9767756350282
11,85.9803778620367,73.00463723219421
11,85.97328663620871,73.03536916550372
11,85.95873038433102,72.98716681424003
11,85.968995515868,72.96594139331718
11,85.95327601327654,73.00802789486661
11,86.03153788146813,73.01563527320017
11,85.95582613101514,72.9816324634166
11,85.98055594955649,73.03241274890114
11,85.95790034263564,73.01074411532474
11,85.97174086684882,73.0226030226058
11,85.98102995483607,73.01910471356275
11,86.00045162130577,72.96622377542349
11,86.01340532073081,72.9597665219427
11,85.99100122854348,72.95562065444669
11,85.98643281647098,72.98054099502804
11,86.01788420493621,72.99627881847606
11,85.98935492420438,72.98568692813261
11,85.95810388670232,72.99887327583647
11,86.03290718754619,73.00976999111857
11,86.01853490146105,73.01061198323184
11,85.9971887554046,72.95565893570691
11,86.01456572546573,73.00738810994046
11,86.00507337289427,72.98939488829336
11,85.99766925963455,72.97039646827321
11,85.98297979623909,73.01443000569428
11,86.0317422895726,73.00485099286307
11,85.96172642754117,72.99405461747293
11,86.0330938324223,72.99176194293493
11,85.95640573259713,72.97875379283042
11,85.98923598163826,73.02707656571253
11,86.01137224229083,73.00224267066814
11,85.95226332489617,72.99147059632679
12,86.03958768087026,72.99290557464862
12,86.00131476173318,72.96266211936889
12,86.0312978593244,73.02769272471657
12,86.01034366048137,73.04326673505392
12,86.01974108163907,73.02971113776772
12,86.04676428584168,72.98979851683933
12,86.01353792151254,72.98888023562505
12,85.96309713412911,73.00052933575074
12,86.00425657142968,73.0201865530258
12,86.01392618074776,72.99102544300976
12,86.01954090207693,73.0456562907988
12,85.99757491997987,73.02454742867117
12,85.99197275792832,72.99990928365818
12,85.98350274749353,73.03500317331425
12,86.0242603903819,73.01757870020664
12,86.00505382139444,73.04620017034766
12,85.95873594167074,72.97412437603944
12,85.97875745582127,72.96957636160107
12,85.9893725146918,72.97065442477754
12,85.99947408825467,73.0128541130189
12,86.00524374479933,72.97331517927086
12,85.95705765499136,73.00691539520193
12,85.99461779045495,72.97030578287509
12,85.99436222315785,72.99202165019648
12,86.03358320502039,73.0192179498219
12,85.96298459731757,73.01963417877442
12,85.97750599391537,72.95704014679954
12,86.03639495426802,73.02452537592225
12,85.96406594761787,72.98812351726276
12,86.02570022929925,73.00540810357909
12,85.96753440173984,73.03172013464078
12,85.99504543774434,72.98244473993358
12,85.98246969489229,73.0112603359835
12,85.97698949951253,73.00706495749998
12,85.99726379830629,72.97517475969514
12,86.04016653708702,73.0238252024243
12,85.9744959215912,72.95741837211904
12,85.99880565913175,72.9785423261233
12,85.96908309623512,72.97522846627466
12,86.00045435002963,72.98983861671321
12,86.0402372155593,73.00541310968524
12,85.9553907176791,73.00410507097769
12,85.96897899060521,73.02234854373107
12,85.96851897007875,73.02778088606705
12,86.03377841928577,72.98904221204262
12,85.98232718495518,73.003837593579
12,86.0415843463739,73.01746391187507
12,86.03016744193775,73.01947545159467
12,86.00202876456414,72.95561014238375
12,86.016407657923,72.97819175384086
12,86.03758811272705,73.0145529882913
12,85.9926842932651,72.98173710270372
12,85.98969341501052,72.97569328149459
12,85.95981974662367,72.9732282055162
12,85.97998434902586,72.99451910324196
12,86.01771788354182,72.99891720121346
12,85.99532888688921,72.98126065824988
12,86.04153181125842,72.97377774046258
12,86.00783605541847,72.99874615435074
12,86.02434834022608,72.98204559041218
12,86.0246980525208,72.99333233217864
12,86.00870646571866,72.96118169463071
12,86.00090274043548,73.0280240554387
12,86.01057558118605,72.98647652972049
12,85.96474894124265,72.97074099216465
12,85.95964789236925,73.01925026368728
12,85.97733024282641,72.97095990624804
12,85.99062953405046,73.02357055896564
12,86.03086953349498,73.03732654309295
12,85.97160965068134,73.0358999540154
12,86.04156971779355,72.98916403930497
12,86.01832508756678,73.0394875918368
12,85.95924814297233,73.01138288416678
12,86.0042777252911,72.9917955500992
12,86.00653871948327,73.01459072933692
12,86.00203430216644,73.00544628951293
12,85.99034770863497,72.98775151585716
12,85.97976477558504,73.00298857562629
12,85.98625705569759,73.03331698271903
12,85.98887403509308,72.99647950928923
12,85.98020999208944,72.97319286558908
12,85.96974420651702,73.01845014704088
12,85.97743801106535,72.99647218717573
12,86.00490044425362,73.01264176334294
12,85.98452025517301,72.98177620583346
12,85.99027728509866,73.04497268678197
12,86.02035656289213,72.96435695350583
12,85.99623722314439,73.01494547768986
12,86.00005675016789,73.01593381916531
12,85.95664350179666,72.98712239370214
12,85.96685315174436,73.03043694331235
12,85.98528651293962,73.04427718100109
12,86.01074902224494,73.02590060613188
12,86.0009839993673,73.03006957587681
12,86.00701592828169,73.01478096564331
12,86.02994735956138,73.01386882754569
12,85.96322836596003,73.0221765005868
12,86.01136395135443,73.0463459516912
12,85.98569763337028,73.00761416568122
12,86.00258026124497,72.97921248702615
12,86.0239771587182,72.99681390279798
12,86.04104811146722,72.99763853031776
12,85.96103888673454,73.02708120260255
12,85.9539415136428,73.01096661391942
12,86.01478083737574,72.95841441969016
12,85.9729121861942,73.0386875964054
12,86.01699831616855,72.98846907692305
12,86.00416934112657,73.0458144586882
12,86.04798297251837,72.987235033181
13,86.0392477311485,72.98767280556676
13,85.96734521889874,72.97474642277135
13,86.02494644621149,72.95754143724929
13,86.01973638567063,73.02714402263943
13,86.02866320940846,72.98621508334524
13,85.99619542088189,73.02139725164209
13,86.01715085745202,72.99153268001862
13,85.95214854002195,72.99216525899324
13,86.03248768989565,72.98376078458402
13,85.95582052568638,73.00825412030026
13,85.97279973744307,72.98214277073772
13,86.0010502252945,73.01502322216315
13,85.98072230533761,73.02029995317898
13,85.97692864123795,72.97291824935272
13,86.03034681924541,72.9776339188957
13,85.95925097861559,72.99242224699452
13,86.01186265262602,73.0044584326013
13,86.01277516582765,72.95586967941885
13,85.95147970351992,72.9956777717549
13,86.0183764329417,73.04009246686856
13,86.03795513915414,73.02434393549552
13,85.96847502476632,73.00859555353199
13,85.960042101159,72.9821627319373
13,86.0344180038489,73.02901081569121
13,85.96646275787533,72.980827120009
13,86.00127323290596,73.00008532530424
13,86.01439149127883,73.03698375686713
13,85.95041661115732,72.9938912605093
13,85.9942229140342,73.02561219191628
13,85.95397665482447,72.99814994628011
13,86.01270563031966,73.03533371792876
13,85.99002725581441,72.96563166475669
13,86.00360381625913,73.0046986018084
13,85.99629030762723,73.03637017822884
13,85.96349323725653,72.98062033822617
13,86.02441581423435,73.00447661242585
13,86.00886599322823,73.02179078400016
13,85.97848512170415,72.96462406406974
13,86.01847163012691,72.96644659439714
13,86.0453067355425,73.01299184315059
13,86.01955544951188,73.00593804336496
13,85.96289209440796,73.00243801863661
13,85.99371103148296,73.01801903293918
13,86.0154751143047,73.03783297794674
13,85.96464820855756,72.97651004887707
13,86.0171951521649,73.01041393775266
13,86.03529094013085,73.01014066924002
13,85.97714401237148,72.96440554467988
13,85.98207391122321,73.0131674363524
13,85.98641419398376,72.99142004094712
13,86.01028971577091,73.04494381035953
13,86.02014094299412,73.0180147427159
13,85.98842634493214,73.0154158232831
13,85.9530869253596,73.00580977965801
13,86.0139327288444,73.01296722281067
13,85.99397128927495,72.96462544845775
13,85.98010075208663,72.9917474944952
13,85.99975102639979,73.01336614710335
13,85.99303993646264,73.02681397045068
13,85.9613090311002,73.0269363020223
13,86.00853405731813,72.96039305672792
13,86.04018954641785,73.02870815433575
13,85.9872750107403,72.96100653240126
13,86.02050148256738,72.98194864884732
13,86.02747135675165,72.98757350345359
13,86.0214676913042,72.99894414118152
13,85.99451222101463,73.02654230916336
13,85.98466116334086,73.00597127350495
13,86.01532982230789,72.98060001935568
13,85.95465667350807,73.01583608791151
13,86.02405990808468,72.96740817839756
13,86.00442940394551,73.01154122289708
13,86.0015840128648,73.04949045663183
13,85.95637171281955,73.01537476538563
13,85.98657501057468,73.0139470766661
13,85.98788719398124,72.96910268205296
13,86.00931686590248,73.01527148342474
13,86.00091298648738,73.00809214730236
13,85.96119657920674,72.98899401763597
13,86.02946394182423,73.02754933659415
13,86.01873987519679,73.03961782906791
13,86.03925290466363,72.99168951551981
13,85.95534887980192,73.02124514315275
13,86.04977314784375,72.99716838864963
13,86.02027085639611,72.9950084047967
13,86.00401174170521,72.98447681243023
13,86.02159596844739,73.01937574357623
13,86.02898897175398,72.96059243634191
13,86.0348190217951,72.99685390949477
13,85.9820316036883,73.02142467117488
13,85.96954972044645,72.97767478413209
13,85.99296116676419,73.00954191626452
13,86.01297829640365,73.03532992991765
13,85.96518886068526,72.98781881479684
13,85.98219052002582,72.98640038211104
13,85.97050170866032,72.96584958333352
13,85.96583517674156,73.01855523251034
13,86.01158895492061,73.02967832252538
13,86.02527056776034,72.96604736655698
13,86.00969394298565,73.0225895383425
13,86.02708168439779,72.96090839524676
13,86.03439506218955,73.02709481246384
13,86.04585720272549,72.99026174832689
13,86.02743821192566,73.02560152644196
13,86.03974356262721,73.02685206430577
13,86.04581739376674,73.01597296721752
13,85.95919904839941,73.01021507154718
13,85.98146117038938,73.02988716298294
14,86.00041679081133,72.9944633911509
14,85.96376714056957,73.00626742213949
14,85.9975376040958,72.95143499710126
14,86.01624099226687,72.97495646648728
14,85.9929668038739,72.96411358336569
14,85.98962824781808,72.9854582237626
14,85.99582120006079,72.95456052744775
14,86.00639445982398,72.95558262754966
14,86.00824322595166,73.02914128380922
14,86.02558259492379,72.98505956820082
14,85.9902383675313,73.03802013126332
14,86.02453254804037,73.00171338938455
14,86.0223939001988,72.96169171215057
14,85.97159115938098,73.03505440581544
14,86.03841679799358,73.02197585965685
14,85.99323265515505,73.01559727649398
14,86.02592270725061,73.0016618590544
14,85.98302760512955,73.01482415168147
14,85.98526018940657,72.95472582649151
14,85.98479664120539,73.02678992178465
14,85.97017045595695,73.00136447153405
14,86.04149970779673,73.01856999426882
14,86.00134763110646,72.9907793650857
14,86.00602934453293,73.04551549939588
14,85.97444464582907,72.9662116429559
14,86.001108157664,73.00303038101488
14,85.9697088174418,73.03709209650094
14,86.03843621418925,73.01748570329997
14,86.03641442467314,73.01864702541648
14,85.98986791928523,72.98614816976752
14,86.00004379964739,73.03544854444127
14,86.04351197247097,73.02329631500528
14,85.96218041547945,72.99850579396487
14,86.01310952573002,73.01702183384889
14,85.97127922269524,73.03552619016497
14,85.99194177032622,72.96276458542518
14,86.01095967383598,73.00152127363519
14,86.04913030521672,72.99952182038209
14,86.03408638565949,73.02193882042856
14,85.99225061409875,73.04407635256231
14,85.9846991549434,72.95715001638835
14,85.96194338683385,73.02401095363335
14,86.0015494762008,73.01737730718253
14,86.02182627115921,72.95523201252136
14,85.9690522107764,73.00530233033044
14,85.98896314509598,72.9873261065944
14,86.02810603987331,72.96650071603011
14,86.03879617755618,72.99135763605736
14,85.99371743482965,73.03544860977371
14,86.02161100223523,73.01434992664383
14,86.04379142393664,72.98893390826348
14,85.99924444822248,72.98643216447056
14,85.95177967736421,72.9879308004891
14,85.96099996464423,73.02269310003588
14,85.98360157077573,73.00384135141022
14,85.95418582759926,72.99752476219842
14,85.9716110300252,72.9807190548949
14,86.024082527385,72.99097759033495
14,85.97175331412382,73.03503906732418
14,85.972684544176,72.96022486689705
14,86.03298830302842,73.00782789055924
14,85.98968271258225,72.97710657873758
14,85.96402019326028,73.01860135335865
14,86.00883415643027,73.03371584488835
14,85.997894827321,73.01829221193135
14,86.01613115206217,73.01657049129254
14,85.96476971486823,72.97147076931452
14,85.999583691167,73.00764469533704
14,86.01275770247729,73.01186909965632
14,85.9885227916134,72.96086119651784
14,85.99256993182726,72.98721857529554
14,86.00652961805935,72.99196378921319
14,86.01275303139164,73.02641051618468
14,86.0088802924332,72.95771755137054
14,86.02113201553153,73.01170118406934
14,85.96966912146961,73.02521469562285
14,85.99896817747738,72.96150953794202
14,85.99404532997968,73.02278050072708
14,85.98997141930226,73.00646389657403
14,86.00017355288875,72.9759391867751
14,86.00176531337985,72.97748251553237
14,86.00145429021772,73.0388087625446
14,85.98617441946796,72.9808195784862
14,86.03286949144187,73.02089129182718
14,86.03529094013085,73.01014066924002
14,86.00787015702758,73.01196933533998
14,86.01351408269309,73.02185380872746
14,85.98182790644154,72.99830535555012
14,85.99193214106964,73.03735693165753
14,85.98714802116866,73.01404222488264
14,86.0082307338202,72.95614296295268
14,85.99766559941907,72.97270866485077
14,85.9695998144031,73.01202352067246
14,86.03791560010981,73.00780458374886
14,85.9554932672314,72.99197769141463
14,86.0419297258373,73.01463027705329
14,86.04199545139166,73.0140438689087
14,86.04794988888526,73.0048117237792
14,86.03122267042176,72.96601831072657
14,86.00574393380083,72.98717885024494
14,86.00981279738944,73.04464099438255
14,86.04342929960013,73.0116679282061
14,86.04093648062297,72.97925007675681
14,86.02310364970069,72.98372763327411
14,86.00631945002944,72.98214231034399
14,85.97557805654772,73.01130018632477
14,86.00313757352068,73.03570409777222
14,86.01515632513899,72.97473831542482
14,85.96093596690386,73.00037201596523
14,85.9857783270796,72.95296000254964
14,85.99047387406429,72.97260098900502
14,86.00651289581366,72.99953265267958
14,85.98809437960074,73.0176218812207
14,86.01683485817462,73.01924629065236
14,86.0076628199248,72.98864539546749
14,86.01521395192638,72.99371532007677
14,85.98704069692744,73.00485912050974
14,85.99566042953703,72.98492080223895
14,86.01030964536268,72.97426688106003
14,85.96267323416022,72.97318708225428
14,86.01154512871926,72.99255195645408
14,86.03795054580831,72.98015274614228
14,86.02463607466208,73.01213089009792
14,86.02160870688897,73.00803961002583
14,85.96683542555914,72.97167452708096
14,86.00733156697345,72.97655450431418
14,86.03058544036604,73.0176371970839
14,86.00977566861549,73.02794428185737
14,86.01051243118866,73.02040006683531
14,85.97805018264611,73.03027671905652
14,86.02698481765158,72.98438390281734
14,86.0132037952607,73.00815069868231
14,86.01026552680067,72.98795081986955
14,86.02050763501704,72.97404065261377
14,86.03972140523348,72.97950823765346
14,85.99696862290367,72.9997778951657
14,86.02227888436087,73.02356119071905
14,86.0150214335086,73.02399625608444
14,86.01644675504745,72.96692325290002
14,85.97748858333694,73.04157037334319
14,86.03594353222505,72.98054476455458
14,86.01477427353703,72.98623604292099
14,85.9906932233283,73.01307930014289
14,85.97350310098189,72.98923156273014
14,86.00612499120415,72.95608975319672
14,85.98180995795839,73.02790802863518
14,85.97626485560944,73.03048003222158
14,86.01838245664351,73.02700368887628
14,85.99385883966227,73.02741370770349
14,86.0390165647564,72.98298093250133
14,85.99528598777076,72.95435762930657
14,85.97846910518246,72.99973926490857
14,86.03141592663935,72.96594376843957
14,85.9938580947817,73.01264650380115
15,86.04030134909195,73.01316853990437
15,85.99185959029457,72.98376967630176
15,86.01691902322749,73.01548112924884
15,85.98898985870676,73.00430281183709
15,85.97826603903822,73.01031434830017
15,85.97157161450416,72.98963975870714
15,86.0329053725876,72.99989182698427
15,85.98242209273342,72.98762016395023
15,86.0149431321142,73.01659269124823
15,86.00418027960514,72.9600557337335
15,86.01474802186789,73.01305841979382
15,86.02342045018104,72.95733089712355
15,86.0083593122209,72.98818197411894
15,85.97766965995963,73.01512861974183
15,85.99812392836253,72.9581936338019
15,86.01448958726833,73.00857251594027
15,86.00505613163345,73.01478002411062
15,86.01730286384398,72.98291055899496
15,86.00828279690623,73.00280795512676
15,86.00008120227844,73.0486148565478
15,85.99852987535658,72.9996668485985
15,85.99403248826403,72.98805547788211
15,85.96018469811649,73.00278275085108
15,86.02410312250456,72.98252161095648
15,86.00477712330192,72.95170028040104
15,85.97623186066193,72.99268137955659
15,85.9893025481654,73.00181787677194
15,85.99246910340922,73.04142309071207
15,85.98790551047713,73.0162421165427
15,86.01157134393299,72.97467151684833
15,85.96595072683625,72.97862157139936
15,86.01677822378768,73.02977632799909
15,85.97123741587582,73.02668335257773
15,85.98227886897918,72.97000326017114
15,85.95409422400378,72.99028677207288
15,86.00797121658299,73.03916673735489
15,86.0471549077663,73.01371899968957
15,86.02050959534296,72.99030971558433
15,86.01463020950443,73.01930769032928
15,85.98310697824718,72.96508077019405
15,85.99269474724039,72.98375505179989
15,86.04669431378751,72.98370982216854
15,86.01162070149307,73.04184471519801
15,86.00451776203073,72.99482974401671
15,85.9960398888253,72.98533227639105
15,85.9839096789112,72.95272771946661
15,85.98676944197905,72.95711980690713
15,86.02440534664645,72.98621496957989
15,85.99582157295922,72.99881521294273
15,86.01953477213596,72.97033784985823
15,85.98786804348754,72.99336926283439
15,85.96588177655408,72.96753385480183
15,86.00784320683621,72.98760673393657
15,86.03956142226912,72.99447911875693
15,86.01443135646039,73.00247845248039
15,86.04517214693328,72.98961297730978
16,85.97472033985724,73.01374433716578
16,86.03341706242391,72.9758487222719
16,85.97416722273383,73.00502863435393
16,85.99316254183132,73.04823489353
16,85.9909842500596,73.00081464388843
16,86.02275495244322,73.0067243640976
16,85.97357543205128,73.0002276687962
16,86.04628527106881,72.99774870481018
16,85.96723335072731,72.98089343675791
16,85.96797603810833,73.02963150989484
16,85.95708207853957,73.0036589650499
16,85.98028946118833,72.97791618451735
16,86.01945181699169,72.97402803978693
16,85.9608741765012,72.97967482081388
16,85.98865941979354,73.0092599764615
16,86.01110208846397,73.00902089838833
16,86.00459687471155,73.04405502282737
16,85.97596520928273,72.97935542278587
16,86.0275706261217,72.96299083295327
16,85.99611072700176,72.99042957486456
16,85.99413122827019,73.00053512507223
16,86.00013833477142,73.04368095222787
16,86.013818432635,73.01466893626102
16,85.96590456176041,72.98821050168843
16,85.9819010376809,73.00415487258941
16,86.04104230852184,73.00224883832449
16,86.03730204458786,73.02069878026404
16,85.9860458985909,73.00460175092846
16,85.96960853471342,73.01658299490983
16,86.008330458735,73.01726265584462
16,86.00456941917969,73.03085067740693
16,86.01623675651976,72.9906599021288
16,86.04286817099974,73.00173825087892
16,85.96992364107041,72.9888475893446
16,86.0416421518264,73.00963377999557
16,85.98370041249227,73.04685849138124
16,86.00789918987482,73.00749661121108
16,85.98179662821869,72.9884064014154
16,86.03878272638399,73.02621335989613
16,85.97983528929586,73.03453218981727
16,86.02138474628451,72.9772353797114
16,85.98123942621356,72.98633683289516
16,86.04087482246179,72.972417715263
16,85.98597571005381,73.01243675687888
16,85.98995902718406,73.03739411245078
16,85.97092271603198,73.02349313597858
16,85.96214990119226,73.02639374608545
16,85.97182576781127,73.03609836803045
16,86.00228065753498,73.01125565490824
16,86.00593639652057,73.01987356251242
16,85.98750433680505,72.99021150998246
16,85.9748047659237,73.03855726680167
16,86.00035521806208,72.98057715083887
16,85.98107643335346,73.03410820315226
16,85.97094226192424,72.99563466548383
16,85.998240874737,72.98495900138968
16,86.02122666357288,73.00897438348284
16,85.95495513844298,73.007768788211
16,86.01910267801217,72.99095787043711
16,86.00791607991017,72.97360895709431
16,85.98655756970423,72.99103311688393
16,86.02162225593999,73.02418625484201
16,85.95881552208863,73.00524038935268
16,85.99123365576776,73.04697800054356
16,86.0080043006382,73.00369840357178
16,85.97665129061333,72.96476460400983
16,85.9711587755425,73.02191995998885
16,86.00848106719177,72.98519184661762
16,86.01721970318717,73.00025268138452
16,85.98667355084558,72.96763991957201
16,85.99656042614238,73.0006554741225
16,86.01310920035209,72.96886307448932
16,86.03392714996016,73.02616113781757
16,85.99026435828692,72.99978388858723
16,85.98540678254722,73.03056735808094
16,86.04187841116301,72.9786290043115
16,86.02941138379302,73.01690832567732
16,85.97513629917286,73.03113322253466
16,85.985821769127,72.99083351292342
16,85.96937439970584,72.97421781272413
16,86.0425631906272,73.00441050320994
16,86.00990890381215,73.04336693253987
17,86.04106901061918,73.02597830633803
17,85.98370883246447,72.95314970664833
17,86.01133558900686,73.02870240304425
17,85.95775204164586,73.01675399821292
17,85.9573879963322,73.00238490802357
17,86.03452224865293,72.99369214526408
17,85.98761949724471,73.01498038165583
17,86.02293014012409,72.99959133243085
17,85.99378628354187,73.0156578615821
17,86.0069805922676,73.01718607583348
17,86.02589798020254,72.96293082866704
17,86.01008215700254,73.02133655673572
17,86.04518450194264,72.97929144991855
17,85.99248432632263,72.97857864411074
17,86.00876291452379,73.00605681079243
17,86.00021563142323,72.96052967270397
17,86.02539912238146,73.02190203486334
17,85.98474381997237,72.97492823567335
17,85.97261296889384,73.01360928895406
17,85.95814844860998,73.01487022911212
17,86.01630250911784,72.99255378699107
17,85.98506133721568,73.00045867829925
17,85.9935378708407,72.97035747796326
17,85.95568074242205,73.0108890160815
17,86.03066294587121,72.99188127922017
17,85.96128738774968,72.99410037092913
17,86.0353666430992,72.99025030579205
17,85.97678365117373,72.99404919800604
17,85.96988604619243,72.99282750930568
17,85.98318017792326,73.02035055035276
17,86.03803447091528,73.00066029234482
17,86.01922768873565,72.9634802233737
17,85.9538438167444,72.98938539024911
17,85.99246243171919,72.97593140140589
17,85.97536307597085,72.96607171280719
17,86.00982446700026,73.03275286483964
17,85.97306772620344,72.96647886426223
17,86.0129017896742,72.99276316862206
17,85.99528207371392,72.98570548159299
17,86.02920709992176,73.00513471598768
17,86.00031138244572,72.96784919983513
17,85.98290902519253,73.00650152737748
17,85.95635492433938,73.00599140476442
17,86.01026478484252,72.99331688633069
17,85.959480515319,73.00951011305962
17,86.00062248862908,73.00338691837331
17,85.98102349421734,72.99352655963486
17,86.03413999147111,73.021755395725
17,86.00281615702639,72.9808722505729
17,86.01249303750927,72.9955862011493
17,85.97185625489136,72.9944287359973
17,86.0027189374843,72.99098045347696
17,85.96905438952159,73.02929071405683
17,85.98073436883044,72.98231576448447
17,85.97549405954629,73.03578708011008
17,85.98043578905882,73.0002133751268
17,86.00220274938756,73.01189929353049
17,85.98728399570895,72.99969335505439
17,85.97709181006871,72.96640008245816
17,85.98563064940758,72.95971626792053
17,85.97992009694242,72.99693853804634
17,85.99706995245812,72.99528402062329
17,85.9855471036223,73.01627081974401
17,86.0267420956705,72.96137887623635
17,86.02900675367799,72.97091434156648
17,85.98911768286241,73.03034733064308
17,86.00399354233183,73.04567990255383
17,85.95226332489617,72.99147059632679
17,85.9774407085562,73.03703756322028
17,85.97783329917141,72.96673475019726
17,85.97092778931554,73.0204590517904
17,86.03154062707304,73.01733479161284
17,85.99308171873365,73.00430489668074
17,85.98748542897579,73.01065548910542
17,85.95900496676528,73.0163978608188
18,85.9979914035074,72.99929073410071
18,86.02774150947722,73.03788634902553
18,86.03190335671731,73.00846929146135
18,85.99132037221713,72.98408322733017
18,85.99472202870807,73.01833440923814
18,86.00355656047185,72.98413554163228
18,86.00915875998389,72.96010625702891
18,86.00064510680747,72.99735189062197
18,85.98499874128541,73.02889490140151
18,86.01650754292237,72.95947318992624
18,85.95583887799266,73.00821383721575
18,86.03489552867292,73.00913486006698
18,85.97943792264037,73.00809099626663
18,86.03582974966993,73.01994037017202
18,85.96591943027585,73.02187828944272
18,86.04754711216825,73.01457265171197
18,86.03456015662624,72.98637872463546
18,86.00318329873349,73.04024943580605
18,86.01831517735346,72.99371345736452
18,86.00938600976824,73.01287619008616
18,85.9804634554343,73.00128727175827
18,85.99144314230193,72.97766251259128
18,85.96600090599517,72.98194116265194
18,85.99348955309492,73.04209488249808
18,86.026622953588,73.02495453862295
18,85.98963748775927,72.9639675933985
18,86.02390929614876,72.9638811044756
18,86.02426322052371,73.03368419911268
18,85.97225169646231,73.00763416515838
18,86.02525119274483,72.99693990475706
18,86.04705449921447,73.0151580901898
18,85.98027666175733,73.01535175138143
18,86.02770503190986,72.97668445290283
18,86.00301477563114,73.02859014164616
18,86.04285182687276,72.98498190272574
18,86.03462050313266,73.02998783910022
18,86.01476779673517,73.01233691706864
18,86.00891031564642,73.0201202816056
18,85.97230371746656,73.03679714035106
18,85.98012004708264,73.02190233970325
18,85.98703094173142,73.03211589889017
18,85.99719916744635,73.02702242062445
18,86.0446435315139,73.01082245832671
18,85.96639926554887,73.00108039860692
18,85.99583521726856,72.95108092265745
18,85.96956515106487,73.01143679616554
18,85.95210902610485,72.99619625308546
18,86.00923289997253,73.01489545386718
18,85.970912816905,72.99381943840766
18,86.01175286428672,72.95879250361155
18,85.99034238306909,73.04854199295195
18,86.0121105518394,72.99583315415849
18,85.97965346271955,72.96197302474215
18,86.00322083718376,73.00457804617972
18,85.96517032507555,73.01113865406329
18,86.00940733264989,73.01210340232845
18,86.0305564851005,72.96607616570257
18,85.99357121519516,72.96125460521844
18,86.04340402156951,73.02307619267808
18,85.9763502787574,73.00972870203228
18,85.97302596597835,72.99743813551322
18,86.0247351981578,73.00221409029425
18,85.96162703444958,72.97720082058036
18,85.99962369959124,73.03251767746569
18,86.00533827177235,72.98502804300895
18,85.98516911253141,73.0230973728629
18,86.02091502810367,72.99830575399115
18,85.97761932892618,73.01054967965544
18,86.00998467530191,73.00394599404832
18,85.98987632709753,72.98872534985568
18,86.01044423739327,73.02928606927075
18,85.96413794936109,73.01445867250587
18,85.98396142935933,73.00544004190981
18,86.01685117068087,73.0102959895215
18,85.97253376995317,72.96250387301183
18,86.03653528543985,73.00736869467164
18,85.99801402010294,72.9526375273984
18,85.99781357903504,73.03165275490747
18,86.03141592663935,72.96594376843957
18,86.04707044055806,72.98460293197266
18,85.97057096847045,73.02353477402436
18,86.01141283926624,72.9595585074307
18,86.00479213346372,72.95242260741168
18,86.04235072615114,72.98841254156737
18,86.02280675315708,73.0078436185568
18,86.00544121278132,72.97237957364167
18,85.96868840548869,73.01481260222192
18,86.02570989395319,72.9904050778812
18,86.01394067995346,72.98430384232593
18,85.99601402853573,72.99571851977271
18,86.00106809540868,72.96468180937332
18,86.02828336913612,73.01531715295918
18,85.98831704402151,72.95466440023775
18,85.98447947270564,72.98389201392645
18,86.00672894910957,73.01943444845381
18,85.98648239038909,72.96743092958607
18,85.98375704579242,72.95803562559466
18,85.99775257920886,73.03854462399777
18,86.01639734603033,73.02839738085792
18,86.00831137412415,72.95484214128716
18,85.97994127318374,73.00916715412981
19,86.0244843828441,73.02265992994484
19,85.99140479601655,73.02351695869895
19,85.995456106035,73.03954146733494
19,86.0210530258821,72.99116485472274
19,86.00786989197326,72.98307133110126
19,86.00636686292798,73.01164627451959
19,86.01152099302753,72.99644300968826
19,86.00189649663673,73.01649847469872
19,85.99531764633619,72.97306292658688
19,86.03712592984029,73.0014364682285
19,86.0080406202317,72.98764305518405
19,86.00442940394551,73.01154122289708
19,86.03097317880687,72.99367903219203
19,85.97853894698181,73.0103626478598
19,86.02240781926568,72.98131850284578
19,86.0005441097708,72.98536038054182
19,85.96688812695766,72.96349895490272
19,85.97727391839895,73.0337072797927
19,85.99953674669192,73.00991636624212
19,86.01127086660352,73.02445356419445
19,86.02567682676369,72.99309861700216
19,85.97794747210231,72.98359693488145
19,86.00178693782381,72.99121760709572
19,85.99429362367657,72.99738097334867
19,85.97433713771933,73.01382584860926
19,85.98960436597716,73.00483131589654
19,85.97867626842596,73.00105154362727
19,86.01358907181833,72.99216161731714
19,85.9745973854982,72.96047887796483
19,85.96789730230564,72.96876358820106
19,85.98547245406318,73.01286260330713
19,86.0416104016066,72.98763559836522
19,85.96274014510264,72.98186424876255
19,86.0089750249556,72.98908650509544
19,86.01550394201037,72.98415781981745
19,85.9772571448315,73.0200863385166
19,86.0090486759419,72.9508784430345
19,86.0264201117879,73.01592586190584
19,85.98267201296952,72.982756299008
19,86.00361127598049,72.99416990472221
19,86.01711674808932,73.02269708266014
19,85.99512976588132,72.9926224140365
19,85.98861902626747,72.96867970309289
19,86.02735526581061,72.99489874865836
19,85.95870992250849,72.97831897987287
19,85.9893725146918,72.97065442477754
19,85.97878609691134,72.98233449827286
19,85.99813881880546,72.9824888088649
19,85.99859344704137,73.00752780985373
19,86.0004964365729,73.01536756348037
19,85.98869900961496,73.00905320820053
19,86.00357116521978,73.04556845678763
19,86.00753245048448,73.01523065392864
19,86.01336111487457,72.99462468641875
19,85.9530509108267,73.01403314809204
19,86.01749128412422,73.00763728719166
19,85.99228486031195,73.01486763385758
19,86.01098197754662,72.99105285211078
19,86.01950248550777,72.99505038598325
19,86.01911605043456,73.01259552815333
19,86.01979835750379,73.03690774743178
19,85.99606734576724,73.00364682354376
19,86.00379744515064,72.97066157047996
19,86.00488960635565,72.9617549708573
19,86.001424147196,72.99273346817117
19,85.97743139900344,72.99116656480567
19,85.99929047653724,73.02817002225977
19,86.04164295123894,72.9964043220755
19,86.00124694714808,72.9914628752838
19,86.00684405102692,73.00083667516432
19,85.99904584822193,73.03289458402145
19,86.02235243412734,72.98452123639072
19,85.95442103907936,73.00293032135458
19,85.9812960115851,72.9995392013003
19,86.02186949265655,72.98445677366159
19,85.9655196296846,72.97479633212343
19,86.00364524282138,73.03427523217543
19,86.01515221721446,72.95712267967772
19,86.01163667879644,72.979915957486
19,85.9925003076084,72.95912812954782
19,86.01897804900302,73.03882230666065
19,86.00046635717575,72.96955523434019
19,86.02227539855488,73.02638568905085
19,86.02934392467589,73.0119530400664
19,85.97452784105674,73.02169191330653
19,86.01938924365697,73.01039443407178
19,86.01593669452757,73.00943074256763
19,85.99476249579435,72.97494521864105
19,86.00279202778304,73.00721813335377
19,86.04075297780749,72.98796838189295
19,86.01832508756678,73.0394875918368
19,86.01775987803822,73.02735864837172
19,86.01295496159157,72.95315876672878
19,85.97682152653515,73.00644791136288
19,86.00512733903156,72.9626169345559
19,86.0096440917265,73.00683884320705
19,85.95490924368617,73.00321392871744
19,86.01210382415117,72.99096883765449
19,86.00323003461588,72.99922853301983
19,86.00473493113508,73.02327147849635
19,86.02675232803476,73.01311032187196
19,86.01965008693608,72.97408724872851
19,85.98297672375372,72.98627218312396
20,85.98080593831922,73.00908867040867
20,86.00307005450001,72.98579690249262
20,85.9674605430424,72.97524895024529
20,86.00833290476702,72.97424610446046
20,85.96027178877581,73.00983936901814
20,86.02894993192544,73.03721134005379
20,85.98362633987297,72.99920513994044
20,85.99042534996968,73.02573962041826
20,86.03196262980553,72.96202122209462
20,86.00189183486373,73.04299662044254
20,86.00012226809842,72.97560178907156
20,86.01762913777495,72.96141557466449
20,85.95382380263433,73.01329060169569
20,85.99113303906321,72.99269764272383
20,86.013818432635,73.01466893626102
20,86.02065392709272,72.99787525335682
20,86.00908479300048,72.95531860600266
20,85.98547214883524,73.00318517301122
20,85.97503468586481,73.01955695555758
20,85.95630517017653,73.00386001671545
20,85.9575084189289,72.98069250214448
20,85.99867151005812,73.00381568129123
20,85.99453930541677,72.99761091441702
20,86.04120446489655,73.01100498827871
20,85.96307409759444,72.96710429944535
20,85.99169109006138,73.02843958200182
20,85.99869539356274,73.00608442078443
20,85.95965516170381,72.98694914786525
20,86.00156467691238,72.95569656678846
20,85.97663605597347,73.01652304090909
20,85.98142141058744,73.00901901067627
20,85.96586469287465,73.01680804396747
20,86.03059075071376,72.99179958713694
20,85.98583085897671,72.9808031654281
20,85.98456585060474,72.98829613866795
21,85.96694890701906,73.02237771543867
21,86.00140772126389,73.01627941276925
21,86.03933848897749,73.01674683876995
21,85.9738170962482,73.01966994413401
21,85.9553099690263,73.01596957091756
21,86.00267334198337,72.98261104612143
21,86.01064828152253,72.97922825400184
21,86.00038932899209,72.98958917576559
21,85.98962562379248,72.9765004833674
21,86.04665955624586,73.00293205627703
21,85.98329683656937,73.02039611782538
21,85.99020200353876,72.98964064790715
21,86.00935975151268,72.97195116297691
21,86.02766064873593,72.98563815357493
21,85.96604667192763,72.9911650219352
21,85.997517011628,72.9854443881364
21,85.99747391465601,72.99855378591884
21,85.97918804293205,73.01953932110193
21,85.99505777372136,73.02506014708462
21,86.00732581600766,73.04179304596217
21,85.99105565296176,72.95678420540641
21,86.0122345045329,73.02057225542022
21,85.97652721803686,73.01855016127925
21,85.98748736734636,73.03050947545601
21,85.96089767276597,72.99676981876122
21,86.04412680745494,73.01694333628502
21,85.95534018352522,72.9855661045599
21,86.048297590566,73.0107353301763
21,86.01774005072842,73.00855136102406
21,85.99591408436127,72.98240636244819
21,85.99975735795323,72.99111688558958
21,85.97157748228743,73.03445846812942
21,85.97720750559594,73.0298023426528
21,86.03296038428344,72.9787871029015
21,85.99590133169623,73.04748015437873
21,85.98808578624869,73.01994320647005
21,86.002583207478,73.01065806899865
21,85.98490070145861,73.02137864251844
21,85.9894547643823,72.99134179840327
21,85.95309993711042,72.99557627367145
21,86.00642194428069,73.03460187727455
21,86.04993834501377,72.9998038713226
21,85.97144837074617,73.02143591935665
21,85.96590007195257,72.9910161763894
21,86.04443172474936,73.02239515576896
21,85.99533542786175,73.00215835592346
21,85.9868171167618,72.97457440647136
21,86.01064291258892,73.0438913767252
21,85.98188480901368,72.993864287886
21,86.01564267773378,73.03948166599064
21,86.02487380555222,73.0362420270599
21,85.99146745127679,73.00114519083455
21,86.00750330881182,72.96889991013558
21,85.979447502089,73.0238361957321
21,85.97431920900098,73.00245330298993
21,86.03134612512059,73.00942937753476
21,86.02737790734338,72.96625987594936
21,86.02242600958448,73.00917427803154
21,86.03692977424272,72.97313775197394
21,86.0411826148218,73.0267175920343
21,86.00132224670519,73.00383220445616
21,86.0217399740119,73.00909425591051
21,85.97994871592931,73.04527765386057
21,86.01233441831263,72.98246060771223
21,86.00527782506481,72.97645590361543
21,85.99409991618566,72.95090802335702
21,85.96963502693895,73.01397010290498
21,85.98462315000236,73.02677417326996
22,86.02583393096211,73.03549494838836
22,86.01606400992195,73.00378585907949
22,86.01855253753438,73.03994511145186
22,85.98678316861377,72.98677071408154
22,86.02191093179673,73.00574174425024
22,85.980295155556,73.0147025810279
22,86.00335989060785,72.97736980715024
22,86.00485939779034,72.99557332648659
22,86.03489685087688,72.96580496609603
22,85.98045721940527,72.96117074890306
22,86.01667881845187,72.98765373218112
22,86.00996289655218,73.01218054409998
22,86.03006999723299,73.0078934998561
22,85.98907009470967,73.00163883360064
22,86.0182982962353,73.00775088291525
22,85.9807426047042,73.02558665580158
22,85.95646865997841,72.9760813220612
22,86.01982368735935,72.98791212843388
22,86.00076225259569,72.99743739980899
22,86.01831847811232,73.03959343430245
22,85.97022621084942,73.01205778047725
22,85.96789168492353,73.00928944651261
22,85.95968525301637,72.99637977119663
22,86.033761642929,73.01843261374378
22,86.027301874482,72.98703146244821
22,85.9821313626584,73.03818407195132
22,85.98227555165126,73.00034818128265
22,86.0274201365022,72.98605912431424
22,85.9660982789752,72.9726422907669
22,86.02707385780474,73.02578952081701
22,86.00907100003239,72.99196086089506
22,86.00991976253727,73.00383531571399
22,85.97991288073425,72.95538783005382
22,85.99683111370128,73.01423817310106
22,85.96350182297256,73.0183485877003
22,85.99231577956883,72.99780107690574
22,85.9720775430484,73.01408009338267
22,86.03296018191679,73.0208836632913
22,85.96802399867717,73.01668927558683
22,85.96535487106745,73.0073367696047
22,86.03727428480232,72.99914984388417
22,86.01460421092061,72.97194882789746
22,85.96726024629534,72.99352762461298
22,85.95971708862801,72.98831187219304
22,85.99486563022509,72.98199211679042
22,86.00716024432734,72.983355152378
22,85.98972521824125,73.00601785423025
22,85.95171802449636,72.98953356901475
22,86.00421790347528,72.9770993628373
22,85.97465905613763,72.97270692540819
22,86.00513014286338,73.0208050429918
22,86.0276277898461,73.0267572001848
22,86.0432454088755,73.01216415898936
22,86.01095967383598,73.00152127363519
22,86.02324907856179,73.0439535679808
22,85.97946136964005,73.00096775528218
22,85.96341770189684,73.0201481086264
22,85.98204475909341,73.00329966663482
22,85.98377839952576,72.97363398439998
22,86.02020938078898,73.01831334083705
22,86.03627387354868,72.98688491501632
22,86.03335058898027,72.97236540949298
22,85.97849435575138,72.96302761182129
22,86.0061197284069,73.0115055041511
22,86.00191454029913,72.98142118211555
22,85.98737880541047,72.96484963396439
22,85.9688216413003,72.97035660000297
22,86.00069200120042,72.98695801935997
22,86.02183269035943,73.00153844196716
22,86.01520083580357,73.02068679826573
22,86.01331654553431,73.02793642760162
22,85.97785595342707,72.96535518002293
22,85.99655547945764,73.00189549360408
22,86.01331654553431,73.02793642760162
22,85.99381237381583,72.99943923865297
22,86.02320699813544,72.99377873107879
22,86.03854554873384,72.9718137601805
22,86.03431612406307,73.00649322835919
22,85.98663260855962,72.9898537921207
22,85.97254675682196,73.03457218862295
22,85.98151630988694,72.97958487349942
22,85.98684264008217,72.97628709797628
22,86.03734784958074,73.00668966391792
22,86.01510356993177,72.99571379659965
22,85.99566630164,72.97148971866109
22,86.00177903234717,73.01367923432704
22,85.97712989624526,72.99162208939553
22,85.96860345842668,73.00048051577991
22,86.04553731646861,72.99832301139764
22,85.9960280163093,72.97762181036046
22,85.975337253332,73.02538762728695
22,86.00487249277121,72.95961448241061
22,86.0407287398375,72.9949756060438
22,85.98612623505869,72.98882927786005
22,86.02148954012041,73.0008770977596
22,85.98139831175126,73.00306029650423
22,85.97895190905483,73.04102556116085
22,85.9613424247619,72.98463323800276
22,86.02625689809807,72.98607490883295
22,85.99540866941616,73.0036037573363
22,86.0001195126461,73.03829911013139
22,86.03281667448283,72.98891138215467
22,86.04570584067932,73.00726294226563
22,85.99866261505979,73.01992403541908
22,86.01359533855991,72.99048203944118
22,86.00348532414249,73.01090278353345
22,85.9614380951675,73.00816815309314
22,86.00291812037517,72.96436574660355
22,85.98279179074406,72.96714841330801
22,86.01461503970803,72.9829137751429
22,85.97364803273969,72.95847649403964
22,85.9634092299664,72.97410257361697
22,86.01505756868849,72.98226847323599
22,85.9898642383069,73.0363357318948
23,86.02752264592128,72.97310794304924
23,86.02472071285986,72.97710791503845
23,86.01704642982213,72.97015810274023
23,86.03708080287169,73.0314814760081
23,86.02301355798414,73.00170766333592
23,86.03175810959706,72.98376124591806
23,86.00114933498746,73.01362310266593
23,85.96494852539941,72.99350607394572
23,85.97761889869825,72.95682581184307
23,85.99141466293759,72.9725387349732
23,86.03265325500664,72.99782020482242
23,86.03410700956438,72.99206854698956
23,86.03730567519185,73.00100426359887
23,85.9564182047773,72.98123835937561
23,86.04651683737568,72.99866319315214
23,85.99264046279299,72.98928171628751
23,86.02385462138643,73.00425489808609
23,85.9675871256428,73.02919908990503
23,86.0395147699114,73.01267180061052
23,86.0078052102981,72.98753065916881
23,86.02116128396518,73.0372631928249
23,86.0443147008946,73.02057312559084
23,86.03453906327702,72.97965758265323
23,86.02837661921777,73.03371460015381
23,86.01649084253951,73.04272646977921
23,86.00792388750757,73.03964227140384
23,85.96742256204186,72.99442538008623
23,85.99485113835776,72.99212586256925
23,86.00301885533477,73.01828754165238
23,86.01216727898333,72.97666902806988
23,85.99605165998437,73.01013365977316
23,85.97931465559931,73.00513487036686
23,85.99526315975642,73.00351034610868
23,85.99982676784224,72.99031454276259
23,86.01212525906841,72.98245908171403
23,86.01882840029936,73.03154638730292
23,85.95657084738362,72.99585479458206
23,86.03614644297153,73.01989178205889
23,86.02603735143458,72.98647017329412
23,86.0404896021993,73.01466282647395
23,85.96037946119952,73.00010202557876
23,85.96479521810552,72.97665974734987
23,86.02594279526978,72.96059462129205
23,86.04306729840029,72.98490675665778
23,86.03919577854957,73.01902050147082
23,86.01479946780691,73.02080157258057
23,85.99692415815291,72.98994872990643
23,86.03837351136625,72.99505797779732
23,86.02422358765546,72.9809025993413
23,86.00872312237186,73.04290876121178
23,85.99637695628935,73.01445831003015
23,85.98694702697122,73.04454027844238
23,86.00510413529419,72.98848841912485
23,85.98385446702595,73.01900365304917
23,86.0041754615713,73.01841977013638
23,86.01749128412422,73.00763728719166
23,86.02714284158083,72.97434949432186
23,86.01701145488308,72.95706423496335
23,85.97359444658701,73.01891935730958
23,85.99652719446063,73.03567614914749
23,86.00567582625428,73.00548985092507
23,86.04148456699592,73.01662341352603
23,85.97588223007597,73.00707417476016
23,86.0094209666169,73.00332321537361
23,85.98572990201167,72.99098534017605
23,85.98783346941568,72.96016975727191
23,85.97997891996563,72.98571766004399
23,85.99391211837181,72.98038185366907
23,86.00425194401926,73.01285397533995
23,85.99237548518173,73.00827250132264
23,85.99792929179422,72.96144508780115
23,85.96579226464355,73.02463239873111
23,86.02019022192013,72.99652568171516
23,86.01152663233628,72.99078186596365
23,86.01288116674984,73.01945443832786
23,86.04207244477838,73.01066901992952
23,85.9849037127321,72.97325049713538
23,85.9853522806412,72.9714068977278
23,85.9936352735713,73.00073745781664
23,86.00455903953697,73.00240449385585
23,86.02174771271386,73.0329121375865
23,86.00564442095387,73.02187939196517
23,85.97250694913139,73.02653918966031
23,85.96068929377596,73.00098674303977
23,86.0271263712977,73.01443954714796
23,85.99564680986974,73.02535122380564
23,86.00691070726286,73.04117461154284
23,85.97997031084333,73.00162288653534
23,85.99899542033579,73.01898560062507
23,86.02588866789227,73.03498334780825
24,86.02256404766123,72.99884136229497
24,85.97676126973452,73.03685825410847
24,85.95499971965224,72.99939907161357
24,86.0004706484954,72.99291257747716
24,86.02024788396214,73.01967504254758
24,86.01402848723667,73.00569522746356
24,85.99642883204838,72.9928661476026
24,86.02071742500668,73.00895196772099
24,85.99529973550482,72.98950846005087
24,86.00887340191078,73.00447796071872
24,86.01455380995732,72.9578017758736
24,86.03943812070412,73.00392199392206
24,85.99050394449031,72.98299394009126
24,86.01817247662163,73.04424733006263
24,86.01247589233941,72.97331670033304
24,85.98106870179947,73.03131770402135
24,86.01332888709186,73.0273011104161
24,86.0049795187354,73.03710940299374
24,85.9834769815228,73.02724909834694
24,86.0379131150886,73.01423247559376
24,86.03276731430174,73.03134599448678
24,86.0133883772386,73.0020381873051
24,85.98233864251142,73.02910872663043
24,86.00989135069854,73.00403765162052
24,85.99258707938841,73.01369949803124
24,86.03350906100589,73.02736291367344
24,86.01413483896654,72.97794174102518
24,85.96292984085721,72.98837510515838
24,86.0086672485118,73.03542656265218
24,86.01918879864148,72.97881773521132
24,85.98743962414454,72.9630604972038
24,85.98158196377172,73.03303601658291
24,85.98729104765843,72.98910224231602
24,85.95403258248747,73.0091144578165
24,86.00569414381154,73.03987464439562
24,85.96183042531683,73.02747716224734
24,86.00424208864916,72.95921983592903
24,86.01403274822209,73.01906463813387
24,85.95395432563132,72.9992437395669
24,85.9820613807045,73.01231744893961
24,85.98352633702004,73.00800995998645
24,85.97965328491958,73.00510855416245
24,85.97026585779814,73.02984688915755
24,85.98957020770739,72.9807728612995
24,86.01750030931248,73.0420207105699
24,86.01910789466329,73.01933571331952
24,86.02118260112418,73.03521031468718
24,86.03248754324497,73.01727576438005
24,86.022341339848,72.9739915762309
24,86.00567335798375,73.03223985358326
24,85.96565178905892,72.9931747493144
24,85.99575086145853,73.02402315558822
24,85.98679519236578,73.00833859786714
24,85.99019488271794,72.99372710762621
24,85.98417512921141,73.02260389294607
24,86.02905875914064,72.99457314963341
24,85.9931620094523,73.02127787196966
24,85.99350897952239,73.02249885688833
24,86.02323022159324,73.0065582136721
24,86.01145178337408,73.00454032849416
24,86.04631077632914,73.00466446701388
24,86.03950250992565,73.00142247852752
24,85.97353124102982,72.98529024704357
24,85.95981747393631,72.99000759515303
24,86.01800304309862,72.95564509392858
25,86.00634577874337,73.0450363951281
25,85.98364743156966,73.00764636720871
25,85.96998996878607,73.03393191614255
25,85.98106347802208,72.99420474059013
25,85.99277212896165,73.04169822225685
25,85.96684273590665,73.03525389957242
25,85.99704714948274,72.96221089203952
25,85.98912863636257,73.01656046144342
25,85.95486016455875,73.01847899404267
25,86.01683244360606,72.99278280796888
25,85.99100538360518,73.00094063400013
25,86.02889789016585,73.0060064949851
25,86.04622351853146,72.99402971592771
25,85.98223075974339,73.02955509637226
25,86.03078918203965,73.03433951781084
25,85.9778097360783,72.98120632494995
25,86.02540422113945,72.95749935786532
25,86.03271301688882,72.98052696710627
25,86.03122691581422,72.96824530825218
25,85.9947233784956,73.03877671781822
25,85.98542674630424,72.99469362652502
25,86.00474150079313,73.01206769691584
25,86.03848413245042,72.98698254216316
25,86.00020679892143,73.01589992326399
25,86.02157953181204,73.02095118730334
25,86.00878700934092,72.97417088173333
25,85.99344886967012,72.99904521807404
25,86.021908797688,72.98518258661673
25,86.00390315145776,72.98592703397573
25,86.01453130441259,72.98831921074037
25,86.03394112079489,73.02692750351837
25,86.04518787246113,73.01712862127353
25,85.95921401504386,73.02882644309068
25,86.01988452607199,72.99794496548543
25,86.04158353847683,72.97598216137563
25,85.9823303715037,72.99752407422488
25,85.96120963496752,73.01307981836621
25,85.97365216670926,72.99411229225757
25,85.99317741146767,72.99522914522092
25,85.97256582925576,73.00167817438084
25,86.0270598931921,72.9990564051096
25,86.0151581103819,73.02497958541656
25,85.98701454424628,73.00185225751942
25,85.99002835292592,72.95545159289128
25,86.02818012337727,72.98779254088743
25,85.99078151056494,73.027210199878
25,85.98481967671972,72.99421948850475
25,86.03130229207557,72.99990874441538
25,85.99564506236862,73.00851282489728
25,85.98133785386901,73.00707147209341
25,86.04040428814926,72.9763604810456
25,85.99398833374386,73.00216688545538
25,85.98660054326844,73.02026959766805
25,85.98206477476722,73.01447102071633
25,85.99621631343568,73.01238020399366
25,85.98065554881096,72.99595533923853
25,86.00209641446202,72.99052389563596
25,85.99105269390746,72.98585518765091
25,85.99947408825467,73.0128541130189
25,85.9941732972921,73.02121319560744
25,85.95978806678103,72.99572795558163
25,86.0034420855254,72.96193038409304
25,86.02986382406189,73.0143675837009
25,86.04400460937094,73.01354018708854
25,86.0169330221545,73.01964493427529
25,85.95823643440748,73.00296004361606
25,85.98739162473399,73.02219658211186
25,85.96735757900245,73.03282823930999
25,86.02173831683784,73.02068467321618
25,85.9940726111292,73.01495662483536
25,85.99284696617117,72.97683770743001
25,85.98515113086661,73.0371801414108
25,85.97397509296874,73.0357895471543
25,85.97054072636617,73.0170366340272
25,85.99509164559699,72.99327470458795
25,86.01373690464791,72.96790315795417
25,86.00014903408123,73.01202687907042
25,86.01928301916067,73.02567656092329
25,86.02184726496803,72.98636042978977
25,85.99403015423242,73.02936169770396
25,85.97579427668185,72.99533464036962
25,85.99483889227008,72.99861385359664
25,85.98737157157234,73.00038229607
25,86.01319752557406,72.97493430984971
25,86.0265222070693,73.03931483198626
25,86.00677225471945,72.97982273147412
26,86.02776168200317,73.00080491402925
26,85.98133126402563,73.02187669900123
26,85.9985521763685,73.01741825872001
26,86.00652885089482,73.04026318520519
26,85.989037315761,73.02054159042486
26,86.00660392445312,73.00389996558367
26,86.00156060415148,72.98159362737448
26,85.97309999736218,73.0253945667035
26,85.99185606319742,72.97566282039108
26,86.03790288706145,72.97330226027377
26,85.95891745529698,72.99702499443342
26,86.01903302761447,73.03230264614449
26,85.96618576857843,72.9872770167614
26,86.03388909753265,73.03063290326276
26,85.99549858827314,73.0095097969144
26,86.03260062637014,72.99034908090881
26,85.97124182459577,73.02792408377977
26,85.9977613165652,73.01268249302068
26,86.04404232513865,73.00417878105007
26,85.98771964214316,72.96823763039923
26,85.99703287339474,72.97028923755195
26,86.04170804573003,73.00195183033634
26,86.00293324799314,73.02190652189722
26,85.99284491888618,72.9755630328563
26,85.95855450717518,72.9736074700045
26,86.00267497928954,72.97427971388102
26,85.98003791576086,72.96400823259245
26,86.02543049460733,72.96299064106837
26,86.00061803731862,73.03521770431851
26,85.97305050479488,73.03959376300207
26,85.98719103669407,73.0088854632183
26,86.01945181699169,72.97402803978693
26,86.02280675315708,73.0078436185568
26,85.97023891972688,73.02483663396586
26,86.00492296201416,72.98104206142996
26,85.98717619888554,73.01970453083032
26,86.00882192025662,73.02230281195176
26,85.99066644507745,72.95499651350721
26,85.99652507741439,72.99888694179785
26,85.96622153368477,72.99433491642912
26,86.03918112878101,73.02706051770163
26,85.99692807163419,72.99717231854119
26,85.99302215730764,72.98138704766458
26,85.98760284311531,72.96954922247569
26,85.95266500215934,72.9908569254756
26,86.00667105354921,72.9794374955758
26,85.98760627798829,72.95337756032046
26,86.01622449530474,72.99978859333496
26,86.01277853744158,72.9831147264338
26,86.02799710097561,72.99988527586298
26,86.00358134346988,73.01677243106155
26,85.9858088525781,72.96862316492451
26,86.03809548408543,72.99493438238501
26,86.03394654558019,73.003583489088
26,85.96628770488424,72.9852074180102
26,85.99661300148459,73.01407319739893
26,85.9564370610645,73.01612319526434
26,86.01750432077424,72.98441308448882
26,85.95969298592615,73.01316972437381
26,85.98265656723314,73.00968929286105
26,85.9956132475665,72.97484328695472
26,86.01244039942871,73.04430922798161
26,85.97557805654772,73.01130018632477
26,86.00097828528594,72.99081672127915
26,85.96264942990146,72.98076644975644
26,85.98455176791958,73.02117443748696
26,86.00890979514631,73.0026116050119
26,86.01416051601007,72.98558059889373
26,85.99711194379648,73.0444686229687
26,85.95201471130319,73.00803569141812
26,85.98053512335714,72.98272916315938
26,85.99729327498082,73.00348511157088
26,85.99347547028971,73.02265197949768
26,85.98355500466786,73.00803798688331
26,86.01504823265445,72.96043660464099
26,85.99386463446696,73.00800544883768
26,86.00407752244462,73.03624359111002
26,86.02565072186702,73.03273376148304
26,86.02593719611383,72.99151044279365
26,86.00100677863603,73.02196420453471
26,86.01056469882359,73.0151475214288
26,86.04214627613412,73.02513084389622
26,85.97686572253686,73.0391505062657
26,86.01508604006007,73.01454382578021
26,85.97452803559521,73.0096025524196
26,86.03842277008575,72.99157651251068
27,86.00185567383477,73.01365502988851
27,86.02493587172964,73.02288950341398
27,85.99286858951946,72.97227538251278
27,85.97431621016278,72.96784784688903
27,86.01683949534778,73.03722298588153
27,86.02906119321615,73.03991622861318
27,86.02901128964764,73.03475377299237
27,86.00751873130031,72.96366404521088
27,86.02399877945686,72.96566076018775
27,86.04140562277139,73.01415127002532
27,86.03458488413088,72.98301756272659
27,85.99631660221051,73.01746261787821
27,85.96293346308455,72.99513313954499
27,85.99526921314501,72.9857604968737
27,85.9885059124522,72.97856437635023
27,85.99770642954303,73.00144832699128
27,85.96929215161282,73.00631291987808
27,85.99203234842643,73.03211889146876
27,85.98225256710118,72.95955483552146
27,86.01815486747128,73.01852666404169
27,85.96044955375392,73.01031052930308
27,85.98468821050524,73.00909473565669
27,86.0025669876384,73.01541782494515
27,86.00697837949303,73.02956285333103
27,85.99580505461499,73.00105033652042
27,86.01250543879812,72.97791617880752
27,86.00128178580262,72.9975328029611
27,86.02149799436508,73.00139847730856
27,85.97396688879032,73.03609021558755
27,86.01692831353598,72.98452649005844
27,85.9902669905352,73.01710427891142
27,86.00898818352611,73.01508628305973
27,85.97562407462028,73.02719888510977
27,85.98306622652622,72.98131034495768
27,85.99611770676702,72.9689605249609
27,85.97124798984954,72.98934660115557
27,85.99158321355533,73.00045532744684
27,85.99040106555589,72.95569005107498
27,85.9932107439294,72.95128197493004
27,85.98666568007155,72.97655816099784
27,85.96959308101398,72.99331797354571
27,86.00543552962296,72.97797853040073
27,86.00454619982963,73.01135395842964
27,85.98855303239505,73.00277311096664
27,85.99352957780094,72.95169110202869
27,86.03047819522004,73.02074526421967
27,86.03914688127658,72.99016328787246
27,86.0127025461795,72.99397447471829
27,86.00704360780612,72.96786900162286
27,86.0124492723469,73.04514382412866
27,85.99200273631732,72.98847771579852
27,85.9807080144408,73.03958812908445
27,85.99444190481356,73.01319162628427
27,85.95441303948861,73.00630588180323
27,85.97282386708018,73.01625029482311
27,85.9749817965669,72.9951303001371
27,85.9598644348466,72.97674476733837
27,86.01550926764202,72.9593164961907
27,85.97683692068985,73.02454872241469
27,85.9591179772256,72.97661654407437
27,86.02123446416365,72.99947987877047
27,85.98551471777137,72.9935653829278
27,86.01955544951188,73.00593804336496
27,85.99322254398288,72.99098938853683
27,85.98301547401283,73.00006541942099
27,86.01402013324261,73.00824859723673
27,86.0186998207056,72.98251289963812
27,86.00905788900087,72.96235604382511
27,85.98746460762663,72.98460873512616
28,86.03033473988867,72.96609308742909
28,86.00392125820576,73.00643957284824
28,85.96171949185293,73.02796527399744
28,85.99381492022121,72.9988913989849
28,86.02438677309436,72.97131105215378
28,85.9848967751243,73.00180367911327
28,86.0082757429522,72.95956417639341
28,85.9977613165652,73.01268249302068
28,85.98614019186284,73.0237243569223
28,85.99747804288943,73.0271022451391
28,85.9655279768458,73.03392257339823
28,86.01886265861522,72.97120821809223
28,85.99920195621443,72.9881040724082
28,85.9787838690417,73.01065303763414
28,86.03598321489046,72.97009634562784
28,85.96938657938118,72.98675367305049
28,85.97999239210571,72.96536307141497
28,85.97629250021485,72.95870758696135
28,85.98152592143504,73.01493943997879
28,86.00944696234926,72.98638956739086
28,86.00339275675553,73.00219312214712
28,85.96557220280033,73.03268838774245
28,85.99081593515449,72.95432333395084
28,86.00465004979488,72.95024301391969
28,85.99717231648033,73.01174572262833
28,85.99952184765397,73.04209339740865
28,85.9850986246081,73.03565417704709
28,86.00731483782215,73.01772800364627
28,86.04690232660231,73.0018340651809
28,86.02843120355874,73.03174684331034
28,86.03710450222383,73.01396665116042
28,85.98730058517475,72.99985801565131
28,85.97380867563385,73.02882597350462
28,86.01131436694617,73.02577691414413
28,85.98780737725299,73.00993623380951
28,85.98570587327794,73.01056160744872
28,86.01196407450196,73.01115327210911
28,86.03650574634737,72.9820480345042
28,86.00349884607787,73.02062222305773
28,85.98333218273775,73.01340473684441
28,86.01117391877521,73.00315255304733
28,85.98843447501265,72.98255903422294
28,86.03620398872631,72.9985436981302
28,85.99060871236989,72.99217797470648
28,86.00280209555218,73.0099640075447
28,85.98756589302995,72.99287372585606
28,86.01817285378151,73.03559816310865
28,86.02158171441454,72.98030996645967
28,86.03925290466363,72.99168951551981
28,85.97906678149641,73.01024410787855
28,86.02598282535276,73.00175099122686
28,86.04643641602415,73.00808914887043
28,85.99071534332,73.0238323876609
28,85.99106128790446,72.98906051747826
28,85.96634029327247,72.96506334738478
28,86.00424203556237,73.00094282145866
28,86.01929081445563,73.02091655844332
28,86.0060940366562,73.01904052203986
28,86.04057055200828,73.02729816796347
28,86.00911945297682,73.00577013482979
28,85.96641465498314,72.96800433170588
28,85.97432411172485,72.95932636321493
28,86.00879638887645,73.0442797945908
28,85.98584646524597,73.03298128299762
28,85.9678153236105,73.00374687177373
28,86.03232834137563,72.97433077368507
28,86.03734626410909,73.00217026633209
28,85.95950521760595,73.01346323600951
28,85.98874778799555,73.02310240840382
28,85.9818469024118,72.98109640833977
28,85.97232708291895,73.00413069409309
28,86.00761916998978,73.02028942818387
28,86.0364884313955,72.99251664478871
28,86.0132037952607,73.00815069868231
28,86.01870248186681,72.9806601759743
28,86.02151982572114,72.96327252425154
28,86.00872117631339,73.01164397522663
29,86.02505337990928,72.97654902051339
29,86.0158010562854,72.99031401158025
29,86.03858787786527,73.03169165714624
29,86.02281970978733,72.97640129878882
29,86.04206684157231,73.01414462093074
29,86.0174819706511,73.00710412008375
29,86.00849560364581,72.95637836187731
29,86.00612601698903,73.01152206101199
29,86.04088691234055,73.01857321173532
29,85.97399267503052,73.02354632701196
29,86.04034179447251,72.97888481364762
29,86.01152663233628,72.99078186596365
29,85.96812004491366,73.01723118848818
29,85.96404906768369,72.97811332794765
29,85.9937264384816,72.99278732880983
29,85.96974926120207,72.9809740737307
29,85.99546999087578,73.0076726733862
29,85.96943901598496,72.9638981361147
29,86.01580594046439,72.98780066528853
29,85.99406488019177,73.02668932627165
29,85.97617262782242,73.01083739178695
29,85.9742218267632,72.97953663504477
29,85.96888513193696,72.98220750286045
29,85.9700770845311,72.99829612873499
29,86.0179675701727,73.01280162241257
29,86.03588744867426,73.02489702386897
29,86.01813230363301,72.9795592124845
29,85.99044973254736,73.01979631300533
29,86.00922626541238,73.00274368767329
29,86.03494028910265,72.9656128044392
29,86.0379459857646,73.02047274753112
29,86.03926560533196,73.00602967484534
29,85.9868067212961,72.97578606736933
29,85.95554393295696,72.9945044413725
29,86.02670859750744,73.01142152923715
29,86.02782751891044,73.0225316545909
29,85.95764998177741,72.98456901400601
29,85.98407738408639,73.02546513771551
29,86.00382602311724,72.99513701997395
29,86.02282271228842,73.02492508965844
29,85.9502304425774,72.99650220881574
29,86.00093409436863,72.95572370825741
29,86.00307005450001,72.98579690249262
29,85.98033481342871,73.00722213018626
29,85.99852476157214,72.98135919744992
29,85.98689248716893,72.98887377989111
29,85.99381790937338,72.99775659880595
29,85.97896544941823,72.99101196535115
29,86.0256574239873,73.02554025212306
29,86.04508349681174,73.01723478891101
29,86.03636287516768,73.01398616813943
29,85.95244551110106,72.99736166713707
29,86.01595349444499,73.03899620418503
29,86.01053599303785,72.99857058677173
29,85.96250639665676,72.99312958508224
29,85.992364413115,72.9690644882506
29,86.01087338083194,72.97433321429888
29,86.01273464036933,72.9792269686911
29,85.97384196233273,72.98846815508882
29,86.03283368395242,72.97856669722907
29,86.02487380555222,73.0362420270599
29,86.0085612928517,72.99534610603418
29,85.98370968141651,73.01610344816548
29,86.0053769587137,72.97329313239034
29,85.99277112710682,72.96190754766559
29,86.02288641023961,73.01814152130072
29,85.98285525398686,72.98408937928242
29,86.02749947752419,73.02513097820096
29,86.00105923683746,72.98401405531817
29,85.9745651583549,73.0143681461091
29,86.04651683737568,72.99866319315214
29,85.98958971729026,73.04248642619183
29,85.98209582751666,72.95518730780505
29,86.01387140748389,73.03029838015108
29,85.9813845974571,73.01201422382984
29,85.99097190490131,73.02551674128625
29,85.9828967764175,73.02935168563458
29,86.00327043274257,72.95395361064828
29,86.0059560697927,72.98420332042856
29,86.01191285353444,73.00729507686175
29,85.96544556083522,72.97085050097334
29,85.95634599837412,72.98473820189407
29,86.00505969025035,72.96420737937746
29,86.04081407165546,72.99042740466955
29,86.02022958538556,73.01586914753217
29,86.04279138562586,72.97767964711345
29,86.03078471488524,72.97483738305918
29,86.03140954754474,72.98164180320911
29,86.01576009239952,72.99117792692674
29,85.97901079465065,73.01064038244621
29,86.01762987383717,72.9954200084729
30,85.97597561427186,72.9947163342879
30,86.0227268195851,72.99327710394046
30,85.96683881942371,72.98386875522876
30,85.96783169465472,73.00048273770564
30,85.95748487525498,73.01293271726757
30,86.01709494675433,72.97414323209892
30,85.97702973850821,73.00932100412192
30,85.97357543205128,73.0002276687962
30,85.95474379987607,73.01340806277437
30,86.00730821995498,72.99982570004268
30,85.99683854162788,73.04682590045994
30,85.99999180687914,73.03733122663313
30,85.99554339182387,72.98512827689281
30,86.0272099149106,73.00971243054856
30,86.00261832611845,72.98045376446787
30,85.9533573565433,73.00777330469255
30,85.9971925337959,73.01175082759279
30,85.99062177759215,72.98903865508574
30,85.96866186831693,73.02669677669803
30,85.98546709270545,72.95306379326385
30,86.018152370502,73.0381538565742
30,86.01091659661506,72.96762462164438
30,86.02614540060122,72.97506939940367
30,85.99148244572702,73.01107925049055
30,86.00513003121804,73.03907034381061
30,86.00370923663559,72.97644959246938
30,85.97431817384302,72.9656585181735
30,85.99298777093863,72.97859934991332
30,86.00619431014812,72.98375841818232
30,85.96188954758183,72.98752035585717
30,85.96211694511484,73.00896313648303
30,86.01967620434296,73.02022107260285
30,85.9856339643711,72.9846362525735
30,85.9888740445294,73.03484093919784
30,85.97575662138401,72.9883986975806
30,86.00990134427994,73.03625663843296
30,85.98619539704703,72.97509605030478
30,86.04383143768425,72.98305117838063
30,86.00959925656942,72.9916786026127
30,86.00317520270909,73.02115391893749
30,86.02715236249287,73.03045221746333
30,85.96281675699905,73.02948464385241
30,85.96390886090171,73.00240107152919
30,85.98526120768581,73.03734157232394
30,85.9928786214353,73.0329053298449
30,86.00076773617431,73.02579770063274
30,85.96880332527402,72.96930757987069
30,85.97872246563175,72.99984031735025
30,85.98977051306514,73.04774291637305
30,86.03263544380697,73.02867644500128
30,86.01470662813958,73.04195684858601
30,86.00474781885949,73.01752895691952
30,85.98984315056693,73.03037944553387
30,86.02920786775582,73.013124164072
30,86.03192469367565,73.00720524889424
30,85.9959398797023,72.96200668489101
30,86.00962506773308,73.0212875429259
30,86.04151681858922,73.0207833549577
30,86.0378293518237,72.99635365283794
30,86.03063660093335,73.00321670227798
30,86.03148087007396,72.99235981639029
30,86.00396094109898,72.95879854001412
30,85.99813845222474,72.9634481418156
30,85.96752660872592,72.99089668369922
30,86.04109886171223,72.97393112044259
30,86.01308565350857,73.0023094035938
30,86.01306442129034,72.99314044735472
30,86.00227114061464,72.95355438106745
30,86.01191083792756,72.95918349088066
30,85.99959576107955,73.04260979534898
30,86.0111979135444,72.99286312342306
30,85.97611118018229,72.99756049188044
30,86.01682245284931,72.98215123072448
30,86.0270234030453,73.04182405763092
30,85.99590667358419,72.97481680390862
30,86.01720650164195,72.98303405593272
30,85.98195870707954,72.97252164826781
30,85.99100971831598,73.00290431335718
30,85.99905621406714,72.98293870982506
30,85.98962824781808,72.9854582237626
30,85.98701880001437,73.0440550609931
30,86.02353149895413,73.04314711650444
30,85.95950521760595,73.01346323600951
30,86.04071634501764,72.97421113540123
30,86.00487126776886,73.019566575518
30,85.97220670102219,72.95919567905736
30,86.03670724054315,73.00957271782603
30,86.00306858601786,72.98501011927632
30,86.00238835165514,73.016491366051
30,85.99946229497267,72.99917839910101
30,85.96638129071793,73.00715889622374
30,86.00466676674222,72.96195472972113
30,86.01156931964776,72.98387082229821
30,86.02950294648748,72.97383632828956
30,86.0127294657495,72.97729737019408
30,86.01862965886257,73.04285419323189
30,85.97178846470729,73.01135212151172
30,86.04631077632914,73.00466446701388
30,86.02670826952621,73.04221184112927
30,85.97942920211389,72.99128318236961
30,85.97097421226019,72.99361181187767
31,86.00828083335821,72.96729587108732
31,85.99549980691869,73.0364715744769
31,86.02620721808907,73.04029074301575
31,86.02828001946307,72.99758393257653
31,86.01353235930837,72.9875454473318
31,85.99438497246769,73.00615363464692
31,86.03358868165417,73.03376650623427
31,86.03933054959802,72.98101464720793
31,85.97182455915214,73.0230076725825
31,85.9870722345233,73.01645106743413
31,86.00133955662723,72.95078229124124
31,85.97416300166547,73.01251836806269
31,85.99764048133822,72.96528518459675
31,86.02166087917828,72.96703732179185
31,86.00646496769231,73.02739579125212
31,86.02135771735774,72.99685906213485
31,85.99720422220562,72.96920267677142
31,85.9716110300252,72.9807190548949
31,86.02573746079517,72.99764426057024
31,85.9875422259056,73.01612136337127
31,85.99221008070042,72.97853276897273
31,85.97532943735628,72.97925573351321
31,86.00570590696364,72.97708522599368
31,85.9634674835047,72.97438535027918
31,85.98073102006411,73.01515499416558
31,86.00872199015497,72.97548126270696
31,86.02248480287085,73.0298202520479
31,86.03576676720722,72.98585629929597
31,85.99947870780103,73.02636736644587
31,85.98262641783367,72.9800841875971
31,85.96004456990156,72.98292149531197
31,85.99438123344943,72.97596236888164
31,86.00255260946606,73.04339357418772
31,86.01878454397696,73.01631863512084
31,85.99485896800695,73.00193283271318
31,86.02883887593303,73.03405004383991
31,85.97243420715309,73.02831585139357
31,86.00163483196522,73.01273234712134
31,85.9826364742009,73.03625865548754
31,86.03173187005316,72.99187955598191
31,86.02233191667759,72.96772539662051
31,86.03558175153098,72.9807348962645
31,86.02077022553405,73.0419817370651
31,85.98148518890704,72.98730571440754
31,85.98116829242292,72.96871266495735
31,86.01747507162099,72.9933726392164
31,85.98015732980986,72.99301848653296
31,86.0216906873287,72.95759202110585
31,85.99576626767549,73.00956953483302
31,85.98567965720548,72.99135271244438
31,86.00251218297073,72.9829669933254
31,86.00887542597519,73.03118450276372
31,85.9513906666322,73.00836245065972
31,85.96183042531683,73.02747716224734
31,85.98075396699409,73.0405944188192
31,86.00997926067187,73.00773961284573
31,85.9787413057726,72.99871970392995
31,85.97593214660759,73.00106775872212
31,85.99976117371966,73.03057203480726
31,86.03190392667854,72.96155580134203
31,86.04262280404906,72.97524986691964
31,85.99773059575867,73.0277962709742
31,86.0106631382788,73.00160041316151
31,85.99949668480907,72.97410375501549
31,86.00174499483325,72.99727681338787
31,86.01905033388259,73.01677603135292
31,85.95330341792686,72.992529945923
31,85.98624019742304,73.0053453389798
31,85.99617555460907,73.04833490320465
31,85.97705953600985,73.02688280062077
31,86.01249303750927,72.9955862011493
31,85.99357441520131,72.97503596094933
31,85.96281510268054,73.03214370158703
31,85.99048167027081,72.95244722697878
31,85.99330924671042,73.00241275373357
31,85.98789259067998,72.98072287837257
31,86.0379741763642,73.01842712555872
31,86.01118706645354,73.0129800989855
31,85.99147349664291,73.00241322045719
31,86.00843919968734,72.98842964352878
32,85.96065187810422,72.96935580255288
32,85.99727361226705,73.02725683640652
32,86.03525077054866,73.0144122511924
32,85.99165819603178,73.00937052996602
32,86.0180474547437,73.00334624859838
32,86.01677986411683,72.95738390907718
32,86.01080535063733,73.04740965681917
32,86.02605391784267,72.97085504740124
32,85.99822369952012,72.98095762634917
32,85.98859981174968,73.02607110392607
32,85.99389049941018,73.02339189806645
32,85.97829388133718,72.97156070261332
32,86.01224473361131,72.99495132754718
32,86.0419386341754,73.02564316470009
32,86.02704418238359,73.01875776268965
32,85.99327162895877,72.99273018494074
32,86.0205638289746,72.96509899995384
32,85.97039876582906,73.00975778610322
32,85.97317207650904,73.02864790021478
32,86.00965990766215,73.00813629951801
32,85.97380527339594,72.99505992955181
32,85.95842121775937,73.01260353848346
32,86.03403782587968,72.98198659578803
32,85.97670527621355,73.0227243379126
32,85.99404532997968,73.02278050072708
32,85.97556048401002,72.97898788965742
32,86.04047533498236,73.02201500153191
32,85.95626065764512,72.98692219906835
32,86.00246047993595,73.01302193658167
32,85.96798563077029,73.01647894858246
32,85.97361266236302,72.96876411688022
32,86.0146655919182,73.04536629179506
32,86.02394249890962,73.01172751581407
32,86.00301885533477,73.01828754165238
32,85.95988985325813,72.97525439776855
32,86.01224366832737,73.01126342218227
32,85.97363019914394,72.99346882700388
32,85.95763514704292,73.00738551402833
32,86.02980061478203,73.03227643942378
32,86.00818685965521,73.0315084978496
32,85.99096537495612,72.96918517773508
32,85.99447953721187,73.00617016803677
32,85.98543279831051,73.03617383594353
32,85.98547947577923,72.97869076313087
32,86.01369399517213,72.9610677342787
32,86.00009327870785,73.04312392200073
32,85.99693663689628,72.968129288464
32,85.96422030156664,72.9876307091015
32,86.04028414099773,72.98207808880727
32,85.99623722314439,73.01494547768986
32,85.98096038789234,72.99983646648862
32,85.9787838690417,73.01065303763414
32,85.98916028151396,73.01404634656386
32,85.98854988213068,73.0175810155552
32,85.98770744043898,72.95817050705335
32,86.04049025890346,72.98750753579955
32,86.01074738812684,72.97388223776217
32,86.0223939001988,72.96169171215057
32,86.01453292447721,73.01728126566117
32,85.9928686458012,72.98233645732564
32,85.97548161990179,73.03510775624864
32,85.98817087811959,72.97899627896979
32,86.02105251889765,73.04014532900698
33,85.98471676597642,73.00772821728498
33,85.97309525480692,72.97518517542953
33,86.04036076892284,73.00519615776851
33,85.95231968216477,72.99128937171125
33,85.98773884651094,72.99620922092429
33,86.00258026124497,72.97921248702615
33,86.00402587715071,73.0486385998014
33,85.9838736546724,73.04054693110373
33,86.01741048526074,73.02351706244227
33,85.97707046781083,72.97743091555445
33,85.99851328672943,73.03416203581408
33,86.04193537150226,73.00830633884311
33,86.04122459581819,73.02532256319431
33,86.02159469366552,73.02432713969016
33,85.97988019756838,72.99815978292482
33,85.9953021285779,72.99810461352439
33,85.9588891714592,73.00012713536776
33,85.96380905261539,73.03010029037313
33,86.02072658197433,72.96962909239407
33,85.96211041812282,72.96891464391824
33,85.9758331201052,73.0213386758562
33,86.01602618360181,73.02606593567432
33,86.0092772080784,73.01261659905127
33,85.96627878869907,73.00473249818472
33,86.04021016138746,72.99071357909538
33,85.99406024214571,73.0133551466665
33,86.01085734344217,72.98086612207094
33,86.00999115485864,73.03048242539579
33,86.03020030689393,73.03810791905794
33,85.95196360804255,73.00013092228161
33,86.0122824594824,72.99653118560711
33,86.02209296596477,72.98286243977954
33,85.98685081980811,72.97466452219007
33,86.0124441488669,73.03578786430752
33,86.01548335409221,72.97802668361764
33,86.00297118207058,72.96237677888733
33,86.0090150854633,72.97120375298276
33,86.03803129242287,72.98361428242858
33,86.00376500414065,73.00873818248758
33,86.00814337528828,73.00599106347092
33,85.98084202054757,73.01055146301982
33,85.99979831027031,72.99861938129322
33,85.99856145217126,72.9714953007964
33,85.98619423439091,73.01486593923906
33,86.00445049868328,72.98229872169944
33,86.00249838306434,72.99400114460533
33,86.01431339213322,72.97050991916194
33,86.04495480213768,72.98858684780551
33,85.97955776802502,73.01360491700257
33,85.99347212943597,73.00016698137847
33,85.99200899360292,73.00269692172591
33,85.98365595869146,72.98898779980041
33,86.03097874176343,73.03909895932549
33,85.9923282664343,73.00756483006761
33,85.99724317857189,72.95170236828092
33,85.96428470555563,73.01404961326884
33,86.01002454847111,73.00101586599405
33,85.99204327373765,72.9990181222591
33,85.98875894272649,72.98107817720268
33,86.01525730768735,73.01504056453278
33,86.04025227415693,72.98225152645259
33,85.98023849994628,73.0177966823014
33,86.01978671799313,73.03920271996381
33,85.9690628560601,73.00997857118848
33,86.00791383495108,73.00149724727795
33,86.00167700464128,72.99294789263715
33,86.03257955186842,73.0334692045631
33,85.99414947706795,73.03363677663938
33,85.96710644463096,73.03695422561046
33,85.99240201950971,73.01307956583979
33,85.98039182371609,73.02476251707385
33,85.98097497866902,72.9919319806908
33,86.01421194436861,73.00908715601992
33,85.97997961743478,73.01633373869835
33,86.02081791915282,73.02545084621367
33,85.9883742305745,72.99687522587844
33,86.00657850153925,73.02399961810347
33,85.98529734560148,72.98669254749518
33,85.99988940272351,73.00806298839413
33,85.96156582307363,72.97506943443511
33,85.99033983266503,73.0121907197479
33,86.04333955149323,73.0137593136081
33,86.00660092448958,73.02940101861415
33,85.96446193857763,72.9756972539463
33,85.9919942283238,72.98534793437425
33,85.9967541198088,72.97519959914155
33,86.00718740378856,73.04461544292332
33,85.95367503689096,72.98316559560561
33,85.96537687611841,73.02452051113757
33,85.9755833411655,73.01740187905202
33,86.0127294657495,72.97729737019408
33,86.01814846671104,72.99718133899331
33,85.95814596831828,72.97816526938627
33,85.98994430127863,73.01073769383011
33,85.97677301903775,73.00596502839097
33,85.96083138724458,73.01033366779407
33,85.9794988080978,73.00818126357792
33,86.00749235499777,73.01804799431676
33,86.0206072645186,73.03019684301938
33,86.02501248671122,72.98798709923433
33,86.01551841877848,73.0069345754463
33,85.99093847525226,73.02744579485932
33,86.0141166945236,73.01847077740369
33,86.00761916998978,73.02028942818387
33,86.02398713423261,72.98753407290341
33,86.03153462336498,73.024437842525
33,85.99855295714148,72.97534120986994
33,86.00091559382916,72.99003081163646
33,85.97983528929586,73.03453218981727
33,86.00696392948012,72.96224597918055
33,86.0120739037467,72.98538723088379
33,85.994932559926,72.98185639025847
33,85.97071787568636,73.01534565095584
33,85.99487844223307,73.00864084273651
33,86.03351914666963,72.97604786182974
33,85.98069005158773,73.00919888722227
33,86.02825700288443,73.04025564379693
33,85.9741307377513,72.99079205154531
33,86.00764156028637,72.95860856751416
33,85.9869657732719,73.03262618689507
33,86.00865058550073,73.0312062598086
33,85.99560906926213,73.01316007461594
33,85.95617763921364,73.00723867609786
33,86.00725843975597,72.96684035302529
33,86.00218557237145,72.98799930213116
33,85.98439255460477,73.01162033590619
33,86.0077932084768,72.98122464726242
33,85.9765105071816,73.02688665201504
33,86.02796244496135,73.0170230311815
33,85.98950867815253,73.01223246118383
33,86.01593589115923,73.01036216372394
33,85.99646387963293,72.98576406499186
33,86.00747529509043,73.0044459714453
33,85.9735033883195,72.97991219408371
34,85.9819500924563,72.96808707944969
34,86.04437036581416,73.01901487113226
34,85.981009428482,73.01726883360865
34,86.02264938114817,73.02891810521503
34,85.98662909448254,72.96591000488554
34,86.0405770635341,72.99671136664739
34,85.9895718613792,72.98523729340499
34,86.03692977424272,72.97313775197394
34,86.02289847664821,73.03761237126393
34,86.04294005086327,73.01505480945784
34,85.9820613807045,73.01231744893961
34,85.98349719057308,73.03257552242232
34,85.97416722273383,73.00502863435393
34,85.99972506070037,73.04690989166174
34,85.97315445271387,72.96984835104264
34,85.99080801225139,72.95222027518712
34,85.99134091862769,72.99853687142274
34,86.04603876967096,73.01339693098818
34,86.0103463036644,73.01242105018834
34,85.97549141895685,72.99917016838734
34,86.01319163813596,73.0003366561813
34,85.96387340072998,73.02796082199224
34,85.98342371400243,73.0414240816765
34,85.96699180810559,73.03162573122002
34,85.98734830678717,72.97309508210434
34,86.0047370511295,73.01803452152686
34,85.99287776412064,73.04418981897544
34,85.95465667350807,73.01583608791151
34,86.0253171190236,73.03955705573934
34,86.0205626395724,73.04087524210429
34,85.96951124625443,73.00544323984009
34,86.03581517084248,72.97809753658599
34,85.99019739422594,73.04712108494176
34,85.9737408661806,72.9703462572294
34,85.97333722623662,73.0287116846189
34,86.00126450914392,73.00612743820862
34,86.02891546767385,72.99928113270774
34,86.0110746317591,72.98229144579355
34,85.99187820386769,72.97335943430484
34,86.03769960615797,72.99005121942771
34,86.03708080287169,73.0314814760081
34,86.01788905257206,72.97426523953577
34,85.9613994934043,72.98412958273697
34,86.03019049746226,73.00224042658672
34,85.98560508973132,72.98308110849307
34,85.99074025118537,72.96038931843097
34,85.98798224511727,72.97913121936936
34,86.02364644271546,73.0383217086356
34,85.96199082659004,72.9794632936309
34,86.01750766024017,72.99957274699247
34,85.96028946228782,72.97115761779423
34,86.023254224451,72.99665590400595
34,86.00966703967192,72.95879619247508
34,85.98058842902905,72.963252047967
34,86.00099352628698,73.01285118659025
34,86.02630181866267,73.0179483503369
34,85.99052544964758,72.98170325531248
34,86.04487021730436,72.98329212136676
34,85.99039329107534,73.01644531145418
34,86.01134743064925,73.01252728278781
34,85.99142670731757,72.96985363919488
34,85.9891051340519,72.96914995999917
34,86.01468034926819,72.9552136096707
34,86.0223388776916,73.01130116056886
34,86.01733221116827,72.98921609663113
34,85.98547424176854,72.9970223059411
34,85.98487696092086,73.03285677936867
34,86.01973559623929,73.0155018481509
34,86.02187297053334,73.02663611093446
34,86.02615590812461,73.004074972905
34,85.99278742678014,72.96721212549649
34,85.99975735795323,72.99111688558958
34,86.02551263144895,73.01182381238972
34,86.01898036431083,72.98114515504413
34,85.98285842995914,72.98150182203217
34,85.9630789792686,72.98209241264702
34,85.98200575591603,73.01944390199753
34,86.00156575809476,73.04909409069086
34,86.01692726173377,72.97999666698922
34,85.99674655937932,73.04018878638401
34,85.96753554237849,73.0313151633753
34,85.98831111649498,73.04374529544201
34,85.99499663831574,72.95769506241393
34,85.9967541198088,72.97519959914155
34,86.02918120425383,72.95978360650851
34,86.01015293625599,73.01195903105666
34,85.97678934380332,72.99146404399286
34,85.96085910814756,72.98872183671546
34,86.01064249541054,73.02302208071384
34,85.9555043338168,73.01258995621845
34,86.01154822552118,72.9720347490225
34,86.01141158145074,73.01881738785747
34,86.01223700305405,72.99752220980004
34,85.98334069763389,73.03313839534589
34,85.98600338770969,73.00649006340157
35,85.99016340388181,72.9958849256344
35,85.97812089832297,73.01264664897484
35,85.96846281071663,72.97185599780958
35,85.95768052766236,72.99327248764385
35,85.96821169533976,73.03524247091627
35,85.98013646414995,72.9870694787449
35,85.95958894847875,72.99775337503041
35,85.95404782564137,73.00621749655137
35,85.96995588162547,72.97819127080298
35,85.96346777631751,72.97320318289692
35,85.99314513674284,72.99276524289994
35,86.01013471725008,73.02357495355409
35,86.0428799663944,73.00023841345876
35,85.9858696499575,72.98998829811356
35,86.02359370379055,73.02835072756913
35,85.99165992655784,73.04338088267504
35,86.03734626410909,73.00217026633209
35,85.99442107289943,72.98034743474258
35,85.95871023918274,72.99208470083123
35,86.02132865285567,72.96377730271914
35,86.03721549314183,73.02090938533625
35,85.990334354331,73.02344626603964
35,86.02907934904898,73.02970978185769
35,85.98569807264866,73.01038626362183
35,85.99322943702089,72.96444454790947
35,86.01952119154308,72.99514462997483
35,85.96507376873932,73.02565310449049
35,86.00322013511142,73.04563306107546
35,86.03935341304111,72.99827667223356
35,85.9745321217532,73.02214277646142
35,85.95640124166057,73.01944205461594
35,86.00502305015429,73.01292338799122
35,86.04019025262694,72.9979012289946
35,85.98430819644315,72.98337803661664
35,85.99740891141447,72.98833279305686
35,85.99989214791435,73.0320047023857
35,86.00965446976957,73.00177208467086
35,86.01606652480203,73.0042490920714
35,85.99703887846152,72.99734958394893
35,86.03608491126245,72.982793422709
35,86.01853472003903,73.04171559135071
35,86.034693175609,72.98193677509302
35,85.99582063391514,73.01233973044738
35,85.98738327697082,73.03049834550662
35,86.01503347012756,73.03784967954907
35,86.0192468782597,72.99911133598414
35,86.01365108119349,72.96510774063168
35,86.02399717478517,72.98292124197005
35,86.02166175606145,73.00515879213899
35,85.98230240777261,73.04117273200426
35,86.04435277278368,73.01288814718356
35,86.02032138152832,72.95775124317649
35,85.99636074624756,73.02345509716348
35,86.02722547753085,72.97792823882088
36,85.98387663059115,72.98471632308241
36,86.0010098461313,72.999319958555
36,86.01164835801734,73.04146812184459
36,85.99967503235781,73.04532227623618
36,85.98264761573425,72.95914865126664
36,85.98309617941399,73.01451228382231
36,85.96455883702441,73.02762537236242
36,86.00401174170521,72.98447681243023
36,86.00529980121914,73.00927777863923
36,86.01828355306601,72.9729952073484
36,85.99310574962998,73.0294869705924
36,86.02242168123975,72.98833157876625
36,86.00258116846078,73.00124604082416
36,85.99519848201005,72.99316244210753
36,86.0274969277008,73.01976498730116
36,85.99303018323346,72.98120419686872
36,86.0217791422211,72.98365826409724
36,85.99861434746154,73.01465383522088
36,86.00643851328405,72.98106832659376
36,85.98416296018904,73.01335080282664
36,85.96014066927457,72.98925308371206
36,85.96872936744442,73.02106722802844
36,85.97891684386049,73.03199586372101
36,85.98608531563244,72.97386950699267
36,85.99156836164619,72.9911418844465
36,85.9950930994144,73.00027012927656
36,85.98568873281631,72.95723493682729
36,85.9975376040958,72.95143499710126
36,85.98204855345386,72.9713787027666
36,85.96974753011811,73.00481514671125
36,86.02831638003825,72.98120953113161
36,85.96263220833877,73.00873859606236
36,85.99435902168993,72.9607935338547
36,85.98677582253342,72.9943053130102
36,86.01430290014682,72.98754082386982
36,86.0403849488851,72.98644403874015
36,86.01765909166006,73.02128384452912
36,85.98033177751456,72.98499483063014
36,86.01586873091702,73.04488129360753
36,85.95814230570292,72.99020267411198
36,85.97949327533475,73.00804842823761
36,85.9770220689465,73.00422612867823
36,85.9568298329939,72.97516305660623
36,85.96926986088287,73.01929556418708
36,85.99258707938841,73.01369949803124
36,85.97703252082674,73.01000673575095
36,85.97820589577451,72.97828095910252
36,85.99761771760937,73.00042327738828
36,85.98051254491335,72.96236180902277
36,86.00150716158826,73.00584626141251
36,85.96507376873932,73.02565310449049
36,85.95576359626851,73.00516280909427
36,85.96281675699905,73.02948464385241
36,85.98513729397223,72.98643120700636
36,85.96979613004385,73.02957664685384
36,86.0008713442754,73.04748687303433
36,86.00513443580584,73.01864259438162
36,86.02556849221956,72.99605822958057
36,86.00362141948632,72.98810722567679
36,86.0229620096476,72.97886525859418
36,86.03779843633475,72.9928184403995
36,86.0096277059337,72.99681669941906
36,86.01394077775896,73.03624367668817
36,86.02242535993203,72.99646231271932
36,85.98656841273386,72.95668619330696
36,85.96165844753948,73.00946128834072
36,86.02129025719474,73.02817279548303
36,85.98676853514573,73.0292638823913
36,85.9993179912918,73.04987975198304
36,85.97614082940552,73.02219059684188
36,85.96219903924457,73.00043506667616
36,86.02978003091268,72.99115201021418
36,86.0446432148718,73.0033665170433
36,85.97647210095819,72.98299763315326
36,86.0278758423373,73.02580645444316
36,86.03572255007028,73.02388963365478
36,85.98542674630424,72.99469362652502
36,85.99282863694836,73.00585731154007
36,85.99823417490008,72.99865686299803
36,85.99168428109485,72.96985246254222
36,86.00037380568594,73.00356942460326
36,85.9613090311002,73.0269363020223
36,85.96962778432197,72.9956365035859
36,85.97257347164866,72.96848079866047
36,86.03419319193563,72.9816231482201
36,85.99709150808522,73.00118333352638
36,85.97999239210571,72.96536307141497
36,85.95965516170381,72.98694914786525
37,85.9949908091741,73.00741602910716
37,85.98134846773024,72.95845063272712
37,86.04099520655716,72.97328938752561
37,85.96355537531926,73.01073340069449
37,86.02290881279256,73.04406677837414
37,86.00502305015429,73.01292338799122
37,86.03181029674793,72.97834463296148
37,85.95825817440593,73.00526563254051
37,85.98481967671972,72.99421948850475
37,86.02140721114714,73.00442304174277
37,86.01125715893527,72.97423927285223
37,86.02505909757288,73.00491599838247
37,86.0059993195003,72.98227278002601
37,85.97252336343658,72.98654654485964
37,85.99437184519252,72.97907358076641
37,85.9830179063783,73.02005243416221
37,85.9653102754227,72.98171324951475
37,86.00145125465978,73.01169680246164
37,86.01195432204491,72.98597627646238
37,86.01676733936746,72.98160394143149
37,85.97904594552537,73.01935105138496
37,86.03057622951633,73.029553266811
37,85.97638285860965,72.9976858391757
37,86.01948410889229,72.95604681265677
37,85.96679685337588,72.99480095179582
37,85.97090868236295,72.96065598749617
37,85.9913817930176,73.02492476688913
37,86.03144310988934,73.02268826792792
37,85.97329107754874,73.03800261835742
37,85.99114094436888,72.95382222167312
37,86.01003869397135,72.98719749756657
37,86.0023540425793,72.96188579709164
37,85.98046260642498,73.01865302419394
37,86.00074918680963,73.00061816186944
37,85.9621141764195,73.02610490041145
37,85.9697723751301,72.98472270524464
37,85.98892023504794,72.95631059408542
37,86.01779870706478,73.0258691109767
37,85.98936074741188,73.02483465541536
37,86.02716188730682,72.97394741543967
37,86.00933904159797,73.03527807379888
37,86.03857658284534,73.02313383886856
37,86.03704711946524,73.00643683849717
37,86.0375618243551,73.00616055861511
37,86.0261401402396,73.01433906818555
37,85.9832495418036,73.00482277937206
37,86.0192536003051,72.96179111931438
37,86.02931503906296,73.02521618535422
37,86.02813089880807,73.00694645379323
37,85.97482091868108,72.98870972346894
37,85.96176747750873,72.9809365621038
37,86.02062145667911,73.00278260416194
37,86.0253202130828,73.03403088495165
37,86.01580430259484,73.01065456271076
37,85.97288794525807,72.98629719687764
37,86.0003384877813,72.95234970271704
37,85.99031272498692,72.95117373941268
37,85.97981270945603,72.97060942115887
37,85.99588609137336,73.04648259168043
37,85.97928106419235,72.96979452072868
37,85.95675649526906,73.01992798765598
37,85.96714763064355,73.02113254452517
37,85.997437079351,72.98169168732387
37,85.99158321355533,73.00045532744684
37,85.98097497866902,72.9919319806908
37,86.04831111265216,73.00541189959034
37,86.02810710831947,72.97264978074497
37,85.99855295714148,72.97534120986994
37,85.97203532624282,72.98975348627825
37,86.01380198067203,73.02337365753922
37,85.99694713108455,72.989763968115
37,85.98997552691712,72.97072201874282
37,85.98969183173207,72.97608700565522
37,85.95891860266146,72.9743424799824
37,85.99791303922585,72.9934850120119
37,85.99371389552607,72.98423508308913
37,85.97998230530835,72.95791395355451
37,86.0302396719177,73.02246811731611
37,85.97653455492039,73.02489952289544
37,86.0027761939249,72.97183647887864
37,85.98047848074316,73.01014165446462
37,86.00996843227054,73.02653569386494
37,85.99548178298332,73.00215477096027
38,86.01540755086481,73.02192835410008
38,86.02250246866483,73.02440448898639
38,85.97450599885721,72.98274455615709
38,85.98730246584564,72.96670325305747
38,86.02299530255063,72.99675793923116
38,86.01841756311006,72.99732803971673
38,85.99486131578573,72.98917123954107
38,86.00697036883064,73.04279837745902
38,86.01159205221303,72.96521351058796
38,85.96542130666002,72.9753623753614
38,86.01562065671705,73.03570861921115
38,85.99122245391726,72.99841436518714
38,86.0365486923981,73.00522657568675
38,86.01974108163907,73.02971113776772
38,85.97111993063645,73.02472298156361
38,86.03223073583948,73.02458744833964
38,86.03519392142087,73.0153881815997
38,85.9826106354269,72.96012485831143
38,86.04573399888845,73.00245240587876
38,85.95662576539571,72.98380306733236
38,86.03663844812273,73.02864973584094
38,86.04138303051575,72.99451402436223
38,86.01277516582765,72.95586967941885
38,85.98523126056399,73.01384271016596
38,86.0101030569123,73.01490502807462
38,85.96767628585579,73.02797890923343
38,85.96112148085058,73.0097606026991
38,85.98412058378227,72.98492250460005
38,85.99783746409074,73.04065770252791
38,85.96307683203473,73.02006527069506
38,86.01197010004171,72.96624162298427
38,85.96330574620335,73.0153888128182
38,86.02182274579887,73.00086851580426
38,85.99641191402843,72.98918927437747
38,85.98586495914697,72.98229179425346
38,86.04209845862016,72.99347968325337
38,86.00743570317125,73.02220875120396
38,85.98199652506307,72.96182674572024
38,86.01410838951486,72.9798955555828
38,86.02080363559685,72.973596897378
38,85.99878744975207,72.98757041876223
38,86.02140275070822,72.99779121426415
38,85.99923633497426,72.9890470728204
38,86.03700342645733,73.03001752214641
38,86.02557278409294,72.96338667222881
38,86.00385994000756,72.99824976581539
38,86.00500236959554,72.97207316712705
38,86.0457084621813,72.98987057019923
38,86.03457332790727,72.983466874736
38,86.01941156899127,72.998750970207
38,86.03616207993099,72.9886891931601
38,86.00910804728554,73.02834324457069
38,85.98266980577178,72.99940606208322
38,85.96140869168732,73.02874913576967
38,86.0313157528366,72.98126815212696
38,85.99345497098075,72.9842028869809
38,86.01194701764831,72.97083562870317
38,86.03918112878101,73.02706051770163
38,86.00958252810632,72.98348667539224
38,85.99828514263613,73.0136008218195
38,86.02165698451279,73.00199252747565
38,85.98735301215079,72.98072651505501
38,86.01809499636862,72.97778932190845
38,86.01832533648994,73.0462493626516
38,85.96579617223136,73.00674360471496
38,85.9538157747521,72.99233979119268
38,85.99707501688886,73.00064184500113
38,86.02154814842793,73.00504767294593
38,85.99047968086884,72.96120611072037
38,85.9957791138312,73.01497321133189
38,86.02066253101543,72.98205098530205
38,85.99954415936286,73.00847566697904
38,85.96003859630652,72.9752952659948
38,86.00028690797498,73.00877930191172
38,85.97797294116769,73.00669564170173
38,86.0272799380608,73.0416054868372
38,85.99136217839954,72.99099863717724
38,86.02322871580644,72.9944062884024
38,86.03553750381876,72.98096631829618
38,85.970714503314,72.97266808730197
38,86.02893758112039,72.98292529625671
38,85.99612576012964,72.9875422938029
38,86.01051199368167,73.00060734299113
38,86.01328016572471,72.99048079081946
38,86.04329406164454,73.01529058615766
38,85.98547424176854,72.9970223059411
38,86.01695839677215,73.00954054590245
38,85.98395550100291,72.96054165898141
38,85.99532888688921,72.98126065824988
38,85.9840349102822,72.98287946116913
38,86.00615963779362,73.0473280125897
38,86.02493537410173,73.01506907053678
38,85.96601961445391,72.97695570521229
38,86.01163877320029,72.97616705159454
38,85.96839903425955,73.01609307708985
38,85.97325296150548,73.03955308882496
38,85.98325775901812,73.04645622525544
38,86.01802242728537,72.98662824891261
38,85.95129377203034,72.98929115208993
38,86.04547141911704,73.01540914792575
39,86.0059565393719,73.01317783347451
39,85.96860220974646,73.02287264387037
39,86.02082152085568,72.95777644206838
39,86.044786949898,72.99466773213403
39,86.00441998695081,72.98894611489084
39,86.01498278771619,73.03023237629613
39,86.01289371680016,73.04632707567323
39,86.00712762926685,73.01064399685791
39,86.02056512083774,72.98991675502776
39,85.99659985057372,72.9912776048935
39,86.04146562621989,73.02641643007239
39,85.97805018264611,73.03027671905652
39,86.01374153034979,72.97398331279726
39,86.01078120199497,72.985901174775
39,86.00609386638023,72.9997046796039
39,86.00120473536454,72.95793387052919
39,85.99824513199269,73.0442429680105
39,85.98340739184957,73.01516533701066
39,85.9723921722448,73.03746658199202
39,86.0042002168297,72.98500640931557
39,85.99053203789997,73.01058024934346
39,86.02268889373971,72.98501815766843
39,85.98986791928523,72.98614816976752
39,85.98477477075167,72.9913417660996
39,85.99771010696482,72.97709439894432
39,85.95673616840509,72.99715518676105
39,86.01250190604827,72.95263441895243
39,85.98219279908562,72.98576935122144
39,86.00720385519814,73.02031648663048
40,85.99695538700331,72.99922302863061
40,85.96203369076272,73.01274353956856
40,85.98463302092394,72.95558901515051
40,86.01606652480203,73.0042490920714
40,85.98323929141043,72.97743189903449
40,86.0032794406518,73.00850387981487
40,85.99251081104035,73.04127449444728
40,86.04177868807507,73.02130418601647
40,85.95561697832359,73.00558376827637
40,85.97898509024797,72.98193188800302
40,85.9810979486532,72.98345282860424
40,86.00214589531456,73.04146488016345
40,85.9827476486269,72.98368984000145
40,86.01038217641145,73.02748766418479
40,86.01886137338728,72.99694499554805
40,86.01593589115923,73.01036216372394
40,85.99174235953694,73.01434365893266
40,86.02443131959977,72.99053441131481
40,86.00813216310704,72.96665928266216
40,85.97944412376519,73.04255499891002
40,85.97141178269266,72.96230347522307
40,85.98217173478544,72.96220567858563
40,86.0179675701727,73.01280162241257
40,86.00904610400521,72.96310853090112
40,86.03112834857842,73.02141427001922
40,85.96640151489656,73.0226696610473
40,85.98378964365295,72.98018514569526
40,85.96568046775562,73.02590646935003
40,86.04559725469055,72.99333624122269
40,85.98941736131508,73.0174154116932
40,86.01612645950898,72.99171550168292
40,85.99033975660157,72.97000160352975
40,85.96293831686819,73.01545540393954
40,86.00341597864578,72.9616906157161
40,85.987174088898,72.9888020702106
40,86.00589752752948,73.0219068540606
40,86.04464953291223,72.99957876871214
40,85.97291539853572,72.98071661753528
40,86.00965991042307,73.04757418680815
40,86.01136395135443,73.0463459516912
40,86.00490341593465,73.00895517017409
40,86.00286724998982,72.95945433753015
40,86.03881928540915,73.03018209668808
40,86.03456960082531,73.00239035094135
40,86.00571321988566,73.0157936725851
40,86.01270801744634,73.03066209021821
40,86.03861903746252,72.97657825135862
40,86.04446171312347,73.0098000799446
40,86.00806773879847,73.0388349946784
40,86.00457355632614,72.96373198101645
40,85.99493784785027,72.95936753232267
40,85.99078784182976,73.0366691457946
40,86.01266561566877,73.03772220574844
40,85.98776496410194,73.02880291764346
41,86.01338629098622,73.00312282903649
41,85.96758258510641,72.99257186714502
41,85.99584988777161,72.99999941596727
41,85.98422643339846,73.00097049323107
41,85.95976561933333,72.98563870712383
41,85.98039023911583,73.01915832154916
41,86.00971055727587,73.00193908534543
41,85.96695803190434,73.03465232231586
41,86.01222019104006,72.9998340300062
41,85.96690719153204,72.99966558802535
41,85.99491508581038,73.01639369686193
41,85.96509490055678,72.96827282943886
41,86.01393392733716,72.98747651152144
41,85.9762350685669,73.02954788847737
41,85.97707136134231,73.03956541898933
41,86.01456103941007,72.97843975386984
41,86.03935021248355,72.99902955986838
41,85.9599340087486,73.01829117709859
41,86.02090750315531,73.0388534399126
41,86.03478693755545,72.98525738487851
41,86.04411484068173,73.01285736557587
41,85.97461017401896,73.03108511123118
41,85.97614464567512,72.98913947921947
41,85.979471758888,72.99309195340047
41,86.02270439238563,72.97214591353095
41,85.97095232186207,72.9978554071837
41,85.97681571095924,72.98634975466342
41,85.97902167314689,72.99358958796077
41,86.01190612267165,72.99970921738007
41,86.02531075218856,73.02688364629982
41,85.99323104379523,73.04809327405982
41,86.02764517321683,73.02424096198628
41,85.97439768089055,73.01538788876054
41,85.99744821017332,72.98339068689506
41,85.98898068324273,73.04054759892043
41,86.02728406450457,72.97026458874468
41,85.96708549168943,73.03480266080874
41,85.99869622503846,72.9618357560358
41,86.04799411313905,73.0009618852152
41,86.00421250089309,73.02277157985138
41,85.98500133877943,72.99051453765064
41,85.95680254535247,72.97963051134559
41,85.99911117403583,72.97387464222011
41,86.02752252091858,73.01829451260616
41,86.03371922335012,72.97237254760557
41,85.98708373982423,73.03762675351292
41,86.01049949660404,72.9716593974154
41,86.03513097739499,72.98184376100582
41,85.95109643123568,72.99145608874116
41,86.00190906923704,73.03850491125186
41,85.99524983065734,72.95115711564948
41,85.96129348144238,73.01894066734693
41,86.02104929780165,72.95772474560512
41,85.9589203081808,73.01951211708982
41,86.00983154640747,72.9701350525301
41,86.0440667566828,72.97650576203691
41,85.99191177327076,73.008607929007
41,85.99618531593929,73.02386500659657
41,85.99197282973088,73.02270198261162
41,86.04211198783139,73.01538337334885
41,85.9761554631587,73.02855137966769
41,86.01795774147625,73.01465602183082
41,85.98771418985979,73.00346671690166
41,86.01747446209117,72.96280031405342
41,85.97129828739368,72.99536012847337
41,85.9782163435223,72.98409977487512
41,86.01555773411414,73.0416277000377
41,85.98676166032595,72.97074004913262
41,86.01275909822749,73.01028089792112
41,86.00780792570771,72.97998017343461
41,86.01056469882359,73.0151475214288
41,85.99802911163269,73.04211399177326
41,86.00607659668991,73.02511933924286
41,86.0475301045117,72.99688897962605
42,85.96753959352999,72.99229700554712
42,86.04325764652587,73.01610896588411
42,86.03738798584823,72.9965025397446
42,86.02093465826044,73.01129876949423
42,85.98468869965447,73.03926994949207
42,86.04589677745047,72.99918822368963
42,86.00470221908003,72.99231930745512
42,85.99479476767667,72.98516537331848
42,85.99912579014176,73.02510318347713
42,85.99416502660901,73.00128034643613
42,86.00281615702639,72.9808722505729
42,85.99239436540671,72.96059660066253
42,85.98905020592349,72.95631253451283
42,86.03852328042551,72.99178647581603
42,85.95334323799345,73.00004961736799
42,85.98521546148301,73.01739843441682
42,85.99564774787716,73.02398059892604
42,85.96353126036992,72.98035378712244
42,85.97083323662936,73.00813918664608
42,86.0324010606962,72.99378237587278
42,85.9816813826584,73.04314098275655
42,86.03589743532959,73.0023484932039
42,86.01268883827284,72.99312380481966
42,85.99468599708976,73.04853603604097
42,85.95626148177898,72.98141188141959
42,86.02111347247425,72.97065514721554
42,85.98362514264187,72.96378444291658
42,85.99439083821717,73.02501419503439
42,85.95809102722208,72.98636704834881
42,85.98997552691712,72.97072201874282
42,86.00701149497687,72.98538049756905
42,86.00293324799314,73.02190652189722
42,85.9851448679387,72.99507706953105
42,86.01076905023749,72.97492124996928
42,85.99006719456584,72.96026359731852
42,85.99028554097076,72.96556287182713
42,85.96542461555514,72.98055698026972
42,85.97896148383843,72.96986125574529
42,86.02143298445193,73.0262702571392
42,85.96813356202092,72.9728942208248
42,85.96706929165673,72.98572811207401
42,85.98819055692248,73.03138442298734
42,85.98611429514897,72.96223313435236
42,86.02894817200283,72.99605980261897
42,85.98810427718414,73.0018241994096
42,86.01342711652293,73.01420886340009
42,86.03979950103327,72.97551172144395
42,85.99853260019809,72.96259327839336
42,86.00776346289722,73.0032611075524
42,86.02233359372902,72.98625211690359
42,85.98016306820347,73.02740219050268
42,86.01213344517022,72.9996346309269
42,85.99746872904326,73.01959711424293
42,85.99329156893677,73.0105536076605
42,86.01050886712063,72.99169499731363
42,86.02291584648125,73.0321634516212
42,85.9779591104,73.00931260568643
42,85.99993048721059,73.03755589867471
42,85.98762482118589,73.00981243251938
42,85.98540391566169,72.99145218927154
42,86.04527381564142,72.99129890156536
42,85.98456585060474,72.98829613866795
42,86.03262260575441,73.01212728778425
42,85.96634050567144,73.01028911438779
42,85.9764971075451,72.97793479278606
42,86.00398150777258,72.98846905766663
42,85.99547277747827,72.98086708347296
43,85.98794561869477,72.96082590419209
43,86.02542715391701,73.00608621692422
43,85.99250461378352,72.95505633198985
43,86.04253750222581,73.0022803342171
43,85.97400340895744,73.0161664037772
43,86.00251489006702,72.95943095594698
43,86.01186265262602,73.0044584326013
43,86.02630103630226,73.0017901723406
43,86.0218613884089,72.97187640100431
43,85.99445195154696,73.04839875027395
43,86.01224366832737,73.01126342218227
43,85.99221008070042,72.97853276897273
43,85.99123156256637,72.95857639347818
43,85.97055903566435,73.00241258219529
43,86.02760766507122,72.97872998505657
43,86.01339740480215,73.0186516961952
43,85.98767314312215,73.02543935660435
43,86.04521605850707,72.99325201995738
43,86.00405075593787,73.02501554996263
43,85.99664850608858,73.02094555778038
43,85.97902793087604,73.00822669987438
43,86.02727433290781,72.96080703274102
43,85.99034215064422,73.02206659269444
43,85.98656863187126,72.99575977874329
43,85.99465355180537,73.01595335356508
43,85.99663325312817,73.00835450861271
43,86.02381686525781,73.03616849749814
43,85.95381445058428,73.01356418855777
43,86.00686864515696,73.0173287161561
43,85.9622329694222,73.0043971210741
43,86.03785189418703,73.01299856567917
43,85.97020965706626,72.99127728581671
43,85.99657641927377,73.00592689486767
43,86.02838079543295,72.97348783542633
43,85.98046260642498,73.01865302419394
43,85.9591517534058,73.0115673930749
43,85.97718825921443,73.00962833062279
43,85.9722876203413,72.95903041914322
43,85.97154871635327,73.0336126243327
43,86.03303350610653,72.96497418909466
43,86.00622436483701,73.02393570586038
43,85.98199397024382,73.0062355929926
43,86.01176506765306,73.02510530564527
43,86.00349234583534,73.02480862265256
43,85.98419173272777,73.00402697066636
43,85.99400307460665,73.0270510135968
43,86.04568807444626,72.99261625399214
43,85.98709627483557,72.99689978900258
43,86.02559086434349,73.01355064883099
43,86.01627767880623,72.97458838327165
43,86.03999274463968,73.0214315510259
43,86.0382404814126,72.9981474444512
43,86.01155486053226,72.96271314828462
43,85.99171234673913,72.99668508648665
43,85.98082485449295,72.9780256284974
43,86.00261512358246,73.00546839469786
43,85.9968455564117,72.95217306405758
44,86.04570378058938,72.99456994731364
44,85.99958370556031,72.99624002371235
44,85.99715699959202,72.99261536539899
44,86.01354374766242,73.00441086849234
44,85.95887418411877,73.00418244620023
44,86.01504457594643,73.00739823227754
44,86.00140148297466,73.01583867266923
44,85.9976367060412,72.98771454888696
44,85.99298777093863,72.97859934991332
44,85.99821823888614,72.9699379494313
44,86.04049250829543,73.00736206363555
44,85.99610366936032,73.02517524338849
44,86.03257229461973,72.99507543836148
44,86.03604098210104,72.97260381403345
44,85.97461896565714,72.98553989557732
44,86.009771874222,73.01501919677318
44,86.03868506306684,73.0156611009378
44,85.99748585146106,72.95507078215627
44,86.01511997498628,72.99111743894494
44,85.99401645648653,72.96476806312118
44,86.02235480152206,72.9571956018136
44,85.99523854321934,72.98397914355483
44,85.95915775909636,73.01176024885196
44,85.96193324756278,73.01488057270649
44,85.98021999709704,72.95963120225743
44,85.98177676319646,72.98497478377158
44,86.00629292245281,72.97496780002936
44,86.01152794145823,73.00702755174316
44,86.01950226185771,73.04499308210177
44,85.98554253346633,72.95948972634076
44,86.01451636219505,73.03894269095979
44,85.97730760571787,73.02611584045775
44,86.03030537304886,72.99992580529637
44,86.03151185751152,72.99348440241515
44,85.98870743114807,72.98345482504536
44,85.95564353576772,73.004719982019
44,85.99016465973318,72.97780528883196
44,86.02727917040448,72.98092517041339
44,85.9986540869668,73.04959468171391
44,86.02643996364718,73.03450588670893
44,85.99356375971931,73.01795291590206
44,85.99356892131719,73.00186936343445
44,86.03437931603094,72.96827214874234
44,86.00183662190062,73.02009122700471
44,86.01616367159325,73.04602834045448
44,85.98583982548307,72.97869252417142
44,86.01333030735347,73.02393250558629
44,86.03765494555493,73.0253885176027
44,86.03167042855337,73.00535305834835
44,86.03810420769348,73.00095694121582
44,86.0285777507712,73.0195353580628
44,86.00521445564827,73.02719410924539
44,85.99624513959458,72.99448037858762
44,86.03623425055062,72.97894068844656
44,85.95085397738238,73.00209670188673
44,86.01694672990678,73.02289677834392
44,85.95595905754247,73.01058736630706
44,86.01488161489068,73.04442476167094
44,85.99278742678014,72.96721212549649
44,86.00651854321497,73.00802149166259
44,86.02133082911111,72.99246559435907
44,86.02574474047331,72.96538559078111
44,85.99621631343568,73.01238020399366
44,86.04861130590584,73.00570733467826
44,85.98201296420719,73.00878756396484
44,85.9900513090138,72.99119606771238
44,85.98216865282899,73.01549217359346
44,85.9950634674563,72.97470264655657
45,85.98655141908242,73.0355544505258
45,86.0349401368582,73.03083481953816
45,86.00086753241865,72.96706675987336
45,86.04327707237347,72.9840974590985
45,85.99787679039493,73.01948409383752
45,85.99594237585876,73.04016489759832
45,86.02232326325775,73.03134513306124
45,85.97797294116769,73.00669564170173
45,86.01525730768735,73.01504056453278
45,86.01202716226831,73.01114673833884
45,86.00465574395604,73.02408796475682
45,85.97934205601696,73.00583070993474
45,85.97891335777453,73.00813839127292
45,86.01414256793376,73.03659524614717
45,85.96664087585138,73.00407901676226
45,86.0323049638476,73.01946392052658
45,86.02078013161903,73.0448983561744
45,86.02902538601704,72.99951174073873
45,86.02032138152832,72.95775124317649
45,85.9684084311337,72.99675088812062
45,86.0145634917388,72.96609535258509
45,86.02673716270289,72.9846659046908
45,86.03093746393282,72.97375026138708
45,86.01745084448542,73.01558214387083
45,86.01309778363678,73.00676560046082
45,85.96131106575416,73.01390976147161
45,86.04518172667021,73.00661106596071
45,85.99283754112754,73.0079524271781
45,85.97532943735628,72.97925573351321
45,86.03941140232864,72.99709247798573
45,86.01628125171439,72.99610741163669
45,86.01080704816736,73.00123353548618
45,86.01011884219214,73.01453521214229
45,85.9925501796881,73.02620531146057
45,85.97594436301605,72.96888711250855
45,86.00222746342249,72.95692242414611
45,86.02094917715246,72.96777128318605
45,85.99854366021796,73.03162154961971
45,86.02680114074862,72.99278022902024
45,86.0180229336672,72.98270824966023
45,86.03350906100589,73.02736291367344
45,85.95457816119948,72.98407981386468
45,86.0457084621813,72.98987057019923
45,86.01539174415414,73.03868540798773
45,85.96745443925353,73.03444393152736
45,86.01837167036616,73.00286502717748
45,85.98005490320064,73.02319639114631
45,86.00407646863763,72.98458353862969
45,86.04798098629709,73.00998708017681
45,86.03237679315775,73.03043206323909
45,85.95657084738362,72.99585479458206
45,86.00399354233183,73.04567990255383
45,85.99446565610839,72.99636617926875
45,86.02223344668838,73.01832100643844
45,86.02740973287575,73.03745090618968
45,86.01255494259007,72.96439704613206
45,86.00436657520163,72.98208619206166
45,85.98385199077327,73.0171532924018
45,85.98343351914669,73.0303908088252
45,85.96999712409425,73.03850929472748
45,85.9971925337959,73.01175082759279
45,86.03409203853977,73.03326854255857
45,85.99065769381124,72.96583137518951
45,86.03653528543985,73.00736869467164
45,85.99761384059354,73.03802942659834
45,85.95077926217414,73.00768129149213
45,85.98297672375372,72.98627218312396
45,85.95848023890632,73.00328569540855
45,86.03505120540201,72.97444284183095
45,85.99485509757248,72.97385482848057
45,85.99690731274528,73.04948451305388
46,86.0390778900577,72.97091855684965
46,86.01765307045818,73.0356958674399
46,85.95566186401793,73.00725115127621
46,86.02276332846655,72.95984163741292
46,85.98615939976264,72.97944642755436
46,85.98619309743788,73.00208274652252
46,85.96501993139888,72.98833628998658
46,85.98024123456199,72.95841670023026
46,85.98747474742866,73.01432803027244
46,85.98469973239031,72.98228409276479
46,85.97649424556627,72.98199975500732
46,86.01501510537713,72.9907153177792
46,85.9710748423083,73.00997210876817
46,85.96695631187454,72.98796443539037
46,86.04654067158756,73.00606762832005
46,85.97012936626129,72.97161651260306
46,85.99449394478486,72.97694513862373
46,86.02532783111461,72.97820244827128
46,86.00397219017188,73.0201563355859
46,85.99779120744708,73.04499821986019
46,85.95512290672455,72.99098934053262
46,85.99937903764311,72.96148649810686
46,85.98291781415759,73.01228529384215
46,85.95178322997195,72.99023462621021
46,86.00115676610119,73.04041875517723
46,86.01968251567877,72.95581029076618
46,85.97628226933902,73.02029771417058
46,85.97189636114267,72.96266899799537
46,86.01899426528179,73.0419281820561
46,86.03394895890486,72.98324330186317
46,86.03657835356498,73.0058075001267
46,86.02271697555726,73.04132308952852
46,86.02113282887736,73.04487488925027
46,86.0359461716837,72.97371588427214
46,85.97073951512621,73.01743489237474
46,85.96130925730111,72.99468594183685
46,85.97547529961349,73.00072197163803
46,85.95803395140341,72.98503329522363
46,86.01346695248596,72.95339565720926
46,85.98249993838822,73.00715629964775
46,86.03887741191427,73.0267975132984
46,85.99341918967671,73.04424669216662
46,86.00472373782662,73.02324539161815
46,86.00018651456038,73.00606091768903
46,86.01966802151388,72.96388503294244
46,85.98748385168061,72.97063173873607
46,85.99486987980082,73.00485719590564
46,85.95225248401437,72.99619440288055
46,85.99703977572497,73.02412240679988
46,86.02110152590421,73.01289654395882
46,86.01141448834395,73.03950919150576
46,85.97599662961552,73.0367299301462
46,86.04804861330155,72.9936778737192
46,85.96885790643648,72.97828720298837
46,85.99086162514581,72.98675167823015
46,86.04211198783139,73.01538337334885
46,86.04005727713803,72.99731718425687
46,85.97867701777484,72.98704817402881
46,85.95699288230257,72.97802263851426
46,85.96608098488205,73.03233933386387
46,86.00167407990457,73.00852286898714
46,86.02305049511065,73.00353543839992
46,86.02031537230792,72.97640851360264
46,85.98325775901812,73.04645622525544
46,86.01213991593976,73.03303172785908
46,85.98972495687595,73.00800840091468
46,85.98216154832103,73.04259233204137
46,86.01491153806751,72.9589223826091
46,85.9960397937077,72.98230342088364
46,85.96774838961242,72.99573640793098
46,86.00865970720143,73.01113420425833
47,85.99177712689801,72.99453822058436
47,86.03268446010588,72.9867094713493
47,85.97275383234613,73.02872390044219
47,85.99398238063384,73.0485664793499
47,86.00792987308736,72.95785628934192
47,85.98822733775046,73.00088637855842
47,85.97670939590316,73.01771061944041
47,85.98714777458025,72.99410080068665
47,86.01446035350983,72.99048610215942
47,85.99807145129023,72.95203683358582
47,86.02927959681547,73.01290629484248
47,86.04218670918719,72.98868808378673
47,86.00548609734791,73.02627179273782
47,85.97360093374715,73.02408597620098
47,86.01845914446568,72.96563028003519
47,86.01994421613422,73.01437921704596
47,85.98909260061016,72.9712966727395
47,86.03831673389709,73.02741169881277
47,85.97981052886495,72.97762103363365
47,85.97309500332196,73.01917285380007
47,85.97429171997501,72.96863596312122
47,85.99277442292522,73.03292460937179
47,86.00258045001355,72.98052438976488
47,86.01696309667528,73.02074106470067
47,86.04633114639151,72.98549613486388
47,86.00884769346884,73.00665968434112
47,86.01165009294337,73.03999835465594
47,85.99697391769617,73.02164347626922
47,85.99612576012964,72.9875422938029
47,85.98575755940779,73.01729468144711
47,86.03820312126172,73.01810005192307
47,86.00586626854002,73.01237301253722
47,85.99588508577885,73.01034744818968
47,85.99732765490143,72.96269034553761
47,85.97594565716453,72.99292391060436
47,85.99929261023945,73.01284842574417
47,86.03316116860553,72.98563217709362
47,86.02397142095089,73.0175788343107
47,86.03190335671731,73.00846929146135
47,86.00265156696176,72.98083172140953
47,85.98920427307064,73.01761844705102
47,85.98986924402406,73.01834958064723
47,85.96209781813212,73.01063047434738
47,85.98239866910714,72.95703918702183
47,86.01713579447825,73.02727744517505
47,85.98225650720224,73.01707628271089
47,86.01313437209222,72.99374272326844
47,85.97588657429849,72.97694923056088
47,85.9815217511818,73.0334832546949
47,86.00062149037699,73.04550130148831
47,86.0253586438444,72.97442636485756
47,86.02903278354863,73.00366059098421
47,85.98499543913339,73.03784805505876
47,85.9817274096372,72.95648120934328
47,85.97102128427964,72.9690872158169
47,86.04254245571192,73.0108824390646
47,86.02143200436998,73.03716853994118
47,85.97605796949034,73.00476844474595
47,86.00003254046662,72.95715672604544
47,85.99877777996308,73.0481112951327
47,86.01066997769021,73.00158844503115
47,86.02100762319557,72.99850216934004
47,85.9754616340024,72.96631200005295
47,86.01197126911714,72.96976991505747
47,86.02416046883972,72.97145039329756
47,86.00865624983123,72.99449783915749
47,85.9809732651435,73.045841231813
47,86.0393817530313,73.02842001611569
47,86.02753941059713,73.00842849993657
47,85.98569738363302,73.02783181490227
47,86.01414052702023,73.04301174259369
47,86.04154965708562,73.01395655463824
47,86.04121314032405,73.01038727431855
47,85.9910281848176,73.02975921030485
47,85.99926602377023,73.00283137319276
47,85.9558729820926,73.02300434911584
47,85.99179949267028,73.0451056925525
47,85.97715461327475,72.97463826460192
47,85.99588833328154,73.00685142450499
47,86.00051492482001,72.9862598373106
47,85.99624704646827,72.95549565675005
47,85.9587572451769,72.99928581674814
47,86.0123677529198,72.97541333209577
47,86.00224352905846,73.0023840570141
47,86.0160372872197,73.02488305167466
47,86.03756538032256,73.01090066650062
47,85.95033821116894,72.9979123877728
47,86.04028992452679,73.02016640001597
47,86.01576625899789,73.02188196083436
47,85.98968271258225,72.97710657873758
47,86.01519394422621,73.04489665625196
47,85.97190689204287,72.98269677902061
47,85.96859687755737,73.00350614326493
47,86.02487380555222,73.0362420270599
47,86.03379685214016,72.98322912000225
47,86.02730483149054,72.96355636524501
47,86.04200337767911,72.97637061161225
47,85.9825033599728,72.99203305988323
47,86.01511945049239,73.0080748647156
47,86.01702644048974,73.0325644857393
47,86.00225008721817,73.00266753073386
47,86.01021023096416,73.02742040882427
47,86.00064464196086,72.99610766996778
47,85.98935683401379,72.969097178659
47,85.95532938352656,72.99478323903938
47,85.9638188809376,73.00384147695011
47,85.98383271824085,73.02100853706068
47,85.99606810781418,72.99920030348825
47,85.99349554828937,72.95791757032814
48,85.9823788632119,72.97143153164497
48,85.99934038480122,73.04816651073922
48,86.00622757425009,72.98439244418073
48,85.99421996557017,72.98150133184585
48,85.9883369475758,72.99600390209699
48,86.00931686590248,73.01527148342474
48,86.02095016476173,73.01095134922866
48,86.03785894463097,72.99392718134887
48,86.02154359657325,73.02194406754933
48,86.01425137623423,73.01614498675396
48,85.97915092730096,73.0305503705185
48,86.02322710378532,72.99030029086497
48,86.0320364220211,72.9684130222967
48,86.03670724054315,73.00957271782603
48,86.00260312590868,73.00203742846735
48,85.96782596369694,72.97132006787969
48,85.95779267848329,72.97485959769458
48,86.00775803799124,72.96514826300998
48,86.01233372293463,72.95467102866303
48,86.01907212424837,72.99465456456645
48,86.00850267915571,72.96471791429066
48,85.98364743156966,73.00764636720871
48,85.99664453658761,73.04614036598305
48,85.97366740533116,73.01436935923489
48,85.9703068108404,72.98058323056655
48,85.97318405889877,72.99637718641172
48,85.99156029476339,73.02962377655867
48,86.03511679998569,73.02670543568904
48,86.02988563158776,72.96332343022728
48,85.99165819603178,73.00937052996602
48,85.98688283624163,72.95245090159625
48,85.99912928708275,73.0193935489715
48,86.00107580972204,72.9889046524804
48,86.01198771910751,73.02639326145636
48,85.97617597368404,72.97097026808063
48,86.02770536568505,72.96919472683413
48,86.00772937070809,72.96568938610095
48,86.03431612406307,73.00649322835919
48,86.0006501804003,73.03216250646845
48,85.97371374797812,73.00988088517568
48,86.02128697787754,72.9564099699561
48,86.00962506773308,73.0212875429259
48,85.99173322650249,72.97199273793817
48,85.99622215429136,73.02299456285834
48,85.9925501796881,73.02620531146057
48,85.97459725748301,72.9915109163855
48,86.01424197017498,73.00083149448764
48,86.01004138847843,73.0283769814158
48,86.01487874994893,72.9852131860205
48,86.01518085592492,72.96286138975005
48,85.99223336834888,73.0410702089318
48,85.95983388066419,73.00737440642747
48,85.96300449396622,72.98415131091811
48,86.04457122709016,73.02145822900015
48,85.98072230533761,73.02029995317898
48,86.01808917218568,73.0146541153544
48,85.96892285765367,72.96890560507309
48,85.99435974107021,72.98661413507666
48,86.0118599174839,73.01486648436263
48,86.03620428062867,73.01764187177154
48,86.03373459730963,72.98536262726047
48,86.0087580501094,73.0122782679408
48,86.01832508756678,73.0394875918368
48,85.9690522107764,73.00530233033044
48,86.02093298873498,72.98699983594976
48,85.97930365710658,73.04427986065927
48,86.00406223248457,73.02105691213389
48,85.99454817481293,72.97640854462473
48,86.01982368735935,72.98791212843388
48,86.00608028917594,72.98843479895243
48,85.98262976085705,72.99223749529293
48,85.97225569745727,72.96076801159454
48,86.00569000102925,73.02767615299703
48,85.95266500215934,72.9908569254756
48,85.9505394830017,73.00370535343991
48,85.96191087400024,73.01283254182968
48,85.96168314112585,72.98069928942823
48,85.96536539925205,73.00580288266875
48,86.02317912470971,73.03802406169466
48,86.00945329046901,72.99720742161621
48,85.99044588305964,72.98530137661444
48,86.00239822654007,72.98658547045736
48,86.00390315145776,72.98592703397573
48,85.9985521763685,73.01741825872001
48,85.97373145045286,73.00152499681364
48,85.97605910751956,72.95688361892583
48,86.02221902253902,73.04321209698934
49,85.99499802193526,72.99838388259597
49,86.01489284886094,72.98234287214274
49,85.97399114614379,73.00491083009649
49,86.04235072615114,72.98841254156737
49,86.04660154148644,73.00627575367058
49,86.0088356612549,72.99855279654642
49,85.98845560487655,72.99503715011465
49,86.02159518762357,73.00213258827297
49,85.99238840831116,72.96856662433049
49,86.00074879077654,73.03397943612896
49,85.97133605979721,72.97842224885284
49,85.96778293861104,72.98597269256041
49,86.04227089971388,73.0103834609393
49,85.9839096789112,72.95272771946661
49,86.00187267181587,72.9652015407016
49,85.99898341455372,72.98850008563896
49,86.01097432721079,72.99755706364951
49,86.0353048081787,73.02329521782823
49,85.99323265515505,73.01559727649398
49,85.95611413208519,72.99045815974932
49,86.03040517385594,73.01956508513494
49,86.01424426831632,72.97524069270322
49,85.99636930974619,72.95049830173572
49,86.00382602311724,72.99513701997395
49,85.96095231950211,72.97615316555832
49,86.01687863931724,72.99052383586054
49,85.9652796560319,72.9674246953181
49,85.9663313534158,72.97371840621116
49,85.95916427138539,72.97444381797578
49,86.0189090854195,72.99091907644844
49,85.96887548031923,73.01831455678656
49,86.03918798982576,72.99886485647271
49,86.01677822378768,73.02977632799909
49,85.98717619888554,73.01970453083032
49,85.9762056598164,72.98891663219887
49,86.00583650254653,73.0108371757521
49,85.95494689421714,73.01746394123566
49,86.0237262211349,73.02785989375984
49,85.95202364320447,73.01164621182639
49,86.02667505271327,72.98856184787526
49,85.96437088920658,73.02651774676646
49,85.9944053775652,72.97680092356092
49,86.01002454847111,73.00101586599405
49,85.98980309017945,73.00242362957285
49,85.96254304351021,73.00659731749491
49,86.00931645452613,73.03800880913828
49,86.02076791372907,73.03568023371054
49,85.98752038033845,73.00417666978261
49,85.99428652280812,73.01359159576666
49,85.99097445319653,73.01379874411892
49,85.98791152510103,72.9990410682833
49,85.9596698941005,73.01835873536409
49,85.98769300831121,73.01265759868332
49,86.0424280116807,72.98801741756888
49,86.01137159212651,73.00139540374947
49,85.98473988006423,72.98365864974154
49,86.01932891038012,72.99172546982535
49,86.02111494045127,72.98813721306946
49,85.9646882156972,73.00436910851742
50,85.99101959096038,73.03126924016028
50,86.009266268505,72.98837505859761
50,86.0206423276311,72.9813327499179
50,86.00155366553015,72.97032894280795
50,85.9889228791641,73.00367994515412
50,86.01488089371539,72.97882645245619
50,86.02113282887736,73.04487488925027
50,86.03431141841855,72.98710677206789
50,85.9867032752041,72.98608185913382
50,86.03787912590128,72.97315443009562
50,86.00837164525369,72.97539380463867
50,86.00204109926042,72.98462879151745
50,85.96475212866382,72.97184253979877
50,85.98297845761539,72.95872852241139
50,86.00940192854807,72.95688576024952
50,85.97081357779372,72.97210761012157
50,85.96630574745802,72.98727196410611
50,86.0062038432545,72.99837674569693
50,86.02593719611383,72.99151044279365
50,85.99132060313532,73.04645107048216
50,85.99834053668899,72.96902760930853
50,85.97125695667765,73.01969869716503
50,86.00957616458919,73.02206320198947
50,86.01347664710784,72.97711144453184
50,86.03190563501087,72.97862156523543
50,85.96126284737284,73.02525347316379
50,85.97474234344035,73.03770218859673
50,86.01273833060678,73.02048868195322
50,85.98725681785784,72.97979268505891
50,85.98821263800184,73.00510886432242
50,85.98521837824556,73.01767256333184
50,85.97939314048175,73.03080296830733
50,85.99264785970942,73.03188708868001
50,86.03832758235103,73.00176205765153
50,85.99731161680398,72.96961935491757
50,86.00171004849174,72.99520324850485
50,86.0390778900577,72.97091855684965
50,85.98130182741745,73.03644718777726
50,86.04021654711055,72.98183101166123
50,85.95742364804612,72.98640683302818
50,86.02685839763247,72.97501026493819
50,86.00466676674222,72.96195472972113
50,86.02928209348698,73.00984742481796
50,86.01335774253195,73.04131727647795
50,86.01552105294556,72.99352044576693
50,85.96454631649769,73.00222630927925
50,85.97584580170401,73.02227881230193
50,85.96942399894026,73.01001553570825
50,86.02961811913752,72.9876257752593
50,86.04701180061708,73.01609154355674
50,86.0150411233916,73.04581461988656
50,86.00633964320402,72.95945433737246
50,86.01950447225397,72.99632066815539
50,86.04329406164454,73.01529058615766
50,86.01951234196586,72.96930603572311
50,85.97253282985464,73.00677220822432
50,86.00872578565894,73.02706693110319
50,86.017934581106,72.98911615195564
50,85.99431343549958,72.96783698376993
50,85.99317741146767,72.99522914522092
50,85.9643439809518,72.97088141128955
50,86.0076229188207,72.96387141097958
50,85.97271049392485,73.00780889503118
50,86.03803754394828,72.9872570970912
50,85.97611118018229,72.99756049188044
50,86.03293877038092,72.97552285023411
50,85.99936483738459,73.01560103348609
50,86.03393395724946,72.97997546685717
50,85.95793348482859,72.99077273613418
50,85.98912473319032,72.98599989960408
50,85.9919247853965,73.03642640692176
50,86.0060792436273,72.95276802080188
50,86.00789918987482,73.00749661121108
50,86.00114713849754,73.0120007628269
50,86.02589142094854,72.99121221357329
50,86.04553254171552,72.99371943624354
50,86.02118260112418,73.03521031468718
50,86.00451776203073,72.99482974401671
50,85.96345988617537,73.01156976297715
51,85.99846287262382,73.03048881755578
51,86.00334354302957,72.98997434417817
51,85.99546259210626,72.980372661249
51,86.01392618074776,72.99102544300976
51,86.01147286796282,72.97619251969442
51,86.03582268144531,72.98900123870413
51,85.98214779754255,72.98612166556548
51,85.9824362849611,72.96059446257364
51,86.00462854256371,73.01490615321131
51,86.03988033044216,73.01359278604662
51,86.0454684871583,72.98091288566359
51,86.00479213346372,72.95242260741168
51,86.0156770923696,72.95717779680767
51,85.98613964229689,72.9802951401427
51,85.97176297655382,72.96213922852195
51,85.97950365093601,72.95547492266128
51,86.00241076729662,73.02054048394261
51,86.01724931687347,73.03845776559365
51,86.0421601969157,72.98985629013457
51,86.03296038428344,72.9787871029015
51,85.98745602511347,73.00526388876256
51,86.00354446738864,72.9917912660779
51,85.97650664429231,72.99754105576784
51,86.0264759234243,72.97698952964691
51,86.02854249185278,73.0248915123426
51,85.98747490399795,73.00916870974108
51,86.01257813650997,73.0014382011765
51,86.00826663234903,72.98742724063285
51,85.99752525981698,72.99566255452673
51,85.96783444206481,72.98922592950332
51,86.00317530514346,73.00068012102459
51,85.99849841239205,72.97871468044103
51,85.97466127031743,72.96281962227734
51,86.02919615409155,72.9973950139459
51,85.97789206372634,72.97108407874639
51,86.02071591962024,72.99140502165544
51,85.97998434902586,72.99451910324196
51,86.03306767372112,73.00083682972442
51,86.03219042054505,73.03790068520689
51,85.98550177518723,72.99996265498412
51,86.00873242962187,73.02470314015642
51,86.03295173260193,72.96803832127173
51,86.02946189540737,72.96889406947096
51,85.97572103116696,72.96601022535444
51,85.99160070059847,72.95199358339377
51,85.99555981277716,72.99389136695311
51,85.98609900756078,73.04204264416228
51,86.01047725538362,73.03439411999005
51,86.01551841877848,73.0069345754463
51,86.00909124922929,73.00721856361534
51,86.01806689944738,72.97936072246098
51,86.02826502247414,72.96232124905201
51,85.98213334907142,73.03193016222417
51,86.00584114999242,72.98130484026795
51,85.97819735189688,72.97157031862984
51,86.00611047590273,72.9902677323092
51,85.99999180687914,73.03733122663313
51,85.96519084846098,73.02680897769275
51,86.03240818750896,73.02700690562132
51,85.99056912114442,72.98045552514937
51,85.97564241050821,72.96230557747211
51,85.98848901196789,73.03156398039391
51,85.99307976307298,73.01026538520273
51,86.00800017197037,73.01179326219736
51,86.0221816695748,73.0398722398995
51,86.02112516162583,72.99792304891346
52,86.00051982439854,72.95881646064285
52,85.99205110871998,73.00713488722728
52,85.9602910257699,73.01195186343342
52,85.99748585146106,72.95507078215627
52,85.97677386054411,73.02685302479989
52,85.97158540943899,73.00131180226556
52,85.9671228414642,72.97913470185883
52,85.97973679828775,73.03777033319582
52,85.99884331175487,72.97792272763266
52,86.04550564507953,72.99681384357392
52,86.04426511519202,72.97718834465779
52,85.96502557232012,72.9774994581195
52,85.98499674861802,73.0143492579526
52,85.98335965767858,73.00228933818443
52,85.98079217370548,72.99610060119741
52,85.9806601018966,73.03283897478016
52,85.98295868561223,72.98887034450156
52,86.04716739191487,72.98680511615001
52,85.9861873406697,73.00989905262998
52,85.9829968475645,72.9923340004818
52,86.02637239356586,73.03598444714781
52,85.96050950027265,73.01251767731436
52,86.03584056372333,73.0292189507959
52,86.01932211402347,73.04412160742143
52,85.97552208813516,73.00925418958232
52,86.01909122191589,73.02558269715999
52,85.98963766504328,72.96017939642046
52,85.96434423240252,72.98931719906064
52,85.98365595869146,72.98898779980041
52,85.98894389287102,72.97156912924483
52,85.99172541989715,73.00083805261893
52,86.02516380694095,72.9883148807628
52,85.98235874525952,73.00087655018919
52,85.97780891688303,72.97988952850935
52,85.97070154220238,72.99200425140637
52,86.0244843828441,73.02265992994484
52,85.9546757848493,73.00977391916086
52,86.03916848834483,73.0187610924632
52,86.00420514089647,72.95110906837162
52,86.00260312590868,73.00203742846735
52,86.02831090304063,73.0020142626369
52,86.04190730734372,72.98269484444027
52,86.02541083138658,73.02291230847926
52,86.01141283926624,72.9595585074307
52,86.0073424632131,72.96233421006181
52,86.0179928588155,73.03068801257845
52,86.0276254430741,72.96077405671682
52,85.96513183962568,73.00500009915227
52,86.00776168085537,73.01529290364529
52,85.98473299360516,73.04720979822343
52,86.02443131959977,72.99053441131481
52,86.00191040398762,73.04815957733317
52,86.0091856603983,73.01211169567698
52,85.9999978703346,73.02958444863403
52,86.00775803799124,72.96514826300998
52,85.98396032328615,72.97507466258408
52,85.9691088726047,72.97095608488436
52,86.03065753103257,73.02968429385331
52,85.95109643123568,72.99145608874116
52,86.02776543299522,73.00640298441766
52,86.0375507694916,73.02525200159032
52,86.00117512570992,73.00409624074037
52,85.97872246563175,72.99984031735025
52,86.02578192972616,72.99136138063116
52,86.00297381602483,73.01007816317843
52,85.96459596940052,73.01856486852196
52,86.00220336334043,73.00780119336953
52,85.95886464127514,72.99111574089196
52,85.96804047271756,72.96579412488636
52,85.96974918743958,73.03046634623932
52,85.99292200071652,73.04844871948683
52,86.00076225259569,72.99743739980899
52,85.99524051787573,73.01051298345917
52,86.04446020841401,72.9874862572419
52,86.02148954012041,73.0008770977596
52,86.01635516568044,73.03694368875829
52,86.0368998627697,72.9925286271048
52,85.99894955310106,72.96496970920661
52,85.99168789560468,72.96636844699853
52,86.01162049717034,72.98829650701518
52,85.97017759622045,72.9635608307543
52,85.99851679847248,73.0005098987315
52,85.9945253659391,72.99959459765326
52,85.98891648861607,72.99889935487595
52,86.03000578049596,72.97031890486166
52,85.98887050765428,73.03050315867348
52,86.00280669519906,72.96373439873864
52,85.95959652468729,72.9862207331405
52,86.00756224948123,72.98136147575607
52,85.99238015963486,72.99334611859354
52,85.99646822527167,72.97015387244949
52,85.99109686677853,72.96234342770892
52,85.97787519843463,72.97948111610965
53,85.98148877581104,72.99541077294828
53,86.00911945297682,73.00577013482979
53,86.0314388567234,72.99690840283643
53,86.01083865352292,73.00255073497823
53,85.99200899360292,73.00269692172591
53,85.98943463867249,72.98735979033354
53,85.99385393500503,72.9557005137646
53,85.97145825632516,72.98692381273054
53,86.02613216628389,72.98257614511267
53,86.02525778009986,72.9581296513759
53,86.00629419438819,72.99708776419553
53,85.99363207745813,73.04786877894543
53,86.0237698875861,72.95904033484796
53,86.01994924626538,72.98527014458894
53,86.0324087942199,72.97068974911787
53,85.96727225185403,73.02748450494673
53,85.9955325146818,72.98037387220485
53,85.96378060069321,72.9708738493327
53,85.99875119352735,72.97034046869689
53,85.98920781071861,73.00603925413292
53,86.0196550682562,72.99355971886696
53,85.99559400363403,72.9884220874382
53,86.01237801461609,72.9933358510638
53,86.00528636433368,72.98484112242889
53,86.02589725108253,72.9692095745555
53,86.01031817375308,72.96992005437646
53,85.97465227407007,73.0305513300878
53,85.99228303495616,73.04640204390348
53,85.9987245217398,73.01992230468838
53,85.97655982069877,72.98289558853551
53,85.99655473010958,73.04723249892083
53,85.98233764554584,72.9752237125717
53,85.9995953029191,72.96008500043826
53,86.02684911233587,73.00529306797529
53,86.02570426718859,73.01375361557946
53,85.98672238538796,72.95557202655313
53,86.04106901061918,73.02597830633803
53,85.96473369879833,73.02333231461827
53,86.01965111929469,73.0098785447136
53,86.02291808812348,72.9953478984914
53,86.01619492458157,73.03029138855153
53,85.96353735766952,73.00393967597047
53,86.01387810673153,72.9689211271507
53,86.0143054171088,73.00307827942837
53,85.99846266748536,73.03702542894673
53,86.01608585345345,72.96477686760808
53,85.99390935956963,72.95174842214672
53,85.99037393202639,73.03513277734149
53,85.98776745030118,73.04787298705428
53,85.95495513844298,73.007768788211
53,86.03511431941993,73.01920782030794
53,86.0206439158062,72.98124199659678
53,86.01605061349503,72.98148161441244
53,86.00781552794194,72.99042311299785
53,85.99027242693577,72.99797909343481
53,85.97714101777446,73.00391580747281
53,85.95827636106569,73.00290408196342
53,86.03516172168072,72.96643380152737
53,86.00652885089482,73.04026318520519
53,85.98142141058744,73.00901901067627
53,86.01381565918295,73.04144062838776
53,85.96104478898394,72.98151838558087
53,86.0023540425793,72.96188579709164
53,86.04684228128433,72.99288549594925
53,85.96576673151614,72.96430770000693
53,86.03948191353118,72.99681621660766
53,86.0463254770123,73.00307678627075
53,86.01817247662163,73.04424733006263
54,85.98814659796959,72.98626011040066
54,86.00123003569291,72.99151994373723
54,85.9798943966217,72.99860705151335
54,86.01737299543218,72.97129854464667
54,85.986104771659,72.98311633131375
54,85.99703855732413,73.03061047390727
54,86.01362481511923,73.02174973252139
54,86.02834005469691,73.01137789216067
54,85.9699866591777,73.00743770214798
54,85.96689770002936,72.974818803434
54,85.96219823212569,72.97524848601994
54,85.99730769020283,73.04186865109446
54,85.9699866591777,73.00743770214798
54,85.9955558854161,72.99002309810305
54,85.98011594839706,72.98672966318232
54,85.97587526344287,73.0430013047294
54,86.00896302697565,73.00524062400392
54,86.0301183534882,72.96853424215382
54,86.0009839993673,73.03006957587681
54,85.96980893208772,72.99062597602979
54,86.04317943496851,72.99196577814156
54,85.98932567687281,73.00859979194563
54,85.9765750827747,73.03659231083063
54,86.02167015443658,72.99155809420475
54,86.01144068466269,72.98169813621001
54,86.04549295319003,73.01831393169441
54,85.96559318650368,72.96431697545405
54,85.98208486887631,73.0108541208809
54,85.96999712409425,73.03850929472748
54,86.00621219639338,73.0126938356367
54,86.0277371586276,72.97909011367065
54,85.96183628181473,73.02479006688752
54,85.98163442386401,72.96575349114549
54,85.96920018261703,72.98827001845261
54,86.00011843090492,73.0147409684115
54,86.04497272012709,72.99933144020133
54,85.99807171021234,72.95264038941598
54,85.97571922391992,72.96623013868374
54,85.98757243371355,73.02692476180535
54,86.01539304913501,73.0099632485923
54,86.00043328594879,73.01025955653328
54,86.02057874359353,72.97096338601358
54,86.01941767074567,72.97120389092494
54,85.96515410989858,72.96463026041596
54,86.0233505531518,72.96240801552064
54,85.97660623303649,72.99233962418857
54,85.988728797104,72.98501011999703
54,85.99532888688921,72.98126065824988
54,85.99656042792799,73.01989522526843
54,86.00511829620262,72.99675466811196
54,85.9729930063479,73.00865584914752
54,85.9677602214957,73.03515460281758
54,86.02719166801309,73.0138352677309
54,86.01521395192638,72.99371532007677
54,85.95868154475995,73.01963128383167
54,85.98540391566169,72.99145218927154
54,86.04384152947664,73.01996822074608
54,85.99012084933614,72.9810786518218
54,85.99341023625567,73.02226602014333
54,86.03415893656775,73.02794886387107
54,85.97799115941129,72.96596121358662
54,85.99302425509924,72.98668517796396
54,85.99369396702886,73.04902942709658
54,86.02261271402924,73.03120251735443
54,85.98709899292149,73.00081000116849
54,86.01213991593976,73.03303172785908
54,85.99406933626668,72.98974191685173
54,85.98488374054199,72.98284209907801
54,85.98142772848635,73.00194550703297
54,86.00033107284213,73.03025768149399
54,86.01881177314814,72.99326526551678
54,86.01818697630712,72.9568222302
54,86.01902542150793,72.95990107060898
54,86.02346948473647,73.01935075763318
54,85.99481947022595,72.97335386465954
54,85.96077754837457,73.02945075543315
54,86.03283396423352,72.98515270648342
54,85.98980302821435,72.99880692977489
54,86.00959406078631,73.03861535899699
54,86.03104629824865,73.01829182547671
54,85.95524719084659,72.98736851793774
54,85.99881749552462,72.98579283644118
54,86.0110561349686,72.99956923611333
54,86.03191514193067,73.02957918787861
54,86.03345577585732,72.97379805566072
54,86.03843539536396,72.96965787231316
54,85.96559318650368,72.96431697545405
54,85.96167317583452,72.98594037090847
54,85.98486033718986,73.02032726047578
54,86.01268883827284,72.99312380481966
54,86.01803975043384,72.9626910446067
54,85.96018105369548,73.00847001626472
54,86.0129803071395,72.97064012757073
54,86.02407514473802,72.96075789065362
54,86.01781890332626,72.98401688628724
54,86.01938092911409,72.95806671691078
54,86.01746239910557,72.96736947022926
54,86.01305403693156,73.00125312440166
54,85.99326591949819,73.04321816002947
54,86.00693141375385,73.01064294893676
54,86.02562319346256,73.00899178960753
54,85.99674956487806,72.98869275005089
54,86.04950747015918,72.99309129269771
54,85.99199968874078,73.03724797979359
54,86.03094814123381,73.0193947779743
54,86.02806493709645,72.9930197516253
54,85.9805780695719,73.00161361483345
54,86.04430089640746,72.98911993663452
54,85.98314593198047,72.99610140953257
54,86.03953566602944,73.0210597660817
54,85.9954977851698,73.02275542454471
54,86.0163631856614,73.04089463402816
54,86.0468096646174,72.9900913066283
54,85.96479521810552,72.97665974734987
54,86.02809569546041,72.96505800912445
54,85.95461843066498,73.01358632810106
54,85.99717231648033,73.01174572262833
55,85.95728618782486,72.9843542751698
55,85.9627754085924,73.02409313772438
55,86.01786085439619,72.99166661977812
55,86.00994283985325,72.96433320466772
55,85.98000761994926,72.97467722960731
55,86.03868615831415,72.98396245314703
55,86.03593232300157,72.99109638994408
55,85.97950837623787,73.01749698498426
55,86.03575752484298,72.97949428986732
55,86.03208284135918,73.0358779228639
55,85.95573195329474,73.02318111395431
55,85.99693726074506,72.96898195132476
55,86.02535088470574,73.03914078726174
55,85.98912473319032,72.98599989960408
55,86.02443494117503,73.02251493739278
55,85.9662675397255,73.00728415051717
55,86.00638454646484,72.95435009732999
55,85.9810892456099,72.98536856137086
55,85.9901467264335,72.9636263253236
55,85.99418747361433,73.04611636372645
55,85.98385819380137,72.97639778858756
55,85.9561127641798,73.01801445717594
55,86.01584784787977,72.99224289611777
55,85.96995792854598,72.99241898394578
55,86.03991581036956,73.02631155496098
55,85.98717091222541,73.00068921419579
55,86.0284041317206,73.01257390951741
55,86.00401871651253,73.02246161113318
55,85.97035823377985,72.99572249749089
55,85.97107451307353,72.97701142146157
55,86.01555926612718,72.98958808208612
55,85.98449725918043,73.04259269300469
55,85.97038265015192,72.96655140561066
55,85.96017152425274,72.97492064460282
55,85.98009697146321,72.98897133100395
55,85.99292200071652,73.04844871948683
55,86.01319106380612,73.01514212797515
55,86.04739501995846,72.98951012571337
55,85.98000583442409,72.99778799712416
55,86.03262733337874,73.0319075199737
55,86.02032266459449,72.99884954325881
55,85.9882122854096,73.01479819988747
55,85.9838736546724,73.04054693110373
55,85.9873953376372,72.95862733804886
55,85.99295079249717,73.00738391457703
55,86.00424110403492,72.98726689763436
55,85.96291555199525,72.96935323704466
55,86.00756113092048,72.98602805735501
55,85.98166763772498,73.04438268450998
55,86.04207399507273,73.0246581842009
55,86.00280263679736,72.96938627986684
55,86.03047819522004,73.02074526421967
55,86.00317853385363,73.02099160546635
55,85.98816991461807,73.0032534985748
55,85.98672844583393,73.0366067461657
55,85.9786965479665,73.03262222069418
55,86.03102557184543,73.0094770908887
55,85.9898475832233,73.04082350558929
55,85.99279449858699,73.022537636688
55,86.03219712227639,72.987114191639
55,85.99132957983974,72.98508816311316
55,86.03121344491441,73.00895362432549
55,85.97506737723772,72.99749953763273
55,86.0312044944447,73.01949898052905
55,86.0412538321004,72.99211394716804
55,86.01597281751465,72.95453997974718
55,86.03546226611034,72.99515059639057
55,85.99502835120322,72.98085152446657
55,86.0015947661886,73.02333559363787
55,85.96297543158812,73.01628757034975
55,85.99095810628786,73.0350836795477
55,86.00355656047185,72.98413554163228
55,86.00380164675582,73.00199968853427
55,86.01411734938243,72.96614560906369
55,86.01239537083073,73.04812082279922
55,86.00832587559086,73.03402044801152
55,85.98039671527052,72.970701066981
55,86.00157725676696,73.0075814716428
55,85.9890143663347,73.01782923335917
55,86.03112834857842,73.02141427001922
55,85.98685327745858,73.0160509022973
55,85.96366363518,73.03366364972938
55,86.00313728597636,73.00515052086983
55,85.97527957364231,73.03588761435363
55,85.98841083328409,73.03988472010332
55,85.97911175667251,72.96978709732751
55,86.0029960120605,72.97560681079375
55,85.98823638693212,73.02173367972289
55,85.97588847057229,72.98571230891646
55,86.001424147196,72.99273346817117
55,85.980668197489,72.97068271052167
55,85.9934237189041,73.04382944874511
55,85.99322943702089,72.96444454790947
55,85.97853894698181,73.0103626478598
55,86.0337843514581,73.01615521581884
55,86.0299774773465,73.01220823693473
55,85.9891541749844,73.03743710236026
55,86.03263453225522,73.03142685027107
55,85.96018469811649,73.00278275085108
55,85.98675829633783,72.97885537777593
55,86.00720385519814,73.02031648663048
55,86.03788153252627,73.02184632392509
55,86.01585278573471,73.01877719804173
55,85.99220097783429,72.97118417565262
55,85.96557220280033,73.03268838774245
55,86.00773053450101,73.01108103846322
55,86.02417341479278,73.02031588039237
55,86.01118928517546,72.99318783970186
55,86.01034201118189,72.9728864917997
55,85.98618217148793,73.04548362129825
55,86.00626654568408,72.98105933659211
55,85.9608357986718,72.9835631123638
55,85.97387016472177,72.97852044218601
55,85.99618533643876,72.95366326054574
55,85.99302425509924,72.98668517796396
56,85.95604856575099,73.00833351861357
56,85.97321257718238,72.98345782044271
56,85.978786917293,73.03181141632375
56,86.01457202940787,72.96306983085887
56,85.9638871029948,72.97309557342662
56,85.96685044994982,73.03491642631286
56,86.03456526273482,73.0106857167151
56,85.98019518450457,72.97110125569785
56,85.96474894124265,72.97074099216465
56,85.97459534333589,72.98674965342339
56,86.00170830423933,72.95585977174177
56,85.98449193637724,72.98648522426235
56,86.00481870082548,72.98224520840687
56,86.02563176184337,72.99011595546942
56,85.9981057040836,72.96312936881968
56,86.0175128481043,72.97106064458079
56,86.04384152947664,73.01996822074608
56,86.03769960615797,72.99005121942771
56,85.99194394716339,72.98279194881984
56,86.02906119321615,73.03991622861318
56,86.03771397691102,72.98576442986639
56,86.01951098945403,73.03018195348962
56,85.99138052328152,73.03332049115096
56,86.00147700720785,73.02637582240493
56,86.00533808045897,72.97213900963806
56,85.97608119810191,73.0093947147139
56,86.01106826832854,73.03408048223599
56,86.02255483296483,73.0068677285003
56,85.96345892971242,72.99903742365136
56,85.98701821141078,72.99730423787905
56,86.0261808846045,72.99305110036657
56,86.01697671501792,72.9746695306301
56,86.01114019695879,73.00016334976097
56,86.0388966420392,73.02135202300781
56,86.01725634682909,72.9616844255219
56,85.98419173272777,73.00402697066636
56,85.99194687094065,72.96416893172204
56,86.01213991593976,73.03303172785908
56,85.97208199335753,73.03589439544106
56,85.98176502059096,73.01824344145359
56,85.9736741106729,73.03990539089948
56,86.00412507004481,73.00536962811583
56,86.0082548412643,73.02431530608882
56,85.97485922656658,73.00023979392066
56,86.03246883827197,72.9743330005886
56,86.03508953305756,73.02142067658545
56,85.97397845160825,73.00331633762005
56,85.97394109425409,73.03953349405604
56,86.00325242494064,72.97313567663556
56,85.98619423439091,73.01486593923906
56,86.00568022430801,73.00777805781024
56,86.02099610530502,72.98546942901098
56,86.00126479089744,72.98496515422536
56,85.98318614001134,72.96831779526052
56,85.96564764209798,72.99549191590332
56,86.0014592187157,73.0476553030894
56,85.95241949565734,72.98598332111897
56,86.01428299099611,73.00195475069899
56,86.01490608718616,73.01235887737957
56,86.0446432148718,73.0033665170433
57,85.9608011652792,73.00318006621588
57,85.99674359177375,72.99920446317715
57,85.98715173036592,72.97094521393946
57,86.02765923204062,73.0025780570858
57,85.98387663059115,72.98471632308241
57,85.97853894698181,73.0103626478598
57,86.0032244504736,72.9686994067207
57,85.98864891828352,73.0194652500425
57,86.00979366550037,72.96679808798038
57,86.02280759881096,73.03345872241884
57,86.0078173564647,72.96346855797428
57,85.98808357940439,73.01646405729772
57,86.00080340298491,73.01248543141973
57,86.03224321956937,73.00879805018334
57,85.95923198070824,73.02776142806967
57,86.03191736234953,72.994583261202
57,85.95806348105211,73.00919517649147
57,86.00288063180534,73.04491692061504
57,85.96005343111281,73.0257542838536
57,86.01412654105644,73.03549480003362
57,85.9685149747062,73.00970527322659
57,86.00825344500801,72.95612168009129
57,85.96697066784763,72.99893796668184
57,85.99304126822179,72.99304030303622
57,85.99334529755355,73.03799373753856
57,85.99239985444041,73.0103003419118
57,85.96333079405616,73.00957907535269
57,86.01683485817462,73.01924629065236
57,85.99061211505142,72.98789636698433
57,85.96144090823972,73.01367800046363
57,85.97805018264611,73.03027671905652
57,85.96926538005113,72.99674598503923
57,85.98277925411647,72.98934013129056
57,86.04217397583818,72.97408300534684
57,85.9720292303986,72.96023096861751
57,85.98192629760466,72.96157247349166
57,85.96836251313074,72.98235643827796
57,86.00315259261474,72.98482091572758
57,85.96221702428925,72.98321183310837
57,85.98465028798064,73.01458628636315
57,85.98416296018904,73.01335080282664
57,86.00165203556004,73.0423727818114
57,85.9930579194884,73.0116470326218
57,85.970410310227,73.01088516673721
57,86.02879303951077,73.01981360463506
57,85.97231470883251,73.02445951212982
57,86.01013335946425,73.02786993902781
57,86.01256813787195,72.99331051801606
57,85.97906985132185,73.01943043710158
57,85.96112674641547,73.02795484556314
57,86.01573784147367,73.0113098657543
57,85.9879980632639,73.01512622371197
57,85.96432955492828,73.02622554178743
57,86.02646058478989,73.01760276470868
57,85.99775792702631,72.99801599942535
57,85.96115865293575,73.01686035526366
57,86.01884530304972,72.98061984426256
57,85.97965095201444,73.01482108289247
57,85.98213751198246,73.00825560407226
57,85.99956525398579,73.01329748273952
57,86.00469847477433,73.0202623400246
57,86.01624205102834,72.9651909588057
57,85.96252052090664,72.96914977929838
57,86.0064152171164,73.01203627164044
57,86.0069549056345,73.03208052800584
57,86.00572762168916,73.0175672709953
57,85.99872927680003,72.9831605479945
57,85.96446193857763,72.9756972539463
57,86.00209059149378,72.98508101614833
57,86.00286024028345,73.03675091767455
57,85.98737393514877,73.04254829095753
57,85.99754142083837,73.02019060147701
57,86.01824103309677,73.02994863290954
57,85.98209582751666,72.95518730780505
57,85.95161838919367,72.99014835170547
57,85.98588032607199,73.01170112617989
57,85.99501636562543,72.99433200697521
57,85.97327267953708,73.01450870054502
57,85.9953652428706,73.02699050629809
57,86.03983392998732,72.99656155545577
57,86.0119705316562,72.98900237568652
57,85.97923660123719,72.99734463186586
57,86.01667356089811,72.97541036337252
57,85.97762940733952,72.98545974420226
57,86.03069787899753,73.01995831765764
57,86.02396512189081,73.01443221156967
57,85.99649536232789,73.00622511496248
57,85.98876191416518,73.02024941715044
57,85.99736568679756,73.04172617475098
57,85.99371103148296,73.01801903293918
57,86.01593150102654,73.00676111740027
57,85.97100556697923,73.03225406466639
57,86.00357116521978,73.04556845678763
57,85.95878610674578,73.02332944987054
57,85.95241187536897,73.01298069315459
57,85.95223772052809,73.01468998517217
57,86.02628206932945,72.96928435027176
57,85.96320446762938,73.02938421124595
57,85.97972283579386,72.96745982953647
57,86.03283368395242,72.97856669722907
57,85.95573324889155,72.97846314432012
57,86.03463357503665,72.98734455952693
57,86.0398746131804,73.00104928289706
57,86.04133794638084,73.0263064598798
57,86.0349106427639,72.96686525438966
57,85.98898985870676,73.00430281183709
57,86.02104929780165,72.95772474560512
57,86.0057504217648,72.9997829920653
57,85.986434127886,72.96567156173863
57,85.98875894272649,72.98107817720268
57,86.04474125758395,73.01569386034298
57,86.03244644485872,73.02174273727762
57,85.98431010607564,73.01900195883557
57,85.99156546796998,72.99632775311693
57,85.99682656772094,72.99379817210949
57,86.01874664161424,73.00706692881869
57,85.97384196233273,72.98846815508882
57,86.0351599969209,73.03354856287291
57,85.99372171207146,72.98189532079223
57,85.96828907795602,73.01574364900193
58,86.01157808130462,73.00713965725711
58,86.01285533116288,73.04784646315241
58,85.96542504465917,73.03606141501616
58,86.01074372703205,73.01979451510523
58,85.98767813922562,73.0333747891706
58,86.0139169527988,72.99398043142163
58,85.99164515829034,73.01888672292044
58,86.04514074463668,73.0149552232507
58,86.0132315232546,73.03184008341191
58,86.0002964265752,72.99109703944741
58,85.99500619968082,72.97922589538933
58,85.9895291487548,73.01210553922513
58,86.01820002229029,72.98699338064688
58,85.97937210651469,73.02409295648657
58,85.99712188332975,73.01587175394798
58,86.01860928635952,73.00126173442142
58,86.03797184314554,73.01905952193289
58,85.98684700647301,72.99057604101178
58,86.03015588490159,73.0375237037582
58,86.01356334484744,72.99914877265722
58,85.95922514338467,73.01887206761556
58,86.02220287670794,73.00122469712588
58,85.97755525842946,73.02129607730987
58,85.98540730891277,72.99820650650729
58,85.97718909380647,72.98582927159022
58,86.0343391225448,72.98123118574344
58,86.00502083466631,73.02050163407492
58,85.96250639665676,72.99312958508224
58,86.03840849245198,72.96852655117256
58,85.9579546994536,72.98180933648742
58,86.04262479626978,72.99404531718352
58,85.9861047722784,73.00808042610005
58,86.02308798887046,72.98018106886379
58,86.00600247555836,73.04601489374917
58,85.99553438938474,72.95724592737801
58,86.02681555469674,73.0323594583397
58,85.98310978816184,73.04034267404022
58,86.02977400466536,73.01490830580988
58,85.97851533879562,73.02124197370347
58,85.9923282664343,73.00756483006761
58,86.00859928144385,72.98556719258681
58,85.9766183947626,72.9751186297364
58,86.02413977492654,72.96808254594754
58,85.99002725581441,72.96563166475669
58,85.99081735756182,72.96616527956151
58,85.96303438324483,73.02056103552206
58,86.03573635886862,72.9971641821578
58,85.95390240713547,73.01115959217736
58,86.02743898426401,72.99517497113465
58,85.96565145589217,72.9662677782105
58,86.03900106414072,73.01427996912037
58,86.00817914211444,73.0348755103077
58,85.98920427307064,73.01761844705102
58,86.0169223169141,73.0307665877088
58,85.98484389209253,73.0295542988961
58,86.01488161489068,73.04442476167094
58,86.04122995628617,72.97731512948069
58,85.9817800827237,72.9677470717888
58,85.98323617936512,73.01077043273142
58,85.96943785086054,72.97134839861195
58,85.97208171562306,72.971424130499
58,86.02116059059726,73.00734982047167
58,86.04063597620183,72.98002331583557
58,85.98017268913654,73.04245349692802
58,86.0030565900711,72.97527833401647
58,86.02676395362029,72.99481786497621
58,86.04563955047267,73.01281223186426
58,86.0287230172778,73.01301422535714
58,85.97236694608817,72.96972090859668
58,86.0454549802362,72.98251253634002
58,86.02235243412734,72.98452123639072
58,86.00215237235336,72.99965030616204
58,86.00463779100198,72.96656610946259
58,86.01002329873265,72.96904979954452
58,85.95817613554384,72.99104352313051
58,86.01975804950708,73.0105087067198
58,86.00043711620181,72.99220881240556
58,85.97400340895744,73.0161664037772
58,85.98196728701895,73.04407511349959
58,86.01143706905772,73.02434172351467
58,86.0025693471133,72.99335251551891
58,85.9881213134698,72.98688457897221
58,86.02567682676369,72.99309861700216
58,86.01596445598943,72.95629259344632
58,85.99756064395834,73.03737629061987
58,86.00904744140665,72.98658080300831
58,85.98065554881096,72.99595533923853
58,86.03917330860558,72.99835025105801
58,86.00525617285972,72.96281807688747
58,85.97142443530196,72.96306206797325
58,85.99012273385408,72.98290430582419
58,86.03831768781181,73.025974428728
58,85.96475699104175,73.0045769983695
58,86.00843919968734,72.98842964352878
58,85.99365061825743,73.03364184670954
58,85.95450226053671,73.00579356432921
58,85.98408358437709,73.00631851259334
58,86.01192229688664,73.04140633476776
58,86.00374376211289,73.01097371665672
58,85.96630593710891,72.9764400038197
58,86.00718159045842,73.00235318508803
58,85.99374646241675,73.00898655136929
58,86.00241617662152,72.97138431209265
58,85.98656557596236,73.00268520768662
58,85.99629549517653,73.02973369722355
58,85.99560835072262,72.99729348785095
58,85.99734110726097,72.95937366305068
59,86.02155434318654,73.02584734863109
59,86.02142253254304,72.97191933278182
59,86.03064601489433,73.03906889936967
59,86.0201621618733,72.99529263083039
59,85.9890741070015,73.0136587073718
59,85.98015732980986,72.99301848653296
59,86.00297901907159,72.9838087871728
59,85.98084709395803,73.01096217214162
59,85.98490732161365,73.016054116889
59,85.97734709480723,72.99689483781533
59,86.00027941007713,72.97589239761702
59,86.01960941360606,72.98260790551402
59,86.01051877846683,73.02106876826205
59,86.02555375419999,73.00237702370829
59,85.98028693137236,73.00631789823957
59,86.0389705453574,73.00526203691027
59,85.98986141268291,73.02867913031464
59,86.01319972788855,73.01973292800274
59,86.00909474127523,72.97074853128524
59,85.98661478173906,72.9631775316732
59,85.98430019378759,73.01843920214422
59,86.00758895989189,73.00073667603863
59,86.02315292503398,72.99349619305416
59,85.99022195315945,72.98896027289346
59,86.01753811155966,73.02627006383821
59,86.00008797163937,72.99422213775999
59,85.99736495101156,72.96794568444533
59,85.97159807394257,73.01988636544763
59,85.98748322536758,72.9793042851791
59,86.0133953445186,73.03586389363437
59,86.00818339488283,73.04642645602004
59,85.96399154078416,73.02557769308333
59,85.97453165459623,72.99408340721071
59,86.04034629704725,73.0227528328556
59,85.97878424219941,73.00177238868847
59,86.03897334304453,72.99476551673833
59,85.98071828561987,73.01880250682785
59,86.02709790973745,73.023597180795
59,85.95168491744029,73.01209049788744
59,86.03276323949405,73.02782289579991
59,85.96579293936762,73.02893634654524
59,86.00205655588225,73.01687856531387
59,86.00274291821961,72.96857908265434
59,85.96814683332313,73.03826484371749
59,85.99040273297805,73.03631543411147
59,86.00857673229702,72.9578343738649
59,86.00578888401893,73.01245313105186
59,85.96893683933939,72.9686873212168
59,86.01893363099416,72.9966890034257
59,86.02419346989485,73.01759261906496
59,85.96268074847998,72.99374218633855
59,86.02361479891499,73.0387383589692
59,86.02899135734023,73.02651035959389
59,86.01667514829907,72.99029457201439
59,85.96162703444958,72.97720082058036
59,85.99453930541677,72.99761091441702
59,85.97245764920984,72.98518995664324
59,85.9596406130593,73.00835271685773
59,86.04001110020177,72.98955359942475
59,86.01854269449294,72.97047102877845
59,86.0042298168572,73.04405270868445
59,86.03688501330834,73.01669273487474
59,86.00234527423757,72.97966622339897
59,85.99790459366302,72.99380171347059
59,86.03069173651296,72.98901994867492
59,85.96841640424084,73.00724963574636
59,86.04160492515882,73.02071389500414
59,86.01224366832737,73.01126342218227
59,86.03480815398648,73.01239844257363
59,85.97535976167293,72.95863027193596
59,85.95718851703245,73.01914617786817
59,85.99092927307422,72.973726470897
59,85.99934560210097,73.00058114803504
59,85.98592624884448,73.00741062102628
59,86.03360555526942,73.01046778529893
59,85.96367436312863,72.98498772012385
59,86.01884530304972,72.98061984426256
59,85.95920316794515,73.02560062233658
59,85.9627685550866,72.9874164844806
59,86.03210438577695,72.9964818451156
59,86.01220847668172,72.9637100400418
59,86.01433420561511,72.99191640590806
59,85.98529837412575,73.0119603521733
59,86.02149234493277,73.0103992528368
59,85.99125492443912,72.96969702348429
59,85.97944425157944,72.99908362657125
59,86.03944837448822,73.00934918436359
59,85.95530041426247,73.00040898954839
59,86.0045142742325,72.96283452528365
59,86.04133921797629,72.97858294312215
59,86.02794796994215,72.96167631891724
59,86.02610619922459,73.00288737348289
59,86.01774005072842,73.00855136102406
59,86.02612143180818,72.97084191889618
59,85.98461800843326,72.9816075627811
59,85.97465825489932,73.02049556868356
59,86.02701137725494,73.03245277343383
59,85.99536733032753,73.00612818094646
59,86.00786811632364,72.98849334273837
59,86.0219501436964,72.99684859223696
59,86.01718394222121,73.00186674181623
59,86.02262862346736,72.98088187626077
59,86.0011776935386,73.01489640151317
59,86.01391006518057,72.97618370657452
59,86.01124662527334,72.99455404712033
59,85.99655326359157,72.95896702197987
59,86.0193963610727,72.98730479708688
59,86.02177009788018,73.03763005185472
59,86.01003655482907,72.98323524226424
59,85.97137303069532,73.0103496789116
59,86.0242750563782,72.96745719870395
59,86.01645534524343,73.0351964649949
59,86.01045184069991,72.97133424046544
59,86.00885263941744,73.00170881626688
59,85.99350216104351,73.0140610133948
59,85.96971250594677,72.9941632299237
59,86.00954962454965,73.00877453724304
59,85.97984880832578,72.9790732600666
59,86.00694502422176,73.04130662208442
59,85.97201701228086,72.96786748315276
60,86.01473483890626,72.98249546839997
60,86.02661538626215,72.98185745764123
60,86.00108631974429,72.98757665518671
60,86.03115318098162,73.03801370272596
60,85.9938580947817,73.01264650380115
60,85.96441598480928,72.9988205307956
60,85.9914231625128,72.9946944256159
60,86.01586873091702,73.04488129360753
60,86.01491038413418,73.00320647010187
60,86.00094286944376,73.01846748994045
60,86.04790796820811,73.00654206043518
60,85.9848920907088,73.03568771314163
60,85.99910902098401,73.03931826841458
60,85.99620200654377,73.02268697784693
60,85.99306810051401,73.0085738773363
60,86.0323683792563,73.03375516359895
60,86.02808413165175,73.01643659558057
60,85.994441892567,72.98810643070388
60,85.99308809724157,72.99798445117655
60,86.04113500933224,72.9905732478606
60,85.99933531143425,72.96964687219858
60,86.01875468540906,73.03657630248158
60,86.00104861382248,73.03879518502114
60,85.97898725358029,73.02572511939157
60,85.99677152952567,73.02135417566622
60,85.9907959807191,73.01400707464488
60,85.99056099078086,72.95881699113164
60,86.01002278687879,73.04612771951882
60,85.97093279940417,72.99080679261431
60,86.02455500397093,72.98276702941186
60,86.02304084471699,72.97608394029771
60,86.0335143359047,72.98619489942183
60,85.99410664252687,72.99708406195519
60,85.99046007166208,72.99372055539226
60,86.02124498028019,72.98326532432942
60,86.03797184314554,73.01905952193289
60,86.03888850486933,73.00787697640884
60,85.95394268112767,73.01372390815031
60,86.01480936006963,73.01979171455378
60,85.98181408324793,73.0028636531562
60,86.00636827770752,72.95186276489747
60,85.96323188860369,73.02039336487944
60,86.03885178475295,72.99731812960805
60,86.02766773584734,73.03256727175116
60,85.9854719104745,72.98996119952407
60,86.01787988287464,72.99977640290051
60,86.03614082636093,72.97920091167373
60,85.99054094916679,72.98803997338833
60,86.00585184390596,72.99521551813753
60,85.99985535861566,73.0035720681421
60,86.01392522721072,73.01130773940352
60,85.97952532480318,73.0312589338888
60,86.0454306803391,73.01194027593976
60,86.01222582778111,72.97928558895387
60,86.02630181866267,73.0179483503369
60,86.03153933102716,72.98097049987712
60,85.95662576539571,72.98380306733236
60,85.96844517222583,73.0217990784725
60,86.01434658122892,72.9858473023099
61,86.01050896787575,72.9663230786588
61,85.98545594262505,72.98344200635047
61,86.01461581259858,72.96131124214965
61,85.95907914892489,72.99830313634888
61,85.99331930827681,73.0028457135697
61,85.99319410429162,72.97584431321776
61,85.98982149060458,73.03247781943581
61,86.01404074993256,72.96564655355598
61,85.99684246553028,73.0151046675585
61,86.00824924607281,73.0421984208659
61,86.03176589709298,72.99265830557269
61,86.00892349889129,72.97225071119429
61,86.02083038432859,73.00955726972695
61,85.99217765555292,72.99287458153991
61,85.99993379066888,73.02946672145725
61,86.02118226836753,73.01497086280118
61,86.00653086363093,72.96150375140793
61,86.0255821084588,73.00373045676325
61,86.0001539122265,72.99361207135249
61,86.040872705255,73.00272225671202
61,85.9556395200467,72.99854432091092
61,86.00428452529262,72.96354610949334
61,86.02436573988697,72.98886385880078
61,86.000373046449,73.00948875338024
61,85.99033363472547,73.02165009959273
61,86.0076326510988,72.99700709325421
61,85.97503190998421,73.01836101738915
61,86.02745334115225,73.02288350487504
61,85.98494845311028,73.00285147367087
61,86.00657224319964,72.98792941697246
61,86.0378939636169,73.02806323438371
61,86.03711004862409,72.99109668667207
61,85.9930735179684,73.00563659363199
61,86.0310693982687,73.02406019842448
61,86.00034783179771,73.00418727472994
61,85.97062130045846,72.9864140359854
61,85.9965940362167,73.04585469862582
61,85.95646865997841,72.9760813220612
61,86.01609145923484,73.02906493139817
61,86.03016744193775,73.01947545159467
61,85.99132544916718,73.03619148040697
61,86.0379026152712,73.01611497870859
61,85.97751660772148,73.00029909594825
61,85.99730522417732,73.03030290287056
61,86.02617663992451,73.04083446096773
61,85.97218221958742,72.96220733327097
61,86.02727433290781,72.96080703274102
61,85.99624513959458,72.99448037858762
61,86.02487058556075,73.00271977336565
61,86.01626587096857,73.04074059482386
61,86.01394139985115,73.04706254285628
61,86.04550378705343,72.99216486583003
61,86.00888204680724,73.04191345974252
61,85.9660690962813,73.00764466214817
61,85.95752116229903,72.99655296660121
61,86.00458983588074,72.96543504648595
61,85.978786917293,73.03181141632375
61,85.98967411517401,72.99313079821196
61,85.95568575627097,73.00374764024342
61,85.95538535124818,73.01056588133908
61,86.03208284135918,73.0358779228639
61,85.99695988717534,72.97639114839045
61,86.0166667027173,72.99712339509679
61,86.01881177314814,72.99326526551678
61,86.00307208892411,72.97765419132362
61,85.95055295122624,73.0014918284958
61,85.98445291468425,73.00049191957574
61,85.97610041162116,72.98218320213682
61,86.01241071425581,72.9964119664539
61,86.01810086368913,73.0144173424059
61,86.02279108392716,72.9910142057832
61,86.01665866388505,72.95474573812956
61,86.02084822518617,73.0258740780336
61,85.9652497677829,73.02780477195773
61,85.96321254414921,72.97606366130393
61,86.01517144429265,72.96542284253775
61,85.9960398888253,72.98533227639105
61,85.98295868561223,72.98887034450156
61,86.01230920648759,72.96405812691918
61,86.0184692196134,72.96011406463609
61,86.02900000832054,72.96958851309111
61,86.01506650659255,72.99025908579999
61,86.02160658896453,72.97002842507429
61,85.99029321544066,73.01196171246319
61,85.9660070636398,73.02266598305894
61,86.0289964053716,72.99218433439655
61,86.03769487523238,72.9883088161167
61,86.01381244523188,72.98028711047131
61,86.03132558928732,73.0039227414519
61,86.01074977002564,72.96056663898678
61,85.9921487327793,72.97433562723995
61,86.03476693731673,73.0028793311456
61,86.00840825717239,72.97812969691435
61,86.00080931244803,72.96968728934282
61,86.02834993441799,72.98915995167654
61,86.01685371902829,72.9933373328924
61,86.02870485750053,72.98186308750388
61,86.02291584648125,73.0321634516212
61,85.98722734546993,73.02189820054235
61,86.02693490293692,72.9972937243017
61,86.01397702738167,73.03254690098026
61,85.97179376362595,72.98551948762288
61,85.97699559201011,72.98102537155728
61,86.01432242445753,73.04287666233495
61,86.0194943344063,73.01894901572314
61,85.95127157134233,72.9949934342142
61,86.02831658717989,73.00711339692933
61,85.96716623818995,73.03505092114399
62,86.01584761816176,72.9637909876912
62,85.95755211395034,73.00220627812656
62,85.9611407244089,73.01101103301801
62,85.97470129003221,73.03702197255475
62,85.98704069692744,73.00485912050974
62,85.99302435375989,73.04399033919294
62,86.0092117702754,73.04829603256553
62,85.97598951266761,73.04148900291563
62,85.9756771918519,73.02653075636155
62,85.99270308767865,72.99437192250811
62,85.97578430206765,73.0319018729967
62,86.02023808885865,73.01622790923095
62,86.0370033975007,72.99400848334531
62,85.98753715514601,72.96700543060432
62,85.98723343888868,73.01966257794709
62,85.97550008240427,72.96195334238563
62,85.97662812255192,73.00948706280877
62,86.03935162561126,73.00720382654477
62,86.01014787213597,73.02447461025572
62,85.98296492477527,72.96068082580942
62,86.04590570660879,73.00196569493149
62,85.95488994301748,73.00786765501306
62,85.9855924315988,73.0315372226874
62,85.96622858360205,72.97894475961934
62,86.0178299048573,72.96448846048106
62,85.98802798789718,72.9586831497491
62,85.96312819314755,72.9681759223097
62,85.99525073297723,72.97464949297432
62,85.97060357980415,72.96540157550426
62,86.00580464221237,72.95427149105035
62,86.01788609969245,72.98418614542746
62,86.02246375627435,73.02600242834102
62,85.97839128655701,72.98396326070089
62,86.0231669258906,72.99956914156266
62,85.9940726111292,73.01495662483536
62,86.00034535501678,73.00886637871339
62,86.02290768079216,72.96611285238147
62,86.03814551521072,72.98474180097435
62,85.99155092455234,72.9901510140599
62,85.99161031198575,73.02583283465952
62,86.04307848977813,72.98821240815884
62,85.97703286093011,73.01094952231601
62,86.03562284488726,72.97231090496618
62,85.97518590118096,73.03571776686694
62,85.97707046781083,72.97743091555445
62,85.98547245406318,73.01286260330713
62,86.0118606036707,72.99222648725366
62,85.99664608088267,73.01517529076445
62,86.00362141948632,72.98810722567679
62,85.99988940272351,73.00806298839413
62,85.96027943709016,72.9826165163653
62,85.97277587798348,73.00680796294738
62,85.98039234780455,72.96874747497534
62,86.0324087942199,72.97068974911787
62,85.95947707133831,73.00567860395259
62,86.02235950160609,73.0152274739129
62,86.03862386987765,72.99783863926523
62,85.99115507332247,72.97731058351137
62,86.01535441566487,73.01424256798478
62,85.95482037332778,73.01019406598049
62,86.00701149497687,72.98538049756905
62,85.95435269409444,73.01892967569472
62,86.0092405783519,72.95372681317274
62,86.03807212965395,73.01529145884378
62,86.01266885894238,72.95894874306973
62,85.99484326556806,72.9760489808167
62,86.0371042337792,72.9894559633015
62,85.98931852755443,72.98147958073092
62,86.01874000654409,72.9589195139645
62,86.04093548409806,72.98023751664634
62,86.01513592211757,73.04133975792206
62,85.99958591313961,72.95618553699897
62,86.00091801508502,73.0268717686478
62,86.03161721922574,73.03863635740588
62,85.98369105160496,72.95299194251811
62,86.01085079896822,73.00009989647425
62,85.99555204594394,72.99224442433493
62,86.02147999334214,72.95763158415545
62,86.0031366471731,73.0175671353772
62,86.03205151534674,72.99022479852252
62,85.98956464285651,73.00547557264515
62,85.96178992417403,73.00285249860536
62,86.00203709118604,73.04128357431429
62,86.00899947536101,72.98528909902734
62,85.96369660962026,73.014103659347
62,85.97766198984834,72.99945626682036
62,86.02527150982739,72.97449361647523
62,85.9908276174754,73.00126286355227
62,85.98830703207616,72.97120903680052
62,85.99381492022121,72.9988913989849
62,85.95495643042948,73.0162633682446
62,85.95808635891258,72.99054917668799
62,85.98124236737807,73.0243016616404
62,86.0190681219228,72.99016178533122
62,85.98926189646619,73.01594705505181
62,85.95795638470474,73.01237410923488
63,85.97091933552964,73.0042239587676
63,86.00998347803856,72.9826120905342
63,85.99493080514124,73.02171988776183
63,86.01019571468377,72.96895212331532
63,85.99592752411722,73.02033129838364
63,85.97761981835926,73.005459006489
63,86.03677691604027,72.9888636876787
63,86.01852374994893,73.0159262693985
63,86.0218414648155,73.03473966098244
63,86.02020817433632,72.98406296861097
63,85.96788624636382,73.0131644794154
63,86.0299774773465,73.01220823693473
63,85.9576220192695,72.97929071468234
63,85.97279508682911,73.0114454091536
63,85.95745102254861,72.99095932012098
63,86.01051314247883,73.02783927222919
63,86.00313433068686,73.03059965623407
63,85.9714977852037,73.01115875562529
63,85.98251229974579,73.01197796311857
63,86.01504791473856,73.02511030744961
63,85.98754139543158,73.03358556079371
63,86.00214065906631,72.9915969331083
63,86.0026972715925,73.01324179851639
63,86.02915823830726,72.98453456933747
63,86.03665652520367,73.03262900741223
63,86.01057742191733,72.98672099196438
63,86.01230468645068,72.95261261165429
63,86.00776294648462,73.00556554511297
63,86.0053814074007,73.02272266859393
63,86.04178205849182,73.01389415621368
63,85.96430985791898,73.0031291144628
63,85.98335069817493,73.01609324344763
63,85.95343807103059,73.0161115250114
63,86.01261138024299,73.0348859109617
63,85.99244210338026,72.99324424579208
63,85.97049605233795,72.98440958788854
63,85.98659795465038,72.99723232088104
63,85.97667782633945,72.972723982336
63,85.98522724663168,72.98852516203841
63,86.0076085920241,73.00169995207685
63,85.98624905616626,72.96152282641032
63,85.97673288405157,72.97654956561034
63,86.00748536774428,72.96105496657395
63,85.9565264660555,72.98378806745751
63,86.0003027489783,73.02922034783371
63,86.02771980505796,73.02753832606726
63,86.00706148867435,72.96583808402299
63,86.0053947155488,73.01276428704847
63,85.96979613004385,73.02957664685384
63,86.03329739639716,73.00051826859725
63,86.01587968609317,73.03790975377204
63,85.95986762439634,73.01807776962787
63,86.04936886931627,72.99332605490828
63,86.014084717422,73.02666208316413
63,85.98273070599403,73.00144326628266
63,86.02749936691711,73.01395469390462
63,86.01282282467837,72.9847875295713
63,85.98915241565743,73.00487421628634
63,85.9936352735713,73.00073745781664
63,85.97050551804416,73.03334846668139
63,85.95705058850851,73.01082018385085
63,85.95922173588997,73.0210951974271
63,85.96209274299018,73.00280507641969
63,85.98183631788447,73.04589824498555
63,86.02361479891499,73.0387383589692
63,85.98217762003753,73.00605089332274
63,85.97804286508519,73.00308899959607
63,86.00330223581886,72.95359874162881
63,85.98522168518116,72.99667688984012
63,85.95877462669617,73.02492028910946
63,85.99118071846544,72.96663203335397
63,86.00607590765445,73.04790337582851
63,86.0406857782486,72.99948694609336
63,85.99533695797676,73.020081868396
63,86.01150868280864,73.04417368586356
63,85.9882673988913,73.04768440414072
63,85.98300269068721,73.02281414669208
63,85.99097190490131,73.02551674128625
63,85.98674571690208,72.95551421914317
63,85.97513475656194,73.03870064788202
63,86.01348352154085,72.96653823515662
63,86.01737059148402,72.96961459001626
63,86.00788603963629,72.96758941067678
63,86.02866320940846,72.98621508334524
63,86.01686747310791,73.02328403269223
63,85.96956515106487,73.01143679616554
63,86.00542271218141,73.01301494374582
63,86.01253883148252,72.96630125794948
63,85.99438374269715,72.96236769352126
63,85.97174933147953,72.96719420221255
63,86.01651042263819,73.02399170680461
63,86.00645280027061,73.00520300362719
63,86.00225008721817,73.00266753073386
63,86.03682455116785,73.0153683576162
63,85.9545864998556,73.01585982783435
63,86.00858865069134,73.0252964823226
63,86.03111895683243,73.01627363044537
63,85.96428638985178,72.98313569109169
63,86.0361680468672,72.97138721508603
63,86.02431156145038,72.96568476693076
63,85.97933335154158,72.99482617208892
63,85.98663213997203,73.01921851075436
63,85.98599463205773,72.97594119270288
63,86.0423472007906,73.01872842292622
63,86.03196275543564,72.97404218293843
63,85.99504543774434,72.98244473993358
63,85.97766198984834,72.99945626682036
63,86.00180883475076,72.99614672254528
63,85.99524115228562,73.01217565478233
63,85.97317207650904,73.02864790021478
63,85.98959603026822,72.99822514931235
63,85.97311535690325,72.99962319043273
63,85.96418352164405,72.98518368783115
64,86.00987390535882,73.03380644957304
64,86.04280855419526,72.99425365544316
64,85.99812997154966,73.03514062054002
64,86.01727158408968,72.96289670873622
64,85.96323188860369,73.02039336487944
64,86.0074257413364,72.95528262689989
64,85.97162236136472,73.02955861100295
64,85.97012237313238,72.97906089987164
64,86.0446432148718,73.0033665170433
64,86.02472172904875,72.95989620777915
64,85.97853226511731,72.998557416179
64,86.01102935222787,73.04807747462122
64,85.99480987818764,72.98350269603581
64,85.99409734455652,73.04079301374763
64,86.0198981591735,72.97593836917946
64,86.02928546624007,72.96252694422898
64,86.04455884772385,73.01041186664699
64,86.04302476481367,72.99007222865897
64,86.02876661476282,73.00841843058917
64,85.96051661884395,72.97698757289176
64,86.044197797768,72.98976182662075
64,86.04010034667027,72.9715370142303
64,85.98647465194695,73.00921106037626
64,86.01329719789753,73.0065482160417
64,85.97600958186452,73.00563101883277
64,86.00525184719154,72.95291177216757
64,86.00488567328985,73.04887660787594
64,85.96038636055714,72.97910497659478
64,86.007647012727,73.0059250635969
64,85.99227032716838,73.02388416192149
64,85.97711003652546,72.9661706525391
64,86.02431570002467,73.00421930276357
64,85.96004773196542,72.98544280564282
64,85.98852975860426,73.01162976406532
64,86.02965392629629,73.00089478946647
64,86.02916142050523,73.03533093705092
64,85.99738464730741,73.00644639306377
64,85.98051254491335,72.96236180902277
64,86.02509257454317,72.96869162403412
64,85.97983957499109,72.98925949448153
64,86.01569882993812,72.98871952911219
64,86.01311170704909,73.00670538772175
64,86.03171762544939,73.03699400995723
64,86.0427510684457,72.97710954834231
64,86.01863403191417,72.97668435716028
64,85.98643160011933,73.03314358020701
64,86.0059438532575,72.99595692704172
64,85.96880836380687,72.98918134586924
64,86.03589923474033,73.02344170832868
64,85.99868545199271,73.02224683660468
64,86.02811954432167,72.96382596871152
64,85.99749581143571,73.03881243450252
64,86.01256453976657,72.98244933287937
64,86.00076399707494,72.99543780833983
64,85.97944544775476,72.96164613519234
64,85.98890383519509,72.99460379452354
64,86.02598040613945,72.96893759720552
64,86.01194532051903,72.99398594642078
64,85.97437887664925,72.9591198662846
64,85.99047924624406,73.00144849634486
64,85.98660054326844,73.02026959766805
64,86.02057228873257,72.95587243725024
64,86.01987970825701,72.96997621495655
64,85.99024262618342,73.04708280146394
64,85.98796383244408,72.99212475009027
64,85.95572586212066,72.99531660129041
64,86.033578788471,73.00787395299923
64,85.98015491291387,72.99051472724233
64,85.96228189966332,72.97598616583016
64,85.97930688910436,72.967080136504
64,86.00156130033047,72.99519398910554
64,85.96916936358969,73.02652084647234
64,86.02484325486658,72.978317182052
64,85.99089989456141,72.98106273954089
64,85.98820748411465,72.98742350320025
64,85.97487257135448,73.02955661073737
64,86.01514327974276,72.99520261042991
64,86.04772154120407,73.00690321599231
64,85.99288298976205,72.9635135070634
64,85.99752029564053,72.98982956016722
64,86.01272885863015,72.9677815442204
64,85.99585879931499,72.95752048649169
64,85.98923972875697,72.98534621703568
64,85.99742177892803,72.98040815463959
64,86.0121217799104,73.04527206304218
64,86.024256778326,73.00636090357696
64,86.02120074054739,73.04390769659348
64,85.959299243003,73.0018756814988
64,85.96742256204186,72.99442538008623
64,86.03561970664458,72.96928779286885
64,86.01119239268715,73.02786531397244
64,86.02251983846013,73.01691267089926
64,85.96574040965804,73.0207802235722
64,85.98522724663168,72.98852516203841
64,86.01892978162685,72.99645864215073
64,85.98573946423002,73.00732803842878
64,85.98739466957166,72.9566146989416
64,86.01659087901639,73.04225648125193
64,86.03955253065185,72.99106417379082
64,86.04711702567838,73.009734848001
64,85.99564506236862,73.00851282489728
64,86.02115425678068,73.02613598560932
64,85.95473338111971,72.99214559519741
64,86.01705884726408,73.00355271835964
64,85.98573408577998,72.99118273902792
64,85.99468848039052,73.01744814450022
64,85.99554339182387,72.98512827689281
64,85.98166853806113,73.00247358118344
64,85.96732332103632,73.0280929704675
64,86.03368781220198,73.01701321111608
64,85.98117568427129,72.96430255756114
64,85.99435023279408,73.0357444498885
64,86.00955561637112,73.00883016436656
64,85.95494149982089,73.00656879149884
64,85.9668367604026,72.99409187493058
65,85.96085910814756,72.98872183671546
65,86.01389767550742,72.98001280176773
65,85.97101094314294,72.96831412129043
65,85.96060872779549,72.97921854470812
65,85.95689747798143,72.9832036227557
65,86.0253586438444,72.97442636485756
65,86.02622781871827,72.97917158487142
65,85.97419411539141,73.0329349676594
65,85.99694713108455,72.989763968115
65,85.97360471792625,73.03399324763005
65,86.02095016476173,73.01095134922866
65,86.04711702567838,73.009734848001
65,85.99674197716129,73.00940940177493
65,85.99401217268533,72.97643661322172
65,86.01726497523491,72.9768899964164
65,86.01223830637392,72.99435583209495
65,85.99845506449083,73.0159853663439
65,85.98784334580503,72.98810510434924
65,85.99982793666166,73.03339445509067
65,86.01750432077424,72.98441308448882
65,85.98430019378759,73.01843920214422
65,85.98142067188556,73.00778588060832
65,86.02431737111979,72.97421688999586
65,86.03543717764833,72.98018745729377
65,86.00891518010728,72.98990587938593
65,85.98522168518116,72.99667688984012
65,86.02793703924182,72.98413008312424
65,86.02585790117669,72.98131930885901
65,85.99069598110147,73.02592003386894
65,85.96287990327782,73.02454889664851
65,85.98053632032725,72.9602187977814
65,86.01775060982075,73.02402567715936
65,85.97637532526252,73.00742842926324
65,86.01636681431481,72.9899773801357
65,85.96322772013845,73.02547672150291
65,86.02662254004052,72.98061798929828
65,85.96552553417284,73.0169469731089
65,86.04036076892284,73.00519615776851
65,85.97339473351984,73.00946494477202
65,85.9627640997156,73.01764046107907
65,86.01276481956089,73.04229396348434
65,85.99094567781977,73.00911953900906
65,86.00413287503484,73.04530480994609
65,85.98482560038036,72.98278387973333
65,85.99466860133505,72.97436133310555
65,86.02112745668796,73.0130395599746
65,86.00072169215836,73.0149053293666
65,85.98755018587042,73.01363284989348
65,86.00992975479188,72.98169681348118
65,85.95261596405668,73.01544625319303
65,86.01078120199497,72.985901174775
65,86.00385803825594,73.04400300195896
65,86.03943788823958,72.99089105229234
65,85.97905950607904,73.0428542960451
65,86.02822362306387,73.0110226685998
65,86.03865788798248,73.02828516639792
65,85.98656863187126,72.99575977874329
65,86.01213344517022,72.9996346309269
65,85.99096537495612,72.96918517773508
65,85.97983841324348,72.98201298528983
65,85.9953343514705,73.01944462891558
65,86.0231387955681,73.0339884487914
65,86.04325764652587,73.01610896588411
65,86.02542213642776,73.00598522807888
65,86.00584733704316,72.9875056120739
65,86.02306545489861,72.95816336343107
65,86.04283219499185,73.00087254104034
65,85.99477732649005,73.00714421868146
65,86.00051982439854,72.95881646064285
65,85.96330218013992,73.02506213533736
65,86.00973577090342,72.9890824377752
65,85.96595072683625,72.97862157139936
65,85.98751310851324,73.00502320258892
65,86.0299185333861,73.02573819380223
65,86.01374788264354,73.03833274283558
65,85.99418247179348,73.03934419661265
65,85.95441303948861,73.00630588180323
65,86.00066103791708,73.02960579645709
65,85.96905198109422,72.98946574711695
65,85.9895536777666,73.021869244438
65,85.99548152485075,72.98739759124598
65,85.97685379214923,73.02258718780962
65,86.0450200930448,73.00907397985095
65,85.99948802541088,73.04858972022468
65,85.95245775227832,73.00212666614608
65,86.03507701523728,73.02600996061459
65,85.97775404111842,73.04329910649798
65,85.99955091494834,73.00547521099054
65,86.02238414105405,73.00822609843746
66,86.03149903154203,73.01602811756605
66,85.96820002778985,73.02751841881738
66,85.97901892580813,73.01557445889071
66,85.98630056344257,72.96346895970457
66,85.99125728000278,72.95201886381803
66,85.98184312937698,72.99804095013603
66,85.9859877646511,72.98571283526283
66,85.98755275831901,72.99144829964524
66,85.99644116500139,72.99791739650881
66,85.98802843093078,72.99978918509306
66,85.99104190856998,72.98748708790221
66,86.00438525120205,72.98812252440268
66,86.02628080422639,73.03270075665269
66,86.03492955285891,73.03422937100845
66,85.99140924251347,73.0321789852861
66,86.01860197815684,73.02573073510243
66,86.03994790066787,72.99407715583209
66,85.98091552106284,72.97077537101295
66,86.0290159922348,73.02535246129331
66,85.97188692857796,72.99034870441712
66,86.04761523733627,72.99591186710754
66,85.99907326881112,72.98794946956887
66,85.97961707104504,73.0005065989203
66,86.01050800223281,73.01733262593582
66,86.00270896054847,73.02915219090893
66,85.96020221057617,73.00642344281192
66,85.99610170664221,73.02439615084599
66,85.99944629083768,72.9752420770033
66,86.04559725469055,72.99333624122269
66,86.0467977336054,73.01401905405127
66,86.01890260546432,72.99064356365096
66,86.03072991532265,73.01930815736986
66,86.03761639649281,73.00848363801194
66,85.98195860256895,72.99059668410172
66,86.00926956642108,72.9967841613011
66,86.01861160875286,72.97017929336195
66,85.97632471575388,72.99995713157689
66,86.00813816415683,73.03606854899787
66,85.98089778317559,72.99753902241612
66,85.98754226687058,73.02723850741339
66,85.98691010333032,73.01404695572565
66,85.98284718078152,72.99208368759237
66,85.99087350630258,72.9522200562446
66,85.99703098179175,73.02521188330788
66,86.03389334146542,72.96604333497973
66,85.98113853456202,73.00863631434093
66,85.99899893107592,72.9996162415721
66,86.00653914107801,73.00672891906464
66,85.97601876828894,73.0350600101547
66,85.98752584182245,73.02534504970382
66,86.0038117771582,72.99984504337353
66,86.01521395192638,72.99371532007677
66,85.95698794923194,72.98455783490544
66,86.00206802934149,73.00299101316463
66,86.01923518735781,72.97253771907351
66,86.04989712101771,73.00250458007527
66,85.96143623852473,73.01039505503334
66,86.0206515826793,72.9589331192445
67,86.00146038480631,72.96596330744298
67,85.98383661947385,72.97645435800284
67,86.01578852819684,73.00427235715753
67,86.01025425173438,73.01394160081426
67,86.00127635673707,73.01707354126019
67,85.97712007157583,73.01510427630284
67,85.99492981111818,72.99049850723927
67,86.00107729195103,73.04976881866189
67,86.03646289187577,73.01934103303047
67,85.98258688129555,72.97750791730499
67,85.9610393986501,72.98853893620993
67,86.00152838783731,73.034962833877
67,85.97153081751948,72.96364787350493
67,86.0441980735761,73.0052496369716
67,86.0123498411622,73.01490649925803
67,86.04808146162978,73.01121686630562
67,85.9739302386535,73.0087563774732
67,85.98904146115176,73.03502448043164
67,86.02782751891044,73.0225316545909
67,85.99882055775352,72.99828028378703
67,86.04824616642846,72.99609873796227
67,86.01768469602263,72.96455941399525
67,86.00612948672128,73.02354393904696
67,86.00907691921356,72.96721233695038
67,86.01485641350057,73.0014891163712
67,85.98791646539902,72.98287958205034
67,86.02883455280836,73.00239518118296
67,85.97100944700234,72.98257258984714
67,86.02774628427433,73.03329744785384
67,86.02146223223362,72.97427068944478
67,85.98425345817378,73.00596482840504
67,86.04172121980935,72.98921902052038
67,85.96153261450728,72.97581035065278
67,85.98890206833553,73.01299344927541
67,85.96052626495829,72.995108142952
67,85.95522760410817,73.01327885671644
67,85.95983172803061,73.01113353187652
67,85.97903057732285,73.03537195627831
67,86.0416421518264,73.00963377999557
67,85.98600420079461,72.9676547583799
67,85.98462043661304,73.01210634877654
67,85.98664696656697,72.97943479255287
67,85.9685660612945,73.03726217743822
67,85.99330847740399,72.99980307327615
67,86.02408742925827,72.97185588760283
67,86.032737514258,72.9757448943645
67,86.00125806615127,73.04659210679768
67,86.01393012194092,73.01096925616388
67,85.9872576974213,73.01482658586069
67,85.9744848812915,72.95855894362235
67,86.01880606649439,72.96150098392422
67,86.0034420855254,72.96193038409304
67,85.97841946726662,72.96916071782877
67,85.96261317348389,72.98066732386033
67,85.98624019742304,73.0053453389798
67,86.00557431590299,72.95714741495021
67,85.99513436631969,72.9889616684156
67,86.02993912179824,72.99056527614071
67,86.001700189903,72.99657342843169
67,85.97301221821932,73.02983409884025
67,86.01051199808497,73.04553928398508
67,85.9745321217532,73.02214277646142
67,86.00405245020487,73.0260956582893
67,86.00215900120202,72.99498159706538
67,86.01043122153266,72.97387669868449
67,86.0327140957333,72.96257085355242
67,85.9567220616068,73.01666687004692
67,85.96561285718425,72.97786254039748
67,85.95898897919335,73.02472215843656
67,85.99775866307606,73.03899570044524
67,85.98027666175733,73.01535175138143
67,86.00678499102621,72.956122921635
67,86.00628271528954,72.97293566304002
67,86.0006496227499,73.02061434401378
67,86.0015494762008,73.01737730718253
67,86.01506190955021,72.96312647204455
67,85.9765426110241,72.98531148900697
67,85.99436088797532,73.0378433685555
67,85.99948640898417,72.99670714219782
67,86.00674108576074,72.96062079745751
67,86.02078962626005,73.01085279645825
67,86.00077446330108,73.03339762750606
67,86.0198360538505,72.99423891557359
67,86.0027250519741,72.99001634745913
67,86.0132801092336,72.97929434474297
67,85.99622044605005,72.98311447109094
67,86.03909685250318,72.995018271775
67,86.01402013324261,73.00824859723673
67,85.98204855345386,72.9713787027666
67,86.0186998207056,72.98251289963812
67,86.01215497388839,73.0159112646522
67,86.0250837581311,72.99389295818052
67,86.03477348415726,73.01328517668516
67,85.9716402892326,73.02476277295989
67,85.98029819141358,72.96967384487074
67,85.96634874626201,72.97677115827845
67,85.98385199077327,73.0171532924018
67,85.96657777853994,72.99554372120481
67,86.0417421379582,73.01670106766481
67,86.00607618530309,72.96445577767366
67,85.99653479382445,73.0306699163412
67,85.98423007463899,73.03029638523051
67,85.98857294081141,73.00916284331558
67,85.97559086626784,73.01341771140025
68,86.00528636433368,72.98484112242889
68,85.98892023504794,72.95631059408542
68,86.00759740930587,73.01927359092082
68,86.01728104722565,73.02280016297058
68,85.99156988471589,72.99061456185929
68,85.95685787003633,72.99809603482697
68,85.99061211505142,72.98789636698433
68,86.03758750972362,72.97863194372798
68,85.95745102254861,72.99095932012098
68,85.99680222548858,72.9801616708231
68,86.02046084763325,73.0195464569898
68,85.97818474009686,72.96868984904872
68,85.98230753962756,73.01420819177054
68,85.99666078910764,73.04547748588693
68,85.97506888500746,73.00071452171416
68,86.0020286286136,73.03309915109709
68,86.00422032886026,72.97232632510752
68,85.97974642952555,73.00472551717797
68,86.01530168959182,73.00921700845402
68,85.97816276562658,72.9624904594947
68,85.96308938098976,72.97017102086669
68,86.01589639974954,72.97048253022288
68,86.02106098580899,72.97524283761295
68,85.99949666743967,72.99640511273056
68,86.01328916830498,73.0377698363374
68,86.03116632132678,73.02995087868122
68,86.01258170579545,73.04338989784135
68,85.98164370585458,73.01365289214594
68,86.02668077881357,72.99825646477655
68,86.04866147322555,72.9952600635872
68,85.96675107850184,73.02219967139442
68,85.9716158226978,72.99608997402356
68,86.0023451384168,73.0430499999075
68,86.00270818080871,73.00949517065791
68,86.00935702817472,73.00413451836906
68,85.96818755724098,72.98618103975498
68,85.96568046775562,73.02590646935003
68,85.97162236136472,73.02955861100295
68,86.00325242494064,72.97313567663556
68,86.0315980925183,73.02691901425561
68,85.99797350112935,72.98108778170685
68,85.97702481185756,72.97605767109883
68,85.96822531964591,72.97795174464511
68,85.98200776505786,72.9702253178954
68,86.01330285729634,73.01812621208555
68,85.99335120199,73.04262651625214
68,85.99536507917256,72.99724547100047
68,86.04090019273957,73.01101828836516
68,85.95755211395034,73.00220627812656
68,85.96067877047541,72.98018474826105
68,86.02363840723513,72.99400600367407
68,85.98712592571987,73.02590085640902
68,86.03390070469328,73.00280722094068
68,85.9716402892326,73.02476277295989
68,85.9767528746483,72.99780917462702
68,86.03140850091387,72.98105451709831
68,86.03817699864227,73.02137233314812
68,86.03005365164718,72.96052167826343
68,86.04379527687297,72.97920972462752
68,86.02798451525393,72.98673537310614
68,85.97944805930105,72.99312429143437
68,86.0218114645036,72.9779432187425
68,86.02493537410173,73.01506907053678
68,85.95998189950524,72.97991918381128
68,86.04749087615897,73.0098893743604
68,85.99757977932818,73.02249505158149
68,86.0349779097646,72.98294854050032
68,85.95656649857973,73.01932256888247
68,85.9923062112769,72.97796363124277
68,86.03393714925825,72.99488677912444
68,86.00331394266759,72.99256409064176
68,85.973156607559,72.95820821826382
68,85.97297039527005,73.01695371922246
68,86.00017337805427,72.97783920892695
68,85.97539166612052,73.038700913127
68,86.0216332746615,73.03852735839942
68,86.01889687339268,73.0054013497486
68,86.00204406299778,73.01028805469224
68,85.99049750588028,72.9775271488307
68,85.99449551214346,72.99002754106647
68,85.9660982789752,72.9726422907669
68,85.9873729602067,72.98706603222537
68,85.99259675047573,72.98819611685646
68,85.98317798148764,72.95537015347693
69,85.96769759292205,73.00245085406151
69,86.01353583709285,73.00985083498918
69,86.01325858264923,73.01443410633385
69,86.01213480006243,72.98316916094988
69,85.98934944844338,72.98974735258564
69,85.9999253234568,72.96697311504086
69,85.98052902349626,72.96263518614036
69,85.9926731284297,72.98185557182467
69,86.0313359787535,72.98677904059386
69,86.006119929029,73.0292757607525
69,86.00579529319339,73.0252155434108
69,85.97782654808375,72.9839069005808
69,86.01219224077174,72.98206561681162
69,86.00732822983319,72.97936766171374
69,86.03626166495732,72.99853753791291
69,85.99560835072262,72.99729348785095
69,85.97585948246224,72.99698391516075
69,86.01496326395511,72.9646598891546
69,85.96879064046294,73.00415748356646
69,85.9630789792686,72.98209241264702
69,86.00486228415069,73.02797498951267
69,85.96866186831693,73.02669677669803
69,85.97448455806018,72.96916452915758
69,85.9949719552852,72.98899537289411
69,86.02971558194213,73.02281722467956
69,86.01858340109725,72.99037735898354
69,86.00952245975715,73.01166033645222
69,86.00256955359545,72.99870616814803
69,86.01303045511663,72.96059345677455
69,85.97869645193383,73.0066811261436
69,85.9553907176791,73.00410507097769
69,85.98749317111026,72.98237311026264
69,86.0057323872479,73.02239919897812
69,85.96497082346596,73.00276611752759
69,86.03925870832046,73.01635117766392
69,85.98942523573437,73.00677042586622
69,86.01468269427932,73.04313290800525
69,85.98600420079461,72.9676547583799
69,85.95295451247848,73.01514867459505
69,85.98028723291074,73.03954585276071
69,85.98582090380455,72.995498268244
69,85.98271632822751,73.04438201445156
69,86.00612948672128,73.02354393904696
69,85.96547828131173,72.9682292674307
69,86.0360773267788,72.96791177800648
69,86.0328910805074,72.99381029127939
69,86.01582058728394,73.01896392696283
69,85.99685219528148,73.0164464555256
69,85.96482414863732,72.97885542399641
69,85.97692232175869,73.02166396420805
69,85.95366495691384,73.00765425248447
69,86.04122152539762,73.01909532226898
69,85.97524098196284,73.02128886606283
69,86.00833519615249,73.0030322487838
69,86.01856224990416,73.0177904930245
69,86.02843408854702,73.03711492223543
69,86.01943290862005,72.95984701037987
69,86.02173399993977,72.98086707759074
70,85.9873812023664,73.00430452179576
70,85.96888699329917,72.9616779016397
70,86.01110905612043,73.04128945211515
70,85.9845210350002,73.00365630776135
70,85.99385182863759,73.01045717203054
70,85.98983252201441,72.99441779054025
70,85.9545876789111,73.00241285023478
70,85.98262976085705,72.99223749529293
70,85.99901413499789,72.9681626147881
70,86.00510618026365,72.97723318407506
70,85.97902936499939,72.96875664691332
70,86.00425251595924,73.01466983960164
70,86.01958673167888,72.9943093641673
70,85.98153633484102,72.981377746188
70,86.03198017979976,72.99176261707353
70,85.98366209209514,72.97780655309356
70,85.98659799002274,72.98535889212722
70,85.97900403357407,73.00535460229918
70,86.04786066050964,72.99687528886882
70,86.02321208689118,73.03175732651783
70,86.01872463672305,73.0097681058458
70,85.99245450607677,72.99049491903945
70,86.01282118845799,72.99291903074017
70,86.00051492482001,72.9862598373106
70,85.95181086730676,73.00770729883384
70,86.03738696459044,73.0129048229567
70,85.96663382762982,73.01580325924462
70,85.95335340802163,73.00019663197388
70,85.9561234714692,72.98402200709626
70,85.98906878690312,73.01010948674889
70,86.03207547521511,73.00615199143053
70,85.99581179613882,72.95426183761883
70,85.9673846539093,73.01081597245657
70,85.96783169465472,73.00048273770564
70,85.99823825794553,73.01746471481283
70,85.98331298605517,73.00051479224865
70,86.03892962750855,73.00247331819683
70,86.03556655680276,73.01649993643647
70,86.02072634888911,73.02213226206058
70,85.98478282596344,72.95746298459468
70,85.95746538190498,72.98377350631426
70,86.015604137568,72.9533803209174
70,85.98568720125097,72.96165943146829
70,85.99608276810145,72.99198762875223
70,85.99252998334742,73.03037316284764
70,85.97021086280277,73.0106693295996
70,86.01242862688791,72.99397810592849
70,85.96006113718077,72.99032609704201
70,85.9822313821435,72.9915014336166
70,86.03050261000897,73.01503587898469
70,86.01750003118335,73.01693006711373
70,86.04819260165274,73.00212827525688
70,86.02925684758573,72.99386071793337
70,86.00750756959484,72.98302204263857
70,86.04232168741738,73.00150774580774
70,85.98531073430331,73.00310143301436
70,86.03167453150536,73.00024032192445
70,86.0073812785995,72.98142554017778
70,85.97408259975423,73.00137946648161
70,86.02234336881541,72.98705792402444
70,85.96784707344104,73.01091978401071
70,85.96592295676572,72.96976836707597
70,86.01486529146305,72.97319286146643
70,85.99444476240572,72.97697872830977
70,86.00004451935507,72.98385929018298
70,86.03694391469138,72.98685669594786
70,86.03153462336498,73.024437842525
70,86.02252776239105,72.99969509141695
70,85.98196108545034,72.99947193441648
70,86.00802559668632,72.98858279800068
70,85.95640573259713,72.97875379283042
70,86.0139433106675,72.96693702233796
70,85.99028276238501,73.00910009765863
70,85.97103825626364,72.99119620245682
70,85.96525377301028,72.99772230800453
70,85.987156124655,73.01228277140004
70,86.04798747019206,73.00064448883471
70,86.03958768087026,72.99290557464862
70,86.03117032761831,73.03464060801609
70,85.9765426110241,72.98531148900697
70,85.9942814087401,73.04449836694909
70,85.98560508973132,72.98308110849307
70,86.02801226901641,72.99341700700636
70,85.95721958789542,73.02222175718163
70,86.01684016987954,73.04299803161997
70,85.96058120174956,72.9710902830328
70,85.96939010733196,73.02714352971486
70,85.96429338500587,73.00342062129843
70,86.01134216889459,72.98198634823665
70,86.0381804752012,72.99082943983846
70,86.00480706446305,72.97288740168912
70,85.98702359380219,72.9953294941598
70,86.03337723683153,73.01248496537508
70,86.00569000102925,73.02767615299703
70,85.98405374912821,73.04642823011726
71,85.9777327139906,72.97472843191554
71,86.00157918109538,73.04861310219702
71,86.0236398387499,73.00421766061409
71,85.99786352375631,72.99861068838469
71,86.01757989304362,72.96770655858356
71,85.97842740996326,72.96978061522796
71,85.96230016473079,72.97485041076249
71,85.99919020304444,73.00994755130317
71,86.02615590812461,73.004074972905
71,86.04731929977511,72.99701008593199
71,85.99784865684293,73.00860107264023
71,86.00993067626115,72.98505734795756
71,86.00642467008588,72.98433977882613
71,85.97714687093756,73.037792102025
71,86.00769135725318,73.00600569093011
71,86.01602620883874,72.99269675957929
71,86.02781556882547,73.00566678544342
71,86.01112634744914,72.97896070405521
71,85.99672923787452,72.95545085712367
71,85.99819959453987,73.01622994170651
71,86.03101146042536,72.9843534105822
71,86.04012759123621,73.00284733842432
71,85.96576673151614,72.96430770000693
71,86.04673263859016,72.98915247338272
71,86.0121902860255,73.01747097732968
71,85.99834053668899,72.96902760930853
71,85.9748502130957,72.98423934203608
71,86.03875351680665,73.00957037320403
71,85.9789631794364,72.96366165890046
71,85.95861560112535,72.9882387367806
71,85.98075013126827,72.98722638236443
71,85.9912394091241,72.97665287648684
71,86.02593719611383,72.99151044279365
71,86.0185927910709,73.03444475922954
71,86.01011204323713,73.03271553560505
71,86.02034077784045,72.96677566026688
71,86.00109465759785,72.98145928536748
71,85.99479476767667,72.98516537331848
71,85.96381987077793,72.97727395194771
71,85.96190958641012,72.97074120293316
71,86.0241567719162,73.03391131572279
71,86.0126040862339,73.04031875931976
71,85.98092464356064,72.97077693345545
71,86.02462867794426,73.012924665804
71,86.00384790064824,73.01167505237036
71,86.0452343388737,73.00633705911902
71,85.98465028798064,73.01458628636315
71,86.02112925503951,72.97787892100459
71,86.00733643674276,72.98834098334376
71,86.00231922528542,72.95759615905924
71,85.9812705903824,72.95985617069678
71,85.97579815036086,73.01160579705117
71,86.01841567356298,72.99222654528013
71,86.01771012235059,72.9672524146545
71,85.97993773690119,73.04211608001344
71,85.95823454444874,72.9744986743619
71,86.00156428128554,73.0181677168203
71,86.04276853439832,72.99713546558748
71,86.00957665114882,73.00234522240409
71,86.02113282887736,73.04487488925027
71,85.99284700114724,72.96501072230637
71,86.03155102940981,73.01765893306609
71,85.98904130985837,72.96166480573591
71,85.98408059009051,72.97169903597234
71,85.96554063595853,72.98911692940881
71,85.98499674861802,73.0143492579526
71,86.02649553639354,73.03475631237242
71,85.99840421545478,72.97990699822084
71,86.01181127489191,73.00520315900641
71,85.9640597399365,73.0142411044905
71,85.9903860018528,72.99508904827094
71,85.98364743156966,73.00764636720871
71,86.01967846148037,72.98982565932373
71,86.03948191353118,72.99681621660766
71,85.96979613004385,73.02957664685384
71,86.01923836128687,72.98195724959248
71,86.03594162978933,72.98641204643714
71,86.03043944350341,73.00596032658898
71,86.00540698089121,72.99116523894608
71,86.0130111440349,72.99527748508157
71,85.95155555038777,73.0065481864102
71,85.99492652484975,72.98851614038011
71,86.01920575943618,73.036469961059
71,85.98015086140155,73.03618196243504
71,85.99044973254736,73.01979631300533
71,86.00228429109858,73.04185132947418
71,85.99030870181565,73.00514868683133
71,85.96343056247191,72.99133228971722
71,85.9900513090138,72.99119606771238
71,85.99977684534399,73.0144996626824
71,86.02296955458169,72.99003961242016
71,85.98217208013922,72.98943096881636
71,86.00677731854269,72.98456803439892
71,86.03626699529103,72.9912730768799
71,85.95431288955899,72.99925525181762
71,86.01999811771346,73.00694751312406
71,86.0430007164017,73.02529229225368
71,86.00723454720168,73.04018191233389
71,86.02353149895413,73.04314711650444
71,85.9732888964548,73.02638528590137
71,85.95705987014496,72.9964829948619
71,85.98941206343059,73.0188281910674
71,85.98242983403814,73.03572980053083
71,86.00873926977027,73.00114994277958
71,86.02206859386693,72.97966126719585
71,86.03003964032128,73.02335778970654
71,85.96236246075254,72.9998541399042
71,85.98660054326844,73.02026959766805
71,86.01476552463798,73.02782079216678
71,85.96451486588386,73.02486958586819
71,86.01953401309245,72.98804910629075
71,85.98347563982985,73.00146120382568
71,86.00438047342757,72.96752533809813
71,85.99435070266831,72.99356224758675
71,86.02453254804037,73.00171338938455
71,86.00938600976824,73.01287619008616
72,85.96662201092882,72.97695883682648
72,85.99781614815862,73.0289402232448
72,85.97752573017584,73.01624820448241
72,86.01064249541054,73.02302208071384
72,85.983792700571,73.01829888823374
72,86.0065824376996,72.9684812056149
72,86.041954016709,73.02505312819191
72,86.04004079889911,73.00617100554125
72,86.02151568946364,73.00133844222113
72,86.02317912484848,73.01409411103488
72,85.99408258896683,73.01040272714947
72,85.95985725162352,72.99391908230376
72,85.96312175000244,73.03087068936627
72,85.97533834522231,73.03413043336408
72,86.00651287284315,73.03163452970766
72,85.99231424582308,72.99695748571244
72,85.97989061548034,72.98810848623229
72,86.01994237310103,73.0239534381002
72,85.97196998559843,72.97077744319195
72,86.01917676599453,72.97032079725007
72,86.01078120199497,72.985901174775
72,85.96579964837066,73.00939913738593
72,85.99827037768603,72.95253360678696
72,85.98680253001189,73.00173882882524
72,86.03998141441741,72.99436149493035
72,85.99944629083768,72.9752420770033
72,86.01638067643773,73.00020187405384
72,85.9840539442063,73.0148080988232
72,85.98863328426916,73.01142813841149
72,85.97060861121841,72.97924936461536
72,86.0337943448663,73.02864450931092
72,85.96546171488588,73.01737810225816
72,86.01040113910405,72.96898699702007
72,86.02358903892089,72.9967325258369
72,85.96175372006937,72.97028906256125
72,86.02916539627097,72.9931250101118
72,86.04328268053129,73.01881164132094
72,86.03523371507384,72.96506839184863
72,86.01899438699608,72.95963640998353
72,86.04953947517934,72.99630862396216
72,85.9734134456513,72.98488209985892
72,86.00818330949338,72.99355139014922
72,86.00776960597882,73.01981261001932
72,85.95886464127514,72.99111574089196
72,86.00753842699746,72.99496800213282
72,86.0029540996348,73.0061122325095
72,86.02589975051771,72.97554041564298
72,86.02193543205378,73.0176999035907
72,86.02685839763247,72.97501026493819
72,86.01851558356577,72.98869403552044
72,86.03403782587968,72.98198659578803
72,86.01352455038327,72.96060966407764
72,86.04125792918407,72.98363857560452
72,85.96698946294191,73.02861482663427
72,86.01049949660404,72.9716593974154
72,86.00362058437,72.9732527783257
72,85.96575425881078,72.96596627559192
72,85.98024501640813,72.99651405294581
72,85.99073087913102,73.03488314919697
72,86.00342936329012,73.03974552093453
72,86.00247905193514,73.00746176802772
72,86.0295822344918,73.02376265375992
72,85.98176232641923,72.96196944245088
72,85.99235003483604,72.98069166039794
72,85.99252970093546,73.03074962620323
72,85.9904068573008,72.99510527552914
72,86.02560090461138,72.96329035972465
72,86.01153162743044,73.00831541193655
72,85.98916203814012,72.95558692866058
72,86.0017185426592,72.96712483184655
72,85.96860346730324,73.01256964588954
72,86.01219616690835,73.00644238566977
72,85.95764708402368,73.0127584267897
72,85.9802595383276,72.96009976809971
72,86.02714284158083,72.97434949432186
72,86.00289598155318,72.99416533649298
72,86.01220722912798,72.96313035698851
72,85.99430285378077,73.04833827538314
72,86.0067004254735,73.03412688558791
72,86.0414884366723,73.0074737675196
72,86.00288635038063,73.02276596456757
72,86.01976169724202,73.03980435714485
72,86.01282980794589,73.0200147334732
72,85.97904781054619,73.03792520755565
72,86.00548012121568,72.95378803988469
72,85.96175713098995,72.98442896962258
72,85.96656928104846,72.99169537605496
72,86.03391644957931,73.00399569035585
72,85.96771809326495,73.0256564914732
72,85.95806033582785,72.98405485864252
72,86.01634368376817,72.98685657576488
72,86.00733499982528,73.00891004028058
72,85.9673846539093,73.01081597245657
72,85.95724519869351,73.01629684093409
72,85.9967426604983,72.96426451502313
72,86.00583414472997,73.00678450150404
72,85.9878955097301,72.96147807944924
72,85.99668785662264,73.0185572215324
72,85.99768782052445,73.0298101505983
73,86.01487757360039,73.02283457364624
73,86.01357786595725,72.98163246732939
73,85.98972495687595,73.00800840091468
73,86.03253985497099,72.99620736319521
73,85.95708207853957,73.0036589650499
73,85.99408140052479,73.01385695039309
73,85.98732894477932,72.96104385077444
73,85.99670059074693,72.96972021806066
73,86.04393327806682,72.98595661457227
73,86.0131552219263,73.03552371023392
73,86.0145124927162,72.96698547966338
73,85.97250971008465,73.00588928809657
73,86.04208684555742,72.97943523126303
73,85.99630983097158,73.02548328170977
73,86.0034018040486,72.98391526334412
73,85.96750123134917,73.03742933089976
73,86.0123402058834,73.0213445965036
73,85.97643251443313,72.97748068298098
73,85.98551471777137,72.9935653829278
73,86.00470236529306,73.04271181576932
73,85.98226419568743,73.04484690805695
73,85.96634874626201,72.97677115827845
73,85.96882924433802,72.9898023491107
73,85.9786737454965,72.99208570183106
73,85.95329996645151,72.99223759073537
73,85.99970740409331,72.99749982915498
73,86.04470909518271,72.98608606354532
73,86.01422187840167,72.96312941313036
73,86.0059438532575,72.99595692704172
73,85.96765102542848,72.98678290079302
73,85.99806473000011,73.0210359774725
73,86.01542982968506,73.01672887757385
73,86.0464732672062,72.99113852190264
73,85.985345425273,72.972682628294
73,85.98282840993896,73.0140290210979
73,85.99081593515449,72.95432333395084
73,85.95801798781851,72.97820283859141
73,85.9943851400993,72.98552720913175
73,86.03103876828939,72.97073028649832
73,86.00363346748337,73.0022698725274
73,85.98190312016969,72.95424874405828
73,85.98204475909341,73.00329966663482
73,85.9576935630397,73.00362121735967
73,86.03257955186842,73.0334692045631
73,86.00908161873494,72.98470708346137
73,85.99619738561182,72.98742298531238
73,85.97442558648596,72.96595257545523
73,85.9637225377195,72.96810532273372
73,85.99146745127679,73.00114519083455
73,85.99400304268279,73.00093799232404
73,85.97090868236295,72.96065598749617
73,85.97595053903846,73.01600913280485
73,85.99375052961521,73.03124461664764
73,86.00873242962187,73.02470314015642
73,85.9731240392098,73.03488151000231
73,85.97898683779772,73.00460479646007
73,85.99621631343568,73.01238020399366
74,85.97443231329233,72.982433637452
74,86.00209111037411,72.96129001509406
74,86.04318427568259,72.9976342672017
74,85.9881956453594,72.99346846568648
74,86.00686965936102,72.9884075727954
74,85.98489382538041,73.00480477865067
74,86.04307401435744,72.99762257513025
74,86.00773053450101,73.01108103846322
74,86.00574197141742,72.97565684964316
74,85.97732595212383,72.95622277389533
74,86.00778822529367,73.0186574597964
74,86.02359280642543,73.00332571497195
74,86.04516534880086,72.98194392463485
74,86.01240104403307,73.03693019195005
74,85.9968406836812,73.03028854228096
74,85.97725714883342,73.02820065505203
74,86.00663540670722,73.01100358408716
74,85.99028798283517,72.98369042626666
74,85.97739133708168,73.03527642361354
74,86.00943729659893,72.95110030704166
74,85.97916939236042,73.01223657939707
74,85.97990613017853,73.01379660393815
74,86.03177865002418,72.97004456552084
74,85.95782560879404,72.98657979528835
74,86.00961118612139,72.96877263352297
74,86.02485179685522,73.03797076098806
74,85.99141264842287,72.97487447720489
74,85.96984250854803,73.02860406453607
74,86.00793143237816,73.0188528754026
74,86.00007427050312,72.97795069630988
74,85.96378757470247,72.98935872998044
74,85.96085318466295,73.00021794051275
74,86.00895773679368,73.0043171470469
74,86.0408997980641,72.99663115903091
74,85.97428552931362,72.97960068307246
74,86.00041412876473,72.98250535437292
74,86.00450584961366,72.986955451715
74,85.96629590500847,72.97652772428533
74,86.03613006725267,72.99788280363826
74,85.97338966071788,73.04019893692316
74,86.01409561710882,72.99164972251596
74,86.02151982572114,72.96327252425154
74,86.03167453150536,73.00024032192445
74,86.00849635339988,72.99914728914344
74,86.02823093839996,73.0088394950551
74,85.97152222817516,72.97803063485826
74,85.97443231329233,72.982433637452
74,86.02254311176007,73.01790949348927
74,86.03105865244903,72.9748520355065
74,86.01186265262602,73.0044584326013
74,86.01900417614637,73.04276347492753
74,85.99626280556892,73.02979786635548
74,85.9812909196182,72.981598666488
74,86.0253070482323,72.99770455695224
74,86.01943569967368,73.00485891683661
74,86.02149913717655,73.01650281081248
74,85.98666931793986,73.02610713964452
74,86.03146390722803,73.00948356227768
74,86.03453544110205,72.9684386122467
74,86.00566816217054,73.0369728476648
74,86.04264730589895,73.01440509042578
75,86.02203100650556,73.0305462628634
75,86.02519984624176,73.04270602571023
75,86.01967620434296,73.02022107260285
75,85.95435269409444,73.01892967569472
75,85.98280730039546,73.00675859845394
75,85.98364656280745,72.9865717688204
75,86.01871865956848,73.00871475436458
75,85.98874778799555,73.02310240840382
75,85.99961301842909,73.00010434719444
75,86.01929547026796,72.96648977314452
75,86.04102373370435,72.9983346404955
75,86.03266484129067,72.98689143940483
75,86.00505969025035,72.96420737937746
75,85.96815748432117,72.99412869456826
75,86.02448284300972,72.96537570405927
75,86.00739075005481,72.97073492899288
75,86.02121309219208,72.97347328269481
75,86.00931985394544,72.97738575013437
75,85.95599461693966,72.98744659974344
75,85.99931938799631,72.98555783032428
75,86.00428792695438,72.95231237251092
75,86.00208401455852,72.96987068006577
75,85.99306936965812,72.98441684797699
75,85.98176502059096,73.01824344145359
75,85.99640980702002,72.9979914402134
75,86.03163751035781,72.98482562804287
75,86.0179333034676,73.01907111388165
75,86.03949767338511,72.97988422923537
75,86.00070891471564,72.9893715406517
75,86.0436578409439,73.00353872173285
75,86.03278060789582,72.99442429656746
75,86.0257769429531,72.98425283759026
75,85.98448093041793,73.02601309346497
75,85.98851165623256,73.02302965350016
75,85.98266665006142,72.97816235122377
75,85.98028889905567,72.95712182711112
75,86.03391644957931,73.00399569035585
75,85.98273070599403,73.00144326628266
75,86.01231931377946,73.00178828485123
75,86.02036514311655,73.04252480814726
75,86.01681281881484,73.01628676580326
75,86.00043936140689,72.96983579843136
75,86.00252763591706,72.95227597933359
75,86.02229685745547,72.96617982073374
75,86.02934586975839,73.03053912377624
75,86.01049949660404,72.9716593974154
75,85.96093554643717,73.00050187167086
75,85.99434055921753,72.9521650003547
75,86.01654897083233,73.01221887101542
75,86.03435590243218,73.03521063594162
75,85.98458896398097,72.97794550414821
75,86.03291251544474,73.0230404181201
75,85.99158321355533,73.00045532744684
75,85.9746578680114,72.95819297652373
75,86.01317502025798,73.00209804187052
75,85.96495743704786,73.0165084157205
75,86.01425076363795,73.03703020227641
75,86.00495679392358,72.9849089023313
75,86.01608409953327,72.97183231219208
75,85.96246171913158,72.99883846762516
75,86.02517059891954,73.02919157191681
75,86.02077022553405,73.0419817370651
75,86.0180064134011,73.01691107771298
75,86.02280683759669,73.04215003751632
75,85.99849507211731,73.03792688880463
75,86.00875636706759,73.01155946366137
75,85.97942920211389,72.99128318236961
75,85.98116708064734,72.98882888316722
75,85.95448552159723,72.99265267527952
75,86.00935763642465,72.96695188977246
75,85.98560558679202,73.01510565820477
75,85.99517828087863,72.98164904402535
75,86.00228559145448,73.00768544076533
75,85.9843563190265,72.99323498978131
75,86.01081999971616,72.9605247912835
75,86.00003167828184,72.96897135275077
75,85.99878846473176,73.00941319478963
75,86.02445371890371,72.9912499991858
75,86.02159542390885,73.02019461957191
75,86.00199378493636,73.04776280732462
75,86.00957154057735,72.96769482323343
75,85.9608581499684,73.02363978037916
75,86.01514633594714,73.0045489901161
75,85.97459184201504,73.02485689649744
75,86.00583650254653,73.0108371757521
75,86.02073724598077,72.95583572417374
75,85.9788540727263,73.03338652445406
75,85.98804666302715,73.01871877797805
75,85.96794203484943,73.03702236583732
75,85.95167619572638,73.00862707416421
75,85.98127310015077,73.03723561190732
75,86.04066218353341,72.99808459327345
75,85.9909842500596,73.00081464388843
75,86.03670256688837,72.97036963117614
75,86.01472147407002,73.01097114298435
75,85.9733456414235,73.02012972256644
75,86.03485520902656,73.02417475836394
75,85.99972165515472,73.03029038776096
75,85.96846278880261,72.97822535906242
75,85.96978514199044,72.96058342652042
75,86.01198408508463,72.96215858114643
75,86.00582834107,73.04236234723354
75,85.99111890150154,73.0322487979038
75,85.98237036424939,73.02820143603444
76,86.04569155348501,72.98641552809818
76,86.02467272601011,72.96230409459906
76,86.01437915669645,73.00086127917596
76,86.00054438195038,72.97482077966224
76,85.99605037624002,72.99963907938314
76,86.02239694171983,72.98108201222018
76,85.96656928104846,72.99169537605496
76,86.02125682096072,73.04092690489823
76,86.00848541288137,73.03518368383533
76,85.98739879799277,72.98143439488886
76,86.01068255707703,73.03685909319749
76,85.98664651497958,73.04325432635224
76,86.03503043792776,72.97564417047288
76,85.98437651143918,73.00953796782207
76,85.96351097435308,72.97394772318894
76,85.99902577026583,73.03535724470493
76,85.99062979826162,73.00364302331822
76,85.97303229096424,72.98389316742802
76,85.95780914840148,72.99731312108783
76,86.01402524773944,72.96424041095821
76,85.95300976576313,72.99687048186156
76,85.98878649922783,73.00002915193386
76,86.03268000397473,72.96951141036557
76,85.98460148731294,72.96960396444307
76,86.03071064082918,72.96993845609181
76,86.03251319795157,72.98783686234191
76,85.97231038225905,73.03176653697152
76,85.99385299289649,73.00829549925162
76,86.01543028219551,72.9728038502179
76,86.02338379805529,73.00667486383072
76,86.01487757360039,73.02283457364624
76,85.98490070145861,73.02137864251844
76,85.97695387628535,72.9891108625097
76,85.99845681902619,72.99909962726741
76,86.01896040193733,72.98114129970834
76,85.99663633559138,73.02261558069384
76,85.97090010310876,73.02279122896572
76,86.0255821084588,73.00373045676325
76,86.01085577872331,72.99926544224684
76,86.0072171792461,73.04570822921535
76,85.99123939059376,73.03586693071176
76,85.99024955122371,72.97433368085746
76,86.03613228612377,73.02325293780758
76,85.98737658125546,72.96234396884535
76,86.04956810966847,72.99784217517285
76,85.9777327139906,72.97472843191554
76,85.9948996814586,72.98121490715774
76,86.03646089026118,72.99378326513656
76,85.98246969489229,73.0112603359835
76,86.01411913056883,73.03866777308903
76,85.99466860133505,72.97436133310555
76,85.98293268130544,72.98064658101022
76,86.02827219362993,73.01844190806257
76,86.00409152539048,72.99214429827221
76,86.02248400166245,73.01838079177988
76,86.02415395856204,72.9630133164322
76,85.9665659121408,73.01896160510708
76,85.96835603190233,72.967213698008
76,85.98306178759874,72.95297915891582
76,85.97612168668053,72.97636538535215
76,86.00536455215598,72.97836441480507
76,85.98485952630163,73.01416390245852
76,85.9567220616068,73.01666687004692
76,85.98440852556192,72.99285259463758
76,85.99117749726274,72.99797531210466
76,85.99024724034895,73.03512657925606
76,86.00249100873965,72.98167083946342
76,86.0150887853751,73.0320316521179
76,86.03716042390613,72.98782508990791
76,86.01160269588907,72.9867156711504
76,86.00365245391347,72.95651263534387
76,86.01317147474961,73.00213237408495
76,86.01433890265058,73.01365312843132
76,85.9908528838994,72.97234784825469
76,86.01209178783137,72.97423491102415
76,85.99234423705984,73.02008494709686
76,86.04469401588418,72.9785661594492
76,85.95579265616146,72.99958110463659
76,85.96709188889513,72.97697639229303
76,85.97158756124428,72.96732941770318
76,85.97670878435447,72.98401895672491
76,86.00456367152668,72.9946541862045
76,85.97862079100081,72.97491572217493
76,86.00250988120304,73.00209217677748
77,85.98999111150657,72.98088727497573
77,86.02797983021054,72.99127047087364
77,85.95901650390167,73.02367424282507
77,85.97638085049212,72.98647116741
77,86.02620999435963,73.01326703754793
77,85.98634575993769,72.96462128024437
77,85.97129263840623,73.04051185895736
77,85.9868402589616,72.95921850817591
77,86.02753334459939,72.96555997296947
77,86.04077463066122,72.97596333607832
77,86.00818478877684,73.01158317269181
77,86.02300052375347,73.04072109317288
77,86.04545066595966,72.98676955317438
77,86.0494153177919,72.99908028358448
77,85.98369025905684,73.00557743246594
77,86.01805951272357,73.026701297532
77,86.00068137835756,73.0015700227609
77,85.9660956515974,73.02620033852013
77,86.00633764073523,73.01178284702722
77,86.00542170425942,73.03122171783723
77,85.98776703648045,73.01454321763764
77,85.98795736933488,72.9790431763366
77,85.9790238688692,72.98990808452932
77,85.98842927205445,73.04072858101661
77,85.98971884370647,73.0126864593439
77,85.99046012285592,72.97503822733287
77,86.01363735265784,73.03838678206654
77,86.01071632580023,73.03499214740363
77,86.01397501868435,73.01345738778573
77,85.97097823116452,73.02786270860958
77,85.99126114292551,72.98563965194825
77,86.03615367337402,73.01208751949946
77,86.0121341790245,73.02157598495357
77,86.0139808691486,72.98557765106008
77,85.98437178663009,73.03031848297641
77,85.98362514264187,72.96378444291658
77,85.97617887052243,73.01000521574852
77,85.99085557978437,73.0000982459523
77,85.98433371790173,72.97131372316345
77,85.99947871420521,73.0015177220294
77,85.98285525398686,72.98408937928242
77,85.96539737696898,72.96633762219994
77,85.95742826802729,72.99165450208876
77,86.04167234812628,73.02556851637301
77,85.9615854798636,72.97595662292231
77,85.96087115672994,73.0065443046008
77,86.01570266208203,73.01831941060006
77,86.01268890844605,72.96617325885788
77,85.96287054775016,73.00644911032474
77,86.00587217934932,73.04448060479992
77,86.00250869259658,72.9719870498863
77,85.96000657191254,72.97225649577422
77,85.95729174141758,72.98983148073935
77,85.96674184834269,73.02435972345992
77,86.03938858184715,73.0020433389584
77,85.9731082324469,72.98175711679828
77,86.02282452828737,72.95684415773202
77,86.02760684732773,72.96974319839296
77,86.03736296364356,72.96903433478212
77,86.00066735679587,72.9787505809914
77,85.98444597487968,73.04592777735496
77,85.97023560006984,73.01174018425357
77,85.96238231652453,73.01454188631688
77,85.9958830364664,72.95647932071262
77,85.99650099937472,72.99015112692294
77,85.9862814906431,72.97929093245273
77,85.97027760895952,73.02932384804558
77,86.01021857081892,73.04160590365726
77,85.99814571677047,72.97124531864837
77,86.03724534763735,72.98006064096386
77,86.02628584990185,73.01027833703775
77,85.99998648410192,73.02849861684419
77,85.99146745127679,73.00114519083455
77,85.97926599321697,73.00854386929086
77,85.97772396375277,72.97132189215715
77,86.00838407909814,72.96615312458094
77,85.97584694650217,72.98388866096434
77,86.03676101009395,72.96807918147414
77,85.97057096847045,73.02353477402436
77,85.97626052983729,73.04400414009864
77,85.99832419699965,73.02837043769037
77,86.02598040613945,72.96893759720552
77,86.019224446061,73.03804509477462
77,85.9926842932651,72.98173710270372
77,85.95058697824457,72.99999613794739
77,85.98073436883044,72.98231576448447
77,86.0174723828305,72.9989410858506
77,86.00358046808341,72.95317725675845
77,86.00446493204858,73.00614303618595
77,85.95893880763492,73.0237092301806
77,86.00177063897688,72.99985225832333
77,85.96161704187992,73.00435256612396
77,85.97271795230267,73.0137018952398
78,85.98679702631205,73.0184673230997
78,85.9599222309444,73.02448932306457
78,86.02529479850415,73.02590702709219
78,86.03793242961274,72.99129574051945
78,85.99272586343257,73.0253091475129
78,85.98295138694449,73.00711416580751
78,86.00228349577874,73.02658381268705
78,86.00435143545262,73.01145701312065
78,86.0055115545204,73.01983197633592
78,85.98074615368127,73.03196947225925
78,86.01392522721072,73.01130773940352
78,86.00667009031704,73.02761491331952
78,85.96264683053161,72.98714101672515
78,85.97994871592931,73.04527765386057
78,85.98474556183922,73.02343133312917
78,86.04242320240084,73.0095342585961
78,85.98033481342871,73.00722213018626
78,85.97401454899187,72.9998553562477
78,85.99957072230906,73.04893861784228
78,85.96191087400024,73.01283254182968
78,86.02327804742731,73.02713877085687
78,85.9880442469739,73.00272946898153
78,85.9924133729205,72.98529407432852
78,85.98667124392156,73.0075576534941
78,86.01250081008527,72.96238737468703
78,86.02886959720543,73.01287195431998
78,85.98593185552096,72.99688822243772
78,86.02840111054424,73.03421956050765
78,85.99785156318795,73.03061565312734
78,86.01365085342141,72.98780236134587
78,86.01868215392038,73.00034660953185
78,86.03771849758562,73.01817525820685
78,86.02539661323421,72.9881268485302
78,85.98023928261954,73.01827449246966
78,86.0472209500388,73.01271469282091
78,85.95367282948686,72.98417971069115
78,86.0085612928517,72.99534610603418
78,86.00789918987482,73.00749661121108
78,85.97329107754874,73.03800261835742
78,86.02360884140671,72.9732833968371
78,86.00112405119232,72.97632661191294
78,86.0350502176831,72.97853414970416
78,85.98666568007155,72.97655816099784
78,85.96312199879188,72.97958064178101
78,86.036864541416,72.99217660783087
78,86.03591382465083,73.0068226975737
78,85.99768409702466,72.96732471033316
78,85.97698186966257,73.03151062648858
78,86.01798883004258,72.98671803545278
78,85.99620200654377,73.02268697784693
78,85.99853260019809,72.96259327839336
78,86.03099916140148,73.0079155861728
78,85.98499396261491,73.02009495165768
78,85.97056486261067,73.03814043106907
78,86.03192469367565,73.00720524889424
78,86.00582214112065,72.96623437220336
78,85.99546999087578,73.0076726733862
78,85.99112780689067,72.9731769699956
78,86.02417787977267,73.04374918364914
78,86.03466574897011,72.97327290147771
78,85.96581627129903,72.99601337278547
78,86.00942347232629,73.01345300948832
78,85.96378060069321,72.9708738493327
78,85.98619539704703,72.97509605030478
78,86.03642909072468,72.98675642228635
78,86.03748671390251,73.01104116294582
78,86.00828083335821,72.96729587108732
78,85.97769921282057,73.01988976747081
78,86.02934392467589,73.0119530400664
78,86.01942767098694,73.02176413123017
78,86.03434972926192,72.96532165711359
78,86.03451439709178,72.9723670937517
78,85.99962546302164,73.00397398817779
78,85.99177712689801,72.99453822058436
78,86.01884962627743,73.0241531413508
78,85.99489065763748,72.9942407796612
78,85.96422030156664,72.9876307091015
78,86.00037832220282,73.00915377663397
78,86.01517582733933,72.99372207732398
79,85.97450508919876,72.98980505458088
79,85.98963628766406,73.02876800987977
79,85.9699976319509,72.96211412074801
79,85.96574142358915,73.01592232216994
79,86.04586690780894,73.01821639740913
79,86.0057504217648,72.9997829920653
79,85.99282124361098,72.96124164574096
79,85.99156861027235,72.99622279562561
79,85.9883274179886,72.97817720155048
79,85.9571063498845,73.01672041791758
79,86.02116128396518,73.0372631928249
79,85.96565138807462,72.98033960716266
79,86.00395255859152,73.00548170430669
79,85.98238001366859,73.01766066474703
79,85.99806586998766,73.03879829572219
79,86.0428767795537,72.97543376374362
79,86.01215686252738,73.00832442840587
79,85.96429102069648,72.98006162600508
79,85.99711074355855,73.02424748134935
79,85.99475322846665,73.00714051461124
79,86.01356671367765,73.0197165511257
79,86.03208871437673,72.97103145984454
79,85.971882532176,72.99694334206637
79,86.00183587758524,72.97679000563502
79,85.96652170348797,73.00698469150979
79,86.03106560443175,73.01976221548543
79,86.01279162610894,73.01098827626495
79,85.99756407579345,72.98254293839709
79,85.99125781054694,73.04150645223862
79,85.9613424247619,72.98463323800276
79,86.01176506765306,73.02510530564527
79,85.96230016473079,72.97485041076249
79,85.97956772159264,72.97785484058456
79,86.01990448643724,72.99622222013777
79,85.99577782015926,72.99227748862732
79,86.00793194131145,72.98277800552162
79,86.00634571370755,73.01936569235296
79,85.9552759224674,73.00897100166625
79,85.967715730319,72.98290708559789
79,85.9768185975481,72.99429461479717
79,85.98236953200467,72.99612509900966
79,85.97797007421626,72.97777397820289
79,86.00370519367672,73.03547302054001
79,86.01793717146035,73.0212650446066
79,86.02115216158388,73.02814183764964
79,86.01146032157975,72.9931781168564
79,86.00231339088288,72.98921260849895
79,86.0084481916671,73.02245646323362
79,86.0159238745894,73.0059162258611
79,85.97305751480182,73.02917710249108
79,86.00083413757764,72.99408310345451
79,85.98339207600733,72.99544974732228
79,85.9870837384994,72.96359554446255
79,85.95480592007495,73.0028023327872
79,85.98256890344209,72.99834711505797
79,86.01655885007153,72.99430676627952
79,85.98044750752237,73.02002932147458
79,86.01907729835922,73.04588528494232
79,85.98231045149045,73.00868561767362
79,86.00091559382916,72.99003081163646
79,85.98397104933817,73.00567717129981
79,85.97130037016152,73.00460865872607
79,85.98905020592349,72.95631253451283
79,86.04075158179485,73.02006991760682
79,85.96589418312944,72.96467647654153
79,86.00611047590273,72.9902677323092
79,86.0197441936624,72.9886888148563
79,85.97109784279709,73.028319490236
79,86.04177038592901,72.9903384625833
80,86.03357944478692,73.03364798882012
80,85.96970807671106,73.02648500227023
80,85.99883060375389,73.00623245897567
80,86.00036801044187,72.99406360294229
80,86.00989135069854,73.00403765162052
80,85.9805784885006,72.99256123916064
80,86.02021232475359,72.99488061765311
80,85.98577211403308,72.97316962128657
80,86.02792570239967,72.99180472189397
80,85.99008136473195,72.99170094691885
80,85.99056912114442,72.98045552514937
80,86.0069753278242,73.03111277768157
80,86.00066002003926,73.02633567445359
80,86.01358646807407,72.9703038186989
80,85.97561436083366,73.01157719514487
80,85.98412058378227,72.98492250460005
80,86.03089038869508,72.99913705020604
80,86.02787822835197,73.01796065056416
80,86.01185564275258,72.97690759306336
80,85.98458327536285,72.99309606364528
80,85.98992496047724,73.00855191345867
80,85.96657777853994,72.99554372120481
80,86.01217982088019,72.96991322730905
80,85.99571993071025,73.02247505541152
80,85.96779452611773,72.99753148575643
80,86.03176065372556,72.99413081607871
80,86.00718438272015,73.0278651888572
80,86.03820312126172,73.01810005192307
80,86.01614707100384,72.99614740856052
80,86.009266268505,72.98837505859761
80,86.00041855931256,72.99660375094625
80,86.0167622071735,73.01267476177769
80,86.01066008901203,72.9815652221938
80,86.01393216390794,72.9742194856522
80,86.00365980964631,72.98480798094543
80,86.03408822175145,73.01007267778915
80,85.96752243688017,73.02554618360591
80,85.98433068658127,72.96667887276404
80,86.04254025417619,73.01482935499263
80,85.982828794739,73.02365236463416
80,85.98938008567751,72.9895777595683
80,86.031150977032,72.97430377061364
80,85.97025085765664,73.00944092011616
80,85.97101094314294,72.96831412129043
80,85.98747442164317,72.99969528590663
80,86.00124491321453,72.98830367707245
80,85.98079253360571,72.97398388966734
80,86.04489283325579,73.01529021755782
80,85.99129181917137,72.97181943115093
80,85.9645363988808,72.98674154032561
80,86.0015772206796,73.00507101287688
80,85.99593931620078,72.97941830197955
80,85.98334550487105,72.98625928609637
80,86.0099944516585,73.04857269483952
80,85.96350496234425,73.0233017165006
80,85.99363259227077,72.95281688728895
80,86.04390270432576,72.9965419994714
80,86.02536453645709,73.03140530105414
80,85.98616469395772,73.00989588896891
80,85.98667124392156,73.0075576534941
80,86.00533808045897,72.97213900963806
80,86.02020817433632,72.98406296861097
80,86.01951086965614,73.00856311651907
80,85.98546709270545,72.95306379326385
80,86.02668953921606,72.99486856466109
80,86.0008215579165,72.98478898613456
80,86.02509483843892,73.0039919324628
80,86.01454730266063,73.0038712473116
80,86.01815486747128,73.01852666404169
80,86.01490739582829,73.01380735355477
80,85.98631036603823,72.98106868778271
80,86.01788830153387,72.99022194911129
80,86.00294466599283,72.99841629990239
80,85.97838811154315,72.98358913193957
80,85.98820197560413,72.99239543414735
80,86.03620319978053,73.02089067433103
80,86.0005441097708,72.98536038054182
80,86.01260919220589,73.00238680073922
80,86.00421753833069,72.98100016514667
80,85.98412058378227,72.98492250460005
80,85.99170216299295,72.98587454343341
80,86.01486854656112,73.02884575853095
80,85.99622051471727,73.00926871406078
80,85.97109001437187,73.0095710469547
80,86.02811864928452,73.03200816140343
81,85.95535336472805,72.99142662679489
81,85.98658410497646,72.9663835136844
81,85.95427055817014,73.01962884148345
81,85.98820283222993,73.00158590337104
81,85.97201016527548,73.03113549441673
81,85.95925097861559,72.99242224699452
81,85.97897371593014,73.00812576543409
81,86.02702577603954,73.00885257378893
81,85.9946003082008,73.01931531214571
81,86.0419314053884,73.014849547386
81,86.0214676913042,72.99894414118152
81,85.99115204858663,72.95783914916548
81,85.98625705569759,73.03331698271903
81,86.01757856121259,72.98997645549859
81,86.04154714850839,72.98192469607598
81,86.01665006085122,72.98319029761824
81,86.01063320320267,72.98652480324292
81,85.9855816231551,73.01875399927182
81,86.02188907566243,73.0409377270288
81,86.01120180448328,73.01286392194861
81,85.98264341380185,72.99256931537028
81,86.00548609734791,73.02627179273782
81,85.99233557784508,73.02095463814061
81,86.02154814842793,73.00504767294593
81,86.0187312220589,72.9617825754292
81,85.96864237239203,72.98597135200556
81,85.97938507589828,73.00358826626967
81,86.03806551154041,72.97941665140205
81,85.99532888688921,72.98126065824988
81,85.97492968066412,73.00462357432988
81,85.97570956717162,73.03123586537282
81,86.0204457585852,73.03928042456248
81,85.97038265015192,72.96655140561066
81,86.00404018640852,72.95437116876413
81,86.03867915197176,73.03137101587933
81,85.98771521207298,72.96566744837736
81,86.03309640958322,72.99222741447716
81,86.01902602426495,73.00256674754326
81,85.99935403337014,72.96246560249055
81,86.00022982209855,73.00881975974963
81,86.03190623288978,73.02867173966182
81,86.00660071098903,73.03374413880366
81,86.00669896776738,73.0374469986329
81,85.97596520928273,72.97935542278587
81,86.01994726122993,73.00437305367392
81,85.95679508966063,73.00058487931422
81,85.99803358756199,72.9768382045983
81,85.9677087121253,73.03651503959246
81,86.0127587470966,72.97551241509471
81,85.96587130071316,72.98203223624344
81,86.03013647412916,73.01806503902984
81,86.0265869244741,73.01295125936348
81,85.98096711654487,72.99762521891543
81,86.03797184314554,73.01905952193289
81,86.01616082460866,72.95463275200052
81,85.99682969636777,73.0228631098818
81,85.98551471777137,72.9935653829278
81,85.99222912963397,72.99508547987918
82,86.00314846386706,72.98094370927618
82,85.97190253322196,73.03280734434308
82,86.01712092567595,72.95561577620887
82,86.02254273526707,73.03934163790659
82,86.03111895683243,73.01627363044537
82,85.99812600130731,73.03585840050765
82,86.00771160731675,73.00663219794474
82,85.98160768927076,72.98182378863628
82,85.98737880541047,72.96484963396439
82,85.98720173909776,73.01178349827418
82,85.98303785952278,72.95654204864854
82,86.0105141753469,72.98072073470328
82,86.0239338246376,73.02435306521987
82,86.03831673389709,73.02741169881277
82,86.02655370502275,72.96584594221368
82,85.96740329735407,72.99202228604871
82,85.95949230835802,73.02164377441431
82,86.01381685144412,72.95986632510153
82,85.98358752342877,73.04002316682369
82,85.98755734095907,72.96622578473827
82,86.00281615702639,72.9808722505729
82,86.00116614842004,72.98044368058613
82,86.00875175897703,73.01776705579968
82,86.00159719035575,72.95519828009576
82,86.02955697928067,73.02797212658275
82,86.00530000155943,72.98169885372832
82,85.9986682718434,72.96314670185087
82,86.01275303139164,73.02641051618468
82,85.99302215730764,72.98138704766458
82,86.00096775929619,72.95260016167418
82,86.04517214693328,72.98961297730978
82,85.95883360485652,73.0049862258858
82,86.01720650164195,72.98303405593272
82,86.03479273567055,73.02452218173005
82,85.9866680309635,73.0148244774046
82,85.99933350338925,72.99440934563172
82,86.01281356998439,73.0127782299371
82,85.99756819954492,72.97219541026183
82,86.00128010102445,72.9898119177528
82,85.97961707104504,73.0005065989203
82,85.9980574968746,72.97658412710692
82,86.03425223187602,72.99874732514617
82,86.00614736407022,73.01045226429413
82,86.02113630657162,73.01385879559655
82,85.99436681237162,73.02155407107286
82,85.96086734502741,73.02141477861494
82,85.98159604350317,73.04012026278804
82,86.01134447437573,73.02052465464739
82,85.98652605024013,73.04093942503586
82,85.95414313279824,72.99037373112496
82,85.98798224511727,72.97913121936936
82,85.97997805088457,73.02333275003295
82,85.95177709229681,72.99318583354626
82,85.98449782008213,73.0416250482344
82,85.96738461495259,73.03159232431848
82,85.99966523366334,73.00905897499052
82,85.97214877589947,73.0276428198272
82,85.98886414238484,72.98657353689245
82,86.01261138024299,73.0348859109617
82,86.03795205120505,73.00102039778004
82,85.95899894594238,72.97345376209037
82,85.99215789028138,73.00257312929881
82,85.99946071496433,72.96087192875463
82,86.03886365613799,72.97425069525757
82,86.01500945404851,73.02750593447668
82,85.98423780955895,72.97700568083312
82,85.97428552931362,72.97960068307246
82,86.0211979942317,73.00000409920993
82,85.96341770189684,73.0201481086264
82,86.01119731066912,72.96184631109743
82,86.01599024083349,73.01159827098124
83,86.04054093828418,73.016503261925
83,86.03219178288894,73.01740963587717
83,86.0177489794079,73.03460443953429
83,86.04382623397689,73.00041102665115
83,85.97962977000867,72.96285554646805
83,85.98820748411465,72.98742350320025
83,86.00162753827358,72.98982200405062
83,85.99885882923442,73.03319164628482
83,85.9840246139538,72.9858890026995
83,85.97428552931362,72.97960068307246
83,86.03119469396674,72.9769101552862
83,86.003332781519,73.01639916307221
83,86.01548274609806,72.98572706028781
83,85.981296429794,73.01612679631155
83,86.01238921871774,73.03517605990798
83,85.98884964228542,72.97898352000252
83,85.99907245735906,73.00035000717128
83,85.99824959000435,73.01772905018919
83,86.00626119494756,72.9982086888813
83,86.0179182053435,72.99608793564862
83,86.00508508454548,72.97233767437152
83,85.96933533091078,72.98558559474334
83,86.0005105257299,72.98657002092591
83,86.03011069049312,72.9853377792711
83,86.04105419380546,73.0239060627252
83,85.97853942319908,73.04126325805578
83,86.0278997429798,72.96560419922108
83,86.00035928686357,72.98335537658775
83,85.98290249581993,72.98695509479462
83,85.98855824048943,73.03802638162031
83,85.95317070742685,73.011652332974
83,86.01535441566487,73.01424256798478
83,85.96663382762982,73.01580325924462
83,85.98721425560441,73.00290094879607
83,86.03268446010588,72.9867094713493
83,85.97253838582766,73.00846818095928
83,85.97689122632904,72.96948224882833
83,86.01339189659417,73.02236636140763
83,85.98941206343059,73.0188281910674
83,85.95670442665642,72.99929587919428
83,85.95796021846334,73.01686379791438
83,85.9603732659328,72.99310298982142
83,86.0042322349411,72.99935198584012
83,86.00594517497898,72.98737072962611
83,86.03764833133607,73.02213276128751
83,86.01424011625086,72.98524493630757
83,86.01742153310394,73.00236417458875
83,85.99234423705984,73.02008494709686
83,86.0100437123948,73.04113255395255
83,86.03760538219687,73.02618576812978
83,86.02046888568123,72.95846578435139
83,86.0157159516598,72.97054245989342
83,86.02834868710413,73.01825091610097
83,85.9637225377195,72.96810532273372
83,86.01369488522587,72.9876719091701
83,85.97869774602907,72.99615852590128
83,85.97764551291912,73.00064730030296
83,86.00456185500364,72.97922363632622
83,85.97270266669888,72.95921055475978
83,86.04932495931365,72.99995706516941
83,86.02016168885656,72.98954192694607
83,86.01940610778895,72.98453271907323
83,86.01808265691997,72.995141607902
83,85.95956372758513,73.02823705996978
83,86.0233215907614,72.96754663278509
83,86.01974172745302,72.9865470942762
83,86.0072758298125,72.99950569250073
83,85.97826877987724,72.9716252243687
83,85.95873792912577,72.99305778187083
83,86.00396525880129,73.01363844938888
83,86.00112528054949,73.0363421451288
83,86.01064180232518,73.02455136838338
83,85.99041431977189,72.9968894413438
83,85.98449725918043,73.04259269300469
83,86.01080704816736,73.00123353548618
83,86.04543007061504,73.01025855305019
83,86.02996701748951,73.02437458989355
83,85.97937543312823,73.02947499774409
83,85.95970489061365,72.9740006895115
83,85.96401106767492,72.98022012703566
83,86.04051082700325,73.02567969012662
83,86.02831750592578,73.01165942813284
83,86.02534074645271,72.96813184630683
83,85.98860634849873,72.98059974951298
83,85.98886351419243,73.02834640073202
83,86.01118706645354,73.0129800989855
83,86.00621219639338,73.0126938356367
83,86.03934613022268,72.9866620455414
83,86.00619157486702,72.9508738443134
83,86.0061339947904,72.99636047945303
83,85.97823309582576,72.99319649715582
83,85.98801166265159,73.00232685572247
83,85.95664026967629,72.97764184793888
83,85.98296982158156,73.0081117642722
83,86.01086468762978,72.99358304477809
83,85.96766406315741,73.00280377456765
83,85.97930688910436,72.967080136504
83,85.99894955310106,72.96496970920661
83,86.02781300355078,73.00855762556893
84,86.01560217255621,72.98459132685161
84,85.98534992125985,73.04733134468862
84,85.98447856877985,73.00652974445546
84,85.95970126694039,73.00988589866176
84,86.01144989145148,73.0449942885003
84,85.98614552750766,72.99749233240362
84,86.00783605541847,72.99874615435074
84,85.9813140848869,73.01699940643088
84,85.97565020025954,73.00426036612936
84,86.00130528324378,73.02467591926067
84,85.96082988295197,73.0199706961834
84,86.00576641619607,73.00500761376142
84,86.03991964198912,73.02858026117285
84,86.01542954094214,73.01824980684515
84,86.03215340237942,73.03061713648424
84,86.044197797768,72.98976182662075
84,86.01095096879946,73.03735203706078
84,85.98821452757008,73.01743211632201
84,85.98527380863199,73.03056426170271
84,86.04228278928835,73.02257083195727
84,86.04974515340015,72.99984732060838
84,85.99633518480113,73.00144975012829
84,85.98823638693212,73.02173367972289
84,85.97116615956617,72.96977034407269
84,85.95512827886263,73.00342202617976
84,85.97911582180345,72.97181413608129
84,86.01582297886294,72.99475892357265
84,86.02514080795687,73.0009999175342
84,85.97629396246471,73.02632174118895
84,85.97946357124607,73.03080995427247
84,86.0273392397102,72.97249654986683
84,85.99468732244071,73.0140183857689
84,85.98821132424415,72.99585603638172
84,85.97796712437366,73.01877075658581
84,86.01262486055933,72.9900305620294
84,86.01783407801538,72.98743350365743
84,86.00748446849325,72.99162047849397
84,85.9746037768112,73.00991529629327
84,85.98409577257232,72.96629474992662
84,86.01827632728309,72.99096316722525
84,86.02123594823834,73.01570812437046
84,86.02392749902081,72.97346719531532
84,85.98689046684284,73.00303731928757
84,86.03795113978377,73.00368534343146
84,85.95503905499514,72.99040737337235
84,86.00867512713344,72.9513805603773
84,86.04128230012553,72.99397098114449
84,86.02199386824138,73.0191414896885
84,86.01164569854093,73.01164575891396
84,86.0337843514581,73.01615521581884
84,85.99787416462632,72.97551890705329
84,86.00923449627525,73.02720665128568
84,86.02016475487983,72.99538189911388
84,86.02831911740454,73.00474233598611
84,86.01102311471452,73.01897633383668
84,86.00761323424273,73.00704765449636
84,85.95822325031368,72.98522723979248
84,86.00874686472619,72.9542988474094
84,85.99614148185222,73.01479537429462
84,86.00297874849143,73.00903905774715
84,86.04483277762641,73.01081145358778
84,86.01243902862349,73.01976321884476
84,86.00272395581841,72.9565840429664
84,85.9960398888253,72.98533227639105
84,86.03053170945431,72.99515820045384
84,86.02178010726709,73.00925274083366
84,85.98903382812493,73.00798044003993
84,86.02466713776023,73.00280119731255
84,85.99592788849142,72.95582663197295
84,86.0420730666271,73.01254036266035
84,86.02650757679012,73.0046267074474
84,85.95246028345622,72.9909094286501
84,86.02286491653336,73.04423086176313
84,85.9679787564399,72.96621055900478
84,85.99695506908421,72.98728900558403
84,86.0316223137937,73.0042975491857
85,85.98482978931514,72.99584879650794
85,85.96849750369772,73.03359860465636
85,86.0089383345614,73.04619960836072
85,86.00214082116206,73.03862264697685
85,85.97941750303188,73.00428960542467
85,86.0086482209816,73.00924621237655
85,86.02366926995515,72.97440597561032
85,86.0289964053716,72.99218433439655
85,86.01968829428667,72.97425386286132
85,85.97966270327855,72.98133873965452
85,85.96236482132267,73.01631847724506
85,85.96084953499357,73.0235866096733
85,86.00645486086714,73.00246606536874
85,86.00649435185657,72.95269926238129
85,86.02265298714242,73.03705403547953
85,86.00894535262302,73.01210908921598
85,86.02620986991704,73.01727546766584
85,86.04709372717736,72.9845521698067
85,85.99277442292522,73.03292460937179
85,86.02632344331505,73.00412070210083
85,86.04630489933496,72.99689457254695
85,86.0153913703202,73.01755209762344
85,86.00739498708266,73.0128553308141
85,85.99814283445548,73.01207564733217
85,85.98364656280745,72.9865717688204
85,85.96611547058214,73.02678125618365
85,85.97771744521212,73.02256047916964
85,86.0131393249358,72.96780798257714
85,85.98710861515562,72.95174545670216
85,86.04250442260862,73.00295673690127
85,86.02305239790866,73.02416802785358
85,86.00351433942919,72.96686155875803
85,86.0075826658285,73.049374141912
85,85.969183839462,72.99507193726883
85,85.97889170739784,72.96070265651335
85,86.02568373244132,72.98792729850258
85,85.95871179129092,72.97627870346356
86,86.01366154153177,72.97884686495766
86,86.02567299511101,73.03582763742604
86,85.98670310493806,73.03136722599147
86,85.9901467264335,72.9636263253236
86,85.99928888401907,72.99668379632766
86,86.01558513845444,73.0259079017789
86,86.01612082834154,73.03867615178224
86,85.98295868561223,72.98887034450156
86,85.97428848642073,73.0357498633074
86,86.00228069298656,73.03713990253674
86,86.01631300020982,73.02698986427305
86,85.9737464071578,73.00726971225457
86,86.0198983129091,73.00774754031106
86,86.02782367577868,73.03958757719951
86,85.96931010051348,72.97196220654891
86,86.01245845670503,72.95493223074573
86,85.99432272788943,72.99049148436936
86,85.98583085897671,72.9808031654281
86,85.97874879609418,73.00592436433624
86,85.95979254030767,73.00483241423129
86,86.00531442464903,73.03985154014923
86,86.0404593416607,72.99262612609525
86,86.00865970720143,73.01113420425833
86,85.98331280781258,73.04623943215157
86,86.00107554377638,73.00609746773266
86,86.00206459502152,73.00049665695188
86,85.98499332696895,73.0117427273803
86,86.00415206302412,72.97444068418005
86,85.96908309623512,72.97522846627466
86,86.04492873200127,72.99238705615674
86,85.9613827596286,73.00088237500333
86,86.02407440340598,73.0163330557561
86,85.98681791382033,72.96444091720687
86,85.99217074544947,73.02575074599328
86,86.00433605820974,73.00891743377963
86,86.00526530682117,73.0079374352352
86,86.00553067606569,73.02403330210558
86,86.0055628166655,72.95238080388141
86,86.0175440393044,72.99126093433281
86,86.03735867714292,72.97805230937446
86,85.96221486691181,72.97158180231551
86,85.99997255828589,73.04011153792447
86,86.0072642474329,72.96952642348245
86,86.0336544418203,73.02214327457139
86,85.99322589288802,73.04252833365197
86,86.00294466599283,72.99841629990239
86,86.00042330854437,73.03925562226587
86,86.04804861330155,72.9936778737192
86,86.01416822761091,72.98079853906198
86,86.03513097739499,72.98184376100582
86,86.03787878155902,73.01785189073584
86,86.02416046883972,72.97145039329756
86,85.97813105897733,72.97793843191202
86,86.00929743345144,72.97028757559822
86,86.01953477213596,72.97033784985823
86,85.95289862832773,73.00210175518394
86,86.02918120425383,72.95978360650851
86,86.02319637957723,72.97276206314943
86,86.00301885533477,73.01828754165238
86,86.00261832611845,72.98045376446787
86,85.98086637892737,72.99892058271524
86,85.98369854761714,73.02099682954727
86,86.00705354172352,72.96833249454318
86,86.02771587597356,73.02986201322653
86,86.0385425204517,73.00232644934752
86,85.99770878198932,72.98207695507794
86,85.9879332054871,72.96600453842966
86,86.03384486549224,73.00506853544162
87,86.02588866789227,73.03498334780825
87,85.9932109183,73.01089382875189
87,86.01657840250866,73.04454267065042
87,85.95535698459678,73.01101429760328
87,86.00825344500801,72.95612168009129
87,85.99529471406028,73.010396850424
87,86.0228228820055,72.99753022812534
87,86.02810046973636,72.97166076544715
87,86.01291574237726,72.97624696903145
87,86.03684060114621,73.00287995961766
87,85.98378286230721,72.98891066618405
87,86.03574307662092,72.98840776495219
87,86.01313166381705,73.00848964409039
87,85.9657046015462,73.00398742807903
87,86.01044847851603,72.95195617631637
87,85.98997969484542,73.0424464281923
87,85.99249894206059,72.98504752142118
87,86.02621277274075,72.9849662986138
87,86.01144315917331,73.00143857527205
87,86.00502766430809,73.01440798075737
87,86.02055424199554,73.01503082414975
87,85.98462043661304,73.01210634877654
87,85.99580025301131,73.00563496551518
87,85.98785249141677,73.04291837447734
87,85.9830179063783,73.02005243416221
87,85.97430711023571,73.00122485855287
87,86.02389216267814,72.9647321755158
87,86.00783299020827,72.98345964475777
87,86.0437388503607,72.99072956313512
87,85.97531716865869,73.02943662868923
87,85.9955558854161,72.99002309810305
87,85.9562232277669,73.01748101049554
87,86.02692569314453,73.01391288066313
87,85.98711954548196,72.9628556164486
87,85.99368449201071,72.97465861829498
87,86.01481906948307,73.03209823131328
87,86.00548012121568,72.95378803988469
87,85.95638708012588,73.01481271144024
87,85.98713371853871,73.04714371299767
87,86.01431310923424,72.9810694136563
87,85.99182350856225,73.00507324723428
87,86.0063764643742,72.9965419126231
87,85.98605103733259,73.01882550071753
87,86.03785189418703,73.01299856567917
87,85.95746538190498,72.98377350631426
87,85.97101369827301,73.02553096644397
87,86.00720385519814,73.02031648663048
87,86.01977551965226,72.9726398914342
87,86.00696581784878,72.98889138906696
87,85.9795964207795,72.96155864952883
87,85.98803687378954,72.95959549120022
87,86.01796195902185,73.0097108693804
87,85.97591167033931,72.98141862192554
87,85.98785380333278,72.96652113725685
87,85.98846865778191,72.95841874567296
87,86.02258335842271,73.00800233198619
87,85.9978544345275,73.001190495486
87,85.97027224322927,73.03487765183094
87,86.03249542373491,73.02202316717327
87,86.0010111348898,72.99832816247921
87,86.0379131150886,73.01423247559376
87,85.99114332784934,73.01159634259696
87,86.00882794334615,72.97553170579674
87,85.9805737487432,73.03104431456417
87,86.03947167354124,72.97845668644997
87,85.95975240880946,73.00693554938114
87,85.98687083761403,72.96221119120221
87,86.03233366569837,72.99608641960131
87,86.03950604512727,73.01305192449236
87,85.98192769392116,73.0092275491116
87,85.97458220287292,73.0337709027809
87,86.01080887157441,72.970475428058
87,85.99379168300605,72.9915335430781
87,86.00416245677137,73.0047696201023
87,86.04450413678268,72.9807394047423
87,86.00752045191436,73.00083719782371
87,86.02787944944892,73.02001757441565
87,86.02060445012134,72.98608526621612
87,86.0110269104903,73.01285339663205
88,86.02743169676391,72.97501144363135
88,86.02710994715822,72.9695894281419
88,85.98043014056904,72.98734552876279
88,86.00040009482284,73.03291039050748
88,85.99519848201005,72.99316244210753
88,86.00107554377638,73.00609746773266
88,86.04438916184122,72.98591657594852
88,85.98213334907142,73.03193016222417
88,85.9896691846182,73.03603068996163
88,85.99226713632983,72.99496069665487
88,85.98227261316582,72.98483705436976
88,85.97295194193711,72.97676996675267
88,86.00462854256371,73.01490615321131
88,85.96138728054999,72.99200604347475
88,85.97271126519469,72.96488423173744
88,86.02107043618047,73.01892994458652
88,86.02096536801801,72.96443492436775
88,85.99997799126675,73.03543129891767
88,86.03739733714548,72.99331366731809
88,86.01029686184118,73.01312068709103
88,86.00929268467421,72.97125125372976
88,85.96740755824865,73.0089053700345
88,86.00491739581126,72.9530916377031
88,86.0216906873287,72.95759202110585
88,86.02760449429272,73.03645741795128
88,85.960479228147,73.00504518011012
88,85.96501555022982,73.01457996289525
88,85.97686466679454,73.0308213889763
88,86.02751770320597,73.00995412440142
88,86.03271556690413,73.02451530734804
88,85.96763409956885,72.96923892784494
88,86.00495679392358,72.9849089023313
88,85.97969855949847,73.0124802823632
88,86.0132079331114,72.98460525655224
88,86.02600861793006,72.99687122390455
88,86.0096320684654,72.99897170659042
88,85.9683551095887,72.96838892452216
88,85.96630436295852,72.99702938100873
88,86.00797981179467,72.99195360325287
88,85.99373206572206,72.97637927095903
88,85.99381237381583,72.99943923865297
88,86.00929479564005,73.04260367309811
88,85.98437432268533,72.97643717343752
88,85.9932806687071,72.95680171564217
88,85.98659600465271,73.00285343449356
88,85.98015732980986,72.99301848653296
88,85.9853510719117,72.96116557925131
88,85.95527355560874,73.01732914316122
88,85.99080276857131,73.03169467205112
88,85.96226734081348,72.97064450147072
88,85.98585364794371,73.00490676987371
88,86.02188265384869,72.98383481757611
88,86.0463098373634,73.00143058248757
88,86.0109782977965,73.01158609094556
88,86.0479367498362,72.9878950261836
88,85.9845078911902,72.9979284760068
88,86.03455337727411,72.98983097520313
88,86.01613650676832,72.98942871155941
88,86.02302730554823,73.0054362884301
88,86.035470427669,73.02180586841232
88,85.98840482426975,73.0427440463085
88,86.03049759929856,72.9991639601024
88,85.99263258564613,72.97541185770555
88,85.97709637958708,73.04362643056254
88,86.04155256737181,73.01456453771937
88,85.98069151936087,72.99353696201605
88,86.00986819031806,72.96065613312355
88,85.9924028654112,73.0286255501712
88,86.00012565258078,73.01151464229147
88,85.9936352735713,73.00073745781664
88,85.99884331922925,72.98375349140557
88,85.95776703853095,73.00832009375587
88,86.01624205102834,72.9651909588057
88,85.99120059409469,73.01698690676108
88,85.9946646859374,73.02814617218108
88,85.99831331272725,73.02597850593651
88,85.97036824574629,73.00001622699789
88,85.97285636676813,73.01013830014699
88,85.96475755630628,72.9758630391414
88,86.0178934631858,73.01025031828783
88,85.99847235315475,73.00505712431573
88,85.97589309422168,73.00269204583891
88,86.0230109982466,73.00023835693226
88,86.01339912313726,72.97953373749989
88,86.00162753827358,72.98982200405062
88,86.01203718259504,72.99828068748054
88,85.98198891885899,73.03739877261499
88,85.95676365134865,72.98303465864916
88,86.0318532254255,72.97124512641231
88,86.00316985177898,72.99358056344232
88,86.00681850316471,72.96517947522926
88,85.97799111333333,72.95798162792049
88,85.98288896481665,72.99839616823563
88,85.9766776737689,72.99419070789773
88,85.98736957912635,72.99744732959134
88,86.02737985456895,72.96404662182101
88,85.99565060003523,73.04027812274614
88,85.98283799432511,72.99302283097563
88,86.00264534005429,72.96042646371203
88,85.99832904420683,72.98928859306507
88,85.97446017190855,72.99683805677466
88,86.02357043458782,72.97553543172663
88,85.99412740616658,73.04288119837271
88,85.98997552691712,72.97072201874282
88,85.9861353983924,73.03031275174688
88,86.01193227727573,72.99764912338985
88,85.98892522315755,73.00392498941062
88,86.0361580962749,73.0288118261477
88,85.99570462992607,73.04245924151803
88,86.01505365855512,73.0308905966597
88,86.04739832172392,73.01451102199282
88,86.04240032232128,72.9747894593512
88,86.00613916871436,73.00389167261193
88,85.95163591275781,72.98765194083227
88,85.96478548026433,73.00445180774905
88,86.00197829372064,73.00771471750102
88,85.95300760180723,72.98790354596247
88,86.0194943794826,72.99492465416863
88,86.02671603110473,72.99008577439007
88,86.01977904118587,72.96905719867462
88,86.00505264495138,73.03565120545238
88,85.97773019234843,72.95703438169248
89,85.9929284698349,73.03314410743991
89,86.03040323445192,73.01968911657056
89,86.00816433602938,73.0100889099081
89,85.95389193874232,73.00977361812473
89,85.96817393070948,73.00441465349267
89,85.9588039618273,73.01132592366794
89,85.98461398151947,72.96549157756853
89,86.02716188730682,72.97394741543967
89,85.99486516863537,73.0210508173797
89,86.01984714598211,73.03802804868609
89,86.00710066907149,72.98088041032608
89,85.9849901093511,72.95553532685973
89,85.95494096653428,72.99406045101136
89,85.9559806184006,73.00349639047411
89,86.01461209129171,72.97699283164006
89,85.97810119004279,72.98995411224901
89,86.04778702274852,73.00908144546283
89,86.0051118310048,72.97545723184328
89,85.9809457164498,72.97802837513568
89,85.97069636925045,73.00346293133585
89,85.9772216859699,72.97073690386814
89,86.01584761816176,72.9637909876912
89,86.02845402892962,72.96681772397385
89,85.99967047210569,73.0142102799553
89,86.00378297764057,72.98920764114166
89,85.99859117274437,72.95780205861418
89,85.99793868645696,73.02431093403148
89,85.99402684614098,73.04016715078016
89,86.03919811416237,73.00452486556495
89,85.99140664215273,73.03024730138625
89,86.02898501769967,73.02806283692163
89,85.95208832429131,73.0130782303306
89,86.0043910515185,72.98582591082403
89,85.9802048072915,73.01901293944704
89,85.97922386205983,72.96372017912864
89,86.00064297187365,72.9692021945329
89,86.02130402650646,73.02517406159751
89,86.00469847477433,73.0202623400246
89,86.0262740844724,72.96640400571609
89,86.02379891464112,73.04027087112969
89,85.99963185389173,73.03500404084163
89,86.01365108119349,72.96510774063168
89,85.95751202811833,73.0082234124258
89,85.9592381711479,73.00850979664675
89,85.97317621754468,72.96878021320067
89,86.01653304175474,73.03891886712323
89,85.96975097819538,73.02072200211548
89,86.04516608482291,73.00535792645836
89,85.96146955223935,72.99919810980408
89,86.02581280472529,72.99284712873303
89,85.99938670521365,73.03962467149852
89,86.01505365855512,73.0308905966597
89,86.00930942922326,72.99402647946368
89,86.01211835762952,72.95326044968955
89,85.98200776505786,72.9702253178954
89,85.97252274205174,73.0039414737221
89,85.99525309453152,72.98227119446383
89,86.01517144429265,72.96542284253775
89,85.9911612894194,72.96844386961168
89,85.98989885829087,72.97955957268219
89,85.96821117692339,73.02036024534843
89,86.01511929729635,72.96952507080114
89,86.0053250376957,72.98565170739901
89,86.00128210407222,73.04037025980365
89,85.99758253388775,72.98690080120952
89,85.97143151128493,73.03870277960985
89,86.00894535262302,73.01210908921598
89,85.96018886423921,73.02219752109738
89,85.95347454698135,72.99695628660353
89,86.0059438532575,72.99595692704172
89,86.03896096489393,72.972445078726
89,85.97051758885051,73.02018443066677
89,85.9929342255134,73.01169460121866
89,86.0120908142418,73.00094620956321
89,86.01622720512096,73.0241492546821
89,86.02604641994296,72.99750851934841
89,85.98335069817493,73.01609324344763
89,85.99444349208085,73.04771135559804
89,86.00979588466696,72.9618537371651
89,86.02135647241428,73.0213289309118
89,85.95722319216532,73.00957559075447
89,86.03438623746827,72.96915107909408
89,86.02045193392956,72.96793550070778
89,86.03293546407282,73.01246104321974
89,85.95999486892893,72.9775861824281
89,85.99529585314126,73.002183427684
89,86.01153748005187,72.98806102480118
89,85.9631961199586,72.98603087760611
90,86.03101097074344,73.02526656471419
90,85.95549904746326,73.00243152610872
90,85.97316836757857,73.00432583138645
90,85.9933628014333,73.04293289433382
90,85.99263761435057,72.98964624919402
90,86.00894846972929,73.04836977801187
90,85.98198444918941,73.0040328502237
90,85.97740188983505,73.0358779217569
90,85.97437486636578,72.99163196169003
90,86.03895130338003,72.98092767447503
90,85.9599775787655,73.02144553900045
90,86.04433277791578,72.97717520435178
90,86.0028608787915,73.01498144340901
90,86.00901650796631,73.02823622813163
90,85.9755288894596,73.03216193650236
90,86.0244091776386,73.03791039965022
90,86.0054507772918,72.97253598263309
90,86.00066422178242,73.0413515038146
90,85.98463707300915,72.99847340414127
90,86.025223928338,73.00084248462805
90,86.02712268221764,73.01092755929933
90,86.01952214819762,73.04196326889621
90,86.01654131137002,72.97355835175718
90,86.01922852633079,73.00757499556839
90,86.01303045511663,72.96059345677455
90,85.9573011002822,73.02455950760395
90,85.99703977572497,73.02412240679988
90,85.96545912712543,73.0062378729636
90,85.97685998716203,72.9702286487906
90,85.98202987417397,73.01006890692946
90,85.99537528856162,72.95390718576151
90,85.96386858052085,73.01771358914603
90,85.98196735791471,73.02939205638651
90,85.97056202370827,73.00523892526242
90,85.96310215045852,73.00565079799479
90,85.97836482965225,72.97924366307141
90,86.00670314034619,72.98265648488535
90,86.01219616690835,73.00644238566977
90,86.02271931333189,73.01589437589757
90,86.01187571666006,72.95484549624487
90,86.00626654568408,72.98105933659211
90,86.00833290476702,72.97424610446046
90,85.99426197399204,73.01586647325738
90,85.97027760895952,73.02932384804558
90,85.9697829845506,72.9622946340837
90,85.99798479490555,73.02660350082202
90,85.99567258370936,73.01760724952199
90,85.98956800652533,73.00920307109675
90,85.998204188884,72.9998841397473
90,85.98069151936087,72.99353696201605
90,86.01182834115625,73.02350943914907
90,85.98697268434842,72.99610371461111
90,85.99272426531797,73.01769684724172
90,85.97453038756562,72.98354940813003
90,85.96630574745802,72.98727196410611
90,85.98301778565201,72.95354111369556
90,85.96575779458597,73.03389773026004
90,85.97904594552537,73.01935105138496
90,86.00928278370398,73.0250504721789
90,85.98885856630866,72.98653301697486
90,86.03115318098162,73.03801370272596
90,86.03785189418703,73.01299856567917
90,86.01812862763926,72.99532535188172
90,85.96478451439737,73.01999780048115
90,85.99312146680482,72.977939922405
90,86.01667378068387,72.99018860567082
90,86.00862706132175,72.97515186257033
90,85.97148749767528,73.00537821032086
90,86.02045193392956,72.96793550070778
90,85.9564182047773,72.98123835937561
90,85.99398542097278,73.00153693752794
90,86.03796915014219,72.99077866491449
90,85.98758781291131,73.01659013668787
90,86.03161169926297,73.03224667155031
90,85.96546872903876,72.9659303200205
90,85.98462325857112,72.96400521561092
90,85.99408258896683,73.01040272714947
90,85.96931041675845,73.0021839288541
90,85.97919698537716,73.02623124851593
90,85.99278742678014,72.96721212549649
90,86.0040409860799,72.98282191204665
90,86.01001572449888,73.00195364170976
90,86.03906385952988,72.98579567653965
90,85.95456929291414,73.01297215202001
90,85.98958596118888,72.98260340463682
90,85.99660500340583,73.01390984681053
90,86.02501570622351,72.99487655029381
90,86.0328191967254,73.00969894941612
90,85.99697851911381,73.03665062892405
90,86.00827581457608,72.97218959052053
90,85.98300550805568,72.96750583349822
90,86.01747507162099,72.9933726392164
90,86.02309205916882,72.96984265912228
90,86.01909552619863,73.04462932473804
90,86.01400592805557,73.03840528100235
90,86.04545492068371,73.00349192127194
90,86.03175893402425,72.99988047636391
90,85.98748525018266,73.0198378893635
91,85.96938351482198,72.98871811084513
91,86.03719058064522,73.0107189198654
91,86.02192155791855,72.98417200576053
91,86.00316358236128,73.00615863885412
91,86.02859338545366,73.00704210998373
91,85.97168254927502,73.0200450008403
91,86.02449416503657,72.99470195424297
91,85.99893046464203,72.98611641366081
91,86.0015772206796,73.00507101287688
91,85.9638058985607,72.98353799545598
91,85.98314521988938,73.01958976508476
91,85.9780499229448,72.9748720867336
91,85.98874913525161,73.01032487994324
91,85.98239866910714,72.95703918702183
91,86.02440475558977,73.02369725953577
91,85.97889857737229,72.98861730026277
91,86.00120057834144,73.01996519497871
91,85.98918239906342,73.02253340789699
91,85.98923598163826,73.02707656571253
91,85.98568668049407,72.97610542044958
91,86.03832280207888,72.9918470444008
91,85.98209742838866,72.9943602737269
91,85.97186490950288,73.01228855198063
91,85.97443877946439,73.00061024848908
91,86.03972674219958,73.02196242572575
91,86.02992857206426,72.97305178583113
91,86.00014117039679,72.991341187396
91,85.9655365149352,73.0315306054312
91,86.0027761939249,72.97183647887864
91,86.03167449530814,73.00177769415652
91,86.04120446489655,73.01100498827871
91,85.98656557596236,73.00268520768662
91,85.99247777254,72.97584626289928
91,86.0281624495886,73.0050491788434
91,86.01074738812684,72.97388223776217
91,85.9972605342212,73.01785919701653
91,86.0175916011285,72.99789116334696
91,86.01032879030367,73.01517091231516
91,86.01485641350057,73.0014891163712
91,85.96542416316342,72.98959088878183
91,86.02266317922117,72.98900970843503
91,85.98123856616974,72.97348368535165
91,85.97768939398193,72.95975222290016
91,86.01720650164195,72.98303405593272
91,85.99134441523303,73.00559674753906
91,85.97312193016047,73.02796942911085
91,86.02764306605327,72.99243041767038
91,85.9615854798636,72.97595662292231
91,85.98631667838823,73.00742930550697
91,86.01369907906684,72.99177468101722
91,86.01026155581042,72.97969361393685
91,85.99156836164619,72.9911418844465
91,86.02440100374984,72.97524076227363
91,86.00152112924586,72.97950238772239
91,85.99081419632603,73.00158723133849
91,86.004685938069,73.03180051299178
91,85.98964921067764,73.02495686831412
91,85.99847408413885,73.03421540045899
91,85.96897110792685,72.97747562203257
91,85.9861047722784,73.00808042610005
91,86.03056978843303,73.00931204049839
91,85.98043388584132,73.01244104893077
91,86.01001562492955,72.98396304674056
91,85.99172603396347,73.01049916443128
91,86.00735588814089,72.973581894516
91,86.01836989795366,73.0144511670462
91,86.01331822431365,72.98923176755216
91,86.009885928411,72.99924514442546
91,85.9584161268317,72.98868563754174
91,85.99200802233618,72.99504759902533
91,85.96242687936908,72.99672472591233
91,85.97660633471924,72.96287479014266
91,86.0043625769918,72.98804587512473
91,86.01919232753211,72.99225368473597
91,86.00801353979719,73.0200253890726
91,86.0071600454431,73.00405138675139
91,85.99784405899045,73.0329152178458
91,85.99970605873904,72.98961387241766
91,86.02254033255126,73.02340658844282
91,85.99945493402295,72.99281476107731
91,86.00010639188312,72.98924591809815
91,86.0178503310516,72.9907159106064
91,85.98857865984567,73.00774973878633
91,86.01790383060981,72.99964614255504
91,86.02176346519519,73.0039189493726
91,85.99868962389061,73.0200567274413
91,86.00769135725318,73.00600569093011
91,85.99375148758871,72.9642845048553
91,85.9529236575815,73.0024987976887
91,85.96162703444958,72.97720082058036
91,85.97069636925045,73.00346293133585
91,85.99152553229483,73.03300871210847
91,86.00957616458919,73.02206320198947
91,85.97452574445938,72.98613988566944
91,85.99824812426777,73.02394956724599
91,86.00131476173318,72.96266211936889
91,85.98176425087692,72.96164938797861
92,85.99708608575631,73.00215295525008
92,85.98418105530544,72.9911879284046
92,86.01251564741091,73.0132573949562
92,86.02853663271956,72.96101663918621
92,85.9559806184006,73.00349639047411
92,86.01476311725108,73.00362197115004
92,86.0054507772918,72.97253598263309
92,86.02338379805529,73.00667486383072
92,85.9717966579994,73.03470118785798
92,85.97914516038301,73.04285049168355
92,85.9854993610674,73.03740745529464
92,85.99467568447139,73.02266251478727
92,85.97957037579006,73.00659213972165
92,85.96410370139175,72.97251788492747
92,86.00725843975597,72.96684035302529
92,85.99237233184786,72.97816528864335
92,86.02810046973636,72.97166076544715
92,85.99763814385483,72.9910791172354
92,85.98847119377734,73.01862900828912
92,85.9742403323255,72.97949324354212
92,86.02789972127823,73.0037347771276
92,85.99660870989062,73.048241280286
92,86.01647638631488,72.98371739891648
92,85.97446177331706,72.99475701411976
92,85.99270180955047,72.98139819692382
92,86.01687697585226,73.00692239355975
92,86.01469856108736,72.98636443928159
92,86.0200494766028,72.95756859932459
92,86.01603126017635,73.01370548727171
92,85.99278605017683,72.98088936560511
92,85.99791754066587,73.03004821912194
92,86.01042867200596,72.98222274609375
92,85.99847318114112,73.03704022922909
92,86.01689625132221,73.00798066111237
92,85.99444476240572,72.97697872830977
92,85.99438177466732,72.9996109539896
92,86.02875015571823,72.96516007469968
92,86.02188782501821,72.9684070588611
92,85.9820373197731,72.95881319678824
92,85.95741207660966,73.01020910816621
92,85.99647450552784,72.97199229938052
92,85.99405380524328,73.00318850903594
92,85.98038289687011,73.01006179717776
92,86.00043835153292,73.04302671618763
92,86.00502766430809,73.01440798075737
92,85.9765426110241,72.98531148900697
92,85.99126827247503,72.96191371193734
92,85.97189582779602,73.04035826197656
92,86.01152794145823,73.00702755174316
92,86.03971964649017,73.01197682721042
92,85.95359887810044,72.99608485271668
92,86.04107872193772,72.98528509641557
92,86.04018763377006,72.99632745286573
92,86.04078288868162,72.99140890142623
92,86.00607187903128,73.02992551026695
92,85.97160965068134,73.0358999540154
92,85.96070869160417,73.01950086763276
92,85.9850114381615,72.9577146712738
92,85.98290249581993,72.98695509479462
92,86.0062954164644,73.00276228172575
92,85.97977103108218,73.01560174620978
92,85.9916454721379,73.04318613835828
92,86.0045902283088,72.98054624082846
92,86.0052988071106,72.98519296888311
92,86.00583650254653,73.0108371757521
92,85.99435070266831,72.99356224758675
92,86.01691744278071,72.95472217415849
92,86.02923884113112,73.00092277556516
92,85.96021217702409,73.00583576788159
92,85.98099897620843,73.01564002273619
92,85.9923561798402,72.9658720486684
92,85.96967110432792,72.96575520410133
92,85.98326359457448,72.99730706016857
92,85.98572308401249,72.98450348542532
92,86.04128456868041,72.99863044350545
92,85.99993595603792,73.00345002811272
92,86.02893758112039,72.98292529625671
92,85.98086234104746,72.97608171478691
92,85.98118525249917,73.0351665000483
92,85.99590252773552,72.97144248055308
92,85.97202630095296,73.0058033104197
92,86.03052755451951,73.03282033133561
92,85.95921401504386,73.02882644309068
92,85.99966803641458,72.96543099162335
92,86.01626290122225,73.01973527363478
92,85.97555065839893,72.98618734565633
92,85.99128325764704,73.01492214422112
92,85.99765115087665,73.00292360791478
92,86.0376759888661,73.00570822196445
93,85.9867169628999,72.9659555390053
93,86.01473559853795,72.98955525806655
93,86.00524374479933,72.97331517927086
93,85.96590772340154,73.01842448680303
93,86.0031699646772,73.01758696604045
93,85.98309348492866,72.96964861552824
93,85.98572990201167,72.99098534017605
93,85.99720856727353,72.95056080120762
93,86.01352455038327,72.96060966407764
93,85.98379330822628,72.99710338516628
93,85.97911175667251,72.96978709732751
93,86.01236221799292,73.04302035135098
93,86.03678375302694,73.02088145786195
93,86.00570590696364,72.97708522599368
93,85.98349681331004,72.97360065621943
93,86.01804082411012,72.96858126758974
93,85.98322934883221,73.00250553765532
93,85.97780156301224,73.03914177818912
93,86.00165176130693,72.99277585184166
93,85.97608984273757,72.99429597798198
93,85.97482159775184,72.98117610567151
93,85.99816474819347,72.99227776614435
93,86.00078357635775,73.01570167855903
93,86.02180817850405,72.98200517165681
93,86.00321869414245,73.00696499831484
93,86.0084486529855,73.00073070946927
93,86.00408599511032,72.95232790857594
93,86.02459128853448,72.98800351817671
93,86.00484489685995,72.96772767787775
93,86.00364808162412,72.98839131764485
93,86.0223260106534,73.0260829089526
93,85.98338078424648,73.00570690275734
93,85.97599220883782,73.0049432882319
93,86.01824103309677,73.02994863290954
93,86.01723253342762,72.96894791954006
93,85.97960029954938,72.96422463093418
93,85.98000392153878,73.0345100210832
93,85.978522716038,73.03948448285304
93,86.01987388266645,72.99543411560394
93,86.01362330168249,72.97003190868377
93,85.97829388133718,72.97156070261332
93,86.00179442407193,72.95345334596863
93,85.951796169908,72.99312894403656
93,86.00430557458994,73.04838321288136
93,85.99457769972183,73.03757937256697
93,85.98699593584276,72.98909206605819
93,86.00499796935311,73.02589424823564
93,85.99767499756295,72.97175530500799
93,86.00086753241865,72.96706675987336
93,85.9821759126447,73.01066189123301
93,86.01043122153266,72.97387669868449
93,86.01664906932359,72.99783121914098
93,86.00526060112918,73.02189667797471
93,86.03361087048363,72.97886159036774
93,86.029431605863,73.0381110309116
93,86.01834961847908,73.03388787578265
93,85.99888459499742,73.04718991747218
93,86.03950089018879,72.99018871331376
93,85.99726495030617,72.97941009374634
93,86.0420194399092,73.00916166023482
93,85.99126114292551,72.98563965194825
93,85.99797449193169,72.98874888680082
93,86.01402013324261,73.00824859723673
93,85.95600317631171,72.97676431041887
93,86.01512476606699,73.04708419599028
93,85.9817586166502,72.98498338780536
93,86.0232749828366,72.96731398895393
93,85.98980069833928,72.9856299509604
93,86.02946905312146,72.96196227793841
93,86.04107872193772,72.98528509641557
93,85.96334277397285,72.99592719249858
93,85.99739460596838,72.973495009019
93,86.03240767235425,72.97099762037999
93,86.02100762319557,72.99850216934004
93,85.97101708512324,72.97425688140684
93,86.00431546110165,73.04888759022704
93,85.99453930541677,72.99761091441702
93,86.00131480397458,73.03631851376983
93,85.99501491765734,73.0344936428193
93,85.952894355131,72.99050962641334
93,85.99518062900765,72.97084848862245
93,85.9968870029691,72.95479833385305
93,85.98177676319646,72.98497478377158
93,85.95689833226679,72.98404279097635
93,86.02407459276787,73.0160991090987
93,86.00821722338667,72.9608913067034
93,86.00438525120205,72.98812252440268
93,86.01884385866052,73.00485427310122
93,85.96627878869907,73.00473249818472
93,86.01403872783547,72.98151323465335
93,85.96236482132267,73.01631847724506
93,86.04127467818182,73.02509042130957
93,85.99381790937338,72.99775659880595
93,85.99280742920804,72.98171288331665
93,85.9929342255134,73.01169460121866
93,86.03096869604212,72.96461930074824
93,85.96900780314175,72.9862256568268
93,86.00560113850248,73.02053988653013
93,85.951990359931,72.99577092042486
93,86.0196266576327,72.96838744183606
93,86.00215569546171,72.9863964138339
93,85.9805610635773,73.03960500339777
93,85.9536797734614,72.99174119355192
94,86.0246980525208,72.99333233217864
94,86.01934506573758,73.03626447893832
94,86.03867137971106,73.00359302649382
94,86.04483277762641,73.01081145358778
94,85.98381722874102,72.97045242991219
94,86.01711129244569,72.99066610144038
94,86.00017671991856,73.0279299819594
94,85.95452849229417,72.98798194739462
94,85.9728915498485,73.02692066670141
94,85.98617072349359,72.98187171028337
94,86.00692743046491,73.00042430843618
94,86.0409964203206,72.99152419084047
94,85.98896152456163,73.04175546627923
94,86.03240368887067,73.01596299025486
94,86.01804422050759,72.99369420516106
94,86.02137330472135,72.9813084169307
94,85.98466764750775,73.02904549433184
94,86.03635163056965,73.0062285870016
94,86.02084256702598,73.01746307712503
94,85.9705445919437,73.03157358741949
94,85.9656826869705,72.99741187439409
94,85.9920600821414,72.97613387315153
94,86.01290740136514,73.00052872625629
94,85.98414464425791,72.99838957609217
94,85.9700675830442,72.99381103242412
94,86.01470662813958,73.04195684858601
94,85.99517917390773,72.98767977786662
94,85.99728603857231,73.01254187524394
94,85.97092778931554,73.0204590517904
94,86.04298823941022,72.97480746621352
94,85.98134564669148,73.01313497841598
94,86.02134663881014,73.04095284457053
94,86.01268262845639,72.97262104623364
94,85.98106315321229,72.99075808685534
94,85.97371084356624,73.03164818314508
94,85.97689678713449,72.97735193874395
94,86.0113544292159,73.0150452866017
94,85.97954495177649,72.99518860379166
94,86.00494481796838,73.00706679095968
94,85.96474181042623,73.02629502356604
94,85.99575548613542,72.99860438146122
94,85.96455216569387,73.01446086925395
94,85.98073102006411,73.01515499416558
94,86.0186183326331,72.98215767407278
94,85.99711012747339,72.96025207886456
94,85.99937358111953,73.0421083203929
94,86.00181860389472,73.0166753425215
94,86.00166599605083,72.99213490496626
94,85.97418165304404,72.98921352123644
94,86.01661422443694,72.98670629980685
94,86.02678399996904,73.02647527229297
94,85.95776680242892,73.02403326909004
94,86.04297597831194,72.9891495034565
94,86.00460707566869,72.96715909411434
94,86.03836058045475,73.00431584181855
94,86.00929178024634,73.03854737394032
94,86.01839843621266,73.01556358992636
94,86.01590567947046,72.99339077204085
94,85.978854518745,72.97384618075642
94,86.04033153022684,72.98165517527619
94,85.98856707344929,73.04810681226807
94,85.97469726237405,72.99662324978534
94,86.0013699353938,73.03351238796549
94,86.04279496764019,73.01511623571943
94,86.01923518735781,72.97253771907351
94,86.0050555377267,73.00031422962432
94,85.95911265146951,73.00983901817737
94,85.97139034370792,73.00057136396987
94,86.03140482686123,72.99733900769385
94,85.99555970516047,73.04099697550572
94,86.02781902020975,72.9906374659743
94,86.03020564070644,73.02466732412793
94,85.99356807251287,73.01435401083059
94,85.99329156893677,73.0105536076605
94,86.03604664485646,73.02752702226803
94,86.02122666357288,73.00897438348284
94,85.96338624880075,73.0237767218683
94,86.01284977164673,72.96293945395438
94,86.04533110223952,73.0068089678118
94,85.96194416768074,72.98643537619851
94,85.97249426114188,73.00365796099973
94,86.04184651462002,73.02140760932035
94,85.97830875373467,73.00781847380576
94,85.95718796985398,72.9786857976798
94,85.97466953527406,73.00342354579504
94,85.997517011628,72.9854443881364
94,86.02842324526249,72.99492261760078
94,86.0402372155593,73.00541310968524
94,85.9826599722871,73.0231585160864
94,86.02975662138414,72.9920732289032
94,85.99057238914939,72.9780724066612
94,86.01598421778966,72.99730657826944
94,85.96565178905892,72.9931747493144
94,85.97328165884109,73.01036291174111
94,85.99295079249717,73.00738391457703
94,85.97051758885051,73.02018443066677
94,86.00896134451655,73.04607071132438
94,85.96939551870626,72.97063086665416
94,86.01424011625086,72.98524493630757
94,86.01969556885606,72.98417861085952
94,85.95634523663192,73.00784383879746
94,86.00075913706678,73.01434766374042
94,86.01522518603967,73.04702332660514
94,85.9592361063854,73.00388525178249
94,85.97568933462539,73.03856838405669
94,86.03859306225138,73.03012474285121
94,86.00965990766215,73.00813629951801
94,86.03272502677368,73.01655160472478
94,85.95953453212213,73.02106809406973
94,86.02174771271386,73.0329121375865
94,86.0423978445445,73.01771035025297
94,85.98692806094519,72.98030029609328
94,86.03729827590311,72.96874206810477
95,85.96895788482472,73.03145188995822
95,86.02945695238172,73.03479899767908
95,86.02322373655377,72.96619609809929
95,86.01314293406189,72.97324584226882
95,86.03641971586394,72.97514550965029
95,85.98610068324643,72.98708050593305
95,85.97407042327457,73.01602593452824
95,86.00205289292069,72.95561583336982
95,86.01408886645096,72.96673497129368
95,85.9834079153504,72.99073700698224
95,86.0185376380526,72.9543279990678
95,86.00487291838851,72.95588016379776
95,85.98838421300421,73.0246952656042
95,86.02594682544023,72.98800168747304
95,85.98312327258829,73.00820935601266
95,86.0346552949505,73.02050263626256
95,86.0089401043221,72.97144354348832
95,85.98867290256464,73.01078958157292
95,86.03690003392414,73.0074292011407
95,86.04750076697714,72.9952650777374
95,86.02711048887934,73.03827055544593
95,85.96065092879202,72.98808137881971
95,86.01151792843086,72.9988976547377
95,86.0062634709244,72.98530462326937
95,85.99220873278291,73.0226884122664
95,85.95998340167486,73.01740920785208
95,86.00994870680806,72.97736863023067
95,86.04077490776136,73.02067605505201
95,85.98569807264866,73.01038626362183
95,85.98407008050147,73.01123504892504
95,86.03373106583784,73.02587186932055
95,85.99154465113746,72.99564807955075
95,85.98114898338982,73.00569596964782
95,86.04473764887624,73.00394867547297
95,86.01371559406951,72.95740287214058
95,85.973159270009,73.01446332076834
95,85.99154029750521,72.98210106794212
95,86.01359533855991,72.99048203944118
95,86.01460102688209,72.98156357459041
95,85.96783952092056,72.98531583228589
95,85.98647465194695,73.00921106037626
95,86.0313219869791,72.98188112652701
95,85.99986380055589,73.03234579811718
95,85.9822313821435,72.9915014336166
95,86.00935118444498,72.98058672721704
95,86.00462854256371,73.01490615321131
95,86.0256568956272,73.03280035839859
95,86.0018869519042,73.010364688066
95,86.00140233126359,72.97013411432663
95,85.98019400407013,73.02618968707341
95,86.0257730646612,73.03342884678754
95,85.98956464285651,73.00547557264515
95,86.0263575928498,72.99087557727572
95,85.95586688614051,73.01266016963095
95,86.00769609499865,72.95642813865523
95,85.99427625190411,73.02416912125919
95,86.00086753241865,72.96706675987336
95,86.02144683779932,72.96982219993257
95,86.01994951754646,73.01895130317388
95,85.98405985229226,73.00811702089177
95,86.02784782239601,73.00979294716348
95,85.99054575120999,73.04729294817406
95,85.98442758411817,73.03484330843239
96,85.9589186303102,72.98168538649757
96,85.9919395448658,73.04406385434199
96,86.04009122049291,72.98601288939513
96,86.02496822231547,73.0097821722589
96,85.99450664443617,72.98936596236078
96,86.01010446825312,72.96121539210533
96,85.98147664080523,73.0324225392104
96,86.01527924406682,72.98024630254199
96,85.96139097662139,73.01423244088221
96,86.01240833245197,73.03442205478134
96,85.97217259118058,73.0125601000597
96,86.0166007957935,72.97720693454022
96,86.03626699529103,72.9912730768799
96,86.01470369020052,73.0392105187166
96,85.99646260200045,73.00008283738457
96,86.00062335355577,72.99910690615636
96,86.04069809855207,72.99803041113121
96,86.02563998445794,72.98211476054693
97,85.97816163869133,73.0401278690629
97,85.95318717800141,72.99072362806753
97,86.02698481765158,72.98438390281734
97,85.98664814592681,72.96609015194782
97,86.0437075581241,72.98618268959883
97,85.98945487153237,72.98439034711497
97,85.98693455264171,73.01326705353935
97,85.99003823710682,73.01653714525881
97,85.9719277932354,72.97437282997547
97,86.01497816271522,72.954053511735
97,85.99704411061464,72.97547605258526
97,86.00165934873627,72.96840383150933
97,85.99123939059376,73.03586693071176
97,85.99402206891436,72.98320985002431
97,86.04379763763413,72.99225481292342
97,86.00919669473893,72.98824951273761
97,86.009885928411,72.99924514442546
97,86.00574393380083,72.98717885024494
97,86.01689138323063,72.99808719754132
97,85.95427055817014,73.01962884148345
97,85.9619875508055,73.01034685550273
97,85.99095421304104,72.9627248095992
97,85.992846505349,73.01126667869379
97,85.9992057947452,73.02192273561108
97,85.97952689961836,72.96785366543754
97,86.0340914940046,72.97541235710975
97,85.95611635721866,72.98864386921184
97,86.01890260546432,72.99064356365096
97,86.02402781214685,73.02016853733082
97,86.00800180932201,73.03979691155655
97,86.0157497639028,72.99450721910794
97,85.98032816958397,73.0169168023774
97,86.00906037029496,73.04315893580979
97,86.00042528470135,72.98563501973418
97,86.0440667566828,72.97650576203691
97,85.99241643350294,72.95163205173036
97,85.96140097888927,72.9992468395461
97,86.01060344621051,73.04728189862433
97,86.00619431014812,72.98375841818232
97,85.99838304795591,73.03248830176487
97,85.98045721940527,72.96117074890306
97,86.00918248117031,72.97038131751201
97,86.01437269980033,72.97032742061758
97,85.99325433696674,73.0107232389513
97,86.0025118675476,73.04813381661626
97,86.00456185500364,72.97922363632622
97,86.0067445759606,72.9992384561571
97,86.00057140667201,73.0302989052849
97,86.01725353415667,72.95917638278976
97,85.99468887565176,73.01896145922433
97,86.00758895989189,73.00073667603863
97,86.03148182830103,72.98128368115422
97,85.97151401220019,72.9883582182258
97,85.98106315321229,72.99075808685534
97,85.96418485559494,72.99951798842783
97,85.99975102639979,73.01336614710335
97,85.98573408577998,72.99118273902792
97,86.02156983816998,72.96755768155928
97,86.0415759724826,73.02385725001787
97,85.95878610674578,73.02332944987054
97,85.97214380354238,72.97680232593837
97,86.01193752218194,72.9998864204762
97,86.03232834137563,72.97433077368507
97,86.00799559995559,72.95619086207896
98,85.98136997350892,73.02849581407368
98,86.01648470535885,72.98959228414026
98,86.0361680468672,72.97138721508603
98,85.97581539487003,72.97148961670455
98,86.01917676599453,72.97032079725007
98,86.01987270302061,72.98930208666435
98,85.99679013518517,73.02682032931968
98,86.02673191111704,73.04106797563938
98,86.00448996033337,72.98380099367752
98,85.98479338569925,73.00092312970719
98,86.01002454847111,73.00101586599405
98,85.97054127568579,73.02993791042226
98,86.03438840216153,73.00962121376325
98,85.98044057786625,72.99770988142224
98,86.02093483183559,72.98984046808181
98,85.9571063498845,73.01672041791758
98,85.96649193580375,72.97260654838458
98,85.98899316996972,73.01457759615306
98,85.97403982676413,72.98583705439412
98,85.95284217210914,73.007405467694
98,85.98592766152697,72.99976083932299
98,85.96792754698726,73.01162073389209
98,86.01399158145028,73.017959786628
98,85.96782478198485,72.98544666939064
98,86.03906199299317,72.9879329110126
98,85.98770074420779,73.00688122496244
98,85.96760287456502,72.99778198718627
98,85.98568873281631,72.95723493682729
98,85.98932567687281,73.00859979194563
98,85.9634674835047,72.97438535027918
98,85.98981917666195,72.98702066250918
98,85.97914427078352,73.03829478727071
98,86.0431690056895,73.01135395137858
98,86.02286942223115,72.97626404742526
98,86.03476444961576,73.00505702269162
98,85.96117175651177,72.99754376507346
98,85.98251229974579,73.01197796311857
98,86.0167005844025,72.98359124628415
98,85.96277905884084,73.01504519629471
98,85.9978705411879,72.95266145262808
98,86.03241345481139,73.0324174598415
98,86.00926032640275,72.96892309687404
98,86.02584349724813,73.0083404649296
98,86.00982446700026,73.03275286483964
98,86.01774580925277,73.03477357794286
98,85.9546757848493,73.00977391916086
98,85.99277952193684,72.9955240173303
98,85.98962805684558,72.95511127273977
98,86.0110341490842,73.00705901524175
98,86.00035341077218,73.03501961131708
98,86.03064601489433,73.03906889936967
98,86.00059457704526,73.02545001396311
98,85.96771227399294,72.99391385571326
98,85.99664568553473,72.9722018301343
98,85.98635429268472,72.99116878590267
98,85.98963792711776,73.00982164931294
98,86.03176129259714,73.02376463574844
98,86.03043910010776,72.9986427007972
98,86.02192454732572,72.99097378025441
98,86.03271556690413,73.02451530734804
98,85.99730875435148,72.98627449596516
98,85.96334545330494,73.00157388658796
98,86.00817389087305,72.9577430712097
98,85.98653357228457,72.9892487597501
98,86.01168101892165,72.95247740868945
98,85.98102325869408,73.03494821745132
98,85.99528660739854,73.00969346299034
98,85.99021679031618,72.9596040110796
98,86.02702639390598,72.9670415266672
98,85.95252651317297,73.00337051087767
98,86.01080887157441,72.970475428058
98,85.97957165731815,73.04372935745276
98,86.03636238257516,73.02361246431079
98,85.99116941670479,73.03603962665055
98,85.97399261106253,72.95981533990876
98,86.00780792570771,72.97998017343461
98,86.00742495778944,73.00060212051395
98,85.99086162514581,72.98675167823015
98,86.01415104149598,73.02308244385766
98,85.97046111046886,73.03491140213983
98,86.0182568777343,73.01384478889975
98,85.9888196874533,72.95175861351466
98,85.9742669827925,72.98214564333134
98,86.01877692554874,72.96112350299376
98,85.96112148085058,73.0097606026991
98,86.03734896508068,73.02752488377864
98,85.99982969379408,72.99390534888629
98,86.01389767550742,72.98001280176773
98,85.97648350815255,73.01234507400525
98,85.98157497523574,72.97389160068178
98,86.03909944205765,73.02923542455511
98,86.03109518887298,72.99795445888769
98,85.99327349514677,73.0014035106319
99,86.03570661184946,73.02649101911284
99,85.95032881261888,72.99714303315893
99,86.0039899801815,73.01300850882242
99,86.02894423882151,72.99525587294377
99,86.00138232632635,73.0275181142209
99,85.9916951884419,73.04428817693021
99,86.02678924476899,73.03234548284178
99,85.9579190590843,72.982794189293
99,85.97862562783337,72.97554822697809
99,86.00617570789153,72.99402812785831
99,85.98462009666595,73.0429809289991
99,85.98297845761539,72.95872852241139
99,86.00627760519723,73.00181097581766
99,85.97098621929979,72.98159602923488
99,86.01001572449888,73.00195364170976
99,85.98650990839846,72.98938131598314
99,85.99827581578558,72.97468808023079
99,85.99422447647906,73.02879772535229
99,86.0035154976912,73.04512651987913
99,85.97542391847553,73.03900975743304
99,86.01153162743044,73.00831541193655
99,86.0243795674752,72.98703966080751
99,85.99739253998625,72.97910512128745
99,85.99238015963486,72.99334611859354
99,86.00827036967534,73.04917530904612
99,86.0079659122935,73.0342719242282
99,85.9861047722784,73.00808042610005
99,86.01483649660116,72.99116234669438
99,85.95737731426756,72.97692861113458
99,86.01790353956693,72.9918287117383
99,86.01008161208097,73.03273214106228
99,85.99575086145853,73.02402315558822
99,86.00589160869819,73.0441325645239
99,85.95984778456024,72.98649468816336
99,85.9684898278941,72.98823388659694
99,85.95658561885777,72.99413148825482
99,85.99262590720122,72.98953789489289
99,86.03491890237945,72.96553234555374
99,86.02500012985195,73.0308815443686
99,86.00667742195698,72.99938483250287
99,85.99520381701348,73.00380482927561
99,86.02712268221764,73.01092755929933
99,85.96658904630901,72.97670267772544
99,85.96627461688766,72.98545535146667
99,86.00002412190454,72.97662588139411
99,85.96623832667642,73.01269306337316
99,86.00076866353139,72.98548948196245
99,86.00297962286876,72.987577573772
99,86.00227987154308,73.01151101997826
99,86.02067100785825,72.9777715676764
99,85.97154953680284,73.00034179623518
99,86.03788153252627,73.02184632392509
99,86.0026304491395,73.0439087407128
99,85.99028276238501,73.00910009765863
99,85.99435070266831,72.99356224758675
99,85.99428117081807,73.00282744452763
99,86.02132865285567,72.96377730271914
99,86.00220848484909,72.97647481318798
99,85.99052059485457,72.99135532274416
99,86.00416934112657,73.0458144586882
99,85.99704306770926,73.00998572073523
99,86.0163631856614,73.04089463402816
100,86.03680208201165,72.97703134917941
100,86.0138851785621,72.99515513107451
100,85.97536985055959,72.96755623725537
100,86.0248148150004,73.01958496939508
100,86.00747763736253,73.03557591775774
100,85.9724417690687,73.01493214800284
100,85.9970032201836,72.99083943083838
100,86.01747227759468,72.96717189816044
100,85.95582052568638,73.00825412030026
100,85.9958864785389,72.95411187743005
100,86.01780270396527,72.97319301627678
100,85.96081790801779,72.99356591675674
100,86.01210382415117,72.99096883765449
100,86.02741842566185,72.99780697743827
100,86.00704321681945,72.98330517778341
100,85.99837146771586,73.00996183256301
100,86.01861652177261,72.9604596536658
100,86.02905309619088,73.00499163175037
100,85.9685540216743,72.9682911008181
100,85.9502304425774,72.99650220881574
100,86.00333025872688,72.95752058369851
100,86.03853616540778,73.02726600894268
100,86.03852209554881,72.99624872572767
100,85.9969906067675,73.01332261365717
100,85.98768368236172,72.9676763249176
100,86.0152260485691,73.02206357988663
100,85.98954154040042,72.9652637609962
100,85.96570891482725,73.0022310955614
100,86.00415930845921,73.04781992420308
100,85.98620522451581,73.02210003071656
100,85.98813380658547,72.99201735384581
100,85.96394459079066,73.00472427550528
100,86.00359177513444,72.9591316898424
100,85.98491016107748,72.97147307300662
100,86.02137330472135,72.9813084169307
100,86.00120057834144,73.01996519497871
100,85.98834759760172,73.0290831469469
100,86.01454730266063,73.0038712473116
100,86.03545032203108,72.96839754807834
100,86.01752781707117,72.95370478546954
100,86.02320699813544,72.99377873107879
100,85.97494590697238,73.03716097740043
100,86.0083360324712,73.02295718746932
100,85.9978100284997,73.03002068529658
100,85.9975376040958,72.95143499710126
100,86.0316508444121,73.02017149227625
100,85.98248375281709,72.9632528910024
100,85.98521090291892,73.04630999997717
100,86.00879638887645,73.0442797945908
100,86.00186797062842,73.03534752656944
100,85.97823481010684,72.99792657000776
100,86.03635791169594,73.00459482388757
100,85.98182756710388,73.02985791804477
100,86.01315865570629,73.04525048479107
100,86.03269325855378,73.02647800159833
100,85.9525569808019,73.01459111122311
100,86.01168101892165,72.95247740868945
100,85.99169912650363,73.0376513799524
100,85.98674875606329,73.00230051115858
100,86.00223241475327,73.04781107849392
100,85.99593931620078,72.97941830197955
100,86.02205714162349,72.97896533514331
100,86.01893998065394,73.02815450734745
100,85.966967192926,72.96682951029388
100,85.97516448010477,72.97829782625051
100,86.00084953504899,72.96832101216692
100,86.03419705396246,73.02008631208675
100,85.96579646784065,73.00542734702775
100,86.02146549978752,73.04235340099105
100,85.99718788944023,72.99900462250078
100,85.99994484333962,72.995341429374
100,85.98923838347442,73.01627538791008
100,85.9682771823577,72.99846719156687
100,86.00317530514346,73.00068012102459
100,86.03931522528683,73.02692238067978
100,86.00625152003381,72.96881494763419
100,86.00114713849754,73.0120007628269
100,86.03859306225138,73.03012474285121
100,85.99314559415635,73.013113084245
100,85.99637695628935,73.01445831003015
100,85.98877577068536,73.04318353547585
100,86.04221637833096,73.00023888604339
100,85.98284718078152,72.99208368759237
100,86.00331394266759,72.99256409064176
100,85.99868545199271,73.02224683660468
100,85.99620302101637,72.99076316388216
100,85.97838735040392,73.0395978067152
100,85.95918835284812,73.02684561030338
100,86.02851896471374,73.01934682225074
100,85.98495074343326,73.0047280558874
100,85.9566973068935,72.98816911185259
100,85.96505935636199,73.02939807037886
100,86.01537215851876,72.9594353456315
100,85.96809735045613,73.01399023367019
100,85.9733862823797,72.97432904085065
100,86.03892176883437,73.01760081421398
100,85.9930735179684,73.00563659363199
100,86.00996599789666,73.02312807008967
100,85.96673769964337,72.99428684337141
100,86.01940565562687,73.0118067473168
100,86.02583551595917,73.00338697737168
100,86.0065496671475,72.97686141436449
100,85.99945198512387,72.96763441395575
100,86.01381565918295,73.04144062838776
100,85.99665226996424,73.03205419154465
100,85.99872466607975,72.95870009755578
100,85.99120077678887,73.02299388113477
100,85.95896725611993,72.99294488704716
101,85.9646590844339,73.01999243432944
101,86.03692824084854,73.0020711080346
101,86.00502766430809,73.01440798075737
101,86.0302274084414,73.00907453028896
101,86.02982270635972,73.03795597000399
101,85.9881213134698,72.98688457897221
101,86.01527489483797,73.02006439437747
101,85.98593722934383,72.98814657009466
101,85.97536307597085,72.96607171280719
101,86.04651049869757,73.01708604889177
101,86.03537162462182,73.01199083801295
101,86.0406172076579,73.0182414398963
101,85.96930182334802,73.01940447149688
101,86.03051167025139,73.01338180537698
101,85.9917748210552,72.95687593153993
101,85.99096575941157,73.03002124343924
101,85.9986280878735,73.02146524807465
101,85.9945660186471,72.95307610058288
101,85.97491346983001,72.97089758269306
101,85.98442510652923,72.9815618179299
101,86.0343683595698,72.9700575839139
101,85.97477655925545,72.96702017295411
101,85.98541772927065,72.9978495246537
101,86.04232168741738,73.00150774580774
101,86.03250809661493,73.03114550449679
101,85.96153433751005,72.97607743510783
101,86.02060127412986,72.99604207092574
101,86.04111810286268,72.97243449388444
101,86.02638314425867,73.01504202974996
101,86.00001206832795,72.9688812839642
101,86.00929178024634,73.03854737394032
101,86.0139512425315,73.00996486511728
101,85.99629030762723,73.03637017822884
101,86.00751020534548,73.04834686430432
101,86.00031456520912,73.04634418987575
101,85.98547965252133,72.9704051948975
101,85.99331608430545,72.97865889728534
101,85.98476033506368,73.0320850745389
101,85.98208449342201,72.98137552886962
101,86.00117382875031,72.96389095850846
101,85.95579467607104,72.99570192209534
101,85.96507376873932,73.02565310449049
101,85.98868871537681,73.0479601615317
101,86.00773349429187,73.0359224420188
101,86.009266268505,72.98837505859761
101,86.02079565472869,72.95483555911551
101,86.0163247126813,73.03137094624667
101,85.95035551322597,72.99852840483268
101,85.97635251992547,73.0164345675536
101,86.03738798584823,72.9965025397446
101,85.99215740179578,72.96141814471312
101,86.01124566694762,73.00637921936675
101,85.95993052123939,73.00233480249692
101,85.96068560710212,72.98201549268072
101,85.99817963472508,72.9974982171242
101,86.03214190375469,72.97796324937961
101,85.98110197003261,72.98005244283588
101,85.97941388319532,72.9898742359804
101,86.01117391877521,73.00315255304733
101,86.04084417068452,72.9812955192667
101,86.03646973432969,73.0150337609574
101,86.00506170839975,73.04799007783284
101,85.99838092229362,73.01808022787846
101,85.98657680501783,73.04272365796692
101,85.9781100751334,72.9891542833609
101,85.96871156303601,73.00792828985044
101,85.96289457022733,72.97317074519921
101,85.98356627140186,73.02015624436017
101,86.00970079611437,72.99398816400883
101,86.02360884140671,72.9732833968371
101,85.97574255759774,72.9701478680711
101,85.9964749123238,73.04195084773306
101,85.96928837784303,73.03290194501946
101,86.03112834857842,73.02141427001922
101,85.96186652463417,73.01589973677676
101,85.95534018352522,72.9855661045599
101,86.03086555832867,73.02415075968999
101,86.01699831616855,72.98846907692305
101,86.01242642194596,73.02832893869957
101,85.96763409956885,72.96923892784494
101,86.04316607451241,72.99120633550282
101,86.04474125758395,73.01569386034298
101,85.98870145271422,73.0097531931492
101,85.99929461284185,72.99604360115535
101,86.00943525332407,72.97961742309948
101,85.99501033357043,72.97999623966778
101,85.98048768566306,72.97110514029559
101,86.0343683595698,72.9700575839139
101,86.01750432077424,72.98441308448882
101,86.02304084471699,72.97608394029771
101,85.99236314574634,72.95472335359865
101,86.04569917188961,73.01709068819055
101,86.03648401503274,72.99873703246055
101,86.00420977845401,72.9777708197185
101,86.039312452873,73.030584795076
101,85.9897634478807,73.01557691244794
101,86.00124371023675,73.00518998115723
101,86.00502479499512,72.95104101384624
101,86.02826502247414,72.96232124905201
101,85.97361878268616,72.99101014646622
101,85.95261434669183,73.0035375592646
101,85.98925729304774,72.95271893783256
101,85.95969298592615,73.01316972437381
101,85.98710025675138,73.01921637390275
101,86.00005675803568,72.98227631780692
101,85.98206280253613,73.03891039234904
101,85.95341772091201,72.98420069844516
101,86.01686409195725,72.98461251291684
101,86.0112674372202,72.99607211654211
101,85.97562605876287,73.04222297225132
101,85.99028798283517,72.98369042626666
101,85.9703498963346,72.99247819531939
102,86.02986668045989,72.96338594752812
102,85.99113303906321,72.99269764272383
102,85.98897038584364,72.99470187953519
102,86.0420061258905,73.00363872565904
102,86.02337678358542,72.96505499909777
102,85.97021437088206,73.02497477278786
102,85.97874511824759,73.00214398468103
102,85.9990369171122,73.04141755369801
102,85.96545912712543,73.0062378729636
102,85.95433417903529,72.99349974744656
102,85.96464549534409,72.9792537580457
102,86.03887741191427,73.0267975132984
102,86.03559768976118,73.0173650376765
102,85.98969183173207,72.97608700565522
102,86.00895698992316,72.96200714338791
102,86.04411882777974,72.98181650855733
102,85.9711440643684,73.03149948451907
102,85.99400304268279,73.00093799232404
102,85.98441211257067,72.95737682503612
102,86.02728936875985,72.96734301168628
102,86.00508428753106,73.0170955725681
102,85.98048768566306,72.97110514029559
102,86.01180256990963,72.97020502888172
102,86.01768469602263,72.96455941399525
102,85.96043478651781,73.02447837408866
102,86.00880491445487,73.04054237868941
102,86.02926618076376,73.0218084999623
102,86.01518350708372,73.02338132821363
102,85.95959100087275,72.97797306073018
102,85.9765426110241,72.98531148900697
102,85.98367459454076,73.02160800040642
102,86.00723478659135,72.98457107214739
102,86.0172953411478,73.02408472656582
102,86.02054373535114,72.95717376514995
102,86.00942016486462,72.96351558650329
102,85.99500619968082,72.97922589538933
102,86.04383160107761,73.02263882904906
102,85.9933346141872,73.01832166011073
102,86.02503125971691,73.01784887741621
102,85.9979392350695,73.00050605435347
102,86.02115496156667,72.99407757685546
102,86.02058310639747,72.97135150111983
102,85.98452626820507,72.97356781750732
102,85.96602772889939,72.98940652425362
102,86.00066170222959,72.96468876488056
102,86.0412047823441,73.00327061036552
102,85.9970912942749,72.98243588197337
102,85.97415826025875,73.00631892187855
102,85.95868154475995,73.01963128383167
102,85.99393777365174,73.00750338097137
102,85.98675312989137,72.99456859329355
102,85.96348961963288,73.01630060999322
102,85.9993179912918,73.04987975198304
102,85.96822742406631,73.00770660098533
102,86.00066735679587,72.9787505809914
102,86.0124253567282,73.0336064983062
102,85.97820956182889,72.95674996631594
102,85.97539129310319,72.99216750419471
102,85.97530206669022,72.97553441432979
102,85.96925046129809,72.98478031748995
102,85.98521546148301,73.01739843441682
102,85.97320586355752,73.00835392548457
102,86.03246538997239,72.98090728909779
102,86.01097380698212,72.98037187826836
102,85.99457514718446,73.046228928321
102,86.03690442103046,73.00441790583764
102,86.00094372813555,73.03996210446736
102,86.04084082613268,73.0252319208512
103,86.00482792717077,73.01999800413078
103,86.02545744055973,73.00925439745491
103,86.03497497155168,72.98222472627613
103,85.99033639866897,72.99902208673369
103,85.98458264533589,73.0053570985589
103,85.98050161686615,73.04447495579086
103,85.98075013126827,72.98722638236443
103,86.03472185360577,73.01827954409718
103,85.98524862186714,72.97965623498114
103,86.03472109489634,72.9699219286705
103,85.99185954417557,72.96139103155504
103,86.04215787686303,72.98564430452939
103,86.0167337076055,72.97353809260039
103,85.99172541989715,73.00083805261893
103,86.02290395003727,73.00306622198055
103,86.0091417898839,72.96082251424295
103,85.98845359225656,73.03104731085443
103,86.0463230588526,73.00123654929543
103,85.96895468954612,72.99713444341833
103,85.96091385503276,72.99821129860968
103,85.98255449177054,72.99163562327286
103,85.9613729420386,72.98678670860545
103,85.97897052911594,73.01117204083384
103,86.03965593632651,72.97942445906574
103,85.97399096635321,73.0208770066424
103,85.9615854798636,72.97595662292231
103,85.95158946516712,72.98877918109665
103,86.02630962363774,72.96993701883424
103,86.04788201812335,72.99217185619317
103,86.00500493508997,73.00973513135956
103,86.0325155546879,73.02331142127828
103,86.02505975841561,72.98721629543495
103,86.04202451853207,72.97910892375192
103,85.99454817481293,72.97640854462473
103,86.03394497931507,72.98948250141264
103,86.00184607249275,72.98925229241011
103,85.9948410329504,72.95289735501582
103,86.02916250714277,72.97826358878437
103,85.9731963864093,72.99474429137258
103,85.98830236399228,73.03025740541072
103,86.00401413763753,73.00088267818525
103,86.03911783424911,73.00320690685834
103,85.95161378637384,72.99215280747605
103,86.0144025969005,72.99777509684687
103,85.98723883469606,73.01219104395962
103,86.01274917026005,72.95444954338308
103,85.99743156177323,73.00492665279
103,85.9768185975481,72.99429461479717
103,85.99283624336154,73.02731918821311
103,86.02782751891044,73.0225316545909
103,85.95949182764377,72.9912386911194
103,85.97270025386938,72.98009381786201
103,85.96757405195088,73.01378550155465
103,86.0116283873129,73.0189672656443
103,86.02484325486658,72.978317182052
103,85.97046111046886,73.03491140213983
103,85.97031694821966,73.02380499725749
103,86.04504662854224,73.01660558021557
103,86.02763514640813,73.04122958466867
103,86.02799710097561,72.99988527586298
103,85.98704069692744,73.00485912050974
103,86.0204665995435,73.01894742730693
103,85.96936146991555,72.96092351865796
103,86.00428554470297,73.01594460296796
103,85.96766917763239,73.0269484022544
103,85.98370160611742,73.0109518614418
103,85.99343453885099,73.00725601698318
103,86.04037151990441,72.99829848610008
103,86.01321528473615,72.9606620199988
103,86.03012162664128,73.02601535750664
103,86.0178058022771,73.01996495357109
103,85.99105697699083,72.99840403493995
103,86.01700293383008,72.99184540808645
104,85.99573354280422,73.02226112581167
104,86.00356651724974,73.01017662433192
104,86.01573381740212,73.01440768633711
104,86.03892374387401,73.00545574298066
104,85.99434055921753,72.9521650003547
104,85.95272074619143,73.01533667111799
104,86.04016653708702,73.0238252024243
104,86.01707194979609,72.97770294065988
104,85.96331726757349,73.00220759064149
104,85.95775651219755,73.0081209474397
104,86.03536633988283,72.97704605094971
104,86.02767167334385,73.02896891132008
104,86.04086199810922,72.99675441556876
104,85.99435433813129,72.9862343340051
104,85.95286955983178,72.99696936255816
104,85.95352163767616,73.00862576448164
104,86.01749889133431,72.97509192307345
104,85.96206238832872,73.0196713170268
104,85.99393899957634,72.95350062042927
104,86.00111629123141,73.00290139934152
104,85.99104900675687,73.00082453315835
104,86.03214231306465,73.011372928277
104,86.01832812460049,73.01738798254621
104,86.01059015306546,73.01384430289635
104,86.02067340205429,73.00338190624302
104,85.9792621309531,73.0029781974844
104,86.0165089896814,72.96489305949969
104,85.98495309526949,73.02717756043485
104,86.00156467691238,72.95569656678846
104,85.95396782917929,73.01287809335203
104,85.9928786214353,73.0329053298449
104,85.98157412348995,72.99315599136128
104,86.02946189540737,72.96889406947096
104,86.0358568063309,72.9985065220012
104,85.98624022923505,72.96783694909023
104,86.00659593722216,72.97972762148889
104,86.03465662201589,73.00590343280166
104,86.02900578961697,73.02841472547088
104,85.96203369076272,73.01274353956856
104,85.98991805489072,72.98926887664274
104,85.98915241565743,73.00487421628634
104,86.03829503064999,73.01999553596622
104,85.9634092299664,72.97410257361697
104,86.01132096102255,73.02039530402597
104,86.03540898432333,72.99526736666961
104,85.95033920797354,73.0007257409116
104,85.98322242306492,73.0451146815111
104,86.03414078783167,73.00862291927588
104,85.98629858987013,73.00761597596825
104,86.00266982789039,72.99323971999154
104,85.99435353687065,72.96853253470114
104,86.00033573163732,72.95947293590989
104,85.95874950254336,72.97397598694779
104,86.00218265187519,72.99528904450325
104,86.01246180928759,73.0387799541398
104,85.97427200908426,73.02646779952276
104,85.98576217562967,72.98712674155585
104,85.99499796402333,73.03443156692956
104,85.99696869174056,72.99043643503543
105,86.01931706538139,73.04227789032697
105,86.03891647242558,73.01642770799248
105,86.03625555973912,73.00161256328721
105,85.99673674372389,73.01190035135919
105,86.04402692179309,73.02305294197166
105,85.9893206611073,72.9605570472892
105,85.99927020852286,72.98770630955337
105,85.9854935449162,73.004985788476
105,86.00189649663673,73.01649847469872
105,85.99070776029333,72.99329815062589
105,85.97661107064492,72.99928948790296
105,86.01352769567032,73.03213762254742
105,85.97775655344036,73.03960906666151
105,85.9669992144241,73.01065552758725
105,85.95517522487455,73.00920045250407
105,85.99073087913102,73.03488314919697
105,86.0303073838852,73.03157348095
105,86.00514324548547,73.03610056138379
105,85.96813467702252,73.01671259925148
105,85.99223773641224,73.04400407406742
105,86.0126441755017,72.9631563083967
105,86.0146849149726,72.98924750770162
105,85.9601319362734,72.97486181179544
105,85.97807970220855,73.03732247856485
105,85.98637025175633,73.02767336561901
105,86.01967961589324,73.00078684818888
105,85.99497891720534,73.04392783021625
105,85.97183011995628,72.97016480082466
105,85.96560460895614,73.03589471717189
105,86.00190610283033,72.9694553893356
105,86.01731681043962,73.0161114112368
105,86.01389914374955,73.04123943827726
105,86.04517264552833,72.98530937978809
105,85.99736217769052,73.01021040360371
105,85.96953646503583,72.96539952070957
106,85.98029918996338,72.99253549096558
106,86.01988868042906,72.98249769429107
106,85.95361890193145,72.99634049263457
106,86.02662597982967,73.00996495007968
106,86.01722327775501,73.03941682671832
106,86.01991601208546,72.95854160291435
106,86.04403948428197,73.00445545445089
106,86.01154849136188,73.02589611944995
106,85.98249991632055,72.9589687685797
106,85.95703217779622,72.98624513129353
106,86.02338033720149,73.03758526419752
106,85.98712283539902,73.02314970337494
106,86.02094445324748,73.03277121535426
106,86.00172019454313,73.02214260074321
106,86.04045766127439,73.0140365404587
106,85.97686466679454,73.0308213889763
106,86.01343759802405,72.96247103117993
106,85.96800444348882,72.96183784903445
106,86.03022670467065,73.03923168172913
106,86.02672913266193,73.0279156694751
106,86.01339617651169,72.98195455582056
106,86.02208035012778,73.0206144858306
106,85.98975939415074,73.0474918153585
106,86.01392198396482,72.97125518562956
106,86.01440190107955,73.00328973574133
106,85.95934374492666,72.9747772302483
106,86.01725634682909,72.9616844255219
106,86.03487319107903,73.01912383536622
106,86.00351101751397,73.01101534769253
106,86.03850702991569,73.0099353856912
106,86.02161754185045,72.95723548144557
106,86.0311895671082,73.0126115881957
106,86.03050397766897,73.00861597264321
106,86.01030518162196,73.04103000092522
106,85.99437795829706,72.98512829814642
106,86.01174267255413,73.02991709552467
106,85.98647465194695,73.00921106037626
106,86.01114480061214,72.99465861608566
106,85.9940503304313,73.0293002353238
106,85.9934364539439,72.9603993480822
106,85.99832419699965,73.02837043769037
106,85.95965516170381,72.98694914786525
106,85.97392576955066,73.03342251276615
106,86.03303511192327,73.00558340450449
106,86.00074124446198,73.00015994356777
106,86.00693270812388,72.99455390282188
106,86.04468574436169,72.98877219507801
106,85.97673730714506,73.0209440072898
106,86.0319395257994,73.0230425638561
106,85.99005752143935,73.0156402060509
106,85.99148133525414,73.00743208315532
106,85.97033061875881,72.97496830703173
106,86.0137655362258,72.98652953848409
106,85.9936164232663,73.02468209623059
106,85.97044268327873,72.97177433602518
106,86.03058374012744,72.96092816341063
106,86.03397297886065,73.00623905979452
106,85.99124256268483,73.01812651849012
106,86.0322893668481,72.98204325800384
106,86.04155778432123,73.01005050560757
106,85.97045671683529,72.98286850373034
106,86.01008193089842,73.03762403538953
106,86.02017425731724,73.0449738696708
106,85.9850911085354,73.02801717185591
106,86.01102317223767,73.04097419747949
106,85.97611547254584,72.9645714281246
106,85.99062177759215,72.98903865508574
106,85.97467316348899,72.96697206345296
106,85.98426115314217,72.95916256447052
106,85.99054094916679,72.98803997338833
106,86.03298979832392,72.97813396374158
106,86.00449766064786,73.02391172704736
106,85.9638031804426,72.99371069976942
106,85.9629108129188,72.99099277940186
106,86.01925441988348,73.02581532776101
106,86.00011736551555,72.95159584790844
106,85.97903657333005,72.97159214429497
106,86.03866218987542,73.02886312097009
106,85.9972667144936,73.004105985703
106,85.97558808539517,73.02419585895733
106,85.97992009694242,72.99693853804634
106,85.9990210991079,73.02993060298493
106,85.96901619831519,72.99971010996967
106,85.99186302780898,73.02178027147652
106,85.99653242483144,72.98854883363134
106,86.01100458430712,73.04856042829985
106,85.98406332354241,72.95317231421731
106,86.00634571370755,73.01936569235296
106,85.97920890877849,72.99387970889855
106,85.99133737899746,73.03524314509498
106,86.01118990859194,72.97113557824038
106,86.00156580347922,72.95070437814906
106,85.98517337487034,73.02867863477992
107,85.9772571448315,73.0200863385166
107,86.0081858306399,73.00551061200252
107,85.99296805818075,72.96300408964169
107,86.00790425126733,73.04895169421725
107,85.96745952392861,72.9765944950979
107,85.99520752295962,73.02332794688992
107,85.98835840046169,73.00859282215843
107,86.0023451384168,73.0430499999075
107,85.98331065926392,73.00513783266219
107,85.97337813456578,73.032697031974
107,85.96790122923113,73.03368216975751
107,86.00504704471275,72.95841036243348
107,85.98621864910353,72.98187332792392
107,85.98751310851324,73.00502320258892
107,85.96814117238765,72.9768733005144
107,85.97473048854864,73.01061837032688
107,86.0023485639564,73.0070440273091
107,85.9571278669236,72.99861046686516
107,86.03180506023526,72.98978495821106
107,86.01125149553161,73.01411445515396
107,85.96075507526317,72.98186257440767
107,85.99641836403558,72.9560241190919
107,86.02304084471699,72.97608394029771
107,86.01713579447825,73.02727744517505
107,86.03169162331005,73.0032208285134
107,86.02993340547059,73.01610328671991
107,86.03077076302186,73.00369137959025
107,86.04122152539762,73.01909532226898
107,86.0212315096614,73.00858083139586
107,86.03271099881319,73.02758448944147
107,86.01856449783553,73.00820717475618
107,85.99248413397648,73.00969716999309
107,86.02832096326973,72.97456708442698
107,85.99899512858225,72.9892002247421
107,86.00127164069815,72.9512830971051
107,85.99297223638872,72.97982986162114
107,85.9676462112036,73.03449998944755
107,86.04707567493892,72.99730352079102
107,86.00318329873349,73.04024943580605
107,85.96685315174436,73.03043694331235
107,86.0063692925066,73.00664347443909
107,85.99063168521802,73.01360149099051
108,85.96709538105092,73.00841678535916
108,86.02581704309509,73.00454861755688
108,86.03215967505028,72.9931135117771
108,85.9793426169275,73.01015125721752
108,85.97247665781877,73.0194770093851
108,86.01336007651643,72.98657139475101
108,85.99061211505142,72.98789636698433
108,85.97652618954278,72.96755787657263
108,86.01949817925747,73.03398394980019
108,85.96637927245563,73.02629998601574
108,85.97630949629226,73.00064974293463
108,85.9665436793165,72.98414867132134
108,86.01928779498063,72.98609817386208
108,86.00958632409983,73.00475334768502
108,86.01446282199092,72.96876524491225
108,85.97715545976187,72.95944020583359
108,86.01150868280864,73.04417368586356
108,85.98962970294752,73.01352567706303
108,85.9667140130696,72.99969781275375
108,85.95256592511514,72.99345467897619
108,86.02242600958448,73.00917427803154
108,86.01925183759988,72.96262876391033
108,86.00849340031415,72.95718919748035
108,86.01836607030202,73.0142996150097
108,86.01684631824222,73.03564364856108
108,85.99838276343154,73.00343367908594
108,85.96393264440458,72.96552407412064
108,85.95245924307481,72.99697949310003
108,85.99427625190411,73.02416912125919
108,85.97039876582906,73.00975778610322
108,85.97840182940618,72.96792003716249
108,85.98389655452787,73.04204634560676
108,85.96930644431103,73.03584956233543
108,86.025223928338,73.00084248462805
108,86.0239529850625,73.0387013791506
108,86.02006484594254,73.03545277833265
108,85.98500810702645,73.01484811904568
108,86.02602531371961,72.99238862974217
108,86.03630216878203,73.03245869046674
108,86.04132732066874,73.0251694591715
108,85.98430115030546,73.01966783692917
108,86.02731199185776,73.04134196974877
108,85.97699914437595,72.99307640433555
108,86.00173444815917,72.97961897054934
108,85.99916313218431,73.00785587687477
108,85.99435902168993,72.9607935338547
108,85.99965337458802,72.96334409106906
108,85.95154449220848,72.99876742151264
108,86.01078120199497,72.985901174775
108,86.00829094304837,72.99063126790647
108,86.00859352305473,72.9923893659564
108,86.00317841304086,73.01918666350592
108,85.96034135524852,72.99404548749965
108,86.00958632409983,73.00475334768502
108,86.0122345045329,73.02057225542022
108,86.04707567493892,72.99730352079102
108,86.0417421379582,73.01670106766481
108,85.96924931130482,73.01955159494561
108,85.98786924746851,72.96532105963847
108,86.00011704617317,72.97514021546574
109,86.02031537230792,72.97640851360264
109,85.98926189646619,73.01594705505181
109,85.96048912389674,73.02436352014318
109,85.98352548437073,73.00187478796724
109,86.04699391367099,72.99416114088393
109,85.99720093510612,72.96623825815813
109,85.96311934611924,72.99380878909636
109,85.96189273364439,72.99785485970806
109,86.04412553916649,73.02241556662177
109,85.98301680966117,72.97371728894299
109,85.97472652715689,73.02746537401491
109,86.04474584609045,73.01425037779335
109,86.00435664601058,73.008173738234
109,86.00948172420682,73.04807286488273
109,85.9900513090138,72.99119606771238
109,85.98859981174968,73.02607110392607
109,85.97914758988605,73.03137750794518
109,86.0096036978416,73.01071452045095
109,86.00034621202761,72.98562810762013
109,85.99797449193169,72.98874888680082
109,85.98052204022135,73.02706983902837
109,86.03841498993236,73.01976813350981
109,85.97875042812606,73.01442026720532
109,86.0026351495791,73.03197849617736
109,85.98454842791806,72.99695716617957
109,85.97831890163262,73.01020453974093
109,86.03249232170184,73.01071115225771
109,86.01319972788855,73.01973292800274
109,85.97853288960587,73.03210214317
109,86.00549521461303,72.95881666956109
109,85.98342970228693,72.98802798345415
109,86.01880704298065,73.00812800634124
109,86.00433271384401,72.98749801375749
109,86.02038632406145,72.99034746612745
109,86.00918597270429,72.95195622571602
109,86.02708051185088,73.03139339152432
109,85.97100416232048,72.97417397212755
109,85.98714174106559,72.9686933234642
109,86.0143054171088,73.00307827942837
109,86.0089750249556,72.98908650509544
109,86.02126211906439,72.98010888417429
109,86.045802449641,72.99347256133814
109,86.00493081594813,72.98023537319246
109,85.98138356450806,72.9915360388578
109,86.0020876487511,73.01972278666148
109,86.0158196894002,72.99185916438356
109,86.02888943415608,72.98665726852902
109,86.02541896432801,72.98241489923369
109,85.96097485463704,72.9818713309968
109,85.9759548191743,72.97316877478308
109,86.0016748587526,72.99587209187108
110,86.00903391865776,72.953579911106
110,85.99407116846687,72.96800603228982
110,86.02191929191667,72.99814649364448
110,86.03587471075417,73.02469416463302
110,85.98987337522642,73.00119107760612
110,86.0007394863867,73.01397752862545
110,85.98586495914697,72.98229179425346
110,86.03447907158467,73.01657471747956
110,85.96537289918875,72.98256297181145
110,85.9756771918519,73.02653075636155
110,86.00023734507467,73.04889464369329
110,86.0076127409441,72.96792692819652
110,85.99792001305843,73.02258871992571
110,85.96761988514643,73.03283988347435
110,85.99934844753076,72.9649535060855
110,86.02317654325229,72.99727160423977
110,86.01075172927656,73.00084393992631
110,85.96892285765367,72.96890560507309
110,86.04554801637487,73.01566388877139
110,85.98689046684284,73.00303731928757
110,85.99282124361098,72.96124164574096
110,85.99349554828937,72.95791757032814
110,86.0386325202945,73.01906862054717
110,85.9774510589877,72.99483046136358
110,86.01635362527726,72.98394098756745
110,86.00188385440055,72.98782302304244
110,85.95915775909636,73.01176024885196
110,86.01114480061214,72.99465861608566
110,85.97757918850128,72.95635157380678
110,86.0456566742367,73.00305513065997
110,85.98705142503961,72.99233329711222
110,86.0185409863537,73.01999791728527
110,86.01616963334996,73.03260596838643
110,86.00005190159997,73.0257623369651
110,86.0245442206444,73.0013655356406
110,85.95882368037041,73.0050968199238
110,85.97936395565584,73.00642775888132
110,85.9957611523046,72.98117572179228
110,86.00736194437194,73.04851177017952
110,85.96740737618371,73.02394855300814
110,86.02036514311655,73.04252480814726
110,85.96097485463704,72.9818713309968
110,86.01117016846317,73.02047229630764
110,85.99819103898571,73.01500917023799
110,86.00288753534691,73.00209930600694
110,86.04302469211713,72.98889407543996
110,85.98685081980811,72.97466452219007
110,86.01740868802295,73.00079057419798
110,86.0158869967825,73.0127422070365
110,86.03290295582899,73.0047521249624
110,85.97013417240377,73.00359659871468
110,86.01124340716541,73.01872837114006
110,85.99834308426514,73.0477345227995
110,86.03019639912587,73.01357790556446
110,86.0215845520994,72.97195741190276
110,85.95437108020245,73.00088172943576
110,85.96201324547637,72.9685640484613
110,85.98092053144738,73.01741483677272
110,85.9608741765012,72.97967482081388
110,85.98638261764944,73.0394820240623
110,86.0238787732939,72.99372056506009
110,86.03388261455447,73.0063106353814
110,85.9932258131778,73.04742063613637
110,85.97850919910586,72.9653856515444
110,85.98462009666595,73.0429809289991
110,85.99652677708215,72.97457734598464
110,86.01381731205572,72.99531858645464
110,86.01280162048243,73.01282748797705
110,85.97268571510163,72.98350293779306
110,86.02018292538307,72.98530270116994
