gene,x,y
1,83.03309770891278,61.96324377848847
1,82.96725809530439,62.018157840466856
1,83.02008245535716,61.96523997433066
1,82.98985690364397,61.989579075825525
1,83.01328070172566,62.011901100904616
1,82.95429831653297,61.98163761120117
1,83.01791505096124,62.026991822477434
1,82.96818346346913,62.025236599331
1,82.98660502118373,61.99564460190245
1,83.02587146229389,62.01527645270741
1,82.97209700322244,62.02323072064401
1,83.02294215564677,62.00305823731883
1,82.98163000545289,61.98235763942769
1,83.01186059430724,61.957743918474904
1,82.98320551742071,61.9978038369345
1,82.98066441472584,61.976914599467875
1,82.99287973756975,62.01452155121696
1,83.032789102496,61.99935728966972
1,82.9866360643661,62.001367434824225
1,83.00677146973987,62.04207343028954
1,82.96561423593799,62.02115794790747
1,83.006824679228,61.95801465961107
1,83.04674783054328,62.005422793287025
1,82.98404500177253,62.025920581661076
1,82.99649031036778,62.02076236033525
1,83.01257669089922,61.97156442865847
1,83.02156041230093,62.00355697132542
1,83.00023510745211,61.99808968617415
1,82.97169191539935,62.00707373042367
1,82.9998661978824,61.950448277850036
1,83.00920461073542,62.03023247211691
1,83.01479502116949,61.97974212713668
1,82.99127894777884,61.96013652639355
1,83.0172113572501,61.98201946877222
1,83.04877299181737,61.99266427591964
1,83.03586077744646,62.01535743951013
1,82.96438984039675,62.007194917324505
1,82.99093889744219,61.95808260009118
1,82.9945975421998,62.02654439666502
1,82.99106010859497,61.983120335153004
1,82.97536438726499,62.038979570821674
1,82.97020308949409,61.96753454705988
1,82.96637739336131,61.98085939463994
1,83.00851826335825,62.022052089308616
1,82.96211209627127,62.01527916454115
1,82.97490123282196,62.03326287914308
1,82.97329910639013,61.978465151291374
1,83.0020152842734,62.0178154565945
2,83.02087787723622,61.99390125955105
2,83.03766439057115,61.99771068731126
2,83.01881380051645,62.0125805717811
2,83.00174493241855,62.00129742844379
2,82.9820552054979,61.991105915430545
2,83.00642903350472,61.99257174729933
2,82.98644212772001,62.00898383815694
2,82.99812139896159,62.01835202323082
2,82.96357459703854,61.974045658953635
2,83.03260302879056,61.99699747891191
2,83.00783633315865,61.97968446504827
2,83.01362137023575,61.996675314114135
2,83.0208263547156,61.97444081292694
2,82.98972620993368,61.99627926238328
2,83.01787806078292,62.02171286537245
2,83.00297335047102,62.02049501329188
2,83.0264647918505,62.0160741874079
2,83.02597402425232,61.97795971042523
2,83.00635297016991,61.9683944189082
2,83.00103859135147,62.01665897720629
2,83.0170229177558,62.00669029720458
2,83.03303408179235,62.002762852247486
2,82.99166441144989,61.98326237854415
2,83.00281147175504,62.028930722430474
2,82.97236483204094,61.990520492622736
2,82.9660828228605,62.02428117126627
2,83.00275101929475,61.96815049867389
2,83.01173925217256,62.00370085061028
2,83.01262869895281,61.98744313635354
2,82.99645019455848,61.95769277155374
2,82.98739564398387,62.02132581622389
2,82.99552236568307,61.965251181843456
2,83.03555275905418,61.98390483353094
2,82.99212695926744,62.01868693143626
2,83.00215175781403,62.026815434872645
2,83.02357833520385,61.97228779838984
2,83.02266890666405,62.006196297551725
2,82.98020370662334,62.019353312991065
2,83.02077132525656,62.00869048579871
2,83.01904215820859,62.00980213182144
2,83.00785404435123,61.96390635334481
2,83.00204600340375,62.019658066350345
2,82.9980166468071,62.035109058612825
2,83.00421972432173,61.97501197215859
2,83.00178349111687,61.980912315051924
2,82.96774080406306,62.03331432494105
2,83.01731861524766,62.01444769688116
2,82.97881298248674,61.971601515018385
2,82.95987287289323,61.98120236856436
2,83.00893415035911,62.01009963855141
2,83.00750518467441,61.996045826067665
2,83.04548053313003,62.0121316802482
2,82.99248688324217,62.03630927557858
2,83.03274595659276,62.018543306285416
2,82.9684948711685,61.990229665366236
2,83.00536134817165,62.01419073028097
2,82.97963143924447,61.99696481765511
2,82.98599702996329,61.991194304463185
2,82.98496612854368,62.034598694216506
2,82.98239823746593,62.00367555032247
2,82.9655607767095,61.99170616095519
2,83.0154767413436,61.99504423823839
2,83.03392598193959,61.99854389655917
2,82.9796709865876,61.97401133250974
2,82.95374223710404,62.01839016834731
2,82.9730431920997,61.98616839622887
2,82.99512606960124,62.01075017817355
2,82.95984374352749,61.97827762278219
2,82.97564476139013,62.006308272888745
2,83.03967491019742,62.011481253823035
2,83.01568044033283,62.02729880201984
2,82.99567039223517,62.041494844682866
2,83.00251116440174,61.995356970118515
2,83.00047018298798,62.00832450068939
2,82.975016164276,62.03169801198127
2,82.9859344583665,62.01281387108251
2,83.0261951143445,61.970090058959954
2,82.99152349048396,62.01502254308855
2,83.02568569817458,62.03376420918027
2,82.998361971357,61.99944600267194
2,82.9798490578143,61.961187613560064
2,83.01338596983555,62.008041916315506
2,82.99375846611231,62.000756918061406
2,82.99925792664317,61.98459441537827
2,83.04717715146289,62.012501368246426
2,82.9786185973472,61.994828407719794
2,83.02035236068068,62.007820800400914
2,83.0140773069937,62.00536497261889
2,83.0186715071272,62.00300998220196
2,83.02295439161834,62.02397350282673
2,82.96381144199009,61.98927199574285
2,83.01865836721042,62.02646892103548
2,82.98051215810283,61.961483980843056
2,83.00380185178882,61.99628961842691
2,83.00669958998027,61.97511362882774
2,82.99444133765846,61.99769995676072
2,82.98209598654483,62.019822384131
2,82.95799407899024,62.00322819014667
2,83.02728377020325,62.02362089405924
2,82.98533332819288,61.96481940764294
2,83.00160545636679,61.98121012257367
2,82.98478526101185,61.983148286934345
2,83.02042259970904,62.01782194089732
2,82.96708424490738,62.0096198131838
2,82.97054838725386,61.97643603983554
2,82.99181135480667,61.98235797972691
2,82.98896568565505,62.01423441592732
2,83.00327565944912,61.99655853285393
2,83.00798609243606,61.99240144222577
2,82.97793605327489,62.010835286241395
3,83.02184805686878,61.985804549145186
3,83.04323107800609,61.986701821739636
3,83.00382654760708,61.97856288000468
3,82.96585236480571,61.99871514245205
3,83.02285665962792,62.02452725682901
3,82.98995842016421,62.0058980503969
3,82.991286954248,62.00770114059911
3,82.99031037258828,61.987033641682444
3,82.9536565204118,62.01215698096201
3,83.00021943472257,62.01109930160641
3,82.95881440618639,61.99408391645622
3,82.99090772850235,61.95829383894763
3,82.96436712039261,62.01080125567592
3,82.99989340121947,62.00123321828289
3,82.97568290255076,62.03880885114866
3,82.9526214068532,62.00254614143015
3,83.0189928706344,62.003220300221855
3,82.96869009479111,61.97949585902345
3,82.9870591290669,61.99382108356059
3,82.99209020311119,61.96090926334866
3,82.98020811116255,61.96005143081254
3,82.99664536516919,62.00747693165491
3,82.99620785143262,62.00325801322152
3,82.99807267821369,61.97364893505166
3,83.02972656319517,61.98912268553145
3,83.03320654899365,62.028195543746406
3,83.00517423022417,61.956550447555834
3,82.98684940790389,62.0047960691543
3,83.04764430923507,62.002098419283804
3,82.96620648969454,61.968488488017336
3,82.95351899057786,61.996931718505245
3,83.0068339382209,62.02012643701376
3,82.9936608549503,61.97730651806455
3,82.99614983046708,61.98139142053117
3,82.99929982471207,61.985559406444025
3,83.0155929058993,61.996840093881765
3,82.9890271024833,61.95425610349391
3,83.01890842058128,61.95423260507363
3,83.02302786460736,61.960335614560506
3,83.00289280629362,61.97590726231684
3,83.03661088713683,61.96992067358155
3,83.03953670678494,62.02608452891619
3,83.03256839141757,61.99963497635702
3,83.0225129778014,62.0161798379215
3,83.0424276452086,61.973778992741856
3,83.02535284920623,62.038467954084
3,82.98459234964284,62.006706155667985
3,83.01982117030413,61.99271154985162
3,83.03215228660073,61.98167236187672
3,83.02175667318957,62.023693755544
3,82.98964241510419,62.028094278510046
3,83.00696305904768,61.999287615045915
3,83.01338596983555,62.008041916315506
3,83.02481042350261,62.00268056926365
3,82.98855489868698,62.020050663405826
3,83.01335226807738,62.035984218650185
3,83.04073031052418,61.985492701714485
3,82.96858645798079,61.99671357177449
3,82.98562858271627,61.997760633761175
3,82.97943238410859,62.000675707095716
3,82.96915321782224,62.0359021438728
3,83.01157209956413,62.01229937699635
3,83.00174493241855,62.00129742844379
3,83.01831048159751,61.98193251669054
3,83.012787666526,62.03268612610959
3,82.99673662967828,61.998020065768614
3,82.97102174974336,62.040072074178774
3,82.98032106149199,61.95937451955808
3,82.97165920537569,61.9834926278011
3,83.0149067330202,62.02400587202453
3,83.01387055543505,62.02990100840218
3,83.01158168571816,62.00429819128017
3,82.99611204717468,61.97456543630502
3,83.03039135615252,62.0095198126421
3,83.0195318508417,62.02626916762399
3,82.97601285590805,61.99275436555982
3,83.01298380326573,62.029978206191736
3,82.99825057929208,61.97176185371486
3,82.99295388777249,61.95238298923798
3,82.99647506823462,62.0285787072107
3,82.95888571983615,61.97257927462095
3,83.00555968089391,61.985577850581755
3,83.02694649316031,61.980880652313644
3,82.99623920591604,62.008147071941885
3,83.01366416047412,61.95429144486589
3,82.9990264739796,62.04425442485556
4,83.0156075208117,61.97401790673563
4,82.9844256160193,61.97691359499683
4,82.9890101024527,61.95808719627049
4,83.03087579323804,61.96412393595667
4,83.02291857558616,62.0365534829241
4,82.97091561379537,62.021181938348256
4,82.97966506456629,62.03137585803088
4,83.00237514769225,62.018358418212216
4,82.98494108238314,62.01962297282418
4,83.01916724527396,61.976082233491944
4,83.00819997011526,61.99418682233751
4,82.96944730590646,61.963752188223964
4,82.98181997516919,62.005996477372044
4,83.03629728250206,62.02742841837985
4,83.02337193636134,61.97140101496391
4,83.00258544250582,62.01952685571299
4,82.95536238014495,62.01416639769994
4,83.03067787700425,61.96277072993295
4,83.01648721782992,62.00990244577065
4,82.99333342872275,62.0021772504092
4,83.02036923658707,61.99973969600972
4,82.96058692772121,61.9701355215022
4,83.01645726571147,61.97515646226064
4,82.99109749097109,61.970465081803994
4,82.97369091371523,61.964446535433176
4,82.97680819452746,62.01882742990833
4,82.96397804635319,61.97774650693923
4,82.98523937738108,61.961899755053
4,82.99873415090346,62.043782369972504
4,83.03831982002947,61.9906929425905
4,83.00775113265014,62.04643419852906
4,83.00262010018373,62.00979198269045
4,83.02463999198511,62.017231002667714
4,82.99800944487512,62.033129018024546
4,83.04815139181821,62.01065493842969
4,83.02009812035162,61.99091843403251
4,83.02910904419804,61.96253095711854
4,82.95812515173701,61.97729765746713
4,82.99111950745662,61.97003039709905
4,82.97696729857789,62.00121407471233
4,82.95758987822568,61.9904670274747
4,83.00420367553949,61.961073252363
4,82.95656445628153,62.023467047813085
4,83.03485898589813,62.001958036690475
4,83.01496215430565,61.99982667986852
4,83.01922597130782,61.97150405824793
4,83.00044724535246,62.04545903745631
4,82.99003773431293,62.030273169564914
4,82.98685989544299,62.0083220633998
4,82.99596782759663,62.02130507504101
4,83.03348938884868,62.02520273000188
4,82.98960156957364,61.956964727255105
4,82.95621567172752,61.98360504732684
4,82.99654257952216,61.96312354322718
4,82.9772670694747,62.03914457793031
4,83.02014357332463,62.03307901788917
4,83.00415525399248,61.998175596723776
4,82.96112063130303,62.01714861811724
4,83.01372558975731,62.02134665665422
4,83.00665512273235,61.959530595941715
4,82.99013545541229,61.97769948903125
4,83.00247429777896,62.03609907452553
4,83.00647992932892,61.95224757669116
4,83.00219737555092,61.96017179667623
4,82.98772405020485,61.96023121765542
4,83.01473929004857,62.03732458381937
4,83.00860924288435,62.0086584276966
4,82.99423677101818,61.95376625610745
4,83.02901821375619,61.982407501494436
4,83.03020403635524,61.97276158942827
4,83.02238238778574,61.99881460383454
4,82.9899125944204,61.95910624075466
4,83.00635448835399,62.03955208993357
4,83.02811182598813,61.996811028028795
4,82.97502555726857,61.970647240925445
4,82.97280356859181,61.97131245301853
4,83.00637664243885,61.95585767882994
4,82.96321207609327,61.98992635381913
4,83.01412966638169,62.04459553827007
4,83.0143590482079,61.96789818080661
4,82.98294914834851,62.01218022574763
4,82.98382263354846,61.97665934523104
4,82.96035334758645,62.00269417278164
4,83.0197724242612,61.98270020445675
4,82.98271050572508,61.983100576180945
5,83.04717715146289,62.012501368246426
5,82.9554472028836,61.99145927370093
5,83.03191242752051,62.03805495233226
5,82.95488407736897,62.021473215293746
5,83.04562001135797,61.99606111624631
5,83.00456138232246,62.03076532927639
5,83.00719696425642,62.03741161094791
5,83.03811675678307,61.976315290562795
5,82.98076238515588,62.002955754716375
5,83.01341179980788,62.00084026664021
5,82.97479504755064,61.959956652431025
5,83.03450800292305,61.97184656453345
5,82.98422283933378,62.022848277397806
5,83.0082239137004,61.99953840883839
5,82.99398825934031,61.978847243505115
5,82.98129732902227,62.01031480856402
5,82.97403561929727,62.01799840977625
5,83.02647926644197,62.042081017585005
5,82.97852530825229,61.9946279621853
5,83.04390158399887,62.020340910432516
5,83.01821392546263,62.02972993810818
5,82.95878106213415,61.98944845114003
5,82.98927804297324,62.00437404091442
5,82.9726738181869,61.992418196176146
5,83.01021703622222,61.98827648707511
5,82.9785587553239,61.97231931922267
5,83.01305558256307,61.966991786438484
5,82.96260283832542,61.997468119385715
5,82.99059427700408,61.958147869244215
5,82.99013686346477,62.021807639602585
5,83.01872407677887,61.963655648908414
5,82.9855186490334,61.96024656882411
5,82.99279309432578,61.98888727796994
5,83.03488836548726,61.99211614163386
5,83.01918288671959,61.98719135886669
5,82.99323842744057,62.000911649669234
5,83.01346120768537,62.03665541331511
5,83.01269852911258,62.01241354323312
5,83.03187761569735,61.99296170851891
5,83.04208770245835,62.023193301635004
5,82.9565339934993,62.011406086781086
5,83.00939142148069,62.04909717708642
5,83.0446043071249,62.000929666991304
5,83.01643991844786,61.9853472233845
5,83.01255432803445,62.010212622007096
5,82.97671094956145,61.97950657153358
5,82.97571085640007,61.96628816909168
5,83.01192552107878,61.980498849518625
5,83.01208532787312,62.00076529092005
5,83.02062301572391,62.04552263524899
5,83.04033343004798,62.0018013909919
5,83.00380282289079,62.042782353528175
5,82.96794469861342,62.03272700658458
5,82.96292768312182,61.97162227940698
5,83.02753285186722,61.9748496527114
5,82.95885806348993,62.028036380754976
5,83.01921757024152,62.00661715762205
5,82.96885455398811,61.97451871873208
5,82.97102915249921,61.971806779825535
5,83.02787261449281,62.02924202441882
5,83.0351905164231,62.033836987385
5,82.95415016783569,62.00005630700745
5,82.98367443566227,62.00807712741257
5,83.01520780120941,61.95303140967968
5,83.01528876400887,61.987815625329496
5,82.99228600175846,62.043483094246696
5,82.99746143500316,61.992523157952434
5,82.99326863765444,61.9838253006251
5,83.0096502556341,62.01669621532732
5,83.01921757024152,62.00661715762205
5,82.98368676973665,61.98516514654409
5,83.02167834164955,61.99230764597264
5,83.0202104475114,62.01873954761302
5,83.01914421043416,62.02242340947058
5,82.97419925579793,61.979766748942026
5,82.99911052931647,61.99563171010693
5,83.03755051014251,61.97553411957757
5,82.99404452610173,61.975516544964044
5,82.97774602754748,62.030635948903466
5,82.97556197027683,62.015656711592605
5,83.04501454752346,62.00892033024509
5,82.99684817988037,62.02818940764458
5,82.99525048401057,61.98842369881497
5,83.01589202495384,62.00236881477064
5,82.99116553294346,61.991351738975496
5,82.99198169990224,62.00623200550253
5,82.97842523086199,61.99079986601015
5,83.02970406259051,62.031556640292415
5,83.03016668709324,62.02167934676195
5,83.01142627853268,61.96127773244986
5,82.98532422248735,62.00705422938457
5,82.98552263313046,62.04435382211869
5,83.04502571766605,61.989655319178695
5,82.99704012327886,62.00882857385384
5,83.00306520657472,62.03451509015849
5,82.99529579656807,62.02915699123395
5,83.01071195932279,61.95283153223439
5,82.9868475388176,61.98528508657647
5,82.95617597353622,61.99664805115006
5,83.01336393226566,62.046303584917354
5,83.00228197875481,61.95597409523224
5,83.0429477523565,61.98932523860378
5,82.97276062639902,62.01975801239195
5,82.99673181405232,62.046330659628794
5,83.03970128242833,62.024991401709975
5,83.03629728250206,62.02742841837985
5,82.96777867676079,61.966173968690484
5,82.98537456714917,61.986923138128084
5,82.98283268173397,62.03734287092261
6,83.01481269736651,62.004151725173294
6,82.98793496890332,62.01351010683623
6,83.02359638729516,62.00722636882733
6,82.98555477637113,62.00263260276298
6,82.96637376840167,62.01462711701508
6,82.9870737802319,61.98411469952676
6,83.00822208277347,61.97992709794957
6,83.0304464853057,62.011122007022834
6,82.97034977814087,61.98097011642327
6,82.98117418383674,61.96909655962125
6,83.02945008747672,61.97990415750619
6,82.98359445312377,62.04332706031974
6,82.9864405684881,61.999130760848814
6,83.00851899788634,61.999219146296824
6,82.96569811688391,61.977774286930455
6,83.02340294897375,61.98731265745932
6,83.00099972852884,61.99262927491509
6,82.97197253335048,62.00097199320391
6,83.00237737380456,62.00893742564789
6,83.02682291594428,62.022635957658096
6,82.96977089743456,62.024284133340224
6,83.01396216073292,62.003470666227194
6,83.0108724261917,61.99111735972081
6,83.01625731599049,62.0164425472142
6,82.99343086829204,62.02072076919487
6,83.01197680358175,61.96834533670384
6,82.97664920740927,61.990253816300864
6,82.98115926354386,62.00624436205401
6,83.01397026736214,62.0074577007974
6,83.03216887195568,61.98009423575045
6,82.99096869600163,62.03402391044007
6,83.01477630899333,61.9802760434108
6,83.02451058171467,61.98194711571118
6,83.00611537233974,61.969010374607684
6,83.00549711214443,61.97471351746133
6,82.99782592620735,61.980977989541586
6,83.02891321989527,62.03707664674343
6,83.00281507004323,61.990847419147805
6,83.02146247150094,62.01869716021424
6,82.97498183493559,62.01513661864734
6,82.99615045646918,62.00527709734383
6,82.98592165976142,61.963726761924576
6,82.97939952115186,62.0047617190316
6,82.99240826256788,61.98515367593519
6,82.99479308910539,62.038035957725214
6,83.02193966995338,62.03226536308405
6,83.00306779689522,61.98557184936926
6,82.99635651061148,62.0480024247227
6,83.00901142581486,62.0314917733237
6,83.01570928759992,62.020851190733424
6,83.0100759911686,62.00381508330665
6,82.95936218830172,62.01695773560044
6,83.0292952944494,62.02514240756457
6,82.98366959640806,62.014856269841026
6,82.96808162969508,61.99945812249391
6,82.98569294860668,61.98880961083286
7,83.03340486226017,62.02458926271951
7,82.9917537781825,61.951706232988435
7,82.95520489688016,61.98051612392627
7,82.96432729466302,62.00078694486735
7,82.99155361082661,62.006016664552554
7,83.02536514696578,61.98467078792521
7,82.97848594231495,61.98859235757662
7,82.98210539727917,61.96066908007717
7,82.98467814112703,61.967588999803105
7,83.03329693177574,62.01565389031457
7,82.99176011755982,61.96270368853676
7,83.01280340309377,62.010454825691994
7,82.9687185229903,61.99934931865226
7,82.95287168749374,61.990135232283905
7,82.99898513007864,62.028606415203505
7,82.97499940769896,62.042319750831254
7,83.00690449569993,61.993897332762714
7,83.01050003881869,62.01905404097766
7,82.98134103407345,61.98279549398814
8,82.99956856100202,62.02284378226186
8,83.00908482939185,61.96892510067429
8,82.9817153751171,62.013318975210105
8,83.02054021647828,62.03115562508259
8,82.9923760494511,61.982922344240734
8,83.01212801878647,62.00405517844074
8,83.03050595996308,61.99036059009394
8,83.00859427830028,62.01277700680776
8,82.98226982635614,61.97723133758502
8,83.00673968031367,62.03949152900267
8,82.98820782871739,61.97911777078532
8,83.01306821613984,61.987598368338475
8,82.97788418800796,61.9597459291277
8,83.00719372916409,61.96795431602339
8,83.02173489485106,62.03059921318613
8,83.00514189806744,61.9617133481524
8,83.01244004407758,62.02315390433658
8,83.02066882842274,62.030089807395754
8,83.00178787447979,61.97759382963048
8,82.98999625119778,62.041096510976715
8,83.0333670576356,61.97311332074691
8,82.95031792259678,62.002952867837585
8,82.9573276657878,61.98981484146837
8,82.95924922512478,62.01381365077836
8,82.96343370739288,62.004798997562226
8,83.03775205526809,62.011384357029655
8,83.00630144286487,61.96886887173079
8,83.02780837994294,61.960738837714636
8,83.03391795103168,62.02156115556199
8,82.97917656590957,62.03144453821802
8,83.0364477824045,62.01457023646519
8,83.04502669356697,62.020805461403455
8,82.99528667714192,61.97357730538575
8,82.996127244423,61.99762797712779
8,82.98359233311807,61.994003951303135
8,83.02613425203802,62.031920876952825
8,83.0058937481437,62.023563978022004
8,82.99270947561054,61.954748845037166
8,82.96234918778988,62.006874882800446
8,82.96115841879973,62.00937377652294
8,82.95504378325849,61.998646537509586
8,82.98137386451062,61.966957668309
8,82.9887282884054,62.02236715789103
8,82.9800039760922,62.02694708825502
8,82.98571660104089,61.96716728677871
8,82.96285992007924,61.98267528054252
8,83.0158387662312,62.04738375412483
8,83.02051161967262,61.96880642817281
8,82.9962352068022,62.00177748400664
8,83.00917402624741,61.96462732552911
8,83.00799255773562,61.969723331399635
8,83.03148576435649,62.032367823089224
8,82.99556805099269,62.03013389814072
8,82.99574786339716,61.9587050299249
8,82.9566862221306,62.00144128697838
8,82.97534242279771,62.00463035774009
8,82.97472351965163,61.97749098494096
8,82.96929554496617,62.017154368408605
8,83.04593494854232,62.01908970503967
8,83.00383049854098,61.99599093234391
8,83.04351876703174,62.01322164877996
8,82.98474367222818,61.991889682160526
8,83.0390449929946,62.01906805144018
8,83.00957443133008,62.034726223863224
8,82.96019160414191,61.98681570250846
8,82.9953449636558,61.978152463085166
8,82.9694073118079,61.97265725716498
8,83.03351732953915,62.00702500522917
8,82.96034156376976,62.027291250296
8,82.99243500762242,62.0380224083353
8,83.00701520357373,62.02532869583129
8,82.97487039571884,62.000710658454416
8,82.97599196205242,62.043656618934556
8,83.02779658664568,62.02002675833588
9,83.04513090818052,62.00016034076602
9,82.98307707402847,61.97611027376749
9,83.01203482884868,61.987893208439345
9,82.99343902075344,61.95634678617663
9,82.97995625593538,61.960519638801316
9,82.99890666849305,61.98621529833564
9,83.00500393925097,62.00756873957088
9,83.023928890636,62.0316274258416
9,82.97339444274088,62.01313735802206
9,83.0299855623269,62.00642493826492
9,82.95648536257667,61.97586305348267
9,83.01620549562583,61.963696375175324
9,83.03146270013802,61.962367600358085
9,82.97656746387062,61.979473870169606
9,83.00006114056748,62.01038870101143
9,83.03729864404856,62.017458390341076
9,83.01390146396761,61.991139487715714
9,82.98775457383067,62.00584612068785
9,82.98801152553204,62.00954744115115
9,82.97578552364845,61.98054301608938
10,83.02250425809865,61.99747886570786
10,82.99341161721777,61.99036909728985
10,82.98966708224202,61.99226749896069
10,82.96944825341505,61.99102698348384
10,83.00186631769388,62.01495695758566
10,83.0080468384581,62.01167024700455
10,83.01002468700052,61.992442518157425
10,82.97716800300805,62.01906187946698
10,83.00147404007377,62.00995079670139
10,82.98107878762063,62.013889892498995
10,82.99337033582508,61.989249651788285
10,83.01878197659478,62.03358848009258
10,83.00920208486023,62.018158424295926
10,82.99200928382722,61.99319480651147
10,82.99723074346115,62.00036255799842
10,82.98784842814302,62.033875551062984
10,83.00737142667539,62.01169254202926
10,83.0036785180923,61.993217122979864
10,82.99169967246539,61.98848847680479
10,83.01053419295485,62.008613899766196
10,83.01746458785632,62.02881487795388
10,83.01944790288313,62.01102971607447
10,83.02834759968282,61.978669914283834
10,82.96078615501327,62.004825088352774
10,82.99560712871667,61.98557113817924
10,83.02344303769272,62.01794472157373
10,83.01327663491513,62.00880621976172
10,83.0120444055038,62.01620185432556
10,83.00906490954803,62.00932696410757
10,83.0005567832735,62.006087149187735
10,83.03260794591569,62.00547778763837
10,82.96679213895345,62.00980449843804
10,83.02630924221707,62.001462590313174
10,83.01219455979225,62.000462257196425
10,83.01331859214004,61.9684608788776
10,83.0194102744667,62.024588738029976
10,83.00410816318707,61.971340821547834
10,82.9720053407587,61.98447146533387
10,83.00034401273837,62.048543193742795
10,82.97964390805102,62.00548067646151
10,83.01074428244367,62.02386043729995
10,83.00103859135147,62.01665897720629
10,83.01907231345437,61.983678745831114
10,83.03512110236906,61.99362548637902
10,82.99973947512949,61.98773338830343
10,83.02271021616221,61.97682627402395
10,83.0433889940523,62.00386052077913
10,82.97918198837344,62.042385548312936
10,82.97186148001519,62.00860748884692
10,82.9915036191119,62.024774986624365
10,82.99362751532337,62.00116718357236
10,82.98517355506229,61.97550937629667
10,82.99604689170363,61.971563606622716
10,83.04143584052443,62.00164616049484
10,83.00855510599908,61.99215189130438
10,82.98777916786213,62.002669054658995
10,82.96816969130087,62.02210809978699
10,82.97165735774122,62.00255892971083
10,82.95443579193264,61.98461383123793
10,82.99763255803195,62.01968788588034
10,83.00937583008528,61.997514330869535
10,82.9990922056185,61.98126759672257
10,83.00859387420772,61.99152773312942
10,83.01618172629992,62.01045015535571
10,82.96236067559369,62.01593515477609
10,83.01227868541162,62.000204141812276
10,82.9714703823467,61.97948373459567
10,83.00701266893871,61.99283025628846
10,82.9950329686369,62.0225137870453
10,83.02431777416018,62.00656870382762
10,83.00286099333653,61.96127562249536
10,83.01211930189464,62.01976002524321
10,82.99668943308873,62.00664234914491
10,82.9959177431576,61.98338276225415
10,83.02610956888196,61.98248326300781
10,82.97574549842662,61.988540557632824
10,82.9696652171995,62.02142757915244
10,82.97292760986952,62.00257845889851
10,83.04425454867604,61.984180043602606
10,83.01883285329772,62.030212551950726
10,82.9959793439768,61.98776885895093
10,83.00697542681212,61.96064049641875
10,83.00508904008947,62.024335311257516
10,82.98691908266801,62.009421233022834
11,82.99154645520514,62.0107456444504
11,82.99590121432736,61.95913745216312
11,82.95619749836197,61.98745778653532
11,83.02674592448825,62.00706792901661
11,83.0134930288211,61.985654338091564
11,82.95654859561093,61.98695669635998
11,82.99155361082661,62.006016664552554
11,82.96369669495509,61.97965139998108
11,82.9578418421891,61.997223235000746
11,82.97332142504553,61.9660835159075
11,82.9764991741227,62.04366195686384
11,83.02421184499791,62.029041595609506
11,83.02858254011186,61.97580775244465
11,83.0002446846746,62.023093872453764
11,82.98396969881429,62.02544100908801
11,83.02398416260247,61.96771476756968
11,83.04091769844024,62.003929339919466
11,83.04707648393223,61.99050735743894
11,83.01126687487208,61.982531206379356
11,82.98965607536178,61.9982332150793
11,83.02870093023078,62.03878852437038
11,82.97799053343837,61.96007031289861
11,83.04160205269505,62.01386853810199
11,83.01560971995916,61.981842565413714
11,83.04135998573962,62.01865713722165
11,83.04970285826188,62.00446021941541
11,83.02997232230294,62.00259225485075
11,83.00439857343268,62.02227266240458
11,82.97106994870428,61.97494776868911
11,83.04135596152064,62.01884800450863
11,82.9567409559222,61.983006161795224
11,82.99102653017562,62.01097454819344
11,82.97913653349501,61.97065589459304
11,83.00206240608627,61.97249920425325
11,82.96219240966263,61.99137702485438
11,83.00533324614366,61.95102149146734
11,82.9749267491335,61.96742668187757
11,83.0192312294645,62.009732566212165
11,83.0196910502416,62.01013330802649
11,83.00450049996684,62.03407475474418
11,82.96690954664695,61.99310510779234
11,82.99976119186638,62.03213358000038
11,82.97669049468064,62.00104182618826
11,83.04783276663271,61.99907984050868
11,82.95494619493388,62.0066251108502
11,82.9904202827613,62.039902563411516
11,82.95562861115108,61.997812732589715
11,83.02454466656779,61.963258082109014
11,82.98137489487108,62.02181464411758
11,83.005799303132,61.98028426597414
11,83.0118806870739,61.9847408414357
11,82.96531670590733,61.96949747956412
11,82.96214237254664,61.971002192935686
11,83.00836763311284,61.96584603294505
11,83.01058405711764,62.043614068492715
11,82.97485170078468,61.98367018304839
11,83.01698202479065,61.958509384053876
11,83.01578688806356,62.042719166376486
11,82.95994416006522,61.98103117026975
11,82.9873474609968,61.995593604239886
11,82.99903940150551,62.01437607183035
11,82.97883828209217,61.99236310234428
11,83.01654146909351,62.014760967949016
11,83.01920055517029,61.972233797772105
11,83.00924737582754,62.04739412106105
11,83.00542010913944,62.03297320221647
11,83.00581522187962,61.97987139791181
11,83.03307265091684,61.9747326471295
11,82.96476521835477,62.02449219382315
11,82.96700938230296,61.962727358224406
11,83.03217927235359,62.009264344471184
11,82.97942249955898,62.04182455571034
11,83.01892613885914,61.957220313290215
11,83.03021063383302,62.00570071055516
11,83.00102920733622,62.00940722516297
11,82.993119925018,62.01339795108428
11,83.01116551558795,62.02288822089771
11,83.01743415744724,62.02610999134206
11,83.02262179431786,61.993382114124785
11,82.99867994590068,62.016485531971696
11,83.00301619042469,61.95345718466248
11,82.97202877765368,62.03703839582382
11,82.99294332155874,61.989359372969844
11,82.99872033607761,62.04432604411551
11,82.96264271132867,62.02549106677323
11,83.00228697321198,61.98477146613594
11,83.01637604168626,61.95860035678998
11,82.97849989395637,61.97646058104464
11,82.96213179204564,61.99889501815633
11,82.98679373201725,61.95289328429087
11,83.01144105493356,62.02127410428197
11,82.98086683446729,62.0408022448201
11,83.03004011992907,61.98827926279163
11,82.99212424362503,62.0447342479162
11,83.02778909458962,61.96517402839084
11,82.98944668225663,61.98592448866562
11,82.96943962621397,62.01256047585131
11,83.01428733077799,62.0138364190601
11,83.00252692536313,62.04756996959757
11,83.01523871879513,62.03047569865496
11,82.9891143165238,62.04141183512654
11,82.98797449924943,61.98735239116878
11,83.01663932037978,61.989333555792115
11,83.00095054499148,61.99873285845069
11,83.01755266066263,61.95338856120602
11,83.04639539530011,61.99688620928641
11,83.01236531166566,61.98183481766255
11,83.01112479839021,62.01001808177668
11,82.96747452847559,61.98592996049312
11,82.97443186550142,62.023797886877155
11,82.99995582667981,62.01953532010806
11,82.98051215810283,61.961483980843056
11,82.97712705263294,62.001828923301254
11,82.9967925699992,62.00892181649077
11,83.02424460352573,62.03613666143246
11,83.00499456172214,61.979358752530175
11,83.02498481103194,61.991986607184096
11,83.0176998555033,61.96515334593511
11,82.9682910457387,62.009503975307794
11,82.96972876661852,61.98720252557398
11,82.98521756302723,62.00933190189754
11,82.97131475816761,62.03510955108239
11,83.04136380893667,61.97682994139964
11,82.9801780942174,62.03120345715987
11,82.97625387809543,62.04309204325148
11,82.96162502441487,62.03145967981838
11,82.98246652233671,62.029324028693004
11,82.97787093751845,61.99630514584454
11,82.9668708850967,62.01227112410193
11,82.99157329301018,62.03516943837045
11,82.99720510085152,62.04421250181976
11,82.96717039844408,61.971165184376
11,83.01088522040605,61.96379712989873
11,83.03586633016663,62.030443676999596
11,82.98435532304711,62.00988105011049
11,82.98589308478297,61.955101564219795
11,83.02906017911313,62.00685007200511
11,82.96891662021913,62.02812073222198
12,83.04033805446264,62.01959963524059
12,82.97218339392401,62.01744476082424
12,82.97169101288594,61.99252028560429
12,82.96613051180317,61.997387670502725
12,83.01585787679475,62.01948504256047
12,83.01323566680081,62.00602088067323
12,82.97209143588148,62.01311361324105
12,82.97707839983173,62.00583424663059
12,83.01936760170676,61.99089171447797
12,83.0071791794267,62.01843006054469
12,83.0320201170651,62.03053302236712
12,83.0126116301149,61.951902519061214
12,83.04559665690633,61.99909370700589
12,83.01572320546471,62.02825484521471
12,82.9738515202092,61.96665008212576
12,82.98865772527928,62.0263620339268
12,83.00708572900407,62.005830251195434
12,82.9962268609787,62.003755928385985
12,82.97346699987962,61.99049265654576
12,83.0272977147963,61.974463272067055
12,83.02091830128855,61.98554418118759
12,82.9813517817714,61.970479702216814
12,82.9633836888386,61.97747463610562
12,82.96362616005953,61.97439889940943
12,83.02615456270121,61.96887155172632
12,83.04191062524622,61.98214919535598
12,82.99683035390711,61.976415188249575
12,82.98825045270227,62.040555267898014
12,82.98055597400214,62.02305884801077
12,82.97454045817973,62.04111692813298
12,83.0127550277892,62.015143777525864
12,82.9660529559589,62.00785419288883
12,82.9966188941336,61.957259448837526
12,82.99603825782381,61.98003795948103
12,83.01175642675018,62.03782667976091
12,82.96384180073946,61.97690388950091
12,83.00796146568241,61.96190670582926
12,82.99546760385388,62.00411577119401
12,82.98017693204505,61.97065060820089
12,83.0151833830693,62.020391129505164
12,83.00277475373579,62.00763120681341
12,83.00956021166344,62.01061413337071
12,83.02074302697187,61.96906483102535
12,82.97669260904937,62.01485092204443
12,82.9730857746874,62.0312515881169
12,82.9874034931355,61.987428730269286
12,82.95535331015301,62.00721185782325
12,82.95719521273071,61.98990525703666
12,83.0154438930494,61.96279801047648
12,83.02054155584598,61.99188141452939
12,82.9772670694747,62.03914457793031
12,83.0015109465295,62.021434933801345
12,82.9856608780572,62.00778584836892
12,82.9982266939326,62.04741066764404
12,82.99510951065865,61.97635868591594
12,83.00795566540016,61.98184002799893
12,83.0162801506861,62.01799127603003
12,83.01733786265265,61.974315646945755
12,82.95958357975577,61.980813144750314
12,83.03408844985375,62.03462258860452
12,83.01387916665595,61.999862264786465
12,83.01953242453689,61.96530985139137
12,83.0189751509594,61.97764485724831
12,83.04035803363617,61.991795960301836
12,82.99696416865892,62.02812857385141
12,83.00959063647535,62.01519200104351
12,82.973038577997,62.00327481916178
12,82.99724821967469,62.02453853074812
12,82.99662095179706,62.01203652033592
12,83.006171475431,61.96666126790445
12,83.03181092198672,62.0261510941789
12,82.99284109746682,62.02690196695133
12,83.03993484579635,62.02641628868387
12,82.97711210980414,62.03992737191535
12,82.98901891145262,61.9883591666716
12,82.98847166077576,61.99872906667299
12,82.99432521418896,61.99737062375952
12,82.98168559990394,62.00669055618115
12,82.99993877895182,62.00859578393707
12,83.02845689097298,61.97298329528179
12,82.98400010618234,62.0409593688534
12,83.02161393978534,62.00646834660406
12,82.9789688141232,61.98749150863248
12,82.97391439578814,62.009697068524
12,83.0075082781654,61.980357663199136
12,82.97295227218217,62.00481777346434
12,83.00722860580939,62.035886169549485
12,83.03408524272285,62.021012725493286
12,82.99384844645421,61.99218136612988
12,82.96352429918616,61.975203130054105
12,82.9754864946169,61.99798484467711
12,83.01001290797392,61.99793305818497
12,82.96588856321553,62.01653242347065
12,83.00306423385396,61.97675395440295
12,83.02823460246088,61.96917174658163
12,82.98756412225158,61.95628013148665
12,82.96852936082763,62.03209272821866
12,83.00130802999826,62.021436624748546
12,82.99791062253637,61.98711291568703
12,82.98156963171833,61.96273343267314
12,82.98436534846329,61.988376088281385
12,83.02152887754343,61.97713934295757
12,83.01015523036165,62.04142836785492
12,83.04156617301719,61.99635063781731
12,83.04756647611103,62.00694754846815
12,82.96583986999703,62.02176978377222
12,82.98105807632761,62.04258999063112
13,83.00763755245163,61.97576228871597
13,83.04561858825075,62.00472917654187
13,82.98650179178767,62.00897455774058
13,83.01223666394921,61.965726300662105
13,83.02758014539164,61.99509865758739
13,82.9615265109883,61.99241996105326
13,82.99344896933361,62.029550616621414
13,83.02740368227785,61.97666033706919
13,83.00703572456996,62.00053661817304
13,82.96989556396649,62.03489490617567
13,82.96832240878727,61.99396828013862
13,82.99209581525457,61.9892861926381
13,82.98231335384534,62.002127912724724
13,83.00593806093974,61.999644888175894
13,82.99917403887802,62.036560341089945
13,82.97454114546815,61.976302405522986
13,83.02909900233362,62.03943590906773
13,82.98397150631413,62.01247980357541
13,82.99297075838348,61.99245809154829
13,82.99571234568158,61.998141799812075
13,83.00783388028464,62.02212811174376
13,82.99872663231218,61.97998920419438
13,83.01808545464101,62.03765386536193
13,83.01672100600702,62.02634143028271
13,83.01593722593906,62.02647522053054
13,83.0012100234431,61.99227976020478
13,82.95568834644078,62.021648779691
13,83.04496649010622,61.99496302075563
13,82.95089214818982,61.9945924137209
13,83.01282002439811,62.01775088637783
13,83.04093015354727,62.027060711688925
13,83.0397221518087,62.00933418047974
13,83.01315272038839,61.95575097214506
13,82.99659388268007,61.97086685251577
13,82.96856460394095,61.99121577664618
13,82.99840309290725,61.99116595509291
13,82.97723673410871,61.96988299654658
13,82.99145278692374,61.995663398552786
13,82.97619665411979,62.02555446790598
13,83.00119697600934,61.960822051161934
13,82.98175102395956,62.02730726038398
13,83.02796717011024,61.99429000328279
13,83.00057249821438,61.985442153908274
13,83.03542303168717,61.99601815883414
13,83.0002382752714,61.971095318052996
13,82.9780712153019,61.9621624068329
13,82.98694916796713,62.011467950814584
13,83.00455930817782,61.97048337356405
13,83.0190033562278,62.03678628360839
13,83.01906669103364,62.04076886894126
13,82.98447022942526,62.04628846642226
13,83.01126527431623,62.032056149887964
13,82.97871817827856,61.98811410153748
13,83.02625867290278,61.97100112435927
13,82.97008783987548,62.006604286074186
13,83.03929298708746,61.97566833756167
13,82.97914966936868,62.03100451556996
13,83.01072651149123,61.96120531033763
13,83.0101903790042,62.03230550024233
13,83.0078936415254,61.96580930438058
13,83.04665596191921,61.98532195024621
13,82.96059148040361,62.023495784281984
13,82.9942929463958,62.003238350977234
13,82.95857317690461,62.0187358392022
13,82.97254331872185,61.9974116031775
13,82.9701451787527,61.9729236414543
13,83.01257613939086,61.95416861736734
13,83.03166895697893,62.01460755449331
13,83.0149670418526,61.9869657924086
13,83.003586451947,61.969372637777674
13,82.9796526135866,61.98212271980853
13,82.99233085996302,61.97217458499038
13,83.04005826493692,61.974593760147194
13,83.02561078497834,62.03830399144626
13,83.01037742077175,62.0278744429041
13,83.01183448431897,61.98804656311555
13,83.01350596976977,61.96367099968055
13,82.98910639478204,61.96345991403655
13,82.96334916460862,61.98923607790146
13,83.02007696961701,62.001350380828015
13,83.00461816471511,62.02974780250673
13,83.0096502556341,62.01669621532732
13,83.03801447664551,61.97086694774657
13,83.02861660342998,61.96896382350993
13,83.04552732836609,61.979924055045736
13,83.00404925474157,61.96475446175622
13,83.01641616723875,62.0384531189246
13,83.00803029260771,62.00420468793463
13,83.02589394489523,62.0375725317037
13,82.97296004101864,62.00133666126878
13,82.99872786651548,62.006612443756225
13,82.97441422822891,62.02525605601271
13,83.02152842015921,61.997822241578874
13,82.96829708464082,61.980549890921104
13,83.04059290879871,62.002648366364774
13,83.04798546003896,61.99516101823091
13,83.01087489221608,62.004177017649106
13,82.96905708381698,61.98964852545723
13,83.00231531119977,62.03103768179018
13,83.00678872768373,62.01766103921252
13,83.00803764096305,62.00109948823384
13,83.00479463418318,62.01693081379471
13,83.0033951289204,61.998062103708804
13,83.0019389716949,62.01069301019044
13,83.0140586187044,62.033427960249654
13,82.97342209662864,62.01012533044563
14,82.98980442524085,62.00557906827141
14,83.00824156281351,61.9888562304865
14,82.97980795661198,61.96856851304175
14,82.95973676908245,62.01168398268052
14,82.9837237742656,61.967086204890514
14,82.98962276790199,62.02674645909817
14,82.98405743146563,61.9967483862399
14,82.96626426357379,62.03223015927494
14,83.02431463873299,61.99945114996787
14,83.0318890316607,62.00146868295142
14,83.00389116030537,61.99420324343691
14,83.00330771489018,62.014620871989905
14,83.02691569499804,62.01795574397226
14,82.97439324974944,62.00143475532264
14,82.99400462370488,61.991247690120005
14,83.00358182406053,62.01598953858411
14,82.95952423707793,61.9774265516122
14,82.98683725980068,62.04122425589663
14,82.98118398625041,61.998910241739765
14,83.02495871415255,62.03182978487311
14,83.0088372199858,62.01448349239503
14,83.02567871626957,61.999474714193255
14,83.00045296248086,62.034795623394366
14,83.02194386919234,62.03515788451479
14,82.97148638149348,61.97657217974374
14,82.99060764713792,61.968703802417444
14,83.00721624018527,62.04169968171426
14,83.00364121088573,61.95430573468863
14,82.98596609964004,62.00850076839107
14,82.96409834089862,62.00513354630395
14,83.0209746749728,61.99445948350889
14,82.95413075152382,61.98742337880674
14,82.9655671012033,61.96790216152944
14,82.97739598854449,61.95889520729798
14,83.00949516585736,62.01319709785301
14,83.03199279822022,61.973346932622164
14,83.02137656467796,62.00350389380699
14,83.0118806870739,61.9847408414357
14,83.0226075726636,61.98952581030085
14,82.99197359858886,61.95442825341216
14,82.9950232665508,61.995446974587196
14,83.01056330303902,62.0092919798532
14,82.99467557280153,62.03438961917112
14,82.99350407780364,62.018081941822246
14,83.0112604414496,62.04847765962748
14,83.03067695198227,62.010972253528834
14,82.97497195452742,61.981574524995494
14,82.96095215334542,61.98999491728626
14,83.01705276988255,61.99571315750988
14,83.00057249821438,61.985442153908274
14,82.98166089883263,61.95352273837878
14,83.04325901496678,62.01324942712092
14,82.95582715435604,62.02254710279281
14,83.00650791791873,61.96767533249427
14,82.99285591434422,61.97704222281207
14,82.98085591756185,61.955491857468935
14,83.0369284678967,62.01949055963844
14,83.04574829663667,62.00671829794882
14,82.98055597400214,62.02305884801077
14,82.96857730244834,62.01438322784795
14,82.97559794831976,62.000147943198904
14,83.00608192452384,62.017084283603516
14,82.99264449964515,62.03777813982711
14,82.99474725504962,62.04104896446383
14,82.96654194391661,62.00551726330627
14,83.01496284946704,61.97597894821718
14,82.96319401858337,61.99452740471643
14,82.99552485551571,62.01957024033103
14,82.98875879782953,62.037988798834384
14,83.02741516792841,61.96466066300565
14,82.98426377048112,62.014515405131284
14,83.00816364401604,61.96408183769755
14,82.95712524745765,61.98403123479259
14,82.97941185833956,61.96625368131009
14,82.98341116420913,61.9691979489695
14,82.98791505871728,62.02171773580459
14,83.03930509462757,61.98028032228305
14,83.002941657696,62.03058674710618
14,82.99955824760848,61.9901470457689
14,82.96965183320769,61.967062139476
14,83.00661695824856,61.992270055852664
14,82.9975670233296,62.04648052006726
14,82.9512665448572,62.01050074091614
14,82.97705389507736,61.99471336338136
14,82.97058362409302,61.978446858346196
14,83.01826385065614,62.001854906537964
14,83.03511311289527,61.97215967647671
14,82.97001973411686,61.97956250953506
14,82.96502253413749,62.02715456609596
14,83.00657678966158,61.97502602024608
14,83.0006127054193,61.95483607671021
14,82.98551811307516,62.03006031398567
14,83.00513217733479,62.009059311844034
15,83.01375437441588,62.00211170595059
15,83.02671655933604,62.022935879430555
15,82.95160274442405,61.99144781028824
15,82.99479225510059,62.036187797019316
15,83.03918065820663,62.01310622272976
15,82.97606071863666,61.96760425853615
15,82.99344829021422,62.00912914052092
15,82.9828985127649,61.99059114673762
15,82.97212307864233,62.040776600499186
15,83.04907844132786,61.99893704663506
15,83.04953780548692,62.005094859461494
15,82.9560445284132,62.0037822813414
15,83.0089887327087,61.982893605281085
15,83.03069382811296,62.02558461285037
15,83.01213421124716,61.98113953404611
15,83.00093505112469,62.049933137661355
15,83.0257164926391,62.033263786372295
15,83.00023599049672,61.95124408634216
15,82.99127894777884,61.96013652639355
15,83.01831048159751,61.98193251669054
15,83.00330146871514,62.02904397649902
15,83.04413913155263,62.001406831497405
15,82.99747734817902,61.95618542189805
15,82.97566320915978,61.96508346305385
15,83.00417532495361,62.00446598877553
15,82.970035394509,62.02760536578741
16,82.9541590511416,61.983354448127066
16,82.99283269099229,62.012802619066086
16,83.01529310387542,62.00759481558238
16,82.98250927570926,61.999104218206426
16,83.00851826335825,62.022052089308616
16,82.96075614674758,61.987832094368656
16,83.01690617222697,61.97079402965201
16,82.95582491273474,62.018274920800145
16,82.98466915016036,61.984430384135266
16,82.98041973386833,62.01040741299782
16,82.96306633340795,61.972544075670775
16,83.02772084004592,61.96426904340682
16,83.01615344654476,62.04473997843628
16,83.00375994007022,61.96285385997964
16,82.98321187473591,62.009963453167735
16,82.9971369030345,62.03465777096806
16,82.98350452747978,62.010372114837374
16,82.97512388343934,62.01828249392382
16,83.01073126365185,61.99506549221295
16,82.97817661605094,62.01362960342288
16,83.0104652381596,62.03438545073317
16,82.99156323302084,62.00141537229137
16,83.00466178236849,61.99729321433554
16,83.01480776200495,62.01802012303275
16,83.00908046523857,62.046214282180806
16,82.96876417602304,62.0317041220331
16,82.96406792368916,62.03300791300455
16,83.04180667721421,61.98500571724341
16,82.98550360090792,62.025354686125205
16,83.03080349646693,61.98754307815262
16,83.04404338795425,61.99180656222791
16,82.99528753442364,62.014054293889735
16,83.00613292627082,62.04039223031399
16,83.0014540380509,61.98252063287377
16,83.01244051934789,62.0340045491993
16,83.0491986079258,62.00191216613049
16,82.97928258297823,61.96645202438589
16,83.00206491352782,61.95621421358244
16,83.03836842047639,62.025333705089025
16,82.96679933851351,62.02525024171815
16,83.02604789221077,61.98779612261859
16,82.97058002887724,62.02964425886064
16,82.9919366201801,62.035631513680684
16,83.00683928858109,62.03074675814694
16,82.98461961104987,61.9528283435089
16,83.00285441503773,62.017413287423494
16,83.03654631765956,62.0130188923966
16,82.99364806000611,62.00601886254375
16,82.98831288976203,61.96532641927352
16,83.03769176127942,62.00261977170867
16,82.97867777764044,62.02941379183536
16,82.95391655057047,61.99773711566106
16,83.00817807448881,61.996344635639915
16,82.99468909210186,61.98459884509964
16,83.00244983303678,62.03166584018958
16,83.01374234916678,62.026712044173415
16,82.98501520606794,62.01585022147485
16,82.97867377701853,61.972048213436885
16,82.95917642387502,62.016627236707066
16,82.97891892279823,61.963441786775135
16,82.96287874409124,62.00339725147979
16,83.00404903576516,61.97315077598516
16,83.0033273838695,62.04676211230643
16,82.96214239895066,61.97162630742423
16,83.04473375915894,61.99213989109755
16,82.97779343218737,62.02930980155271
16,83.03040166716573,62.03637060104511
16,83.00407797340598,62.024331909734165
16,82.9615144792225,62.024752253938914
16,83.02279073329656,62.02398427755489
16,82.99775169138596,62.02758185703378
16,83.01236195619443,62.039476810014314
16,83.03266016428834,61.98109288297457
16,83.01152580861155,62.014220328906895
17,82.9613629164997,62.01091284925774
17,82.95924031917622,61.99878712182132
17,83.00242834479934,61.96115606292327
17,82.98485510162703,61.97978678823338
17,83.0019389716949,62.01069301019044
17,83.03375710997253,61.99980963253904
17,83.01708426097913,62.00193900468509
17,82.99022847874676,62.00517996800693
17,83.00988590704088,62.01876553291447
17,82.96028736193898,61.99888786898212
17,83.00968964296469,62.00469623594182
17,82.97915382011298,61.98750045549454
17,82.97071285207595,61.97623861899693
17,83.00526004648383,61.96669901011426
17,83.0414905570707,61.99719674921993
17,83.00839113666774,61.974108094951404
17,82.96454024195226,61.98821326726932
17,83.00301401569098,62.03865979923513
17,83.02936715420172,61.98445367655293
17,83.01503273673767,61.96907387787929
17,82.96747876523166,62.03736262529346
17,82.9984827252369,62.01472650038792
17,83.0291317635538,62.02022430272945
17,83.04159771908621,62.00919802435598
17,82.99378325612689,62.03358622018456
17,82.99178178027685,62.00965489303121
17,82.99140019797031,62.0269435009191
17,82.9689412539652,62.01938765172647
17,82.99404636427498,61.982065710501494
17,82.98175781309271,61.9819054950172
17,83.0255818202413,61.97907602756162
17,83.0250990325232,61.975647022746
17,82.97866185967635,61.95956715408724
17,82.99073248082216,62.00924416625433
17,82.9567409559222,61.983006161795224
17,82.9861622072622,62.02340889992796
17,82.97625517709155,62.00209524191817
17,82.99413003234918,62.00377080359891
17,83.00285108904626,61.98150336076593
17,82.9919775580706,61.98414008921152
18,83.01466021807285,62.00089853398494
18,83.00186389866774,62.02052999566934
18,82.9868249336982,61.96069454846447
18,82.9867807952,62.01896187145665
18,83.0460786993979,62.00002606378825
18,82.97652809177276,61.97709791485317
18,82.95998887218227,61.99404877667425
18,83.00136955805613,62.0049388115777
18,83.0032294809972,62.04018803291609
18,82.99303091753166,62.005929686483235
18,82.9709790783527,61.985922506316015
18,82.99769732439262,61.96503371118439
18,83.000198689459,61.97762157819059
18,82.97379336615407,62.04256743283419
18,83.01912603255188,62.03909860805521
18,82.98104478303827,61.98647792579714
18,82.97409214355515,62.00472757704589
18,83.04059595687272,61.979528550348945
18,82.97557877889118,62.006833874133726
18,83.0061633925924,62.03173026479143
18,83.02032194475092,62.0284678731982
18,82.95724476837282,62.00593270839171
18,82.99600973556215,62.01860944248069
18,82.98090133888577,61.956775061632115
18,82.96844227499096,61.99701851743019
18,82.97757854514572,62.01491613925507
18,83.01643822925237,62.0401679616975
18,82.98134431673887,61.97969558576277
18,83.0199170172913,62.004045019634276
18,83.00878201475149,62.00068367778349
18,82.98501598422169,62.04500307505506
18,83.01445937299482,61.99311549008642
18,82.9857149776653,62.01816212017533
18,82.97919637922806,61.99765472537589
18,82.99876398705666,62.01873119010659
18,82.97874576867744,62.002920483223456
18,83.01222825622968,61.98298172091688
18,82.97589543418762,61.99496452906785
18,83.0119533798241,62.01527083768507
18,82.99809303811121,62.00266688088775
18,83.02256088892858,61.96846547092596
18,83.03485216584725,62.02182278931078
18,83.03285891781874,62.035154865521754
18,83.04361191322525,61.99650258461209
18,83.01875719838152,61.964545458691944
18,83.00315142594336,62.02157203646596
18,82.9724310177235,62.027236705547026
18,83.00550282614168,61.97184052452618
18,83.01548542720145,62.01427541215845
18,82.99987365267648,62.042046969124975
18,83.04530988285543,62.010313096720736
18,83.01725874632388,61.95342121813547
18,82.96616346551349,62.03239896893802
18,82.99173858498814,61.9785631643267
18,83.00670930028265,61.95366954961794
18,83.03376496418382,62.023900149324994
18,83.006500645244,62.00973588263081
18,83.00593806093974,61.999644888175894
18,82.9823575829852,61.9857211003113
18,82.98860005281742,61.97011653722129
18,83.00341195301434,62.02151124700676
18,83.03791770901525,61.98574173243149
18,82.97759836259918,61.9892391608734
18,82.99945933246083,61.982419080846796
18,83.0043710971232,62.035741265023084
18,83.00369078144638,61.993864179384914
18,82.99374171246255,61.99361873787721
18,83.01918867210402,62.02557308852152
18,82.99096949351494,62.00381982666714
18,83.01188346192784,61.999340636887624
18,83.02548362524836,62.03532707775138
18,83.0364477824045,62.01457023646519
18,83.02764472374625,62.01467025945882
18,83.02528118716437,61.99679177349698
18,83.01153278371898,62.00232317005098
18,83.0139015305739,62.0205372546643
18,83.01038227249315,61.987411725915585
18,82.97354593747482,62.02696178496056
18,82.95292013835159,61.984108789031126
18,83.01143719019113,61.96796189166859
18,83.04217353462568,61.990226246922674
18,83.01112810603223,61.9599271222459
18,82.98815816302945,61.99179637091103
18,83.03176384385732,62.01228436517418
18,83.03217927235359,62.009264344471184
18,83.02769337779475,62.018897700586514
18,82.98425049339865,61.97385161765718
18,83.0203788406896,61.983622834614195
18,83.0408817857998,62.00958554129456
18,82.9656913701821,61.979382963063706
18,82.9817153751171,62.013318975210105
18,82.96958657202413,62.008338253313724
18,83.02529509860015,62.02851161692237
18,83.04061890842598,61.98739101211195
18,82.98941506028957,62.04348781752636
18,83.0362051535028,62.02547587289649
18,82.98284855324103,61.98670731295531
18,83.02355220274299,62.03913201159512
18,82.97850245223336,61.96316801223082
18,83.03787193568657,62.03226668709287
18,82.98827030050788,61.98492107603883
18,83.00813686188009,61.98624817929327
19,82.98541230121825,62.009494412454195
19,83.02453386542813,62.02339935926545
19,83.00117843279251,61.98865647077221
19,82.98907739713356,62.01149215776069
19,82.98157929434805,62.042430810012256
19,83.04139255839821,61.97420055126209
19,82.97415128176819,62.00516931593083
19,83.04260569910251,61.97740453982213
19,83.01026711466409,61.982581059363866
19,83.0136469637232,62.00462324758923
19,82.99793255671648,62.01432948655772
19,82.97813656487156,61.993186284627335
19,82.99382242672888,61.955695468227255
19,82.98959822775166,62.01888299514673
19,83.00734459143908,62.00118247391039
19,83.03409565998665,62.02499004147708
19,82.99359773657694,61.97956916237788
19,83.00256386742237,62.01062369411964
19,83.02691538603789,61.99160835953153
19,83.00415237500442,61.9659760875847
19,82.9918688710538,61.96142856927993
19,82.98442808504484,61.96873173530147
19,83.02908244436281,61.98141987819712
19,82.98524791607123,62.01089239508408
19,82.97577368583144,62.01659730165634
19,83.0327215134323,61.98916255607199
19,83.00936307230502,61.98698669015034
19,82.97071693510159,61.99842816110772
19,83.00496192664302,61.97264096235791
19,82.98131843801788,61.95733695424569
19,82.9951854409494,61.95954080341554
19,82.97509932327104,61.99111933750557
19,83.01280694565142,61.993376212564044
19,82.99751567819455,61.991929274202505
19,83.00264743110762,62.017407374792484
19,83.00239408392271,61.97895587685218
19,82.99811636933615,62.00503310819377
19,83.0463745940992,62.00217097995858
19,83.03260964131115,61.99727130283824
19,82.96032926187182,61.99415707410768
19,82.99842866590721,62.002112794679896
19,83.01220636975319,61.99469646053588
19,82.99667311065734,61.97940261169874
19,82.98546503828074,61.998896632691824
19,83.00782424123337,61.9768904723194
19,83.03752673970072,61.985827981447045
19,83.0066592024832,61.98175137558994
19,82.98707112754819,61.97775431506572
19,83.00932564772117,61.98134581941707
19,82.97927045089702,61.99734758549499
19,83.02928992734853,61.96267066957546
19,82.9934648663226,61.97088789815491
19,82.99587373353295,62.01122926811389
19,82.98564321077899,61.993220270811236
19,82.9815756737364,61.99764287305145
19,82.99957247124058,62.018128487932806
19,83.01743415744724,62.02610999134206
19,82.99360263193216,61.975789362858016
19,83.01277811782951,62.02280083210543
19,82.99905897861518,62.010656824998634
19,83.01689848266608,61.99245688925018
19,82.97127517335885,61.98294498687728
19,82.97124267281399,61.97348638699274
19,83.00557837463644,61.970372495482344
19,83.00487699928705,62.02074694576364
19,82.98440669047501,62.017999387112184
19,82.97894065386463,62.019262085001245
19,82.98468906629583,61.969125068482235
19,82.98076238515588,62.002955754716375
19,83.01637013375053,62.00855112815354
19,82.99060764713792,61.968703802417444
19,82.97553817140208,62.003052191090546
19,83.00446184264752,62.014789332885925
19,82.9903078832432,62.00820763905313
19,82.98903958502234,62.03300837512637
19,82.99541619523971,62.01155881151577
19,83.01051742768647,61.99901070885202
19,83.02481087820256,62.01210580178732
19,82.98610033108856,61.9641103626666
19,83.04322574575895,62.01225103996037
19,83.0247090185822,62.02585682592588
19,82.99675867974032,62.00798507878407
19,82.99179246347853,61.99189504805575
19,82.98139243504465,62.00214843900415
19,83.04018258922794,62.004520990034464
20,83.00309419860872,61.99543103858157
20,82.99549036977841,62.027370591541164
20,82.96920482251498,61.96726689880246
20,82.99584787654086,61.999068930678334
20,82.98379412912685,62.01947062243659
20,83.01699967733656,62.029876867831824
20,83.01892037794187,61.97432779192877
20,82.95711009937709,62.01169667178169
20,83.03755355338559,61.972079544610466
20,82.98248470592634,61.963083657285374
20,82.99015152734327,61.9783781080944
20,83.01405724034252,62.01375922085032
20,82.97861808305981,61.97951076628245
20,83.00901488990098,62.00277415944659
20,82.9711569174307,62.03900967969726
20,83.02220590930978,62.043624513836285
20,82.9966490564357,61.979246767281275
20,83.04201846768761,61.999687414551346
20,82.97343751780268,61.96419811334291
20,83.02438623445032,61.96166288928046
20,82.98476044051633,61.95557545420056
20,83.0035931691344,62.00395837664515
20,83.03189769431967,61.98450500934094
20,83.0152021661576,61.990078886635764
20,83.02750521211003,61.998312269883904
20,83.01186059430724,61.957743918474904
20,83.00140928895146,62.033485297303386
20,82.99339146466326,61.976799152823226
20,83.04187639572756,62.026211613174546
20,82.96873510817035,62.02854620152249
20,82.97500442431264,61.97320147343212
20,83.02158186610646,62.004404401495584
20,83.01490911302072,61.96908065914565
20,83.00913381531308,61.99330553710735
20,82.97963220929847,62.013377685416756
20,83.00124376626418,62.02810755840783
21,83.04320186228868,61.98460358768125
21,83.01310575818856,62.04234398597411
21,83.00852557023619,61.990751583687086
21,83.02561814402696,61.96156871897891
21,83.00775156331784,61.95658896105383
21,82.98104478303827,61.98647792579714
21,82.99677927523156,62.02679739233091
21,82.9829864891773,62.00045773507774
21,83.03428945076433,62.014458537257276
21,83.02364810646321,62.007995617104136
21,83.01277815836428,61.973774930156104
21,82.98373794573317,62.03878720498995
21,82.97028941189464,61.99434238066499
21,82.98149794436748,62.0029890498224
21,83.03240037370445,61.97686923610441
21,82.97869655825832,61.987024503880995
21,83.02289907268765,62.02206850776594
21,82.99759719872502,62.021304656179574
21,82.99965443784676,61.964676388304994
21,82.99040859059842,62.03360320423687
21,83.02914834330706,62.01615764673112
21,83.02368011063913,61.97969864463099
21,83.00687757694706,61.95158003046631
21,83.03864697905458,61.999302034103025
21,82.96730821310946,61.9795700753637
21,82.97527810632234,61.976905160394296
21,82.97711450574332,61.96998352995162
21,82.98037446444594,61.99081203982213
21,83.0066756509081,61.99278625878029
21,82.96485154031144,62.00189395354185
21,83.01507243310817,61.986340414382205
21,83.04679411582978,61.9963934491361
21,83.00901552794326,62.00300585982877
21,83.00013451976888,61.95134347631739
21,83.02587432926191,61.99284166146754
21,83.03238934956234,62.022149197330265
21,82.97925862961803,62.02375522031122
21,83.03155179048755,61.97841452026132
21,83.02307645501372,62.02355577077182
21,82.97303004143647,61.98538944556231
21,82.98494079273347,62.017562996729204
21,82.9655171259625,61.99998088312125
21,82.9700697367676,61.97273413441185
21,82.99357952647159,62.01822328581627
21,83.02767592486231,61.99517977338408
21,83.00719991384277,61.97787420969067
21,83.03071240749657,61.970439247823165
21,83.03140362040773,62.0035651786247
21,82.97941724249854,61.9801164495758
21,83.01533551708783,62.00949570317675
21,83.01955912121831,61.97115465335053
21,83.0050666544908,62.02262338694831
21,82.99705784972629,61.96928455762261
21,82.97862313131458,62.02011556961396
21,83.00215175781403,62.026815434872645
21,83.00852809140167,62.0045716587461
21,83.02972389486682,62.0051656011005
21,83.0016723939203,62.02609921055705
21,83.03627835010313,61.96933198889643
21,82.99133520371734,62.01750639180527
21,82.97284269288399,61.9748683379106
21,82.98918272394265,62.009212237384254
21,82.98760159546784,62.03805344251282
21,83.03295817296814,62.03500468970432
22,83.02460477106835,62.009077832487655
22,82.99923384518812,62.01580946382858
22,83.03371439179668,61.97050289199811
22,83.0297506067161,62.03970210597681
22,82.96777281516147,61.98798697584613
22,83.01643968064693,61.99486560314726
22,82.97420667860237,62.02608535193058
22,82.97745711276757,62.02607762969146
22,83.0275937069865,62.02303789706848
22,82.99141026009612,61.99476235307899
22,83.04639032647312,62.012183389868234
22,82.97749536636499,62.00843744539391
22,83.00715162614476,62.014326072453414
22,82.99539775287236,61.97031330113497
22,83.01516754066304,62.00065386313322
22,83.00204968935718,62.04051125578477
22,82.98144264782516,61.968982832103265
22,82.9878608800766,61.98248538354846
22,83.03082365034845,62.01982803847683
22,83.01434229887384,61.97426508901917
22,82.95880187739576,62.004496809937564
22,83.03131502977658,62.0076860294062
22,82.9826949301637,61.95342646327872
22,83.04260320205681,61.98720553555812
22,82.96795863026178,61.98930263792808
22,83.00225305599692,61.97308060202752
22,82.9704642157718,62.03088264657668
22,82.96762503931431,62.03795417186782
22,82.98512674559359,61.99187348208112
22,83.02692835530908,62.01515131767847
22,82.99332643428714,62.012669673335026
22,83.00352413907595,61.953635836310966
22,83.00034401273837,62.048543193742795
22,83.02470969092894,62.01951250326474
22,82.99168865622283,61.97251720888964
22,82.97905641938563,62.007708567149706
22,83.03577966980157,62.025060300121616
22,82.99187161177456,62.00721176418471
22,83.00608192452384,62.017084283603516
22,82.98644212772001,62.00898383815694
22,83.01339357217768,62.0142377882641
22,83.03517864801785,62.01130626780533
22,83.0163905060357,62.0116557308145
22,83.04429880704535,62.01081711571421
22,82.98492814492714,62.00642012492246
22,82.98009561934416,62.00242968500537
22,82.97356474708197,61.99582490495425
22,83.025195699202,62.017591815841335
22,82.99588180625064,61.98901032657443
22,83.03009092083987,62.013674283191335
22,82.98694641847028,62.031553984432136
22,82.97767779206089,61.997281408370334
22,82.98088949399116,61.96158758842227
22,82.97404214216097,61.96007428120666
22,82.9693711198061,62.01819888533978
22,82.97016428832204,62.0246547693109
22,82.97318426786852,62.01825415390096
22,83.020156336256,62.00868465524716
22,82.98317418590727,61.97609551143018
22,83.01091283904053,62.01043468565058
22,82.9587312682721,62.01557473908092
22,82.95733345707139,61.99874648376305
22,83.0175133614592,62.03139484261705
22,82.95920578385982,62.02578726200183
22,83.03233265410742,61.963208375081216
22,83.04682998688654,62.01022827475881
22,83.02541359782677,62.02395210417578
22,83.04350658286982,62.00768095470869
22,83.03559612771322,61.98280612814946
22,83.03076431028964,61.96401033434021
22,82.9804255431548,62.00339601751376
22,82.99936658839371,61.975420824485255
22,82.97105747816464,62.03655594701486
22,82.96990955663884,61.988330363144556
23,83.02368412960251,62.00818748383361
23,82.97007656797673,62.034729188687365
23,83.03553381750636,61.9961787971591
23,82.9882571937735,62.03788721956754
23,83.00707868883136,61.95843564594353
23,82.95542380529064,62.00562239947942
23,82.99476719044458,62.01168439177262
23,83.00720480039465,62.03655050216705
23,83.0069681033397,61.9689495763148
23,82.99681156683886,62.015343694358485
23,83.03665471341795,61.977790632546174
23,83.00293429505496,62.03904560882973
23,82.95048735918607,62.004064022601646
23,82.9746724659751,62.00888519266861
23,83.02642790874604,62.037078566030125
23,83.00141910756865,62.00516784573994
23,83.03315808717024,61.99700464059359
23,82.98596543531977,61.982253613735786
23,83.01928094293636,61.974566433291784
23,83.01078826577438,62.02587522531679
23,83.0081127212186,61.9999618186042
23,82.98976458526255,62.02977247884362
23,83.00778740770488,61.96330418372681
23,82.98773253824135,61.989421121092334
23,83.02238238778574,61.99881460383454
23,82.97641743501734,61.96071392806156
23,83.03194600861288,62.03051235675041
23,83.00441248344417,62.015331268276014
23,82.98951514079532,62.04136567927299
23,82.99791062253637,61.98711291568703
23,83.00781477467214,61.95181709198789
23,82.97193132295914,61.98556616265211
23,83.030447255642,62.01039851920078
23,83.01900308955135,61.99672165393467
23,83.03784189839675,61.97496960931942
23,83.03925084095421,61.99972691990242
23,82.96811038077276,61.977650502775
23,83.0245354271378,62.017525026578355
23,82.99627665682426,61.99831710310195
23,82.99728029358928,61.951410548682716
23,83.02631128190804,61.97372493027093
23,82.99009092049214,62.048378231104934
23,82.99722613592209,62.008881297356375
23,83.01035318601019,61.978104324518455
23,83.00515683663394,61.9547390202482
23,82.99860867100834,61.98530098247339
23,83.03151141565247,61.997505587052366
23,82.96751298523392,62.006525458202326
23,83.0417594637319,62.00606086681529
23,83.00131003770854,62.002270266498265
23,83.00849508466749,61.97230988977593
23,83.00868641032994,61.96728409144293
23,83.02793112765774,61.962446331226204
23,83.03240350483445,61.98177282080047
23,83.01635034813934,62.0079008275538
23,83.04358397550388,62.00800738064558
23,83.0307099181993,62.02792466680416
23,83.00378723128759,62.0210973150739
23,82.96517504008672,62.01432344478721
23,83.02019613910633,62.00788826017947
23,83.03457087583773,61.97778257446014
23,82.99362684169854,62.01434698137258
23,82.98753371985994,62.03735299623624
23,82.97545039027136,62.03901700817317
23,83.02086229348879,61.95654738528332
23,83.01332004123185,61.981594587576936
23,82.97431451450412,62.01825752904193
23,82.97258472919584,62.01584349646532
23,82.99368106351687,61.95228717131317
23,82.99193561442601,62.04602569855787
23,83.00104740888013,61.97396264600461
23,82.97954850842885,62.00120143258517
23,83.01277913551989,62.031084047216325
23,83.02662167976374,62.00265071443336
23,83.03129761642353,61.98795471490949
23,83.0044064198011,61.95669579210562
23,82.97656721045172,62.02481673469831
23,83.00737865987283,61.98946251194186
23,82.97787093751845,61.99630514584454
23,83.01685169800136,62.04431234548091
24,83.02330980388138,62.0388850050042
24,83.0014032053604,62.02359581177766
24,82.98190951170973,61.97470701893461
24,82.9862067162397,62.006728138882146
24,82.98181712966907,61.9839111641385
24,82.99588853665006,61.99350333164167
24,82.98796168298824,62.00103376873516
24,82.98509060953866,61.98574294701209
24,82.99299082725447,61.982722675163565
24,82.95260405341438,61.99339584636577
24,82.99352675944863,61.986674597465125
24,82.99473359333595,61.997827204297614
24,82.99494249531612,61.95839068801947
24,82.96873510817035,62.02854620152249
24,82.98039033630862,61.95503377803223
24,83.00209816609764,61.97675791593179
24,83.00636438979541,61.97734945960735
24,82.98740147983153,62.00487721488826
24,83.01362089515922,62.03653310432855
24,83.02331086064947,61.99141422196515
24,83.02707186981525,61.967862286848515
24,82.98335160439545,62.02621746345202
24,83.0226553907957,62.00204175770697
24,82.99222187543228,62.016937324560516
24,83.01881380051645,62.0125805717811
24,82.97685065827788,62.03075836571859
24,83.00852449486295,62.03846794771407
24,83.00726008441532,61.96627548455779
24,83.01932954329585,61.99343770336618
24,83.00740539448593,62.039706602051524
24,82.99402006618385,61.988427008705344
24,83.01227868541162,62.000204141812276
24,82.96186675832516,61.98376345899463
24,83.03235676131229,61.997252670448525
24,82.99007267410592,61.992961804478156
24,83.00493085188411,61.991586290918434
24,83.02060264722999,62.00329416094779
24,83.01547083210873,61.99271703886355
24,82.96609534358758,62.03233629624004
24,82.97085097777902,61.9736981972088
24,83.0242468835684,61.98993001946113
24,82.989210390061,61.96995726751948
24,83.02704536061788,61.996198677821134
24,82.98440619512014,61.97557861097892
25,82.98373794573317,62.03878720498995
25,82.98124889890845,61.98059668555978
25,83.01567418303452,61.9688898628163
25,82.97687106913074,61.992147894436336
25,83.00597314231382,62.00614824584436
25,82.9945975421998,62.02654439666502
25,82.99384244152846,62.0321022012681
25,83.03581630909635,61.98310362950808
25,83.03356453233062,62.00560969405828
25,83.01071603950912,61.959339951355915
25,82.98349446855536,61.968247609806525
25,83.01547083210873,61.99271703886355
25,82.99901048402613,62.02006769851157
25,82.99177791983263,61.99860463461136
25,82.977151483288,62.02640662157821
25,82.97506291406424,62.014340606347744
25,83.01682373532513,61.98951290032094
25,83.00273384666532,61.996630228611416
25,83.0013339189597,62.008653966607206
25,83.00305711622725,62.019105151697175
25,82.98246330576205,62.00583275885696
25,82.97951207843552,61.966006113262814
25,82.9947212942767,62.018194661247634
25,82.97865282042252,62.02866853480343
25,83.01391068323626,62.01501632994565
25,82.99644843658648,61.98143429029192
25,83.02035531449064,61.971451279102794
25,82.98038338908997,61.99598280257003
25,82.9778102452595,62.01505656171242
25,82.98188379733264,62.02593076763166
25,82.96949187038904,61.96959000219452
25,82.99589903114163,61.98718294457174
25,82.99146336506836,62.00981630054693
25,82.97748731537709,61.99052085324915
25,83.04171397847522,61.98292385851783
25,83.00937500104303,62.03945043667388
25,82.9982627503563,61.99658552983289
25,83.01814647621036,62.007443900100185
25,83.02107136117156,62.03934447893369
25,83.01722922894407,62.04107572883296
25,83.01902893073375,61.969088772564085
25,82.98860227773278,62.008682817166445
25,82.96576666558985,62.027244114169825
25,82.98034921072649,62.0294851107248
25,82.98893647598103,62.02746229567227
25,83.01443816770254,62.01267831746021
25,83.02229107695601,61.9778823987543
25,82.98090133888577,61.956775061632115
25,82.97399247861516,62.01183733401271
25,83.02952861619954,62.00821863522532
25,83.04060101475524,61.986121034346915
25,83.03604886099849,62.00859206697467
25,83.01498726395086,61.98194838983672
25,82.96604592598513,61.96407286062659
25,83.00451753499674,61.98392199243723
25,82.97314772270448,62.01814140715293
25,83.01534050791204,62.03002705439074
25,83.03392598193959,61.99854389655917
25,83.00854471562155,62.007191927176606
25,83.0079010358114,62.04905591571563
25,82.99097377120772,62.00496425363572
25,83.01963039071617,61.99791254038025
25,82.98619079245337,62.00630890139973
25,82.97447255938513,61.97953770412346
25,82.99960079775545,61.987639196983196
25,82.97295227218217,62.00481777346434
25,83.00073432420943,62.01975372129554
25,82.98666970756571,62.02990139158978
25,82.98854727048402,62.04225475384439
25,82.99879218992525,61.95196583617745
25,83.02256088015378,62.01022986352085
26,82.99810985917112,61.99017409987134
26,82.98936475080643,62.012753708200556
26,83.01751581001396,62.02463698550745
26,83.03353748935999,61.99427135604219
26,82.96673281102996,62.0055757768836
26,83.0382180542115,62.02510427800486
26,82.97971383829136,62.00380030610788
26,83.03865639081909,61.97754515829737
26,82.99748470075437,62.01240638509874
26,83.04380547319283,62.015094796925695
26,83.00279793250813,61.95927718283209
26,82.9854876105918,62.00203799875253
26,82.98283453177599,61.961017863588076
26,83.0031028245499,61.95243239853582
26,82.98880242429027,62.01369386443524
26,82.98365530515161,61.98437561977339
26,82.96956872592506,61.97157350261206
26,83.01279302676753,61.99538198432226
26,82.99283542064188,61.967235604363516
26,82.9907786213998,61.96475736225198
26,83.00569830355681,61.96286527831272
26,82.97189761441533,61.99682059195045
26,83.02750521211003,61.998312269883904
26,83.01436072500316,62.0237714824223
26,83.01744084873914,62.00817811058208
26,82.98575241945856,61.9664343325547
26,82.96166875433305,62.0074234791175
26,83.04340437682647,61.98529858008735
26,83.02808347296427,61.98206130723533
26,83.02187690814172,62.024573749911085
26,83.00635297016991,61.9683944189082
26,83.00567211162215,61.98676887300661
26,83.01628131096915,61.95917269814855
26,82.99872663231218,61.97998920419438
26,82.99357990999883,61.97159203975596
26,83.01899922852246,61.9678886233957
26,82.99001917072914,61.991405349625985
26,82.96132085169961,62.010628894105494
26,82.97577067044318,62.00694102785463
26,83.00342898931154,61.992458112323696
26,82.9994113501009,61.991945943236644
26,83.00457870629883,62.01648467020801
26,82.99813523636165,61.9751229169269
26,83.02137831716688,61.990669960861915
26,83.0213787341674,61.97389489890141
26,82.9817433926812,61.99495073134213
26,82.96029651321969,61.99986041696435
26,82.99518510254835,62.01167133550913
26,82.95605577422765,62.02354062341346
26,82.96169866309192,62.03112210162993
26,83.00277932261545,62.01793216824375
26,83.02026934343931,61.960057586175154
26,82.97344151279565,62.00992210030601
26,82.9666376189135,62.02505296010997
26,83.00947353703319,62.03039541962415
26,83.01807505905721,61.975245588809955
26,83.01509428299931,62.04471103806486
26,83.01914140343271,62.00505840353025
26,83.04024672156835,61.982432170878425
26,82.99057693617843,62.01711939965704
26,82.97016428832204,62.0246547693109
26,82.98166731719542,61.99906597332898
26,83.04421278300387,62.00500198718054
26,82.97490871308655,61.97746530639736
26,82.9852902267383,62.00237988522652
26,82.99446782346956,62.01694985846597
26,83.00659047783108,62.01371254128021
26,83.0270552215579,61.98247142043797
26,83.02155693961615,62.03412232032728
26,82.99520590945939,62.02374429391242
26,83.02320991693077,62.001001538916725
26,82.95950477337779,61.99309979815152
26,82.99387437211469,62.01572106295871
26,82.99360237507807,62.0066234407208
26,83.00701350401181,61.972448317921085
26,82.98151577062667,62.01729308337051
26,83.01687371207392,62.045666048239354
26,82.97845367939874,61.99613954647702
26,83.01971606907638,62.03272664445458
26,83.01093608964749,62.031825664884394
26,82.97058827186703,61.977464668825164
26,83.03777913124523,62.00702479742412
26,82.95943010943041,62.00371954605211
26,83.04709180287755,61.99617326264399
26,82.97213819475428,61.98716726752298
26,82.98826133279846,62.02533292390965
26,82.98358769546802,62.04405403036877
26,82.96520458575246,62.031551421356895
26,83.00296900382955,61.98492743625791
26,82.96629246038316,61.965098236601534
26,83.01340110638893,61.98368903151754
26,83.03770612488015,61.97114462315086
26,83.04462483121559,61.99843534373224
26,83.01418306036496,62.004551702324626
26,83.0399924791679,62.02196267038685
26,83.03887836544403,62.01787580179568
26,82.98658200007185,62.04000487064083
27,82.97477615808981,62.01847789917495
27,82.99818782728633,62.00918677217089
27,82.9940568062991,62.01150023037844
27,82.96513823443532,61.98793042028335
27,83.0266711111667,61.99683519063268
27,82.9610417181341,61.98080992780134
27,83.02763611245041,62.0000444452054
27,82.99894394836882,61.99598208638252
27,83.01816807934586,61.977400726579454
27,83.01010526250826,62.04857921647606
27,83.02758014539164,61.99509865758739
27,83.00478759237224,62.02937694446407
27,82.98970499037223,61.965871231137164
27,82.96654194391661,62.00551726330627
27,82.98661445655289,61.98269243002442
27,82.97349687005175,61.96311226020408
27,83.01757639237901,61.9730787526983
27,82.98079783125877,62.01036352558208
27,82.99629065874873,62.01930549867136
27,83.02256088015378,62.01022986352085
27,83.01445268529568,62.00532753224451
27,82.95129543288807,61.99841802934567
27,82.95235111318706,62.00682471182917
27,83.00628600000283,61.98173140263131
27,83.00229932037848,61.99612943498634
27,82.98998950833399,61.98005123608691
27,83.00893415035911,62.01009963855141
27,83.01542031692695,62.02230884997898
27,83.0087028698602,62.044410785149694
27,82.98063824698235,61.98892593330259
27,83.00043982153024,62.01204611605845
27,83.00416173902515,62.01381233102247
27,83.00901488990098,62.00277415944659
27,82.9682097504111,62.007094211837924
27,83.04068305223393,62.01822320875622
27,83.00250048048551,61.97347623134567
27,83.02560964514687,62.015692770639774
27,83.00024750026074,61.98572423181974
27,83.03511246362338,62.034597295499985
27,82.99751703932506,61.95731287320201
27,83.03948422560161,62.02404147903464
27,82.97135277185856,62.001527363742376
27,83.02932166450321,61.98771021257533
27,83.0119928806022,62.04078224807913
27,83.04836686414666,61.994111102509414
27,82.99973482780048,61.98787286463308
27,82.96730256785915,62.03721535998092
27,83.03997246738157,62.02957144352977
27,82.97032316521181,61.968161830061355
27,82.95773662775387,61.98076799273138
27,83.02179729856127,61.97546351654107
27,83.02625867290278,61.97100112435927
27,83.0084779826349,61.99778784038585
27,83.0309681180434,61.968603659168295
27,83.0080928861961,62.01182523157375
27,82.97438855250745,62.04069492421465
27,82.95606784422446,61.98524110631408
27,82.96945493079973,62.03111799667819
27,82.99684657162044,61.96779140435591
27,83.02156041230093,62.00355697132542
27,83.01586824494152,61.95991312561078
27,83.01439991986899,62.02895586703643
27,83.01844744723132,62.00610199808551
27,83.04246935356586,62.013310893029676
27,82.9946213333748,61.99791290201926
27,82.9970994824327,61.954236233265
27,82.98522767907609,62.01520982081789
27,82.99813523636165,61.9751229169269
27,82.98319149491803,61.962328560089375
27,82.99949701552822,62.035017022506224
27,82.98936763926416,62.026900719422876
27,82.99830327400024,61.9913087273742
27,83.00455699870433,61.95821407133795
27,83.02201761837205,61.995923056767175
27,82.98283453177599,61.961017863588076
27,82.98374101229051,61.98487317050636
27,82.99364742471542,62.01973751648468
27,82.98565686224059,62.01468207265043
27,83.0393169323359,62.00168659305065
27,82.96642010715817,61.999881696792194
27,82.97191549803749,61.978230463566334
27,83.01632671003836,61.995251051345605
27,82.98233691408659,61.97232195203934
27,83.00823905801029,61.995016227195535
27,83.01548126224547,61.96578462670625
27,83.02920278537226,61.960230371732465
27,83.02225913468644,61.98415934929891
27,83.01107791535193,61.96943894310844
27,82.96830635282052,62.003633896365024
27,83.02993793235967,61.96503527286048
27,82.98460879456282,62.016157832047035
27,82.9597229268479,62.01352728173719
27,82.97339098063274,61.967715076112
27,83.02885688883292,61.974919073249005
27,82.98005230088455,62.01871838269
27,82.96639378138816,62.02281804236185
27,82.95319891774164,61.98641124087985
27,83.01842911604352,61.997388721800625
27,83.00190506861706,61.98103063785217
27,83.00853195404756,62.023769401229394
27,83.01927509658265,61.98704670524391
27,82.99569950770041,61.98189287721592
27,82.96530735916848,61.991233012700405
27,83.00757932754912,61.96550030659249
27,83.0122717146369,61.95824179164641
27,83.01882121640286,62.00062326567652
27,83.0332694833976,61.976311421141894
27,82.96524513400203,62.00018622934356
27,82.96409834089862,62.00513354630395
27,83.02051441293342,62.02204001859829
27,82.99814045004638,62.028951229536816
27,83.00770450456787,62.02862091404051
27,82.97870720768749,61.97092683924966
27,83.04682685317341,61.98302364479283
27,82.96121933980817,62.01451634500576
27,83.00463217323816,62.03468853139842
27,82.96468814326944,62.033011553577595
27,82.96152607110012,62.002203374304926
27,82.98280423105753,61.968487922280175
28,83.03708707833624,62.012687971068225
28,82.99442967694243,61.982372676286836
28,82.99061008592669,62.01340595929691
28,82.9979334459908,62.01022536352585
28,83.00455699870433,61.95821407133795
28,83.0314816553831,61.98172541829994
28,82.9998088379103,62.041748930114714
28,83.04556473970896,62.019685944644166
28,82.96500598987522,61.99747515019783
28,82.98407650605523,61.99443593401177
28,83.02444919538559,61.982173364588306
28,82.99664541773451,62.02766886283406
28,82.99799193310368,62.00858887446192
28,83.00335683242622,61.96689962302352
28,82.98619879868437,62.04667754576426
28,82.97666947700318,61.97508152737262
28,82.99104476394669,62.03892413025567
28,82.95302495266405,62.008544548767524
28,83.00398570861122,62.01112159259722
28,83.02518419535744,62.03686425159316
28,83.0141820318239,61.9731664558783
28,82.98669176828899,62.0336955761853
28,83.01240831373438,61.99389455454507
28,82.9815793737481,61.98418528666399
28,82.9764675591926,61.96021395906512
28,82.978948839313,61.97259653265572
28,83.01588950225906,61.96019985752926
28,82.99363262427237,62.037969952828014
28,83.03388805988838,61.98933113094439
28,82.98125460156483,62.03469671449018
28,82.99351490188609,61.99019120069462
28,83.00740174609919,61.9674058185502
28,82.97820427854758,61.95691093484328
28,82.96646729764056,62.01124017085999
28,83.04267089956981,61.98549942523093
28,83.01428641892282,61.971109731233035
28,83.03590868314066,62.00863732186361
28,83.01227281038953,62.015479561922945
28,83.02273597276198,61.994984959009074
28,82.99086484042797,62.01204892149499
28,82.9955885719613,62.010033968579485
28,83.04789411558929,61.9861950894927
28,82.98338469070472,61.973765178441205
28,82.98579954048627,61.973204472514276
28,83.04816350573444,61.99829358439694
28,82.99644182018707,61.98959933788701
28,82.98323024721263,61.981958264088505
28,82.9654934101143,61.98640557736761
28,83.0154328700456,61.99503409323697
28,82.99180742158475,62.01004423385128
28,83.00734796483478,62.00129039139581
28,83.00274691760235,62.005540098542575
28,83.0055765286321,62.02597055284917
28,83.03766203702963,61.98692815814028
28,82.96547998084264,61.979959981556796
28,83.01079095377727,62.04564342215529
28,82.99232078557463,61.9620896429888
28,83.02481519889251,62.03313887604425
28,83.04159848579421,62.00395930160834
29,82.99225573351441,61.99398724980223
29,83.01166499422219,61.96007824971669
29,83.04548231592953,61.998387118000686
29,83.03584113488903,62.006641994585166
29,82.9801232797812,61.993980419034415
29,83.03807381503636,61.98681030706782
29,82.96061677862566,61.996202765457824
29,82.96491125833424,62.011502241318325
29,82.9879908065073,61.959128042643066
29,82.96979969587616,61.98080735450479
29,83.02832568737065,62.03938030421277
29,83.01808545464101,62.03765386536193
29,83.03348938884868,62.02520273000188
29,82.98029132637619,61.97466159618329
29,82.98516516362584,61.96285458297508
29,83.00425677914815,61.95331169282189
29,82.97304739409253,61.9857875876317
29,82.99667631503216,62.04518198107382
29,83.0345115516944,62.01365841080142
29,82.96929554496617,62.017154368408605
29,83.01826419038532,62.02454970086339
29,82.97808558829915,61.96006118454826
29,83.04081160701679,62.014351497098204
29,83.00723979700352,62.028229386835385
29,82.99698971591525,61.979900673912496
29,82.98391614349683,61.98181687423586
29,83.00063316543184,61.983152237514815
29,83.00570208268634,61.95746858890525
29,82.96708622725754,61.97038471131359
29,82.98817639357142,61.96563528721804
29,83.03181092198672,62.0261510941789
29,83.00483190505969,62.01644950724819
29,82.96113516655139,61.99005002495317
29,83.04627185274425,62.00955676470956
29,83.00056242596058,62.043353843241576
29,82.97780688141847,62.00303794520165
29,83.01305441362237,61.961615964670905
29,82.99756381362108,61.95035892307249
29,83.00605254118923,61.964110746866126
29,83.01963282251802,62.0057630717743
29,83.0027651639943,62.02394906372119
29,82.98534540991729,61.98303930013304
29,82.98374306380913,62.02091487640397
29,83.03082365034845,62.01982803847683
29,82.98270250056994,61.97311956009433
29,83.02805785144885,62.026008450745735
29,82.9917216845361,62.00891184729276
29,82.9945920865851,61.987233482586554
29,82.98386314427333,61.9753217488498
29,83.02176069101634,62.01574076324619
29,82.9890271024833,61.95425610349391
29,83.04034621626187,62.0133567401796
29,82.97573375567599,61.95890056332015
29,83.03095311208445,62.028230119367855
29,82.97435414421663,61.96682702991988
29,82.98129791037294,61.97956759282356
29,83.01635034813934,62.0079008275538
29,82.99375800763295,61.97597180146899
29,82.99216532271167,62.02406430404803
29,82.96586278614524,61.9985328750129
29,83.03067787700425,61.96277072993295
29,82.98622081926658,62.019997036956944
29,82.95710272884459,61.997419857152515
29,83.00589251508713,61.96511813649048
30,82.98839767344735,61.9607658830248
30,82.96790569703627,61.97608990860002
30,83.00493757947179,62.02683079170628
30,83.02722504967488,61.99680697672695
30,82.97142463722656,62.02299775701248
30,83.03692343941351,62.01564565099701
30,83.00762026888675,62.02067385030958
30,83.04011334766952,62.015734819847204
30,83.02769775575342,62.01136422167503
30,82.9764479287851,62.01174771830809
30,82.98329418270777,62.01656925209019
30,83.01337437128389,61.958195287814874
30,82.98694916796713,62.011467950814584
30,82.99387194575937,61.99706965258483
30,83.03743874244246,62.02415059869002
30,83.03597705662688,62.028622708073385
30,82.96513957917819,62.01858270561038
30,83.00828363059937,62.00867075115234
30,83.04434499391922,61.99380110203373
30,83.01372558975731,62.02134665665422
30,83.02262179431786,61.993382114124785
30,83.01688242791016,62.03181913108937
30,83.02427685498559,61.95776625810818
30,83.02137656467796,62.00350389380699
30,82.99547156461888,62.018934885340684
30,83.01482829813804,62.0065886054813
30,82.99281971092336,61.97283625713077
30,82.96964579713054,61.98742071905163
30,83.00603133774115,62.03963761583314
30,82.9676526200465,61.99087100246713
30,83.01494507834452,62.01188485809828
30,82.9512660050153,61.9926865993646
30,82.9747065889081,62.00181165552443
30,82.99055920524759,61.96059012364789
30,82.99274059907654,62.003205487505035
30,83.00158346855592,62.01507953175848
30,82.99864505861733,61.96738026078392
30,82.96606761340294,61.98767653313506
30,83.01091283904053,62.01043468565058
30,82.965340968493,61.97628874961472
30,82.97008537016112,61.9649946993973
30,83.01748321818114,62.01753135635413
30,82.99511756451909,61.985531574812306
30,82.95718437770816,61.984560887620816
30,82.99037120551766,61.99232015034454
30,82.97070058464672,61.9617429799551
30,83.01758721413988,61.96030608582467
30,83.01241705878377,62.00140444266475
30,83.04456595469877,62.00484283508024
30,82.98195907689352,62.041019540644754
30,83.01979441169674,61.972771037052766
30,83.00141224945192,61.952440498009786
30,83.01523412133152,61.986417327910594
30,83.04159771908621,62.00919802435598
30,82.99751665361632,62.00144590618916
30,83.03971482041496,61.98208463722301
30,83.04577320158194,62.0046410949957
30,82.98873227434392,62.04027554529009
30,83.04540225059088,61.983641395342566
30,82.99666618134766,62.03973208039445
30,83.04128519940342,62.01091921232125
30,82.98568529521968,61.95231673698176
30,83.04565132949647,61.992184224857176
30,82.9844099318639,62.046169236409256
30,82.97874576867744,62.002920483223456
30,82.99036905204869,62.023862541914816
30,83.00678669927703,62.0359732571434
30,83.02534038544066,61.96878916546942
30,82.97412775889423,62.00296668939199
30,82.97012237374388,62.0393825466584
31,83.02119052298549,61.98585687243761
31,83.00859210000351,62.00634956213777
31,82.97523558191246,62.00172011993565
31,83.00833056164774,61.98137099679694
31,82.96276667068383,61.9853484001538
31,82.99775016808681,61.97581380997018
31,83.019281819043,61.96429711516991
31,83.04554753256569,61.98961000063585
31,83.00110275572534,62.006356591472574
31,82.96579554162679,61.97916502405933
31,83.0132311306322,61.95247587236796
31,82.96769191639561,62.01212117243353
31,83.02744122013195,61.998137432089756
31,83.00571872234688,61.981403205898694
31,83.02322005565684,61.980708862301796
31,83.02897235972038,62.02824963651903
31,82.98049986117418,62.00289728027985
31,83.01198654515076,61.972012569458144
31,83.01444860442069,62.020851456423635
31,82.95885168549721,62.02810466302987
31,83.02899374202842,62.00456641187817
31,82.9602070118737,62.020160148142146
31,83.01812562608465,62.008921414763954
31,82.98313652020316,62.00433442738079
31,82.99892934635608,61.968208828293534
31,83.00440634306719,62.00333655853457
31,83.04979347358616,62.00169126127648
31,82.95789321920864,62.003911653982854
31,82.98297793479884,62.032211532453324
31,82.99455942445871,61.959294339889674
31,83.0024150959758,62.03067503031733
31,83.00922457180191,62.04137471541744
31,83.02064569125493,62.0142005983159
31,82.99797571738307,62.04910416166355
31,83.02678728507024,61.99771950566171
31,83.01282751172695,62.01361697564258
31,82.99969637816612,61.973043332282316
31,82.96808162969508,61.99945812249391
31,83.01602034374666,61.976255841034444
31,83.00403945363341,62.03620568639183
31,82.97794174543453,61.977921924021445
31,82.96581773489389,61.981775109556395
31,82.97202379641016,61.97551953269454
31,82.95649883808184,62.00648241540672
31,82.99450929119531,62.00725152805231
31,83.02057317561892,62.04448456978418
31,83.03962877487282,62.01995016972244
31,82.9931241460748,61.98501040352581
31,83.01679743834902,61.96993437605131
31,83.01227527098115,61.988901702934896
31,83.00745790159209,61.9717174459366
31,83.0414564932314,61.996954977784405
31,83.0121934689206,62.02730153284088
31,83.03967523356063,61.999245962350784
31,82.98900649373617,61.95904199851503
32,83.01085255909985,61.986276539637565
32,83.00555968089391,61.985577850581755
32,83.01992480604017,62.003237946275256
32,82.97929013049327,61.96880833229259
32,82.97188124439666,62.008294272469364
32,83.0388453480459,61.99204270163369
32,82.96499424475392,62.0304223803226
32,83.01634735202795,61.98594023931631
32,83.01085233122117,61.99715786624836
32,83.0425345760296,61.98214395839348
32,83.01526144114182,62.031024810926255
32,82.98019417117219,62.013797065613595
32,83.01587953889258,61.955237007965586
32,83.00415090885582,61.98412125880404
32,82.99078384523207,62.027938604509295
32,83.0000801279584,61.97140603252192
32,82.99937602805423,62.0262679833552
32,83.01012093981011,61.962857443013995
32,83.01695797684539,62.028678900094036
32,82.95977538737642,62.004299412168926
32,83.00374425074725,62.0056111978237
32,82.99262919972303,62.007754826491464
32,83.0280520416683,62.039651232976915
32,82.98873971348411,62.03610992945888
32,82.99915665598216,62.046702815281606
32,83.0192059669424,61.9683113983774
32,83.03794350470922,62.00878898089491
32,82.98649780171384,62.012167875929435
32,83.00983672437424,61.993438753276095
32,83.01498600121352,62.0099125826236
32,83.00210574021878,61.98940304110975
32,83.03330610315294,62.01976226470062
32,82.96863551872536,62.013916302003935
32,83.02934982832566,62.00023756253025
32,82.96935441906247,61.99607728283984
32,82.99899805590664,61.96134351659788
32,83.0398050639198,62.006129468473226
32,82.99458987167107,61.999143782006314
32,82.9717092899246,61.97558028908976
32,82.98549555255038,62.0019442186747
32,83.0111275925372,61.98042904733237
33,83.04512158337694,61.97998978061654
33,82.98684355629317,61.98651718949232
33,83.03285945697677,61.974513488966174
33,83.04050282487061,62.0220996362503
33,82.99446554322387,62.01185962447428
33,83.03890941218613,62.02552123201013
33,83.02929493308541,61.981158312903204
33,82.97306310954824,61.962872966766504
33,82.97848474348385,62.02471213880904
33,83.01705276988255,61.99571315750988
33,83.02140772139455,62.0407059426063
33,83.01087489221608,62.004177017649106
33,82.9839697091395,62.00601787413322
33,83.03731537645844,62.007513156222686
33,82.99786984770088,61.966660984271584
33,82.96961716773734,61.96299569042683
33,82.98550346608056,62.015019327860614
33,83.03336000510664,62.01032277115537
33,82.99894498449463,62.016289411590876
33,83.00774824263151,61.98610019575171
33,82.97617977193366,61.990566449602
33,83.01548512461599,61.99227350480995
33,82.98222158304162,61.99529094321941
33,82.96752091246488,61.96872266701975
33,82.99571595013778,62.01029585419599
33,83.00327299883628,62.040621194474035
33,83.00301401569098,62.03865979923513
33,82.98892752544198,62.04810187504113
33,82.98537089598975,62.033236410515684
33,83.01118801495906,61.990974687498095
33,82.994861038759,61.995377502368264
33,82.98458870053469,62.03932706744531
33,83.0066384068256,62.00399052506665
33,83.04780806667026,62.01330839307688
33,82.97958735306962,62.00846790604054
33,83.04020818825711,62.01491441664807
33,83.01808543452648,61.96837540266114
33,82.96074140260575,61.97808939695368
33,83.03001836664525,62.019551399393166
33,83.03813563214442,61.99889362904934
33,82.97954046948959,62.00549453070166
33,82.9934004622659,61.98286965382109
33,82.96234918778988,62.006874882800446
33,83.0184059527567,62.02193890096735
33,82.9711760008838,61.9606638760239
33,82.97156073863907,61.98407899528486
33,83.04610514029505,62.00788011894639
33,82.99401811055482,62.000425828188675
33,83.01031622980246,62.00188439079693
33,82.98622267504678,61.98881530815603
33,82.95499449972397,62.0170330487281
33,83.0392667099122,61.992977557552365
33,82.96343370739288,62.004798997562226
33,82.97866119714291,62.028630129074536
33,82.96613635557273,61.981583223421026
33,83.0055765286321,62.02597055284917
33,82.98392182195973,61.97710610588486
33,83.01348224454576,61.995530393465444
33,83.04835807847576,61.9876706405167
33,83.0239637340008,61.97329507187839
33,83.03398032364323,62.007260330449405
33,83.03008192598834,61.99261245621183
33,82.98183769846031,62.007012952026415
33,83.01782224627397,62.027460324320096
33,82.99679539463044,61.96271041555812
33,83.01958309026433,61.97317857164356
33,83.02368412960251,62.00818748383361
33,83.03016668709324,62.02167934676195
33,82.97664809625464,62.00384157424765
33,82.99107931189653,61.96431548597941
33,82.98018177801355,62.04157344666581
33,82.95248809791795,62.01023911756106
33,82.9714264074041,62.01813894251897
33,82.99900713280758,61.97787755841249
33,83.03690906533797,61.98485188900912
33,82.97930675974185,62.00193558227719
33,82.98507454368259,61.97926194289044
33,83.035765198637,61.98374657976999
33,83.0006759413274,62.048660104378385
33,82.99879206873726,62.00433685478408
33,82.9730671220494,62.01743749586157
33,83.04473761768472,62.019437669566976
33,83.02100984009975,62.03488647413356
33,82.99467096651415,61.98969319821326
33,82.98507403906082,62.00646395225384
33,82.96674766378096,62.00067241287656
33,83.03451506397818,62.01694188057737
33,82.99592175861223,61.98294651118368
33,83.03316702686254,62.02998909860269
33,83.0071791508502,62.038601228241966
33,83.03335207173203,62.033584831354375
33,83.02618505913496,61.979193777787884
33,82.9721335294222,62.02875811957157
33,82.9664205965255,62.036550896738596
33,83.00809375515499,61.966365215525286
33,83.04197546855997,62.020584206303475
33,83.01940377040962,61.98952691857036
33,82.9832609085192,61.99954462671669
33,83.01852054636838,61.99638801374155
33,82.95444596604773,61.981215986346974
33,83.02708906629621,62.02259091262926
33,83.03744606560583,61.99041631535253
33,83.02228285570646,62.00305559965248
33,83.03970128242833,62.024991401709975
33,83.03086302385537,61.982938114487084
33,82.96933749334832,62.025508196750174
33,82.9986947907442,61.97140051818566
33,82.96890344296399,61.97200919456131
33,83.01615279878627,62.03996117329276
33,82.99960787020008,61.975190212143445
33,82.98133958513763,62.02156522103445
33,82.9988480478806,62.03153011153311
33,83.03115391035898,62.012458697646444
33,82.9888941969143,61.9958809045426
33,83.02377439381179,62.0400894697997
33,83.0139947868982,61.970348875921
33,83.0189661784063,61.998050670834516
33,83.01277930641382,61.99877433072716
33,82.9999716847678,61.97337125446976
33,83.00611659465231,61.97237009853404
33,83.00553476047736,61.98057967804954
33,83.01007491662477,62.01940875921855
33,82.99150031664304,61.982999353405795
33,83.04404338795425,61.99180656222791
33,83.03455589050496,61.97127862532971
33,82.99118021538057,62.042763715616246
33,83.0169529585883,61.98802744649423
33,83.00575564579712,62.015811238403806
33,83.04281446710164,61.976226550984
33,83.04579861767853,61.982002046536756
34,82.99382853093492,62.02231946789589
34,82.99102787921365,61.99089011914794
34,83.04373077435625,62.00451429473146
34,82.97734527411274,62.027957712406014
34,82.96990147560615,61.970738097360694
34,83.02743933176409,62.02476549867872
34,83.00255091082714,61.960453544399506
34,82.97090075771833,61.98005573257492
34,83.01650305747502,62.001544051038096
34,82.9915412817853,61.995969952351736
34,83.01254646482329,62.01462285299493
34,82.99211173712877,62.00882386768001
34,83.0317753353957,62.00501777220954
34,83.01388242236538,62.04456782048189
34,82.98921116692398,62.04465499291053
34,82.96712369429832,61.97716706860906
34,83.01556693096354,62.000455506219886
34,82.9707762846532,61.974798981642344
34,82.99304433117788,61.96864461600117
34,83.01706533633252,61.99589286563838
34,83.01430422517775,61.97006072919655
34,82.96907922761794,62.01954857564993
34,82.96839054426786,61.97135964956171
34,82.98595768410608,61.95753443329335
34,83.04061442501951,62.00288988776134
34,82.99354572775817,61.95354571095659
34,82.9796949638946,62.040926709991524
34,83.00699477817864,62.02206631272604
34,83.01330199984767,62.03491191167498
34,83.0207281161289,61.99335866711056
34,83.03312711660242,61.978206671945976
34,82.97418003470372,62.028232981553586
34,83.00172097426437,62.01597973896503
34,82.96199390857778,61.99826919748383
34,82.98553636808884,61.96645996983439
34,83.0038544984808,61.970813369587695
34,82.96439776386806,62.0163159380858
34,82.99720371481756,61.98915406955763
34,82.95447444369422,61.99892251744314
34,82.9817433926812,61.99495073134213
34,83.0372456726606,62.013055267097826
34,82.98511669613747,62.04404255991748
34,83.0088614593699,61.95284686902872
34,83.02003035286634,62.00136709796106
34,83.04443594260198,62.018012674049885
34,82.99471864810948,62.001883970564414
34,82.99463681366049,61.954851035178905
34,82.98799984574164,62.0382739902437
34,82.98748665286963,61.99104805625511
34,82.98416551827452,61.99406520956142
34,83.03011864219212,62.02052077439512
34,82.98788417780976,61.97205589497693
34,82.97301953884846,61.983927283530456
34,82.99657885804382,62.0088707187673
34,82.98137252937275,62.03440997409807
34,82.98553833506233,62.01211997188751
34,82.96141619707643,62.026958314047796
34,83.00425677914815,61.95331169282189
34,83.0017303892551,62.00036908643439
34,83.01777988168493,62.00113436431151
34,83.0005319849916,61.98882556215235
34,82.95579049694035,62.01637835003497
34,83.02893119555516,61.998438643010935
34,82.96305356569711,62.02250755308241
34,83.0277114067855,61.97394132780479
34,82.9986481173591,62.006418024960084
34,83.01630796703012,62.00113340331118
34,82.98742182671525,61.985526440235326
34,82.95502974318453,61.99830933384724
34,83.03509026310176,62.028356415589876
35,83.00147404007377,62.00995079670139
35,83.02294420812594,61.98458262296262
35,82.9789614809249,61.986284142161026
35,82.98321187473591,62.009963453167735
35,83.00469951978653,61.960577255893604
35,82.98725456307226,61.99477649094639
35,83.00047366997765,62.001509014907
35,82.98776008196579,61.97158416261913
35,82.98106984635102,62.02310441165909
35,83.01124185188179,61.98917221505366
35,82.98519933480657,62.01143604230339
35,83.00515898739124,62.00843964298003
35,83.01677819522925,62.044977659254585
35,82.98987436088225,62.039300568300725
35,83.0459609045965,61.99476064875055
35,82.98917954125704,62.04566956454338
35,83.03079313342037,61.992877283134156
35,83.02034997798927,61.96939321191733
35,83.00264747092102,62.02737967365076
35,83.0086675671613,62.04009069841553
35,83.01659366071628,62.03983026084012
35,82.99601577782101,61.96618296790384
35,83.00362504317165,62.039085691406086
35,82.97031332022061,61.9965309155116
35,83.001063964921,62.03652461187327
35,83.0308674590888,61.999306753735404
35,83.0098236441802,61.9782994542691
35,82.95773439548816,62.01880960262232
35,83.00590299900668,61.97462117868659
35,83.02680702050849,61.978423340927016
35,82.99638805895879,62.0082799218947
35,83.02033474775834,62.03927289941033
35,83.00618633080228,62.030307342033815
35,82.97502419000884,62.033359758355246
35,83.01664368359313,61.959993862085554
35,82.98817824427219,62.0234101359746
35,83.00901870885548,62.03862618965451
35,82.95991390422367,61.984195438028685
35,82.98413996753959,62.00914676360518
35,83.01155966398773,62.03855349554623
35,83.02696764249198,61.97201638243994
35,82.9670971923438,61.96483677457632
35,83.00172038843941,62.03451452888433
35,83.03523853914605,61.96728756303503
35,82.97638771170095,62.00604335714678
35,82.96566234536135,61.99019342432591
35,82.98214770201304,62.01883918559473
35,82.96553974939772,61.972722948928606
35,82.98734562535606,61.98325634338332
35,83.0077464192583,62.00227718625161
35,82.99850333554352,62.046080383840966
35,82.96216321768253,62.0209384935052
35,83.01463402996814,61.99984153368485
35,82.98555477637113,62.00263260276298
35,83.00462801719422,62.04638868260076
35,82.97951480500359,62.019125061950604
35,82.9832609085192,61.99954462671669
35,82.99445534919076,62.004024333585534
35,82.96714844019259,62.02678755283902
35,83.03981830455973,62.021093091193535
35,83.00033936691942,61.98648511264969
35,82.96326218537436,61.971355006658044
35,82.97671094956145,61.97950657153358
36,82.95654368191357,61.9868902762551
36,82.96536319469891,62.01939873077325
36,83.0197724242612,61.98270020445675
36,83.0112267424476,61.98003596633721
36,83.02014361807927,61.97712811367575
36,82.9555333944698,61.997858630693955
36,82.99728828879441,61.96635099719364
36,82.9757753923456,62.017135041802135
36,82.96437606764252,61.97700500408446
36,83.02245436251289,61.98136802455382
36,83.02368410770983,62.032408498133364
36,82.97000628482206,62.03523133819707
36,83.04723148542459,61.99998980823756
36,83.011589656703,62.03258453449244
36,83.03484224415303,62.0025692322249
36,83.03398397609507,61.979198076851354
36,82.99065076024935,61.99635460970376
36,82.95620636596983,61.97904170274128
36,82.99595756985515,62.03449852518058
36,82.99809303811121,62.00266688088775
36,82.99197073977082,62.00368576815111
36,83.00393557971914,61.996389975001954
36,82.99784538143861,62.004451213089034
36,82.99749402472045,62.015161140140684
36,82.99690649990323,61.994257665185735
36,82.98668029396282,62.03973583308768
36,83.0271059163904,62.005818109108475
36,82.95466143544104,62.010283295409735
36,82.96994822353729,61.97036432501006
36,82.97072303921105,61.99904815667484
36,82.9769282078451,62.01736974109279
36,82.99036905204869,62.023862541914816
36,82.99264401555477,62.02516275317519
36,83.04649627945074,62.015167594541936
36,82.9950008441391,62.04531720796383
36,82.96200283493496,62.0287445105601
36,83.03486786974287,62.01992676277287
36,82.98250417134176,61.975410573751454
36,82.96592282726576,62.02146051759249
36,82.97625063478495,61.981146913712955
36,82.9975572271623,61.97087866280781
36,82.97460880156524,62.04266704162442
36,82.99079967217371,61.974458741547544
36,83.04103675747999,61.97490147326356
36,82.97143092266002,61.99793347226289
36,83.02921899225018,61.98292177180232
36,82.97249454164503,61.97106933404821
36,83.00521322488918,61.98147792789681
36,82.98215409851755,61.98997351793932
36,83.00922542969872,62.015503712687135
36,83.00058398230719,62.018380846413166
36,83.0091422530507,61.98718784659613
36,83.00634427393521,62.04176271043967
36,82.99491170296955,62.00830529817023
36,82.98476720692562,62.006243812251554
36,82.98344719710062,61.999117799843866
36,82.991147276963,62.00633693137117
36,83.03521980195283,62.0202433186383
36,83.01464838545445,61.988071592037805
36,83.04784953383452,61.98741450188978
36,83.00642666228106,62.04787973954533
36,83.0034978137314,61.97970561725706
36,82.9839770529492,62.000695732520185
36,83.03025203958346,61.96099642904927
36,82.96121548102275,62.00994605895597
36,82.99426250089404,62.03348477653624
36,82.98308680626349,62.01699324095093
36,82.99656298849055,62.01386190285467
36,83.02721274793868,62.01968763952136
36,83.00746683667546,62.01900960593212
36,83.00819051158953,61.96131555025314
36,82.98320799328408,61.99355676650226
36,83.01633380598511,62.01341498799543
36,83.01899922852246,61.9678886233957
36,82.97592290038229,62.02432762112143
36,83.0213470808173,61.98789883551113
36,83.0162914001742,61.98469235480732
36,83.01356524902378,61.99422222911207
37,83.00154329727509,61.99178593101369
37,83.04592365882662,62.00114494923993
37,82.97012239084626,61.971299846381555
37,83.02773637592392,62.02489265777921
37,82.98606541969447,62.04097019144593
37,82.99309694616825,62.0307871707452
37,83.01245506640569,62.02531826633986
37,82.99015416426107,61.95619533116351
37,83.00381633161527,62.01089485261067
37,83.007196827908,62.00102278409907
37,83.02402898930431,62.02630133487991
37,82.99484079929998,61.99313138012037
37,83.01957887197551,62.001205642051204
37,82.97845665030063,62.01612059576256
37,82.9626946126825,62.03192600251921
37,83.03950059946251,62.02222854251497
37,83.0047874415392,61.96107872237246
37,82.97497310720543,62.026727440931325
37,83.02168079206909,61.974437485221316
37,83.0002939370915,62.02915437404959
37,83.01840609934932,62.01148559438619
37,83.02170558878926,61.99914680926178
37,82.95858368747163,62.026905798435344
37,82.9869129601363,61.98081437555445
37,82.97961821002451,61.962053339597816
37,83.01769880560691,62.026221231469684
37,82.98248096024304,62.021365648353125
37,83.02198770321378,61.974316719069336
37,83.03331689127933,61.9746012405618
37,83.03003613541948,62.00998312804879
37,82.98041278117759,61.96356165397764
37,82.96066589980252,61.98443868173628
37,83.00457162205467,61.96274013226163
37,83.01920115205786,62.00177397785335
37,82.99914027085852,61.958675149907776
37,83.02458239449184,62.02010186875545
37,83.00162290770542,61.99005154287423
37,82.9976294653651,61.98487016699466
37,82.98493592536875,61.991161211560055
37,82.96907587261839,61.97653046178255
37,82.95535331015301,62.00721185782325
37,83.01684873237637,61.97215199596048
37,83.00818627094382,61.971026890841365
37,83.01730209818082,61.96966535672519
37,83.00747281391115,61.95964824905223
37,83.00242152284552,61.99903471816778
37,82.95923095979587,62.02163618980948
37,83.00190506861706,61.98103063785217
37,82.98831428911838,62.010930173746836
37,83.03486130234224,61.98261960599601
37,83.04579861767853,61.982002046536756
37,82.99139229800852,61.96210535831508
37,83.0252854120069,61.978556396376135
37,82.98893412163122,61.97950061517302
37,82.98087549741346,62.01220940805589
37,82.98284694452161,61.98070972260133
37,83.02826784598916,61.97475264304367
37,82.95889375157718,62.02530738418038
37,82.95691039716012,62.02358963322796
37,82.9813794251122,61.95374177454217
37,83.01181086089892,62.03006556251503
37,82.9638547678076,61.98454180665699
37,83.04149335980688,62.021736197664005
37,82.97780688141847,62.00303794520165
37,83.02020249924152,62.02289570148094
37,83.02977102018367,62.03147962634662
37,83.00356765188059,61.999834359833436
37,82.97849316446526,61.965718125078396
37,83.00839113666774,61.974108094951404
37,83.02221964472687,61.985220563640354
37,82.98124015579641,61.99543696268309
37,82.97553953879248,62.030713987665834
37,83.0170416062709,61.98604418642429
37,82.97798449557139,61.99463247554869
37,82.96933506019566,61.99939668600609
37,82.99349206421041,61.95856143258217
38,82.97415744040961,62.022607596086054
38,83.02731782131752,62.02789136995719
38,82.97758422809684,62.01218307983636
38,83.00536055583468,62.02678736611358
38,83.01371862822526,62.00011195625182
38,82.98596823841413,62.038349981153615
38,83.03408524272285,62.021012725493286
38,82.98546024868952,62.03328779618223
38,83.04220027635034,62.017626725014026
38,83.04340745258726,62.00752923476223
38,82.97357681699172,61.99861804133107
38,82.99385886690223,61.95703246617805
38,82.9718829409535,62.03300033884357
38,83.02671519137098,62.007841645926945
38,83.0345926485284,62.031354366163484
38,83.04388436658829,62.00131298888414
38,82.9981290430074,62.01436698239144
38,82.98305903479682,62.04213983764706
38,83.02325525382038,62.012089822275634
38,83.00137764625568,61.98332056890125
38,83.04129246508333,61.99855099265691
38,82.98062821582256,61.97723372358909
38,83.04260320205681,61.98720553555812
38,83.02580266193358,62.042458294606746
38,82.98556779605522,61.95544356488095
38,82.98951172561704,62.02167261577846
38,83.02480501693631,61.98166048211431
38,83.00617006470429,62.02818835894357
38,82.95119271150405,61.99816347954441
38,83.02134223641409,61.99705212713887
38,82.96739651577768,61.97839383502229
38,82.99320157190711,62.032628407544195
38,83.01955478320453,62.00431306592462
38,82.99537239639494,62.00855764664769
38,83.02331086064947,61.99141422196515
38,83.02635075441498,62.00360198115439
38,82.95459088222637,61.984563595225566
38,82.98944668225663,61.98592448866562
38,83.04384964664824,61.9832067932156
38,82.99999273207021,61.98003509274624
38,83.00554935253055,62.01570134618786
38,82.95323881446308,61.98955925405905
38,83.01867338663163,61.99889082008048
38,82.96244948034462,61.97563037207381
38,83.02465155834449,61.99121458203991
38,82.98685446942213,61.96576694665831
38,82.9852902267383,62.00237988522652
38,83.03756322539759,62.02847669547913
38,82.99056101805557,62.0058690838326
38,83.01315289005194,62.014742650361214
38,83.00545810195656,62.02052262127835
38,82.96515511738801,62.00378147186493
38,83.02009106765415,61.991685983041876
38,83.00746349916095,61.981335399878645
38,83.02159363807034,61.99834277508027
38,83.02609051601348,62.018756122525424
38,82.9615607469256,61.97188422092022
38,82.9605558363043,62.0156103008697
38,83.00484482110093,62.029547411582314
38,83.0095911543125,62.00911118026484
38,82.98866779337364,62.00333415820821
38,83.03354523030349,61.99332778584537
38,82.97261808204067,62.00210639012145
38,82.96263439394478,62.0117456158201
38,83.02961214310938,61.96140214070015
38,82.97319650937462,62.0033790685173
38,83.03211933046768,62.00790056403502
38,82.97880524592375,61.97663544950164
38,83.01561927980187,61.95913907897823
38,82.97438521803467,62.032093445650105
38,83.00477613025954,61.996085100952385
38,82.9831644847785,61.9977702850327
38,83.00496124708236,61.96469742123423
38,82.97317256755916,61.989520513039515
38,82.99435015679826,61.98412536371502
38,82.96616346551349,62.03239896893802
38,82.98353169326207,62.04677168753023
38,83.01071603950912,61.959339951355915
38,82.96991702224202,62.02118251093953
38,82.9762773938469,62.00732415826555
38,82.99789908953825,61.99704815775725
38,83.01833297649662,62.00227167853749
38,82.97113817794818,61.98191595568468
38,83.00183993959628,61.980506190546315
38,83.01550804243311,61.987502313886736
38,83.04446233109152,61.97971877483871
38,82.9637176443369,61.98146750374698
38,83.03063529010595,62.015851595492634
38,83.00278026076248,62.02309325528856
38,83.00103878354122,61.9862028091984
38,83.04079818937466,61.97828647890666
38,83.00959774399897,61.95412141142869
38,83.00179812596852,61.9548883035336
38,83.0083476303284,61.974992751382395
38,83.01363780934477,62.03673355632382
38,82.99970128366007,61.992170988884936
38,82.96713402710982,61.97918144312532
38,82.99748037697314,62.03885148817965
38,82.97851206626375,61.995970277930624
38,83.00156731937112,61.98657636053019
38,82.96960562620016,61.99814739812535
38,82.9585171266988,62.00363636962718
38,83.00278026076248,62.02309325528856
38,83.0159420075265,62.03803041937741
38,83.02077159606638,62.02263257687816
38,82.9959901257039,62.01203247697498
38,82.96357217841181,62.02106539777297
38,83.01498967961692,61.97099195715386
38,83.04889606449908,62.0074146465975
38,83.0179919546828,61.961965688027796
38,82.97241390902106,62.040195601449135
38,82.97941390464474,62.028659834068804
38,83.00581863345133,61.99686952859719
38,83.01348537117127,62.008320579700836
38,83.01682560747355,61.996613434011714
38,83.00999326239086,62.03134394601721
38,83.03761816631999,62.02720724586583
38,82.9912413068341,61.971570117210305
38,82.98893561791309,62.01281520107548
38,83.02462219767487,61.96742689552321
38,83.02077336321265,61.982797609251925
38,83.00692351355772,62.009322762788194
38,82.97872108768499,62.02371326506951
38,82.97517123467135,62.039167009331
38,82.95508681318807,61.98666091872643
38,82.98955860486313,62.00597236266861
38,83.02920278537226,61.960230371732465
38,82.96513586098322,61.98950714420384
38,83.01000054341536,61.98224702045913
38,83.00974861489563,62.04235702060611
38,83.00746349916095,61.981335399878645
38,83.01273145196733,61.952417565675624
38,83.02579016382694,61.96302257079519
38,82.97235175873925,61.98081899032608
38,83.02644422005118,62.032851903674974
38,82.96907350064177,62.015149271418174
39,83.04530988285543,62.010313096720736
39,83.01040044728464,62.0013571057534
39,83.02808135408733,61.98433922491317
39,82.99659264102243,62.009335702745766
39,83.02375512170526,62.01997137272827
39,82.98096809901175,61.983953860021494
39,83.0184059527567,62.02193890096735
39,82.98868390903647,62.01202838187535
39,82.97914640743001,62.016605486753285
39,83.04128655742909,61.99556063447446
39,83.02655932605343,61.977807173358016
39,83.02793061242731,62.0058685665985
39,82.9999716847678,61.97337125446976
39,82.9728532028131,61.95856214892052
39,82.98953678478567,61.95882558455664
39,83.01273564215194,61.99350948822904
39,82.98341220012706,61.986825929960396
39,82.98521799472593,61.98735722381553
39,82.99111383448178,62.04333606242016
39,82.98717482946458,61.95964505428978
39,82.97614377790804,61.96552027160903
39,82.99336171711329,61.96808390777334
39,82.96496186858477,61.98036986855688
40,83.02433887724602,62.002413430034814
40,83.04044217179882,61.98432568596395
40,82.95663675322925,61.99980353866861
40,83.03901258736441,62.003366530485536
40,82.99460220762475,61.99643744057572
40,82.9652475489858,61.97994134623588
40,82.9520068723055,61.99552430562914
40,83.00318135892493,61.9598065887065
40,83.02495298711652,61.97500895463077
40,83.0179899827854,62.0372010203127
40,83.0193719411575,61.990864503815985
40,83.01776879978466,62.04148251810742
40,83.02209268570219,61.955749616266445
40,83.01090123445192,62.04057500416736
40,83.02517067523625,62.03382345442734
40,83.01764116474017,61.98217825418619
40,82.96354705799189,62.032584314499914
40,83.03531559095882,62.017332711037355
40,83.00206186284552,62.00010130345574
40,82.98817579263503,62.02439162487521
40,83.0165820781942,62.01941641785791
40,83.02063139622659,61.956885465843804
40,82.98391790618504,62.00340245827662
40,83.02163327228315,61.96404125851298
40,83.0264413736983,61.99896243616313
40,82.99481391909728,61.96928015050557
40,83.00907531030671,62.03963564814488
40,82.95895696805674,61.972819314115476
40,83.0022176430095,61.990149019539075
40,83.00327565944912,61.99655853285393
40,83.02865267905621,62.01857464251573
40,82.97201026408058,62.03908160774194
40,83.02400563058971,62.0138176431171
40,83.0318573136491,62.01196339507713
40,83.04949923822022,62.002070659355944
40,82.99003773431293,62.030273169564914
40,82.98022277983422,62.016860775863975
40,82.98908347594114,61.9627438892288
40,82.99222612407152,61.960469813606224
40,83.0316918067848,61.99830333958298
40,83.01551279242638,61.96303393611875
40,83.01811736558581,61.966744420203646
40,82.97722218882281,62.021050748376766
40,82.97930484443252,62.017409648451824
40,83.01384696591963,62.00592747865241
40,82.98121147466725,61.95599540870628
40,82.97480986719597,62.04315268832522
40,83.03136045557157,62.00873246926533
40,83.00223444324115,62.02029366774319
40,83.03477975326497,61.98273012775188
40,82.96308803695386,62.02943968377522
40,82.99431883839434,62.014772430361816
40,83.0245216345476,61.9682059823671
40,83.0319674150098,61.973415793604225
40,83.03489985547274,62.015674454667916
40,83.01655916014167,62.02686700384363
40,82.9849194842515,62.00362093806331
40,83.00744378576695,61.99444783415843
40,82.97805927898041,61.99298950787013
40,83.005050382865,62.00378527712717
41,83.01614877626919,62.03998972125086
41,83.04558391927715,61.98414843556791
41,82.9797462795385,62.011328394105774
41,82.99079218454513,61.97968234609246
41,82.96107805402941,62.00719564123068
41,83.01846724024061,62.023668991907016
41,83.00308834154195,62.03885422555309
41,83.01826419038532,62.02454970086339
41,82.97059498954673,61.9737288057559
41,83.02493489767768,62.00912462163217
41,82.99782725623963,62.03378764951456
41,83.00922970400761,62.01666205046792
41,82.98333700083825,61.992944028775455
41,82.96095967781153,61.98266541223716
41,83.03423498118538,62.00199623155443
41,82.99850498270828,61.99567596447398
41,82.99299931473911,62.025975871515584
41,83.02443134984054,61.99983375679681
41,82.98734535942567,61.961022796079796
41,83.03203390626722,61.96625906248267
41,82.95416895735626,62.003210828169834
41,82.96181878187146,61.99575442660521
41,82.95344434168852,61.99573248341219
41,82.99262390619701,61.965649975353536
41,82.99291074468218,62.02205505635385
41,83.00205867610235,61.96819877648216
41,83.04020818825711,62.01491441664807
41,82.9886961535504,62.038231376233625
41,82.98078626144314,61.9782530322486
41,82.99767672327866,61.9526477602471
41,82.96615929619352,62.021180265981634
41,82.99376920267609,61.98170196152782
41,82.98164661675185,61.975047414924916
41,83.02280542289884,62.029878881199785
41,83.00277475373579,62.00763120681341
41,82.9839697091395,62.00601787413322
41,83.04927221673854,61.99850875523381
41,83.00189295387653,61.979702060909204
41,83.01080309168559,62.03449318713156
41,82.9711015814462,62.02542153124649
41,82.96167075240616,62.020131235282015
41,83.00047155850334,61.97086876865652
41,82.96474674640655,61.9882776392189
41,83.01690852350289,62.01313776837245
41,82.97603648208002,62.01608358762351
41,83.00987505728982,62.00677332705467
41,83.00911714168564,61.96940381111654
41,82.98323024721263,61.981958264088505
41,82.99497882807525,61.965653457480514
41,82.97847522506888,62.03722541770342
41,83.02104871189702,62.01417998698076
41,83.01129346802446,61.998912402712804
41,82.96384042883915,62.01133542645418
41,83.00160747766508,62.019704860644794
41,83.03109940166114,61.98658732044746
41,83.00365265407689,61.98163365519099
41,83.00473855625998,62.017130934538706
41,82.95954459819241,62.02643144075318
41,82.99261630402479,62.04917911613913
42,82.98999385452774,62.047317942461916
42,83.00731945874321,61.98074430669226
42,83.03398541644489,61.983821783020055
42,82.98903958502234,62.03300837512637
42,82.9879147412839,61.981463097608795
42,82.96945689417298,62.03200342568686
42,83.0127550277892,62.015143777525864
42,82.97606761121824,61.96259861707074
42,83.00204600340375,62.019658066350345
42,83.0116231111305,61.973697312432265
42,83.00029138200047,61.99522961929929
42,83.0280520416683,62.039651232976915
42,83.01216707372289,61.959499138611534
42,82.99589883973833,62.00583582428875
42,83.03498542643582,62.00132259034818
42,83.02020957614629,61.958493182755724
42,83.02734057733211,62.01045207628984
42,82.96256702156465,62.02935538972561
42,82.9859801696238,61.96340289762568
42,82.98355576962618,62.039704547674994
42,83.02742510094727,62.02700631985362
42,82.98894562811505,62.01636528059779
42,82.98120036564224,61.985415422046074
42,83.0246989784969,62.04014469213823
42,82.97310066536956,62.02760415394729
42,82.99466196780318,62.02432056637407
42,83.00148912531006,62.02312615721271
42,83.00285441503773,62.017413287423494
42,82.99031037258828,61.987033641682444
42,83.04243589483366,62.01854848140792
42,82.99870500340961,62.03806178077454
42,83.02597559754766,62.02733963711474
42,82.9847570541322,62.02394822253324
42,83.04103761654872,62.00595762030555
42,83.02477308173674,61.959980246350455
42,82.99227444896155,62.02215478098634
42,83.00085297992848,62.014811106360575
42,83.02077132525656,62.00869048579871
42,82.95429281356084,62.01190445597295
42,82.98939468906758,61.97964842146864
43,82.97922359190342,61.98347036502709
43,83.0259199318214,62.042417086027896
43,83.0142756849695,61.96354336419163
43,83.04687229392917,61.98331138760377
43,82.98250927570926,61.999104218206426
43,82.98941299851886,61.990309229012546
43,82.97438564317544,61.9837763886027
43,83.0001138507423,61.980573611581036
43,83.02594673826805,62.00806228095967
43,83.01993563242245,61.99226717257772
43,82.99860520019463,62.00980782965932
43,83.00242879916017,62.04032410952322
43,82.98421778458261,61.985283761738366
43,83.02747879409091,62.01004292340831
43,83.0115265393477,61.95891483047867
43,82.96221855219736,62.009991610336535
43,82.98031074165489,61.95637600834105
43,83.04071490416364,62.023558950567306
43,82.99793363907888,62.046466596486646
43,83.02362018466704,61.98950327559137
43,82.98570241529325,62.03574693826934
43,83.00522408801184,61.994325557940144
43,83.0058565225382,61.99831800150998
43,82.98416551827452,61.99406520956142
43,83.03307497106458,61.96268862697228
43,83.0166402092215,61.99246363177697
43,82.9915412817853,61.995969952351736
43,83.01380245423448,62.004969216667604
43,82.95974460674455,61.99811270126499
43,82.98416551827452,61.99406520956142
43,83.02056777383824,61.97438232837164
43,83.04555454195395,61.98989795304153
43,83.0099045444683,61.990286007999934
43,83.00385593044334,61.95253141612351
43,83.01725874632388,61.95342121813547
43,82.95409749915892,61.98436169382357
43,83.04590041905206,61.998682257868175
43,83.02227409530612,62.03556880451391
43,82.99169841788031,62.02632539988791
44,83.00389708819009,62.01490289172481
44,83.01744766076959,62.02327042473654
44,82.9762790028377,61.978921218066574
44,83.02384308216824,61.98266762738914
44,83.03954635530502,61.97715552878475
44,82.99165455528875,62.01119996053314
44,83.00329863056821,61.963080284205276
44,82.98794752071306,61.99057235899769
44,83.02572567713175,62.026996441672736
44,82.9954476477378,62.01261986256113
44,82.9959318097299,62.00962535366298
44,83.0221006347909,62.00435355747323
44,82.95671553551024,62.00737844818936
44,83.01880883771152,62.00422857841289
44,82.988260363419,62.02246535682789
44,82.99487963080304,61.96435263088735
44,82.98515348561918,61.982610931119595
44,82.98837154292252,61.95687677016598
44,83.02060143268928,62.007145161394774
44,82.96894351363905,61.96416866762683
44,82.95515491205126,62.01583804599318
44,83.00696329624866,62.01204312359195
44,83.00303942774133,62.02103358362184
44,83.01720922899408,62.01048355419756
44,83.03949402313962,62.00497457022741
44,82.97934253671534,62.00016639640717
44,83.0188968498148,61.958715546783694
44,83.00623879419447,62.00326691056022
44,82.97281987897794,62.03283816354555
44,82.98741807009895,62.01036314780937
44,83.00592000815043,62.04787415415967
44,83.00347905041562,61.96137510564067
44,82.97828231030655,62.03700215572692
44,83.01901897081993,61.96407288851702
44,83.00756424994329,62.012721037356066
44,82.97994368780115,61.99325719388857
44,82.9831644847785,61.9977702850327
44,83.00824718318684,62.04310048285003
44,82.96513011098469,62.00981977509608
44,83.01991252034628,62.032170933356014
44,83.02214189154306,62.044241902133216
44,83.0375830542898,61.977158339148566
44,82.96952344877131,61.964558307708465
44,82.98093413070679,62.009429203046466
44,82.9863576922197,61.965563441411334
44,83.00040163151786,61.96748912641008
44,83.023961576397,61.98160821320432
44,83.00153841793737,62.02695554954643
44,83.01188169923118,62.04647444963408
44,83.03013304139813,61.994381363735044
44,82.96535769578668,62.03546038164932
44,83.03237512845524,61.98651493899286
44,82.98194136891834,62.009535449458305
44,82.9927345577962,62.02187049505732
44,83.00827060943284,62.015324829280985
44,83.03230360041564,61.98494389338927
44,83.04461968924878,61.99828575280967
44,83.01346654976228,62.02743224720238
44,82.97429949284421,61.96106566458676
44,82.98422656451231,61.9614297387125
44,82.9770828716024,61.99628485087554
44,82.96612469755934,62.01057194029279
44,83.0450008017586,61.97836284083469
45,82.95248809791795,62.01023911756106
45,82.97787552449994,61.99151910630937
45,82.99746277326743,61.9960209671914
45,82.99317212390288,61.95779851516096
45,83.04214872432036,61.99095263191944
45,82.97017196835462,61.97556499242247
45,82.99101609927999,61.99035283308764
45,83.02141510895257,62.003588935586045
45,83.02584545346542,62.03374465112703
45,83.0326286693966,61.975443058398284
45,82.97087405870772,61.96484634656733
45,82.99683546940012,61.98679258560358
45,83.02237603735759,61.99868433770222
45,82.96552668022012,61.97534188275289
45,82.98876393366741,62.04831948086625
45,83.01596135991095,61.98253189844489
45,83.02071829171021,61.97427634707731
45,82.96945757565874,61.971359584471536
45,82.99665519000997,62.03331297409156
45,82.9618090423286,61.98691689468592
45,83.03634819252031,62.017992011256226
45,82.98539820121195,61.962251453847806
45,83.0175224768913,61.987547498345705
45,83.0008577067918,62.0330146541743
45,83.02385933089465,62.01483447749356
45,83.03664976194605,61.97750749618795
45,82.99804931497675,62.00286043077448
45,82.99258565330115,61.99473588357458
45,82.95916412899504,61.999396640215046
45,83.02697488188602,62.04025116646968
45,83.00738064997864,61.97590984649432
45,83.03204249632529,61.986821292753916
45,82.97100887714558,62.03535789641356
45,83.01339357217768,62.0142377882641
45,82.9986610736235,62.01770467676475
45,83.03012173425047,62.02303038825368
45,83.03046189776929,62.009260887734484
45,82.96163121035401,61.99042638375409
45,82.96789802902038,61.99162681267541
45,83.03352715662247,62.006486421867386
45,83.03613060986424,62.02944601307273
45,83.02428378130395,61.9637199365544
45,82.98719431904468,61.98059242877761
45,82.9680994090664,62.03392591809864
45,82.99981994638746,61.99383171701321
45,82.99212695926744,62.01868693143626
45,83.01697191507336,61.96826907798718
45,82.97894964859793,62.01502181025065
45,83.03627348032146,61.984830792935604
45,82.9728285006096,62.01208341790422
45,82.99455983091339,62.00355898714746
45,82.98516516362584,61.96285458297508
45,83.03117344965882,62.018464567999594
45,82.98651502321215,61.97295396678617
45,82.9890893695046,62.03938011617672
45,83.01049581888607,61.9545379713197
45,82.97223977630524,62.01205181977495
45,83.02115614597204,61.99879690588496
45,83.01958079142236,62.0308089058284
45,82.98118897822688,61.980372535880925
45,83.02842042318522,61.98444031167407
45,82.9823175526444,61.98276498166396
45,82.99447867034016,62.038503820580665
45,82.97161909649353,62.028642615048696
46,82.99159614530039,62.008278531724756
46,82.97369318542003,61.95882476466928
46,82.98041110859495,61.98123207568815
46,82.97048469501503,62.03722240621335
46,83.00827060943284,62.015324829280985
46,83.00571328299779,61.961963033087336
46,83.01385418187125,62.01168023066239
46,83.00520299552407,62.026541288439134
46,83.03864784832348,61.990410873365185
46,82.97298169983563,62.014942041417115
46,83.02182956161728,62.00638375130964
46,82.9912602597307,61.99314218695046
46,83.00950398986386,62.03383848979345
46,83.01900446611647,62.01620655933459
46,82.97652230678445,61.959055698156874
46,82.98793415942829,61.98541853804065
46,82.96790786852517,61.99075946688564
46,83.01687467921884,61.95671914351777
46,82.98367207012024,62.024560738517685
46,82.99530706659458,62.04738788156289
46,82.9929379921626,62.001144284606454
46,83.01028011244189,61.98774392490994
46,83.01939293890472,62.00584287290193
46,83.01315322489629,62.016077208815425
46,82.99318493876032,61.98176317407476
46,83.01596305621486,62.03839919727678
46,82.98009787973172,62.02484816514577
46,83.01147835965594,61.95303227416438
46,82.95861097005955,62.01919848232287
46,83.02803671016822,62.035577830066735
46,83.0269203342354,62.019774132980906
46,82.97095466833012,61.971791420324564
46,83.00347779032859,62.00506730370844
46,82.97400501752865,62.022111078852824
46,82.98531302380887,61.961434358616124
46,82.98032179473864,62.018164201991574
46,82.96910709151949,62.020264898662944
46,82.95719521273071,61.98990525703666
46,83.01703305283111,61.96349872085849
46,82.9846359757936,61.98328710415922
46,83.01371038673021,62.00266147316154
46,82.972854013036,62.029333108636365
46,83.01254599641159,61.99209481810768
46,82.99258080091396,61.99289682120575
46,82.97763473049152,62.003876559461666
47,82.9790714657833,61.9883492749043
47,82.96744366808704,62.009741876869775
47,83.00682043437162,62.0151123914235
47,82.97317926643163,62.03949575126759
47,83.01036473406944,62.03962115326497
47,82.98347489019278,61.99190533381182
47,82.99640038208258,61.95583604124633
47,82.99506892367647,61.9629953702298
47,82.98487194098821,61.96573767704603
47,82.98912964803088,61.98251800882224
47,83.03327483151168,62.01946455812733
47,82.98703094854272,62.021265198551866
47,82.95863195360462,62.00764637378051
47,83.00123701307713,61.98705880702729
47,82.98206045575802,61.95961914123724
47,82.99349164281506,62.0148996323408
47,82.98834558969877,62.00556242255793
47,83.01040032615735,62.02981060330091
47,83.017818715796,62.042208077726045
47,82.99842657895267,62.03575497007374
47,82.99907920269675,62.04412045931758
47,82.99536444868632,61.979048171943326
47,83.03024920393233,62.00290673609983
47,83.01468841504257,61.990760717141406
47,82.99199891467151,61.99117747498562
47,82.96666557099682,61.98217362875937
47,82.99990295644452,62.037461676204806
47,83.01259688954381,62.00727617487463
47,83.0459609045965,61.99476064875055
47,83.01232489746086,61.95698742714863
47,82.96604780314671,61.97504722073346
47,83.0081127212186,61.9999618186042
47,82.96161677284614,62.02617345025559
47,83.02408327080822,61.975293941980915
47,82.96639378138816,62.02281804236185
47,82.99640562014108,61.98093683491824
47,83.01912603255188,62.03909860805521
47,82.97662546499717,61.983711608896364
47,82.97050715761064,62.006775931051344
47,83.03870182261228,62.00524504440261
47,83.02510172350583,62.02660146278777
47,82.98364328143779,62.02714142957511
47,83.01733468178702,61.95848399240822
47,83.00444869523051,61.994125986772566
47,82.98620338150153,62.04064488190631
47,82.97536204543786,62.038408126838085
47,83.03874972466357,61.98132664480629
47,83.00624474934713,61.996279639758626
47,83.02862531995108,62.012937013877334
47,83.00846885579477,61.95288095646462
47,83.00677716218141,61.99391351415616
47,82.9623737655945,62.001220150905034
47,83.01168709440311,62.03528934159644
47,83.008530124419,61.99327796411888
47,82.99655750014014,62.02767298320194
47,82.96200283493496,62.0287445105601
47,83.04836686414666,61.994111102509414
47,82.99388557484416,61.98352813307579
47,83.0231854699611,62.03976895187591
47,83.04275598439085,62.025226397665065
47,82.97372439874451,62.0184107029203
47,82.97800044529724,62.00997914767815
47,82.98681860619895,62.01812798802545
47,83.02750521211003,61.998312269883904
47,83.02540508711148,62.003836918694255
47,83.02393147929166,61.993965098247756
47,82.98093117697799,61.98744206742307
47,83.01891458435024,61.99974654021773
47,83.03645943077639,62.00681430455143
47,82.99518025943017,62.02146286312067
47,82.98679354227724,62.04622152265993
47,83.00612550923611,61.993725935768886
47,82.98213311601151,61.99793306786977
47,82.98125002638315,62.0231543814193
47,82.96627020287804,61.99291882677174
47,83.03934817186654,62.01927097167174
47,82.99186714256636,62.00885439976725
47,82.99687585888387,62.010950906375484
47,82.96116749936238,61.99670505778999
47,82.96131633237142,62.017661022602496
47,83.00415237500442,61.9659760875847
47,82.96834370731435,61.97737697608477
47,82.95856544898523,62.01049616160971
47,82.97806338021408,62.03011690686406
47,82.99971113350654,62.015396247100725
47,83.00978336833413,61.982993199908954
47,82.99728828879441,61.96635099719364
47,83.02295439161834,62.02397350282673
47,82.98822812563796,61.98648889059823
47,82.97745711276757,62.02607762969146
47,83.03489506124183,62.00128139951616
47,82.9722915510766,61.98299205369435
47,82.98350844551501,62.04085827963964
47,83.01399205551877,62.031882298674454
47,83.040494483136,61.987777025373056
47,83.00543537588801,62.04812137654879
48,82.99925955652067,61.985440570777406
48,82.98945833676555,62.03857100472039
48,83.02808347296427,61.98206130723533
48,82.98752274263214,62.03427065211042
48,82.96868704710481,62.02075459455696
48,82.99132462921357,62.0378989898227
48,82.95176242396049,62.00182890339268
48,82.991286954248,62.00770114059911
48,83.03175599625985,62.01552343527266
48,83.00094151052554,62.00462378592254
48,83.0289561330246,61.959391272449025
48,82.99483783575707,62.0239273901713
48,83.01382765504665,61.97940383247667
48,82.96504198879673,62.00300779944939
48,83.00652102124643,62.01333556473601
48,82.99269460296868,62.01604752285461
48,83.0059744352926,61.97959505309555
48,83.00634571097109,62.00988991506543
48,82.98744611789681,62.038053273628904
48,82.97523249067231,62.02031797779449
48,83.03204630309273,61.991103169496434
48,83.02684991260995,62.01696420805723
48,83.03947671250553,61.99925336515745
48,82.97989789669525,62.008450478289646
48,83.02115583884432,61.9916344228249
48,83.02334352422429,62.03473511309506
48,83.00821993719855,62.00373711244937
48,82.96737729757544,62.02530950490484
48,83.01534451853144,61.97088180796305
48,83.01869180425842,61.99071115743278
48,83.0271658934022,62.02163127422774
48,82.98667548680288,61.98676602793202
48,82.96662137539741,62.0205782125536
48,83.01841385943658,61.996564289385844
48,83.02040829588798,61.9713850695519
48,83.04640160719043,62.003277882252895
48,82.99430667177792,61.971606504322594
48,83.02024634266645,62.011562669658
48,83.02074137722775,62.00610793700433
48,83.02648385589534,61.96164087396859
48,83.03022750761455,61.980086753265255
48,83.03223035918909,61.96790435075283
48,83.01077441618246,62.02208160739801
48,82.96128015109839,62.00808534636215
48,83.02901770001803,62.01741224958215
48,82.99469884085238,61.9993225355965
48,82.96883888229483,62.019023438618625
48,83.02874378044073,61.976681450589645
48,83.00897943539441,62.018346120942724
48,83.03511152345445,61.99029965886157
48,82.9826079986559,62.00941360067598
48,82.9658418645333,61.96804076140562
48,82.99045651972433,62.02863165682849
48,82.96179404406902,62.021413509809626
48,82.96585454484618,61.98134254237974
48,82.96995712777881,61.97279326346573
48,83.02010305863858,61.997125923298704
48,82.97366638568555,62.02028256497948
48,83.00568182880443,62.00410371240376
48,83.03630822315303,61.973104736031694
48,83.01995298311071,62.025819429612
49,83.04260320205681,61.98720553555812
49,82.98753870674379,62.03258102016302
49,82.97063652487388,61.974108302016454
49,83.02422519597958,61.97042650498428
49,82.96162502441487,62.03145967981838
49,82.95630072101365,61.99325896848056
49,83.00636028103808,61.95993395071017
49,82.9910533649174,61.99715474906886
49,82.98091747403258,62.00117879367997
49,83.00149226633283,62.008915497002725
49,83.02215806695469,61.98463381507197
49,83.03206519822439,62.03815668097292
49,82.95713692289092,61.97485267068955
49,83.04425454867604,61.984180043602606
49,82.99743890149598,62.00891430363013
49,83.04309460215799,61.98854646170655
49,82.98242638329053,61.97264094806923
49,83.01227475248497,62.014724645225726
49,83.01429755001602,62.02763615150257
49,82.97631131312323,61.9619644131521
49,82.96442617565765,62.00719646361479
49,83.03481698294704,61.988237146871846
49,83.01716946768526,62.01172318682053
49,83.02562178467575,62.02090761203012
49,82.98725052525666,61.97021719665175
49,83.00094973126616,61.98437013793241
49,82.99513570981424,61.98190311480073
49,83.01192552107878,61.980498849518625
49,82.97458141308194,61.9930303609561
49,82.96216854031697,61.97238057973067
49,83.0093166699294,61.95601301996203
49,83.02408993491824,62.00098531426981
49,83.02968242364368,61.98238295972309
49,83.01793509915906,62.03881351899915
49,82.99972738997585,62.01309061432827
49,82.97987674310323,61.999002758289244
49,82.97344131945526,62.03265848144906
49,82.96310820742478,62.00081679111949
49,83.02467100658296,62.02165830777678
49,83.00847889169629,62.045619801405664
49,83.00618971377278,62.01600987186561
49,82.99205855746447,61.98235812095482
49,82.9689906659246,62.038502730827354
49,82.98083732333386,61.971273811483506
49,83.00800570344771,61.98416018401015
49,83.03621018784006,62.003009180061504
49,83.01019229637167,61.99626942239183
49,83.00731914821044,61.98549703197436
49,83.00613939461564,61.995058567357326
49,82.97639368845417,62.01297589798416
49,82.97228871914947,62.03954072886657
49,83.03012870121141,62.002170160881526
49,82.96665434045713,61.972733471003885
49,83.0331493749784,62.03407924857403
49,83.02880303545152,61.99070080722068
49,83.02536082371525,62.02574390677313
49,82.9688739135336,61.9755258712712
49,83.01813562604798,61.976973758356095
49,82.97715905648435,61.991944008847305
49,82.9617490970362,61.97638442027659
49,83.01807732015114,61.997684842805775
49,83.01752678201589,62.014761650748234
49,82.97127264471438,62.03030213022892
49,83.04264962306569,62.00212928339569
49,82.98676591393283,62.0355997218373
49,83.00204968935718,62.04051125578477
49,82.98825830315957,61.99001141610232
49,83.00519406061139,61.96901879166254
49,83.03774193863181,61.98800381307239
49,83.01144105493356,62.02127410428197
49,82.95889375157718,62.02530738418038
49,82.99475928085275,61.977815538282115
49,83.0248665607089,62.029848323930835
49,82.99620092902683,61.98521989339357
49,83.04240263705577,61.97781450748692
49,83.00558671450986,61.957799491179834
49,82.99197360419787,62.029038831534336
49,82.97482850443424,62.01408061057323
49,83.02574114222357,61.958661186949804
49,83.01858837753338,62.02216426580152
49,83.00819029082734,61.983307293684696
49,83.01646497989766,62.013023188005214
49,82.97058827186703,61.977464668825164
49,83.036491030947,61.98154389879659
49,82.99028742917314,62.01764355329572
49,82.97669655755634,62.01586992745906
49,83.03581630909635,61.98310362950808
49,83.01137093297426,61.97442487140575
49,82.97540927967725,62.02475578388691
49,83.00055020377393,62.03328215302088
49,82.98172400044669,62.01214830305625
49,82.97338499280485,61.96889306475357
49,83.03942199424668,61.982742176618395
50,82.98325663000209,62.03345626645062
50,83.00991502724708,61.97252409569272
50,82.95775065406984,62.004518486510484
50,83.01938512653334,61.97846053712812
50,83.00291380811778,62.03788706862928
50,83.02837494539374,61.98686406282627
50,82.98836341211472,61.97381517384854
50,83.0027272667944,62.01000395504872
50,83.01252845819296,62.00714203246667
50,82.97569091775824,62.003382887262774
50,83.02940327469155,61.98530126462646
50,82.97014869681632,61.96858233086753
50,82.98995755214817,62.00142505252257
50,82.95467413826195,62.01574968333385
50,83.02594545818644,62.03312692502387
50,82.9999716847678,61.97337125446976
50,82.9880629845676,62.02475343305133
50,83.01173163684531,62.02692577168888
50,83.03285891781874,62.035154865521754
50,83.032880569653,61.978469696592555
50,83.03044696441945,62.01056157752061
50,83.00475318408819,61.985186329602435
50,83.00472633450983,62.02866261809844
50,83.03144010123249,62.027583553270304
50,82.97944766396986,61.99763229036573
50,82.99520060922525,61.97784237503183
50,82.99311196474072,61.968019164322236
50,83.00334157918273,61.99666359118961
50,82.95076821361805,62.00630404405338
50,82.98758324047873,62.028491410442385
50,83.01642818695501,62.02071279129579
50,82.9789519621787,61.97764190157092
50,83.02274696915967,61.99074983981057
50,82.98118987930283,62.036627333283874
50,82.96432282460465,61.994671507821266
50,83.00032958528115,61.976613744052855
50,82.95530213430641,61.99058789575829
50,83.0082634668552,62.02429690727912
50,82.97124267281399,61.97348638699274
50,83.01101376384281,61.98847575190899
50,83.0289096837944,61.98537735826171
50,82.95474233408059,62.01533973985374
50,83.04030417757852,62.00239576699687
50,83.01890174129296,62.005383256123565
50,83.03144168667016,62.029384892995466
50,82.99518510254835,62.01167133550913
50,82.99611204717468,61.97456543630502
50,83.01229316175916,62.03302631322969
50,82.97832960816928,62.00647755515406
50,82.98881813330834,62.03268733222804
50,82.99251789325093,61.979856196215835
50,83.00283048217962,61.955782498822295
50,83.0013339189597,62.008653966607206
50,83.01913537614537,61.98002664390602
50,82.99510951065865,61.97635868591594
50,83.03971220441893,62.01227043114279
50,82.96303344511757,62.027225697569584
50,82.98825176689287,62.03676022354899
50,82.99900593608758,62.00557352285097
50,82.9660014879372,61.99457205060917
50,82.96303149853507,62.02249141477542
50,82.96917864974868,62.001785917679335
50,82.98636498690448,62.02610342389907
50,82.98040875177227,62.00691037323045
50,83.00552394438735,62.01538434384937
50,82.96185554656311,61.975299035132494
50,82.98168758667065,62.02201807118565
50,82.97415744040961,62.022607596086054
50,83.01726265168972,61.966970031891606
50,83.01993437843815,61.96739718393168
50,82.99458105884818,61.996803714687985
50,82.98492873973716,62.02188996375426
50,83.00215746909797,61.95593505787092
50,83.01242878884636,62.03813365086192
50,83.0056499488879,61.98614527879271
50,83.00969120322512,61.96892351628659
50,82.98414128683245,62.012613658084774
50,82.98122157853022,62.00345175225283
50,83.00443796789641,62.02207761473585
51,83.03270176487912,61.9945540957297
51,83.0091422530507,61.98718784659613
51,83.0223934761629,62.0232844121437
51,82.97797855593733,61.984003216854866
51,82.95031792259678,62.002952867837585
51,82.99017359407037,62.00443630601316
51,82.99730380286987,61.975484605383436
51,82.97630096695123,62.0328096494259
51,82.98832952023565,62.03842853677504
51,82.99101259895318,61.99353124743476
51,83.02259137355436,62.018364158895864
51,82.97860806545941,61.962020461826
51,83.01354315175455,62.01958531993956
51,82.99283144096326,62.00081709245187
51,82.99273524707978,62.013181296290476
51,82.99244352617835,61.98557917285529
51,82.98079929364803,62.02771740524347
51,83.00904044456226,61.951118795976996
51,82.97012016849008,62.025616980065564
51,82.97191549803749,61.978230463566334
51,82.99551442905259,61.987257709435596
51,82.96064315114228,61.972925622447306
51,83.0281535182456,62.03079736350376
51,82.99720635930392,61.954242040698745
51,83.00897650616497,61.984881666313214
51,83.02351152274794,61.96307629056816
51,82.95964721785147,61.99937346752263
51,82.97507843408499,61.99906828072022
51,82.97729269971946,61.98999731094948
51,82.99998473812593,61.96177372019697
51,83.0391412890068,62.01309308087375
51,82.99203896663613,62.04107018675716
51,83.00474152522419,62.02360839955169
51,83.04634624205583,62.017859638148266
51,83.00513858389253,61.992236755027
51,83.02522627527827,61.97893112169231
51,82.99388635248489,61.97629370107538
51,82.96090460175054,62.01581004654022
51,82.9836591732567,61.983710628708536
51,82.98769392551009,62.015047503044926
51,82.99458987167107,61.999143782006314
51,82.98341393435167,62.01563273783942
51,83.03446422926152,62.01724313433494
51,82.99019243738825,61.97927108207741
51,82.9986406939025,62.00453761705504
51,83.03113235484986,61.99929961643206
51,82.96049528405617,62.01294888703417
51,82.98618082742829,62.039780503602124
51,83.01631165761962,62.02390014690707
51,82.98222730045845,62.00285569005691
51,83.0015535785821,62.0448676783959
51,83.00852557023619,61.990751583687086
51,82.97031068423551,61.961834553179344
51,82.99263880202427,61.97493468708368
51,82.96795060054684,62.03265873110566
51,82.99971453206722,62.0428929456732
51,83.01284619051249,62.01810421279052
51,83.0283789032787,61.99614676692463
51,83.01428116263666,62.00744289334844
51,83.0199165048625,61.96250228470391
51,83.00639073066056,61.95743143487901
51,83.00402303942482,62.02378302479855
51,83.03108883595614,62.03302461719903
52,82.99156387383515,61.994873665799105
52,82.99763255803195,62.01968788588034
52,83.02435145042512,62.015316248277394
52,82.98558307548154,62.008586514163675
52,83.02615728925156,62.004923554765625
52,82.99703669559806,61.98277116975237
52,82.98085325846628,61.956683368278945
52,83.0335157023496,61.98186359702135
52,83.01497691918398,62.0233265524581
52,82.96921564076453,62.033492822800795
52,83.02524672444345,62.04187301181702
52,82.9817370781788,62.03273231150083
52,83.00332625531333,61.98852062844329
52,82.95221796602304,61.990083642203196
52,83.00417080938765,61.99366007567147
52,83.01429078622813,62.04248984539792
52,83.00272783433768,61.95048529447684
52,83.02576713053121,61.99675417043067
52,83.01710444821381,61.99750807091453
52,83.01296222873886,61.95315143063755
52,82.99001552750657,62.01962066587285
52,82.98631090202885,61.9828450217114
52,83.00620106257477,62.01754332873201
52,83.04372019769639,61.987449619184396
52,83.00895985045139,62.04065836811809
52,82.98465028772081,61.968066260820514
52,83.02442714793752,62.0307732988953
52,82.9526705687578,62.004591995554385
52,82.99350407780364,62.018081941822246
52,83.03341591563162,62.02304099811471
52,83.00540951733119,61.98680074413309
52,82.97932418006472,61.982395635498584
52,83.00611537233974,61.969010374607684
52,82.97884550412351,61.99042656105986
52,82.97254502215762,62.029785019035025
52,82.96016447019113,62.00863570075157
52,83.01078826577438,62.02587522531679
52,83.04622743864802,61.990175031513616
52,83.00321608770543,61.98545655893824
52,83.02075827749313,62.030212219947224
52,82.99645864129371,62.00111372225266
52,82.9610126703425,62.010771335928304
52,82.99006211510037,61.98754492971063
52,82.95571808894849,62.014571550331446
52,83.03669815510273,61.967076969901264
52,83.00102963183599,62.012874136288275
52,83.03418737613127,62.006959897438
52,83.01194676012265,62.04608456192535
52,82.98781277044725,61.9768486380204
52,82.98966094268546,61.96876345531604
52,83.03769252368704,61.986428407487054
52,82.95652270583115,61.9983018944985
52,83.02071359339085,62.00449533503467
52,83.00713550782596,61.97885467964617
52,83.01273184730763,62.04298433550128
52,83.03523525086445,61.96928361781538
52,83.04330414470623,61.986384538516035
52,82.9850602540124,61.99729182076577
52,83.01947255737441,62.00433715761386
52,83.0172266317664,62.00136429033013
52,82.96591255037006,61.98848641630863
52,82.95502151097345,62.02010614755411
52,83.0184264038865,62.01003841008162
52,82.9940590421007,62.03519314313593
52,83.01791686391175,62.00132338376703
52,82.96667416858452,62.01047355347132
52,82.98758996337904,62.03963750657882
52,82.98381729107085,61.984731902364594
52,82.988260363419,62.02246535682789
52,83.00418193303274,61.98250493633846
52,82.97358074322466,61.95793018051148
52,83.02514597548104,61.963536080388806
52,83.02139902610857,61.96823499363482
52,82.98522916143433,61.98579724200522
52,83.00561874732297,61.9935608971181
52,83.02179739840595,62.00237172677877
52,83.00265927422164,62.04380957029292
52,82.98229773383756,61.98755650456462
52,83.03096225628505,61.96294932370547
52,83.01685817867538,61.96764488511046
52,82.98100408480828,61.96530271082949
52,82.97380946709532,62.010739960329225
52,83.01978680958027,62.011054513470974
52,83.02924794024237,61.96366197780674
52,83.01296230843684,61.961620334788385
52,82.98301435607479,62.04247425242685
52,82.99215681137547,62.0438414196651
52,82.98670370125502,61.97655442482648
52,83.00800220547754,62.00035825378373
52,82.99449089173095,62.03960403293454
52,83.0064821855136,61.998472144548
52,82.99651331267468,61.99318750093559
52,83.01894071727915,62.02636361172406
52,83.00859427830028,62.01277700680776
52,82.96978335178125,61.98213263073616
52,82.96477908014155,62.01371147399532
52,83.02635786199137,62.0342858150722
52,82.99686411333299,61.951364940317596
52,82.99236890605052,62.004371522382556
53,82.99188035960046,61.996563796460805
53,82.9707384530617,61.9955201516295
53,82.97285243949307,62.01156126919433
53,83.01844744723132,62.00610199808551
53,82.97843531509868,61.973051452945256
53,82.99597593132195,61.99071780580684
53,83.01682057389353,62.00428095539218
53,83.01294343873602,62.00635697661648
53,83.02751193339995,62.00675521745142
53,82.99625725565014,62.00914022327238
53,82.99723074346115,62.00036255799842
53,83.01854811516857,62.039398060229644
53,83.01538385701417,62.03942672858288
53,82.95762984010682,62.02163767277177
53,83.00668744398195,62.01448308809249
53,82.98575314272922,61.96918182530709
53,82.9615285177391,61.995844802113716
53,82.99864505861733,61.96738026078392
53,83.00418744811533,62.02456636820976
53,82.99869092350005,61.957568427035284
53,83.00990507698299,61.991856263584474
53,83.0240097941264,62.00384443118364
53,82.97152481810076,61.982500962553885
53,83.02357884246297,62.03144208552618
53,83.0221320415732,62.00722848999308
53,83.01625301826257,62.02963897435318
53,83.03924467542676,62.023895471092324
53,83.03240967155116,61.971291604726275
53,83.00488793432889,62.037237936429015
53,82.9956759646588,62.037325900410906
53,83.00555847800011,61.995868018434
53,83.00882914261665,62.00881751202409
53,83.00122504544532,62.0020123997199
53,83.01189539569748,61.97382342602836
53,82.99413923262453,62.038471971806125
53,82.96048484255566,62.000393517890956
53,82.98310383892851,61.99560286278837
53,83.01889743497048,62.00407934276378
53,83.00982044018232,61.9512166936636
53,83.00533631708217,61.97779590650602
53,83.02337193636134,61.97140101496391
53,82.95528136147831,62.020883274652604
53,83.00053134157605,61.98695859730786
53,82.99166230722003,61.97952710352988
53,83.00592509727802,61.988702556266404
53,82.97398638257233,61.98112119558368
53,82.95926624773345,62.01769384312174
53,82.9717092899246,61.97558028908976
53,83.01016942360378,61.957952101472614
53,83.0134242941865,62.00514089675429
53,83.022874846457,61.98370919006552
53,83.00872588933062,62.03050388024047
53,82.98497899887754,62.00627998917841
53,83.0279916549851,62.01494405862917
53,82.96437606764252,61.97700500408446
53,82.95657623039676,61.99299136192145
53,82.98148406837181,62.02803086614517
53,82.9983105888851,62.029917009854486
53,82.96172469330959,61.98012707690744
53,83.01053834976824,62.027588973124594
53,83.02029924592351,61.99764645600608
53,82.98245078459001,62.03207410567966
53,83.00771236001184,62.01833481572317
53,83.00756424994329,62.012721037356066
53,82.99305657573471,61.99182039809918
53,83.00297887898095,61.95707270739291
53,83.02805637006827,62.002079902284365
53,83.01413376923891,61.965442619273304
53,83.03647995023951,62.0269791849875
53,82.96533029586679,61.99195290445236
53,82.97904330269276,62.031440093047785
53,83.005501506653,62.00173918496769
53,83.00110641403978,62.0162883649614
53,83.01533551708783,62.00949570317675
53,83.02521486166926,62.025335898360595
53,83.01791505096124,62.026991822477434
53,83.04304198931723,62.01032615484235
53,82.99889323743167,61.981634075017354
53,82.96726139806471,62.00275747688117
53,82.98462850014994,62.00842315182211
53,82.97769202104033,62.002065677159635
53,82.96205492579459,61.98399403090566
53,82.98105335953863,61.98711646190931
53,83.04144018130249,62.00959811715307
54,83.00452507486746,62.014379773886674
54,82.9601236032359,61.97594314850583
54,82.95040435558005,61.99797270589986
54,82.99673862156769,62.047887980774426
54,83.04349168660667,62.023233012958954
54,83.00405682584899,61.9888377075087
54,82.97059093181576,62.004834104149474
54,83.0015654941944,62.01930677477383
54,83.00863756603364,61.978040254156994
54,82.97534890851622,62.03238610366725
54,83.02914378023759,62.038077608998904
54,82.9670713205867,62.01294799933789
54,83.00651226677935,61.99748588250338
54,82.97144223691751,61.985484680736036
54,83.02951007599907,62.017158321533465
54,83.01385418187125,62.01168023066239
54,83.02112659663106,61.99958662579321
54,82.96500551247877,62.026110980513536
54,83.00178787447979,61.97759382963048
54,83.00519881565803,62.03252931371635
54,83.00727796649242,62.01700678905006
54,82.98017313119256,62.02668099875369
54,82.99378646294132,61.955340235675884
54,83.00986055264764,62.009676999353076
54,83.0135891608779,61.98060289171467
54,82.986282523545,62.01386865872002
54,82.98046024647999,61.955139316268365
54,82.99823194943973,62.023567988627406
54,83.01131825012176,62.00863748478862
54,82.99985497171895,62.021571131692696
54,83.00592164388623,62.039511178694646
54,82.99901655061706,61.9970421576365
54,83.02646577183064,62.011720687117354
54,82.99569923938722,62.02768501216785
54,82.99419070063198,61.98691747500117
54,82.99151086447957,61.99447357689663
54,82.95624924906618,62.001489892110946
54,82.9826079986559,62.00941360067598
54,82.97336390485728,61.968141024087004
54,83.01390220691933,62.00102959768084
54,82.99537077860454,61.994991013646846
54,83.01010644998902,61.99350080192175
54,83.02268917511613,62.0397871006047
54,83.032789102496,61.99935728966972
54,83.03113267953141,61.976353752089494
54,83.00299305597181,62.026696956607424
54,83.00881514057573,61.96358587350637
54,82.9805553372783,61.98251110030208
54,82.95933733361696,61.989510294658004
54,82.98595893192324,61.97517638648054
54,83.01361282121215,61.996930513668055
54,83.01211930189464,62.01976002524321
54,83.0397904882933,62.01515881024855
54,83.0156075208117,61.97401790673563
54,82.97664809625464,62.00384157424765
54,82.9976840965825,62.01244920771778
54,83.02473835612697,62.02155578536475
54,82.95191025921822,62.008176703067406
54,82.97314994265659,62.03098972828519
54,83.03206041541185,61.97794204648787
54,82.98971964992573,61.99619441365104
54,83.00169634063927,62.02303228900869
54,82.99174839465104,61.97795591101021
54,83.00899225144607,61.95133594410822
54,83.0450877167182,62.01208925212949
54,82.9800888193757,62.03479479692044
54,82.99850498270828,61.99567596447398
54,83.00116536393891,61.97405042290804
54,82.99144689231173,61.99817795571977
54,83.01417503443201,62.01636927355943
54,83.02159363829797,62.04015594574374
54,83.00422343010125,61.97859553466175
54,82.96303585205288,61.98138245741232
54,83.01994479813085,62.022382246725556
54,82.98411616748099,61.97470144165408
54,82.97832168850312,62.00658702118355
54,83.01217064675409,62.03868214177867
54,83.04034621626187,62.0133567401796
54,83.03124999594479,61.973118401215544
54,83.02677480777794,62.02551391889402
54,82.98464912117909,62.02383988430128
54,83.02785004214212,61.99625398709943
54,83.02674066244985,61.96398674059248
54,82.98815815895475,62.04404239711056
55,82.97894136698885,62.02439719199488
55,82.95801438785777,61.99297492383991
55,83.00973806039275,62.00834498148399
55,82.96575664484611,62.03346178065657
55,82.965340968493,61.97628874961472
55,82.98087549741346,62.01220940805589
55,83.03635819867748,62.00808182339001
55,83.01740928492973,62.00916779489201
55,83.00807359381201,61.97800122524018
55,83.00892836854995,62.02985857677301
55,82.99183758921174,62.03163926974647
55,82.99398557632068,62.00663575706236
55,83.00839435304361,61.98139171465724
55,83.00713550782596,61.97885467964617
55,83.01358329751535,62.01022864832153
55,83.03175554450019,62.0342187798632
55,83.02011639901738,61.961972817123815
55,83.02775301322075,62.00824325284681
55,83.02928397175059,61.98294155923428
55,82.99348920482454,62.043219051515266
55,82.95957501239542,61.98552391351378
55,82.96579261276601,61.97510003093427
55,82.98878808109792,61.983912621705116
55,83.0150879649644,61.999035766839896
55,82.97455461704644,62.029174783279565
55,83.00288359928614,61.97950716749666
55,82.9861734192618,61.95530471335862
55,83.00326874078927,61.972276683852535
55,82.99457126350904,61.981071153898355
55,83.03109734994065,61.99074797358451
55,83.00613195291353,61.9699921346418
55,82.99313474127979,61.99185212810636
55,83.00548475925878,62.00286622841929
55,83.01374084019643,62.029500019089106
55,83.04373077435625,62.00451429473146
55,82.9713027799721,62.039337199276005
55,82.96065978182835,62.00965819187044
55,83.00968756860212,61.99916727643419
55,83.00008450472502,62.043734500445844
55,83.03955232098528,61.977620675697224
55,83.02153424980958,61.98746900495012
55,82.98143152283178,62.02179226119646
55,83.00044944314878,62.048229658794604
55,83.04099475016157,61.984539950105194
55,83.00336344840134,62.005681902976505
55,82.9954181077574,62.03091035377636
55,83.00740312986841,61.983569759272235
55,83.01647181047655,62.03668433480441
55,82.99634638526116,62.047413221534335
55,82.99811447881193,61.99946960257173
55,83.0165820781942,62.01941641785791
55,82.99699157997235,62.04331469828898
55,82.98593600137006,62.025131113827534
55,83.017884123349,62.03917246446074
55,83.00323358764457,62.01197266052401
55,83.02438606691442,61.99117020854183
55,82.98501607249982,62.04368671918395
55,82.98492906491104,61.974350578073626
55,83.02161393978534,62.00646834660406
55,82.9611728728706,61.99159877757075
55,82.9550505608174,62.01979486229453
55,82.99150929132803,62.041659765016384
55,83.01492488533192,62.02984541412863
55,83.01765255940983,61.99257568091166
55,83.01789358929817,61.96262756509176
55,82.9535998997605,61.985529088552646
55,82.99768107471522,61.990289922372405
55,82.99540936814968,62.037898411245735
55,83.00604853849715,62.00889543969921
55,82.98510259401836,62.019590599165525
55,82.95804347554017,61.98304526373379
55,82.97957326308996,62.016532529563385
55,82.9991009703968,62.01040640210103
55,83.00976353998438,61.97341718383274
55,82.99247035249205,62.043055592491186
55,82.97321956574088,62.002972330100164
55,83.03234057237117,61.98971792903195
55,82.98303592167528,61.99113476837223
55,83.01078826577438,62.02587522531679
55,82.97649678675423,61.95997230123475
55,83.00810378012758,61.98961745458478
55,83.00721624018527,62.04169968171426
55,83.01286930125721,62.0408403662003
55,83.03033212850988,62.02013835460338
55,83.01379134804763,61.968200725002696
55,83.00083744317094,62.00024537956888
55,82.97012347481483,61.980213809886116
55,83.04315485562027,62.010150234136496
55,82.96612418049138,62.00447475547437
55,82.95754342010034,61.990001292815826
56,82.98820782871739,61.97911777078532
56,83.00266577439713,61.99702616720719
56,82.99727288798134,61.96527803004449
56,83.00528576219571,61.98812375752179
56,82.99704821396186,61.96424362582591
56,82.99657584414186,62.00929435085024
56,83.01872197863008,61.990024244906195
56,82.95581682361603,61.993430670901674
56,82.97607054844725,62.01736248489796
56,83.02727217685124,61.983742593313224
56,83.0390198696471,62.0037148838802
56,83.0151822652503,62.01513274821991
56,82.95538314776236,61.982475368477076
56,83.00681097684964,61.98602724437803
56,82.99289068364095,61.97614599808942
56,82.98044836032285,61.968894745628205
56,83.041744477379,62.02705412717061
56,82.99595976799054,62.01704973818369
56,83.02981636403884,61.97712357005348
56,83.04164758121316,61.98568710626579
56,83.00339678088758,62.01368072499958
56,83.01190571554474,62.016375791173544
56,82.97151905862765,61.97408763771317
56,83.03072978442137,61.9728793479239
56,82.96714087776613,62.000114245427355
56,83.01132408124008,62.027873694004555
56,82.99738764482811,61.97191795202023
56,82.9985536591676,61.95106364409434
56,82.98505490407673,62.00828506478428
56,82.96975402094186,62.02406700099402
56,82.98540596280077,61.99756816587895
56,83.0303973333088,62.01704318749447
56,83.01645265834192,62.002992056541906
56,82.96077819220618,61.98099442625542
56,83.00297335047102,62.02049501329188
56,83.00119681545739,62.033973831007906
56,82.98997296392857,61.9876207494227
56,83.01091283904053,62.01043468565058
56,82.98077988084871,61.993724069439814
56,83.01080613398007,61.95254500223398
56,83.03321613048494,62.01916460106436
56,83.02123752438851,62.0290995350756
56,82.97557877889118,62.006833874133726
56,82.99191497533344,61.954145001493
56,83.04491594807834,62.004945930230335
56,83.0351580778303,62.014736893272065
56,83.03605805601698,62.02307657137799
56,83.00803352849938,62.00495023572884
56,82.95470023310659,61.982557816516405
56,82.95793402775995,61.99436252470073
56,82.9916476629004,61.9507934047141
57,82.98483230423483,61.98657570577145
57,83.01368326985529,61.96395042093801
57,83.02969403699595,62.031111915925486
57,82.9989557283058,62.04938713212336
57,83.01813285047264,62.03179639661739
57,82.96205492579459,61.98399403090566
57,82.97040701281546,62.01010037144081
57,83.04445024508827,62.022002822966
57,82.9811156862024,61.98696110822396
57,82.9598873063017,61.975211533616374
57,83.02486855353564,62.04114666184117
57,82.9951527426882,62.031104279252894
57,83.01245302064088,62.02176235998835
57,83.02539871860614,61.97190630786884
57,83.00228528406977,62.040866915365655
57,83.03755855277048,61.99469185041228
57,82.97499994573923,62.010464658871584
57,83.02748728341795,61.976313969272894
57,82.9646371016357,61.97172784716905
57,83.00472612840798,62.019893906155886
57,82.98177631245262,62.00732094636321
57,82.96759277312178,61.96530375872119
57,82.98429114586068,62.0473093822429
57,83.01273564215194,61.99350948822904
57,83.02147816852568,61.97091893272666
57,83.01220758839477,61.95647349690652
57,83.0461375573915,61.982358139477874
57,83.01550804243311,61.987502313886736
57,82.95658640475163,62.01998547514218
57,83.02194680123313,61.97448260158594
57,82.98288924930073,61.987508322708415
57,83.03294012164773,62.00823174961621
57,83.04755000607713,62.00343289865738
57,83.00208513153439,61.95242612544364
57,82.98729254927137,62.03047961706957
57,82.99240027344615,62.032813734531935
57,83.00929691365675,61.97197886636932
57,82.99894955888253,62.026787457854645
57,82.96398063505738,62.009744054966816
57,83.00166141638977,62.033612313886735
57,82.9678085634831,62.00096667791803
57,83.01362089515922,62.03653310432855
57,82.9959177431576,61.98338276225415
57,83.02806881820801,61.99763346897276
57,83.02105897140184,61.98298764022406
57,82.9904594952955,61.99918393590045
57,82.99427145765496,62.003434194295615
57,82.99188397035017,62.029375309471476
57,82.98473380068002,62.007854026993236
57,83.0188815518284,61.97686288700418
57,82.9691888290993,62.0183239219115
57,83.01473985300801,61.99080881645211
57,83.02662378606978,61.97417136721283
57,83.02195492281265,61.991369813865994
57,83.02245573746863,61.98754787481667
57,83.01716824490201,62.029839167221766
57,82.98297793479884,62.032211532453324
57,83.03758137708594,61.998928398416034
57,83.01899597241773,62.025938835067464
57,83.00178787447979,61.97759382963048
57,82.98858210756981,61.997664567772865
57,83.04953044736119,62.00054967215822
57,83.02069554707705,61.98413532499664
57,82.96456007196477,61.996706065109464
57,82.99181677828122,62.009491777821815
57,83.04234585075167,62.003618823625445
57,82.9530626638772,61.988590964805155
57,82.97418147809438,61.96995722868736
57,83.0291796661683,61.97724349284702
57,83.00877877814008,61.973278548088246
57,83.04061442501951,62.00288988776134
57,82.96616448056758,61.97785466080187
57,83.00005980789052,61.953712309878846
57,82.98501520606794,62.01585022147485
57,83.02630373309943,62.00897092439906
57,82.97541711196611,62.016936270531126
57,82.96161677284614,62.02617345025559
57,83.01328623076476,61.97979303769775
57,82.98330792856292,61.977874595435374
57,83.0278200292906,61.99778154090708
57,83.0100242025085,62.047641200961905
57,82.97976599666775,62.02773064347028
57,82.96834514180141,61.96182094976823
57,82.96066589980252,61.98443868173628
57,83.04137458252232,62.00293184114211
57,83.02386290801621,61.961439972733125
57,83.02033474775834,62.03927289941033
57,83.03417941820238,62.0298460017536
57,83.00956616718629,62.0331851647174
57,82.97473117672844,62.00041330177598
57,82.95933733361696,61.989510294658004
57,83.0009097215516,62.01062202149761
57,83.04939541321383,62.00348048163063
57,83.00381043166573,61.96477869008206
57,83.00297781025148,62.042995658147476
57,83.02485675239855,62.02038423111387
57,82.98160187930695,62.03359390744684
57,83.02483236917466,61.99189979341982
57,82.98745309374621,62.005377309052875
57,82.98127474203909,61.994201050186504
57,83.01286203893828,61.970286030896894
57,82.9844260683663,62.02681791489529
57,83.02030321526891,61.992941792949864
57,83.02514996222507,61.99620937580064
57,82.99372496363148,61.978399306610285
57,83.01810854263667,62.04332806603589
57,82.96130786057658,62.020228240749674
57,83.00079921302596,62.00585514201704
57,82.98005542305471,61.986412482659105
57,83.03987514524967,62.01114819644517
57,83.01849315952956,62.007772734119406
57,83.01675018720577,61.991031761678684
57,83.00228329783961,61.98958103729048
57,83.00102561910121,61.97445229639411
57,82.99767385458779,61.962720709536185
57,82.97431727785398,61.992809456559755
57,82.95908713590327,62.01064994603553
57,83.02424101065814,61.97778687276213
57,82.99177639538756,62.01650462880887
57,82.98201521074421,62.042637196085096
57,82.97751982890597,61.99480116343117
57,82.99654260720516,61.9980306435677
57,83.00778727580544,61.96397211734811
57,82.97696473568116,62.04382455031197
57,83.01100143551655,61.99606374214878
57,82.98698620470715,62.04540926924929
57,83.04562971490776,62.00942460755917
57,82.98324330078587,62.003686357645236
57,83.01052294034623,61.972241203388855
58,82.96127462417475,62.01882595236551
58,82.98541315851493,61.99992324368431
58,83.00404903576516,61.97315077598516
58,83.03158632906809,62.016990657905104
58,83.04449916803071,62.00546764736636
58,83.0190349037381,62.011976686274984
58,82.9837162535241,62.01667163586547
58,83.00672937008362,62.004814412708974
58,82.99330006107604,61.95710112807963
58,82.99320157190711,62.032628407544195
58,82.98319777365721,61.9898627402257
58,82.99471333369979,61.95954482305691
58,82.95072606964612,62.005896065812145
58,82.99311826918932,61.99969264902764
58,82.99898278873178,61.9872828555366
58,83.00069017920728,61.98702218875636
58,83.0086122220209,61.96335799936217
58,82.97136033366947,61.99165038014305
58,83.0380117469248,61.9696040233729
58,82.97032851337786,62.020657313201106
58,82.99870500340961,62.03806178077454
58,83.01600739201481,61.990729063715115
58,83.01600213557361,62.040668307649426
58,82.99767340579714,61.97529474901918
58,83.01348203780053,62.03570146804369
58,83.03045098446354,62.01857521517191
58,83.01597562877882,62.036497518709055
58,83.01671809158061,62.02495318551387
58,82.95994799552007,62.00691168921265
58,83.01819547409059,61.990031534384435
58,83.0171306734899,62.01742071767577
58,83.03609525416115,62.00662442021568
58,83.01349569509803,62.002784862256554
58,82.99669561703635,62.037997101791916
58,82.99747748316189,62.00410032590844
58,82.97923005405164,61.98434056758298
58,82.9920781169877,61.982652201613625
58,82.99915392126894,61.995190304254535
58,83.04054127712807,62.00804186569744
58,83.02225334600571,62.017233293578705
58,83.03307879669963,62.03411418351588
58,82.96583669058747,61.966226555149056
58,82.9618687217349,62.03021619041376
58,83.02909921951536,61.990705662728985
58,82.99655794519099,62.01376077365355
58,83.00762026888675,62.02067385030958
58,82.9695260089053,62.008512989075214
58,82.98580484039427,61.993466553626696
58,82.96961505418139,62.0190085968558
58,83.00198894379893,62.01742757262613
58,83.03519710673375,61.99721262925224
58,82.99336953087897,61.952352982751336
58,83.01658305858965,62.006739977607054
58,83.00361244873376,62.023890497527226
58,83.01166189380868,61.97473047453185
58,83.04427065757866,61.992903689212405
58,82.99697079162031,62.02332775701006
58,83.03134574819246,62.003592978150174
58,83.00025222977348,61.96043061184831
58,83.02249223542272,62.0058762449867
58,82.97567542448297,61.97696318984553
58,82.99766677244315,62.040581879395695
58,83.03850816826669,62.02100210963643
58,82.960587364826,61.98125498215268
58,82.98320551742071,61.9978038369345
58,82.97058319965372,62.0089476042128
59,83.03850080236458,62.030750374042306
59,83.01753235665304,62.02259542463418
59,83.02975613359415,61.971649123291556
59,83.00360693270545,62.008017456395635
59,82.98947947218296,61.96506732816632
59,83.03031131546682,62.02531428902739
59,82.99677766145919,61.97962861990875
59,82.98474768816152,62.00157783700456
59,82.97096810760756,61.996110221662875
59,83.00151401471204,62.011633661066334
59,83.01343874277478,62.00589101904131
59,82.98429980169959,61.99669398298599
59,82.96990955663884,61.988330363144556
59,82.98185708388371,61.96001983476829
59,82.98817824427219,62.0234101359746
59,82.97790270778911,61.99310598191827
59,82.95932390373193,62.001695741526184
59,82.96770177178404,62.017687277586035
59,82.99216532271167,62.02406430404803
59,83.02696764249198,61.97201638243994
59,83.01194316304134,62.00689082376007
59,82.98770739463042,61.99369652488028
59,82.99616300243976,62.039127259567294
59,83.00556049311946,61.98083994344355
59,82.98228128963895,61.98675562474369
59,83.03207443184006,62.03193978255053
59,82.97134373678244,61.984375488769295
59,82.99414843657446,61.998978349101655
59,82.99131567854988,61.971920541030315
59,83.00239272596191,62.016459673442974
59,83.00398387767851,61.99384790617279
59,82.9803037495868,62.01027706083762
59,82.99821916954228,62.00237469569596
59,82.96345534989297,62.00187751301117
59,82.97372892329629,62.03309414247963
59,82.96189769101346,62.02461626618983
59,83.01955564928873,61.99943343421781
59,82.98946835534757,62.02384982214903
59,82.99328953813892,62.04908389353221
59,82.96527815233641,62.00873839500157
59,83.01597294816703,61.997187256720196
59,83.0196354563388,62.03752874700676
59,83.00707160019685,61.980597437776474
59,83.04696669520344,61.98308129281198
59,82.99966377656034,61.96302513028648
59,83.03670859958663,62.00777112664047
59,83.00382654760708,61.97856288000468
59,83.01838632554042,61.970282861439294
59,83.03321788422663,62.027976955958444
59,83.04047352097089,62.01663804200204
59,82.9976294653651,61.98487016699466
59,83.00459978453415,61.974990179528994
59,83.02704536061788,61.996198677821134
59,83.00967584016378,61.97747563138843
59,83.0431061905008,62.00886397452194
59,83.03446422926152,62.01724313433494
59,82.98756114356215,61.98750682465125
59,83.03760915410817,61.97695483198429
59,82.97610504421516,61.96153458962622
59,83.0407369834719,61.996082799866635
59,82.9992015342289,61.97670599379328
59,83.01498665017249,62.0075432519525
59,82.98281136215378,62.039084449415064
59,82.97838143057669,62.039046088959715
59,82.98471511957631,61.9849391705955
59,83.01202051985312,62.003816777905385
59,82.99155629473951,61.99312374903657
59,82.99923861166903,62.00286910795095
59,83.0155287452816,61.986302743809034
59,82.97488882616659,62.03259971877663
59,83.01835032209311,62.04278254386402
59,83.0007302286225,61.99380453039045
59,82.95566585513933,61.98857440844536
59,83.00014086242437,61.993389244722515
59,83.04372655391612,62.01408664866298
59,82.99706846855179,61.99170261983255
60,83.01813285047264,62.03179639661739
60,82.99165455528875,62.01119996053314
60,82.98827957788556,61.98636421152024
60,82.99306627215915,62.03880339692873
60,83.02037503457909,62.008934737135554
60,82.98351821323175,62.02968380695232
60,82.95264821816662,62.003056780387205
60,83.01684561116011,62.046935333430994
60,83.0219917055214,62.032201200625856
60,83.03847679000656,62.00661378307879
60,82.99123116450133,61.97143316099532
60,83.02755143914281,62.00839174132723
60,83.03372723918332,61.966156615898974
60,82.99009562530912,62.04328930701235
60,83.02739421923037,62.03519537198632
60,82.98036993358762,62.024180710935745
60,82.97784983949198,62.01005601329648
60,82.99581054473315,61.962388450343276
60,83.02380127050527,62.040871495366595
60,82.99535596086724,61.95412200065099
60,82.99187161177456,62.00721176418471
60,83.00802038212105,61.96135028564244
60,82.9829864891773,62.00045773507774
60,83.00971908700748,61.98420320513397
60,83.00447459172494,61.991669935270934
60,83.0097708078587,62.03227592159495
60,83.01415462798806,61.990680372752976
60,83.00916534129875,61.96591969704722
60,82.95400386363569,61.99550132463727
60,82.99024540458379,62.03651507189528
60,83.03759225394816,61.99730147824177
60,83.03466580207653,61.979481711659176
60,83.00549711214443,61.97471351746133
60,82.97644709470617,61.98387178667814
60,82.97376296551077,62.0017033527928
60,83.0343886094314,62.03562222735987
61,82.97001272094268,62.00767210380351
61,82.96260696536291,61.98406862512927
61,82.99964570337299,61.98553383160197
61,83.01963074150706,62.00722871792791
61,82.97894234840567,61.96972327797766
61,83.0121326613512,61.99974389864318
61,82.97475339756025,61.96243510682453
61,83.00600544500816,62.037920121527044
61,82.99914826935587,61.9675875501832
61,82.98271552349169,61.99467137236148
61,83.02276651000525,62.02374711921092
61,82.99617010174606,61.960328940102954
61,82.99951583644547,62.00409763432405
61,83.00266324059429,62.0443508072562
61,82.97471610748727,62.00939375619792
61,82.9958341589063,62.00216637635617
61,82.98221992974347,62.02478705725544
61,82.99019992172738,61.95128467084731
61,82.9770930199259,62.0205183432513
61,83.03296260189333,61.99598131599017
61,83.01401431736383,62.0136677405606
61,83.0361521708827,61.97219538686563
61,82.99379554653677,61.996242327758495
61,83.0158000006607,61.9861637729212
61,83.01088880039036,62.00927376814202
61,83.035776022356,62.01754724824132
61,82.99566262681853,61.99798985356075
61,82.9558070934361,62.00758596526641
61,82.97821797037099,61.975735554682906
61,82.99367365627737,62.01537498567351
61,83.02195206939236,61.958074345943594
61,83.03023254543888,62.00502893604072
61,83.03503684892821,62.01489217611528
61,83.00549067185538,62.00690063971821
61,82.99541655041213,61.969887998901626
61,83.00042701134159,61.98391674955039
61,82.95522870884582,61.991117710824604
61,83.04470684945427,62.02062759847308
61,83.01040032615735,62.02981060330091
61,83.02485990604161,62.03504056936001
61,83.02486559627933,62.020849231342645
61,82.98115278320418,61.97927062556751
61,83.02067371448616,61.995150816957405
61,83.02031951315297,62.01109475746432
61,82.98006577851324,62.02748081316614
61,83.04854526707356,62.00775780458066
61,83.00867719546103,61.968927115966494
61,83.01424924203529,61.997246400695374
61,82.9979334459908,62.01022536352585
61,83.01753109620466,61.97187923594408
61,82.99392974432426,61.99892399722179
61,82.9711760008838,61.9606638760239
61,82.9642198857055,61.994523500762476
61,83.03373974252636,61.96377954514088
61,82.9661116716834,62.024736541612974
61,82.9956133715964,62.02012358844297
61,82.99555556107656,61.99302524558777
61,83.02108640254471,61.956210051839136
61,83.00142937267542,61.9983835303968
61,83.00411035196501,61.9773988164962
61,83.01445268529568,62.00532753224451
61,82.95319448120247,62.011921531150115
61,82.9964107904602,62.00692208250924
61,82.9835927309083,62.00651520631275
61,82.99448645234631,62.02617619229366
61,83.01597919334841,62.021089655484296
61,82.97623240695705,61.97211500104999
61,82.9834293574657,61.97978294459815
61,83.02109104153595,62.02514889793279
61,82.99821542502794,62.041935955951374
61,83.0134121908595,61.95773076965124
61,83.02082238658996,62.01339146594033
61,82.9648344988236,62.00417207795171
61,82.98358606563616,61.994407167843356
61,83.01551809195738,61.97137119611699
61,83.00132590318422,61.995999529575634
61,82.99264455667952,61.988275907009566
61,82.97564920759454,62.03849259916391
61,83.00387319835384,61.977666044525876
61,82.98147026699839,62.02606341037733
61,83.04248777837283,62.020664174142155
61,83.04164090296894,62.0155944994158
61,82.97887148109237,61.98770867534404
61,82.95604056656579,62.01788788024744
61,82.95792497769052,62.00251079572574
61,83.00279274073975,62.02074840328761
61,83.00167779317758,62.018171287995294
61,83.02770545524884,61.98481888451443
61,83.0316619795534,61.97328403823575
61,83.01405998262848,61.99334173414431
61,82.98368676973665,61.98516514654409
61,83.00488764092421,61.98179395302574
61,83.02421602845527,61.956839031330695
61,83.01278776560771,62.018219888741406
61,83.00864570914995,62.04597123374321
61,82.9785896827721,61.96942857088827
61,83.02267294726704,61.99975484377814
61,83.01079106530067,61.990320760901724
61,83.02699715983661,62.035255254517516
61,83.01637013375053,62.00855112815354
61,83.00887375826498,61.99382499891136
61,82.98110772089294,61.991812452855626
61,82.9911440581209,61.98577770749862
61,83.00637213348135,61.977999334091585
61,83.00241675513708,61.98542278922654
61,82.98563323990717,62.04769319411506
61,83.04859216900353,61.99052983581561
61,83.03344452722024,62.02673641611451
61,83.01845723453457,61.972032609957836
62,83.00895985045139,62.04065836811809
62,83.015779821388,62.01263371595535
62,82.99874990989653,62.003963222790034
62,82.99040118433392,62.00618810931513
62,83.01296117380278,62.01951091911584
62,83.00705829906767,62.02686569348734
62,82.99161815716397,61.99024211378253
62,83.00453320166,61.96738366006964
62,83.00959063647535,62.01519200104351
62,83.02259854044766,61.99551134963447
62,82.99409522112357,62.04593620393105
62,82.98925825110163,61.99201145984903
62,83.01611451756241,61.963063610355185
62,83.0318240544461,62.027147652898954
62,83.02232397594632,61.991875327457294
62,83.0151822652503,62.01513274821991
62,83.04417703688762,61.981048113578254
62,83.0346573641125,61.97440842662129
62,83.031685582168,62.026856342398666
62,82.97695027872781,61.993148683102454
62,83.00507673815028,61.960115572865135
62,82.98031074165489,61.95637600834105
62,82.95504378325849,61.998646537509586
62,83.02438606691442,61.99117020854183
62,83.02821399593174,62.0075591295626
62,83.01755833152545,62.02002770944627
62,83.02200175085251,61.95674060635834
62,83.02297528385672,62.00934816639678
62,82.99933384882867,62.00832670247849
62,82.99275203273619,61.95951474237849
62,82.9568010338704,62.00166642151392
62,83.02815772924455,62.01994445965596
62,83.00856874052701,61.99858958224931
62,83.01080309168559,62.03449318713156
62,82.95836831641108,61.984174047126636
62,83.03194375256051,62.003593372716686
62,83.03382569959659,62.03343641129412
62,82.98980762509636,61.97918765345376
62,83.01240618226376,62.01153925780585
62,83.01362137023575,61.996675314114135
62,82.98638926677341,61.96633895676083
62,82.9637860016743,62.00263660850374
62,83.01204684452466,61.99497634186721
62,82.99602048788955,61.96362672751636
62,83.00178780053443,61.95637333632559
62,82.99506892367647,61.9629953702298
62,83.03905176567312,61.99327166221657
62,83.04681347193922,61.99669204260276
62,83.01127707242387,62.023002745736505
62,82.98678424076184,61.988114707885565
62,83.00400965972341,61.97890746778082
62,82.97138695225104,62.010000226996056
62,82.98533717992187,62.00037816394148
62,82.97209143588148,62.01311361324105
62,83.0099452637476,62.01729545804689
62,82.98602650034692,62.01539332272952
62,82.9869315890238,62.028525424644954
62,82.98124889890845,61.98059668555978
62,82.98373611652706,61.95482716611251
62,83.03559945031445,62.016425932832554
62,82.96432578415184,61.988601694110336
62,82.9924609516938,62.02779111121761
62,82.97372089398073,62.04170573183707
62,82.99276016700995,61.97932874251117
62,83.01480432412184,62.0222198830717
62,82.99205303968238,62.01104706481307
62,82.99711799896738,62.00677681354289
62,83.00513560747865,61.99089297690222
62,82.99903332581745,62.00382843982533
62,83.00692497327333,61.96095618102985
62,83.01624745173673,61.97734961058961
62,83.0054877724056,62.03044348416727
62,82.99749196163128,62.03349863422626
62,82.98249391848405,62.00594830483238
62,82.99260797246905,62.02488107374831
62,82.98520332134495,62.01199425087815
62,83.0167590834323,62.03159718427899
62,83.0103842387838,62.02942571661654
62,82.97904272151841,62.0111298993437
62,83.00852096113918,61.951816934484796
62,83.03372412201043,62.02903496701714
62,83.01456517955853,62.04029497270437
62,82.99680295759892,62.047654414764054
62,82.99181289467761,62.008434924619415
62,82.99684988803166,62.01934937775128
62,82.96715820923666,62.01794868364999
62,82.9536565204118,62.01215698096201
62,82.99638443352048,62.014815357417056
62,82.98339288295962,61.989399168130525
62,82.99414843657446,61.998978349101655
62,82.99177639538756,62.01650462880887
62,83.00969399224965,61.97493218930456
62,82.9963779507653,62.02210490068365
62,83.00555449237878,62.01519240101397
62,82.97192785724755,62.015815329322
62,83.00439857343268,62.02227266240458
62,82.99421203094543,61.98240695857296
62,82.96229955164091,61.98790698739895
62,83.03152520444515,61.983273890538825
62,83.02615458742179,61.99063635326014
62,82.99055319919717,61.97057184736271
62,82.972854013036,62.029333108636365
62,83.03914224086397,62.00816329258219
62,82.98308680626349,62.01699324095093
62,83.04468406251418,62.005520221869205
62,83.00981656243506,62.008377679732945
62,83.03520308868755,62.0333142755802
62,82.96385245247271,62.02090946905391
62,83.03359684467934,61.97114505249731
62,82.97636584975521,62.018288954898175
62,83.00970848319615,61.95967393224464
62,83.02611131272677,62.04069107691786
62,82.98994045450364,61.96929525665275
62,83.00140469802123,62.034583427377704
62,83.02069554707705,61.98413532499664
62,83.0261960114362,61.966589343316976
63,82.96464623673431,62.00965622330587
63,82.98753982369344,62.01928899300611
63,83.01695837510435,61.982027854200894
63,83.00692014591561,61.95603814231317
63,82.98274203926567,62.03998450643046
63,83.01919788697029,61.973378652309925
63,83.00626065563146,62.006549827521035
63,82.99116906603518,62.00829389240359
63,82.9563770685015,61.992275710870445
63,82.98106208556945,62.01785243578101
63,83.00166215051101,62.02339412216057
63,82.98184699364198,61.96156385629526
63,82.99260657781409,61.997345372260945
63,83.03494957665279,62.024573837150164
63,82.97844227510109,61.9655506710077
63,83.00084954976617,62.04548617094799
63,82.98757522713828,62.00633693363329
63,82.99274480133279,61.978047416177276
63,83.04322216638057,61.99313037136757
63,82.97348474298767,61.975634961560026
63,82.97226733103071,62.03270047663586
63,82.97329225670758,61.98570994752406
63,82.9833518967397,62.03367535678901
63,83.02877624312842,61.996450533789755
63,82.97854828676564,61.98463039549869
63,82.97333606625847,61.98507738877887
63,82.95711067311775,61.993559408054686
63,83.01238565168109,61.97532829033682
63,83.00939908299031,62.01790024929343
63,82.99294660560294,61.950747466668695
63,83.02220590930978,62.043624513836285
63,82.9974506988089,62.0431534721096
63,82.9541049261431,62.01109015269317
63,83.0244943269481,62.00229988053624
63,83.04288108651481,61.98155075519516
63,83.01514280609472,62.03787748320455
63,83.03375052542344,62.03356273908945
63,83.02427460416686,61.988320443586005
63,82.96059554253233,61.9770057772344
63,83.00672691708529,62.03840947431012
63,83.02696764249198,61.97201638243994
63,82.9912413068341,61.971570117210305
63,83.01265679912616,61.97468853130393
63,83.01279056943295,61.976964833343104
63,82.98904255361253,61.95412865527262
63,83.00823395427096,61.994946481282525
63,82.98522408674691,61.99808502009681
63,83.01921940209242,61.98053899998324
63,83.00048716538863,61.95871421077372
63,82.9698351996395,61.994444352916496
63,82.97666374950481,62.04049706018817
63,83.03568844413444,61.98496324701981
63,82.95472074815076,62.019608663353296
63,82.98532024023443,61.99685970831432
63,83.03050007060668,61.98982254737979
63,83.01834570783642,62.015336334418286
63,82.98520590326252,62.03459005159663
63,82.99295388777249,61.95238298923798
63,82.98377814934595,61.99743317642869
63,83.02472532125667,61.982617599147105
63,83.04095280681067,62.00794835965489
63,82.97433904235108,61.976108192312836
63,83.03893746741501,61.979133819740284
63,82.99382915895744,62.03459479666208
63,83.0174436437176,61.9746946298758
63,83.03877736798194,62.010998622136505
63,83.0112426561454,61.98355502708979
63,83.00298993655451,61.975716315026574
63,83.01065609049253,62.01524485102543
63,83.00410483945792,61.98038843203245
63,83.0192312294645,62.009732566212165
63,82.95559562063102,61.99510089312153
63,83.02956452759102,62.00759310947034
63,82.97213968002704,62.031029045014165
63,82.96368908507318,62.012427620873424
63,82.96584889373582,62.00216983633652
63,83.02700532597544,61.99495112050364
63,83.04016125323695,61.97806439885734
63,82.9700278138834,61.99967268397892
63,83.01571362079922,62.01868015517398
63,83.01654687182268,61.9587859042503
63,82.95516915632183,61.98894296709124
63,83.02367406368884,61.95990029155191
63,82.97820571823493,61.98712765831767
63,83.03672602857004,62.0025567657085
63,83.02067000221194,61.97003138388673
63,83.00923835931073,61.96103495702593
63,82.95248809791795,62.01023911756106
63,82.99380603072169,62.002519582342295
63,82.97431236097873,61.98043821160526
63,83.00155592877992,61.98210008557442
63,83.023296426375,61.97440984856513
63,82.95815621578375,62.01433243490988
63,83.02449273854943,61.96136483192056
63,82.97436141820258,61.98636131551168
63,82.96492547926564,61.971862774569566
64,83.0332157403774,61.98009780047799
64,83.02252852035151,62.0341255472794
64,83.01203710080834,61.96642259791327
64,83.02432679872298,62.01543956772975
64,83.01289346239977,62.01124935960856
64,83.00848987421256,61.96626625339555
64,83.00095008294188,61.951724608138804
64,82.97228386056155,61.971993503651156
64,83.00922970400761,62.01666205046792
64,82.99847274484367,61.978929090843664
64,83.01883228073562,61.9899469393108
64,83.00292740050712,62.00722209977868
64,83.02565878249634,61.97846571566333
64,83.02454735879223,62.00724142990449
64,83.03549426533867,62.03356249479881
64,82.95850047825927,62.02311608189627
64,83.00957514073912,61.99862087476461
64,82.9859067530474,62.01308003956106
64,83.02078569615273,62.00682850526952
64,82.98917116616641,61.967199757592056
64,82.97789588015921,61.974847563524214
64,82.97802617181331,61.9570050790565
64,83.03129761642353,61.98795471490949
64,83.04638932738362,61.982688150784604
64,82.97588065967963,61.97278149506703
64,82.99548516302056,61.95614024130115
64,83.02282594019094,62.02110251348415
64,82.98164494670057,62.01817131573761
64,82.99710024502953,61.98589702978935
64,83.01030836189663,62.017865626020296
64,83.00496465041519,62.01355840964773
64,83.01528969078348,62.00842551624677
64,82.97966903268723,62.02503663633191
64,83.01319140413352,62.023471565851644
64,83.04128519940342,62.01091921232125
64,82.99060708920271,62.040999841968805
64,83.03289991153258,62.026670352841705
64,83.02315605177239,61.99886322531458
64,83.02581580288262,62.03377597959379
64,82.95752760196456,62.02157585380901
64,83.02337193636134,61.97140101496391
64,82.98996843840578,62.02137933142482
64,82.97231760678807,61.99016440822923
64,82.99723546277066,61.96664949453547
64,83.03037352136121,61.98291963576337
64,83.04469743207858,62.02115681946423
64,82.9692171189454,62.02459297678119
64,83.02238238778574,61.99881460383454
64,83.00517646119478,62.045193457541686
64,83.0100515055408,61.97671679618457
64,82.96815680170145,62.024956657788735
64,82.97646859917808,61.95793408494219
64,83.02778481725436,61.973946343138444
64,83.03917006048152,61.9743437426565
64,83.00723151219456,61.97623191554339
64,82.99393806430464,62.048564815908286
64,82.9839697091395,62.00601787413322
64,82.99815949970204,61.994966794499526
64,83.03740783889415,62.023680259081246
64,82.99723643129799,62.020486021986095
64,83.03395801812644,61.97020680181162
64,83.04430241636042,61.99879188050642
64,83.0212026791812,61.98332417607419
64,82.96746718719949,62.036240740356504
64,82.95098082781362,62.0019984613598
64,82.99670917829856,62.04817955398631
64,82.97331089257278,62.024390144829816
64,83.00740539448593,62.039706602051524
64,83.01607248498053,61.986978709434965
64,83.00358182406053,62.01598953858411
64,83.04218853478231,61.998956440382635
64,83.02500583580489,62.006761894411234
64,82.97869655825832,61.987024503880995
64,82.98619340134151,62.006184100258295
64,83.03479821026679,61.97292429330999
64,83.0370198597339,62.027996381079255
64,83.02045358482486,62.03534945406002
64,82.98579405904022,62.04058289939432
64,83.00933353230327,62.00171291640191
64,82.96849972846323,62.014836148286236
64,83.04470684945427,62.02062759847308
64,83.00329112833892,62.03036241927041
64,83.00178349111687,61.980912315051924
64,83.02511460793363,62.03644810745536
64,82.97602497839539,62.02804357555733
64,83.0304519988312,62.00515774092306
64,83.03162615453716,61.99486236591888
64,82.98646671815726,62.0122102681848
65,83.00885995170823,61.95727614292915
65,83.01374084019643,62.029500019089106
65,82.99072607720572,61.964700783456706
65,83.01264890582124,62.02965501426794
65,83.00580493096159,62.00380940221562
65,82.97823221484236,61.95907070319624
65,83.01236531166566,61.98183481766255
65,82.95816677309776,62.01689764989375
65,82.98593755980406,62.00618549508853
65,83.03462489244055,62.019230577591316
65,83.00995867762936,62.01272157458249
65,83.021258673714,62.007814278988484
65,83.00948733505844,62.00296747844663
65,83.0380306036694,61.968489435120254
65,82.986748972478,62.01205088001656
65,82.99036939665187,62.009306795219985
65,83.04351515092931,62.00304369374544
65,83.01296222873886,61.95315143063755
65,83.01485840252029,61.9950307955652
65,82.98185462939486,62.04302118821349
65,83.04597079051004,62.00069183509543
65,82.95806403626882,61.998187285061576
65,82.95708885411426,62.01270256323695
65,82.9558463901578,62.00762013150502
65,83.02301775897617,61.98715472974009
65,82.99717993985607,61.96230161591407
65,82.99372496363148,61.978399306610285
65,83.01918834619387,61.97866884637597
65,82.98574099058361,61.957821603773866
65,82.9964744143252,61.986297923161025
65,83.01539077583986,61.98675638299075
65,82.99103693817852,61.96069080913765
65,83.00136494453378,61.97681222755993
65,82.99624571189378,62.03549741582281
65,82.98257499222831,62.00385122446175
65,83.0193064120268,61.979871404208595
65,83.00707782994884,61.980381787010565
65,82.98231317978497,61.9980994641031
65,83.0152413706345,61.95563505183412
65,83.00800312705574,62.03483637715214
65,82.9906668427068,61.96424372783275
65,83.01362591403584,61.968835642922215
65,82.97643723752861,61.99800497591724
65,83.02162028506562,61.95527102219918
65,82.95469448320753,61.985651953458365
65,82.9805985716843,62.03253802672159
65,83.01946833959829,61.95631403690025
65,82.95717332654205,61.974221429029434
65,83.00828296564924,62.01138597427141
65,82.97653093741381,61.96157689599912
65,82.96774206850604,61.985152091229914
65,82.95072331209805,61.99467850480927
65,83.00699477817864,62.02206631272604
65,83.0042928487469,61.98976293559786
65,82.99520142511328,61.968880669745026
65,83.00055730462512,61.98071579470062
65,82.97246901029771,62.03475528672504
65,83.0276925344233,62.024823964591015
65,83.0294778030638,61.9972557417004
65,83.00769801946491,62.022866688707325
65,83.0400871215089,62.00429360720246
65,82.97887368826487,61.977444788731496
65,83.03971482041496,61.98208463722301
65,83.0219272244447,61.97300021847851
65,83.01472542699183,61.95467636913356
65,83.00802386819467,61.99938315962523
65,83.01918834619387,61.97866884637597
65,82.96267564208691,61.98537568158032
65,82.99582127846118,61.98464238713888
65,82.95402846645737,61.98315490576872
65,83.00342898931154,61.992458112323696
65,82.9659527366083,61.98534570453728
65,82.9866353208416,62.03948401788965
65,82.97016082257055,61.96911423444888
65,82.97709758603838,62.003289520683836
65,83.01704850002125,62.0194759551838
65,82.9726351557251,61.960506292533196
65,82.9588213157068,61.98831298120875
65,83.02034261004269,62.003320984562414
65,82.98914943203143,61.977721829372584
65,82.95267399231786,62.003273868442406
65,83.01389653425811,61.990506490163746
65,83.04050612762076,62.015442641501465
65,82.96638354785082,62.01474714294191
65,82.97003914792903,62.015781527300284
65,83.02482259553287,62.00660581595952
65,82.99584301920463,61.96468289576078
65,83.03120948847749,62.01301234240107
65,83.01853580367624,62.036064455622316
65,83.04776228805619,61.9879161129153
65,83.02108640254471,61.956210051839136
65,82.9818846105232,62.028384675313454
65,82.97191672685823,62.008144885927095
65,82.985144185968,62.00986326941436
65,83.0427138575035,61.997654444290575
65,82.97379108556852,61.97621935913823
65,83.0278548124674,62.03000235804651
65,82.95415774221263,62.000266833737406
65,83.01241619608304,62.01318768037644
65,82.97934722906997,61.95907980997857
65,82.98771909155332,62.00830876163807
65,83.04297589684417,62.015484046121834
65,82.98541234571958,62.040196885170666
65,83.01678883932387,61.9556850791916
65,83.02512317744679,62.024982614066396
65,82.98201521074421,62.042637196085096
65,82.9959095424155,61.97748154399787
65,83.03677848051986,62.00722849452779
65,82.99650566446394,61.99872714626994
65,83.04521404036525,62.015701409120254
65,82.99305304538989,62.01547474728161
66,82.99812999228278,61.95732792367892
66,83.00428775294134,61.970142059702226
66,82.96586824863772,61.976029402007335
66,82.98307967353692,62.00966500707615
66,83.0064005428801,61.95817303391649
66,83.02552660313597,62.03866014896641
66,82.96473441420994,62.0254365134399
66,82.96592282726576,62.02146051759249
66,82.95761037503509,61.987481656289525
66,82.96627833398026,62.030022925960516
66,82.9970227704624,61.95150906746859
66,83.02944387238297,62.03116886033515
66,82.96338423256147,62.019628488793686
66,83.04686178710853,62.01413484227416
66,83.02291857558616,62.0365534829241
66,83.00974742574614,61.989849324206126
66,83.02938553275139,61.95968892419156
66,82.97280807370667,62.01457186391842
66,82.98013707292446,62.01782294411145
66,83.01144378338766,62.00139046761792
66,82.97067900810947,61.98565736370197
66,83.01892011170197,62.03477208904765
66,83.01039650232865,61.98384368500476
66,83.01811326533215,62.03482838941012
66,82.9790856390832,61.97569020783543
66,83.01990446633339,62.005193443558746
66,82.99814045004638,62.028951229536816
66,82.98094132176084,62.002511673825495
66,82.98887039741588,61.99503832576662
66,83.0405029248356,62.01316251960496
66,83.03171342114145,62.02458774720076
66,83.02462629780872,62.028768282568144
66,82.9935698637349,61.975677922947135
66,83.00867719546103,61.968927115966494
66,82.96320496805214,61.9794740544598
66,83.02356315818807,61.98588653178747
66,83.04383761963696,61.98243313047777
66,83.02420754808958,61.96941991747387
66,83.01873129446533,61.99443483462645
66,82.99344829021422,62.00912914052092
66,83.03613301256439,61.96939960037069
66,83.01375437441588,62.00211170595059
66,82.95430540133837,62.0132729299571
66,82.98266361074717,61.99165971338753
66,83.01711486994331,62.00853772019509
66,83.00100045632375,62.04011833167108
66,82.99451602966523,61.95689000374031
66,82.9996005558279,61.979550419428904
66,83.00913381531308,61.99330553710735
66,83.03018533347709,61.976930259993715
66,83.00731914821044,61.98549703197436
66,83.00883362968892,62.031404499865985
66,82.99303091753166,62.005929686483235
66,83.03592664507818,62.006433878311924
66,82.97971357996936,62.00158594717941
66,82.98477041983091,62.03476977402157
67,83.01281994339216,62.00254213785751
67,82.9907373308223,61.95660037942842
67,83.02654765569937,62.0262125344148
67,83.02482718350619,61.979076746995176
67,82.99018009574701,61.98288655406012
67,83.00607496150332,62.02720963265767
67,83.03791623582813,61.98821983017992
67,83.0084051704821,62.01385474823208
67,83.01031393306967,61.970875012166985
67,83.037549749678,61.9702339097823
67,82.96471394952165,62.03112799344011
67,83.01801166098183,62.025217336766744
67,83.04577320158194,62.0046410949957
67,83.0189928706344,62.003220300221855
67,83.00292505382292,62.04711328893594
67,82.99737454852247,61.964455940616354
67,82.96197786775568,61.968732236212816
67,83.01207276693317,62.00813222946689
67,82.99671532027851,61.954607714495786
67,83.00802447914886,62.01749147267271
67,83.01063367814331,61.959961842395266
67,82.9981703531026,61.966665193000274
67,82.98344540699458,61.98387664331612
67,83.047287754999,61.98630201475286
67,82.97970242232094,62.020472883875755
67,82.99520590945939,62.02374429391242
67,83.02362460706298,62.02415479139907
67,83.03858024860338,62.03002654544324
67,83.03238958760483,61.97179926814414
67,83.02031463492325,62.010994506767865
67,82.97537884008239,61.98443526680899
67,82.95947971472256,62.02470943334171
67,83.03699579006468,61.98842053975796
67,83.00739133642071,62.01374782225793
67,82.9904423107939,61.998870367609
67,83.02565603854919,62.02976019918222
67,82.96678800677184,61.96417733875515
67,83.00266572155057,61.95936385737773
67,82.97264697489706,62.018531927586174
67,83.00254079325404,61.9867542123407
67,83.0414080029203,62.00900297367113
67,82.97848474348385,62.02471213880904
67,83.00706689428849,61.98720079113184
67,83.03376245735785,62.00091495153788
67,83.01818855880794,62.01534100759462
67,82.97925108769186,61.99008424001066
67,83.00148412975058,62.04328280595178
67,83.0122717146369,61.95824179164641
67,83.00162642347102,62.016517069661454
67,82.95310928448043,62.00663686984268
67,82.97313060654477,61.97978086841928
67,83.03329598578223,62.01414639194579
67,82.98824763949729,61.9930297559966
67,83.02515731261734,61.98532680435376
67,82.97806866979263,62.043233368394226
67,82.98417892599183,61.97879108775358
67,82.98265810736267,62.00476591306848
67,82.98076907546317,61.97742029360654
67,83.00404049229854,62.00359941241992
67,83.02813709535211,61.986018554287085
67,83.00206161864848,61.963897549071476
67,82.96251110747947,61.984728736229
67,82.99390965574113,62.0300734575109
67,82.98796442714708,61.995380622975766
67,82.97880621125742,61.97164775864961
67,83.02357884246297,62.03144208552618
67,83.00591778495489,62.01633610832324
67,82.98973738748458,62.01311499561066
67,82.98934987905703,61.981086969427366
67,82.99148471944459,61.99195662058099
67,83.00555968089391,61.985577850581755
67,83.03635819867748,62.00808182339001
67,82.9609920618366,61.99339791804603
67,82.96820884584953,62.0129782110885
67,83.02226820665175,61.99955889878191
67,83.03927197246854,62.00572953220694
67,83.01175878558524,62.009646998170275
67,82.98135766268672,61.973686690776155
67,82.96024283699181,62.02755581793446
67,82.99296107381905,61.95840685436041
67,82.97957296687002,62.04221324646114
67,82.99187164643614,61.9832096873303
67,82.98891551721044,62.02114782636062
67,82.97871424108857,62.00159494259541
67,82.99867322919282,62.00211425875402
67,82.98661915902053,61.95776623322282
67,83.02059494759922,61.963780860022645
67,83.02007394313458,62.03964425775742
67,83.02184805686878,61.985804549145186
67,83.0233786331599,62.000198256875215
67,83.02486521335203,61.95736969826239
67,83.02565027628378,62.01242491380123
67,83.0046310651061,61.993448093090834
67,82.97203517401928,61.97163401548375
67,83.03736856505132,61.980384791154094
67,82.97188559447817,62.02563022594043
67,83.04735166930536,62.00426004729736
67,83.00011763456551,61.981046587475554
67,83.02141643362668,62.022143756864196
68,83.02048717571311,62.00264977909929
68,82.98298840228419,62.01936221189217
68,83.03590350246908,62.01032734843716
68,83.01699734848512,61.992708652304216
68,83.01912664933867,62.015689401312706
68,83.00475318408819,61.985186329602435
68,83.03376496418382,62.023900149324994
68,83.03317178702498,62.00595517599042
68,82.96325313484621,61.999726334612276
68,83.01279056943295,61.976964833343104
68,82.95589035227023,61.99083793613232
68,82.99965443784676,61.964676388304994
68,83.03966623604748,61.98622468327649
68,82.9883646049595,61.99207664125311
68,83.00272500458765,61.96606189880945
68,82.96123664040059,62.023880081503805
68,83.02279065765192,62.02162179956997
68,83.00094151052554,62.00462378592254
68,82.99894775644762,62.01616694496279
68,83.02562750570236,61.972844258038776
68,82.98571660104089,61.96716728677871
68,82.98116103694394,62.03122780170216
68,83.00038099822758,62.04270421343361
68,83.0149214565311,62.02464961483034
68,83.02850229617162,62.03400036174435
68,83.03254934121809,61.99983492347389
68,83.00919841289452,62.020158257750474
68,83.04112396339907,62.027503848866736
68,82.99601143261117,62.01913440445481
68,83.00364013383114,61.96055693991998
68,82.96561070583941,61.9789689693285
68,82.96287794158283,62.023881620312906
68,82.9999994705514,62.01871256301006
68,82.96588460896001,62.033685744131056
68,82.9756079282257,62.01221609898735
68,82.99835606132994,62.01531400724079
68,83.02169878583183,61.99781336115419
68,82.99491415389082,62.039737975796484
68,82.95958628011853,61.99958662885131
68,83.0138114802008,62.00187952739591
68,82.9782388711568,61.99927042142674
68,83.00362504317165,62.039085691406086
68,83.00681260889758,61.991367682989534
68,83.00849797444306,61.99483246368213
68,83.01883228073562,61.9899469393108
68,82.99721171466457,62.00051304123277
68,82.9887279661392,61.984730863563236
68,82.97043540521189,61.970518419666746
68,83.0015098593436,62.028961837034224
68,82.9589613599222,61.97720183709991
68,83.03857422705835,61.995649666013676
68,82.99695913127637,62.038087309437394
68,82.96447573729327,62.01358768729387
68,83.02035531449064,61.971451279102794
68,82.98400042877385,62.04487925701313
68,83.04090164481306,62.011957159959564
68,83.00727796649242,62.01700678905006
68,83.00637213348135,61.977999334091585
68,82.9870645082369,61.967446833561404
68,83.02651115551554,62.0239749438874
68,82.96209604024692,61.99996295594066
68,83.01987342622483,61.95751427726828
68,82.98294225766433,61.993669730498894
68,83.01406334142209,62.01235712322133
68,83.00041117175593,61.991559925373544
68,83.042873057398,62.00244308825054
68,82.9868475388176,61.98528508657647
68,83.00052241817143,61.96120095812231
68,83.00844365339209,62.03609734360409
68,82.96395234905906,62.022617855188564
68,82.95472459513844,61.98202667611733
68,82.95229548206268,62.007878723179466
68,82.99592175861223,61.98294651118368
68,83.00247441730791,62.026049712617414
68,82.98758522178046,62.0458498527752
68,83.00737172872307,62.024467476215165
68,83.02026394896343,62.010412305520695
69,83.03305861045764,62.02027488001192
69,82.97100887714558,62.03535789641356
69,82.99565049238431,62.01172353873028
69,82.97376677519962,61.99572852141525
69,83.01281994339216,62.00254213785751
69,83.02296708120883,61.97303168553064
69,83.02959231333574,62.0394345804404
69,82.97986031611318,62.00696029402239
69,83.03108485498188,61.96758251844094
69,83.03317846434719,61.99649246793989
69,83.00570711492875,61.97171932854391
69,83.0163411135193,61.95885653663441
69,83.03499751876593,62.012601345818375
69,83.04512158337694,61.97998978061654
69,83.00833852001864,62.023942539315485
69,82.97470246541192,62.02257347567246
69,83.02358360295547,62.036566201619245
69,83.01481269736651,62.004151725173294
69,82.9776140525086,62.037053162392674
69,83.01978210322619,61.95431398008444
69,83.02181953133184,62.00791958837489
69,82.97125718019556,61.984530140058446
69,83.00556735593774,62.03919276379414
69,83.00068263849634,62.04446578478364
69,83.00781106256217,61.97481416209499
69,83.0147514712338,61.967588645778214
69,82.98817639357142,61.96563528721804
69,82.98381729107085,61.984731902364594
69,82.95170571977631,62.00023308021284
69,82.99455983091339,62.00355898714746
69,83.0116073426901,62.006618937884845
69,82.97736107313634,61.978953558519834
69,82.99043055745854,62.00262078939562
69,83.0004665269113,62.016754757484485
69,83.00790501863722,62.04194534886306
69,83.02555676983435,61.9844582594632
69,82.99131126275623,62.00716451309196
69,82.97687106913074,61.992147894436336
69,83.04340437682647,61.98529858008735
69,82.98474737318786,62.01427117693606
69,83.00077203617343,61.99337934658412
69,82.9960235906965,61.97680223320855
69,83.04159499168938,62.01985657464452
69,83.02078520789149,62.00161711029365
69,83.02967202226908,61.98621408305838
69,83.00360676058408,62.04851744644681
69,83.02318175360459,61.992430871055674
69,82.97536534738059,62.028225684538214
69,82.9713507106205,61.99625981694213
69,82.97256990657915,62.03781840325687
69,83.04083529285445,61.98644304538746
69,82.99404452610173,61.975516544964044
69,82.98605188309764,61.98237727343505
69,83.01930004068223,62.012668415200714
69,82.98222951361275,61.9979025330741
70,82.97847516230911,62.01351575260041
70,83.00951798098696,62.01803753637754
70,82.98028679944137,62.03937582779337
70,82.97783555390794,62.00737059302937
70,82.9999911460443,61.97946720112274
70,82.99667066998514,61.95597248869362
70,83.03215973163383,62.015285171576956
70,83.01340555341136,61.99404419636524
70,83.01867612039686,61.99461884473862
70,82.95425844630516,62.01971011613831
70,83.00279512072042,62.00225780244493
70,82.98586207736825,62.016256329518164
70,83.0121541417617,62.007326236021804
70,83.01832879618458,61.973013257481234
70,82.99120319015728,61.95466328759123
70,83.00536288395392,62.02409134783929
70,83.00726883474508,61.98274565500117
70,83.00421108380334,61.96715268699742
70,83.00686314412692,62.02076048886893
70,82.95183982655338,61.991609565605614
70,82.9940240477533,61.981100084392054
70,82.98858036141485,62.044929724565726
70,82.97157953840637,61.988908011212835
70,82.99826334280863,62.01290289171482
70,82.98901891145262,61.9883591666716
70,82.98016609641468,62.0394363916559
70,83.00668744398195,62.01448308809249
70,82.98709595616351,61.98591088423509
70,83.00884013136714,62.03667028832462
70,82.98964103276059,61.97857706467002
70,82.99671909304048,62.001140703171515
70,82.99893122287742,62.01883410065846
70,82.99001040176611,61.98029654644977
70,82.99487738993864,62.04373012104929
70,82.9719989971295,61.96012199074142
70,83.0042928487469,61.98976293559786
70,82.95986786280002,61.97366956168094
70,83.0098726748296,62.02494232205312
70,82.983013207246,62.01172954541362
70,82.99514089151049,62.01769238002324
70,82.97663950371106,62.00701332887798
70,82.97611291262734,62.02904916988163
70,82.96384180073946,61.97690388950091
70,83.01718356367181,62.025386852101946
70,83.00764424917716,61.99338871884245
70,83.03335335449856,62.01517247334438
70,83.0020754922404,61.97024794521939
70,83.003161859261,62.00496522881113
70,82.99740624240792,61.955226287739265
70,82.95611458636996,61.992371189676405
70,83.03009834498862,62.024122223418
70,82.97408577782144,61.996888230103586
70,82.96509821290564,62.004083557114484
70,82.99853893678977,62.026219923880134
70,83.02652548736789,61.99091180693623
70,83.04142188306321,61.98228574109828
70,82.98776533167002,62.009870276567455
70,83.01859056770819,62.00781098970823
70,83.02493807334733,61.99993131817783
70,82.96618401432312,62.011277376525406
70,83.00623518222777,61.980948890593886
70,83.03146270013802,61.962367600358085
70,83.03813008302824,62.02466849117238
70,83.0320553480764,61.986908272397784
70,83.00518923695483,61.9706875604042
70,82.9874034931355,61.987428730269286
70,83.00603560796844,62.01460948487168
70,83.01423823577164,61.97629906658065
70,82.97084244571224,61.96554546736464
70,82.9854741229584,61.99052563807606
70,83.00052321893918,61.96454730113208
70,83.00253484471452,61.99709478633738
70,82.98277674010218,62.01663243195981
70,82.9976294653651,61.98487016699466
70,82.99951244412523,62.01382148197449
70,83.03264787577835,62.03489972433905
70,83.01265077702627,62.02196087302114
70,83.03144168667016,62.029384892995466
70,82.99829805835098,61.99296529538949
70,82.99862315978523,62.031247435055306
70,82.97696446320614,61.99548414253135
70,82.99063636731312,61.959319035595385
70,83.00329823756594,61.98766146747252
71,83.0304856868709,62.0033267507971
71,82.952276336969,62.009059197984584
71,82.9869366207712,62.01653945606524
71,83.02970507446838,62.03781002927206
71,82.97332357455069,62.02141134762813
71,82.95544639736822,62.01280626397266
71,82.97706012685735,61.98558519917023
71,83.00523341401704,61.985762743465315
71,82.97240459650742,62.01413981865691
71,82.97222117536178,62.01320447023153
71,83.02237603735759,61.99868433770222
71,83.03440249038482,62.033992951944064
71,83.0047642650759,62.00015490922749
71,82.99393591834863,61.98677316886336
71,82.97438536875038,61.96658931124609
71,83.01108783020858,61.982231373903666
71,82.96235513085927,61.98426189507941
71,83.025623474182,62.02703924457011
71,83.0441148112139,62.01527210057826
71,83.02898907831542,61.9890361136417
71,82.97359473182247,61.99531920729433
71,82.99108631350227,61.99068814974664
71,83.00589419942959,62.04350120794623
71,83.0322679423614,61.97642311735715
71,83.02274166644163,61.99246684111993
71,82.97600099969964,61.96071987433411
71,83.03197883645572,61.97819699163651
71,83.00336344840134,62.005681902976505
71,83.01217064675409,62.03868214177867
71,82.95330981186757,62.01062312515876
71,83.0224721121174,62.014873447511874
71,83.0036130340908,62.01680736269604
71,83.03441121794371,62.024678034498656
71,82.96587188939951,61.981318295943716
71,82.98390201257705,61.9603348892736
71,82.9903127258346,61.95307466618838
71,82.99040394335458,62.043653695122956
71,83.0264122178143,62.00749280136643
71,83.02658603724628,62.008810646444196
71,82.97806987639224,62.02573985052189
71,82.99115177156754,61.97362696940283
71,83.01609319488306,62.02575765710539
71,82.95422004666327,61.99192825240771
71,83.01392973865356,61.97756201971685
71,83.0007483443935,61.95209157699274
71,83.03531559095882,62.017332711037355
71,83.03523992118103,62.02658654971781
71,83.04150522993619,62.00236938292344
71,82.96592370842447,62.01842322862032
71,82.95605577422765,62.02354062341346
71,82.97151988546874,61.99850077845415
71,82.99400462370488,61.991247690120005
71,82.96324994644664,61.99674331938697
71,83.0321411023712,62.03765800839973
71,83.01819547409059,61.990031534384435
71,82.96343370739288,62.004798997562226
71,82.98520867085679,62.027689837779434
71,82.99164637820795,62.02788652872108
71,83.00141925014054,61.98495099507261
71,82.96286576127599,61.97931726763317
71,83.02565603854919,62.02976019918222
71,83.01431531103849,61.9938586996877
71,82.96364781635285,61.981471396860705
71,83.0280155240776,61.9678694143136
71,82.95830766252932,61.9781676384149
71,83.0200794482946,62.00225989665273
71,83.04150136873615,61.99100172123029
71,83.00156731937112,61.98657636053019
71,83.00349670598969,61.99254517002046
71,83.03014607372718,62.02564662202018
71,82.98975342513071,62.023564237590314
71,82.9949081341592,61.9879339193588
71,82.98161907276389,61.99943231279593
71,83.00818957379028,61.98766467228588
71,83.0141316831395,61.98895498470124
71,82.99035456632674,61.95343079568813
71,83.03868616624236,62.0084006659017
71,83.02920278537226,61.960230371732465
71,82.97894964859793,62.01502181025065
71,82.98220596682681,62.02770998508341
71,83.00441383314903,62.0235480014732
71,83.01972831061369,61.96158215181199
71,83.03842336501071,62.03097489553643
71,82.95805721916335,61.98373145303429
71,82.98757522713828,62.00633693363329
71,83.0120032384947,61.99577490797592
71,82.96534723737891,62.035820840360316
71,82.98733551385106,61.99405877878356
71,82.99373838932979,61.98997830769628
71,82.98860814669924,61.95699963758271
71,83.02903340697677,61.96539273218116
71,82.97052946267458,61.97602600234212
71,83.01523373892286,62.00834819238177
71,83.01567805433201,62.001146791349804
71,83.00182761461271,62.01320244001922
71,83.02510172350583,62.02660146278777
71,82.986978112943,62.00882939790178
71,83.0057212396685,62.03683908660971
71,82.97967408239998,62.01742330546731
71,82.99866396807555,62.01239304280001
71,82.99604439469798,62.00231821375267
71,83.0065085725126,61.99503508709123
71,82.97837648887968,61.9909277542119
71,82.9978499556408,61.99476756905169
71,82.99067518538943,61.95931462248827
71,82.98308320698554,62.03166438957147
71,83.01188346192784,61.999340636887624
71,83.0202374532992,62.019883280193305
71,83.02936715420172,61.98445367655293
71,82.99581054473315,61.962388450343276
71,82.9664807544062,61.98062859495573
71,82.98660502118373,61.99564460190245
71,83.04293356207172,61.99929694154778
71,82.971017040013,62.02836451808199
71,82.99797772385799,61.99654019321481
71,82.96261725386603,61.96781317314712
71,83.00810293720363,62.01708150884831
71,83.02054914880121,62.008308809566195
71,82.9608190550729,61.99563779445777
71,82.99543488045444,61.98315003501363
71,82.990864660768,61.960963923006524
72,82.97233850309222,61.960583143351414
72,82.99950070011715,61.958768434491546
72,82.99809103380038,61.99457415074501
72,82.9601066237008,62.00754161816361
72,83.01174025133196,61.990767077058614
72,82.98985932556018,61.95697255731611
72,83.03539300343776,61.982279117190366
72,83.0147636358154,62.01000335772209
72,82.95824816020112,61.989972673492936
72,82.98824696425413,62.04418713934378
72,83.01984678926685,62.028891673460144
72,83.03425003948514,62.02966761351536
72,83.0321411023712,62.03765800839973
72,83.0261038645841,61.97378501943413
72,82.99519732554343,61.96549129016994
72,83.01349636958967,62.0346183696481
72,82.96587277924853,62.03093753810425
72,82.99078594618328,62.04226490888076
72,83.00627488586609,61.98924733678178
72,82.98416551827452,61.99406520956142
72,83.01854416512076,61.97987669321135
72,83.00650702912677,61.98402059354468
72,83.00996065856768,61.95808907712644
72,83.02796579906412,62.030575477516045
72,83.03659583883396,61.99611402698922
72,82.9679042003369,62.00383400680103
72,83.0383766141098,61.96925917873069
72,83.03505735675931,62.021856915962395
72,82.98540642105516,62.01067923985713
72,83.01312205664364,61.98901452295345
72,82.96830635282052,62.003633896365024
72,83.01638765446218,61.96405864489243
72,82.98912529161288,62.00605906038868
72,83.02930460984336,62.0354162364331
72,83.03243794296354,62.03355628537207
72,83.00015033823186,61.97169248397828
72,83.04291153786029,62.011649393733116
72,83.01257272080797,61.977287210058584
72,83.00337787569677,62.04061523794994
72,82.99185529341557,61.98495110751364
72,82.97765284559505,61.99550177919194
72,83.03105215530226,62.008980956212554
72,83.01811736558581,61.966744420203646
72,82.98564321077899,61.993220270811236
72,83.01250899903344,62.013547550302434
72,83.01855427136272,62.00196172015529
72,82.97490403036284,62.01937216475061
72,82.97867618049882,62.03202266514116
72,82.9529073669499,62.01141429021445
72,83.04233504233075,61.98311375045435
72,82.98414937581937,62.007307226750015
72,82.9633910630414,61.98081239088991
72,82.9823316339726,61.99944029409014
72,82.98764562390242,61.98292619082856
72,82.98008192123885,61.95819956969015
72,82.9635391733057,62.01674495241644
72,82.97413895617801,61.96515849350897
72,82.98729649057718,61.96397084543705
72,83.00069848604736,62.00468639505938
72,83.01020817167337,62.01495384167081
72,82.98144040621261,62.04153655228245
72,83.04743208470876,62.00555856194327
72,83.01278276755954,62.00125946796788
72,83.0095442698733,62.00146102297145
72,83.00572806185218,62.03602690693175
72,82.96869835689328,62.01472906440576
72,82.98200279170787,61.971353336914575
72,82.99951244412523,62.01382148197449
72,82.9815374142957,62.0009877283835
72,83.01726450834977,62.03169480183826
72,83.03883106370373,61.97328972716833
72,83.0261698086645,62.01262312030911
72,82.9965852755464,61.99971525457095
72,83.02085218575512,61.966119322376976
72,83.00974149391111,61.971535648653024
72,82.99740945662539,61.999430165357765
72,82.9968503978958,61.974537985318214
72,83.0199890584214,61.97343487967154
72,83.03666890342733,61.97192496001129
72,83.0354751699873,61.96608889054061
72,82.97761345829522,61.96483613232219
72,82.98005230088455,62.01871838269
72,82.98770313076619,61.95553215320647
72,82.96650920207213,61.964475897319964
72,83.01508088584524,62.03878711841641
72,82.99627719918514,62.03985251383808
72,83.00157030525104,61.98756258179394
72,83.02073853091687,62.00375098654529
72,83.02795488577318,62.00150056091529
72,82.96841389689948,61.98610210428742
72,83.04110033165489,62.00585612684573
72,83.01257132739451,62.01613500762033
72,83.03839107677152,62.00204038732702
72,83.02679467513487,62.0268725156217
72,83.01205629846729,61.97610784115395
72,83.0233786331599,62.000198256875215
72,82.97025356717712,61.97174913009305
72,83.04750487860775,62.00624943065673
72,83.00522408801184,61.994325557940144
72,82.98687835911787,62.014129554927926
72,83.00166215051101,62.02339412216057
72,83.01716824490201,62.029839167221766
72,83.04178111335303,61.976623797290834
72,82.99707983466652,61.980895964546406
72,83.00630674776669,61.996422660473414
73,82.97577054828871,62.01315610443994
73,83.03727922187196,61.98487276658262
73,83.03049421777757,61.99945392138331
73,82.99703786408972,62.012086884668165
73,82.98937862477123,61.97200409727727
73,83.04945623797893,61.9962161499724
73,83.02420754808958,61.96941991747387
73,82.97812175233065,61.99815240214906
73,83.00807009044503,61.98409164194971
73,82.98767694711242,61.99964916155655
73,83.02523865548754,61.9885604409476
73,82.97874074693114,61.99116865720579
73,82.96380469307843,61.971927207615025
73,83.02915595313466,61.996182820993816
73,82.97458156093947,62.01164647016713
73,82.99667311065734,61.97940261169874
73,82.99518012951577,62.02119942562737
73,83.00785404435123,61.96390635334481
73,83.02179877630745,61.99370093146536
73,82.99429707485372,61.97080951039051
73,82.96959958610277,61.97952405899751
73,83.02569136496956,62.039570100854505
73,82.95175154878895,62.00382189893081
73,83.01332320839897,61.96163007980226
73,82.96064186229763,61.9987546914999
73,82.99999134531834,61.96062275339858
73,83.00213665883568,61.990474161757305
73,83.01536627157599,61.99012335076171
73,82.972812671795,62.0290273130031
73,83.02921448113713,61.97005510556574
73,83.04678045372385,62.00262097152295
73,83.01038020135158,61.9587465173873
73,82.95221796602304,61.990083642203196
73,82.99365248684732,61.98258448836653
73,82.99202442344337,62.01879341471434
73,83.02107736696159,62.02776656303808
73,83.00455045261496,61.96642196019674
73,82.98569706928195,62.036669493280094
73,82.98013515889438,61.99128913216289
73,83.00175771203241,62.029281824606414
73,82.96615836126985,62.02515999983851
73,83.02564957614456,62.00683638335609
73,83.02224111240335,61.959936520518724
73,83.00568182880443,62.00410371240376
73,83.0352563020953,62.00168287351295
73,83.00882022096044,62.0299012883986
73,83.04589886850351,61.98043692804245
73,83.0145075118924,61.989349530948964
73,83.01560559081283,62.016809153341896
73,83.0090973193261,61.97314268009389
73,83.0260888934637,62.00033207471491
73,83.02815772924455,62.01994445965596
74,83.01946833959829,61.95631403690025
74,82.97219669447585,62.01849912942541
74,82.969238398791,62.00931230284112
74,82.96176566542191,61.985003575734765
74,82.96024283699181,62.02755581793446
74,82.98354352523131,61.978004910393636
74,82.99357952647159,62.01822328581627
74,83.03042392104365,62.0329962396357
74,83.02565878249634,61.97846571566333
74,83.01392973865356,61.97756201971685
74,83.01650721608301,62.00702634544828
74,82.98480865885215,61.99298489775665
74,83.01653503240134,61.98955293285925
74,82.96854162745741,61.9805948882176
74,83.03903282702066,61.98351474393426
74,82.96565649746088,61.97513119215263
74,82.99890569972514,61.97339862360885
74,82.97298639678635,62.03195596361297
74,83.01154336929679,61.96770671688908
74,82.9979981197563,61.980377715487656
74,83.03299103757617,61.96364126295277
74,83.01723677859509,61.99053148749263
74,83.00247614754154,61.961624221507975
74,82.99772197408768,61.96870254524308
74,83.03685525892746,61.97548839893203
74,83.03440249038482,62.033992951944064
74,83.03489076791847,62.01176295616607
74,83.01490254790193,62.03385647686617
74,83.00743855704852,61.9628568351219
74,82.99151667552307,61.97294940017382
74,82.97670342498563,62.00603262136897
74,83.03393410049557,62.025450808694444
74,82.97025743240299,61.970413654906736
74,82.99162594953339,61.98912237074492
74,83.03354964081217,62.00248002446191
74,83.0360267332157,62.02947423898073
74,82.99718035378051,61.99948447470471
74,83.01724773303013,62.04227416286461
74,82.97183652051932,62.01417318403256
74,82.98087506722314,61.98589497282929
74,83.02390693707724,62.04275414082067
74,82.97179472170164,61.98965351174761
74,82.96828050432924,61.973191755001615
74,82.97825340614159,61.96295889779076
74,82.97551521150372,62.041836998558644
74,83.01548606718794,61.961780662069
74,82.99459886853812,62.014764656395464
74,83.00718721138614,61.96715067217108
74,83.00077321363841,61.987653902275454
74,83.03882913406753,61.99399629147727
74,82.97641064307268,62.015994653532005
74,82.99401668725747,61.99954087814216
74,82.99559567523949,61.964297187561385
74,82.97821797037099,61.975735554682906
74,83.0151147339522,61.97358546499642
74,82.99264107549001,61.96140562059236
75,83.00722479324071,62.01325405694334
75,82.95253979904399,61.99165644061378
75,83.01520132289245,61.96003360754529
75,83.00106494751536,61.95750291341991
75,82.9868249336982,61.96069454846447
75,82.99028213326305,61.98469474559822
75,82.98345276908574,62.03373947917538
75,82.96612293339786,62.03266845224053
75,82.99790866520541,61.98778662739249
75,83.0097821847213,61.96506116940493
75,83.00291737088499,61.98051457913197
75,82.9689239714259,62.01968904716857
75,82.9542511909668,61.99447159089303
75,83.0365740459809,61.97461244734091
75,82.97481902830579,62.028437750680276
75,83.01755159885991,61.996444572207714
75,83.01154738009583,62.010946400118094
75,82.98388772308967,61.96952769566578
75,82.960695847474,61.9983737765668
75,82.98014990941843,62.002587630748835
75,83.01193549724505,62.013137724957204
75,82.98274609192059,61.99535338578297
75,82.96818346346913,62.025236599331
75,82.9850477440353,61.95333541277139
75,83.04245532104972,61.97561147213022
75,83.01874648828952,61.982589351120595
75,83.03498598943109,62.024147702479524
75,82.95780003398731,61.987672987695774
75,83.02690062451244,62.02274297091272
75,83.0136469637232,62.00462324758923
75,83.00447459172494,61.991669935270934
75,82.99106880547467,61.99848332845017
75,83.02222644772141,62.00817097721925
75,82.96845007463425,62.02413572963946
75,82.9840360672799,61.95266819469772
75,83.02893119555516,61.998438643010935
75,83.04371090717915,62.00828376024107
75,82.99632253369971,61.995362896881865
75,83.00533010009684,61.95197281788374
75,83.04730431521352,61.986505189530035
75,82.96671669722373,61.96413078525822
75,83.01194434839547,61.982469159629
75,83.03121852261933,62.037247034254065
75,82.9929826813468,62.04264228697601
75,82.97738219565116,62.02854301951192
75,82.99030352209498,61.95262726807462
75,83.04816100561271,62.001709272658005
75,83.00101082981725,62.024859559942
75,83.02598420013277,62.02262932229153
75,83.03957933343635,61.977093066862295
75,83.01234004482204,62.01490917311915
75,83.02557635563952,61.99898485437646
75,82.98573993656697,62.03037208428078
75,82.98274660829992,62.003023995497124
75,83.03571978588164,61.969019794188384
75,83.01883849683766,61.968127617112685
75,83.02196689552274,61.97648793348603
75,83.00055730462512,61.98071579470062
75,82.97233184162414,62.0109495770672
75,83.00215508754829,62.03186086833559
75,83.02147807340512,62.009605413198926
75,82.97105585290439,61.99977120333025
75,82.97074604326654,61.989117163573454
75,83.00716403521504,61.99160985538253
75,83.00451026413886,61.965022596762836
75,82.99413315210215,62.02032167900373
75,82.97918444812703,62.006078443970104
75,82.98798172635095,62.0282811802896
75,82.975038540782,61.99435593548653
75,82.95448072465707,61.98563364027147
75,82.95616482037029,61.97701334814188
75,82.97916448227515,61.96889654495537
75,83.04174759674329,62.017373200289
75,82.97849316446526,61.965718125078396
75,83.02646958991573,61.98739137130924
75,82.96421785360499,61.975765123828744
75,83.04141721146755,62.02099696921818
75,83.02033528262673,61.99229975076953
75,82.99726630315804,61.988960717234725
75,82.97779889592107,62.02370766288969
75,83.0266915407099,61.9854870461724
75,83.0098122018334,61.952559044568964
75,82.98876443457016,62.009673275140926
75,82.95494621933881,62.01238369687534
75,82.98046796332811,61.98435333072126
75,82.97536498883551,61.973293943261304
75,82.99759744424362,62.02378209036976
75,82.99785022857228,61.98722537832174
75,82.96088117884563,62.00048781681462
75,83.0182197718107,62.02260553278595
75,82.99101304365044,62.02248780766553
75,83.00386259491366,61.96493960660196
75,83.00313916921581,61.99964611816303
75,82.99239672293888,61.97352550443688
75,82.96359672296875,62.02670511491962
75,82.97932483949775,62.024135725442314
75,83.01244004407758,62.02315390433658
75,83.0176733554782,61.977541846497914
75,82.98418969811456,61.978844414199074
75,82.99362196147146,61.97778466437896
75,82.99403905892947,61.953628405771276
75,82.97716915844016,61.99018414103709
75,82.9709660317296,62.01583406101855
75,82.95908493741842,62.01045011439001
75,83.02250821311286,61.97706129905706
75,82.98321559770596,62.012628113232736
75,83.02439224139549,62.027310775423445
75,82.98041973386833,62.01040741299782
75,83.0240866450141,61.98258486387293
75,83.03602669478155,62.023377120357246
75,83.02515522542801,62.01169205762069
75,83.00506572087048,61.968791636989316
75,82.96474674640655,61.9882776392189
75,82.96180854191721,62.014680362531735
75,82.99540517435388,61.97307391865161
75,82.9711015814462,62.02542153124649
75,83.01833038623985,61.98869052078443
75,83.02975865636232,61.970257572489004
75,82.98910235909797,62.005096662147864
76,82.99969156883158,61.99917887668748
76,82.97176136288572,62.015561913093855
76,82.98614317414426,62.00855545579929
76,83.01742804776674,62.00409744375846
76,83.01636707140769,61.99776913157929
76,83.00230550408017,62.032345365465346
76,83.03476787049375,61.98669939739956
76,82.98026195667853,61.959047289707044
76,82.97673267050237,61.97362385698618
76,83.0112426561454,61.98355502708979
76,82.99675867974032,62.00798507878407
76,83.00251872899915,62.03861648491377
76,82.95956422641548,62.005960149714376
76,83.01588653584069,61.9983043844804
76,82.98975800972649,61.989661742177034
76,83.03507146798115,62.00811197746421
76,82.98876892513648,62.01824510292978
76,82.95874016216766,62.00991790470969
76,82.994260744379,61.99250840309691
76,83.02719088266605,61.99582199838349
76,83.01562795270519,62.00051876388026
76,82.9655788478331,62.035806586248896
76,83.01070849078968,62.022913724134376
76,82.99357043342755,61.98149166619269
76,83.02939979441058,61.98022491339065
76,83.01168452243408,62.04224243278476
76,83.02513944826107,61.976350510120064
76,83.04626178569414,62.00058340787183
76,83.03346218312318,61.96402362870942
76,83.01387803811357,62.023493465668054
76,83.01640360930041,61.98744068064404
76,82.98306449275941,62.034261143239696
76,82.96568520586565,61.982716879228086
76,82.99181289467761,62.008434924619415
76,82.96936115461385,62.019397577542044
76,82.99109749097109,61.970465081803994
76,83.01752760043041,62.04226185524671
76,82.96448946745174,62.02103837786962
76,82.98724877942242,62.041485335378674
76,82.98982042611674,61.984811191667674
76,82.9929116058009,61.9722170877763
76,82.99556188044157,61.99560325080234
76,83.01445795846556,61.96045800474172
76,83.01214490184383,61.964923733413755
76,82.99533674859732,61.95673321195683
76,83.04470365026799,62.01969833518283
76,83.03571893884023,61.96688124025278
76,82.96687062356428,61.96840225592952
76,83.04315523282375,61.99859388471415
76,82.98644787337771,61.991884541673926
76,82.95630072101365,61.99325896848056
76,83.00885381098554,62.02706465145185
76,83.03703255992993,61.99582418796466
76,82.9773556818191,61.96056077927017
76,83.00621465111534,62.019080214362106
76,82.98694199636456,61.98644645717431
76,82.97146598017724,62.032092858331815
76,83.02125710138313,61.98340026744673
76,83.00731955440386,61.98966027081944
76,82.95146948912313,62.00551646578293
76,83.02233770052347,61.958858413763146
76,82.99525048401057,61.98842369881497
76,83.02287860642134,61.96715970682349
76,82.97213680826016,62.00829310234949
76,82.98337420694261,61.98809984143349
77,82.96919897144106,62.02997132237352
77,82.98824176211279,61.973182342507705
77,82.9528268679983,61.99617351016989
77,83.04759455426489,62.01115277025612
77,83.02643431844164,62.02960577836083
77,82.98155945741966,61.96488806634193
77,82.96209419862109,61.97413814969784
77,82.96192260205468,61.969344394887784
77,83.02719235178868,61.98842134765717
77,82.97935066646734,62.022021071688805
77,82.99177791983263,61.99860463461136
77,83.02907466064443,62.033961820969125
77,82.96066589980252,61.98443868173628
77,83.01672781782555,62.021959451137036
77,82.96435756422167,62.016239550787965
77,83.01945309245374,62.02456876291142
77,83.00731389686015,61.99314704158929
77,82.98014458682883,61.95894268645275
77,83.02197500488937,61.9846780567268
77,83.0441626235704,62.01488558764571
77,82.99606320582542,61.983601605946475
77,83.04495465551592,61.98130318553844
77,83.0318240544461,62.027147652898954
77,82.9555907495379,62.01692412446716
77,83.0431022609636,61.99524110759453
77,83.00601654037085,62.008562992021446
77,82.99483185790069,61.96573807473368
77,82.97693868765832,62.03098175192064
77,82.97180253396247,61.98621446545889
77,82.99984864872081,61.97541914842496
77,83.02722504967488,61.99680697672695
77,83.02998366546204,62.00310169033722
77,83.03878739812559,61.97836735015432
77,82.99458837987112,61.97424367746499
77,83.01914942900761,61.95431593269634
77,82.9859087186843,61.95753250367929
77,82.9881476167775,61.9988798767224
77,83.01079106530067,61.990320760901724
77,83.0343008638668,62.01526552520297
77,83.02687241912037,61.982989399096866
77,82.96499424475392,62.0304223803226
77,83.01212642215674,61.96000324647622
77,83.04333512063872,62.01520248487201
77,82.98232275280806,61.99882853865284
77,83.01627976418078,62.03560745685817
77,83.03154984653898,62.03504030766545
77,83.00429674064705,61.994693798537504
77,82.98685446942213,61.96576694665831
77,82.96883888229483,62.019023438618625
77,83.03489550082071,61.98721150520189
77,83.00165976936123,62.02252587524753
77,83.04722866709778,61.995727761453324
77,82.96207724597643,62.0252241990815
77,82.99087295613985,62.02380444441884
77,83.00047549896156,62.04910937888812
77,82.97545439598973,62.02356352670758
77,82.9878630539958,61.997313627949964
77,83.0170432726473,61.98626823557291
77,82.9721547566948,62.040459785483066
77,83.00599279580143,62.03550776162394
77,83.01002468700052,61.992442518157425
77,83.00352443814539,62.02087548068362
77,83.03719465916983,61.97946063482319
77,82.99223056319342,62.016490201061075
77,82.99981408951341,62.00493843251432
77,83.03745595938102,61.9742466160744
77,82.99237636661165,61.96259561439679
77,83.01174773000629,62.00334477347923
77,83.00685991097292,62.04083674027442
77,82.96845007463425,62.02413572963946
77,82.99962975161769,61.95730830338227
77,83.000493118386,62.003758885389146
77,82.97734263331158,61.967637564868774
77,83.0020754922404,61.97024794521939
77,82.98437270005934,62.03220748589603
77,82.98324563152455,62.005230774003316
77,82.97317643894421,61.97920575370525
77,83.0299294376507,61.981579194290596
77,83.00986055264764,62.009676999353076
77,83.01749494435441,62.01666238014938
77,82.99014338181993,62.017392362384356
77,83.035765198637,61.98374657976999
77,83.0007302286225,61.99380453039045
77,82.95571808894849,62.014571550331446
77,83.01842911604352,61.997388721800625
77,83.00422409466597,61.96116922983255
77,82.96567179830815,62.025001569259906
77,83.0162364080002,62.01718094571429
77,83.00675864569376,62.04449440408362
77,83.02105210642341,62.02151978666688
77,83.02073853091687,62.00375098654529
77,83.01811736558581,61.966744420203646
77,82.9860745894618,62.01731632819209
77,82.95394068342405,61.99512793172222
77,83.04003797260354,62.02194510926267
77,82.9880963293051,62.00406295947556
78,82.96596210002389,62.029793885772854
78,83.04180975519708,62.01876523379777
78,83.0073631555146,62.04110164145442
78,82.98461961104987,61.9528283435089
78,82.99161558170611,62.0320561039948
78,82.97870720768749,61.97092683924966
78,82.9793579139371,62.040989833569704
78,82.99620170884296,62.020213291732155
78,83.00721204709089,62.0410355315163
78,83.02955302567734,61.984686179287294
78,83.02852435221493,62.03464003881323
78,83.00166685074039,61.97990723517972
78,83.01819331531085,62.00772502610671
78,83.0480044129942,61.98814955107292
78,83.01971584072294,61.96154812270563
78,83.04396871121104,62.01642116854207
78,83.01010143844678,62.036478341536146
78,82.97307851252977,61.999760535001464
78,82.9667685177071,62.025881445870525
78,82.99441806485692,61.98150443335023
78,83.045714665072,61.98588716570851
78,82.99409522112357,62.04593620393105
78,83.00854056798418,61.98526107019739
78,82.99533674859732,61.95673321195683
78,82.98124015579641,61.99543696268309
78,83.00175771203241,62.029281824606414
78,83.0025911595612,61.966895448445506
78,82.97284925410402,61.98448515124555
78,83.00818037217783,61.95475236079783
78,82.97400035913272,62.000149377483595
78,82.95588020194127,62.016623682891634
78,82.9944643843665,61.95575283520386
78,82.99100301447302,62.01618946144888
78,82.99020861737984,61.98391409782622
78,83.00078796118866,61.99164776666379
78,83.0240097941264,62.00384443118364
78,82.99429105266728,61.985535588717404
78,83.02339552905099,61.98269387454161
78,83.00830222699368,62.01602277784579
78,82.98543552926664,61.98234872099584
78,83.00430771076086,62.02168100235739
78,82.99570285537423,62.00168756890134
78,83.02774519714536,61.96674147110199
78,83.04758573262572,61.9924504906769
78,82.99119789376189,62.004906725143904
78,83.01506137469039,61.988047734197195
78,82.98459553999811,61.957982145298814
78,83.00205876483538,61.96630210635248
78,83.03780226200178,61.995537610556724
78,82.9972320511502,61.98597345106878
78,82.97757763642248,61.990807739923085
78,83.00602749271927,62.048836003492625
78,82.99417761895118,61.955766916405
78,83.01425930473103,61.993210712521375
78,82.97258806764403,61.986501176891025
78,83.00897309086417,61.995839115084266
78,83.00128402052599,62.01526378214067
78,83.03545171385433,61.9977704843689
78,82.99416088917495,61.985451441190385
78,83.03297676879383,61.97689931552662
78,83.01767192054102,61.98604720723189
78,82.99593856644996,62.02016422798896
78,83.00875088119778,62.01354149197715
78,83.00184362362907,61.994859412119894
78,83.02836596428266,61.98673507003467
78,83.00366753805172,61.96733647239423
78,83.04316562991501,61.988185709906645
78,82.98754604903597,61.98008282175525
78,82.96103672412025,61.99584184751996
78,82.99114028785813,61.965649299297056
79,82.98442069898051,62.035017531351606
79,82.98724877942242,62.041485335378674
79,82.98388808215883,61.987221476379496
79,82.99657110574968,61.99087789645642
79,82.99224133153072,62.01318380549122
79,83.01125643071514,62.02934787575989
79,82.98780963238362,62.011714854866874
79,82.98973183165201,62.03490711506633
79,83.02262879184732,61.99320428574331
79,83.02430757755235,61.96980445275671
79,82.96400308432092,61.992992291332556
79,83.031685582168,62.026856342398666
79,83.0238046205557,61.958013848858116
79,83.03620795089107,62.00696159805728
79,82.99770276583588,61.97392473428099
79,82.99929982471207,61.985559406444025
79,82.97160801165072,62.00453793053792
79,82.99514449494188,61.95405848886992
79,82.96958720606669,62.03956669300965
79,82.97462968405709,62.02088822279678
79,82.99605989046833,62.02995212285056
79,83.02943731758778,62.02220229458364
79,82.98171439781203,62.00773695785756
79,82.98900230220733,62.01803753499376
79,82.98821607683229,61.97824234238533
79,82.9791960164204,61.981301103575866
79,82.97043315529646,61.96527705228829
79,83.00612065004124,61.979851589841374
79,82.97868941164097,62.00292861341519
79,82.99178178027685,62.00965489303121
79,83.0207830530599,62.00933007194025
79,82.98762132220848,61.99447445321822
79,83.02465273945342,61.99913957341648
79,83.03568844413444,61.98496324701981
79,82.96880897102643,62.02437398175696
79,82.99535578395121,61.974192094966725
79,82.98261663105198,61.99467326578406
79,83.04041901049965,62.009707170226484
79,82.97301953884846,61.983927283530456
79,82.99455070677077,62.004897225498
79,83.00958866305105,62.035995277627514
79,82.99023941364493,62.02199786796092
79,83.00988957455448,61.97615046371904
79,82.99077689307919,62.00025562744751
79,82.99911240434253,61.96897454433213
79,82.98716304833897,62.001408496678195
79,82.97063265471604,62.02178817262731
79,82.99981113820151,61.97309868953964
79,82.99991867214949,62.04944866015538
79,82.98396969881429,62.02544100908801
80,83.00446184264752,62.014789332885925
80,82.99619194088672,62.01424160469848
80,82.99690342051002,61.98933129970829
80,83.00507673815028,61.960115572865135
80,82.99318582947447,62.02462835578421
80,82.97874837710863,62.01713589720927
80,82.99499384684316,62.006775918093375
80,82.99159103580888,62.02174861386743
80,83.01551466289766,61.992775181014274
80,83.04448587077054,61.99423043228716
80,82.97210784317205,62.017090011296254
80,83.01562013271364,62.01220743015752
80,83.02709861296965,62.01642727199446
80,82.99641296768378,62.02374335950897
80,83.02897696451474,61.98263979735384
80,83.00447667499807,61.9783766048772
80,82.99388708650947,61.983470845212416
80,82.98188470714085,61.97875085858576
80,83.00930621524809,61.96731126443454
80,82.97374151324595,62.009697076666065
80,83.01786448988904,61.977095300101915
80,83.02372007593445,61.97683269144383
80,83.03443979956566,62.00855319577111
80,83.00822477405215,62.03141745059518
80,82.98767694711242,61.99964916155655
80,83.0235459713873,61.97417066530262
80,83.02428207225344,61.97769977702507
80,83.00357775782297,62.01419683755475
80,83.01769880560691,62.026221231469684
80,83.00057249821438,61.985442153908274
80,82.9995193016837,61.9870131898429
80,83.01349569509803,62.002784862256554
80,82.99323406987513,61.961428338340866
80,82.98290227066575,62.026421263950844
80,82.99301427896326,61.98349566171667
80,82.99989340121947,62.00123321828289
80,82.96553280276557,61.9756878362299
80,82.95542380529064,62.00562239947942
80,82.99040784156331,61.98076037432833
80,83.00042846369523,61.97722361722468
80,83.01955564928873,61.99943343421781
80,83.00656494564949,62.02037002932015
80,83.03387077042973,61.973340190617314
80,82.9823316339726,61.99944029409014
80,82.99029436283216,61.956587155960754
80,83.01202051985312,62.003816777905385
80,82.9979465173268,61.98952005682237
80,82.98940508644107,62.01195814070147
80,83.0132075774429,61.97144633880214
80,83.00464069662168,62.01023023693769
80,83.01077696402143,61.99262429076194
80,82.99269644133379,62.010550945330756
80,82.99237105851796,62.020728460304035
80,83.0148023265152,61.97329731584245
80,83.01739887525825,62.01296753820986
80,82.98155077025321,62.012411663509404
80,83.03582131313233,62.02657053173508
80,82.96815082015108,61.98298948955251
80,82.96128015109839,62.00808534636215
80,83.01810179801151,61.988403407203755
80,83.00624474934713,61.996279639758626
80,83.02780521900307,62.019934295576256
80,82.99621024540724,61.98801104835602
80,82.97923498256309,62.00956715482607
80,82.9648670256578,62.00021990137841
80,83.02744836718246,62.00986691842522
80,82.98904132521515,62.0245873463854
80,82.99798219204807,61.995240959685944
80,82.98106070235025,62.01748842792801
80,82.95678750051526,61.988925664643126
80,83.01525797729587,62.006555083792016
80,82.96939678728494,61.98936700275061
80,82.99378062701993,61.988083644211514
80,82.96538477993583,62.01706811870904
80,83.01591884028102,61.97178025175812
80,82.96017834847034,62.012974537299826
80,82.98953071045402,61.980383769747824
80,82.98506518591302,61.97571431076458
80,83.0245354271378,62.017525026578355
81,83.03391160506226,62.03187862643035
81,83.01462654031853,62.0000481726957
81,82.96425126541583,62.02588676288077
81,82.97708322093632,62.005973154349185
81,83.00759735554661,61.9588210747499
81,82.97516170852238,62.00230768254693
81,82.9810912903039,62.00796576943188
81,83.01168452243408,62.04224243278476
81,82.97836141744715,61.991643138047166
81,82.97061485128037,62.01563023918751
81,82.99785113309606,62.023802568748046
81,83.02518769669028,61.9824223139132
81,83.00120047525701,61.9753443320247
81,82.96814318416187,61.98064363465766
81,82.96627020287804,61.99291882677174
81,83.04786335079487,61.992979508933544
81,83.0066756509081,61.99278625878029
81,83.01746627060402,61.98207404748802
81,82.96731258171219,61.9872751996704
81,82.98344540699458,61.98387664331612
81,82.9588994265326,62.005502326836286
81,83.02921898098882,62.003569261695816
81,82.99818445342251,61.97285328962945
81,82.96132050277974,61.99507489022582
81,82.97787552449994,61.99151910630937
81,82.98176234735601,61.97287744968238
81,83.01111292412338,62.016042653991946
81,83.02438449666845,62.02176755400312
81,82.95141816640812,61.993657478902556
81,82.954538029449,61.997145241064125
81,83.0058691796335,61.952734312846026
81,82.97671733102366,61.975674342332795
81,83.00914450925467,62.000556922004144
81,83.02255183334076,62.00771522944609
81,83.00167129715211,61.95432169950401
81,82.9968503978958,61.974537985318214
81,82.99884618030528,61.96496745064408
81,82.95458202910316,62.00263577341811
81,83.04383761963696,61.98243313047777
81,83.01151351891131,61.99592201613006
81,83.04953044736119,62.00054967215822
81,83.0436360396309,62.001591176512036
81,83.00177749705948,62.01895079720226
81,83.04276260887119,61.996194207916346
81,82.9969800120235,61.97166360309553
81,83.01071213164445,61.98522873804789
81,83.0064281482046,62.005020699235345
81,82.96820465301245,61.98795357698027
81,83.038303526649,61.985770571151534
81,83.01685817867538,61.96764488511046
81,82.9837627094825,61.97972384509926
81,83.00840564397866,62.03374986626465
81,82.9947411696995,62.03016931250716
81,82.99378062701993,61.988083644211514
81,83.0091942613157,61.96244016098085
81,82.99156569824275,61.97726051441166
81,82.97814922787197,61.9800413566552
82,83.00794063947414,61.98111966372904
82,82.9601614929829,61.976448324332935
82,83.00213928822022,61.97721528999079
82,83.02320991693077,62.001001538916725
82,83.01628799488324,62.03408338255062
82,82.99491352354477,61.95646998958332
82,82.98536607767959,61.9930447699216
82,83.02438606691442,61.99117020854183
82,83.02187690814172,62.024573749911085
82,82.9892741653922,62.02191517897564
82,83.02975314439882,62.01884702551439
82,82.97502637938786,62.02929755740791
82,82.97934722906997,61.95907980997857
82,83.00770450456787,62.02862091404051
82,82.9567166775272,61.99982141598771
82,83.02744668680715,62.023281233234
82,82.99991867214949,62.04944866015538
82,82.98214176326822,62.01227112498216
82,82.996939041744,62.037538577376395
82,82.98022762112475,62.04152516390073
82,83.03446778079905,61.9811495135388
82,83.01701640331537,62.04301451095612
82,82.99093620211009,61.99122579952227
82,82.9677598761245,61.96762953703632
82,82.97456762873568,62.03850801945551
82,82.97990659107982,62.03366721573148
82,83.01875850688594,61.95620645780655
82,82.977633998388,62.034732310249915
82,82.97115739246252,62.02135757042828
82,83.03110847265098,61.96205405847042
82,83.01443812768257,62.000365582026
82,82.9870881854667,61.95497224991622
82,83.00855510599908,61.99215189130438
82,83.02207820332409,61.95930764265237
82,82.98611518812685,62.01566403255681
82,83.03883431488052,62.010736282284526
82,82.99264668964057,61.974518408178724
82,83.04449916803071,62.00546764736636
82,83.02226770753185,61.97032068999992
82,83.02247919250327,62.01857529141394
82,83.02743174454322,62.03693683790612
82,83.03793771144142,62.00725706745152
82,82.99793606196918,61.99808740500975
82,82.97220659745794,62.03398704639134
82,82.99283144096326,62.00081709245187
82,82.99626706404602,61.952415888734855
82,82.97507279764216,61.98776711881587
82,83.04033424636778,61.98141338597487
82,82.98797860329181,61.970181515016485
82,82.98781777833726,61.99586001144788
82,83.0315532256202,62.034379492197075
82,82.99452816338655,62.032684699355485
82,82.99258457695612,61.976376666897316
82,83.01120070039275,61.99479046884443
82,82.96635613906419,61.98501677141533
82,83.04755862934988,61.99696608814868
82,83.005050382865,62.00378527712717
82,82.97589543418762,61.99496452906785
83,83.03635863125538,61.99377799209975
83,82.98525886125209,62.00611281255001
83,82.96436172263559,62.018025348476804
83,82.95680619366198,62.004814303496076
83,82.95674598182265,62.02212293083931
83,82.98759590395554,62.00345408435375
83,83.03715973994082,62.022981362717836
83,83.0320944570646,61.96544012420802
83,82.95554939871027,62.011941192960066
83,82.98783945312853,61.9644639696625
83,83.00378217000025,62.04870387374805
83,82.99796531036556,61.99048895343892
83,82.98044836032285,61.968894745628205
83,83.00147962799512,62.02319982108093
83,83.03002479177573,61.97103744835221
83,82.96333811420465,62.028799752390995
83,82.96592747934804,62.02514652278583
83,83.01172905306733,62.03977769254184
83,82.99520970021845,61.95305045467159
83,83.01813285047264,62.03179639661739
83,83.01969690704328,61.991289732929616
83,82.98027462195745,62.0377046642641
83,82.98811664799013,61.978909964961076
83,83.00624474934713,61.996279639758626
83,82.97638567497584,61.97916527120104
83,83.02317278145132,61.99487645699421
83,82.96791381170208,62.03282200149442
83,83.00048219312251,61.9696150508945
83,82.9985025500051,61.95699117982162
83,83.0177500311888,61.961039582870285
83,82.96667414180548,61.99669648323094
83,83.03382972676859,62.03346455324051
83,82.98041212735457,62.01018016470045
83,82.98692190443364,62.03357083890554
83,83.03708574734122,61.99148055615775
83,83.02347495830179,61.98612120431384
83,82.99009075148307,62.04380150835066
83,82.97656884239636,62.02590846902993
83,82.95548591759466,62.00777079151022
83,82.98755844566287,62.0115825866068
83,82.99389824358431,62.004637585148224
83,83.0233688410019,62.020077394271034
83,82.9809961479049,61.99493068704139
83,83.00434489034316,62.034152838302695
83,82.98517004656568,62.02263410404841
83,82.99358301154919,61.996127801964455
83,82.9836710061814,61.988193129629025
83,82.95294082574975,61.993655688782205
83,82.96099388550878,62.019640158914555
84,82.99185840591547,61.95515854302919
84,83.01227714303471,62.040717363519285
84,82.95745590768493,62.019278692266234
84,82.99181372349153,62.04857634599725
84,82.97523429242513,62.04013323158001
84,82.9815756737364,61.99764287305145
84,82.96831705524103,61.963851448894886
84,83.0231806657181,61.99246077463934
84,83.00994536479757,61.98136112116056
84,82.9812048069651,62.02097022681379
84,83.01755564653827,62.02277551553671
84,82.99958736377876,61.975930666187494
84,83.00601783421233,62.03494414167043
84,82.96317830218986,61.96641777149309
84,83.0225501458371,61.99886413658491
84,83.00402399595721,61.967801463371465
84,82.99680706467632,62.00918535598733
84,83.01539277498823,62.03772703241918
84,83.03949256183856,61.978829249009934
84,82.97447255938513,61.97953770412346
84,83.0074989940608,61.99102893996206
84,82.9748696000225,61.97877159150563
84,83.03387454507177,61.96831865368392
84,83.00723941736751,61.980029948287466
84,83.02122892900339,62.00156258337674
84,82.96786951804197,61.97395985255568
84,82.99496252492642,61.9973363638111
84,83.04321933869468,62.01334475800779
84,83.00165809128752,61.978412560368476
84,82.99528475677424,62.04531986564462
84,82.99809562227755,62.0435740279588
84,83.02668666051625,61.99299474510041
84,82.97316163676676,62.035140357276624
84,82.98980230491443,61.97718640662657
84,82.98931759158857,62.040375293640956
84,83.03704475638388,61.984863279048845
84,82.98857311091834,61.961807938020804
84,83.0096090115002,62.01836272820808
84,82.97364294727515,62.00790997530221
84,82.99800693468745,62.0115808387476
84,82.97574071429017,61.985972589613304
84,82.96816595179068,61.99833084868238
84,83.0196078071986,61.994315200023145
84,82.99834420253944,61.95391026133333
84,83.00463217323816,62.03468853139842
84,82.99247011032843,61.98438930356134
84,82.9687783847848,61.98371649922301
84,83.00779388615463,61.98072272054815
84,82.98826436984655,62.04842050592638
84,83.02541542851307,61.991948503184545
84,82.98785735507342,61.971491007012396
84,83.02104952680767,62.02937824825113
84,83.02429252637553,61.965699141307276
84,82.96618742807955,62.020624004131506
84,83.01366416047412,61.95429144486589
84,82.95717428150046,61.998438061157096
84,82.96938924967523,61.99266959425642
84,82.98678424076184,61.988114707885565
84,83.0063987961138,61.985107177967066
84,82.95647665316521,61.995903817057545
84,82.98261773181511,61.989001597911
84,83.02040294115803,61.997391109648504
84,82.99748037697314,62.03885148817965
84,82.95410936815625,62.007103637096044
84,83.04580682463613,61.990976889611055
84,83.02449271239021,62.00110180812233
84,83.00341442820762,62.042749387292595
84,82.99680706467632,62.00918535598733
85,83.01549053722307,62.0236790377317
85,82.99295615820178,61.98419261001079
85,83.00259833592983,62.030568966191865
85,82.99655120453026,62.021495365886516
85,82.96023020649193,62.01160045232183
85,82.99715533268832,62.01931081283771
85,83.02210566237115,62.02866274558258
85,83.02751723509483,62.0274261474532
85,83.00913210620739,61.98542534071067
85,83.0292648475976,61.96579056899428
85,82.96953047460669,61.97965630274009
85,83.0233786331599,62.000198256875215
85,83.01097439615403,61.96658642834576
85,83.04650457551217,62.001486125256
85,83.01964415279504,61.973477997870646
85,83.02985013042428,62.01895322204318
85,82.98238560368554,61.983251705764026
85,83.01697427742316,61.96708647975266
85,82.98523627918607,62.00920216562708
85,83.01600739201481,61.990729063715115
85,83.02912919641396,61.99689291213251
85,82.96127947519678,62.00611417822065
85,83.00424919549057,61.992041901483326
85,82.99166004804074,62.006505868508164
85,83.01625561700607,61.971937769447145
85,82.98587924508496,61.95897249876407
85,83.01199492578,61.96667589593886
85,83.02391608465115,61.95775823563607
85,83.017335237954,62.02367616500045
85,83.04388214006637,61.97636248852914
85,82.98602550063876,62.04568428133118
85,82.97266806295535,62.002231225586954
85,82.99444374975059,61.988646382995476
85,83.00661502479261,61.982869987582575
85,83.02443919972013,62.01142498706474
85,82.96279798363535,61.980438761505525
85,82.95841375937408,62.00390019144875
85,82.9913820154623,61.99121776055662
85,83.00883362968892,62.031404499865985
86,83.00119134297027,61.96765797526646
86,83.00807816683425,62.045640626825396
86,82.99674949685064,62.03255407427379
86,83.00395618612086,62.00848948126486
86,82.9563770685015,61.992275710870445
86,83.01477372110357,61.952783613503854
86,82.99713006813802,62.01130731093459
86,83.02032294023412,62.02727604967355
86,83.02413015262772,61.97257261150337
86,83.01564732079775,62.0462879202437
86,82.97989873331876,62.03312012118611
86,83.02731675665015,61.969891296884036
86,83.02270575316197,62.00708777895066
86,83.00530707027224,61.97567919771029
86,83.01274881555193,61.983211273341105
86,82.98817639357142,61.96563528721804
86,83.00119410675985,62.00254293770571
86,82.99699064077309,61.99332024343312
86,82.97944057257016,62.008691033192854
86,82.96405611788747,62.029724085274424
86,82.97963026333277,61.99751795270867
86,83.02542895630184,62.01861081896074
86,82.96388144930613,62.01955106661706
86,83.02061344108168,61.96487994018557
86,82.9813317468542,62.016408824694494
86,82.9773556818191,61.96056077927017
86,83.01981394819697,62.02693890051294
86,82.96634910795765,61.97281272537813
86,83.04276260887119,61.996194207916346
86,83.01560977840667,62.041844124041
86,83.03452464653945,62.008077897355705
86,83.00032958528115,61.976613744052855
86,82.97624574183858,62.015444327621076
86,83.02808135408733,61.98433922491317
86,83.00689767131183,62.02938275543828
86,83.02065902475765,62.00639782370461
86,83.01237177994103,61.99776567570011
86,82.99590861062192,62.04336468294596
86,82.96781736239603,61.97257649262085
86,82.98399958479652,61.99947798675556
86,82.98138473170171,61.974814487236664
86,82.9867125285857,61.972301552636566
86,83.00899225144607,61.95133594410822
86,83.00672295922585,61.99075784806901
86,83.00835493360862,61.9629159123349
86,82.9800426783522,61.98443823657485
86,83.01451117125953,62.00714764821516
86,82.96069410482507,62.0308485042982
86,83.03075907535926,62.013883372730724
86,82.9800888193757,62.03479479692044
86,83.02023600572244,62.01652542904919
86,82.99385631241995,61.98086175429019
86,83.03001836664525,62.019551399393166
86,82.95746137016832,61.97375501909696
86,82.99264678758647,61.99074001708434
86,82.97666828678173,61.96785490018091
86,83.03559006742309,61.97724636610683
86,82.98476281130566,62.024953908995734
86,83.01348203780053,62.03570146804369
86,83.03802832930667,62.00206984631997
86,82.95787298858563,61.99179874383367
86,83.01210844838032,61.979282153403005
86,83.00995867762936,62.01272157458249
86,83.03786033180603,61.98552548149717
86,82.96572893473085,61.981228707480355
86,83.02087733985648,61.99811408602838
86,82.98844060810166,61.9577550764326
86,83.00676476542783,62.014263554272745
86,82.95453471802301,62.00364956512337
86,83.00612065004124,61.979851589841374
86,83.00592834226754,62.04768873710677
86,82.9520975230854,62.00841343766901
86,83.04495717295632,61.99288725923919
86,82.98596543531977,61.982253613735786
86,82.97340800777948,62.00654929262014
86,83.01661350178455,62.00882233200967
86,83.04776029464153,62.01083556617197
86,82.96612293339786,62.03266845224053
86,82.99389071461182,61.96608422122343
87,83.00468226793119,62.020257576605786
87,82.98143578013028,62.042161379640326
87,83.00043982153024,62.01204611605845
87,82.98050488757308,62.014724941475095
87,82.97964374666559,62.02146599082511
87,83.00078638570214,62.021440049794634
87,82.97444613780821,62.01273606858761
87,82.99184204793745,61.97202064400324
87,82.9842650212123,61.983449074434
87,82.96615171951352,62.02178782944574
87,83.03757710413974,61.9762154284069
87,82.99967878350654,61.96471516535434
87,83.04005826493692,61.974593760147194
87,82.97893361973753,61.975335971402956
87,83.0116966937291,62.02090320775925
87,82.99987988460731,62.00418468870134
87,82.98647719203449,62.0113384745178
87,83.03341591563162,62.02304099811471
87,82.98423230612043,61.97515711473251
87,82.98252224470731,62.02616713473348
87,83.03696988120622,62.0178696675288
87,82.98051799767339,62.037579060814274
87,83.03246007105896,61.97436159740812
87,83.04112369753675,61.99697229961602
87,83.0287325684297,62.033361712300454
87,82.97184332986961,62.00139538654654
87,83.02448554626676,61.985969490030236
87,83.00450995170934,62.03954971707599
87,83.02981636403884,61.97712357005348
87,83.0390198696471,62.0037148838802
87,82.98396200606986,61.95715009005211
87,83.00226642822294,61.984119258190304
87,83.00973689736695,62.037326268905524
87,82.98246098095568,62.01119244718048
87,83.0161505361112,62.04375366981531
87,82.97848594231495,61.98859235757662
87,83.02536588061923,62.02445606385058
87,82.99805372951819,61.99981881933107
87,82.99999668440823,61.97360781206713
87,83.01269608893429,62.047674888456555
87,82.99716229347094,61.95128792666383
87,83.02164509069154,61.97319149258361
87,82.99972114878229,62.021225180400485
87,82.95881440618639,61.99408391645622
87,82.99558592312921,61.976422976312826
87,83.02482718350619,61.979076746995176
87,83.0074989940608,61.99102893996206
87,83.00776657908098,62.04841791803801
87,83.01458366544362,62.04586986033509
87,83.03458267116542,61.99655841962913
87,83.01464345512218,62.017760302922895
87,83.03884069083546,62.0023385142114
87,82.97075476430854,61.97378675292962
87,83.02424366774515,61.97887406104905
87,83.02146247150094,62.01869716021424
87,82.96774323487283,61.963791395881564
87,83.01902295978842,62.01539655601032
87,82.99413094642021,61.99246882434649
87,82.970045799369,62.01630578698967
87,82.99115551354147,61.97091994742041
87,82.97328616540344,62.012445546406354
87,82.96118394348603,62.00310714451603
87,83.04754483208532,61.9978672968583
87,82.98221992974347,62.02478705725544
87,82.97860832063016,61.98177159819561
87,82.95316263780659,62.003508565747985
87,83.01384037472214,61.995830200249486
87,83.03367708082693,61.98485996094388
87,82.97777680747849,61.993472022816825
87,83.03542393180724,62.02498157172913
87,83.03601058419487,61.9693868720525
87,83.00994326473297,62.03908265661305
87,82.99470601436282,62.039549972397836
87,82.99247376275576,61.978823814231234
87,83.00814618650718,61.998172068070026
87,83.02066882842274,62.030089807395754
87,82.95256861395829,61.98922789368062
87,82.97374151324595,62.009697076666065
87,83.00652999677474,62.014117861797644
87,82.99888399899758,61.97521913429674
87,83.02691194629335,61.98096391493776
88,83.00436452781499,62.013850490061756
88,82.98475211368638,61.99193228895563
88,83.02624282186316,61.99665608543325
88,83.01278975006863,62.0288060390689
88,82.97353261255071,61.961022431115026
88,82.98837154292252,61.95687677016598
88,83.03813182441812,62.02297124834034
88,82.96423705292172,61.9770480498239
88,83.01390416020821,61.96779816103632
88,83.00841210062774,62.02044946443739
88,82.97256586265073,61.99404188986479
88,82.99668171478531,62.04345732859127
88,83.00894541989109,61.97692478299863
88,82.98157849898541,62.02948128096966
88,83.00372881566938,61.97956373702568
88,83.02368017967471,61.97238132630654
88,82.97202379641016,61.97551953269454
88,83.02675699183128,61.98823706423923
88,83.0439629849215,61.986590414640446
88,82.98432072600365,62.021218279940726
88,82.9543799895691,62.0172446261028
88,82.97809375218023,61.9733355315367
88,82.99734326282743,61.983106400503544
88,83.00004061677902,61.97843771119145
88,83.00235717332838,62.02897970669065
88,82.99667498667911,62.00602379436569
88,83.01408953264585,62.0069910785641
88,82.96554342685997,62.033606488244956
88,82.97920789860538,62.010889699705864
88,82.987296020675,62.02862113372768
88,83.03850080236458,62.030750374042306
88,82.98937915140516,61.99723150241381
88,83.00646452121195,62.04447808784069
88,83.0437497518251,61.992668995065536
88,82.95089214818982,61.9945924137209
88,83.03985058694704,62.02270779514639
88,82.95620636596983,61.97904170274128
88,82.96136604501952,61.99082106988846
88,82.97969901170094,61.98418305284875
88,83.03306804869541,62.01477591990604
88,82.99194380141223,62.0349037709742
88,83.01137517271621,61.98851085379589
88,82.96730821310946,61.9795700753637
88,82.97405144819241,62.02565061809546
88,82.99724821967469,62.02453853074812
88,83.01399255551297,62.025746767253466
88,83.01661350178455,62.00882233200967
88,83.01819662545373,62.02525362966833
88,82.98589344626136,61.960959011812974
88,82.97588065967963,61.97278149506703
88,82.96718441479165,62.00138017056068
88,83.00635953817995,61.95392086245876
88,83.0003250192214,62.03084205322473
88,83.00264747092102,62.02737967365076
88,83.03008590021459,61.971643389273936
88,82.97894964859793,62.01502181025065
88,83.01257613939086,61.95416861736734
88,83.02232397594632,61.991875327457294
88,83.03699184497368,62.03233516990068
88,82.98806741459772,62.00962266944181
88,83.00911714168564,61.96940381111654
88,83.01124195856501,61.98895719393178
88,82.98869935107969,62.02582449017488
88,83.02787261449281,62.02924202441882
88,82.97609660274613,61.98368149364731
88,83.00858865460121,62.00960370296735
88,83.02808587117573,61.97355436944182
88,83.00513560747865,61.99089297690222
88,83.0118806870739,61.9847408414357
88,82.96701441092777,61.999994696032154
88,82.96253558371156,61.9696482703721
88,82.98884766550802,62.014883264847505
88,82.98484325037307,62.04510425069181
88,82.95985844172009,61.982115659139616
88,82.99308939081574,61.96882913560057
88,82.95158874830592,61.992350153382745
89,83.04907844132786,61.99893704663506
89,82.98622267504678,61.98881530815603
89,83.00996749194651,61.97208753220951
89,82.98430458950565,61.994615052107484
89,83.03696093527428,62.00553324747633
89,82.9959177431576,61.98338276225415
89,82.95107907703024,62.00238340269866
89,83.00859079276077,61.98057376455705
89,82.99393591834863,61.98677316886336
89,83.00273426357955,62.046583104047606
89,82.98912271528577,61.953831144352
89,83.02727039287568,62.00181183825016
89,83.03677191378357,62.010238007016156
89,82.98377421992689,62.02294010262139
89,83.0135795330174,62.02289373304121
89,83.04046133384955,62.023567931424544
89,82.9902376625209,62.02135086292826
89,83.01514538193086,61.98076917054629
89,83.0175232395934,62.04527242774395
89,83.03949402313962,62.00497457022741
89,82.99208280111156,62.0152207070914
89,83.00801864108061,61.990189730407295
89,82.9698579058091,62.03882753470153
89,82.99951275291414,62.039941398944705
89,82.98190309135647,62.01613220164537
89,83.00103227902224,62.006884598806906
89,83.01287784659773,61.954982611499
89,82.99692079324362,62.041742870662084
89,83.03683878322646,62.032753567788966
89,82.98589344626136,61.960959011812974
89,82.95817340900602,61.98701126635646
89,83.00574211164044,62.04315067894925
89,82.99265260739706,62.017190353311506
89,83.04414074178982,62.00131444584106
89,82.97448935614767,62.017269749372346
89,83.02005069773352,61.96525772892337
89,83.03577966980157,62.025060300121616
89,83.0023855864606,62.01209569495562
89,83.01062972825093,62.01168252263586
89,82.98783162457197,61.98431803502877
89,83.02347524667142,62.007386003444076
89,82.98627977498667,62.01617882276272
89,82.99585614758176,62.03726979709416
89,82.9725852230975,61.987027367682536
89,83.00629392467101,61.9830068930116
89,82.9728319659524,62.02816208421827
89,83.00107482872941,61.96907575665298
89,83.04068017621901,61.97788033906543
89,82.98413288782261,62.000426044782174
89,83.01706682409147,61.981780388735906
89,82.97704379651641,62.03686555423496
89,83.02677569378235,61.977678571992186
89,82.99600765863445,62.030510654825314
89,82.98679940724442,61.98821579201825
89,83.01208532787312,62.00076529092005
89,83.00545966207383,62.02479101586645
89,82.97991385341419,61.97540778985185
89,83.01935989495773,61.98793153983365
89,83.00619052048256,62.02683317159973
89,83.04591355045716,62.01481897898649
89,83.03257282310217,62.0336699458344
89,82.97868941164097,62.00292861341519
89,82.98117051396952,61.96055261643683
89,83.00189817883489,62.00339104178067
89,83.03939146195587,61.98081913630523
89,82.99682895483089,61.997608874879504
89,83.0373371864992,62.00213515363842
89,83.02253514843066,61.980898194922034
89,82.97388918677653,62.034806537390494
89,82.97900410163682,61.992252769360405
89,82.96830635282052,62.003633896365024
89,82.96822641775738,62.02952086499102
89,82.95995571326883,61.995153069927035
89,82.95558646833321,61.98666124718643
89,83.00710141238454,62.026838202430966
89,83.00686314412692,62.02076048886893
89,82.99965689525214,61.96136988041787
89,82.96320653216746,62.01955975964911
89,82.98827957788556,61.98636421152024
89,82.99870500340961,62.03806178077454
89,82.99341161721777,61.99036909728985
89,83.03544326823484,61.99004969588929
89,82.9926562601261,62.04118799236262
89,82.98181998478717,61.98956745540247
89,83.00803029260771,62.00420468793463
89,82.96525225810551,62.03250009340654
89,82.95986119371877,61.979740798242524
89,83.0462333369263,61.982966610953625
89,83.00185872346776,62.01225642348902
89,82.98633880414964,61.97801166341015
89,82.99383755992116,62.00031754713802
89,82.96066589980252,61.98443868173628
89,83.04613161504585,62.01884231420251
89,83.01627945254766,61.964965298448654
89,82.97842520716105,62.0046521161161
89,83.02087162981017,61.9691862532747
89,83.01263995996032,62.019050590483246
89,83.04090538033604,61.97909708208862
89,82.9714625117944,62.025179519830736
89,82.99726824327973,62.04428745218434
89,83.00699164317096,62.005243107792815
89,82.99095905787257,61.96634705484887
89,83.04634107348109,62.0162119366333
89,82.98165481040915,61.97281707154296
89,83.00599449950671,61.99682553983997
89,82.99357583535766,62.001037089901224
89,83.02474501199463,62.02372164777985
89,83.01533284759148,62.005398559633676
89,83.04810322552014,62.01167960028324
89,83.01403509236992,62.044896493625906
89,83.03934817186654,62.01927097167174
89,83.00961046045295,61.98665386236847
90,83.01431107880916,62.03840901317151
90,82.97386368094887,61.97398773538498
90,82.9844074987734,62.013390158235296
90,83.01018560158681,61.99991478460345
90,83.0372946539276,62.025522558730856
90,82.99842083725284,62.0137561337081
90,83.00023330036642,62.0264493921393
90,82.97126465348414,62.010280195137575
90,83.02897235972038,62.02824963651903
90,83.00603133774115,62.03963761583314
90,83.0460645018038,62.0021242371283
90,83.01522967772499,61.99494161394067
90,82.97267615902985,62.03862766657952
90,82.99329158141032,62.043404546450304
90,83.0092098783507,61.959461046609206
90,82.9869066705712,61.973020539567656
90,82.98858441913696,61.98145834945507
90,82.97030346617676,61.987871098006146
90,82.9952989008221,61.98964812284187
90,83.00799064159871,62.0468362747801
90,82.98589308478297,61.955101564219795
90,82.95365301919188,62.016566088228295
90,83.04149708250145,62.020783556024014
90,82.97184939217732,62.02522596040188
90,82.99940429805531,61.98654133726801
90,83.00521307887843,61.9625977926793
90,82.9974500227803,62.00952025967631
90,83.03162615453716,61.99486236591888
90,83.00696305904768,61.999287615045915
90,82.97156073863907,61.98407899528486
90,83.00287288385867,61.98281882719805
90,83.0035286401358,62.02195622621665
90,83.03013304139813,61.994381363735044
90,83.00855994740111,62.02932646159353
90,82.96893501143775,62.024205152567326
90,83.01591623642454,62.01517371719279
90,82.98930057950804,62.018853694614286
90,82.98616148893585,62.01126119186302
90,82.97187504230565,62.01326380977963
90,82.96178787640535,61.99767277587169
90,82.99015752915606,61.985340551155666
90,82.97285104857987,62.02837820953583
90,82.9876905520278,62.00663864760903
90,82.97151905862765,61.97408763771317
90,82.99276692361244,62.0043743676106
90,83.01146900814761,62.03575925619028
90,83.00143210064044,61.96446110046573
90,82.9630008982212,61.970951548826015
90,83.00418506076942,61.99971769878436
90,83.00076388773988,61.9961458458757
90,82.9746762250099,62.007892646626765
90,82.97081494407732,61.98440084886772
90,83.01567805433201,62.001146791349804
90,82.96579554162679,61.97916502405933
90,82.99384955237188,61.95688321739545
90,82.98919204866694,62.00356847604331
90,83.00321277542514,61.98516151501797
90,83.00646371879981,61.96140126749327
90,82.95176242396049,62.00182890339268
90,83.03096527743536,61.98805570353519
90,82.99362772792033,61.988941317484745
90,82.96648009286668,62.00017387574615
90,82.99896237562675,61.99376087456316
90,82.9730671220494,62.01743749586157
90,82.98594194193932,62.020590993275476
90,83.02340250951274,61.98775176914187
90,83.04372216213436,61.984600362605136
90,82.97883557886445,61.991458380274544
90,82.97294217090646,62.0030199643397
90,82.97012239084626,61.971299846381555
90,83.00120710577212,61.97727616144581
90,83.00721297714915,61.971150996351845
90,82.97302941805535,61.99969011157408
90,83.0292568050941,61.98202964003079
90,83.03542267780918,62.033126400771074
90,83.04061342898291,62.00561034661786
90,82.95477550484333,61.99195044261069
90,83.00267615068807,61.98916232558196
90,82.99627665682426,61.99831710310195
90,82.98876443457016,62.009673275140926
90,82.97448670605945,62.03933877529351
90,83.0026792032363,62.04368105224977
90,82.95625688570692,62.008831777313105
90,82.99306188044545,62.04504519822866
90,83.02253080415167,62.03686679774259
90,83.02058395457559,62.014804210463154
90,83.00884013136714,62.03667028832462
90,83.03733538032601,62.015924828522316
90,83.03252952298014,62.00605339638198
90,83.00901870885548,62.03862618965451
90,83.03586633016663,62.030443676999596
90,82.98692190443364,62.03357083890554
90,83.00441248344417,62.015331268276014
90,82.9713922566391,62.039457554955376
90,82.97765346686823,61.99338562885093
90,82.96706502597134,61.971596748789985
90,82.9951889910289,61.99602112048653
90,83.00398244612154,61.95190287140933
90,83.00381633161527,62.01089485261067
90,82.99973100532357,61.99753632493197
90,82.97180738925135,62.02021306031955
90,82.98627977498667,62.01617882276272
90,82.9867978837341,61.96495651007787
90,82.96378595112411,61.96916921921488
90,82.95812686410434,62.02511059903755
90,83.00398903448836,62.02547764942837
90,83.03585436233006,61.996583363117054
90,83.01315272038839,61.95575097214506
90,82.98406300836018,62.01902564190828
90,82.97549730037363,61.985448690810344
90,82.96324994644664,61.99674331938697
90,83.04810322552014,62.01167960028324
90,83.03100341316423,61.963093715900705
90,83.00006804152524,61.97684040532992
90,83.0136479525035,62.009049837348265
90,83.01684384411925,62.028614556762804
90,82.98449133660944,62.036868820604504
90,82.99663495532756,61.96549609433176
90,82.97936236107488,62.04074067700212
90,82.970909902085,62.01014340984378
90,82.96748581898495,62.02400730256371
90,83.0204852220161,61.98244995733292
90,82.95684509786166,62.021836818898194
90,83.01420685174655,62.03429078055491
90,83.02908977024839,61.984193206085145
90,83.01906597774185,61.99268955489162
90,83.01081584583264,61.964099979575
90,83.00095054499148,61.99873285845069
90,82.97638491653255,62.03532434209257
90,82.98679940724442,61.98821579201825
90,83.00529063709301,62.01785611881162
90,82.99551270025893,61.96740412554622
90,83.045714665072,61.98588716570851
90,83.0148543671884,61.98784000174768
90,82.97749536636499,62.00843744539391
90,82.97943232124328,61.95589226608378
90,82.9850968008754,61.98887258823542
90,82.99336171711329,61.96808390777334
90,82.99892659792201,62.011530492473675
90,83.04435165525209,61.977802693061165
90,83.03124722607302,61.98380139120233
91,83.00109294778407,61.95085891826615
91,82.97808503510144,61.985637640312525
91,83.00246397139205,62.006313941595074
91,83.01128056614377,62.01959477136992
91,82.9844126291694,62.007124717976964
91,82.98869489247647,61.981923448134964
91,82.97419324933199,62.02860173006712
91,83.00430429299166,62.01056084074861
91,83.0053895164942,61.971467406485594
91,83.02601011947382,61.95742706431161
91,82.99116553294346,61.991351738975496
91,83.01148810641673,62.038328275471166
91,83.02006938035757,62.00209267380142
91,82.96857496138442,62.023496026854204
91,83.01325334915931,62.00428926505363
91,82.99943582432492,62.02291252348439
91,82.97611912273229,61.98603509400233
91,82.98118398625041,61.998910241739765
91,83.03389721696381,62.00216314948534
91,83.02465155834449,61.99121458203991
91,82.99503303647786,62.00833701589779
91,83.00573433749003,61.99034271031053
91,83.01159913941812,62.00371783944521
91,82.99804931497675,62.00286043077448
91,83.01016923712575,62.00677135443039
91,82.95835689451322,61.9925304043694
91,83.01257140667681,61.978078657691576
91,83.00032815193188,62.01052600358104
91,83.01598026789361,62.019113295671296
91,82.98703562144155,62.006453217914924
91,82.98449580597088,61.97287672668103
91,82.97040701281546,62.01010037144081
91,82.98744955380316,62.001236273814875
91,82.99739580619742,61.99481943759954
91,82.99338718875462,62.018551491053174
91,83.01393663496039,61.95428715278655
91,83.00454642380997,61.99965334955547
91,82.95472610276401,61.99581898018267
91,83.02749662716488,61.98519822002092
91,82.99308939081574,61.96882913560057
91,83.01553314093364,61.96910846546727
91,82.97819768668539,62.020842827223106
91,82.98496612854368,62.034598694216506
91,82.9901374620956,62.04697442316946
91,82.97516170852238,62.00230768254693
91,82.98176384368027,61.99800774525803
91,83.0429001520812,62.01068714199166
91,83.02513064847648,62.001534704467645
91,83.00725839661598,62.0027184720347
91,82.99395922619706,62.00057366032433
91,82.99637917174722,62.006705265314636
91,82.96863551872536,62.013916302003935
91,82.96422567005398,61.9862688743047
91,83.03005909555444,62.01785862280524
91,82.98521756302723,62.00933190189754
91,83.0091309047733,61.99782597464341
91,83.00004689420716,61.98631501399546
91,82.9964500653466,61.97327688611584
91,82.95918849599774,62.00226221638223
91,82.96590376534832,61.98828153760282
91,82.97016105305113,61.97983682549145
91,83.00664766137965,62.00369070252411
91,83.00139302642495,61.99200581306543
91,83.0156075208117,61.97401790673563
91,82.95908493741842,62.01045011439001
91,83.02801692151873,62.00611724650447
91,83.01068529247786,62.04606384347883
91,82.98633704221385,61.999928447715305
91,82.98568939691232,62.00863795040568
91,83.01405998262848,61.99334173414431
91,83.00347779032859,62.00506730370844
91,82.97248982848859,62.012531486765795
91,82.99775169138596,62.02758185703378
91,83.02225786906259,61.995272120250156
91,82.96639378138816,62.02281804236185
91,82.98780555039377,62.006037810431444
91,82.9628566888623,62.00264920514996
91,83.00800854683688,62.04329384759695
91,82.98855565790247,61.99193435414468
91,83.02792779451586,62.02269091402469
91,83.0108334226351,61.99631184208509
91,82.9790714657833,61.9883492749043
91,82.97774884919164,62.02792612405877
91,83.0133486245828,62.03617825310501
91,82.98981681584756,62.00868859737679
91,82.9963138712719,62.02227715973259
91,83.00469951978653,61.960577255893604
91,83.0062047654352,61.9987088630853
91,82.98262088060228,62.02645065203601
91,82.99281971092336,61.97283625713077
91,82.99949057181269,62.01320578131014
91,83.03901701220232,61.9986948244004
91,83.00164533735503,62.000606868773176
91,82.98652048627119,62.01068957746473
91,82.99504169681124,62.008820584859926
91,83.01567066112798,61.99735259510277
91,83.00991495723524,62.02689279711923
91,82.97330910593995,61.99584342274943
91,82.98048684404155,62.02028722356697
91,83.00778800753216,61.99418434781521
91,83.019542767665,61.98214670977083
91,82.98399764789741,61.99682575754499
91,82.97485170078468,61.98367018304839
91,83.00448261900465,62.0317957647992
91,82.99667380241343,61.9726849951824
91,83.0084753327724,61.96737439105224
91,83.01939884350531,62.001154102011924
92,82.97610136951941,62.01333652601529
92,83.019707752507,61.99713539451511
92,83.00936166222263,62.01710481999176
92,82.99739683525313,61.98931672515855
92,83.04103761654872,62.00595762030555
92,82.97886129420813,62.01997429099167
92,82.99330283961645,62.02779354637186
92,82.99494966335972,61.99500640541721
92,83.04274173090542,61.97846378905926
92,83.00799255773562,61.969723331399635
92,83.04658584623535,62.01098448146204
92,82.97016428832204,62.0246547693109
92,82.99310005140562,62.01982843409044
92,82.96915449070444,62.03752022735138
92,82.98270553819579,62.003562942721615
92,83.01035590520482,61.98357604186607
92,82.96731731717115,61.98905996266818
92,83.00661605806903,62.00334988887786
92,82.97685348451705,61.985797139690945
92,82.98017693204505,61.97065060820089
92,83.02029675910924,61.97577799293922
92,82.96581061050031,61.97438138741601
92,82.9958341589063,62.00216637635617
92,83.04326395895804,62.005045359566694
92,83.04742343549302,62.00487553836957
92,83.0375721583887,61.97936163802006
92,83.03253125018118,62.02473647474392
92,82.97880226440888,61.96982249637161
92,82.99451619225394,61.958839463255316
92,82.97444037378341,62.03708012509047
92,82.96341971751266,61.9873979531816
92,82.97653097446916,61.98574304680341
92,82.9802708153256,62.030686747715386
92,83.02925716765508,61.98489096787445
92,82.98524522880882,62.023072247917355
92,83.01040393981953,62.02038171038031
92,82.99759746849918,62.021178541004794
92,83.01730161141768,62.02595812866863
92,82.98815783240012,62.043841190923615
92,82.99279082453623,61.9693876970318
92,82.99267084209735,62.041855195896176
92,83.01701698033045,62.027896107969845
92,82.99591178170097,62.01051100184594
92,83.02293577819991,62.032744246246374
92,82.9790714657833,61.9883492749043
92,82.98872381678943,62.009052833528365
92,83.00159981873392,61.990101853396375
92,83.00803764096305,62.00109948823384
92,83.03464445909107,62.03492847621538
92,82.99561904906717,62.00857384500495
92,82.9687185229903,61.99934931865226
92,82.97818307116599,61.9896660082825
92,83.00714125039397,62.01993307252671
92,83.02658486604595,61.979257173158196
92,82.9910155483586,62.01882938724246
92,83.03385936993028,61.96466042682286
92,82.99748470075437,62.01240638509874
92,82.96024200768368,62.022616705724815
92,82.99483162344484,61.97102367510708
92,83.01379515522879,62.03583604009806
92,82.99040144285632,62.004314488868495
92,83.00253532231845,61.98320295217368
92,83.03899533880212,62.01029380992119
92,83.01260568761893,61.999906113898625
92,83.00192870565189,62.02429535460796
92,83.02477756079155,62.03260767117087
92,83.01588027314891,62.01354042598764
92,82.98104478303827,61.98647792579714
92,83.03300513832038,62.008043002105545
92,83.00994536479757,61.98136112116056
92,82.9755059706584,61.997696709545814
92,83.00207787771019,61.97422688027977
92,83.00264037200091,61.986022587051295
92,82.99060879042658,61.96836937263316
92,82.99383117875243,61.98570639790258
92,83.00744378576695,61.99444783415843
92,83.01811372127223,62.0077532661041
92,82.99437829596698,62.004462044888655
92,82.9510585878632,61.99336002269402
92,83.00839740436498,62.01011924233193
92,83.0150254185894,62.031779205720234
92,83.0192781435578,61.956739786217874
92,82.99260797246905,62.02488107374831
92,82.98743141231608,62.0325401113251
92,83.01066073107741,61.96399007536382
92,83.02264505747172,61.978022317578954
92,83.00343041201083,61.97489308804021
92,83.0103842387838,62.02942571661654
92,83.02804647601225,62.02378301521755
92,83.00241675513708,61.98542278922654
92,83.00146245959958,61.993049840900234
92,82.9554405306049,61.98253638897809
92,82.98548181954389,61.9897669238181
92,82.98168559990394,62.00669055618115
92,83.01131208653052,62.00840980092668
92,82.99156437339711,62.0004302968892
92,82.9782704783414,62.01123876362467
92,82.96032508763521,61.987995034959816
93,83.04567248445191,62.00910003962437
93,83.02214750609446,62.031881178509025
93,82.95287168749374,61.990135232283905
93,82.97682307287519,61.986909122714124
93,82.99362579759043,61.98620012199572
93,83.00919234712335,62.00713086097048
93,82.97974891568674,61.99914920680919
93,82.95648024747861,61.987628377747484
93,82.9633065048137,61.97672261376423
93,83.01400634034432,61.97425562115587
93,82.98026490472216,61.97138345877206
93,82.96919897144106,62.02997132237352
93,82.97404711949585,61.964461398611206
93,82.97883181855086,62.01535551225679
93,83.00520299552407,62.026541288439134
93,83.02769337779475,62.018897700586514
93,82.99657097276626,62.000756806712374
93,82.98560035101673,62.020154367909946
93,82.98041110859495,61.98123207568815
93,83.0407629483447,61.97737917561631
93,83.02597559754766,62.02733963711474
93,83.02630924221707,62.001462590313174
93,83.01680546028724,61.991310188370335
93,83.00904985326747,62.04738785996904
93,83.00687757694706,61.95158003046631
93,82.97816723515841,62.03603423117283
93,82.98649780171384,62.012167875929435
93,83.01071412364816,62.008175740489776
93,82.96877977987755,61.973017740205385
93,82.98094302025736,62.030854724121035
93,82.99606246426987,62.02994993745128
93,83.02745737187264,61.990214413350294
93,82.9906150714988,62.0094315104469
93,82.99327822139838,62.01554204677338
93,83.02655932605343,61.977807173358016
93,83.01524732966958,61.98530720492674
93,83.00548735264398,61.95989424352012
93,82.97976528450064,61.95548143539764
93,82.9821447459641,61.997804876036845
93,83.00564847042871,62.02757300016677
93,83.0447812704295,61.9841052513275
93,83.003161859261,62.00496522881113
93,82.970909902085,62.01014340984378
93,83.0089743640901,61.95301581736546
93,83.0103916678559,62.009886156414716
93,82.96946379332262,62.01833965065182
93,83.01188346192784,61.999340636887624
93,83.01066400504477,61.990626473524586
93,83.03143283446647,62.009904205509606
93,82.99840309290725,61.99116595509291
93,83.01920115205786,62.00177397785335
93,82.95422004666327,61.99192825240771
93,82.9817112517023,61.97974025519005
93,83.03674029922792,61.97112101673205
93,82.97190406346554,61.96069562194924
93,82.99699157997235,62.04331469828898
93,82.9951575507025,62.012576638426765
93,82.98051898606357,62.009552767948655
93,82.982078807036,61.97140285499741
93,83.02095935460726,62.044609272270485
93,83.0236785278038,61.98822248744875
93,83.02337613054915,62.0043827233125
93,83.02058488256364,61.9547392370571
93,83.02077473732407,61.99386568683211
93,83.02984247688379,62.024158630769115
93,82.98027208046616,62.01907979968367
93,82.9617276249343,61.991188852698286
93,82.96419376527409,61.97357760643802
93,82.98592972895977,61.98723579560478
93,82.95970205204397,61.986805926198535
93,83.04190609376869,62.00408316895974
93,83.01812235841489,62.00090652044211
93,83.00969401013135,62.03260271926531
93,83.030454834069,62.03405819354197
93,82.99161558170611,62.0320561039948
94,83.00725839661598,62.0027184720347
94,82.97926905505251,62.02490603520939
94,82.9647343989886,61.9692431878431
94,83.0154931241135,62.023205071058754
94,82.99150929132803,62.041659765016384
94,82.96840154265881,61.99966212235049
94,82.99708270506295,62.02015501777373
94,82.9746381719948,62.041899400009605
94,82.95383837529805,62.013270030638445
94,82.99157883220298,61.977458657303025
94,83.02408993491824,62.00098531426981
94,83.01955549262631,62.03734242939272
94,83.01469938315458,62.01800202258417
94,82.98781277044725,61.9768486380204
94,82.98364328143779,62.02714142957511
94,83.00908608550823,62.02194736816584
94,83.03699579006468,61.98842053975796
94,83.0270928256282,61.986149920163754
94,83.0201130014727,61.982425557038646
94,83.00346132422287,61.980204264317955
94,82.97404530386939,62.02173725296216
94,82.99195705088069,61.999394725425354
94,83.01250436141831,62.03043202497941
94,82.98448964171965,62.00904687061642
94,82.98647290326343,61.981871794357986
94,83.00656934739976,61.9829800582252
94,83.03945717653083,61.99666778573301
94,82.99821288909529,61.973998743086476
94,82.993873026571,61.98137805103852
94,82.96714488245851,61.98433826511583
94,82.96157965993451,61.972015857261944
94,82.96851364126687,61.98918460531657
94,82.95181922631716,61.99159431943328
94,82.99641331193261,62.011140803640636
94,83.00835375099022,62.02746302863691
94,82.96423770309552,62.00961566864325
94,83.0020281094817,61.95632969370005
94,82.96822542719785,62.025698091873096
94,83.00023562480443,62.04789248825943
94,82.99352494929975,61.996163570349324
94,83.02869370751935,61.980527946166944
94,83.02552297087611,61.968340125516285
94,82.97958109931943,61.99528338345899
94,82.98863938067228,62.04733472953537
94,82.98965607536178,61.9982332150793
94,83.0324111393598,61.990712867777766
94,82.97974891568674,61.99914920680919
94,82.99100668737739,61.967382059109795
94,83.03180077446716,61.98349420877923
94,82.9981290430074,62.01436698239144
94,83.04178111335303,61.976623797290834
94,82.99590230583459,62.01216055428762
94,83.04293356207172,61.99929694154778
94,82.99158463407475,61.98871419449535
94,82.96019386103947,61.98358557207178
94,82.97931347446043,61.997221200783386
94,82.97810186845284,61.999803540384946
94,83.01662351092378,61.9854573552315
94,83.03471915786245,61.96537837134999
94,82.99069942806682,61.990445935634014
94,83.03353063783264,61.982278473240704
94,82.96711225754999,62.00494051602557
94,82.99127894777884,61.96013652639355
94,82.96042459665708,62.00899385512432
94,83.02612987949327,61.996769781139335
94,83.0225744702804,61.970335988329474
94,83.006779334488,61.968315719462765
94,82.96644274265729,61.97996355911597
94,82.97180738925135,62.02021306031955
94,83.00968387735875,61.967443306949086
94,82.97624286959079,61.99459085910766
94,82.97763198738531,62.02695954637556
94,83.03074826632069,61.963862875857146
94,82.99512654389898,62.01791102742642
94,82.97290083626214,62.01093624021778
94,83.0350209277067,61.98664630871681
94,82.99258525393502,62.03538837284516
94,83.00570208268634,61.95746858890525
94,82.99480596887379,62.01408803247561
94,83.03807401102037,62.004145995812664
94,83.04265874715419,61.987413687544915
94,83.00190725011355,61.958269728284144
94,82.98027987950752,61.97568678246815
94,82.98527486938656,61.96223970672683
94,83.03037730698351,62.036127442847814
94,83.00710823186814,62.02312308147465
94,82.98666707575781,62.007643057284575
94,82.98779853173777,62.020707839248985
94,82.95273401331815,62.00553193506615
94,82.96723912327535,61.96231265404417
94,83.00502450585087,61.986417405928215
94,82.97732769059085,62.01690990084115
94,82.98761467198052,62.011004063651896
94,83.00652601313386,61.99979341097301
94,83.03857923131953,61.96821318979195
94,82.97015879427343,62.03435484167607
94,83.021329215278,62.00997749888021
94,82.99387437211469,62.01572106295871
94,83.02774468948078,62.04024317472791
94,83.03901701220232,61.9986948244004
94,83.02244579352022,61.95544668690714
94,83.01897132303165,62.044414083183845
94,82.98085325846628,61.956683368278945
94,82.99297711539799,62.04180935335259
94,83.04110033165489,62.00585612684573
94,83.03608514027533,62.00360441818987
94,83.03396048881251,61.98801823411105
94,83.01094042221526,62.02988235870325
94,82.98294738534365,61.98012962566601
94,82.98489391538786,61.95679385226308
94,82.98586490186457,62.01031250901027
94,82.99733708000655,62.002258423244264
94,82.97880249926543,61.99826319009721
94,82.99658779658759,61.96020738725827
95,83.04351515092931,62.00304369374544
95,83.03459306945788,61.99011887703248
95,83.00371018081573,62.036236676682165
95,82.98325574613145,62.015985434930585
95,82.9946610922058,61.994817456006174
95,82.98101987182376,62.03988259053063
95,82.9598873063017,61.975211533616374
95,83.018134046718,62.0290758580075
95,82.96865192109858,61.97768702907092
95,83.02148131126636,62.00439228000185
95,82.96667416858452,62.01047355347132
95,83.0256404870411,62.02444432720794
95,82.96766886243863,61.969401687948825
95,83.00384687136278,61.98832280848253
95,82.95766376680503,62.01194170216528
95,83.04071490416364,62.023558950567306
95,83.0315131268533,62.00427462504886
95,83.02271195944414,61.99730385393228
95,83.00814759457428,62.01350428423226
95,83.03367876945947,61.967535684321476
95,82.98537749675403,61.98467830381204
95,82.9811268445312,62.03296487791673
95,83.0337168839555,62.029314728064385
95,83.00191198567954,61.98853181284507
95,82.99856499668877,62.04399639942116
95,83.00149172966974,61.99863812402509
95,83.01966181625619,61.9852773259064
95,82.98038353766275,62.00712317040128
95,83.03352264371576,61.98696779086429
95,82.98992450895439,61.98373460023565
95,82.97361137611061,62.02396829566312
95,82.99126505309984,62.03933511471034
95,83.01405854426223,62.02715047710752
95,83.00357775782297,62.01419683755475
95,83.00178780053443,61.95637333632559
95,83.03986704264648,62.001014312163726
95,82.99336758854542,61.96835352573814
95,83.02851979616675,61.974584149932596
95,83.03774892157371,61.98458424424489
95,83.00399873415519,62.02539749891073
95,83.02367824893587,62.014555132828995
95,82.97531662454723,62.01843257760483
95,83.00858865460121,62.00960370296735
95,83.02069182746408,62.04444244664971
95,83.00208373526685,61.987914903589136
95,82.98524472060991,61.973214606652334
95,83.01949202934082,61.99904192476751
95,83.0019389716949,62.01069301019044
95,83.03805671222402,61.970125790194615
95,83.03573553948924,62.021728295775205
95,82.9838715367804,62.02352950483581
95,83.00123701307713,61.98705880702729
95,82.98030488406974,62.04403161245012
95,82.96717088369262,62.03064285181421
95,82.98349349660772,61.98292550054847
95,82.99302684721108,62.00275174760875
95,82.98825830315957,61.99001141610232
95,83.020774046669,61.955731393316775
95,83.0310270692776,61.972927990859034
95,82.99179757367457,62.02726233589876
95,83.00569830355681,61.96286527831272
95,82.98337936604356,62.001698864914914
95,83.04850216096015,61.99580485427637
95,82.98891281032142,61.997991354019256
95,83.01965778778538,61.990131730376184
95,83.00807254059386,62.014904847447596
95,82.98055720236745,61.98706556943781
96,82.9617413686492,62.01700699038078
96,82.97439101778946,61.966713662881105
96,83.01233168053575,61.98262043760097
96,82.98826237501095,61.97889386639072
96,83.02077423867006,61.96529200306133
96,82.97862471635526,62.00534810180367
96,83.00860773663621,62.005474979647396
96,83.01578814770195,62.01140149016192
96,82.96140976780949,61.98815648304767
96,83.02300413947704,61.970191249790474
96,82.97774884919164,62.02792612405877
96,83.03073429491772,61.98557958360012
96,82.95962066461837,62.027539559445
96,82.978463755192,62.032267522839
96,83.00923311904897,62.01461341966491
96,82.97087405870772,61.96484634656733
96,82.99498246713884,62.02664669636477
97,82.9583208962781,61.98238929981557
97,82.98657145142835,61.99919710538391
97,83.00416377752137,62.009250052035995
97,83.02870405137027,62.02851687375852
97,83.01532369849407,61.982390271729024
97,83.00949516585736,62.01319709785301
97,83.03148427308992,62.00655538878021
97,83.03721320716664,61.984680884657045
97,82.95573395498559,61.99648352480067
97,82.99656638916872,62.035851200909235
97,83.03750045112383,62.029698850758365
97,82.97201535256353,61.96794069744682
97,82.96676807523623,62.001294385155575
97,83.0135891608779,61.98060289171467
97,83.00810234370064,62.01442243367895
97,83.01180582966049,62.02073960198834
97,82.99280146158834,61.99434440190887
97,83.00761524795968,61.953877878382336
97,83.02630209128498,62.02352595922863
97,83.00587542453613,62.0015669346789
97,82.99962978034081,61.97980082903332
97,82.99697178014974,62.004612748285446
97,82.99995042639887,61.990224922885304
97,82.98245635296738,62.02575245676966
97,83.0419107077716,61.990403056433436
97,82.9837170623552,61.98696583906892
97,83.00934226372985,61.953270709444084
97,83.04032042181338,62.0278269456208
97,83.01058405711764,62.043614068492715
97,82.96265789606137,61.98698526490534
97,82.97862277170442,61.99098748493995
97,83.02344039976258,62.01432914828395
97,82.98605959018903,61.9817181906939
97,83.0081673662686,62.024211148819546
97,82.98034545329601,62.009321505981895
97,83.01536627157599,61.99012335076171
97,83.01144110559181,62.02468642642856
97,83.00985027852242,61.99455110824558
97,82.97779889592107,62.02370766288969
97,83.0398532834403,61.9982148079401
97,83.03195805728886,62.016870540015944
97,83.01675231409521,61.96540827273625
97,82.97540583149816,62.03127322209813
97,82.98903920453074,61.987435193297166
97,83.02229107695601,61.9778823987543
97,82.95291449569412,62.01578008848121
97,83.01859228045225,62.02371626241997
97,83.02458239449184,62.02010186875545
97,83.0397371095606,61.985267091328346
97,83.02095506060401,62.02791324814094
97,82.96419376527409,61.97357760643802
97,83.00770009190838,61.95686643423485
97,82.96445567034048,61.98403923058133
97,83.0400810323056,61.97604326151862
97,83.01137680004904,61.98549964005429
97,82.99041716773158,62.01367764440185
97,83.00835572869457,62.008204898179514
97,82.98048479983521,62.03313124113089
97,82.96404572968991,61.98772692779793
97,82.96692675011055,62.03073898094405
97,83.01438225397514,62.005393202821416
98,83.03540240515068,62.02533725327
98,83.0077464192583,62.00227718625161
98,82.98101987182376,62.03988259053063
98,83.04471098319708,62.00432460221614
98,83.03192996513457,61.99750458426491
98,83.03446422926152,62.01724313433494
98,82.99920121765214,61.965144166613946
98,83.02493807334733,61.99993131817783
98,83.00897846915397,61.98712756413862
98,82.99797772385799,61.99654019321481
98,83.03509873334369,62.030827139808935
98,82.9773419029871,61.99709672807786
98,83.04100807732856,62.006932697069374
98,83.00375994007022,61.96285385997964
98,82.988490123473,62.01826302227293
98,82.97204391656174,61.991617528255354
98,82.96733506956676,61.98234634542642
98,83.04952318069839,61.99656558788454
98,82.99184652655903,62.022148991498575
98,83.03968842392617,62.023417514707
98,83.00033746179339,61.971057626460805
98,83.00295178522087,61.96775804759879
98,83.01325172821997,61.991223416609365
98,83.00666910471121,62.01482963306625
98,83.01389653425811,61.990506490163746
98,82.95493924179753,62.01996393875711
98,83.04408105548326,61.99409867065746
98,83.00496258291498,61.97055661855623
98,82.99101911343173,62.009336514158356
98,82.98039577456822,61.99639212448762
98,82.97840511676179,61.97629136506667
98,83.029525717683,62.03567322682644
98,83.02658603724628,62.008810646444196
98,83.0036785180923,61.993217122979864
98,82.95846926131529,62.020118220892954
98,83.01728073618828,61.9762484699863
98,83.01857985940116,61.986828812989295
98,82.96757868417272,62.00699408415889
98,83.01789011456096,61.958614544874
98,83.02910432675493,62.00837732014032
98,83.035163603777,61.972759782169234
98,83.00755971645066,61.97779009810015
98,82.99537062696359,62.0372578771442
98,83.02927541179207,61.97099930725754
98,83.00448261900465,62.0317957647992
98,83.01434229887384,61.97426508901917
98,82.97872446565106,62.005365091245565
98,83.02126694667099,61.97562438981384
98,83.01370118711242,61.99696260745099
98,83.02284856616586,62.03650390693856
98,83.00387768895567,62.034855423676554
98,82.98069665158056,62.0140079560558
98,83.01120475378485,61.97871586989747
98,82.9821447459641,61.997804876036845
98,83.01709707637578,62.02617270143675
98,83.00556586740323,61.995227781530375
98,83.0251117859498,61.974708283102586
98,83.04830572372269,61.99176491381041
98,83.02264669162747,62.00774125365473
98,82.95543674613886,62.00127019700428
98,82.97518537023193,62.03297937675809
98,82.98343301772034,62.01231610030579
98,82.98681204733596,61.99355848043684
98,83.03258661884885,61.98965241435733
98,83.02242904354097,61.984378050346095
98,82.99102787921365,61.99089011914794
98,82.97295227218217,62.00481777346434
98,83.00120047525701,61.9753443320247
98,83.00488077066339,62.02283440737521
98,83.00011210536536,62.03586413526176
98,83.01949682272742,61.99050867250511
98,82.98578480690982,61.984486281161395
98,83.01669699921547,62.026969989512835
98,83.0400698098851,61.994047938394864
98,82.99955824760848,61.9901470457689
98,82.96676230068448,62.02509955832781
98,83.00882028780089,62.01542073545124
98,82.97271368230102,62.03266838690697
98,83.00893148488842,61.958279081757446
98,83.01848572647779,61.988004200651275
98,82.9823018646598,62.00563360524771
98,82.9859344583665,62.01281387108251
98,83.00496124708236,61.96469742123423
98,83.00346132422287,61.980204264317955
98,83.03764413234963,61.98932939338795
98,82.97375580233245,62.001521150731435
98,82.98098030884077,61.9781780343197
98,82.98487245063319,61.9799413188391
98,82.97328616540344,62.012445546406354
98,82.98070656856918,61.957064769144104
98,82.9601663452162,61.98585592447724
99,82.98482428927524,62.031081257339345
99,83.0034323510133,61.98125747187627
99,82.98652776517217,62.00448318910191
99,82.95334073873919,62.01193355073948
99,83.00112189608193,62.02616824476982
99,83.02725056911238,61.96955311486868
99,83.00977496178537,61.95382068739935
99,83.04274236306729,62.014787581590525
99,83.00971856631247,61.95430256139658
99,83.00768067682557,61.99009822104476
99,82.97432346727628,62.027083061624445
99,82.98767424455474,61.959354403358574
99,82.98794055230596,61.95524025057104
99,82.96888475287405,61.96101570695567
99,82.98807563673515,62.0126810552955
99,83.02354348108511,62.024283244652935
99,82.98106676492944,62.03816785322713
99,82.98574099058361,61.957821603773866
99,82.98460226102372,62.04569754716961
99,82.99405579692518,61.961498774239985
99,83.01277881459832,61.96388154171651
99,82.99972773145976,61.98066137099432
99,83.02471434482577,62.01064469849521
99,82.99657097276626,62.000756806712374
99,83.0145414133278,62.03441589506601
99,83.01733615197833,61.96211753628793
99,82.95470377043421,61.98764583791545
99,82.986978112943,62.00882939790178
99,82.99061007595364,62.048066141631224
99,83.03293059800836,61.9994881212387
99,82.95448141027784,61.98899432776689
99,82.9623737655945,62.001220150905034
99,83.02098295694897,61.97977244452134
99,83.00257459503997,62.006621048373376
99,82.96806369562503,61.98654492591063
99,83.03377858490657,61.985381417303834
99,82.96073767635308,62.0164833270953
99,83.00978336833413,61.982993199908954
99,82.95421154487408,61.98684433034916
99,82.97592151850137,61.9666150993836
99,82.98868390903647,62.01202838187535
99,83.01070612046256,62.02617604530894
99,83.00858865460121,62.00960370296735
100,82.95984374352749,61.97827762278219
100,82.97084133175169,61.9733745650128
100,83.02215922884537,62.019769647189754
100,82.98030109460775,62.00067206450033
100,82.97137793148914,61.9618934841981
100,83.02001805158106,61.96546758132332
100,83.00253934436309,61.96814310066279
100,83.03566793768563,61.97066209734076
100,83.0181413202353,62.037624506664145
100,82.97025138293311,62.01696051260123
100,82.9630008982212,61.970951548826015
100,83.04316562991501,61.988185709906645
100,83.01578620132403,62.02803820082593
100,83.02443532091041,61.97028974814427
100,82.96041139937343,61.97291337858766
100,82.98797492818251,61.99708128324321
100,82.98620985469782,62.01885923159885
100,83.00316523124879,61.98447492517541
100,83.01436137236314,61.99689431440865
100,83.02856311149495,62.03174489909772
100,83.02380490078893,62.04363564800217
100,82.98090464092311,62.0418673014347
100,83.01161980685684,61.9903550435329
100,82.99269093833941,62.00563609663037
100,83.02303059060495,62.036726057854935
100,83.00618971377278,62.01600987186561
100,82.98666374167036,62.03736538468676
100,83.01018821601781,62.01067846325553
100,83.00010360929598,61.95698837733387
100,83.0405352928796,61.98751023247619
100,82.95591910446,62.01810897986909
100,82.97954795064689,62.01543068214781
100,82.95563812644232,61.99831602637704
100,82.9930420178034,61.99921813508492
100,82.9676808442834,61.978379965418334
100,83.00341195301434,62.02151124700676
100,83.01214519235772,61.98357050474397
100,82.99802226304801,62.02571722598617
100,82.98860324459623,61.98480643621165
100,82.98098724987163,61.957160756017515
100,83.03505949560784,61.989110407897606
100,82.9709679326688,61.97597418769337
100,83.02289111810732,62.03838912184488
100,82.96099818187399,61.99827259439757
100,83.04314612486509,61.996592249371304
100,82.9961998158615,62.049480469666285
100,82.99514089151049,62.01769238002324
100,82.98105335953863,61.98711646190931
100,82.97725160567526,61.997766280584656
100,82.99413003234918,62.00377080359891
100,82.98113202071602,62.00315932371567
100,82.97664809625464,62.00384157424765
100,83.04873302751581,61.99667256752848
100,83.00743028337536,62.01653237369248
100,83.00014127048247,61.96207617978554
100,83.01905575403889,61.95445601399758
100,83.0209493104697,62.00421558077297
100,83.00582008937818,61.99259788769415
100,83.0281891398382,61.96756269240567
100,83.04798546003896,61.99516101823091
100,82.96846859915289,62.037536039137755
100,82.97045215755529,62.01086984501483
100,83.0308775605651,61.99263088425573
100,82.99861445114489,62.02476777139297
100,83.02699027472904,62.02747619225445
100,83.01722584896366,61.98311318792946
100,82.99620092902683,61.98521989339357
100,83.00579475007197,61.97016672028548
100,83.00154795080452,61.9544730568518
100,83.035776022356,62.01754724824132
100,83.01563563985843,61.95399994716918
100,83.00646242237339,62.019134090484954
100,83.01181212729085,62.007909072582066
100,83.00941939632142,62.014993377029896
100,83.04515576299545,62.01327072530712
100,83.00852019758473,62.02797281011013
100,83.02760512495554,62.04149065533822
100,82.99771641036959,61.97353746013702
100,82.99547458685655,62.04812349785985
100,83.00426707422122,61.99324642375847
100,83.03727721779592,62.01601464455165
100,83.0015775823623,62.007122656324285
100,83.0405568946386,62.01910963780292
100,82.99022847874676,62.00517996800693
100,82.96115144163903,61.98506127767796
100,83.02357884246297,62.03144208552618
100,83.02479853115769,62.0124386377475
100,82.98821607683229,61.97824234238533
100,83.04234585075167,62.003618823625445
100,82.99466196780318,62.02432056637407
100,83.04314103334211,62.01458329057734
100,82.97709972768698,62.0128232591456
100,83.03003279782217,62.031660858921015
100,82.97413895617801,61.96515849350897
100,82.99024355872561,61.98965616288865
100,83.04693508284483,62.012804209804784
100,82.98353760020434,62.01603855734272
100,83.01346120768537,62.03665541331511
100,83.04304198931723,62.01032615484235
100,82.98848613240115,62.03850057764417
100,83.00403945363341,62.03620568639183
100,83.02690390518507,61.99808978724919
100,83.01054707877863,62.00261501593897
100,83.0170229177558,62.00669029720458
100,83.01219455979225,62.000462257196425
100,83.01089880122284,62.00563052841999
100,82.97333606625847,61.98507738877887
100,83.00430501450826,62.00969420487398
100,82.96238733787649,62.01125501870888
100,82.99668943308873,62.00664234914491
100,82.99506892367647,61.9629953702298
100,83.0082076480642,62.01849180889144
100,83.02995015096637,61.994871235936415
101,83.00979045277839,61.96553504035991
101,82.96754354482285,62.002888570905284
101,82.9892209118122,61.95472284419565
101,82.99184769995261,62.00942038102133
101,83.02933858692461,61.990044470204
101,82.96043424262488,61.97420887690976
101,83.01418306036496,62.004551702324626
101,82.98062966558088,62.02967667945932
101,83.00215007146866,62.02889740771026
101,83.02401036802952,61.99208843042795
101,83.02718164006657,62.00922261199296
101,83.02705442048209,61.96478168125528
101,82.98813616764811,61.978598650556144
101,82.97453130523262,61.965209963887304
101,82.96354462247736,62.02729159248945
101,83.02585983283033,62.01368567185132
101,82.98310147783623,62.01004811897716
101,82.96827316003457,62.02491486196623
101,82.99609729705719,61.9899612451832
101,83.01492823025195,61.980561393693655
101,82.97639742555262,61.97396249846309
101,83.02985703876297,61.999847159221474
101,83.02943731758778,62.02220229458364
101,82.9601471072989,61.99645452890047
101,82.98880242429027,62.01369386443524
101,83.0220801981694,61.9682399653685
101,82.97287901078975,62.01599311553068
101,83.00077851877849,61.98239212579592
101,83.01464215774749,62.03811024186102
101,83.00622499353614,62.01041063568413
101,83.02588057525647,62.01269476953011
101,82.96395580063415,62.016460424606734
101,83.00250048048551,61.97347623134567
101,83.01841385943658,61.996564289385844
101,83.01912976657859,61.97849809169769
101,82.97723184981473,62.01481670078003
101,82.97594029076043,62.032559493087255
101,82.9897857017718,61.99898883753249
101,82.96909435809074,62.01738041461323
101,83.0274512790022,61.9946731982206
101,83.03828165989202,62.01759798610851
101,82.96811669058023,61.98728220970701
101,83.00842784051106,61.979344204003354
101,83.01025966423498,62.025555650748856
101,83.00822940364569,61.952680363898544
101,83.0278548124674,62.03000235804651
101,82.99704821396186,61.96424362582591
101,82.98315659755896,62.0340942410486
101,83.04309719977653,61.98171321755899
101,83.00656652236356,61.99784754047465
101,83.01613144947704,61.95593241748452
101,83.00147793590146,62.013166791917605
101,83.02199268850357,61.98805816576344
101,83.03202686076803,62.02342807323098
101,82.98598131074309,62.02216144014854
101,82.98055957151799,62.01708669877858
101,83.03960440056753,62.018392577093785
101,82.99017795221668,62.00960237527835
101,83.0066756509081,61.99278625878029
101,82.99439208823097,61.97593314148469
101,82.96643028285244,61.97032212412048
101,82.9875156149885,61.99915268998063
101,83.00844541711845,61.99433555027039
101,83.0053895164942,61.971467406485594
101,82.9893187050715,62.030338851379724
101,82.97641064307268,62.015994653532005
101,83.00553867990732,62.034593634871904
101,83.00257438353984,62.02029056643502
101,82.96761362723248,61.992988064375204
101,83.00648127868453,62.0194865932599
101,83.0077520303532,61.97634466131273
101,82.96383972685769,61.96761801072962
101,83.0141697555582,61.96279041460659
101,82.97376849163811,62.01879254513109
101,82.97496806560811,62.01770072936305
101,83.00479123981452,61.98440489617546
101,82.97898430795874,61.95466961579265
101,82.95308452552665,61.98669771284258
101,82.96743857515888,61.972180183345294
101,83.01333706887323,62.02528326203325
101,83.01223169273659,62.04833375588038
101,83.01988899782818,61.95457493854412
101,83.00363667704717,62.04463254864249
101,83.02292727371042,61.993157164533564
101,82.99454684513807,61.97743710843372
101,83.032949228957,62.01361442943701
101,82.97773728204898,62.02821056617993
101,83.00909253923852,61.980281504731764
101,83.03303408179235,62.002762852247486
101,83.01427743248897,62.02694943129927
101,83.03686203613299,62.03016633986126
101,82.98208147602847,61.99183042269837
101,83.0244642887028,61.9796491501023
101,83.02834426573486,62.02451297559
101,83.01040814995707,61.98641593014909
101,82.97527810632234,61.976905160394296
101,82.97452950766717,61.99321816276585
101,83.02706657250806,61.99424215907107
102,82.99979973881533,61.995572091655355
102,82.98162525071272,61.95683806890375
102,82.99705784972629,61.96928455762261
102,82.96074140260575,61.97808939695368
102,82.98743373470877,61.953308512504066
102,82.97930484443252,62.017409648451824
102,82.9598873063017,61.975211533616374
102,82.97793017990638,62.00458830155255
102,82.97806338021408,62.03011690686406
102,83.0378837217988,61.985304229197176
102,82.95888258169533,62.00368366033426
102,83.03212338251434,62.03138653553097
102,83.02109985082576,62.03947234429761
102,83.02164509069154,61.97319149258361
102,83.0027297377834,62.00898217563031
102,82.97723673410871,61.96988299654658
102,83.0145432503965,61.972646821766666
102,82.99646566036742,61.99880144259648
102,82.98444762588062,62.012816011957305
102,82.95502151097345,62.02010614755411
102,83.01910810612365,61.96716369635209
102,83.03489506124183,62.00128139951616
102,82.98790682186937,62.03682429397233
102,82.96712143620553,61.96993277588167
102,83.01758348354424,62.035467552472
102,82.9930265286661,61.99545157501967
102,83.04280180036288,61.976208913036864
102,82.99181892896902,61.96458004885422
102,82.98264294412178,61.985304330999185
102,82.96725650192094,62.020264466781974
102,83.00574892782936,61.976017142477176
102,82.99351063643881,61.98148984667571
102,82.99437829596698,62.004462044888655
102,83.00158594758948,62.00628418750624
102,83.01335268960773,62.04353078529662
102,83.02177056412597,61.97928095408632
102,82.99948444005538,62.00640939024475
102,82.98091747403258,62.00117879367997
102,82.97881298248674,61.971601515018385
102,83.00569388071784,61.96999129756531
102,82.99918394662475,61.997312594890055
102,82.99775917646903,61.95710015560891
102,82.96635616935333,62.00040263103502
102,83.00162125964093,61.98914955073764
102,82.9870801726484,62.02425206959727
102,83.02421525110398,62.00252590496335
102,82.99872033607761,62.04432604411551
102,83.02933858692461,61.990044470204
102,82.9741796256475,61.9700014584786
102,83.0158387662312,62.04738375412483
102,83.0212316151594,61.96207356767149
102,83.00301401569098,62.03865979923513
102,83.01348170371148,61.95480681109554
102,82.97971150514097,61.96295980369018
102,83.00417828966177,61.96175722359285
102,82.98808583646213,61.98966881274568
102,83.01961991093226,61.98143680606918
102,82.99466196780318,62.02432056637407
102,82.97722218882281,62.021050748376766
103,82.98173561725689,62.038952037047835
103,83.01889450343813,62.005298895211936
103,83.00590842735603,62.02171667511005
103,83.02133128071148,61.96583587235401
103,83.03017402498314,61.98049402126223
103,82.9845604283552,61.96529558272776
103,83.00245689250491,62.042885964217604
103,83.00298452509175,62.0079395598506
103,83.03231570374916,61.96536982443502
103,83.04552820389698,62.01118012635783
103,82.97749191025072,61.98156285856544
103,82.97705484331316,61.97276507434749
103,82.99246637275083,62.003562006365776
103,82.96957585629293,61.98480185276656
103,82.98646916572231,62.023236823703535
103,83.01336710367427,62.00842283875645
103,82.98898271600993,62.00421578512071
103,83.04322216638057,61.99313037136757
103,82.99100301447302,62.01618946144888
103,83.02578042833304,62.00184137566864
103,83.0340673780166,61.98437531086294
103,82.99459581076107,61.9583261426884
103,83.0156900371243,61.971755149000565
103,83.03522356202122,61.992755615513914
103,82.98340874438213,61.98626928022966
103,82.95928686871193,61.978949791714875
103,83.02986673814164,62.002627099928084
103,82.9596436999247,62.01800962103062
103,83.017946209734,62.00281376178237
103,83.01046596899023,62.00131319520877
103,82.99751567819455,61.991929274202505
103,82.97780353891648,61.99540053744963
103,83.02259137355436,62.018364158895864
103,83.03562606393172,61.98836954343717
103,82.99213799280521,61.96830650486788
103,83.03131340905847,61.9862065512578
103,83.04459594169884,61.98757912245905
103,83.04324787617743,61.995858675483014
103,83.01239230805305,61.976208624935076
103,83.00581611281557,62.045661627116765
103,83.01416387840192,62.04563433620104
103,83.0337010365032,62.02446091635947
103,83.01813562604798,61.976973758356095
103,83.01287337395641,61.999116562035695
103,82.96933879463008,61.965320424413676
103,82.99108895172101,62.02559917983724
103,83.01062972825093,62.01168252263586
103,82.99785906681241,61.97973198416585
103,83.04044217179882,61.98432568596395
103,83.00699477817864,62.02206631272604
103,83.03655630006406,61.98127670466777
103,82.99285612572244,61.95734294373114
103,82.98061762126952,61.98627007440442
103,82.9791729257105,61.97998593715496
103,82.95266890407288,62.00774452887174
103,83.03928181766503,62.02168477571099
103,83.01731517762512,61.99720076444589
103,83.0097689108599,61.96545953519773
103,82.97685819741093,61.96016533864362
103,83.00828296564924,62.01138597427141
103,82.99288607804094,61.99181215423444
103,83.00377419807775,61.96602372666191
103,82.96189769101346,62.02461626618983
103,82.9822871140498,62.03021699377787
103,82.98532024023443,61.99685970831432
103,83.01420378483729,62.02558169220488
104,83.02122370995058,62.01118137060501
104,82.96287484138044,61.97895365632551
104,82.99639023770672,62.024165032951515
104,83.03884212593698,61.998175938773485
104,83.03228924991693,62.00387535125098
104,82.99512592761505,62.00341304347172
104,82.99817588548547,61.986905116726106
104,82.95635746726354,62.01855063873126
104,82.95705222246032,61.981879611168765
104,83.01408953264585,62.0069910785641
104,82.99431993312379,62.0234016048769
104,83.01295586419745,61.99265888467507
104,82.96533478006778,62.024378732087065
104,83.02928372764934,61.98741248750276
104,82.96144355126906,61.975115091684174
104,82.97945138079581,62.037251585516856
104,82.97349986927402,62.00065797888862
104,83.02152887754343,61.97713934295757
104,82.99407975414796,61.990162777421794
104,83.01754369099169,62.03234296452846
104,83.00497004734713,62.035520464637585
104,83.00743028337536,62.01653237369248
104,83.03744786917883,62.00865662864598
104,83.00830474533753,62.013094441705746
104,82.96138231500468,61.99628771977823
104,83.00654109417012,61.962569464272825
104,82.97887229891609,62.04219120090666
104,82.98015754220415,61.996509522669726
104,83.01278776560771,62.018219888741406
104,82.98465428498785,62.01233677510079
104,83.04060649299117,62.02682248041867
104,82.98086683446729,62.0408022448201
104,82.98555940240887,62.00269589277989
104,82.99803627240293,61.99123056741657
104,82.97422633319277,61.95865880766762
105,83.01137048470012,62.02367594615685
105,83.00130997403245,61.971031815058836
105,83.00726008441532,61.96627548455779
105,82.97145675198519,62.018656466070375
105,82.97413627417134,61.97482433000823
105,82.98408513784217,61.972310017090265
105,82.95250088209487,61.99392240749107
105,82.95419707713617,61.98954989290901
105,82.97436141820258,61.98636131551168
105,83.00972728279903,61.96038756188203
105,82.99906358863093,62.004302575921365
105,82.99676523976567,61.97650468762547
105,82.99125984377066,62.01925546408001
105,82.99057693617843,62.01711939965704
105,83.0082634668552,62.02429690727912
105,82.99155478175653,62.0075403321956
105,82.98093838874054,61.97012950813529
105,83.02067564511606,61.996372743553394
105,83.02899521452453,61.96994744560571
105,83.02398678652965,62.00942593746532
105,82.99915392126894,61.995190304254535
105,83.01458822609051,62.02214669918908
105,82.99520142511328,61.968880669745026
105,82.9750321436762,61.98113972439781
105,82.96409834089862,62.00513354630395
105,82.99933120498069,61.96821926334033
105,83.01322719595053,62.02481736662914
105,82.97187645084884,61.99852624197378
105,83.04144018130249,62.00959811715307
105,82.97466125747039,61.9668574481588
105,82.96979870797445,61.980433747652164
105,82.98570241529325,62.03574693826934
105,83.00840145358087,62.004320791068444
105,82.97816302244021,61.96704356820455
105,82.9887282884054,62.02236715789103
105,83.00581863345133,61.99686952859719
105,82.97595331173228,61.996146047625174
105,82.99580072419188,62.0166526626821
105,83.02867867127509,62.024361280669346
106,83.03409063063367,61.99067704676996
106,83.01120271226374,62.014072513423685
106,83.03925084095421,61.99972691990242
106,82.95543674613886,62.00127019700428
106,82.98009561934416,62.00242968500537
106,82.98279163139536,61.95941962442013
106,83.01982117030413,61.99271154985162
106,83.0460174512686,61.98568120435918
106,83.00915249343171,62.005880896090524
106,83.00039259322672,62.026691995361695
106,83.04073031052418,61.985492701714485
106,83.0270513648834,61.959819452616145
106,82.99050907151502,61.990816482077435
106,83.01175878558524,62.009646998170275
106,82.96864805928246,62.024200403271664
106,82.9885032263839,62.024245075068116
106,82.99114098781021,61.998263444503785
106,83.02805736174567,62.0366860406521
106,83.04302915309246,61.97823556837213
106,83.00011555525731,62.03670370880001
106,82.96828050432924,61.973191755001615
106,82.99433139981585,61.97939763526995
106,82.95937301583963,62.01539790021908
106,83.00329823756594,61.98766146747252
106,82.9639067029186,61.96558612888295
106,83.02025687744788,61.999785219306474
106,83.01715668705114,61.98671717415949
106,83.02274696915967,61.99074983981057
106,83.01488358982736,62.026843048455106
106,83.01726033483315,62.00634335073562
106,83.00447968501842,62.03236686239746
106,82.96725756566691,61.99961835299113
106,83.01093259264236,61.99991193587386
106,82.99358301154919,61.996127801964455
106,83.02112386846831,62.004762443829506
106,82.95316454146307,62.01104784758461
106,83.01162050023834,62.0314191531325
106,83.03829947323581,62.01553761156656
106,82.99960800750124,62.00350072666875
106,83.01809554867963,62.03995293651069
106,82.96935915094126,62.01086623099289
106,83.04521404036525,62.015701409120254
106,82.99721253928703,62.037171133526016
106,82.9758175295758,62.03942652776576
106,83.01313663520307,61.990669539197384
106,82.98762309653195,61.99089197314499
106,83.01447958496524,62.01184832595106
106,82.99745447333478,62.03468869055441
106,82.99951457953291,61.96960175021171
106,82.97685819741093,61.96016533864362
106,83.00430723140109,61.97413440721118
106,82.96066354639738,61.98268940340269
106,83.03407013723158,62.001469710326816
106,83.01157209956413,62.01229937699635
106,83.00531972840831,62.009796550818045
106,83.0267480548219,61.9689542899805
106,83.0341646037396,61.975642674265714
106,83.00548180089802,62.02110739769572
106,83.03912145237241,62.001770892948755
106,82.99066097368176,61.9685915714038
106,82.98799520804242,61.99623746053362
106,83.0378503163019,61.982853442158515
106,83.03131502977658,62.0076860294062
106,82.97266236263665,62.002337936006064
106,82.98019143378211,62.04314162665572
106,82.9797573222189,61.97396318894399
106,83.03175098701264,61.98133735963222
106,83.00974061315122,61.98487985301399
106,83.01524053215786,62.02540517006075
106,83.030454834069,62.03405819354197
106,82.97016057326246,62.02213074851241
106,83.00361244873376,62.023890497527226
106,82.99001917072914,61.991405349625985
106,82.99979973881533,61.995572091655355
106,83.0402485738009,62.01211445413384
106,83.01449664440487,61.97521800717466
106,82.99196180083001,62.00418437207366
106,82.98389903641383,62.01062304974886
106,82.99355642172888,61.97567552613486
106,82.9873923037341,61.957517133588695
106,82.99035885373978,61.97993184866256
106,83.00605058132747,62.04395169692064
106,83.01864091641899,61.99849590775787
106,83.01363420363425,61.973891947234975
106,83.02426714592168,61.98486010436053
106,83.00534691519132,62.03658409168184
106,82.97592126328163,61.965485228633355
106,82.99007292418047,61.985003916515446
106,82.99112990535829,62.01778761801254
106,83.03832317803163,62.021314962755696
106,82.97712705263294,62.001828923301254
107,82.9640105029674,62.00055337685013
107,83.02010387416559,62.03188206375682
107,82.98151737021573,62.01443503609563
107,83.01730800442654,61.99593757557779
107,82.99061877934811,62.042032560983614
107,83.00238527059102,62.0422690577697
107,83.02422606659137,61.97689269314837
107,82.99399471878797,62.0291225091833
107,83.0215325071483,62.027120592247414
107,83.03787065308893,61.99133560800548
107,82.98307053980582,62.006678810639336
107,82.97497195452742,61.981574524995494
107,82.9842147656625,62.00637568398451
107,83.01323816866353,62.032516116118394
107,82.99274059907654,62.003205487505035
107,82.9593445016164,61.97278851714303
107,83.0353861781918,61.98837588185505
107,83.02005069773352,61.96525772892337
107,82.96723177591781,61.98545824761748
107,83.00028529200617,61.99759831257732
107,83.02282594019094,62.02110251348415
107,82.99447867034016,62.038503820580665
107,83.01250863608912,62.02496904707312
107,82.99710068510208,61.95362724576472
107,82.9926973249831,61.954043389316716
107,83.04098931464146,62.027271278876334
107,83.04013169323953,62.019904918677746
107,82.9611728728706,61.99159877757075
107,82.99915361527793,61.97721283388012
107,82.9565339934993,62.011406086781086
107,83.02682758977065,62.00006895826231
107,83.0023855864606,62.01209569495562
107,83.01549233366225,61.98031305256477
107,82.97692390695676,61.97234760299891
107,83.01254518825309,62.044876816065276
107,82.96996634544499,62.0261099687873
107,83.02292215695516,62.01743515967366
107,82.9615607469256,61.97188422092022
107,83.0053017054456,62.004744008209045
107,83.03925281322746,62.00499357842782
107,83.03620475558884,61.98517207531333
107,82.99247739233685,61.956000944814065
108,82.99251115399508,61.957923318173165
108,83.01168255464174,62.00147095031307
108,83.03201238925939,61.97187295000972
108,82.98466915016036,61.984430384135266
108,83.00601783421233,62.03494414167043
108,82.98470695585843,62.0185487538545
108,82.98068593823825,62.018306230088214
108,83.02518168452346,62.03354444164749
108,83.03445356492492,62.00257048581373
108,83.00583666093716,62.01903524797215
108,82.96132413879639,62.02973373574555
108,83.01348537117127,62.008320579700836
108,83.00382654760708,61.97856288000468
108,82.97363877577097,61.96635096259741
108,83.01850106800217,61.99849507440035
108,83.00693819934229,62.02276128209911
108,83.02628977598815,61.974562404101924
108,82.97862471635526,62.00534810180367
108,83.00604608003036,61.96149478877367
108,82.96403210624877,62.03177031196593
108,83.00671035209976,62.024199326667635
108,83.03003613541948,62.00998312804879
108,83.02496827577114,61.97100654085895
108,83.02456633617416,61.99413644405627
108,82.98555557338274,61.996620513603816
108,83.00168115711719,61.950298768975365
108,82.97231679509468,61.96218224497524
108,83.046185988353,62.016072144173634
108,82.95245378812041,61.987749970785536
108,82.96139438779129,62.013916684867425
108,83.01742235962574,61.989463935934815
108,82.98280855755048,61.998886624383715
108,82.98048983855185,62.00907118315008
108,83.01948742793297,62.017676170418724
108,82.957264541456,61.99232056958866
108,83.00691947292968,61.963121740486244
108,83.00500293638733,61.98885959954787
108,83.03429779960476,62.023100981145774
108,83.0280697155918,61.96646818189414
108,83.01721273891032,62.01010785684065
108,83.02315781558191,62.00460742746359
108,82.9896639577183,61.99659568387394
108,83.03902456664326,61.98394531803484
108,83.01338267803963,61.997327258035995
108,83.01914868855671,62.04416922208816
108,82.98224170216801,62.0399256457895
108,82.98433273603708,61.991598490442264
108,82.97475271139407,61.99340492890524
108,83.03339244390838,62.00946576864482
108,83.00102980899908,61.98330251709754
108,83.04281446710164,61.976226550984
108,82.9948977741317,61.99916131059125
108,82.97258459949376,61.970265111003954
108,83.01999963322979,62.03049484995148
108,83.02806317106794,61.98140301540929
108,82.99646596196952,62.01647300641245
108,83.04068485166444,61.98069209574718
108,82.97831820544886,62.04021693214694
108,83.01917160292574,61.96732019375335
109,82.9847874686768,62.01619783181098
109,83.0292340947455,61.976476194945114
109,83.00275826467845,61.979860996980236
109,82.9896639577183,61.99659568387394
109,83.03559612771322,61.98280612814946
109,82.99840309290725,61.99116595509291
109,82.9610417181341,61.98080992780134
109,83.00093707079536,61.96613618095318
109,83.0167367986559,62.02417706511282
109,82.96359647120445,62.01383006694188
109,83.03240897175962,62.00840707968867
109,82.96616271045589,61.985038073733136
109,82.98876892513648,62.01824510292978
109,82.96221744955584,61.98059654694083
109,82.97729965426363,61.95763493872848
109,83.01752678201589,62.014761650748234
109,82.99027207103407,61.979950266416445
109,83.01341179980788,62.00084026664021
109,83.012196146691,62.016954478899095
109,83.0180836006309,61.989494713212174
109,82.98097885033877,62.00525322406074
109,83.04013959438805,61.99850608215854
109,82.97476433656037,61.97077207277168
109,83.01096261998008,62.02081638842887
109,83.00018760014115,62.00036443459554
109,83.00513167113115,61.998267695584595
109,83.01773959183735,62.034069854625365
109,83.03744786917883,62.00865662864598
109,83.00727396114593,61.983899893645265
109,83.0252662168435,62.032293129766536
109,83.01077152827379,62.03776141389419
109,83.03416270536059,61.971476121955355
109,83.01716080052242,61.971249015685984
109,83.01322719595053,62.02481736662914
109,83.03664571649954,62.03277797658953
109,82.98725456307226,61.99477649094639
109,83.017335237954,62.02367616500045
109,82.96820532974259,62.0099148944211
109,83.04528178694214,61.97912150942147
109,83.00214209082176,61.98369421831256
109,83.01774092126101,61.96654104685766
109,82.98954269201761,62.006148568525944
109,82.96911464152096,62.00458729629913
109,83.04252888460374,62.02351892451713
110,82.98271151094777,61.96083047027608
110,83.00633334110584,61.98856457688953
110,83.0015535785821,62.0448676783959
110,82.95616482037029,61.97701334814188
110,82.96647911480949,61.98205952667991
110,82.9727636874114,61.98367969048349
110,83.00102069406638,62.01513071870509
110,82.97714893676881,61.99406160826652
110,83.04220207924452,61.996480030076086
110,82.99541050158746,62.01481000613088
110,83.00594650318745,61.958699403695796
110,82.95986786280002,61.97366956168094
110,83.00955992933044,62.01848855414059
110,82.97500501588009,62.01315526187714
110,82.96685568593487,62.030709026417505
110,83.04234109846229,62.02396427899718
110,82.99271186545103,61.99567419251598
110,82.9915036191119,62.024774986624365
110,82.99659644265826,62.018031856556874
110,83.00140390233442,62.04239760440052
110,83.02315605177239,61.99886322531458
110,83.00041107277754,62.024510212526074
110,82.9835316891153,62.00446987515404
110,82.99395821042066,61.992612710245844
110,82.9555333944698,61.997858630693955
110,82.96037657346629,62.01350350240938
110,82.97063652487388,61.974108302016454
110,82.97780688141847,62.00303794520165
110,82.99754343455618,61.95731003956098
110,83.041405589553,61.987548768184574
110,82.96990955663884,61.988330363144556
110,82.96050541092075,62.02019526290371
110,82.96868080598387,61.98151273769418
110,82.99206621907393,62.033716659237946
110,82.97951207843552,61.966006113262814
110,82.99648509472985,62.01650549879436
110,83.0014235957018,61.98422992624517
110,82.9873796369396,61.95661441214258
110,83.01252574300172,62.03771087278151
110,82.96529819352597,62.024597114321196
110,82.95952106588118,62.0112088244933
110,83.03703255992993,61.99582418796466
110,83.00564528738369,62.021169075928334
110,82.96212974308298,62.02030803952138
110,82.98933798996383,61.96837816748875
110,82.98442218176456,62.039302543674985
110,82.96815063246041,62.0101608888486
110,82.99348257834664,61.96463890841569
110,83.03683853463538,61.97324866046081
110,82.9752473610382,62.00309894874
110,83.00128970351815,62.03649503664466
110,82.9917927720483,62.02355012629042
110,83.01414427767331,62.00586527317546
110,83.0257368379649,61.96552285187303
110,82.98935295628654,61.973051231273885
110,82.96071342691145,62.026918820800724
110,83.015779821388,62.01263371595535
110,82.9647970857886,62.022213690200196
110,83.02969403699595,62.031111915925486
110,82.95957501239542,61.98552391351378
110,83.0062831710244,62.01734170519694
110,83.03934254401982,61.97926831883032
110,82.98782518810013,62.048492238842826
110,83.01235156753053,61.98080108932964
110,82.98961119553793,62.010112205649264
110,83.03541144484113,61.96622186843073
