gene,x,y
1,66.9957234807536,46.02102862310491
1,66.99548192522653,46.02372220877147
1,66.99349637830474,46.016250159198634
1,66.99462776536608,46.01245399480474
1,66.99462776536608,46.01245399480474
1,67.00356245299231,46.015140699170495
1,66.99808841797335,46.0089766489487
1,66.98426823526778,46.00114073866475
1,66.98370464697177,46.01290465034209
1,67.01980063000146,45.99699246183844
1,67.00630626227544,45.98128894674064
1,67.02012450766993,46.004906006033
1,66.98035807708717,46.00158566053604
1,67.01145473446317,45.98512528196178
1,67.00216762138463,45.988987253274566
1,67.00060065905818,46.005960765200186
1,66.99641921495197,46.0178324695458
1,66.98370464697177,46.01290465034209
1,66.99435225361158,45.97600584782722
1,67.00362357950166,46.00647519563121
1,67.00791711868817,45.978210145440755
1,66.9939118098421,45.98279437081064
1,67.00741292546992,46.021086179983904
1,66.99641921495197,46.0178324695458
1,66.99469651208064,46.00813357156664
1,66.99707155752726,45.99045132780004
1,66.9990813390894,46.02186073818228
1,67.01066299711776,45.99502804132293
1,66.99222949908201,45.981771832414175
1,66.99859898460777,46.02151789404859
1,66.99257131699459,46.0006786488175
1,67.01708818463693,46.012235683515
1,66.99538080023454,45.995968825537204
1,67.01676519605444,45.99820363629571
1,67.00579865136302,45.97598248399648
1,67.00356245299231,46.015140699170495
1,66.98914625543328,46.01146878610694
1,67.01066299711776,45.99502804132293
1,66.99061731663119,45.998770918155884
1,66.99222949908201,45.981771832414175
1,66.98556390646645,45.99579345270151
1,67.00741292546992,46.021086179983904
1,66.985817446664,45.99735350248513
1,66.99257131699459,46.0006786488175
1,66.9948071229633,46.001412645287516
1,66.99061731663119,45.998770918155884
1,67.0106475341875,46.00413286611977
1,67.00143528886262,46.023443180070785
1,66.9949904548882,45.997024683631246
1,66.98037542335479,46.00742375681813
1,67.00649951912258,46.020969225318275
1,66.99753483227298,45.9929736074109
1,66.98975570774684,45.99479092417546
1,67.01046559299638,46.00740344337835
1,67.00462428985715,46.006327294830854
1,67.01532818954409,45.991739792162434
1,67.01963048413802,45.99653532473072
2,66.98936784861785,46.00018414716004
2,66.99190407212105,45.99724886976388
2,66.98984820147373,45.99747715890146
2,66.98863283796383,46.00179791218669
2,66.99031448767373,45.99691394811507
2,66.99087194452692,45.998191833290804
2,66.99053085713335,45.99625551898054
2,66.99115999186527,45.999000137835644
2,66.99035878998457,45.99736576408368
2,66.9881615440702,46.00403724461554
2,66.9905302063654,45.99597554238988
2,66.99058765309542,45.99687948556595
2,66.9890644368899,46.00110424529011
2,66.98990385960283,46.0020759576132
2,66.9906220745542,46.004365897611585
2,66.99103126306237,45.999226413781955
2,66.98996583560191,46.005722838795975
2,66.99190407212105,45.99724886976388
2,66.99184071108178,45.99716152788035
2,66.98930375392375,46.003536014645434
2,66.99134565540274,45.998123282747095
2,66.99140474769416,45.994790696636564
2,66.9921836114881,45.9946379822635
2,66.98840328956224,46.00625549191983
2,66.98915661918932,46.002312506920525
2,66.98851691314658,46.00225581762104
2,66.99087134833998,46.00045901659114
2,66.98841696282119,46.00412416944724
2,66.99282043955661,45.99534761913163
2,66.99034117991539,46.003881694050754
2,66.9891090408717,46.003274106211265
2,66.98902065813604,45.99969262953705
2,66.98948032258285,46.0028775932393
2,66.99306445712696,45.99460452532343
2,66.98930859070197,45.99901627531161
2,66.99148031158002,45.99789615959209
2,66.99231468373819,45.998424850557306
2,66.99243471129029,45.993505835731895
2,66.9906220745542,46.004365897611585
2,66.99282043955661,45.99534761913163
2,66.9904454851261,45.997199693002074
2,66.99257656753569,45.99695575328741
2,66.98936539971017,45.99993348663474
2,66.98863496732675,46.00500282415916
2,66.99101054565817,45.99940368283086
2,66.99069415730273,46.00215109298099
2,66.99084234538486,45.99809128071755
2,66.99270620729004,45.99705085811312
2,66.99090891160334,46.00159389747206
2,66.99231468373819,45.998424850557306
2,66.99031448767373,45.99691394811507
2,66.9928489482901,45.99275131652625
2,66.98968053605924,45.99993315044772
2,66.98984246477717,45.99895793312596
2,66.99222166972766,45.993088606289284
2,66.98986343145418,45.997794735563
2,66.98917302026356,46.00234134789888
2,66.9893566959915,46.002327821068874
2,66.99066450924488,46.00333336706451
2,66.99111545204212,45.9994855699678
2,66.9889367710179,46.003874000526615
2,66.98977631780562,45.99775939302182
2,66.98936539971017,45.99993348663474
2,66.98947890877214,46.00471347938584
2,66.99058852760204,46.0024827256785
2,66.98961507198887,46.006268127979375
2,66.99084234538486,45.99809128071755
2,66.98930859070197,45.99901627531161
2,66.98984246477717,45.99895793312596
2,66.99123283562388,45.99405496669056
2,66.98896026362728,46.00645127347473
2,66.99033355045988,45.99918078992324
2,66.99257656753569,45.99695575328741
2,66.98899584282299,46.00447775789468
2,66.98896906510898,46.00127023559692
2,66.9905302063654,45.99597554238988
2,66.99139815598126,45.99813969138244
2,66.99208043020595,45.997852786420495
2,66.98851691314658,46.00225581762104
2,66.99222166972766,45.993088606289284
2,66.99184207211866,45.998532612308026
2,66.99103126306237,45.999226413781955
2,66.99140147948266,45.999674095986215
2,66.99222166972766,45.993088606289284
2,66.98902065813604,45.99969262953705
2,66.98948032258285,46.0028775932393
2,66.99069415730273,46.00215109298099
2,66.9905302063654,45.99597554238988
2,66.9906220745542,46.004365897611585
2,66.98984393680932,46.00389449535962
2,66.98852490592076,46.002980095419815
2,66.99168047079448,45.99527455421924
2,66.99191909445666,45.99776896374103
2,66.99154511509276,45.99925899121816
2,66.99048553591778,46.00218976464242
2,66.99017653265734,46.00186186972693
2,66.99178083445676,46.000539540238044
2,66.98982529458848,45.99702132909697
2,66.9906241474779,45.99823935487122
2,66.99013506230638,46.00303740141907
2,66.9900927061923,45.99802416880556
2,66.99120300771051,45.993855390175234
2,66.98964967242897,45.99753070363256
3,66.98007108357002,46.00895145708295
3,67.00788440627616,45.993273936600474
3,66.98642007048123,46.015837113663935
3,66.99642061405274,46.00018705332483
3,67.01403762756675,46.008441232354194
3,67.00788440627616,45.993273936600474
3,66.99214902394404,46.02333982655878
3,66.99808841797335,46.0089766489487
3,67.00303954100362,46.00283409246086
3,66.99658177359699,46.02113992300425
3,67.00452929507625,46.00879131277918
3,66.99469651208064,46.00813357156664
3,66.99465377247046,46.004376210768974
3,67.0238011580696,46.0016803285296
3,67.00509356709915,46.02424266808637
3,67.02365900607018,45.999226498512996
3,66.97811937286008,46.00216954262765
3,67.01980063000146,45.99699246183844
3,66.98865023188782,46.00094508913562
3,66.99557064574103,46.01584051064926
3,66.99368849197063,45.97840874107392
3,66.98448754294428,46.001707422536924
3,67.0096740964551,45.97729093552698
3,67.0167280290845,46.0121988730168
3,66.99661717205153,45.99066574249384
3,67.0238011580696,46.0016803285296
3,66.98207768555208,45.98418445991352
3,66.98948617700634,45.97978940880442
3,67.00535305827391,45.99959446255964
3,67.00630626227544,45.98128894674064
3,67.00216762138463,45.988987253274566
3,67.00988752874974,46.01692683385087
3,67.01933968896145,46.01434458780893
3,67.01529378318368,46.009915512128565
3,67.00758858281215,45.982523046006484
3,66.98951012089388,45.99332444112594
3,67.01708818463693,46.012235683515
3,66.9819638988633,45.99279123941648
3,67.00060065905818,46.005960765200186
3,66.9957234807536,46.02102862310491
3,66.98035807708717,46.00158566053604
3,67.00649951912258,46.020969225318275
3,66.99387502834797,46.01551557367862
3,67.00124490259145,45.9758784387304
3,66.98448754294428,46.001707422536924
3,66.99387502834797,46.01551557367862
3,66.994634472973,45.99118654071916
3,66.98281018978696,46.00546158269215
3,67.00630626227544,45.98128894674064
3,66.99387502834797,46.01551557367862
3,66.99641921495197,46.0178324695458
3,66.99808841797335,46.0089766489487
3,67.01690334591456,45.99550564482926
3,66.99658177359699,46.02113992300425
3,66.97762775560155,45.99332552984827
3,66.9819638988633,45.99279123941648
3,66.99025991056062,46.001810909172
3,67.00408238626784,45.999224728067
3,66.98911560010507,45.994024090118636
3,66.99176779821323,46.01320136586212
3,67.0096740964551,45.97729093552698
3,67.00630626227544,45.98128894674064
3,67.00124490259145,45.9758784387304
3,66.99329282610046,45.98486741970843
3,66.99210921805803,46.0064034157375
3,66.98281018978696,46.00546158269215
3,67.00852087536246,45.99930531676661
3,66.99548192522653,46.02372220877147
3,67.00462428985715,46.006327294830854
3,66.97762775560155,45.99332552984827
3,66.98426823526778,46.00114073866475
3,67.00300784318102,45.98824775196526
3,67.0140485649449,46.01313842027066
3,67.01708818463693,46.012235683515
3,66.9957234807536,46.02102862310491
3,66.98269147167984,45.98740059553158
3,66.98478037184208,46.01474155968482
3,67.0140485649449,46.01313842027066
3,67.00216762138463,45.988987253274566
3,67.00951771036499,45.98528693880486
3,66.99469651208064,46.00813357156664
3,67.00988752874974,46.01692683385087
3,66.98556390646645,45.99579345270151
3,66.9906476795222,46.006011766918775
3,66.99512230802249,45.99897659522728
3,66.99176779821323,46.01320136586212
3,67.01214514649372,45.985076629055605
3,66.9957234807536,46.02102862310491
3,67.01200734162137,46.008231560621425
3,66.99548192522653,46.02372220877147
3,67.00988752874974,46.01692683385087
3,66.99658177359699,46.02113992300425
3,67.01898666647584,45.99722649603516
3,67.00452929507625,46.00879131277918
3,66.99658177359699,46.02113992300425
3,67.01423433918957,46.00541544957016
3,67.00509356709915,46.02424266808637
3,67.01532818954409,45.991739792162434
3,67.00951771036499,45.98528693880486
4,66.99370688573855,45.99968743019357
4,66.99474386926798,45.99932742338557
4,66.9897744878142,45.99907369806516
4,66.99218602953724,46.00095891482699
4,66.98948552303501,46.0000622929116
4,66.99465719222276,45.999491970640634
4,66.9939586647603,46.00214062109277
4,66.99227230223906,46.00239282850737
4,66.98915661918932,46.002312506920525
4,66.98896906510898,46.00127023559692
4,66.99370688573855,45.99968743019357
4,66.98799691636272,46.00201726036522
4,66.98936784861785,46.00018414716004
4,66.98990385960283,46.0020759576132
4,66.98833774020054,46.00194463975184
4,66.9939586647603,46.00214062109277
4,66.99248650468957,46.003971435631186
4,66.99181179953098,46.00019979346049
4,66.98913223234125,46.00307706310192
4,66.9939956938954,46.00269424669041
4,66.9891090408717,46.003274106211265
4,66.99044107952938,46.00013681712895
4,66.99438719990955,45.999865502003004
4,66.99461345971646,46.00163462790999
4,66.9897744878142,45.99907369806516
4,66.99371091568086,46.002016871892096
4,66.99286751114892,45.999768490248364
4,66.99239039121932,46.00274655724792
4,66.98915661918932,46.002312506920525
4,66.99144233812457,45.99921775343669
4,66.99178401686419,46.000822598442745
4,66.98975690770564,46.00198053159647
4,66.98911063505396,46.00076317834309
4,66.98936784861785,46.00018414716004
4,66.9939956938954,46.00269424669041
4,66.99058852760204,46.0024827256785
4,66.99231468373819,45.998424850557306
4,66.99483572151904,46.00168687111705
4,66.98948032258285,46.0028775932393
4,66.99309914618239,46.0031874211683
4,66.99111545204212,45.9994855699678
4,66.98980773644129,46.001155350043724
4,66.9934273762737,46.00139169218309
4,66.98948032258285,46.0028775932393
4,66.9939956938954,46.00269424669041
4,66.99180508105987,46.00385637742219
4,66.99572968408876,46.00032761537032
4,66.98980773644129,46.001155350043724
4,66.9879813252066,46.002115055160964
4,66.99390786549138,45.998628026409115
4,66.9879813252066,46.002115055160964
4,66.99237977289053,46.003752497986895
4,66.99248650468957,46.003971435631186
4,66.99034117991539,46.003881694050754
4,66.98911063505396,46.00076317834309
4,66.99280342190293,46.00221924533156
4,66.99465719222276,45.999491970640634
4,66.9939956938954,46.00269424669041
4,66.98983837205614,46.00105423917656
4,66.99212835466784,46.0028950709681
4,66.99375298003513,45.999881347693396
4,66.99061731663119,45.998770918155884
4,66.98864898112275,46.00358572819044
4,66.99119850735228,46.00292862373553
4,66.99286751114892,45.999768490248364
4,66.98936539971017,45.99993348663474
4,66.9948828020285,45.99992277635984
4,66.98975260810766,45.99937942652757
4,66.99227854082122,45.9998098857755
4,66.99061731663119,45.998770918155884
4,66.99442064364162,45.9991967575077
4,66.99026404137763,46.00395266719367
4,66.99048553591778,46.00218976464242
4,66.99349508880296,46.00102418411384
4,66.9946772558982,45.999505836069346
4,66.98909312806356,46.00254040554164
4,66.99063509646575,46.00393934264155
4,66.9891995903801,46.00038160752183
4,66.99218690726178,46.00242655270546
4,66.99293842478527,46.0028849937407
4,66.99231468373819,45.998424850557306
4,66.9927204425164,46.003176195307496
4,66.98864898112275,46.00358572819044
4,66.99442064364162,45.9991967575077
4,66.99480860622056,46.000837296238046
4,66.99488752173733,46.00135505875275
4,66.99227854082122,45.9998098857755
4,66.99576396643546,46.00112258542309
4,66.99401104253896,45.9988322364298
4,66.99101054565817,45.99940368283086
4,66.98930375392375,46.003536014645434
4,66.99249869688228,46.00032552678775
4,66.99396811379793,46.003453416872134
4,66.99218690726178,46.00242655270546
4,66.99101054565817,45.99940368283086
4,66.9923231022027,45.99989815116077
4,66.99013506230638,46.00303740141907
5,66.99993852234343,46.00017039382922
5,66.9987107266434,46.002239662878125
5,67.00377494664426,46.00396922636249
5,66.99975128735497,46.006119271161886
5,66.99833475297514,46.00405675443254
5,67.00074195223822,45.99989077009633
5,66.99872411210931,46.00531406241153
5,67.00234142262217,45.999982785056
5,67.00216315366833,46.000178510266096
5,66.99845773959706,46.001799535092196
5,67.00394349846786,46.00272348674191
5,66.99993852234343,46.00017039382922
5,66.99736965287,46.003642838537665
5,67.00049299201164,46.00327486737241
5,66.99993852234343,46.00017039382922
5,66.99831682292985,46.0018231420447
5,67.00170013289367,46.00455339076279
5,66.99790713147647,46.00296799086222
5,67.00162763345499,46.001688153179906
5,66.99995844449087,46.00553710100262
5,67.00283427010402,46.00527954089034
5,67.00359188256819,46.00325036925495
5,67.00214980108747,46.00091215099611
5,67.00262281213483,46.00336894119259
5,66.99736965287,46.003642838537665
5,66.99968269660583,46.00426594746103
5,67.00126137474498,45.99969042008953
5,66.9979820168489,46.00344253424806
5,66.99838114797446,46.003780941077686
5,67.00047823205632,46.00615945679433
5,66.99900214867876,46.00516411501801
5,66.99936524735556,46.00037208703198
5,66.99722672679985,46.00311366214021
5,66.99838114797446,46.003780941077686
5,66.99817840160694,46.00318932704914
5,66.9999898935377,46.004682864640266
5,67.00221633416776,46.00352374143061
5,66.99849165891453,46.00297195919842
5,66.99987106366852,46.00250224398901
5,67.00011150020256,46.00275740658849
5,66.99830815641484,46.00403653621456
5,67.0032013913344,46.00412462765835
5,66.99884065823143,46.00149643063514
5,67.00219743043463,46.00471973256415
5,66.99831682292985,46.0018231420447
5,67.00283427010402,46.00527954089034
5,67.00214980108747,46.00091215099611
5,67.00171835753584,45.99975012670427
5,66.99891147183605,46.00167404451771
5,67.00162763345499,46.001688153179906
5,66.9984914176658,46.004584864668324
5,67.00024973811202,46.0037820611539
5,66.99960072584824,46.00256505254029
5,67.00160419096183,46.00514160411167
5,67.00302749250098,46.0033181919627
5,67.00064704895678,46.005847848341816
5,67.00102530008981,46.00095080166796
5,67.00191949474187,46.00235448440212
5,67.00054723278744,46.00159474228421
5,66.9994823301964,46.00271994956785
5,66.99953396573152,46.00538082794176
5,66.99891147183605,46.00167404451771
5,67.00110980886188,46.00129949785273
5,67.00032655576298,46.00385345073447
5,67.00047823205632,46.00615945679433
5,67.00059406520245,46.00251619594438
5,66.9999898935377,46.004682864640266
5,67.00148810511105,46.002042384846284
5,67.00045151446874,46.00488740054727
5,66.9994128792095,46.00323203868314
5,67.00382669334627,46.00317883813447
5,67.00234498716709,46.005800850589594
5,67.00074195223822,45.99989077009633
5,66.99739379851106,46.00390219425488
5,67.00191949474187,46.00235448440212
5,66.99933058416515,46.00635717071813
5,67.00048727462901,46.006128619336494
5,67.00368159310143,46.002362031783406
5,67.00131366305442,46.00347684386512
5,67.00252419316425,46.002568940622105
5,66.99972220632846,46.00100114017183
5,66.99888120017806,46.00652986189379
5,67.00363189351675,46.00369942919427
5,67.00170013289367,46.00455339076279
5,67.00236125724135,46.00457229896119
5,67.00121608105613,45.99995108399033
5,67.00224029289606,46.00377617426826
5,66.99995844449087,46.00553710100262
5,66.99987106366852,46.00250224398901
5,67.00310244708186,46.004150747098485
5,66.9989636729719,46.00565374386444
5,67.0002635809177,46.00626375315603
5,66.9994823301964,46.00271994956785
5,67.00131366305442,46.00347684386512
5,67.00241031938211,46.00503080399713
5,67.00302749250098,46.0033181919627
5,66.99943081239687,46.003699061599185
5,67.00234142262217,45.999982785056
5,67.00146193780284,46.00427814615154
5,67.00205564801212,46.003039783810266
5,66.9999010053295,46.00318968909512
5,67.00339991255474,46.00414520583567
5,66.99891147183605,46.00167404451771
5,67.00067355064516,46.003370059468416
5,67.00167159768922,46.00388304297678
5,67.00170330379983,46.004614286236205
5,67.00146193780284,46.00427814615154
5,66.99845773959706,46.001799535092196
5,66.9976776404064,46.00211656845501
5,66.99888607179156,46.00503232838037
5,67.00302749250098,46.0033181919627
5,67.00102530008981,46.00095080166796
5,66.9975979577667,46.00488621141831
5,67.00275792504067,46.00376955494173
5,66.99907674497962,46.00213129877376
5,66.99973130058011,46.00607939739383
5,66.99953396573152,46.00538082794176
5,66.99993003813296,46.001551116512346
5,67.00262281213483,46.00336894119259
5,67.00162763345499,46.001688153179906
5,66.99884065823143,46.00149643063514
5,66.99884065823143,46.00149643063514
5,66.9994823301964,46.00271994956785
5,67.00215431326092,46.005698274292826
5,66.99854980036604,46.00521792239788
5,66.99739379851106,46.00390219425488
5,67.00324132048581,46.00445854085151
5,67.00310244708186,46.004150747098485
5,67.00148025009686,46.000581093469904
5,67.00310244708186,46.004150747098485
5,66.99936524735556,46.00037208703198
5,67.0001696106039,45.999919003537904
5,67.00338796946606,46.00057489579235
5,66.99943081239687,46.003699061599185
5,67.00262044962194,46.00316732539549
6,66.99401104253896,45.9988322364298
6,66.99402167092255,45.99985521222184
6,66.99404383882113,46.002096955202724
6,66.98896906510898,46.00127023559692
6,66.99442064364162,45.9991967575077
6,66.98930375392375,46.003536014645434
6,66.99123749327039,46.0009823896772
6,66.98968053605924,45.99993315044772
6,66.99370688573855,45.99968743019357
6,66.99572968408876,46.00032761537032
6,66.99180535279488,46.001462961381506
6,66.99304589415318,46.00324472403951
6,66.99259359294378,46.001589637211985
6,66.99180508105987,46.00385637742219
6,66.98948032258285,46.0028775932393
6,66.98968053605924,45.99993315044772
7,67.01066299711776,45.99502804132293
7,66.98269147167984,45.98740059553158
7,66.99349637830474,46.016250159198634
7,66.99061731663119,45.998770918155884
7,66.98562068342564,45.99156057417787
7,66.99642061405274,46.00018705332483
7,66.9957234807536,46.02102862310491
7,66.99548494081276,46.011193254353486
7,66.985817446664,45.99735350248513
7,66.985817446664,45.99735350248513
7,66.98269147167984,45.98740059553158
7,66.994634472973,45.99118654071916
7,67.00515360704318,45.98721790296207
8,66.99513533353567,45.99752056144451
8,66.99936204241529,45.99716956948466
8,66.99959996066174,45.99715643944759
8,66.99666280220086,45.998815529628416
8,66.99573360152884,45.996945755896505
8,66.99391300993564,45.99606768348853
8,66.99686435110327,45.994133308685214
8,66.99590322306196,45.99767119647159
8,66.99365884706941,45.99438609513412
8,66.99607571020638,45.99344703885914
8,66.99390232219187,45.996602005287244
8,66.99292283357781,45.9965114901005
8,66.99468938448992,45.99758297072775
8,66.99395154943862,45.9957901459184
8,66.99488126530002,45.99931331713656
8,66.99538080023454,45.995968825537204
8,66.99410359889244,45.99744863868874
8,66.99538080023454,45.995968825537204
8,66.99538080023454,45.995968825537204
8,66.99395154943862,45.9957901459184
8,66.9949599050799,45.99703038739836
8,66.99740960271335,45.9993988163199
8,66.99646802075969,45.99758712899288
8,66.99422512693295,45.997159014011515
8,66.9949599050799,45.99703038739836
8,66.99947276402193,45.99650561672105
8,66.99318591128966,45.99670233782885
8,66.99513533353567,45.99752056144451
8,66.9961948663407,45.994213344624654
8,66.99686435110327,45.994133308685214
8,66.99488126530002,45.99931331713656
8,66.99885322852201,45.99854997786221
8,66.99328867849137,45.99801360882237
8,66.99756245431446,45.9954435174951
8,66.99734325065492,45.99470249613535
8,66.99964831586946,45.99662744759676
8,66.99730821707678,45.993819624519155
8,66.99395293268896,45.99473350052904
8,66.99800650160016,45.99908259906215
8,66.99613537749794,45.994309366766004
8,66.99545839067916,45.99329714414147
8,66.99360376748267,45.995197021727215
8,66.99358454585499,45.99721869750932
8,66.99721981190653,45.99659130458721
8,66.9961248135628,45.995264589553834
8,66.99306445712696,45.99460452532343
8,66.99646802075969,45.99758712899288
8,66.99296872365201,45.995053378571654
8,66.9952514863578,45.99436458774167
8,66.99963181501928,45.996144154117886
8,66.99792701271934,45.998935200045096
8,66.99692737257912,45.995928081967996
8,66.99535912188837,45.9974811892871
8,66.99779874855302,45.99573906711728
8,66.99560734430202,45.996190290696404
8,66.99296872365201,45.995053378571654
8,66.99839085731291,45.997390803671365
8,66.99618493909468,45.994737416737564
8,66.99578431377753,45.99674107508061
8,66.9957383850042,45.993922782882116
8,66.99750469819425,45.99686376451181
8,66.99395154943862,45.9957901459184
8,66.99381708263172,45.993505301014714
8,66.99427574950953,45.998396379746175
8,66.99391300993564,45.99606768348853
8,66.99606540607574,45.99594655957914
8,66.99526132068577,45.99800014491097
8,66.9935893430412,45.99845660182259
8,66.99799882425005,45.996172375841354
8,66.99362162700409,45.99773858614086
8,66.99963181501928,45.996144154117886
8,66.99756245431446,45.9954435174951
8,66.99833159160448,45.99664751926218
8,66.99257656753569,45.99695575328741
8,66.99513533353567,45.99752056144451
8,66.9971149590523,45.995813143251
8,66.99947276402193,45.99650561672105
8,66.99901226256439,45.9961402309991
8,66.99821604735541,45.99456597981833
8,66.99511493435371,45.99549215391786
8,66.99371670183913,45.99683978771565
8,66.99579705263443,45.9970093437743
8,66.99590322306196,45.99767119647159
8,66.9961948663407,45.994213344624654
8,66.99304656663918,45.99776118779664
8,66.99799882425005,45.996172375841354
8,66.99821604735541,45.99456597981833
8,66.99885322852201,45.99854997786221
8,66.99885322852201,45.99854997786221
8,66.99381708263172,45.993505301014714
8,66.99717870376445,45.994760682519356
8,66.99819405930197,45.995534602919804
8,66.9957383850042,45.993922782882116
8,66.99431640668477,45.99335619666837
8,66.99833159160448,45.99664751926218
8,66.99513533353567,45.99752056144451
8,66.99963181501928,45.996144154117886
8,66.99819405930197,45.995534602919804
8,66.99905661146737,45.99766778594801
8,66.99896178799895,45.99826737055605
9,66.99333091882943,45.9990348402941
9,66.99126162881728,45.995592016170036
9,66.99468938448992,45.99758297072775
9,66.99539275051869,45.99382177640881
9,66.99579705263443,45.9970093437743
9,66.99139815598126,45.99813969138244
9,66.99686549862409,45.996866584121555
9,66.99538080023454,45.995968825537204
9,66.99582271007492,45.998147399223114
10,66.99594436689053,45.9998811008762
10,66.99535912188837,45.9974811892871
10,66.99567586776567,45.99909926031923
10,66.99901226256439,45.9961402309991
10,66.99861959998144,45.99658298634717
10,66.9948828020285,45.99992277635984
10,66.99901226256439,45.9961402309991
10,66.99449860984834,45.99747217298528
10,66.9935893430412,45.99845660182259
10,66.99362162700409,45.99773858614086
10,66.99839085731291,45.997390803671365
10,66.99594436689053,45.9998811008762
10,66.99666280220086,45.998815529628416
10,66.99812113638097,45.9979886454663
10,66.99827566943297,45.99865576996749
10,66.99646802075969,45.99758712899288
10,66.99399417874136,45.99398351808219
10,66.99734325065492,45.99470249613535
10,66.9961248135628,45.995264589553834
10,66.9950407616729,45.996057056438445
10,66.9950407616729,45.996057056438445
10,66.99496407836551,45.9987482899235
10,66.99861862298965,45.99715849906731
10,66.99293305885313,45.9964275720767
10,66.9949599050799,45.99703038739836
10,66.99779874855302,45.99573906711728
10,66.99511493435371,45.99549215391786
10,66.99449860984834,45.99747217298528
10,66.99717919262869,45.99484305020414
10,66.99741420477439,45.998940569376785
10,66.99360376748267,45.995197021727215
10,66.99390232219187,45.996602005287244
10,66.9937185840289,45.993911941879944
10,66.99222833154118,45.99575010115787
10,66.99750469819425,45.99686376451181
10,66.99449860984834,45.99747217298528
10,66.99660635952709,45.99638271184398
10,66.99465719222276,45.999491970640634
10,66.99513533353567,45.99752056144451
10,66.99833159160448,45.99664751926218
10,66.99520803014187,45.99417778452505
10,66.99390786549138,45.998628026409115
10,66.99292283357781,45.9965114901005
10,66.99756245431446,45.9954435174951
10,66.99722398632754,45.9940189182109
10,66.99721981190653,45.99659130458721
10,66.99412183027891,45.99642174078165
10,66.99905661146737,45.99766778594801
10,66.99910832455507,45.997790024887756
10,66.99781652505881,45.99630273823924
10,66.99910832455507,45.997790024887756
10,66.99488126530002,45.99931331713656
10,66.9989990093137,45.996627246901106
10,66.99292283357781,45.9965114901005
10,66.99509511709599,45.99777069716656
10,66.99750719656635,45.99739404716558
10,66.99812075704455,45.99517521156515
10,66.99799882425005,45.996172375841354
10,66.99430691604788,45.99609935124051
10,66.9933992148762,45.99838923936701
10,66.99293305885313,45.9964275720767
10,66.99316411105232,45.995560959546644
10,66.99535912188837,45.9974811892871
10,66.99932836162083,45.99826863495776
10,66.99717383087739,45.99990888580252
10,66.99327389498953,45.9962010778279
10,66.99496407836551,45.9987482899235
10,66.99569289810292,45.99704514835906
10,66.99333091882943,45.9990348402941
10,66.99391300993564,45.99606768348853
10,66.99430691604788,45.99609935124051
10,66.99296872365201,45.995053378571654
10,66.99365884706941,45.99438609513412
10,66.99485195754387,45.99953152893395
10,66.9981415130008,45.99521204010269
10,66.99582271007492,45.998147399223114
10,66.99555322396402,45.9978856039527
10,66.99333091882943,45.9990348402941
10,66.99342147390395,45.99806762294656
10,66.99696026644231,45.99629461135082
10,66.9952514863578,45.99436458774167
10,66.99569289810292,45.99704514835906
10,66.9989990093137,45.996627246901106
10,66.99468881737667,45.995270507121326
10,66.99900631625003,45.99815462615064
10,66.99469114737924,45.99418701511685
10,66.99692737257912,45.995928081967996
10,66.99410359889244,45.99744863868874
10,66.99894954524187,45.9961965775731
10,66.99620653995827,45.99834399605078
10,66.99478258498716,45.99954235874994
10,66.99461696954398,45.99646678987677
10,66.99698556622408,45.999903497826985
10,66.99947276402193,45.99650561672105
10,66.99819405930197,45.995534602919804
10,66.99538080023454,45.995968825537204
10,66.99526132068577,45.99800014491097
10,66.99901226256439,45.9961402309991
10,66.99728668627843,45.99655047734589
10,66.99819405930197,45.995534602919804
10,66.99896178799895,45.99826737055605
10,66.99620653995827,45.99834399605078
10,66.99717870376445,45.994760682519356
10,66.99535912188837,45.9974811892871
10,66.99371670183913,45.99683978771565
10,66.99762575244489,45.99858116484907
10,66.99481574535726,45.998392046993864
10,66.99885322852201,45.99854997786221
10,66.99395293268896,45.99473350052904
10,66.9933992148762,45.99838923936701
10,66.99395293268896,45.99473350052904
10,66.99390786549138,45.998628026409115
10,66.99325080229845,45.99579560242111
10,66.99811659476904,45.9989347006752
10,66.99393810743729,45.99521931353268
10,66.99280804070933,45.99476150640402
10,66.99513533353567,45.99752056144451
10,66.99222833154118,45.99575010115787
10,66.99526132068577,45.99800014491097
10,66.99390232219187,45.996602005287244
10,66.99660635952709,45.99638271184398
10,66.99932836162083,45.99826863495776
11,67.0013102578299,46.006012195206274
11,66.99913457346322,46.009469333151486
11,67.00049299201164,46.00327486737241
11,67.00162763345499,46.001688153179906
11,67.00057768987105,46.008741630291546
11,67.00252419316425,46.002568940622105
11,67.00199565937253,46.005065229213834
11,66.9986907861565,46.00661069982167
11,67.00200944127671,46.006875354171214
11,66.9999898935377,46.004682864640266
11,67.00215148661273,46.00144696232405
11,67.0040609349759,46.00512041879798
11,67.00386437749921,46.00609609019161
11,66.9986043825412,46.00711380956098
11,67.0002635809177,46.00626375315603
11,67.00048727462901,46.006128619336494
11,67.00170330379983,46.004614286236205
11,67.00110814289643,46.005121511507035
11,67.00426008643402,46.005379189991864
11,67.00274300563399,46.0073843510779
11,67.00224015413278,46.006840385644374
11,67.00373345562737,46.00448565910799
11,67.00208178614865,46.00185519320122
11,67.00413717468584,46.003281942090396
11,67.0038324223352,46.00298827364607
11,67.00388040580896,46.004847547053856
11,66.99974152751129,46.009500221236934
11,66.99974969166962,46.00726242704386
11,67.00045123678098,46.008495428508944
11,66.99880050291053,46.006812293222715
11,67.00392863470847,46.00121927945194
11,67.00358546175633,46.003689085207455
11,66.99917521440572,46.00704467901579
11,66.99888607179156,46.00503232838037
11,67.00388040580896,46.004847547053856
11,67.00309489103721,46.003429074881545
11,67.00250636541887,46.00496200375252
11,67.00224029289606,46.00377617426826
11,67.00289684198914,46.003907598270374
11,66.99889766643041,46.007728547067
11,67.00012437800731,46.004117977737
11,67.00394349846786,46.00272348674191
11,67.00067355064516,46.003370059468416
11,67.0038324223352,46.00298827364607
11,66.99913457346322,46.009469333151486
11,67.00114484432301,46.005419894306605
11,67.00377494664426,46.00396922636249
11,67.00363189351675,46.00369942919427
11,67.0005257343987,46.00938438645982
11,67.00462949502291,46.0029176397231
11,66.99933975387113,46.00420681063249
11,67.0038324223352,46.00298827364607
11,66.99897457962378,46.006818980362354
11,67.00309489103721,46.003429074881545
11,67.00064704895678,46.005847848341816
11,66.99978996518632,46.0079166506458
11,67.00191949474187,46.00235448440212
11,67.00009712755777,46.00729597983947
11,67.00462949502291,46.0029176397231
11,67.0004963931814,46.00850673802612
11,67.00280720687881,46.00498563348441
11,67.00216882628533,46.00173502100859
11,67.00388040580896,46.004847547053856
11,67.00215431326092,46.005698274292826
11,67.00192153106084,46.0068878273588
11,67.00377494664426,46.00396922636249
11,67.00052235872806,46.003684436596465
11,67.00130910840288,46.0046749669774
11,67.00359188256819,46.00325036925495
11,67.00279368395171,46.00661294550279
11,67.00038367493556,46.009562476016576
11,67.00146193780284,46.00427814615154
11,66.99831329393731,46.006766804193546
11,67.00216882628533,46.00173502100859
11,67.00199565937253,46.005065229213834
11,67.0033739011568,46.00123950510001
11,66.99900214867876,46.00516411501801
11,66.99880050291053,46.006812293222715
11,67.00219743043463,46.00471973256415
11,67.0038324223352,46.00298827364607
11,67.00412324834754,46.004262955464455
11,67.00363189351675,46.00369942919427
11,67.00252419316425,46.002568940622105
11,66.99873394593513,46.00886970478817
11,67.00138632215588,46.00849310359136
11,66.99889766643041,46.007728547067
11,67.00128930721282,46.00346527071942
11,67.00064704895678,46.005847848341816
11,67.00064981378762,46.00833364461337
11,66.9986043825412,46.00711380956098
11,66.99847771534756,46.008158994059364
11,67.0013102578299,46.006012195206274
11,67.00199565937253,46.005065229213834
11,67.00241031938211,46.00503080399713
11,67.00283427010402,46.00527954089034
11,66.99905620679976,46.007836556773654
11,67.00262281213483,46.00336894119259
11,67.00253916884202,46.00655188361515
11,66.99888120017806,46.00652986189379
11,67.00224015413278,46.006840385644374
11,67.00148992891317,46.007049439282
11,66.99978996518632,46.0079166506458
11,67.00358546175633,46.003689085207455
11,67.00015818595988,46.007606867089514
11,67.00253916884202,46.00655188361515
11,67.00141008142356,46.004801745404805
11,67.00236125724135,46.00457229896119
11,66.99877124449263,46.00722833611279
11,67.00138632215588,46.00849310359136
11,67.00412324834754,46.004262955464455
11,66.99879281683327,46.00800216104028
11,67.00359188256819,46.00325036925495
11,67.00067355064516,46.003370059468416
11,67.0011320095831,46.006942422208226
11,67.00045151446874,46.00488740054727
11,67.00363189351675,46.00369942919427
11,67.00283524661295,46.00566144300604
11,67.00009712755777,46.00729597983947
11,67.00324132048581,46.00445854085151
11,67.00309489103721,46.003429074881545
11,67.00199565937253,46.005065229213834
11,66.9989636729719,46.00565374386444
11,67.00162763345499,46.001688153179906
11,67.00252419316425,46.002568940622105
12,66.98612482506866,45.98943241591352
12,66.98713600244655,45.99194013062034
12,66.98352739726282,45.993179955853
12,66.98388176805787,45.99160103668792
12,66.98692255785821,45.99286790655051
12,66.98425370404212,45.99098879015803
12,66.98335898559208,45.9891924693629
12,66.98204777494645,45.99133788427468
12,66.98372121666824,45.99347736055037
12,66.98550283704928,45.992811332351835
12,66.98410913728027,45.98879498988635
12,66.98242887505953,45.990948091897
12,66.98268690519187,45.9902932081683
12,66.98513324141936,45.991464792900025
12,66.98655539252859,45.99341859081009
12,66.98320337695985,45.992948499108
12,66.98488006534483,45.99125162335177
12,66.98267661368327,45.98858340682861
12,66.98472442511431,45.9887152562351
12,66.98393643858721,45.991762666173145
12,66.9837780054378,45.991707750242824
12,66.98626622437135,45.99215004657816
12,66.9864034323722,45.991215478188856
12,66.98479564319733,45.98779308774139
12,66.98373440396306,45.988368816666686
12,66.98450414259297,45.98997910710979
12,66.9864034323722,45.991215478188856
12,66.98488006534483,45.99125162335177
12,66.98346561199308,45.992776177193925
12,66.98788432136882,45.99114519532191
12,66.98325437898565,45.98809108062216
12,66.98458161294376,45.9895989616283
12,66.9835792892917,45.99356312527636
12,66.98242887505953,45.990948091897
12,66.9862579028387,45.98910099200659
12,66.98221914769428,45.99373667853147
12,66.9825288147227,45.99097788956214
12,66.9827936281722,45.99182072264017
12,66.98529381427299,45.988819766744825
12,66.98346561199308,45.992776177193925
12,66.98228729529508,45.99222443856319
12,66.98146800101362,45.99069511885699
12,66.98325021040105,45.99345358698213
12,66.98242887505953,45.990948091897
12,66.98346561199308,45.992776177193925
12,66.98799191397958,45.99179761581913
12,66.98276087087115,45.99173558495809
12,66.98587389659494,45.99219554307152
12,66.9825288147227,45.99097788956214
12,66.98805891755958,45.991249667289445
12,66.98805312536066,45.99028717839912
12,66.98799191397958,45.99179761581913
12,66.98472442511431,45.9887152562351
12,66.98320356947201,45.988291979760206
12,66.987445747918,45.99138328388298
12,66.98695462357912,45.99349571629618
12,66.987445747918,45.99138328388298
12,66.98296444507304,45.98817797075802
12,66.98582859503983,45.990927788609056
12,66.98781444750446,45.99132339760172
12,66.98243671035206,45.99301947694825
12,66.98795520631253,45.99002396640405
12,66.98268690519187,45.9902932081683
12,66.98713107300713,45.99270841535749
12,66.98372121666824,45.99347736055037
12,66.98387028691518,45.99025226872397
12,66.98602467799542,45.99313634012614
12,66.98241805506927,45.991958389076544
12,66.98512371165243,45.99415606756702
12,66.98133563225386,45.99023586372448
12,66.9864034323722,45.991215478188856
12,66.98204777494645,45.99133788427468
12,66.98638851006142,45.98867165521796
12,66.98708439932632,45.989253918669824
12,66.98242887505953,45.990948091897
12,66.98223767054893,45.99344395125629
12,66.98310631754829,45.98905163769051
12,66.98370235539431,45.99304363474923
12,66.98606115631577,45.988306227458466
12,66.98461189866894,45.98936627088768
12,66.98323867283014,45.9891173625854
12,66.9834651871519,45.98923530999321
12,66.98655539252859,45.99341859081009
12,66.98748007904915,45.99273166984869
12,66.98814824471219,45.98980913729433
12,66.98356346937285,45.9899259679167
12,66.98410913728027,45.98879498988635
12,66.98763249882848,45.989460076003624
12,66.98243775925224,45.99356459294193
12,66.98643232017184,45.99056551108808
12,66.98368408967156,45.991628780130284
12,66.98285392228242,45.9934942482457
12,66.98575176414234,45.98976490689429
12,66.98460916809825,45.98795780380549
12,66.98513997637059,45.99247181742947
12,66.98638851006142,45.98867165521796
12,66.983284018794,45.99064976739763
12,66.98320337695985,45.992948499108
12,66.98228729529508,45.99222443856319
12,66.9827936281722,45.99182072264017
12,66.98386943265578,45.98915432254543
12,66.98221914769428,45.99373667853147
12,66.98569642705323,45.99197866832686
12,66.98440618835899,45.99296805338068
12,66.98223767054893,45.99344395125629
12,66.98569642705323,45.99197866832686
12,66.9837780054378,45.991707750242824
12,66.98461397263031,45.99216850072745
12,66.98745777874333,45.99299274280974
13,66.98642372905084,45.98946869181098
13,66.98435415739682,45.9941089299824
13,66.98315877556233,45.99376751456914
13,66.98748701916767,45.989635143605604
13,66.98531209563944,45.99140239986135
13,66.98354153653452,45.994619926198446
13,66.98625189193041,45.99109614715539
13,66.98480109837807,45.995093591290896
13,66.98562068342564,45.99156057417787
13,66.98468037638533,45.989956974961295
13,66.98738295693569,45.994176930905006
13,66.98575153890711,45.99242515289874
13,66.9823230542647,45.993871145479325
13,66.98838964905656,45.99246044472793
13,66.9880791591812,45.99212771566979
13,66.983069900443,45.99254464488981
13,66.98655539252859,45.99341859081009
13,66.98805312536066,45.99028717839912
13,66.98679563985974,45.99443009740468
13,66.98591853323714,45.99278209029296
13,66.98196537795457,45.99105577726352
13,66.98326576894014,45.989615318247104
13,66.98531524825448,45.99459777186439
13,66.9851766477753,45.99475294959123
13,66.9856865265612,45.995144122088
13,66.98221914769428,45.99373667853147
13,66.98325021040105,45.99345358698213
13,66.98864268419584,45.992211817281415
13,66.98748007904915,45.99273166984869
13,66.98646029868412,45.99211736308462
13,66.98401314025169,45.990972912329354
13,66.98381410425442,45.99184868269589
13,66.98529381427299,45.988819766744825
13,66.98276087087115,45.99173558495809
13,66.98450953655558,45.994701514495716
13,66.98805891755958,45.991249667289445
13,66.98326576894014,45.989615318247104
13,66.98450953655558,45.994701514495716
13,66.9870057447765,45.98988062907426
13,66.98291522957612,45.99282026131033
13,66.98760581411865,45.9930127343793
13,66.98805891755958,45.991249667289445
13,66.9851766477753,45.99475294959123
13,66.98806791023368,45.99119363594088
13,66.98369849964853,45.99274157255444
13,66.98805312536066,45.99028717839912
13,66.9837780054378,45.991707750242824
13,66.98625189193041,45.99109614715539
13,66.98531209563944,45.99140239986135
13,66.98731334891538,45.99338789742581
13,66.98219579282063,45.991853527078796
13,66.98435246605013,45.98892046018441
13,66.984635722303,45.9948687196358
13,66.98265966508856,45.99342942044902
13,66.98741972626267,45.99413093381358
13,66.98512371165243,45.99415606756702
13,66.98408265001505,45.99421352043668
13,66.98383899263085,45.99420343788372
13,66.987189137582,45.99147355836232
13,66.984635722303,45.9948687196358
13,66.98847827540114,45.990946321658065
13,66.98450414259297,45.98997910710979
13,66.9827936281722,45.99182072264017
13,66.98251372417113,45.99383795931945
13,66.9864034323722,45.991215478188856
13,66.985278527196,45.99211502212444
13,66.985278527196,45.99211502212444
13,66.98708439932632,45.989253918669824
13,66.98625189193041,45.99109614715539
13,66.98752788488208,45.99434999722451
13,66.98425370404212,45.99098879015803
13,66.98564452260118,45.99140895151045
13,66.98243671035206,45.99301947694825
13,66.98625189193041,45.99109614715539
13,66.98354153653452,45.994619926198446
13,66.98627616001119,45.990018252816306
13,66.98390647186363,45.9930294009308
13,66.98219579282063,45.991853527078796
13,66.98645418208906,45.99010202454387
13,66.98627289912366,45.98941516967477
13,66.98196537795457,45.99105577726352
13,66.98241805506927,45.991958389076544
13,66.9870057447765,45.98988062907426
13,66.98374752441111,45.99510884630035
13,66.98564452260118,45.99140895151045
13,66.98383899263085,45.99420343788372
13,66.98805312536066,45.99028717839912
13,66.9856865265612,45.995144122088
13,66.98643232017184,45.99056551108808
13,66.98356346937285,45.9899259679167
13,66.98587389659494,45.99219554307152
13,66.98633623592045,45.990998154084515
13,66.98374752441111,45.99510884630035
13,66.9845165871401,45.9940088331502
13,66.98625189193041,45.99109614715539
13,66.98315877556233,45.99376751456914
13,66.98643232017184,45.99056551108808
13,66.98625189193041,45.99109614715539
13,66.98314864714219,45.99366758844153
13,66.9848380062662,45.99088559139783
13,66.98795520631253,45.99002396640405
13,66.98242887505953,45.990948091897
13,66.98241805506927,45.991958389076544
13,66.98805891755958,45.991249667289445
13,66.98625275099126,45.98921767865509
13,66.98325021040105,45.99345358698213
13,66.98633623592045,45.990998154084515
13,66.98760581411865,45.9930127343793
13,66.98369849964853,45.99274157255444
14,67.01078694361077,45.998243183593814
14,67.00959651493201,45.99951506817139
14,67.01126390915881,45.99879764275246
14,67.01182946505186,45.99957356339629
14,67.00855878141773,46.001044472714874
14,67.00724052481411,46.00172993290139
14,67.00876071486913,46.00012588409914
14,67.01211746584282,46.001227860549456
14,67.01112417593946,46.00426395215466
14,67.00716004318004,46.00410232413325
14,67.00876071486913,46.00012588409914
14,67.01064555455334,45.99858523727966
14,67.00570373269584,46.00497047433791
14,67.01025990383505,46.002864159563885
14,67.0106475341875,46.00413286611977
14,67.00948334822039,46.00062486596529
14,67.00965731635091,45.99968002742224
14,67.00702115040659,46.00526900680369
14,67.0080056843953,46.00135286528331
14,67.00587211952248,46.00358417276132
14,67.007528083979,46.00522377307498
14,67.0106656942539,46.004489879884694
14,67.01112417593946,46.00426395215466
14,67.00859569782233,46.005352774754805
14,67.007522416451,46.00209367304783
14,67.00653769541998,46.002920632847356
14,67.00896394928624,46.00194458025339
14,67.00978761253523,45.99896769330814
14,67.00651529843178,46.00205226659925
14,67.00931715517694,46.0041235684414
14,67.00751074899911,46.00587380366533
14,67.01166617438389,46.00231837224267
14,67.01161779473374,46.00014915593977
14,67.00959860973063,46.00479940901163
14,67.01171937565331,45.99837033631279
14,67.007522416451,46.00209367304783
14,67.01126390915881,45.99879764275246
14,67.00852087536246,45.99930531676661
14,67.00878399747361,46.0032120717326
14,67.01092198890126,46.00011514854347
14,67.00820255785784,45.99974722663057
14,67.01089660874267,45.99943302811928
14,67.00986838535653,45.99862006744453
14,67.00570373269584,46.00497047433791
14,67.01097930738858,46.004003949687885
14,67.00976715909438,46.00141105132621
14,67.00581513583391,46.00427811572008
14,67.01211746584282,46.001227860549456
14,67.00724662235919,46.00181125603449
14,67.01209816002545,46.00065457841787
14,67.00649860543692,46.00440612300405
14,67.00754754938421,46.00175586875839
14,67.01078315805239,46.00135984503032
14,67.00708032424839,46.004902684981204
14,67.0113915238671,46.00136329019651
14,67.01071965385147,46.00237704701542
14,67.00777409263476,46.00628436774498
14,67.00921462194265,46.00135065735414
14,67.00904206436459,46.00253848981677
14,67.00709009981412,46.006684470812914
14,67.01161779473374,46.00014915593977
14,67.01131465108976,46.00210510620653
14,67.00864349538189,46.00213322979189
14,67.00972388567357,46.000954858507285
14,67.00921237827448,46.000382148431804
14,67.01254056084365,46.00143291151051
14,67.00877678826102,46.00257086514295
14,67.0080056843953,46.00135286528331
14,67.01097930738858,46.004003949687885
14,67.008950415762,46.00555668949018
14,67.0102385412738,45.998516684529726
14,67.01000640431103,46.002305841185425
14,67.0102385412738,45.998516684529726
14,67.01254056084365,46.00143291151051
14,67.00912730543229,46.00373314921131
14,67.00896394928624,46.00194458025339
14,67.0058560247291,46.00473693579147
14,67.01055439592984,46.00057320529062
14,67.00849704810062,46.001985587666454
14,67.01209986442039,46.000519459747125
14,67.01064555455334,45.99858523727966
14,67.01097884295153,45.99866098043025
14,67.00983256916626,46.00489875568661
14,67.01147404157584,46.00163794921
14,67.01067071668434,45.998630041328646
14,67.0069993056195,46.00202928155469
14,67.01007116469619,46.00126281213647
14,67.0113915238671,46.00136329019651
14,67.01161324407029,46.00112973143657
15,67.00565725337633,46.0031299827701
15,67.00712926829029,46.001228748485524
15,67.00730783438448,46.002855083900684
15,67.00681649230263,46.003470331795775
15,67.00852087536246,45.99930531676661
15,67.00066363006746,46.008240183443746
15,67.00120515895553,46.00622094826241
16,67.01509288289807,46.003351212725754
16,66.99368849197063,45.97840874107392
16,66.9906476795222,46.006011766918775
16,67.01423433918957,46.00541544957016
16,67.00473141401275,45.994991320189555
16,67.00060784356745,45.98590093257887
16,66.98350608613218,45.98444761055869
16,67.00268685571021,46.01828217649202
16,66.9948071229633,46.001412645287516
16,67.00473141401275,45.994991320189555
16,66.99061731663119,45.998770918155884
16,67.02365900607018,45.999226498512996
16,66.98426823526778,46.00114073866475
16,66.99658177359699,46.02113992300425
16,67.00198556586122,46.021343175292586
16,67.0198789179083,45.991656706894354
16,66.97853502652471,45.987792795915226
16,67.01214297158648,46.009827403259756
16,67.00356245299231,46.015140699170495
16,67.01544527023508,46.01957659850477
16,67.00452929507625,46.00879131277918
16,67.01177071969379,46.00928961752752
16,66.99025991056062,46.001810909172
16,67.00258672756478,46.01643609762103
16,67.00356245299231,46.015140699170495
16,67.01423433918957,46.00541544957016
16,66.98426823526778,46.00114073866475
16,66.98865023188782,46.00094508913562
16,66.99273192704835,46.00853830064364
16,66.99222949908201,45.981771832414175
16,66.98345095825654,46.00278453177519
16,67.00793307480669,46.01191864023718
16,67.00124490259145,45.9758784387304
16,67.00462428985715,46.006327294830854
16,66.9949904548882,45.997024683631246
16,67.01066299711776,45.99502804132293
16,66.98251603523745,45.99717400553034
16,67.00362357950166,46.00647519563121
16,67.01653591389751,45.99030697691598
16,66.99557064574103,46.01584051064926
16,66.98086473198023,45.995023598095074
16,66.994634472973,45.99118654071916
16,67.02213776806047,46.00917455687285
16,66.98562068342564,45.99156057417787
16,67.00600203137877,45.99915084660437
16,66.99661717205153,45.99066574249384
16,67.01200734162137,46.008231560621425
16,66.98086473198023,45.995023598095074
16,66.9885324020313,46.01093008640787
16,66.99372331910774,46.00646893211439
16,66.99808841797335,46.0089766489487
16,67.00579865136302,45.97598248399648
16,66.98035807708717,46.00158566053604
16,67.01200734162137,46.008231560621425
16,66.985817446664,45.99735350248513
16,66.99658177359699,46.02113992300425
16,66.98642007048123,46.015837113663935
16,66.99661717205153,45.99066574249384
16,66.99214902394404,46.02333982655878
16,67.00356245299231,46.015140699170495
16,66.98951012089388,45.99332444112594
16,66.99329282610046,45.98486741970843
16,67.01532818954409,45.991739792162434
16,66.99578431377753,45.99674107508061
16,66.99557064574103,46.01584051064926
16,67.0102792158913,45.99850255554551
16,66.9859410772061,46.00365960684755
16,67.0140485649449,46.01313842027066
16,66.99588079187485,46.02387685901683
16,67.00793307480669,46.01191864023718
16,66.98914625543328,46.01146878610694
16,66.98426823526778,46.00114073866475
16,66.99538080023454,45.995968825537204
16,66.98865023188782,46.00094508913562
16,67.00852087536246,45.99930531676661
16,66.99512230802249,45.99897659522728
16,67.00693516720276,46.01109097577976
16,67.00198556586122,46.021343175292586
16,67.00060784356745,45.98590093257887
16,66.99999386312254,45.98641877078037
16,66.99465377247046,46.004376210768974
16,66.98129423240077,45.9911855434867
16,66.99387502834797,46.01551557367862
16,67.00362357950166,46.00647519563121
16,66.994634472973,45.99118654071916
16,67.01980063000146,45.99699246183844
17,66.9950859262938,46.00253482017586
17,66.99338867188675,46.002030795353555
17,66.99140519089075,46.00014963141535
17,66.98968053605924,45.99993315044772
17,66.99079251718389,46.00250101957103
17,66.99485195754387,45.99953152893395
17,66.99280342190293,46.00221924533156
17,66.99371091568086,46.002016871892096
17,66.98917302026356,46.00234134789888
17,66.98799691636272,46.00201726036522
17,66.9939956938954,46.00269424669041
17,66.99239039121932,46.00274655724792
17,66.99286751114892,45.999768490248364
17,66.99510578557695,46.00118737168365
17,66.99119850735228,46.00292862373553
18,66.9942585706898,46.00255145901104
18,66.98948032258285,46.0028775932393
18,66.9933992148762,45.99838923936701
18,66.99307281731853,46.00133039375724
18,66.99349508880296,46.00102418411384
18,66.9881329984704,46.00130039421086
18,66.99212835466784,46.0028950709681
18,66.9936048427052,46.002464394737416
18,66.9923231022027,45.99989815116077
18,66.98793188519518,46.00175038064237
18,66.99249075469116,45.998456854834764
18,66.99237977289053,46.003752497986895
18,66.99115596740175,46.00392662851501
18,66.98984393680932,46.00389449535962
18,66.98853173026701,46.00227795620215
18,66.99061731663119,45.998770918155884
18,66.99180535279488,46.001462961381506
18,66.99403970478211,45.999985049947675
18,66.99478258498716,45.99954235874994
18,66.99248650468957,46.003971435631186
18,66.99510578557695,46.00118737168365
18,66.99401104253896,45.9988322364298
18,66.99396811379793,46.003453416872134
18,66.99005024799435,45.99982150343065
18,66.99286751114892,45.999768490248364
18,66.98968053605924,45.99993315044772
18,66.99451983577558,46.00189018837874
18,66.99178083445676,46.000539540238044
18,66.99180508105987,46.00385637742219
18,66.99440960775767,46.00028065613477
18,66.99034117991539,46.003881694050754
18,66.99017653265734,46.00186186972693
18,66.99566361713828,46.00067294811261
18,66.98909312806356,46.00254040554164
18,66.98833774020054,46.00194463975184
18,66.99131454504774,45.99974497295725
18,66.99180535279488,46.001462961381506
18,66.99480860622056,46.000837296238046
18,66.99180508105987,46.00385637742219
18,66.9923231022027,45.99989815116077
18,66.9900036173481,46.00359994579321
18,66.9891090408717,46.003274106211265
18,66.98984246477717,45.99895793312596
18,66.99131454504774,45.99974497295725
18,66.98864898112275,46.00358572819044
18,66.99439239559882,46.0024984506496
18,66.99505494370597,46.00020425765988
18,66.99304589415318,46.00324472403951
18,66.99227854082122,45.9998098857755
18,66.9893566959915,46.002327821068874
18,66.9890644368899,46.00110424529011
18,66.99066450924488,46.00333336706451
18,66.99309111149407,46.000584691641954
18,66.9906429640795,45.99913478701995
18,66.99461345971646,46.00163462790999
18,66.99111545204212,45.9994855699678
18,66.99058852760204,46.0024827256785
18,66.9931054644777,46.00368632771908
18,66.99090891160334,46.00159389747206
18,66.9890618304335,46.002588761829244
18,66.98968053605924,45.99993315044772
18,66.99231468373819,45.998424850557306
18,66.99058852760204,46.0024827256785
18,66.99090891160334,46.00159389747206
18,66.98983837205614,46.00105423917656
18,66.99180535279488,46.001462961381506
18,66.99401104253896,45.9988322364298
18,66.99101054565817,45.99940368283086
18,66.9927204425164,46.003176195307496
18,66.98968053605924,45.99993315044772
18,66.99400800390393,45.99880988173305
18,66.99264787427204,46.003768267775456
18,66.99123749327039,46.0009823896772
18,66.99318242319809,45.99966374755416
18,66.99428660876676,45.999606081456676
18,66.99034117991539,46.003881694050754
18,66.99096711541989,46.00364809591282
18,66.99094506538782,46.00241772941937
18,66.99478258498716,45.99954235874994
18,66.98799691636272,46.00201726036522
18,66.99480860622056,46.000837296238046
18,66.99248650468957,46.003971435631186
18,66.99115811199621,46.00343793328426
18,66.99026404137763,46.00395266719367
18,66.99140147948266,45.999674095986215
18,66.99293842478527,46.0028849937407
18,66.99066450924488,46.00333336706451
18,66.9946772558982,45.999505836069346
18,66.99439239559882,46.0024984506496
18,66.99442064364162,45.9991967575077
18,66.99435069254136,45.99972156159894
18,66.99013506230638,46.00303740141907
18,66.99024721218345,45.99884523023039
18,66.99041362124477,46.0020556028099
18,66.9879813252066,46.002115055160964
18,66.98912561637405,45.99972653717313
18,66.98784048790203,46.00240155553862
18,66.99505494370597,46.00020425765988
18,66.99264787427204,46.003768267775456
18,66.99440960775767,46.00028065613477
18,66.99483572151904,46.00168687111705
18,66.99428660876676,45.999606081456676
18,66.99218602953724,46.00095891482699
18,66.9946772558982,45.999505836069346
18,66.98898929721771,46.0013351148107
18,66.99131454504774,45.99974497295725
18,66.98852490592076,46.002980095419815
18,66.98865023188782,46.00094508913562
18,66.99349508880296,46.00102418411384
18,66.99333091882943,45.9990348402941
18,66.9940312595118,45.99959558647587
18,66.99061076295281,46.00150442963413
18,66.99227854082122,45.9998098857755
18,66.99333091882943,45.9990348402941
18,66.99280342190293,46.00221924533156
18,66.98821789772562,46.00030246158351
18,66.98799691636272,46.00201726036522
18,66.99249869688228,46.00032552678775
18,66.99294852249923,46.001593125548894
18,66.99249075469116,45.998456854834764
18,66.99461345971646,46.00163462790999
18,66.99524377727292,46.00146788064607
18,66.99063509646575,46.00393934264155
18,66.99294852249923,46.001593125548894
18,66.9933992148762,45.99838923936701
18,66.9931054644777,46.00368632771908
18,66.99196071908747,46.00347077381139
19,66.98990799882388,45.99754001796715
19,66.9904245486772,45.99502811650667
19,66.9890344557968,45.99550900000808
19,66.99148031158002,45.99789615959209
19,66.98969896101482,45.99395210547672
19,66.98914806997442,45.99385971244562
19,66.98964967242897,45.99753070363256
19,66.98930859070197,45.99901627531161
19,66.98752788488208,45.99434999722451
19,66.99072634414277,45.99597558025017
19,66.98828700258687,45.998290846844924
19,66.99033355045988,45.99918078992324
19,66.98975570774684,45.99479092417546
19,66.98980634417515,45.998304420647315
19,66.9889139085204,45.99822167478662
19,66.98984246477717,45.99895793312596
19,66.98633458850745,45.997089433280856
19,66.98772767322083,45.993832511058606
19,66.98677647437505,45.99458518807723
19,66.9894099554227,45.99641885439319
19,66.98674371882653,45.99600831411278
19,66.99136169688043,45.99727286265457
19,66.99182167925136,45.99651549761935
19,66.98786039244071,45.99793576013635
19,66.99099326243814,45.99785602334913
19,66.98738995014732,45.9975699747957
19,66.99208043020595,45.997852786420495
19,66.98738995014732,45.9975699747957
19,66.9884076068719,45.99392170677505
19,66.98929981686598,45.99583730903294
19,66.99058765309542,45.99687948556595
19,66.98953025709308,45.99777879598909
19,66.98802141813717,45.997757473655575
19,66.9921836114881,45.9946379822635
19,66.99135821294972,45.99749990418535
19,66.98914852075286,45.99716419591666
19,66.98992960487817,45.99553110902144
19,66.99084234538486,45.99809128071755
19,66.98986980379118,45.99729528017714
19,66.98775835736187,45.99584774329845
19,66.9900334661738,45.99364855409325
19,66.9905302063654,45.99597554238988
19,66.98924226013747,45.9974661820362
19,66.9900334661738,45.99364855409325
19,66.98999765371092,45.993927345944236
19,66.99148031158002,45.99789615959209
19,66.98906312579214,45.99567533260513
19,66.9890344557968,45.99550900000808
19,66.9906429640795,45.99913478701995
19,66.98738995014732,45.9975699747957
19,66.99123283562388,45.99405496669056
19,66.9900927061923,45.99802416880556
19,66.98802141813717,45.997757473655575
19,66.98904895642224,45.99895465401416
19,66.9921836114881,45.9946379822635
19,66.98795795090801,45.99875674204301
19,66.98930859070197,45.99901627531161
19,66.9891697378531,45.99421450344035
19,66.98681655925682,45.99736554475276
19,66.99237817958084,45.994864483630245
19,66.98986343145418,45.997794735563
19,66.98951521600667,45.994932211448706
19,66.98906312579214,45.99567533260513
19,66.98951521600667,45.994932211448706
19,66.98745896019236,45.998250921729415
19,66.98682532326168,45.994951935180424
19,66.99134565540274,45.998123282747095
19,66.98887523757035,45.99722370335921
19,66.98951012089388,45.99332444112594
19,66.9899144284136,45.99331517806181
19,66.98633458850745,45.997089433280856
19,66.99058765309542,45.99687948556595
19,66.9892558966564,45.99530753508791
19,66.98969426179006,45.99481819623524
19,66.98992960487817,45.99553110902144
19,66.99029182337568,45.99821749838651
19,66.98807004293734,45.99492635180725
19,66.98940170150543,45.99697113283486
19,66.9908576439249,45.9946493362403
19,66.99024721218345,45.99884523023039
19,66.98741323441897,45.99689817964288
19,66.98745896019236,45.998250921729415
19,66.98964967242897,45.99753070363256
19,66.9916699639032,45.995457652457155
19,66.98879861882749,45.99912136266455
19,66.98864232512115,45.996037371341586
19,66.9871295049981,45.99662807994026
19,66.9904245486772,45.99502811650667
19,66.98807004293734,45.99492635180725
19,66.98668124388414,45.995020602553836
19,66.99208043020595,45.997852786420495
19,66.9903069569555,45.997866793825885
19,66.9892926766305,45.99390468764646
19,66.99222833154118,45.99575010115787
19,66.99140474769416,45.994790696636564
19,66.98959837278498,45.99873195287015
19,66.9874988822532,45.994075456146156
19,66.99087194452692,45.998191833290804
19,66.98975260810766,45.99937942652757
19,66.99139815598126,45.99813969138244
19,66.989287875589,45.994193164710516
19,66.98740487219119,45.995444588593486
19,66.9895949058781,45.9951481211215
20,66.99624616331444,46.00296821209715
20,67.00248029084895,46.00269410221451
20,66.99733036242154,46.00375551762734
20,66.99451983577558,46.00189018837874
20,66.99574848902682,46.00346923172491
20,66.9956423044163,46.00330453351907
20,66.99900214867876,46.00516411501801
20,67.00262044962194,46.00316732539549
20,67.00216882628533,46.00173502100859
20,66.9961091086139,46.001099505767016
20,66.99888607179156,46.00503232838037
20,66.99574848902682,46.00346923172491
20,66.99543451365605,46.003146144077384
20,66.99736965287,46.003642838537665
21,66.98265966508856,45.99342942044902
21,66.9825288147227,45.99097788956214
21,66.98373369343746,45.98869709100994
21,66.98122462648087,45.990830032896724
21,66.98350051732803,45.99419752235986
21,66.9873439909893,45.990340994487454
21,66.98191174893743,45.990070948793104
21,66.98314864714219,45.99366758844153
21,66.98529381427299,45.988819766744825
21,66.98806791023368,45.99119363594088
21,66.98575153890711,45.99242515289874
21,66.98745777874333,45.99299274280974
21,66.98606115631577,45.988306227458466
21,66.98740949828017,45.991285505596096
21,66.98715899856629,45.992679010363084
21,66.98241805506927,45.991958389076544
21,66.98582859503983,45.990927788609056
21,66.98314864714219,45.99366758844153
21,66.98625189193041,45.99109614715539
21,66.98264451751578,45.9883570774617
21,66.98468037638533,45.989956974961295
21,66.9862579028387,45.98910099200659
21,66.98228729529508,45.99222443856319
21,66.98488006534483,45.99125162335177
21,66.98731074742169,45.993411711123436
21,66.98219579282063,45.991853527078796
21,66.98410117967657,45.9921920144084
21,66.98358586362652,45.989480399460895
21,66.98364819668419,45.98795625720301
21,66.98223767054893,45.99344395125629
21,66.98278606700138,45.99275041490203
21,66.98795520631253,45.99002396640405
21,66.98569642705323,45.99197866832686
21,66.98219579282063,45.991853527078796
21,66.9825288147227,45.99097788956214
21,66.98220229276743,45.992247157565615
21,66.98638851006142,45.98867165521796
21,66.98241805506927,45.991958389076544
21,66.98454130200915,45.987865171761264
21,66.98401314025169,45.990972912329354
21,66.98285392228242,45.9934942482457
21,66.98594519160002,45.988244013344136
22,66.99368849197063,45.97840874107392
22,67.00268685571021,46.01828217649202
22,67.01177071969379,46.00928961752752
22,67.01544527023508,46.01957659850477
22,66.98448754294428,46.001707422536924
22,67.01653591389751,45.99030697691598
22,67.00579865136302,45.97598248399648
22,67.01653591389751,45.99030697691598
22,67.00535305827391,45.99959446255964
22,67.01403762756675,46.008441232354194
22,67.01653591389751,45.99030697691598
22,66.99578431377753,45.99674107508061
22,66.99538080023454,45.995968825537204
22,66.99681420781434,46.00382952108197
22,66.98478037184208,46.01474155968482
22,67.00895264081927,46.00653936329326
22,66.97811937286008,46.00216954262765
22,66.99548192522653,46.02372220877147
22,66.9809671502097,46.010170612675395
22,66.99681420781434,46.00382952108197
22,66.98865023188782,46.00094508913562
22,67.02202789655296,45.99532657295552
22,66.99753483227298,45.9929736074109
22,67.01963048413802,45.99653532473072
22,67.0056157280006,45.985164908737325
22,66.98129423240077,45.9911855434867
22,66.99548494081276,46.011193254353486
22,66.99387502834797,46.01551557367862
22,67.01295352598676,45.99635473348202
22,67.00758858281215,45.982523046006484
22,66.99061731663119,45.998770918155884
22,66.98086473198023,45.995023598095074
22,67.00693516720276,46.01109097577976
22,66.99214902394404,46.02333982655878
22,66.98281018978696,46.00546158269215
22,66.9883985855448,46.01002542963
22,67.00099408138638,45.98310969383456
22,67.00600203137877,45.99915084660437
22,66.98207768555208,45.98418445991352
22,67.00988752874974,46.01692683385087
22,66.97811937286008,46.00216954262765
22,67.01544356574838,45.99265475329809
22,66.9930043548485,46.01694579102477
22,67.01544527023508,46.01957659850477
22,66.99633726531093,45.984883306016876
22,66.98911560010507,45.994024090118636
22,66.99176779821323,46.01320136586212
22,67.01509288289807,46.003351212725754
22,66.99061731663119,45.998770918155884
22,67.01200734162137,46.008231560621425
22,67.0167280290845,46.0121988730168
22,66.99548192522653,46.02372220877147
22,67.00600203137877,45.99915084660437
22,67.00060065905818,46.005960765200186
22,66.99309111149407,46.000584691641954
22,67.02202789655296,45.99532657295552
22,66.9930043548485,46.01694579102477
22,67.00895264081927,46.00653936329326
22,66.99681420781434,46.00382952108197
22,67.02205985085058,45.99909235988757
22,67.0167280290845,46.0121988730168
22,67.01676519605444,45.99820363629571
22,66.98350608613218,45.98444761055869
22,66.97783568354997,45.99355641502769
22,67.00060065905818,46.005960765200186
22,66.99548192522653,46.02372220877147
22,66.98951012089388,45.99332444112594
22,66.998640400979,46.01507891456115
22,67.0238011580696,46.0016803285296
22,67.01529378318368,46.009915512128565
22,67.00793307480669,46.01191864023718
22,67.02290761260988,46.00846566688629
22,67.02012450766993,46.004906006033
22,66.98953153084507,46.00861601791886
22,67.00362357950166,46.00647519563121
22,66.98496209755164,45.982468058660366
22,67.00988752874974,46.01692683385087
22,66.98059556694612,45.98576567561212
22,66.99512230802249,45.99897659522728
22,66.9895949058781,45.9951481211215
22,67.00324273077679,45.97888455092311
22,66.99309111149407,46.000584691641954
22,66.98426823526778,46.00114073866475
22,66.99560734430202,45.996190290696404
22,66.98426823526778,46.00114073866475
22,67.01509288289807,46.003351212725754
22,67.01066299711776,45.99502804132293
22,66.99239170323085,46.0072473317343
23,66.9835792892917,45.99356312527636
23,66.98325021040105,45.99345358698213
23,66.98381410425442,45.99184868269589
23,66.98645418208906,45.99010202454387
23,66.98296444507304,45.98817797075802
23,66.98713600244655,45.99194013062034
23,66.98146800101362,45.99069511885699
23,66.98370235539431,45.99304363474923
23,66.98720126793592,45.98896276355037
23,66.98435246605013,45.98892046018441
23,66.98587389659494,45.99219554307152
23,66.9850973160039,45.99031953788497
23,66.98146402816809,45.99249460369117
23,66.98410913728027,45.98879498988635
23,66.98390647186363,45.9930294009308
23,66.98529880670793,45.993430915708544
23,66.98799191397958,45.99179761581913
23,66.9870057447765,45.98988062907426
23,66.98642612508259,45.99259625293042
23,66.98271664283624,45.992545022675536
23,66.98300459592711,45.992205289227684
23,66.98445620727507,45.99105159556126
23,66.98386943265578,45.98915432254543
23,66.98575153890711,45.99242515289874
23,66.98204777494645,45.99133788427468
23,66.98189682356488,45.989318667674034
23,66.98320337695985,45.992948499108
23,66.98241805506927,45.991958389076544
23,66.98795520631253,45.99002396640405
23,66.98479564319733,45.98779308774139
23,66.98343586289002,45.99090335413793
23,66.98562068342564,45.99156057417787
23,66.98784275791789,45.9896463070491
23,66.98745777874333,45.99299274280974
23,66.98488006534483,45.99125162335177
23,66.98604526595923,45.989838431135325
23,66.9833361250849,45.99206631352699
23,66.98265966508856,45.99342942044902
23,66.98708439932632,45.989253918669824
23,66.9833361250849,45.99206631352699
23,66.98424083406725,45.99021533804406
23,66.98241805506927,45.991958389076544
23,66.98687175076982,45.989274968940954
23,66.98350051732803,45.99419752235986
23,66.98573638195322,45.9937799900821
23,66.9870171030204,45.993170385076255
23,66.98274182033782,45.989992251333234
23,66.98787705909065,45.991810781922716
23,66.98461189866894,45.98936627088768
23,66.98146800101362,45.99069511885699
23,66.98646029868412,45.99211736308462
23,66.98806791023368,45.99119363594088
23,66.9873439909893,45.990340994487454
23,66.98535004038935,45.9942335338187
23,66.98267661368327,45.98858340682861
23,66.98627616001119,45.990018252816306
23,66.98343586289002,45.99090335413793
23,66.9833361250849,45.99206631352699
23,66.98720126793592,45.98896276355037
23,66.98435415739682,45.9941089299824
23,66.9880791591812,45.99212771566979
23,66.98655539252859,45.99341859081009
23,66.98264451751578,45.9883570774617
23,66.98805312536066,45.99028717839912
23,66.9819638988633,45.99279123941648
23,66.98291522957612,45.99282026131033
23,66.98467092944196,45.99061206200766
23,66.98393643858721,45.991762666173145
23,66.9870171030204,45.993170385076255
23,66.98265966508856,45.99342942044902
23,66.9851055728485,45.98788349851958
23,66.98708439932632,45.989253918669824
23,66.98372121666824,45.99347736055037
23,66.98350051732803,45.99419752235986
23,66.98573638195322,45.9937799900821
23,66.98370235539431,45.99304363474923
23,66.98530225070675,45.98918777684244
23,66.98219579282063,45.991853527078796
23,66.98459662250008,45.99460526881232
23,66.98687175076982,45.989274968940954
23,66.98346561199308,45.992776177193925
23,66.98219579282063,45.991853527078796
23,66.98564990599344,45.989697012148476
23,66.9860284850984,45.9886360104937
23,66.98756289335974,45.990908714734594
23,66.98498046862116,45.99180353961265
23,66.98264451751578,45.9883570774617
23,66.98314864714219,45.99366758844153
23,66.98189682356488,45.989318667674034
23,66.98196537795457,45.99105577726352
23,66.98713107300713,45.99270841535749
23,66.983069900443,45.99254464488981
23,66.98461397263031,45.99216850072745
23,66.98314864714219,45.99366758844153
24,67.00138632215588,46.00849310359136
24,67.00500966144998,46.00257641598365
24,67.00327819935194,46.005217132213446
24,67.00253916884202,46.00655188361515
24,67.0086279147672,45.99959999669467
24,67.00947346995918,45.99832699384855
24,67.0032013913344,46.00412462765835
24,67.00066363006746,46.008240183443746
24,67.00138632215588,46.00849310359136
24,67.00274300563399,46.0073843510779
24,67.00253916884202,46.00655188361515
24,67.00224015413278,46.006840385644374
24,67.00724052481411,46.00172993290139
24,67.00876635055985,46.00013447084045
24,67.0080056843953,46.00135286528331
24,67.00587211952248,46.00358417276132
24,66.99976063463552,46.009887236455164
24,67.00570373269584,46.00497047433791
24,67.00724052481411,46.00172993290139
24,67.00698418478477,46.00044158546067
24,67.0040609349759,46.00512041879798
24,67.00747231976533,46.00008500322536
24,67.00410199600869,46.0060893369229
24,67.00644884731751,46.00200201462189
24,67.00015818595988,46.007606867089514
24,67.0001836006019,46.01016339048507
24,67.0086279147672,45.99959999669467
24,67.00651529843178,46.00205226659925
24,67.00054586928405,46.00995059573373
24,67.00489198255865,46.00472030021185
24,67.00601651881215,46.00237296880147
24,67.00856271009563,45.99822580355954
24,67.00871158993813,46.00113506420779
24,67.00274300563399,46.0073843510779
24,67.00741320241133,45.99985139804285
24,67.00195140502217,46.0091583237362
24,67.0080056843953,46.00135286528331
24,67.00362934977466,46.00556862988769
24,67.00274789831326,46.00666829999347
24,67.00947346995918,45.99832699384855
24,67.0005257343987,46.00938438645982
24,67.0040609349759,46.00512041879798
24,67.00280720687881,46.00498563348441
24,67.0004963931814,46.00850673802612
24,67.00556024148848,46.00111512779995
24,67.00327819935194,46.005217132213446
24,67.00224015413278,46.006840385644374
24,67.0040609349759,46.00512041879798
24,67.00890746104861,45.9992540097184
24,67.00712926829029,46.001228748485524
24,67.00462949502291,46.0029176397231
24,67.00573984451334,46.00416216788276
24,67.0069993056195,46.00202928155469
24,67.00373345562737,46.00448565910799
24,67.00992717785695,45.999114161129306
24,67.00617012741158,46.00262231008656
24,67.00935360625799,45.99831682328635
24,67.00754754938421,46.00175586875839
24,67.00667928379384,46.001121631744354
24,67.00698418478477,46.00044158546067
24,67.00199951901176,46.005846316343174
24,67.00959651493201,45.99951506817139
24,67.00377494664426,46.00396922636249
24,67.00698418478477,46.00044158546067
24,67.0069993056195,46.00202928155469
24,67.00570373269584,46.00497047433791
24,67.00410199600869,46.0060893369229
24,67.00119445855525,46.00739601653953
24,67.00025887517856,46.00964842019115
24,67.0058560247291,46.00473693579147
24,67.00698418478477,46.00044158546067
24,67.0011320095831,46.006942422208226
24,67.00215431326092,46.005698274292826
25,67.00274300563399,46.0073843510779
25,67.00684640411176,46.00122698274972
25,67.00688219886008,46.00359002691415
25,67.00215431326092,46.005698274292826
25,67.00543385796743,46.00435157759535
25,67.0026853190948,46.00800545235679
25,67.00947781106687,45.99829991563006
25,67.0034065983249,46.00723303421166
25,67.0058560247291,46.00473693579147
25,67.0059567401867,46.00092272617121
25,67.00648384919995,46.00028881242684
25,67.00673916384432,46.00318755027996
25,66.99950472163184,46.00974325913602
25,67.00382669334627,46.00317883813447
25,67.00662318415955,46.00048045937136
25,67.00447582151422,46.003892100107066
25,67.00739492975191,46.00119868967957
25,67.00138632215588,46.00849310359136
25,67.0080056843953,46.00135286528331
25,67.00138632215588,46.00849310359136
25,67.00199951901176,46.005846316343174
25,67.00283427010402,46.00527954089034
25,67.00127876039556,46.007376882578534
25,67.00667928379384,46.001121631744354
25,67.00488818910435,46.00325362314344
25,67.0086279147672,45.99959999669467
25,67.0040609349759,46.00512041879798
25,67.00724052481411,46.00172993290139
25,67.00754754938421,46.00175586875839
25,67.00203080934239,46.0062439443719
25,67.00362934977466,46.00556862988769
25,67.00283524661295,46.00566144300604
25,67.00368394099146,46.00662493734234
25,67.00462949502291,46.0029176397231
25,67.00890746104861,45.9992540097184
25,67.00334287080798,46.00641858544198
25,67.00015818595988,46.007606867089514
25,67.00876071486913,46.00012588409914
25,67.00662318415955,46.00048045937136
25,67.00447582151422,46.003892100107066
25,67.00644884731751,46.00200201462189
25,67.00339991255474,46.00414520583567
25,67.00712926829029,46.001228748485524
25,67.00146999140334,46.0078411706914
25,67.00066363006746,46.008240183443746
25,67.00947781106687,45.99829991563006
25,67.00959651493201,45.99951506817139
25,67.00856271009563,45.99822580355954
25,67.00279368395171,46.00661294550279
25,67.00358546175633,46.003689085207455
25,67.009116992767,45.998405251326425
25,67.00368394099146,46.00662493734234
25,67.0058560247291,46.00473693579147
25,67.00965731635091,45.99968002742224
25,67.00730783438448,46.002855083900684
25,66.99976063463552,46.009887236455164
25,67.00199951901176,46.005846316343174
25,67.00359188256819,46.00325036925495
25,67.00057768987105,46.008741630291546
25,67.00066363006746,46.008240183443746
25,67.00681649230263,46.003470331795775
25,67.0098829842543,45.99844673498194
25,67.00497080295689,46.00235505259203
25,66.99974152751129,46.009500221236934
25,67.0034065983249,46.00723303421166
25,67.00978761253523,45.99896769330814
25,67.00834025243317,45.99935460567613
25,67.00662318415955,46.00048045937136
25,67.00741320241133,45.99985139804285
25,67.0021973048641,46.00869021058364
25,67.00038367493556,46.009562476016576
25,67.00820255785784,45.99974722663057
25,67.0077300328255,45.99881223846692
25,67.00918400889556,45.99894690213586
25,67.00181503924024,46.008144142447634
25,67.00451046289159,46.00548749725233
25,67.0098829842543,45.99844673498194
25,67.0080056843953,46.00135286528331
25,67.00283524661295,46.00566144300604
25,67.00924101988237,45.99781290603362
25,66.99944998954903,46.010491156292694
25,67.00959651493201,45.99951506817139
25,67.00820255785784,45.99974722663057
25,67.00876071486913,46.00012588409914
25,67.00698418478477,46.00044158546067
25,67.00556024148848,46.00111512779995
25,67.00565725337633,46.0031299827701
25,67.00978761253523,45.99896769330814
25,67.00986838535653,45.99862006744453
25,67.00500966144998,46.00257641598365
25,67.00430231674552,46.003259287832336
25,67.0019525142876,46.00642842527822
25,67.0013084686582,46.009556936866225
25,67.00617012741158,46.00262231008656
25,67.00031771542552,46.007554496253555
25,67.00500966144998,46.00257641598365
25,67.00426008643402,46.005379189991864
25,67.00565725337633,46.0031299827701
25,67.00100903870307,46.00889778553428
25,67.00127876039556,46.007376882578534
25,67.00253916884202,46.00655188361515
25,67.00667928379384,46.001121631744354
25,67.00152091972681,46.00959452548188
25,67.00025887517856,46.00964842019115
25,67.00380571898305,46.00526612198375
25,67.0011320095831,46.006942422208226
25,67.00856271009563,45.99822580355954
25,67.00875762917296,45.999689176797425
25,67.00148992891317,46.007049439282
25,67.00692728913057,45.99960131305609
25,67.0069993056195,46.00202928155469
25,67.00373345562737,46.00448565910799
25,67.00025887517856,46.00964842019115
25,67.0019525142876,46.00642842527822
25,67.00359188256819,46.00325036925495
25,67.00100903870307,46.00889778553428
25,67.00651529843178,46.00205226659925
25,67.00426008643402,46.005379189991864
25,67.00402298062936,46.0049714927501
25,67.00947346995918,45.99832699384855
26,67.01278254578531,46.0038409092078
26,67.01147404157584,46.00163794921
26,67.00906101337605,46.00593512415444
26,67.00976715909438,46.00141105132621
26,67.0101523466533,45.99997453173544
26,67.01358683652742,46.00279353746208
26,67.01333112244365,46.003572661771294
26,67.00871158993813,46.00113506420779
26,67.00805777259217,46.00427927546408
26,67.01209816002545,46.00065457841787
26,67.01025990383505,46.002864159563885
26,67.00904559038908,46.0075611887576
26,67.01119431517586,46.00625934797647
26,67.01295713470905,46.003996498214946
26,67.01097930738858,46.004003949687885
26,67.00904559038908,46.0075611887576
26,67.01073686189152,46.00026852586814
26,67.01298726081153,46.00063166232146
26,67.01087098698339,46.00003995096062
26,67.007990770423,46.002533394332914
26,67.01284436043994,46.00113410921912
26,67.00860301727798,46.0070862612918
26,67.01115573489618,46.00508025853938
26,67.01151674367883,46.0011859886576
26,67.01007116469619,46.00126281213647
26,67.01089853327284,46.000540597418784
26,67.00979732680231,46.000262951103046
26,67.00951847003876,46.00691989215703
26,67.01333112244365,46.003572661771294
26,67.01063196226333,46.004595430183876
26,67.00925812681348,46.00690342483148
26,67.00948334822039,46.00062486596529
26,67.00722872667056,46.00321428664944
26,67.00921000581027,46.00747083058418
26,67.00985456180625,46.001850567886855
26,67.01208273372215,46.000577239998066
26,67.01181673104271,46.00415382351548
26,67.01139164045344,46.00110652451627
26,67.007990770423,46.002533394332914
26,67.01139164045344,46.00110652451627
26,67.00722872667056,46.00321428664944
26,67.00904206436459,46.00253848981677
26,67.01139164045344,46.00110652451627
26,67.01087098698339,46.00003995096062
26,67.00878399747361,46.0032120717326
26,67.00959860973063,46.00479940901163
26,67.01107679837123,45.99979766785433
26,67.01063196226333,46.004595430183876
26,67.00906101337605,46.00593512415444
26,67.00931715517694,46.0041235684414
26,67.01062279415123,46.004101062815856
26,67.01148779015126,46.00497333060869
26,67.01182946505186,45.99957356339629
26,67.00870517801081,46.00720709213722
26,67.00966085639666,46.00678572467613
26,67.01092198890126,46.00011514854347
26,67.01015928740226,46.003914611590076
26,67.01279206252458,46.00309252784258
26,67.01151674367883,46.0011859886576
26,67.00992260035338,46.00439667728626
26,67.01097930738858,46.004003949687885
26,67.01336970182606,46.00374789118731
26,67.01083798114357,46.0061088700211
26,67.0122804902477,46.002947654297145
26,67.01262077081817,46.00124258698012
26,67.00786185376853,46.00428339150723
26,67.0113915238671,46.00136329019651
26,67.0115915925743,46.00659977318505
26,67.00951847003876,46.00691989215703
26,67.00819930585695,46.003333947333445
26,67.00878399747361,46.0032120717326
26,67.00979732680231,46.000262951103046
26,67.01080087951343,46.00305713763029
26,67.00904559038908,46.0075611887576
26,67.00883130637853,46.00769030675892
27,67.00777409263476,46.00628436774498
27,67.00945980209387,46.00445504924247
27,67.00716004318004,46.00410232413325
27,67.00814277913216,45.999974767787535
27,67.01208273372215,46.000577239998066
27,67.00702115040659,46.00526900680369
27,67.0086279147672,45.99959999669467
27,67.01151674367883,46.0011859886576
27,67.00859569782233,46.005352774754805
27,67.00710779945022,46.00183616623113
27,67.0099443673922,46.00014208095351
27,67.01081826508408,45.99882681262977
27,67.00824062866205,46.00410984847686
27,67.00890206844771,46.00034819080883
27,67.00656281706817,46.0014746754
27,67.0086279147672,45.99959999669467
27,67.00777409263476,46.00628436774498
27,67.01092198890126,46.00011514854347
27,67.01097884295153,45.99866098043025
27,67.0113362421758,46.00202054076365
27,67.01182946505186,45.99957356339629
27,67.01063196226333,46.004595430183876
27,67.00644884731751,46.00200201462189
27,67.01110086455743,46.002934151917856
27,67.01157335340946,46.00051289823702
27,67.01249180357783,46.00087220332866
27,67.01112417593946,46.00426395215466
27,67.00875762917296,45.999689176797425
27,67.00672949497337,46.00603602242236
27,67.00877857427317,46.00214891155216
27,67.00885903512291,46.005449575665686
27,67.01238059985441,45.998945694526505
27,67.00750440483958,46.004276280094494
27,67.00964541178797,46.00357609621718
27,67.01201266907773,45.99939022069704
27,67.01226793992012,45.99962942503077
27,67.01055439592984,46.00057320529062
27,67.00708032424839,46.004902684981204
27,67.01184502146651,46.00254561901267
27,67.00723584608114,46.003145268044676
27,67.01064555455334,45.99858523727966
27,67.00750440483958,46.004276280094494
27,67.01213494782813,45.99938160851918
27,67.0101382185894,46.00055108218686
27,67.01106458178229,46.00341945439936
27,67.0086279147672,45.99959999669467
27,67.00823179067858,46.00634988871461
27,67.01067071668434,45.998630041328646
27,67.01161779473374,46.00014915593977
27,67.01259684487339,46.00107366617183
27,67.00681649230263,46.003470331795775
27,67.01209986442039,46.000519459747125
27,67.00976715909438,46.00141105132621
27,67.01092198890126,46.00011514854347
27,67.01071965385147,46.00237704701542
27,67.01019546628291,46.00353409905141
27,67.01078315805239,46.00135984503032
27,67.00890746104861,45.9992540097184
27,67.00896394928624,46.00194458025339
27,67.01097884295153,45.99866098043025
27,67.00918686430302,46.00593573768531
27,67.00814277913216,45.999974767787535
27,67.00644884731751,46.00200201462189
27,67.0080056843953,46.00135286528331
27,67.00875762917296,45.999689176797425
27,67.00722872667056,46.00321428664944
27,67.008950415762,46.00555668949018
27,67.00904206436459,46.00253848981677
27,67.00573984451334,46.00416216788276
27,67.01211746584282,46.001227860549456
27,67.00918686430302,46.00593573768531
27,67.01089660874267,45.99943302811928
27,67.0097802712155,46.003161357634504
27,67.0058560247291,46.00473693579147
27,67.01112417593946,46.00426395215466
27,67.00750440483958,46.004276280094494
27,67.00617012741158,46.00262231008656
27,67.00855878141773,46.001044472714874
27,67.010805692213,46.0023329947482
27,67.0077855073926,46.00155694346948
27,67.01055439592984,46.00057320529062
27,67.0086279147672,45.99959999669467
27,67.01166617438389,46.00231837224267
27,67.00877678826102,46.00257086514295
27,67.00986838535653,45.99862006744453
27,67.00992717785695,45.999114161129306
27,67.00887570485625,46.002470149542646
27,67.00912730543229,46.00373314921131
27,67.01161779473374,46.00014915593977
27,67.01015928740226,46.003914611590076
27,67.0065299266232,46.00161229576967
27,67.0077855073926,46.00155694346948
27,67.01150850916738,45.999073466373616
27,67.01092198890126,46.00011514854347
27,67.00876071486913,46.00012588409914
27,67.00754754938421,46.00175586875839
27,67.00739492975191,46.00119868967957
27,67.00992717785695,45.999114161129306
27,67.00684640411176,46.00122698274972
27,67.00972388567357,46.000954858507285
27,67.01081826508408,45.99882681262977
27,67.0058560247291,46.00473693579147
27,67.00651529843178,46.00205226659925
27,67.00814277913216,45.999974767787535
27,67.00710779945022,46.00183616623113
27,67.00931715517694,46.0041235684414
27,67.00750440483958,46.004276280094494
28,67.00710779945022,46.00183616623113
28,67.00663271872455,46.002073730375
28,67.00855878141773,46.001044472714874
28,67.00383673330573,46.0065134886066
28,67.00274300563399,46.0073843510779
28,67.00947346995918,45.99832699384855
28,67.00662318415955,46.00048045937136
28,67.00601651881215,46.00237296880147
28,67.00127290217127,46.007182580237725
28,67.00543385796743,46.00435157759535
28,67.00366247014951,46.00720803996535
28,67.0004963931814,46.00850673802612
28,67.00644884731751,46.00200201462189
28,67.0053875273307,46.00424943800243
28,67.0086279147672,45.99959999669467
28,67.00813005907442,45.99845006614176
28,67.00373345562737,46.00448565910799
28,67.00543385796743,46.00435157759535
28,66.99913457346322,46.009469333151486
28,67.00148992891317,46.007049439282
28,66.99950472163184,46.00974325913602
28,67.00464894017216,46.005116831605456
28,67.00855878141773,46.001044472714874
28,67.00130645963755,46.0076907075305
28,67.00410199600869,46.0060893369229
28,67.00152091972681,46.00959452548188
28,67.00538123679974,46.00151202687135
28,67.00200944127671,46.006875354171214
28,67.00031771542552,46.007554496253555
28,67.00488818910435,46.00325362314344
28,67.00992717785695,45.999114161129306
28,67.00214729406017,46.00611842058206
28,67.00724662235919,46.00181125603449
28,67.0051846737634,46.00208740635761
28,67.00241031938211,46.00503080399713
28,67.00386437749921,46.00609609019161
28,67.00274300563399,46.0073843510779
28,67.00723584608114,46.003145268044676
28,67.0021973048641,46.00869021058364
28,67.0081360388811,46.00027626422594
28,67.0005257343987,46.00938438645982
28,66.99913457346322,46.009469333151486
28,67.00099113186157,46.006768171235926
28,67.00388040580896,46.004847547053856
28,67.00556024148848,46.00111512779995
28,67.00152091972681,46.00959452548188
28,67.00651529843178,46.00205226659925
28,67.00834025243317,45.99935460567613
28,67.00253916884202,46.00655188361515
28,67.00918400889556,45.99894690213586
28,67.00724052481411,46.00172993290139
28,66.99913457346322,46.009469333151486
28,67.00835661359055,46.00162059342452
28,67.00500966144998,46.00257641598365
28,67.00280720687881,46.00498563348441
28,67.0019525142876,46.00642842527822
28,67.00310244708186,46.004150747098485
28,67.00152020600545,46.00927594423328
28,67.0065299266232,46.00161229576967
28,67.00876635055985,46.00013447084045
28,67.00362934977466,46.00556862988769
29,66.9983906675985,46.002659475616774
29,67.00386507681687,45.99839811851159
29,66.9976776404064,46.00211656845501
29,66.9987107266434,46.002239662878125
29,67.00318679014532,46.00036665426176
29,67.00404844283139,45.99941091847386
29,67.00408238626784,45.999224728067
29,66.99861862298965,45.99715849906731
29,67.00422939699058,45.998345190894916
29,67.00093978022267,45.9998894095066
29,66.99811659476904,45.9989347006752
29,66.99941151641586,45.997936819698246
29,67.00338039046541,45.998323826025626
29,67.00086118819722,45.99842076899704
29,66.99960072584824,46.00256505254029
29,67.00431366874288,45.998343638037035
29,67.00179419800804,45.99641816289622
29,66.99983040180561,45.99699340058392
29,66.9994823301964,46.00271994956785
29,66.9971087161139,46.000325147352854
29,66.99890253462698,46.00185051740858
29,66.9979212030179,45.99820902399091
29,67.0027998854801,45.99815870755135
29,66.99811659476904,45.9989347006752
29,66.99885322852201,45.99854997786221
29,66.99993852234343,46.00017039382922
29,67.0035291780671,45.9976684286877
29,66.99996070677604,46.00220214925115
29,66.99831682292985,46.0018231420447
29,67.00070786740311,46.00071229249653
29,67.00234142262217,45.999982785056
29,66.99740960271335,45.9993988163199
29,67.00054723278744,46.00159474228421
29,67.00216315366833,46.000178510266096
29,67.0002175227205,45.999968374058376
29,67.00338796946606,46.00057489579235
29,66.9971087161139,46.000325147352854
29,67.00119188911931,46.00293739003993
29,66.99743439667577,46.001348099099225
29,67.00424796572972,45.99941689446226
29,67.00126137474498,45.99969042008953
29,66.9994823301964,46.00271994956785
29,67.00339072652774,46.0004588713099
29,67.00129921862077,45.9978587206581
29,67.00307521627303,45.99846410491335
29,67.00087186307181,45.99897341022136
29,67.00383545568242,45.997706762828855
29,67.00260086860155,45.99884311462182
29,67.00129800622084,45.99856132495285
29,67.00147929475146,45.9979192481402
29,66.99708273412611,46.00071529378835
29,66.99735406887618,45.999359705088786
29,67.00260086860155,45.99884311462182
29,67.00215148661273,46.00144696232405
29,67.00179419800804,45.99641816289622
29,67.00373863100901,45.99847555739895
29,67.00059755036274,46.000638989404706
29,67.00336472646433,46.00021329449646
29,67.00119188911931,46.00293739003993
29,67.00099458259606,45.999598633392274
29,67.00215851998506,45.9993624977584
29,66.99916712683894,46.000326223453186
29,67.00087186307181,45.99897341022136
29,67.00083126097485,45.99682067364607
29,66.99891147183605,46.00167404451771
29,67.00083126097485,45.99682067364607
29,66.99844676210452,45.99963846229411
29,66.99698556622408,45.999903497826985
29,67.0002025645741,45.99991133460108
29,67.00216882628533,46.00173502100859
29,66.99896178799895,45.99826737055605
29,67.0023385568959,45.99730460796639
29,67.00234578172473,45.999783358999515
29,67.00383545568242,45.997706762828855
29,67.00083126097485,45.99682067364607
29,67.0033739011568,46.00123950510001
29,67.00070786740311,46.00071229249653
30,66.98811362892366,46.00678028065292
30,66.98985704171312,46.00505743051716
30,66.99190407212105,45.99724886976388
30,66.99134565540274,45.998123282747095
30,66.99063509646575,46.00393934264155
30,66.9890644368899,46.00110424529011
30,66.98913223234125,46.00307706310192
30,66.99123283562388,45.99405496669056
30,66.9919389396973,45.99595798649418
30,66.99282043955661,45.99534761913163
30,66.98930375392375,46.003536014645434
30,66.99135821294972,45.99749990418535
30,66.99184071108178,45.99716152788035
30,66.9890644368899,46.00110424529011
30,66.98864898112275,46.00358572819044
30,66.98851691314658,46.00225581762104
30,66.98982529458848,45.99702132909697
30,66.9906241474779,45.99823935487122
30,66.99035878998457,45.99736576408368
30,66.99039953131776,46.004243498258084
30,66.98913223234125,46.00307706310192
30,66.98864898112275,46.00358572819044
30,66.99136169688043,45.99727286265457
30,66.98794789791695,46.00513052789885
30,66.98852490592076,46.002980095419815
30,66.99060957953022,46.000847329704676
30,66.99041362124477,46.0020556028099
30,66.99087134833998,46.00045901659114
30,66.99123749327039,46.0009823896772
30,66.99084234538486,45.99809128071755
30,66.98982529458848,45.99702132909697
30,66.98915661918932,46.002312506920525
30,66.98823882837645,46.005302861979665
30,66.98984820147373,45.99747715890146
30,66.98853173026701,46.00227795620215
30,66.98947890877214,46.00471347938584
30,66.9884167576163,46.00627155698967
30,66.9906220745542,46.004365897611585
30,66.9906241474779,45.99823935487122
30,66.98785141206503,46.00598962305441
30,66.98965043922668,46.005784995329165
30,66.99033355045988,45.99918078992324
30,66.98961507198887,46.006268127979375
30,66.99098378248274,45.99794964297996
30,66.98984246477717,45.99895793312596
30,66.99154511509276,45.99925899121816
30,66.98869590259115,46.00592158608514
30,66.98967872181409,46.005009179910964
30,66.98983837205614,46.00105423917656
30,66.98915661918932,46.002312506920525
30,66.99190407212105,45.99724886976388
30,66.9906429640795,45.99913478701995
30,66.99280804070933,45.99476150640402
30,66.9900036173481,46.00359994579321
30,66.99160692627873,45.99431706644009
30,66.99031448767373,45.99691394811507
30,66.98948032258285,46.0028775932393
30,66.99034117991539,46.003881694050754
30,66.99031448767373,45.99691394811507
30,66.98936539971017,45.99993348663474
30,66.98986980379118,45.99729528017714
30,66.98965043922668,46.005784995329165
30,66.98894792769515,46.00379905536747
30,66.9903069569555,45.997866793825885
30,66.98823882837645,46.005302861979665
30,66.98967872181409,46.005009179910964
30,66.99191909445666,45.99776896374103
30,66.99132646334046,45.99616021867444
30,66.99098378248274,45.99794964297996
30,66.99306706528452,45.99358056589982
30,66.98867839409779,46.002462420577785
30,66.99053085713335,45.99625551898054
30,66.9915037961284,46.00131399468644
30,66.98967872181409,46.005009179910964
30,66.99132646334046,45.99616021867444
30,66.98996583560191,46.005722838795975
30,66.99063509646575,46.00393934264155
30,66.99102283469539,45.99780478338603
30,66.9890618304335,46.002588761829244
31,66.97811937286008,46.00216954262765
31,66.9906220745542,46.004365897611585
31,66.99642061405274,46.00018705332483
31,66.99239170323085,46.0072473317343
31,66.99469651208064,46.00813357156664
31,67.00143528886262,46.023443180070785
31,66.99588079187485,46.02387685901683
31,67.00693516720276,46.01109097577976
31,66.99156470555364,45.98473885903128
31,66.99103126306237,45.999226413781955
31,66.98540638220221,45.99470088271506
31,67.01527681223104,45.99463046692058
31,66.99025991056062,46.001810909172
31,66.99210921805803,46.0064034157375
31,66.99642061405274,46.00018705332483
31,66.99349637830474,46.016250159198634
31,66.98129423240077,45.9911855434867
32,66.9939118098421,45.98279437081064
32,66.99462776536608,46.01245399480474
32,66.99548494081276,46.011193254353486
32,66.99175653514848,46.0189813769502
32,67.00258672756478,46.01643609762103
32,66.998640400979,46.01507891456115
32,66.97853502652471,45.987792795915226
32,67.00060784356745,45.98590093257887
32,67.02290761260988,46.00846566688629
32,66.98350608613218,45.98444761055869
32,66.98459289083692,46.01832377619733
32,66.99461345971646,46.00163462790999
32,67.00600203137877,45.99915084660437
32,67.00124490259145,45.9758784387304
32,67.00060065905818,46.005960765200186
32,66.97953648449602,45.99791767967242
32,67.00060784356745,45.98590093257887
32,67.02213776806047,46.00917455687285
32,66.99387502834797,46.01551557367862
32,67.00895264081927,46.00653936329326
32,66.98370464697177,46.01290465034209
32,66.9859410772061,46.00365960684755
32,67.01963048413802,45.99653532473072
32,66.99527042931338,46.00685124879951
32,66.9949904548882,45.997024683631246
32,66.99435225361158,45.97600584782722
32,66.98059556694612,45.98576567561212
32,66.99527042931338,46.00685124879951
32,67.01653591389751,45.99030697691598
32,67.01529378318368,46.009915512128565
32,66.99548192522653,46.02372220877147
32,66.97953648449602,45.99791767967242
32,66.99661717205153,45.99066574249384
32,67.01544356574838,45.99265475329809
32,66.9939118098421,45.98279437081064
32,66.97762775560155,45.99332552984827
32,67.00951771036499,45.98528693880486
32,66.99309111149407,46.000584691641954
32,66.99462776536608,46.01245399480474
32,67.01653591389751,45.99030697691598
32,66.98426823526778,46.00114073866475
32,67.0238011580696,46.0016803285296
32,66.99707155752726,45.99045132780004
32,66.99210921805803,46.0064034157375
32,67.01817644748455,45.98482051572446
32,67.00895264081927,46.00653936329326
32,66.97853502652471,45.987792795915226
32,66.99681420781434,46.00382952108197
32,66.98562068342564,45.99156057417787
32,67.0056157280006,45.985164908737325
32,66.99578431377753,45.99674107508061
32,66.98570455637955,46.003573514865764
32,66.9930043548485,46.01694579102477
32,66.98951012089388,45.99332444112594
33,66.99034913944985,46.0054111211403
33,66.98912561637405,45.99972653717313
33,66.99222963464354,46.00168236022049
33,66.99111545204212,45.9994855699678
33,66.99034117991539,46.003881694050754
33,66.9905950076776,46.00453062898664
33,66.99218602953724,46.00095891482699
33,66.98823882837645,46.005302861979665
33,66.99111545204212,45.9994855699678
33,66.99134565540274,45.998123282747095
33,66.98930859070197,45.99901627531161
33,66.99231468373819,45.998424850557306
33,66.9890618304335,46.002588761829244
33,66.99249869688228,46.00032552678775
33,66.99034913944985,46.0054111211403
33,66.9900927061923,45.99802416880556
33,66.99120770210358,46.00098719605779
33,66.99031492372767,45.996844988405144
33,66.98990799882388,45.99754001796715
33,66.9900927061923,45.99802416880556
33,66.99031492372767,45.996844988405144
33,66.99257131699459,46.0006786488175
33,66.98869590259115,46.00592158608514
33,66.99249075469116,45.998456854834764
33,66.99044107952938,46.00013681712895
33,66.99005024799435,45.99982150343065
33,66.99101054565817,45.99940368283086
33,66.98842672066921,46.00595439325357
33,66.99069415730273,46.00215109298099
33,66.99132646334046,45.99616021867444
33,66.98930859070197,45.99901627531161
33,66.99035878998457,45.99736576408368
33,66.99066450924488,46.00333336706451
33,66.9928266215611,45.997826405849366
33,66.9891090408717,46.003274106211265
33,66.9904369593898,46.00382497956035
33,66.99195942247177,45.99927264398072
33,66.98842672066921,46.00595439325357
33,66.9906429640795,45.99913478701995
33,66.98959837278498,45.99873195287015
33,66.99029182337568,45.99821749838651
33,66.98804978503748,46.00316200657343
33,66.98833774020054,46.00194463975184
33,66.99144233812457,45.99921775343669
33,66.98958969173357,46.000287895767904
33,66.99087194452692,45.998191833290804
33,66.99062498093218,46.004639010562826
33,66.98793188519518,46.00175038064237
33,66.98863496732675,46.00500282415916
33,66.9890644368899,46.00110424529011
33,66.9906241474779,45.99823935487122
33,66.99140519089075,46.00014963141535
33,66.99090891160334,46.00159389747206
33,66.99087194452692,45.998191833290804
33,66.98909312806356,46.00254040554164
33,66.9895595603796,46.000110224526544
33,66.98917302026356,46.00234134789888
33,66.99178083445676,46.000539540238044
33,66.98841180077943,46.00433479284595
33,66.98953025709308,45.99777879598909
33,66.9906220745542,46.004365897611585
33,66.99257131699459,46.0006786488175
33,66.98995803354944,46.00153570190948
33,66.98948552303501,46.0000622929116
33,66.98968053605924,45.99993315044772
33,66.99029182337568,45.99821749838651
33,66.98977631780562,45.99775939302182
33,66.99017653265734,46.00186186972693
33,66.99190407212105,45.99724886976388
33,66.98853173026701,46.00227795620215
33,66.99101054565817,45.99940368283086
33,66.98985704171312,46.00505743051716
33,66.99140519089075,46.00014963141535
33,66.99218602953724,46.00095891482699
33,66.98999903975155,46.001108414360836
33,66.99069415730273,46.00215109298099
33,66.98977631780562,45.99775939302182
33,66.99069415730273,46.00215109298099
33,66.99084234538486,45.99809128071755
33,66.99026404137763,46.00395266719367
33,66.98867839409779,46.002462420577785
33,66.98896906510898,46.00127023559692
33,66.98983837205614,46.00105423917656
33,66.98898929721771,46.0013351148107
33,66.98896104324943,46.00617170910313
33,66.98863283796383,46.00179791218669
33,66.9903069569555,45.997866793825885
33,66.98948592628675,46.000445920129856
33,66.99039953131776,46.004243498258084
33,66.99116177863633,45.99997552219789
33,66.99017653265734,46.00186186972693
33,66.99044107952938,46.00013681712895
33,66.99134565540274,45.998123282747095
33,66.99181179953098,46.00019979346049
33,66.9890644368899,46.00110424529011
33,66.98902065813604,45.99969262953705
33,66.99115596740175,46.00392662851501
33,66.98864898112275,46.00358572819044
33,66.98910850019561,45.99833378396449
33,66.9897744878142,45.99907369806516
33,66.98864898112275,46.00358572819044
33,66.99270620729004,45.99705085811312
33,66.99140519089075,46.00014963141535
33,66.98980634417515,45.998304420647315
33,66.99119850735228,46.00292862373553
33,66.9879813252066,46.002115055160964
33,66.98984820147373,45.99747715890146
33,66.9925454501079,46.00103920416495
33,66.99034117991539,46.003881694050754
33,66.99227854082122,45.9998098857755
34,66.99099326243814,45.99785602334913
34,66.99115999186527,45.999000137835644
34,66.9928266215611,45.997826405849366
34,66.98980634417515,45.998304420647315
34,66.98990799882388,45.99754001796715
34,66.98864232512115,45.996037371341586
34,66.99035878998457,45.99736576408368
34,66.99115999186527,45.999000137835644
34,66.98975570774684,45.99479092417546
34,66.9928266215611,45.997826405849366
34,66.98864232512115,45.996037371341586
34,66.99119170747824,45.99341375978602
34,66.99082857399253,45.99346096581882
34,66.98997681572824,45.99535570297789
34,66.99328867849137,45.99801360882237
34,66.98867162891824,45.99545172178389
34,66.99325080229845,45.99579560242111
34,66.99296872365201,45.995053378571654
34,66.99296872365201,45.995053378571654
34,66.99082911494504,45.99414009916819
34,66.99184071108178,45.99716152788035
34,66.99136169688043,45.99727286265457
34,66.99304656663918,45.99776118779664
34,66.99140147948266,45.999674095986215
34,66.99053085713335,45.99625551898054
34,66.99168047079448,45.99527455421924
34,66.9908576439249,45.9946493362403
34,66.99195942247177,45.99927264398072
34,66.98834960408506,45.99661675752711
34,66.98822413897044,45.99682338406669
34,66.98992960487817,45.99553110902144
34,66.99291530582498,45.99676152622277
34,66.99082857399253,45.99346096581882
34,66.98789192363968,45.997091188134
34,66.99082857399253,45.99346096581882
34,66.9887733505732,45.99872978982024
34,66.99328867849137,45.99801360882237
34,66.9910041618132,45.99612474790317
34,66.99101054565817,45.99940368283086
34,66.99098378248274,45.99794964297996
34,66.98910850019561,45.99833378396449
34,66.98953025709308,45.99777879598909
34,66.99140147948266,45.999674095986215
34,66.98990799882388,45.99754001796715
34,66.98904895642224,45.99895465401416
34,66.99393810743729,45.99521931353268
34,66.9904245486772,45.99502811650667
34,66.99449860984834,45.99747217298528
34,66.99064482477056,45.995417345575085
34,66.98867162891824,45.99545172178389
34,66.99116177863633,45.99997552219789
34,66.98929037073815,45.99900705375776
34,66.99045663506936,45.99666347966569
34,66.99391300993564,45.99606768348853
34,66.9928266215611,45.997826405849366
34,66.99255574489658,45.9981520864024
34,66.98907858775952,45.99696949372178
34,66.99154511509276,45.99925899121816
34,66.99061731663119,45.998770918155884
34,66.98910850019561,45.99833378396449
34,66.989287875589,45.994193164710516
34,66.98999765371092,45.993927345944236
34,66.99355419480902,45.99757278356691
34,66.99391300993564,45.99606768348853
34,66.99318591128966,45.99670233782885
34,66.9928266215611,45.997826405849366
34,66.98936130898991,45.99406728149179
34,66.99140474769416,45.994790696636564
34,66.98964967242897,45.99753070363256
34,66.99033355045988,45.99918078992324
34,66.99184071108178,45.99716152788035
34,66.98980634417515,45.998304420647315
34,66.98980634417515,45.998304420647315
34,66.9905302063654,45.99597554238988
34,66.99333091882943,45.9990348402941
34,66.9895949058781,45.9951481211215
34,66.99160692627873,45.99431706644009
34,66.98939153063272,45.99417070008912
34,66.98910850019561,45.99833378396449
34,66.99168047079448,45.99527455421924
34,66.99135821294972,45.99749990418535
34,66.98862650929966,45.99581445564479
34,66.98914852075286,45.99716419591666
35,67.01089853327284,46.000540597418784
35,67.01007116469619,46.00126281213647
35,67.00982894584975,46.00387235336808
35,67.0113915238671,46.00136329019651
35,67.00921000581027,46.00747083058418
35,67.0106656942539,46.004489879884694
35,67.01274029711057,46.00386217824312
35,67.01294937062502,46.00173602888553
35,67.01424572854803,46.00365126400014
35,67.00912730543229,46.00373314921131
35,67.0120967670136,46.00395961632123
35,67.01295804731434,46.000810962629686
35,67.01079668529724,46.003784785318054
35,67.00823179067858,46.00634988871461
35,67.0139132962529,46.00463152532792
35,67.01046559299638,46.00740344337835
35,67.01151674367883,46.0011859886576
35,67.00959860973063,46.00479940901163
35,67.01065220539789,46.00351162687807
35,67.01339156366906,46.00034790988832
35,67.01310720117101,46.00632137218149
35,67.00878399747361,46.0032120717326
35,67.0091381665577,46.00727999518629
35,67.01298726081153,46.00063166232146
35,67.0106475341875,46.00413286611977
35,67.01285451530435,46.00372766851818
35,67.01352236869462,45.999622051081644
35,67.01274029711057,46.00386217824312
35,67.01110086455743,46.002934151917856
35,67.01333950540192,46.004954887005574
36,67.00708032424839,46.004902684981204
36,67.00929308838721,46.00169667259075
36,67.0117292356,46.00473401703816
36,67.01200326605077,46.00009299579794
36,67.01106458178229,46.00341945439936
36,67.0122804902477,46.002947654297145
36,67.01106458178229,46.00341945439936
36,67.01166617438389,46.00231837224267
36,67.00972388567357,46.000954858507285
36,67.0101382185894,46.00055108218686
36,67.01294937062502,46.00173602888553
36,67.00895264081927,46.00653936329326
36,67.01209986442039,46.000519459747125
36,67.00929669824026,46.00737217863202
36,67.010334822968,46.00463997057224
36,67.01016505376076,46.00697721658807
36,67.0118701153664,46.00333285514081
36,67.01073686189152,46.00026852586814
36,67.00912730543229,46.00373314921131
36,67.00833080786977,46.00259960185664
36,67.01115573489618,46.00508025853938
36,67.01046559299638,46.00740344337835
36,67.00895264081927,46.00653936329326
36,67.00700043937577,46.005263175195
36,67.01337155032547,46.00331211526358
36,67.01181673104271,46.00415382351548
36,67.01073448191472,46.00535239005259
36,67.00805777259217,46.00427927546408
36,67.0116463879707,46.00474099371033
36,67.00823652358092,46.00384438404866
36,67.00988023678913,46.00764458729389
36,67.01182946505186,45.99957356339629
36,67.00951847003876,46.00691989215703
36,67.010805692213,46.0023329947482
36,67.01107679837123,45.99979766785433
36,67.01253328764624,45.999896183638725
36,67.00990244095338,46.00321541204521
36,67.00956492877859,46.003969214456916
36,67.01055439592984,46.00057320529062
36,67.00716004318004,46.00410232413325
36,67.00979732680231,46.000262951103046
36,67.00887570485625,46.002470149542646
36,67.00871158993813,46.00113506420779
36,67.00918686430302,46.00593573768531
36,67.00823179067858,46.00634988871461
36,67.00912730543229,46.00373314921131
36,67.00945980209387,46.00445504924247
36,67.01128380498629,46.007026515663796
36,67.00904206436459,46.00253848981677
37,67.00959860973063,46.00479940901163
37,67.00601651881215,46.00237296880147
37,67.00878399747361,46.0032120717326
37,67.00500966144998,46.00257641598365
37,67.00895264081927,46.00653936329326
37,67.00710779945022,46.00183616623113
37,67.00724052481411,46.00172993290139
37,67.00896394928624,46.00194458025339
37,67.00823652358092,46.00384438404866
37,67.00724662235919,46.00181125603449
37,67.00750440483958,46.004276280094494
37,67.00877678826102,46.00257086514295
37,67.00819930585695,46.003333947333445
37,67.00931715517694,46.0041235684414
37,67.00488818910435,46.00325362314344
37,67.0097802712155,46.003161357634504
37,67.008950415762,46.00555668949018
37,67.00462428985715,46.006327294830854
37,67.0049375260946,46.00230294554853
37,67.00462949502291,46.0029176397231
37,67.01015928740226,46.003914611590076
37,67.00710779945022,46.00183616623113
37,67.00716004318004,46.00410232413325
37,67.00500966144998,46.00257641598365
37,67.00653769541998,46.002920632847356
37,67.00679628763604,46.00618732006513
37,67.00466090374786,46.00439547598611
37,67.00497080295689,46.00235505259203
37,67.00690639629599,46.006948184303994
37,67.0058560247291,46.00473693579147
37,67.0081360388811,46.00027626422594
37,67.00911921666231,46.00168014984917
37,67.00476692513283,46.005747049032585
37,67.01000640431103,46.002305841185425
37,67.01053172631156,46.00378483992386
37,67.00476692513283,46.005747049032585
37,67.00681649230263,46.003470331795775
37,67.0051846737634,46.00208740635761
37,67.00413717468584,46.003281942090396
37,67.00754754938421,46.00175586875839
37,67.00579636398719,46.0056744710547
37,67.00964541178797,46.00357609621718
37,67.00556024148848,46.00111512779995
37,67.01065220539789,46.00351162687807
37,67.00651529843178,46.00205226659925
37,67.00543385796743,46.00435157759535
37,67.00659015293765,46.00729054779038
37,67.00777409263476,46.00628436774498
37,67.00688156377514,46.006792782019076
37,67.00823179067858,46.00634988871461
37,67.00402298062936,46.0049714927501
37,67.00931715517694,46.0041235684414
37,67.00746814684256,46.00457645435197
37,67.00956492877859,46.003969214456916
37,67.00964541178797,46.00357609621718
37,67.00576007723173,46.00691203926771
37,67.0103593212822,46.00535097923964
37,67.00430231674552,46.003259287832336
37,67.00380571898305,46.00526612198375
37,67.00462949502291,46.0029176397231
37,67.00859569782233,46.005352774754805
37,67.00972388567357,46.000954858507285
37,67.00890206844771,46.00034819080883
37,67.00949829805653,46.00397340132148
37,67.00388040580896,46.004847547053856
37,67.00593633024899,46.00618524408646
37,67.0051846737634,46.00208740635761
37,67.0068660524012,46.00600567135421
37,67.01007116469619,46.00126281213647
37,67.00819930585695,46.003333947333445
37,67.00885903512291,46.005449575665686
37,67.0097802712155,46.003161357634504
37,67.00750440483958,46.004276280094494
37,67.00673916384432,46.00318755027996
37,67.007528083979,46.00522377307498
37,67.0077855073926,46.00155694346948
37,67.00895264081927,46.00653936329326
37,67.00945980209387,46.00445504924247
37,67.00929308838721,46.00169667259075
37,67.00672949497337,46.00603602242236
37,67.00489198255865,46.00472030021185
37,67.01015928740226,46.003914611590076
37,67.0101382185894,46.00055108218686
37,67.0113362421758,46.00202054076365
37,67.0058560247291,46.00473693579147
37,67.0053861868178,46.002242601316475
37,67.00464894017216,46.005116831605456
37,67.00885903512291,46.005449575665686
37,67.00688259172432,46.00163562988283
37,67.00690639629599,46.006948184303994
37,67.00488818910435,46.00325362314344
37,67.00681649230263,46.003470331795775
37,67.0077855073926,46.00155694346948
37,67.00824062866205,46.00410984847686
37,67.00890206844771,46.00034819080883
37,67.00871158993813,46.00113506420779
37,67.00565725337633,46.0031299827701
37,67.00750440483958,46.004276280094494
37,67.00679628763604,46.00618732006513
37,67.00876635055985,46.00013447084045
38,67.00119188911931,46.00293739003993
38,67.00359188256819,46.00325036925495
38,67.00377494664426,46.00396922636249
38,67.00170330379983,46.004614286236205
38,66.9984914176658,46.004584864668324
38,66.99943954366123,46.00694762031937
38,67.00309489103721,46.003429074881545
38,66.99784538000024,46.00653787428003
38,67.00120515895553,46.00622094826241
38,67.00064981378762,46.00833364461337
38,67.00363189351675,46.00369942919427
38,67.0032013913344,46.00412462765835
38,67.00054723278744,46.00159474228421
38,67.00224029289606,46.00377617426826
38,67.00130910840288,46.0046749669774
38,67.00162763345499,46.001688153179906
38,66.99922247098293,46.00385601754965
38,66.9990289521115,46.00753367217745
38,67.00160419096183,46.00514160411167
38,67.00215431326092,46.005698274292826
38,66.9987654221358,46.00493551587276
38,67.00283524661295,46.00566144300604
38,67.0038324223352,46.00298827364607
38,67.00192153106084,46.0068878273588
38,66.99973130058011,46.00607939739383
38,66.99888607179156,46.00503232838037
38,67.00363189351675,46.00369942919427
38,66.99863544228448,46.00505347249362
38,66.99797266698052,46.00669447449454
38,67.00191949474187,46.00235448440212
38,67.00192153106084,46.0068878273588
38,67.00148810511105,46.002042384846284
38,66.99973130058011,46.00607939739383
38,67.00282898146646,46.004858479727424
38,66.99974969166962,46.00726242704386
38,67.003197223653,46.00243954819104
38,67.00059406520245,46.00251619594438
38,66.9994823301964,46.00271994956785
38,67.003197223653,46.00243954819104
38,67.00327819935194,46.005217132213446
38,67.00122254555038,46.00452804091785
38,67.00054723278744,46.00159474228421
38,67.00102530008981,46.00095080166796
38,66.99824401965614,46.00419305040998
38,67.00321073229019,46.00336515914947
38,66.99975128735497,46.006119271161886
38,67.00289684198914,46.003907598270374
38,67.00241031938211,46.00503080399713
38,67.00262281213483,46.00336894119259
38,66.99834771990095,46.003769711525095
38,66.99995058932458,46.00597297733398
38,66.99875887701376,46.005637053618614
38,67.00060065905818,46.005960765200186
38,67.00248029084895,46.00269410221451
38,67.00199565937253,46.005065229213834
38,66.9999898935377,46.004682864640266
38,67.00216882628533,46.00173502100859
38,66.99824401965614,46.00419305040998
38,66.99834771990095,46.003769711525095
38,67.00248029084895,46.00269410221451
38,66.99863544228448,46.00505347249362
38,66.99995058932458,46.00597297733398
38,67.00275688410667,46.001819900052595
38,67.00302749250098,46.0033181919627
38,67.00102530008981,46.00095080166796
38,67.00131366305442,46.00347684386512
38,67.00280720687881,46.00498563348441
38,66.99995058932458,46.00597297733398
38,67.00089295184277,46.008201066540494
38,66.99824401965614,46.00419305040998
38,66.9986043825412,46.00711380956098
38,67.00141145332333,46.003637241257
38,67.0032013913344,46.00412462765835
38,66.99897457962378,46.006818980362354
38,66.99978996518632,46.0079166506458
38,66.99880627695427,46.00762123029417
38,67.00015818595988,46.007606867089514
38,67.00250636541887,46.00496200375252
38,67.0033739011568,46.00123950510001
38,66.99908885501658,46.007272168998185
38,67.00289684198914,46.003907598270374
38,66.99953396573152,46.00538082794176
38,66.9986043825412,46.00711380956098
38,66.99993003813296,46.001551116512346
38,67.00248029084895,46.00269410221451
38,67.00382669334627,46.00317883813447
38,66.9990371284307,46.00420543761233
38,67.00059755036274,46.000638989404706
38,67.00119923093551,46.00497025265926
38,67.00119445855525,46.00739601653953
38,67.00131366305442,46.00347684386512
38,67.00120515895553,46.00622094826241
38,66.99880050291053,46.006812293222715
38,66.99908885501658,46.007272168998185
38,66.99784538000024,46.00653787428003
38,67.00282898146646,46.004858479727424
38,67.00148992891317,46.007049439282
38,66.99838114797446,46.003780941077686
38,66.99830815641484,46.00403653621456
38,66.99897457962378,46.006818980362354
38,67.00031771542552,46.007554496253555
38,66.99848130784613,46.00569266462741
38,67.00060065905818,46.005960765200186
38,67.00060065905818,46.005960765200186
38,67.00032655576298,46.00385345073447
38,67.00120515895553,46.00622094826241
38,66.99973130058011,46.00607939739383
38,66.99814273923465,46.004999913777404
38,67.00200944127671,46.006875354171214
38,67.00048727462901,46.006128619336494
38,67.00262044962194,46.00316732539549
38,66.99814273923465,46.004999913777404
38,67.00199951901176,46.005846316343174
38,67.00093892175757,46.00053792669835
38,67.00205564801212,46.003039783810266
38,67.00283427010402,46.00527954089034
38,67.00130358463791,46.00092907329283
38,67.003197223653,46.00243954819104
38,66.99900214867876,46.00516411501801
38,67.00148992891317,46.007049439282
38,66.99854980036604,46.00521792239788
38,66.99898119375405,46.00839527909863
39,66.98928786240965,45.9906520084323
39,66.98835753334268,45.990914945756444
39,66.98828970803586,45.993569722165226
39,66.99011048391434,45.99323804395122
39,66.9867450342342,45.99492643193845
39,66.98847827540114,45.990946321658065
39,66.99023391250543,45.99077328908034
39,66.98740487219119,45.995444588593486
39,66.99051504988134,45.991931277884824
39,66.98740487219119,45.995444588593486
39,66.98713600244655,45.99194013062034
39,66.98862650929966,45.99581445564479
39,66.98715899856629,45.992679010363084
39,66.98758820699166,45.99314784549439
39,66.98629480092093,45.99432181058446
39,66.98707874488633,45.99384737049211
40,66.9881615440702,46.00403724461554
40,66.98990799882388,45.99754001796715
40,66.99005024799435,45.99982150343065
40,66.99029182337568,45.99821749838651
40,66.98915661918932,46.002312506920525
40,66.98867839409779,46.002462420577785
40,66.99053085713335,45.99625551898054
40,66.99087134833998,46.00045901659114
40,66.9904454851261,45.997199693002074
40,66.99061731663119,45.998770918155884
40,66.99111545204212,45.9994855699678
40,66.98930375392375,46.003536014645434
40,66.99016840923652,45.99789558518828
40,66.98851691314658,46.00225581762104
40,66.9928489482901,45.99275131652625
40,66.98958969173357,46.000287895767904
40,66.99136169688043,45.99727286265457
40,66.99168047079448,45.99527455421924
40,66.99182167925136,45.99651549761935
40,66.98990799882388,45.99754001796715
40,66.99087194452692,45.998191833290804
40,66.98984246477717,45.99895793312596
40,66.99089516362515,45.996452954858086
40,66.98990385960283,46.0020759576132
40,66.9905302063654,45.99597554238988
40,66.99140147948266,45.999674095986215
40,66.99044107952938,46.00013681712895
40,66.99099326243814,45.99785602334913
40,66.99087194452692,45.998191833290804
40,66.9893566959915,46.002327821068874
40,66.99296872365201,45.995053378571654
40,66.99026404137763,46.00395266719367
40,66.98785141206503,46.00598962305441
40,66.98896104324943,46.00617170910313
40,66.98821282777558,46.00597111710604
40,66.99103126306237,45.999226413781955
40,66.9897744878142,45.99907369806516
40,66.98863283796383,46.00179791218669
40,66.98909312806356,46.00254040554164
40,66.98841696282119,46.00412416944724
40,66.98853173026701,46.00227795620215
40,66.99191909445666,45.99776896374103
40,66.99101054565817,45.99940368283086
40,66.99140474769416,45.994790696636564
40,66.99029182337568,45.99821749838651
40,66.9919923053499,45.99560717430206
40,66.99120770210358,46.00098719605779
40,66.99079251718389,46.00250101957103
40,66.98930859070197,45.99901627531161
40,66.99084234538486,45.99809128071755
40,66.99168047079448,45.99527455421924
40,66.98986343145418,45.997794735563
40,66.9906220745542,46.004365897611585
40,66.98980634417515,45.998304420647315
40,66.98864898112275,46.00358572819044
40,66.98841180077943,46.00433479284595
40,66.98980773644129,46.001155350043724
40,66.99098378248274,45.99794964297996
40,66.98898929721771,46.0013351148107
40,66.9890618304335,46.002588761829244
40,66.9906241474779,45.99823935487122
40,66.98841696282119,46.00412416944724
40,66.98841696282119,46.00412416944724
40,66.98911063505396,46.00076317834309
40,66.98959837278498,45.99873195287015
40,66.9916699639032,45.995457652457155
40,66.99168047079448,45.99527455421924
40,66.98975260810766,45.99937942652757
40,66.99237817958084,45.994864483630245
40,66.99148031158002,45.99789615959209
40,66.98894792769515,46.00379905536747
40,66.99144233812457,45.99921775343669
40,66.98948032258285,46.0028775932393
40,66.99064482477056,45.995417345575085
41,66.99061731663119,45.998770918155884
41,66.98833774020054,46.00194463975184
41,66.9906429640795,45.99913478701995
41,66.98797794193571,46.00498775990815
41,66.98984393680932,46.00389449535962
41,66.9906241474779,45.99823935487122
41,66.98948032258285,46.0028775932393
41,66.99119850735228,46.00292862373553
41,66.98983837205614,46.00105423917656
41,66.98936539971017,45.99993348663474
41,66.99152499710951,45.9986168770981
41,66.98793188519518,46.00175038064237
41,66.98863496732675,46.00500282415916
41,66.99035878998457,45.99736576408368
41,66.99031492372767,45.996844988405144
41,66.98851691314658,46.00225581762104
41,66.99069415730273,46.00215109298099
41,66.99119850735228,46.00292862373553
41,66.98774379940375,46.00314828402038
41,66.99025991056062,46.001810909172
41,66.98915661918932,46.002312506920525
41,66.98990385960283,46.0020759576132
41,66.9910041618132,45.99612474790317
41,66.98984246477717,45.99895793312596
41,66.98975260810766,45.99937942652757
41,66.98909312806356,46.00254040554164
41,66.99184071108178,45.99716152788035
41,66.9890644368899,46.00110424529011
41,66.98863496732675,46.00500282415916
41,66.99088144625486,46.00477948649809
41,66.98842708605261,46.00411869351978
41,66.98867839409779,46.002462420577785
41,66.99025991056062,46.001810909172
41,66.98774160799077,46.00471202979241
41,66.99115999186527,45.999000137835644
41,66.9891090408717,46.003274106211265
42,67.01310720117101,46.00632137218149
42,67.01120428653932,46.005933864160355
42,67.01006273530771,46.00667719957797
42,67.01032487694921,46.00462028257914
42,67.0114017625182,46.006615660520005
42,67.01472807373727,46.00283116181722
42,67.01333950540192,46.004954887005574
42,67.01258886006387,46.003347919119115
42,67.01080671727513,46.00349295080427
42,67.00956492877859,46.003969214456916
42,67.00985456180625,46.001850567886855
42,67.01372406008299,46.00174128440784
42,67.01258886006387,46.003347919119115
42,67.01000640431103,46.002305841185425
42,67.00860301727798,46.0070862612918
42,67.00966085639666,46.00678572467613
42,67.00945980209387,46.00445504924247
43,67.00893393515898,45.998010866563305
43,67.009116992767,45.998405251326425
43,67.00565725337633,46.0031299827701
43,67.00724662235919,46.00181125603449
43,67.00459729529362,46.00303762541432
43,67.00466090374786,46.00439547598611
43,67.00685766480319,46.00104878632204
43,67.00935360625799,45.99831682328635
43,67.00466090374786,46.00439547598611
43,67.00459729529362,46.00303762541432
43,67.00199951901176,46.005846316343174
43,67.00565725337633,46.0031299827701
43,67.00691879320992,46.00150524385266
43,67.00447582151422,46.003892100107066
43,67.00684640411176,46.00122698274972
43,67.0005257343987,46.00938438645982
43,67.0003583712669,46.00963020851105
43,67.0038324223352,46.00298827364607
43,67.00476692513283,46.005747049032585
43,67.00924101988237,45.99781290603362
43,67.00451046289159,46.00548749725233
43,67.00224015413278,46.006840385644374
43,67.00203080934239,46.0062439443719
43,67.00253916884202,46.00655188361515
43,67.0013102578299,46.006012195206274
43,67.00664921953192,46.0033458665132
43,67.00541083975278,46.00420438491208
43,67.0077855073926,46.00155694346948
43,67.00871158993813,46.00113506420779
43,67.00570373269584,46.00497047433791
43,67.00959651493201,45.99951506817139
43,67.00741320241133,45.99985139804285
43,67.0097144903334,45.998885781664434
43,67.00739492975191,46.00119868967957
43,67.00430231674552,46.003259287832336
43,67.00570373269584,46.00497047433791
43,67.00741320241133,45.99985139804285
43,67.00138632215588,46.00849310359136
43,67.00918400889556,45.99894690213586
43,67.00820255785784,45.99974722663057
43,67.00279368395171,46.00661294550279
43,67.0058560247291,46.00473693579147
43,67.00935360625799,45.99831682328635
43,67.00724662235919,46.00181125603449
43,67.00938273541517,45.998033461380714
43,67.00152091972681,46.00959452548188
43,67.00459729529362,46.00303762541432
43,67.0011320095831,46.006942422208226
43,67.00754754938421,46.00175586875839
43,67.00192153106084,46.0068878273588
43,67.00098972745799,46.008349120649704
43,67.00978761253523,45.99896769330814
43,67.00089295184277,46.008201066540494
43,67.00587211952248,46.00358417276132
43,67.0077855073926,46.00155694346948
43,67.00489198255865,46.00472030021185
43,67.00710779945022,46.00183616623113
43,66.99949518175985,46.00952054540023
43,66.99974152751129,46.009500221236934
43,67.00723584608114,46.003145268044676
43,67.00556024148848,46.00111512779995
43,67.0032013913344,46.00412462765835
43,67.00358546175633,46.003689085207455
43,67.00386471492604,46.003819030316215
43,67.00253916884202,46.00655188361515
43,67.00192153106084,46.0068878273588
43,67.00179302205251,46.009174911926095
43,67.00362357950166,46.00647519563121
43,66.99976063463552,46.009887236455164
44,67.00198556586122,46.021343175292586
44,66.98281018978696,46.00546158269215
44,67.00515360704318,45.98721790296207
44,66.99435225361158,45.97600584782722
44,66.98975570774684,45.99479092417546
44,67.01980063000146,45.99699246183844
44,67.00268685571021,46.01828217649202
44,67.00515360704318,45.98721790296207
44,67.00268685571021,46.01828217649202
44,66.9906220745542,46.004365897611585
44,67.00852087536246,45.99930531676661
44,67.00841795670824,45.99644155747322
44,66.99175653514848,46.0189813769502
44,66.98478037184208,46.01474155968482
45,66.99824401965614,46.00419305040998
45,66.99790713147647,46.00296799086222
45,67.00128930721282,46.00346527071942
45,66.99782162635076,46.00169677442314
45,66.99838114797446,46.003780941077686
45,66.99900214867876,46.00516411501801
45,66.99698556622408,45.999903497826985
45,66.99662297024771,46.00308209872891
45,66.99447123402223,46.00212077563302
45,66.9962164848903,46.0041346364096
45,66.99960072584824,46.00256505254029
45,66.99863544228448,46.00505347249362
45,66.99817840160694,46.00318932704914
45,66.99858199468702,46.004604731819995
45,66.99907674497962,46.00213129877376
45,66.99709220418892,46.00099562121843
45,66.99824162785158,46.00528386712801
45,66.99891147183605,46.00167404451771
45,67.00231386162308,46.00340970313779
45,66.9971858747605,46.00352549911702
45,66.99834771990095,46.003769711525095
45,67.00130910840288,46.0046749669774
45,67.00205564801212,46.003039783810266
45,66.99694521006873,46.00366297360432
45,66.99993003813296,46.001551116512346
45,66.99590196689775,46.00160336069295
45,66.99833475297514,46.00405675443254
45,66.99764610600401,46.00236937416928
45,66.99824401965614,46.00419305040998
45,67.00208178614865,46.00185519320122
45,66.9990371284307,46.00420543761233
45,66.99823437716603,46.00006479512748
45,66.99757688613737,46.003759222194674
45,67.00303954100362,46.00283409246086
45,66.99884065823143,46.00149643063514
45,66.99439239559882,46.0024984506496
45,66.99736965287,46.003642838537665
45,67.00248029084895,46.00269410221451
45,67.00216882628533,46.00173502100859
45,66.99662124687919,46.00251510446387
45,66.9983906675985,46.002659475616774
45,67.00024973811202,46.0037820611539
45,66.99504626843424,46.0029348543458
45,66.9999898935377,46.004682864640266
45,67.00275792504067,46.00376955494173
45,66.9956423044163,46.00330453351907
45,66.99790713147647,46.00296799086222
45,67.000104575337,46.00025465871954
45,67.00262281213483,46.00336894119259
45,66.99933975387113,46.00420681063249
45,67.00252419316425,46.002568940622105
45,66.99834771990095,46.003769711525095
45,66.99719650729106,46.00355629332102
45,67.00070786740311,46.00071229249653
45,66.99833475297514,46.00405675443254
45,66.99924761105758,46.00098108849545
45,66.99907674497962,46.00213129877376
45,67.00093892175757,46.00053792669835
45,66.99863144144268,46.00342430392809
45,66.9990371284307,46.00420543761233
45,67.00160768669387,46.00032886118977
45,66.9956423044163,46.00330453351907
45,66.99742429702322,46.004497296968566
45,67.00275688410667,46.001819900052595
45,67.00220549217701,46.00365331917037
45,66.99576396643546,46.00112258542309
45,66.9976776404064,46.00211656845501
45,66.99824401965614,46.00419305040998
45,67.00000035731829,46.001922314226
45,66.99817840160694,46.00318932704914
45,66.99714024339931,46.00127052135792
45,66.99709220418892,46.00099562121843
45,66.99709220418892,46.00099562121843
45,66.99587335770865,46.00040514272874
45,66.9961146439316,46.00071938813686
45,66.99708273412611,46.00071529378835
45,66.99714024339931,46.00127052135792
45,66.99681420781434,46.00382952108197
45,67.00146193780284,46.00427814615154
45,66.99845773959706,46.001799535092196
46,66.99734702529261,46.00407222385315
46,66.99931046879554,46.00410389758537
46,66.99830365554531,46.00037959558144
46,67.00130358463791,46.00092907329283
46,67.00248029084895,46.00269410221451
46,66.99589529118185,46.001562771306965
46,66.99624616331444,46.00296821209715
46,67.0001696106039,45.999919003537904
46,67.00148810511105,46.002042384846284
46,66.99823437716603,46.00006479512748
46,66.99828728964437,46.00349146322773
46,66.99589529118185,46.001562771306965
46,66.99902680890062,46.00456961360551
46,66.99586969327602,46.00325411345941
46,66.99685908938676,46.001411908591216
46,66.99734702529261,46.00407222385315
46,66.99924761105758,46.00098108849545
46,67.00054723278744,46.00159474228421
47,66.98445620727507,45.99105159556126
47,66.98630305066156,45.988499897761734
47,66.98191174893743,45.990070948793104
47,66.98816199871415,45.99068576847404
47,66.98356346937285,45.9899259679167
47,66.98445620727507,45.99105159556126
47,66.98531209563944,45.99140239986135
47,66.98325437898565,45.98809108062216
47,66.98254118293038,45.988570170603516
47,66.98408265001505,45.99421352043668
47,66.98731334891538,45.99338789742581
47,66.987445747918,45.99138328388298
47,66.98627616001119,45.990018252816306
47,66.98251372417113,45.99383795931945
47,66.98320356947201,45.988291979760206
47,66.98221914769428,45.99373667853147
47,66.983284018794,45.99064976739763
47,66.98459662250008,45.99460526881232
47,66.98479564319733,45.98779308774139
47,66.98708439932632,45.989253918669824
47,66.98425370404212,45.99098879015803
47,66.98806791023368,45.99119363594088
47,66.9864034323722,45.991215478188856
47,66.98373175428517,45.99440368847558
47,66.9827936281722,45.99182072264017
47,66.985278527196,45.99211502212444
47,66.98401314025169,45.990972912329354
47,66.98806791023368,45.99119363594088
47,66.98241805506927,45.991958389076544
47,66.98512371165243,45.99415606756702
47,66.98512371165243,45.99415606756702
47,66.98433362029805,45.99460445857323
47,66.98646029868412,45.99211736308462
47,66.98499704578741,45.990119288557175
47,66.98369849964853,45.99274157255444
47,66.98720126793592,45.98896276355037
47,66.98320337695985,45.992948499108
47,66.98781444750446,45.99132339760172
47,66.98467092944196,45.99061206200766
47,66.98454130200915,45.987865171761264
47,66.98756289335974,45.990908714734594
47,66.98745777874333,45.99299274280974
47,66.98291522957612,45.99282026131033
47,66.98579521545815,45.990812119559166
47,66.98641232866107,45.98964295661378
47,66.98740949828017,45.991285505596096
47,66.98460916809825,45.98795780380549
47,66.98787705909065,45.991810781922716
47,66.98325021040105,45.99345358698213
47,66.98410596955377,45.98819378171681
47,66.9825288147227,45.99097788956214
47,66.9870171030204,45.993170385076255
47,66.985278527196,45.99211502212444
47,66.98740949828017,45.991285505596096
47,66.98805891755958,45.991249667289445
47,66.9862579028387,45.98910099200659
47,66.98320356947201,45.988291979760206
47,66.98763249882848,45.989460076003624
47,66.98760581411865,45.9930127343793
47,66.98575176414234,45.98976490689429
47,66.98695462357912,45.99349571629618
47,66.98687175076982,45.989274968940954
47,66.98467092944196,45.99061206200766
47,66.98325021040105,45.99345358698213
47,66.98645418208906,45.99010202454387
47,66.98228729529508,45.99222443856319
47,66.98191174893743,45.990070948793104
47,66.98243499924999,45.99345651713174
47,66.98472442511431,45.9887152562351
47,66.9846061164334,45.990011602263245
47,66.98454130200915,45.987865171761264
47,66.98388176805787,45.99160103668792
47,66.98350051732803,45.99419752235986
47,66.98579521545815,45.990812119559166
47,66.98189682356488,45.989318667674034
47,66.98799191397958,45.99179761581913
47,66.98314864714219,45.99366758844153
47,66.98731334891538,45.99338789742581
47,66.9835792892917,45.99356312527636
47,66.98627289912366,45.98941516967477
47,66.98445620727507,45.99105159556126
47,66.98795520631253,45.99002396640405
47,66.98708439932632,45.989253918669824
47,66.98323867283014,45.9891173625854
47,66.98390647186363,45.9930294009308
47,66.98814824471219,45.98980913729433
47,66.98374194369318,45.9884865614137
47,66.98745777874333,45.99299274280974
47,66.98795520631253,45.99002396640405
47,66.9834651871519,45.98923530999321
47,66.98795520631253,45.99002396640405
47,66.98499704578741,45.990119288557175
47,66.9860284850984,45.9886360104937
47,66.98410913728027,45.98879498988635
47,66.98748701916767,45.989635143605604
47,66.98122462648087,45.990830032896724
47,66.98159157944438,45.99106403706454
47,66.98435246605013,45.98892046018441
47,66.98146402816809,45.99249460369117
47,66.98626622437135,45.99215004657816
47,66.98513324141936,45.991464792900025
47,66.98799191397958,45.99179761581913
47,66.98646420700805,45.99024034854969
47,66.98784275791789,45.9896463070491
47,66.985278527196,45.99211502212444
47,66.98499704578741,45.990119288557175
47,66.9827936281722,45.99182072264017
47,66.98335898559208,45.9891924693629
47,66.98440618835899,45.99296805338068
47,66.98386943265578,45.98915432254543
47,66.98748007904915,45.99273166984869
47,66.98314864714219,45.99366758844153
47,66.9837780054378,45.991707750242824
47,66.98562068342564,45.99156057417787
47,66.983284018794,45.99064976739763
47,66.98638851006142,45.98867165521796
47,66.98646420700805,45.99024034854969
47,66.98529880670793,45.993430915708544
47,66.98498046862116,45.99180353961265
47,66.9819638988633,45.99279123941648
47,66.9833361250849,45.99206631352699
47,66.98720126793592,45.98896276355037
47,66.98550491143658,45.98845013035519
47,66.98799191397958,45.99179761581913
47,66.98129423240077,45.9911855434867
47,66.98562068342564,45.99156057417787
47,66.98387028691518,45.99025226872397
47,66.98612482506866,45.98943241591352
47,66.98479564319733,45.98779308774139
47,66.98433362029805,45.99460445857323
47,66.98268690519187,45.9902932081683
47,66.98606115631577,45.988306227458466
47,66.9848380062662,45.99088559139783
47,66.98401314025169,45.990972912329354
47,66.98450414259297,45.98997910710979
47,66.98326576894014,45.989615318247104
47,66.98582859503983,45.990927788609056
47,66.98692255785821,45.99286790655051
47,66.98805312536066,45.99028717839912
48,67.01066299711776,45.99502804132293
48,67.0056157280006,45.985164908737325
48,66.99370038450517,45.97918860610719
48,67.01676519605444,45.99820363629571
48,67.00454130915479,45.97795834979585
48,66.99309111149407,46.000584691641954
48,67.00841795670824,45.99644155747322
48,66.98086473198023,45.995023598095074
48,67.00462428985715,46.006327294830854
48,66.9948071229633,46.001412645287516
48,67.00649951912258,46.020969225318275
48,66.9906220745542,46.004365897611585
48,66.99642061405274,46.00018705332483
48,67.00124490259145,45.9758784387304
48,67.01980063000146,45.99699246183844
48,66.97762775560155,45.99332552984827
48,66.99648357188002,46.00861223732492
48,67.00693516720276,46.01109097577976
48,67.00579865136302,45.97598248399648
48,66.99808841797335,46.0089766489487
48,66.98175215914812,46.00144667882928
48,67.01295352598676,45.99635473348202
48,66.985817446664,45.99735350248513
48,67.01145473446317,45.98512528196178
48,67.02290761260988,46.00846566688629
48,67.01817644748455,45.98482051572446
48,66.99173270835048,46.02113581472695
48,66.99538080023454,45.995968825537204
48,66.99658177359699,46.02113992300425
48,67.02365900607018,45.999226498512996
48,67.01653591389751,45.99030697691598
48,67.01898666647584,45.99722649603516
48,67.01423433918957,46.00541544957016
48,66.97976239798588,45.99372743868259
48,66.99469651208064,46.00813357156664
48,66.99999386312254,45.98641877078037
48,66.99527042931338,46.00685124879951
48,67.00841795670824,45.99644155747322
48,66.99548192522653,46.02372220877147
48,66.9930043548485,46.01694579102477
48,66.99999386312254,45.98641877078037
48,67.00741292546992,46.021086179983904
48,66.98975570774684,45.99479092417546
48,67.00303954100362,46.00283409246086
48,66.98350608613218,45.98444761055869
48,67.0075801351267,46.007279299217224
48,67.01544527023508,46.01957659850477
48,66.98269147167984,45.98740059553158
48,66.97762775560155,45.99332552984827
48,66.9826317296327,46.00134651737878
48,67.01963048413802,45.99653532473072
48,66.99103126306237,45.999226413781955
48,66.98914625543328,46.01146878610694
48,67.01214297158648,46.009827403259756
48,66.99588079187485,46.02387685901683
48,66.97953648449602,45.99791767967242
48,66.99273192704835,46.00853830064364
48,66.99039953131776,46.004243498258084
48,66.99859402849916,45.9928079499984
48,67.00841795670824,45.99644155747322
48,67.02093632118368,46.00239583426936
48,67.00600203137877,45.99915084660437
48,67.00454130915479,45.97795834979585
48,67.01817644748455,45.98482051572446
48,67.00462428985715,46.006327294830854
48,67.01423433918957,46.00541544957016
48,66.99661717205153,45.99066574249384
48,67.02140531711791,46.00666145936635
48,67.00630626227544,45.98128894674064
48,67.00303954100362,46.00283409246086
48,66.99512230802249,45.99897659522728
48,66.99020036465932,46.02279330558217
48,67.00462428985715,46.006327294830854
48,67.02093632118368,46.00239583426936
48,66.998640400979,46.01507891456115
48,66.99548494081276,46.011193254353486
48,66.98175215914812,46.00144667882928
48,66.98059556694612,45.98576567561212
48,67.01200734162137,46.008231560621425
48,67.00473141401275,45.994991320189555
48,67.01690334591456,45.99550564482926
48,67.00841795670824,45.99644155747322
48,67.01145473446317,45.98512528196178
48,66.99943032942542,45.9853791810711
48,66.99329282610046,45.98486741970843
48,67.01980063000146,45.99699246183844
48,67.01214514649372,45.985076629055605
48,67.00452929507625,46.00879131277918
48,67.02244760627876,46.00876642407926
49,66.99469651208064,46.00813357156664
49,66.97853502652471,45.987792795915226
49,66.99368849197063,45.97840874107392
49,67.00509356709915,46.02424266808637
49,66.99462776536608,46.01245399480474
49,66.99309111149407,46.000584691641954
49,67.00303954100362,46.00283409246086
49,67.00841795670824,45.99644155747322
49,67.0075801351267,46.007279299217224
49,67.0198789179083,45.991656706894354
49,66.99999386312254,45.98641877078037
49,67.02202789655296,45.99532657295552
49,66.98975570774684,45.99479092417546
49,67.00124490259145,45.9758784387304
49,66.9819638988633,45.99279123941648
49,66.97783568354997,45.99355641502769
49,66.998640400979,46.01507891456115
49,67.0056157280006,45.985164908737325
49,67.0075801351267,46.007279299217224
49,66.9939118098421,45.98279437081064
49,67.00473141401275,45.994991320189555
49,67.00454130915479,45.97795834979585
49,67.0094844487764,45.99583349591933
49,67.01467535873974,45.9819981959994
49,67.0140485649449,46.01313842027066
49,66.98448754294428,46.001707422536924
49,67.00143528886262,46.023443180070785
49,66.9895949058781,45.9951481211215
49,66.99941070560027,45.988877703036486
49,67.00509356709915,46.02424266808637
49,67.01066299711776,45.99502804132293
49,66.9826317296327,46.00134651737878
49,67.02290761260988,46.00846566688629
49,66.99387502834797,46.01551557367862
49,66.9883985855448,46.01002542963
49,67.02093632118368,46.00239583426936
49,66.98370464697177,46.01290465034209
49,67.02213776806047,46.00917455687285
49,66.99943032942542,45.9853791810711
49,67.0238011580696,46.0016803285296
49,66.98948617700634,45.97978940880442
49,66.9930043548485,46.01694579102477
49,66.9895949058781,45.9951481211215
49,66.9809671502097,46.010170612675395
49,66.9883985855448,46.01002542963
49,66.99557064574103,46.01584051064926
49,66.99859402849916,45.9928079499984
49,66.99176779821323,46.01320136586212
49,66.99661717205153,45.99066574249384
49,66.98426823526778,46.00114073866475
49,67.00579865136302,45.97598248399648
49,67.02205985085058,45.99909235988757
49,66.9930043548485,46.01694579102477
49,67.02205985085058,45.99909235988757
49,66.99020036465932,46.02279330558217
49,67.00473141401275,45.994991320189555
49,66.99512230802249,45.99897659522728
49,66.99210921805803,46.0064034157375
49,67.0140485649449,46.01313842027066
49,67.0056157280006,45.985164908737325
49,66.99257131699459,46.0006786488175
49,66.98496209755164,45.982468058660366
49,66.99859898460777,46.02151789404859
49,66.99548494081276,46.011193254353486
49,67.01268539533987,46.01675634323903
49,66.9885324020313,46.01093008640787
49,66.99222949908201,45.981771832414175
49,67.01963048413802,45.99653532473072
49,67.00852087536246,45.99930531676661
49,67.00258672756478,46.01643609762103
49,66.98345095825654,46.00278453177519
49,67.02093632118368,46.00239583426936
49,66.994634472973,45.99118654071916
49,66.98911560010507,45.994024090118636
49,66.98345095825654,46.00278453177519
49,67.01214297158648,46.009827403259756
49,66.99633726531093,45.984883306016876
49,67.00198556586122,46.021343175292586
49,67.00841795670824,45.99644155747322
49,66.98370464697177,46.01290465034209
49,66.98914625543328,46.01146878610694
49,66.97783568354997,45.99355641502769
49,67.00083845748327,45.97608430590563
49,66.99214902394404,46.02333982655878
49,66.9819638988633,45.99279123941648
49,66.99753483227298,45.9929736074109
49,67.02213776806047,46.00917455687285
50,67.00918686430302,46.00593573768531
50,67.01342029490812,46.00179850649392
50,67.01258886006387,46.003347919119115
50,67.01466320239489,46.00228755433849
50,67.0113362421758,46.00202054076365
50,67.01310760542867,46.00633365005746
50,67.0139159485633,46.004943560149805
50,67.0123423133533,46.007353321533806
50,67.01078315805239,46.00135984503032
50,67.01080087951343,46.00305713763029
50,67.01080087951343,46.00305713763029
50,67.01106458178229,46.00341945439936
50,67.01407447646875,46.00042637408224
50,67.01200326605077,46.00009299579794
50,67.01047079359671,46.00772571502512
50,67.00989346207761,46.00717777080769
50,67.01336970182606,46.00374789118731
50,67.01514898350649,46.00278300487886
50,67.00921696908615,46.003055170610274
50,67.0142086836375,46.001341615017274
50,67.00990244095338,46.00321541204521
50,67.00983256916626,46.00489875568661
50,67.0145930505374,46.00108259542442
50,67.01466697525132,46.00268548847328
50,67.00951847003876,46.00691989215703
50,67.00964541178797,46.00357609621718
50,67.01309068788,45.99967197928385
50,67.01025990383505,46.002864159563885
50,67.01079212246924,46.00504464659305
50,67.01079212246924,46.00504464659305
50,67.01440794147612,46.002948721428304
50,67.01279206252458,46.00309252784258
50,67.01119431517586,46.00625934797647
50,67.01220258381855,46.006885559280924
50,67.01209816002545,46.00065457841787
50,67.01254056084365,46.00143291151051
50,67.01050882731337,46.00801945287862
50,67.01440794147612,46.002948721428304
50,67.01304099741955,46.00515365826199
50,67.01161324407029,46.00112973143657
50,67.01204783067176,46.00523782747203
50,67.00956492877859,46.003969214456916
50,67.01151674367883,46.0011859886576
50,67.01284436043994,46.00113410921912
50,67.01044057324822,46.00632462258459
50,67.01131782577926,46.00413653282421
50,67.01065220539789,46.00351162687807
50,67.0123423133533,46.007353321533806
50,67.00929669824026,46.00737217863202
50,67.01428572992579,46.00045762913396
50,67.01295804731434,46.000810962629686
50,67.0116878815414,46.0065627968915
50,67.01114322523823,46.006900043427336
50,67.01063196226333,46.004595430183876
50,67.00906101337605,46.00593512415444
50,67.01071269318464,46.005756998099756
50,67.0128377463892,46.00237229748751
50,67.01119431517586,46.00625934797647
50,67.00860301727798,46.0070862612918
50,67.01449604204785,46.00076268385829
50,67.00860301727798,46.0070862612918
50,67.01089853327284,46.000540597418784
50,67.01414124013299,46.0009765392152
50,67.01098355349193,46.00818572723229
50,67.00828441206643,46.00492582609282
50,67.01015928740226,46.003914611590076
50,67.0115915925743,46.00659977318505
50,67.0116878815414,46.0065627968915
50,67.01120428653932,46.005933864160355
50,67.00906101337605,46.00593512415444
50,67.0116060312632,46.00585113940543
50,67.01120428653932,46.005933864160355
50,67.01336970182606,46.00374789118731
50,67.01006273530771,46.00667719957797
50,67.01106458178229,46.00341945439936
50,67.01063196226333,46.004595430183876
50,67.00878399747361,46.0032120717326
50,67.01294937062502,46.00173602888553
50,67.01405048898202,46.00004985722555
50,67.01333950540192,46.004954887005574
50,67.01112417593946,46.00426395215466
50,67.01358683652742,46.00279353746208
50,67.0122804902477,46.002947654297145
50,67.00925812681348,46.00690342483148
50,67.01160584638008,46.005464016271034
50,67.01006273530771,46.00667719957797
50,67.01128380498629,46.007026515663796
50,67.01181673104271,46.00415382351548
50,67.01265582538869,46.006251564397886
50,67.01023354270097,46.006589083109425
50,67.01294937062502,46.00173602888553
51,67.0065299266232,46.00161229576967
51,67.00664921953192,46.0033458665132
51,67.00887570485625,46.002470149542646
51,67.00877857427317,46.00214891155216
51,67.00497080295689,46.00235505259203
51,67.0065299266232,46.00161229576967
51,67.00948334822039,46.00062486596529
51,67.00674550859466,46.00607857481319
51,67.00402298062936,46.0049714927501
51,67.01019546628291,46.00353409905141
51,67.00786185376853,46.00428339150723
51,67.00849704810062,46.001985587666454
51,67.01025990383505,46.002864159563885
51,67.00617012741158,46.00262231008656
51,67.00488818910435,46.00325362314344
51,67.00767610249352,46.00465119135083
51,67.00664921953192,46.0033458665132
51,67.010805692213,46.0023329947482
51,67.0103593212822,46.00535097923964
51,67.00708032424839,46.004902684981204
51,67.00667928379384,46.001121631744354
51,67.00964541178797,46.00357609621718
51,67.0081360388811,46.00027626422594
51,67.0101382185894,46.00055108218686
51,67.01071965385147,46.00237704701542
51,67.00921696908615,46.003055170610274
51,67.00890206844771,46.00034819080883
51,67.0058560247291,46.00473693579147
51,67.00598688775125,46.00661978991725
51,67.01131782577926,46.00413653282421
51,67.00877857427317,46.00214891155216
51,67.01079212246924,46.00504464659305
51,67.00805777259217,46.00427927546408
51,67.00412324834754,46.004262955464455
51,67.00828441206643,46.00492582609282
51,67.00921237827448,46.000382148431804
51,67.00849704810062,46.001985587666454
51,67.00964541178797,46.00357609621718
51,67.0049375260946,46.00230294554853
51,67.00451046289159,46.00548749725233
51,67.00617012741158,46.00262231008656
51,67.008950415762,46.00555668949018
51,67.00656281706817,46.0014746754
51,67.01019546628291,46.00353409905141
51,67.00716004318004,46.00410232413325
51,67.00501159194553,46.00152666748044
51,67.00724662235919,46.00181125603449
51,67.0099241745938,46.000643362104405
51,67.00523873956598,46.00634734696662
51,67.00581513583391,46.00427811572008
51,67.00525156022586,46.00586291780705
51,67.0099241745938,46.000643362104405
51,67.00918686430302,46.00593573768531
51,67.0051846737634,46.00208740635761
51,67.00945980209387,46.00445504924247
52,67.00691879320992,46.00150524385266
52,67.00541083975278,46.00420438491208
52,67.00430231674552,46.003259287832336
52,67.00663271872455,46.002073730375
52,67.00234498716709,46.005800850589594
52,67.00587211952248,46.00358417276132
52,67.00986838535653,45.99862006744453
52,67.00362357950166,46.00647519563121
52,67.00741320241133,45.99985139804285
52,67.00358546175633,46.003689085207455
52,67.00875675427828,45.99861072554437
52,66.99976063463552,46.009887236455164
52,67.00119445855525,46.00739601653953
52,67.00377494664426,46.00396922636249
52,67.0053875273307,46.00424943800243
52,67.00031771542552,46.007554496253555
52,67.00651115685231,46.000137564135514
52,67.009116992767,45.998405251326425
52,67.00215431326092,46.005698274292826
52,67.00152091972681,46.00959452548188
52,67.0040609349759,46.00512041879798
52,67.00250636541887,46.00496200375252
52,67.00871158993813,46.00113506420779
52,67.00064981378762,46.00833364461337
52,67.00200944127671,46.006875354171214
52,67.0081360388811,46.00027626422594
52,67.0026853190948,46.00800545235679
52,67.00383673330573,46.0065134886066
52,67.00875675427828,45.99861072554437
52,67.00380571898305,46.00526612198375
52,67.00373345562737,46.00448565910799
52,67.00935360625799,45.99831682328635
52,67.00617012741158,46.00262231008656
52,67.00554289104677,46.00173422686382
52,67.00728249057002,46.000086332195494
52,67.00152091972681,46.00959452548188
52,67.00215431326092,46.005698274292826
52,67.0080056843953,46.00135286528331
52,67.00057768987105,46.008741630291546
52,67.00587211952248,46.00358417276132
52,67.00723584608114,46.003145268044676
52,66.99913457346322,46.009469333151486
52,67.00691879320992,46.00150524385266
52,67.00698418478477,46.00044158546067
52,67.00366247014951,46.00720803996535
52,67.00066363006746,46.008240183443746
52,67.00057768987105,46.008741630291546
52,67.00489198255865,46.00472030021185
52,67.00098972745799,46.008349120649704
52,67.00651529843178,46.00205226659925
52,67.00538123679974,46.00151202687135
52,67.00462949502291,46.0029176397231
52,67.00947346995918,45.99832699384855
52,67.0080056843953,46.00135286528331
52,67.00591524651604,46.00229961500361
52,67.00382669334627,46.00317883813447
52,67.00656281706817,46.0014746754
52,67.00875762917296,45.999689176797425
52,67.00195140502217,46.0091583237362
52,67.00373345562737,46.00448565910799
52,66.99974152751129,46.009500221236934
52,67.00365951876445,46.00734355944022
52,67.0005257343987,46.00938438645982
52,67.00710779945022,46.00183616623113
52,67.00120515895553,46.00622094826241
52,67.0026853190948,46.00800545235679
52,67.00835661359055,46.00162059342452
52,67.00813005907442,45.99845006614176
52,67.00617012741158,46.00262231008656
52,67.00383673330573,46.0065134886066
52,67.0051846737634,46.00208740635761
52,67.00813005907442,45.99845006614176
52,67.0034065983249,46.00723303421166
52,67.00692728913057,45.99960131305609
52,67.00286871723472,46.00650681085495
52,67.00462949502291,46.0029176397231
52,67.00282898146646,46.004858479727424
52,67.00215431326092,46.005698274292826
52,67.00724662235919,46.00181125603449
52,67.00938273541517,45.998033461380714
52,67.00724052481411,46.00172993290139
52,67.0053861868178,46.002242601316475
52,67.00890206844771,46.00034819080883
52,67.00383673330573,46.0065134886066
52,67.009116992767,45.998405251326425
52,67.00200944127671,46.006875354171214
52,67.00098972745799,46.008349120649704
52,67.00054586928405,46.00995059573373
52,67.00698418478477,46.00044158546067
52,67.00918400889556,45.99894690213586
52,67.00100903870307,46.00889778553428
52,67.0011099057123,46.009581175037546
52,67.00601651881215,46.00237296880147
52,67.0026853190948,46.00800545235679
52,67.0086279147672,45.99959999669467
52,67.00138632215588,46.00849310359136
52,67.00066363006746,46.008240183443746
52,67.00119445855525,46.00739601653953
53,67.00959860973063,46.00479940901163
53,67.01405048898202,46.00004985722555
53,67.01387658733374,46.00391762310099
53,67.01019322315351,46.00763149346842
53,67.00951847003876,46.00691989215703
53,67.00925812681348,46.00690342483148
53,67.0122804902477,46.002947654297145
53,67.01047079359671,46.00772571502512
53,67.01431331007646,46.00289695973478
53,67.01119431517586,46.00625934797647
53,67.00885903512291,46.005449575665686
53,67.0091381665577,46.00727999518629
53,67.00949829805653,46.00397340132148
53,67.01258886006387,46.003347919119115
53,67.01485620457865,46.00134380445947
53,67.01279206252458,46.00309252784258
53,67.01358683652742,46.00279353746208
53,67.01176627435008,46.005695256260275
53,67.01333950540192,46.004954887005574
53,67.01151674367883,46.0011859886576
53,67.01337155032547,46.00331211526358
53,67.01357579324547,46.00251463532698
53,67.01025990383505,46.002864159563885
53,67.00982894584975,46.00387235336808
53,67.00931715517694,46.0041235684414
53,67.01241030601231,46.005153215645485
53,67.00982894584975,46.00387235336808
53,67.00912730543229,46.00373314921131
53,67.01000640431103,46.002305841185425
53,67.01056323069298,46.00693747519798
53,67.01298726081153,46.00063166232146
53,67.01514898350649,46.00278300487886
53,67.01397682163935,46.0012419300731
53,67.01297344139766,46.003837117372676
53,67.01358101815593,46.00618597207723
53,67.00988023678913,46.00764458729389
53,67.0116878815414,46.0065627968915
53,67.01157335340946,46.00051289823702
53,67.01032487694921,46.00462028257914
53,67.01407447646875,46.00042637408224
53,67.00982894584975,46.00387235336808
53,67.0099141044956,46.00319168567961
53,67.00931715517694,46.0041235684414
53,67.01309068788,45.99967197928385
53,67.00956492877859,46.003969214456916
53,67.01279206252458,46.00309252784258
53,67.0099141044956,46.00319168567961
53,67.01184502146651,46.00254561901267
53,67.00989346207761,46.00717777080769
53,67.00860301727798,46.0070862612918
53,67.00982894584975,46.00387235336808
53,67.0122804902477,46.002947654297145
53,67.00959860973063,46.00479940901163
53,67.01202624408765,46.00747820656983
53,67.01079212246924,46.00504464659305
53,67.01397682163935,46.0012419300731
53,67.01000640431103,46.002305841185425
53,67.01065220539789,46.00351162687807
53,67.01063196226333,46.004595430183876
53,67.01161779473374,46.00014915593977
53,67.00904559038908,46.0075611887576
53,67.01056323069298,46.00693747519798
53,67.01106458178229,46.00341945439936
53,67.0113915238671,46.00136329019651
53,67.01358683652742,46.00279353746208
53,67.01000640431103,46.002305841185425
53,67.0120967670136,46.00395961632123
53,67.01253328764624,45.999896183638725
53,67.01295713470905,46.003996498214946
53,67.01297344139766,46.003837117372676
53,67.00984645754878,46.006081650952886
53,67.01285451530435,46.00372766851818
53,67.01161324407029,46.00112973143657
53,67.01073448191472,46.00535239005259
54,66.98655539252859,45.99341859081009
54,66.98460504020383,45.991111827468075
54,66.98424083406725,45.99021533804406
54,66.98531209563944,45.99140239986135
54,66.98223767054893,45.99344395125629
54,66.98271664283624,45.992545022675536
54,66.98479564319733,45.98779308774139
54,66.9862579028387,45.98910099200659
54,66.98713600244655,45.99194013062034
54,66.98220229276743,45.992247157565615
54,66.98468037638533,45.989956974961295
54,66.98221914769428,45.99373667853147
54,66.98513324141936,45.991464792900025
54,66.98122462648087,45.990830032896724
54,66.98383899263085,45.99420343788372
54,66.98267661368327,45.98858340682861
54,66.98564990599344,45.989697012148476
54,66.98424083406725,45.99021533804406
54,66.983284018794,45.99064976739763
54,66.98512371165243,45.99415606756702
54,66.98805312536066,45.99028717839912
54,66.98645418208906,45.99010202454387
54,66.98461397263031,45.99216850072745
54,66.98582859503983,45.990927788609056
54,66.98612482506866,45.98943241591352
54,66.98241805506927,45.991958389076544
54,66.98315877556233,45.99376751456914
54,66.98488006534483,45.99125162335177
54,66.98499704578741,45.990119288557175
54,66.98221914769428,45.99373667853147
54,66.98410913728027,45.98879498988635
54,66.98358586362652,45.989480399460895
54,66.98575176414234,45.98976490689429
54,66.98387028691518,45.99025226872397
54,66.98369849964853,45.99274157255444
54,66.98748007904915,45.99273166984869
54,66.98350051732803,45.99419752235986
54,66.98146402816809,45.99249460369117
54,66.98326576894014,45.989615318247104
54,66.98220229276743,45.992247157565615
54,66.98265966508856,45.99342942044902
54,66.98784275791789,45.9896463070491
54,66.985741173343,45.988931695412795
54,66.98267661368327,45.98858340682861
54,66.98740949828017,45.991285505596096
54,66.98265966508856,45.99342942044902
54,66.98641232866107,45.98964295661378
54,66.98643232017184,45.99056551108808
54,66.98346561199308,45.992776177193925
54,66.98638851006142,45.98867165521796
54,66.98579521545815,45.990812119559166
54,66.98323867283014,45.9891173625854
54,66.98513997637059,45.99247181742947
54,66.9833361250849,45.99206631352699
54,66.987189137582,45.99147355836232
54,66.98408265001505,45.99421352043668
54,66.98625275099126,45.98921767865509
54,66.98435246605013,45.98892046018441
54,66.98373440396306,45.988368816666686
54,66.98641232866107,45.98964295661378
54,66.98787705909065,45.991810781922716
54,66.98133563225386,45.99023586372448
54,66.9848380062662,45.99088559139783
54,66.98241805506927,45.991958389076544
54,66.98373175428517,45.99440368847558
54,66.98781444750446,45.99132339760172
54,66.98655539252859,45.99341859081009
54,66.9834651871519,45.98923530999321
54,66.9862579028387,45.98910099200659
54,66.9813252108471,45.99140589945186
54,66.98582859503983,45.990927788609056
54,66.98564452260118,45.99140895151045
54,66.98243671035206,45.99301947694825
54,66.98468037638533,45.989956974961295
54,66.98630305066156,45.988499897761734
54,66.98756289335974,45.990908714734594
54,66.98296444507304,45.98817797075802
54,66.98695462357912,45.99349571629618
54,66.98146402816809,45.99249460369117
54,66.98564452260118,45.99140895151045
54,66.9835792892917,45.99356312527636
54,66.98356346937285,45.9899259679167
54,66.98326576894014,45.989615318247104
54,66.98223767054893,45.99344395125629
54,66.98835753334268,45.990914945756444
54,66.98748007904915,45.99273166984869
54,66.98740949828017,45.991285505596096
54,66.98323867283014,45.9891173625854
54,66.98529880670793,45.993430915708544
54,66.98251372417113,45.99383795931945
54,66.98129423240077,45.9911855434867
54,66.98482902321476,45.98794081038985
54,66.98642372905084,45.98946869181098
54,66.98460504020383,45.991111827468075
54,66.98296444507304,45.98817797075802
54,66.98479564319733,45.98779308774139
54,66.98759081793155,45.991216604683714
55,67.00693516720276,46.01109097577976
55,66.9883985855448,46.01002542963
55,66.99999386312254,45.98641877078037
55,67.00300784318102,45.98824775196526
55,66.99239170323085,46.0072473317343
55,67.01544527023508,46.01957659850477
55,66.9906476795222,46.006011766918775
55,66.9906220745542,46.004365897611585
55,67.00852087536246,45.99930531676661
55,66.99527042931338,46.00685124879951
55,66.99039953131776,46.004243498258084
55,67.00579865136302,45.97598248399648
55,66.99681420781434,46.00382952108197
55,66.99039953131776,46.004243498258084
55,66.99462776536608,46.01245399480474
55,66.99941070560027,45.988877703036486
55,66.98496209755164,45.982468058660366
55,67.00535305827391,45.99959446255964
55,66.98975570774684,45.99479092417546
55,67.01544356574838,45.99265475329809
55,67.02012450766993,46.004906006033
55,66.98570455637955,46.003573514865764
55,66.99461345971646,46.00163462790999
55,66.99387502834797,46.01551557367862
55,66.99257131699459,46.0006786488175
55,66.99859898460777,46.02151789404859
55,66.97783568354997,45.99355641502769
55,67.00216762138463,45.988987253274566
55,67.00268685571021,46.01828217649202
55,67.00535305827391,45.99959446255964
55,67.00452929507625,46.00879131277918
55,67.01653591389751,45.99030697691598
55,67.02131900542342,46.01097181441742
55,67.01066299711776,45.99502804132293
55,66.99548192522653,46.02372220877147
55,66.9826317296327,46.00134651737878
55,67.02131900542342,46.01097181441742
55,66.97762775560155,45.99332552984827
55,66.98678097564913,46.00159162977672
55,67.00124490259145,45.9758784387304
55,67.00268685571021,46.01828217649202
55,67.0096740964551,45.97729093552698
55,66.994634472973,45.99118654071916
55,67.00649951912258,46.020969225318275
55,67.02244760627876,46.00876642407926
55,67.00324273077679,45.97888455092311
55,67.0102792158913,45.99850255554551
55,66.98281018978696,46.00546158269215
55,66.97783568354997,45.99355641502769
55,66.99644036678326,46.02390476240714
55,66.98086473198023,45.995023598095074
55,67.00124490259145,45.9758784387304
55,66.98007108357002,46.00895145708295
55,66.97608646532234,45.99496876491119
55,67.0167280290845,46.0121988730168
55,67.0056157280006,45.985164908737325
55,66.99257131699459,46.0006786488175
55,66.98175215914812,46.00144667882928
55,66.98281018978696,46.00546158269215
55,67.01980063000146,45.99699246183844
55,67.01980063000146,45.99699246183844
55,66.985817446664,45.99735350248513
55,67.0198789179083,45.991656706894354
55,66.98865023188782,46.00094508913562
55,66.998640400979,46.01507891456115
55,66.998640400979,46.01507891456115
55,67.01295352598676,45.99635473348202
55,67.00509356709915,46.02424266808637
55,67.02012450766993,46.004906006033
55,66.98630305066156,45.988499897761734
55,66.99015192750569,45.98364707889678
55,66.99175653514848,46.0189813769502
55,66.98570455637955,46.003573514865764
55,67.0018991357393,45.98875722039902
55,67.02140531711791,46.00666145936635
55,67.00300784318102,45.98824775196526
55,67.0198789179083,45.991656706894354
55,66.99808841797335,46.0089766489487
55,66.985817446664,45.99735350248513
55,66.99257131699459,46.0006786488175
55,66.9948071229633,46.001412645287516
55,66.99239170323085,46.0072473317343
55,67.00988752874974,46.01692683385087
55,66.99588079187485,46.02387685901683
55,66.99644036678326,46.02390476240714
55,66.99273192704835,46.00853830064364
55,67.00268685571021,46.01828217649202
55,67.02205985085058,45.99909235988757
55,67.0056157280006,45.985164908737325
55,67.02131900542342,46.01097181441742
55,67.02206410429511,46.00838173946365
56,67.00823652358092,46.00384438404866
56,67.00985456180625,46.001850567886855
56,67.00877857427317,46.00214891155216
56,67.00982894584975,46.00387235336808
56,67.0099241745938,46.000643362104405
56,67.00823652358092,46.00384438404866
56,67.0113915238671,46.00136329019651
56,67.00885903512291,46.005449575665686
56,67.01278254578531,46.0038409092078
56,67.00921462194265,46.00135065735414
56,67.0101382185894,46.00055108218686
56,67.01044057324822,46.00632462258459
56,67.01097930738858,46.004003949687885
56,67.01176627435008,46.005695256260275
56,67.00895264081927,46.00653936329326
56,67.01357579324547,46.00251463532698
56,67.01120428653932,46.005933864160355
56,67.01000640431103,46.002305841185425
56,67.0101382185894,46.00055108218686
56,67.01209986442039,46.000519459747125
56,67.01271056107844,46.00406251130296
56,67.00755640964873,46.00316232405368
56,67.00895264081927,46.00653936329326
56,67.01279206252458,46.00309252784258
56,67.01015928740226,46.003914611590076
56,67.0099241745938,46.000643362104405
56,67.00988023678913,46.00764458729389
56,67.01303142398353,46.00437659706765
56,67.01204783067176,46.00523782747203
56,67.00896394928624,46.00194458025339
56,67.01211746584282,46.001227860549456
56,67.00988023678913,46.00764458729389
56,67.00992260035338,46.00439667728626
56,67.01226793992012,45.99962942503077
56,67.00878399747361,46.0032120717326
56,67.01019546628291,46.00353409905141
56,67.0101690043444,46.00561349274942
56,67.0113915238671,46.00136329019651
56,67.01181673104271,46.00415382351548
56,67.00722872667056,46.00321428664944
56,67.01112417593946,46.00426395215466
57,66.99709524509242,46.00028754719976
57,66.99993003813296,46.001551116512346
57,66.99603594301425,46.00259620113705
57,66.99739379851106,46.00390219425488
57,66.99858199468702,46.004604731819995
57,66.9975979577667,46.00488621141831
57,67.00275792504067,46.00376955494173
57,66.99709220418892,46.00099562121843
57,66.9956423044163,46.00330453351907
57,66.99603594301425,46.00259620113705
57,67.0002025645741,45.99991133460108
57,66.99540185671188,46.001699403358565
57,66.99943081239687,46.003699061599185
57,66.99483572151904,46.00168687111705
57,67.00032655576298,46.00385345073447
57,66.99603594301425,46.00259620113705
57,67.00216882628533,46.00173502100859
57,66.99608742204084,46.00128564835378
57,67.00208178614865,46.00185519320122
57,66.99823437716603,46.00006479512748
57,66.9971858747605,46.00352549911702
57,67.00162763345499,46.001688153179906
57,66.99990468389667,45.99988379832479
57,67.00032655576298,46.00385345073447
57,66.99872411210931,46.00531406241153
57,66.99948815133682,46.00255224074716
57,66.99488752173733,46.00135505875275
57,66.99566361713828,46.00067294811261
57,66.99566361713828,46.00067294811261
57,67.00146193780284,46.00427814615154
57,66.99844676210452,45.99963846229411
57,66.99603594301425,46.00259620113705
57,66.99844676210452,45.99963846229411
57,66.99733036242154,46.00375551762734
57,66.99624616331444,46.00296821209715
57,66.99782162635076,46.00169677442314
57,66.99838114797446,46.003780941077686
57,66.9976776404064,46.00211656845501
57,66.99626261360437,46.00403935435194
57,66.99642061405274,46.00018705332483
57,66.99929598566138,46.0001228217143
57,66.9963101316972,46.00363875285319
57,67.00262044962194,46.00316732539549
57,66.99734702529261,46.00407222385315
57,66.99732184176162,46.00215637441696
57,66.99890253462698,46.00185051740858
57,66.99692431659052,46.00384077696839
57,67.0001696106039,45.999919003537904
57,66.9983906675985,46.002659475616774
57,67.00122254555038,46.00452804091785
57,66.99543080531014,46.00280195949485
57,66.99811088117745,46.00269823796157
57,66.9948071229633,46.001412645287516
57,66.99902680890062,46.00456961360551
57,66.99739379851106,46.00390219425488
57,66.99694521006873,46.00366297360432
57,66.99566361713828,46.00067294811261
57,66.99845773959706,46.001799535092196
57,66.9979820168489,46.00344253424806
57,66.9987885093407,46.0037025959194
57,66.99863544228448,46.00505347249362
57,66.99709220418892,46.00099562121843
57,67.00011150020256,46.00275740658849
57,67.00130358463791,46.00092907329283
57,66.99504626843424,46.0029348543458
57,66.99890253462698,46.00185051740858
57,66.99714756038769,46.00460487155689
57,67.00059406520245,46.00251619594438
57,66.99483572151904,46.00168687111705
57,67.00214980108747,46.00091215099611
57,66.99709220418892,46.00099562121843
57,66.9961091086139,46.001099505767016
57,66.9961146439316,46.00071938813686
57,66.9994128792095,46.00323203868314
57,67.0002175227205,45.999968374058376
57,67.00262044962194,46.00316732539549
57,67.00248029084895,46.00269410221451
57,66.99543080531014,46.00280195949485
57,66.99510578557695,46.00118737168365
57,67.00000035731829,46.001922314226
57,66.9990371284307,46.00420543761233
57,66.99451983577558,46.00189018837874
57,67.00096211563347,46.00438208895486
57,66.99709524509242,46.00028754719976
57,66.99524377727292,46.00146788064607
57,66.99888607179156,46.00503232838037
57,66.99824162785158,46.00528386712801
57,67.00191949474187,46.00235448440212
57,66.99543080531014,46.00280195949485
57,66.99993003813296,46.001551116512346
57,66.99823437716603,46.00006479512748
57,67.00275688410667,46.001819900052595
57,66.99698556622408,45.999903497826985
57,66.99587335770865,46.00040514272874
57,66.99451983577558,46.00189018837874
57,66.99908903466738,46.00049923479025
57,66.99824401965614,46.00419305040998
57,66.99743439667577,46.001348099099225
57,66.99704197909183,46.00305365890107
57,66.99929598566138,46.0001228217143
57,66.99863544228448,46.00505347249362
57,66.99603594301425,46.00259620113705
57,66.99468654071332,46.00148458646232
57,67.0011336884366,46.001661335430605
57,67.00119188911931,46.00293739003993
57,67.00131366305442,46.00347684386512
57,66.99540185671188,46.001699403358565
57,66.99464689124198,46.00340803957611
57,66.99714024339931,46.00127052135792
57,67.00122254555038,46.00452804091785
57,66.99830815641484,46.00403653621456
57,66.99837924803826,46.00005078152103
57,66.99574848902682,46.00346923172491
57,66.99929598566138,46.0001228217143
58,66.99116177863633,45.99997552219789
58,66.98936539971017,45.99993348663474
58,66.99132646334046,45.99616021867444
58,66.99025991056062,46.001810909172
58,66.98983837205614,46.00105423917656
58,66.98984820147373,45.99747715890146
58,66.99194411541394,45.99670454136671
58,66.98781554887188,46.005954505545986
58,66.98841180077943,46.00433479284595
58,66.98958969173357,46.000287895767904
58,66.98781554887188,46.005954505545986
58,66.99034758016086,45.997970445727695
58,66.98930859070197,45.99901627531161
58,66.98987097568431,46.00520517370974
58,66.99120300771051,45.993855390175234
58,66.99090891160334,46.00159389747206
58,66.99231468373819,45.998424850557306
58,66.98848753497725,46.006225387828856
58,66.99231468373819,45.998424850557306
58,66.98987097568431,46.00520517370974
58,66.99061731663119,45.998770918155884
58,66.9886299396296,46.00523605388372
58,66.98948592628675,46.000445920129856
58,66.9881615440702,46.00403724461554
58,66.9890644368899,46.00110424529011
58,66.99212003366272,45.9991351085223
58,66.98948552303501,46.0000622929116
58,66.99282043955661,45.99534761913163
58,66.99293571288665,45.99334711455931
58,66.99282043955661,45.99534761913163
58,66.99087134833998,46.00045901659114
58,66.99136169688043,45.99727286265457
58,66.9881615440702,46.00403724461554
58,66.98899584282299,46.00447775789468
58,66.99115999186527,45.999000137835644
58,66.98909312806356,46.00254040554164
58,66.99126162881728,45.995592016170036
58,66.9906429640795,45.99913478701995
58,66.99222166972766,45.993088606289284
58,66.98930375392375,46.003536014645434
58,66.9928489482901,45.99275131652625
58,66.98948032258285,46.0028775932393
58,66.99181179953098,46.00019979346049
58,66.99031448767373,45.99691394811507
58,66.9906429640795,45.99913478701995
58,66.99039953131776,46.004243498258084
58,66.98948552303501,46.0000622929116
58,66.99005532660952,46.00417108722251
58,66.99034117991539,46.003881694050754
58,66.98936784861785,46.00018414716004
58,66.99123283562388,45.99405496669056
58,66.99270620729004,45.99705085811312
58,66.99222166972766,45.993088606289284
58,66.99237817958084,45.994864483630245
58,66.9886299396296,46.00523605388372
58,66.99111545204212,45.9994855699678
58,66.98996583560191,46.005722838795975
58,66.9919923053499,45.99560717430206
58,66.98852490592076,46.002980095419815
58,66.99084234538486,45.99809128071755
58,66.99034117991539,46.003881694050754
58,66.99184207211866,45.998532612308026
58,66.98958969173357,46.000287895767904
58,66.99026404137763,46.00395266719367
58,66.98977631780562,45.99775939302182
58,66.99195942247177,45.99927264398072
58,66.98975690770564,46.00198053159647
58,66.99053085713335,45.99625551898054
58,66.98967872181409,46.005009179910964
58,66.98967872181409,46.005009179910964
58,66.99029182337568,45.99821749838651
58,66.99283290554058,45.99467557149139
58,66.99168047079448,45.99527455421924
58,66.9919389396973,45.99595798649418
58,66.98797794193571,46.00498775990815
58,66.9889367710179,46.003874000526615
58,66.98958969173357,46.000287895767904
58,66.98853173026701,46.00227795620215
58,66.99194411541394,45.99670454136671
58,66.99194411541394,45.99670454136671
59,67.00535305827391,45.99959446255964
59,66.98630305066156,45.988499897761734
59,67.00509356709915,46.02424266808637
59,67.00693516720276,46.01109097577976
59,67.01963048413802,45.99653532473072
59,67.01527681223104,45.99463046692058
59,67.00462428985715,46.006327294830854
59,67.00143528886262,46.023443180070785
59,66.98953153084507,46.00861601791886
59,67.00649951912258,46.020969225318275
59,67.00535305827391,45.99959446255964
59,66.99999386312254,45.98641877078037
59,67.00300784318102,45.98824775196526
59,66.98562068342564,45.99156057417787
59,66.98953153084507,46.00861601791886
59,66.98281018978696,46.00546158269215
59,67.02365900607018,45.999226498512996
59,66.99465377247046,46.004376210768974
59,66.99753483227298,45.9929736074109
59,67.01046559299638,46.00740344337835
59,66.99222949908201,45.981771832414175
59,66.98630305066156,45.988499897761734
59,67.02202789655296,45.99532657295552
59,66.98630305066156,45.988499897761734
59,66.99512230802249,45.99897659522728
59,66.99538080023454,45.995968825537204
59,66.98708348920319,46.000232942530104
59,66.98865023188782,46.00094508913562
59,67.0167280290845,46.0121988730168
59,67.00356245299231,46.015140699170495
59,66.98570455637955,46.003573514865764
59,66.97783568354997,45.99355641502769
59,66.99808841797335,46.0089766489487
59,66.99039953131776,46.004243498258084
59,66.99644036678326,46.02390476240714
59,67.01963048413802,45.99653532473072
59,66.98708348920319,46.000232942530104
59,66.9930043548485,46.01694579102477
59,67.0198789179083,45.991656706894354
59,66.99642061405274,46.00018705332483
59,67.01653591389751,45.99030697691598
59,67.01586958598452,46.00930813389806
59,67.01046559299638,46.00740344337835
59,67.01214514649372,45.985076629055605
59,67.00216762138463,45.988987253274566
59,67.02290761260988,46.00846566688629
59,66.99462776536608,46.01245399480474
59,66.99859402849916,45.9928079499984
59,66.99642061405274,46.00018705332483
59,67.00693516720276,46.01109097577976
59,67.00143528886262,46.023443180070785
59,66.99329282610046,45.98486741970843
59,66.98570455637955,46.003573514865764
59,67.00841795670824,45.99644155747322
59,67.01544356574838,45.99265475329809
59,66.9819638988633,45.99279123941648
59,66.99469651208064,46.00813357156664
59,66.99222949908201,45.981771832414175
59,67.00143528886262,46.023443180070785
59,67.01532818954409,45.991739792162434
59,66.99175653514848,46.0189813769502
59,67.0167280290845,46.0121988730168
59,67.02213776806047,46.00917455687285
59,67.00535305827391,45.99959446255964
59,67.0238011580696,46.0016803285296
59,66.99176779821323,46.01320136586212
59,66.99273192704835,46.00853830064364
59,67.0056157280006,45.985164908737325
59,67.00300784318102,45.98824775196526
59,66.9930043548485,46.01694579102477
59,66.97608646532234,45.99496876491119
59,67.01200734162137,46.008231560621425
59,67.01295352598676,45.99635473348202
59,66.98059556694612,45.98576567561212
59,67.02290761260988,46.00846566688629
59,66.9957234807536,46.02102862310491
59,66.99633726531093,45.984883306016876
59,67.01066299711776,45.99502804132293
59,67.00362357950166,46.00647519563121
59,67.01295352598676,45.99635473348202
59,67.01653591389751,45.99030697691598
59,66.98478037184208,46.01474155968482
59,67.00124490259145,45.9758784387304
60,66.98269147167984,45.98740059553158
60,66.98370464697177,46.01290465034209
60,66.98426823526778,46.00114073866475
60,66.99465377247046,46.004376210768974
60,66.99214902394404,46.02333982655878
60,66.99681420781434,46.00382952108197
60,66.98459289083692,46.01832377619733
60,66.99061731663119,45.998770918155884
60,67.0167280290845,46.0121988730168
60,67.01509288289807,46.003351212725754
60,66.98086473198023,45.995023598095074
60,66.99173270835048,46.02113581472695
60,66.99210921805803,46.0064034157375
60,67.01708818463693,46.012235683515
60,66.98975570774684,45.99479092417546
60,66.9957234807536,46.02102862310491
60,66.98251603523745,45.99717400553034
60,66.99859898460777,46.02151789404859
60,67.0106475341875,46.00413286611977
60,67.00143528886262,46.023443180070785
60,67.01200734162137,46.008231560621425
60,67.01423433918957,46.00541544957016
60,67.02012450766993,46.004906006033
60,66.99753483227298,45.9929736074109
60,66.9895949058781,45.9951481211215
60,66.9859410772061,46.00365960684755
60,66.9809671502097,46.010170612675395
60,66.99658177359699,46.02113992300425
60,66.98448754294428,46.001707422536924
60,67.01676519605444,45.99820363629571
60,66.99372331910774,46.00646893211439
60,67.01527681223104,45.99463046692058
60,66.99387502834797,46.01551557367862
60,67.01898666647584,45.99722649603516
60,67.00793307480669,46.01191864023718
60,67.0198789179083,45.991656706894354
60,66.98459289083692,46.01832377619733
60,66.99661717205153,45.99066574249384
60,66.99039953131776,46.004243498258084
60,66.97762775560155,45.99332552984827
60,67.01527681223104,45.99463046692058
60,66.98035807708717,46.00158566053604
60,67.01467535873974,45.9819981959994
60,67.01690334591456,45.99550564482926
60,67.00841795670824,45.99644155747322
60,66.98953153084507,46.00861601791886
60,67.00788440627616,45.993273936600474
60,66.99370038450517,45.97918860610719
60,66.99461345971646,46.00163462790999
60,66.9949904548882,45.997024683631246
60,66.98630305066156,45.988499897761734
60,66.9949904548882,45.997024683631246
60,66.98129423240077,45.9911855434867
60,67.00741292546992,46.021086179983904
60,66.98570455637955,46.003573514865764
60,66.99527042931338,46.00685124879951
60,66.98540638220221,45.99470088271506
60,66.98059556694612,45.98576567561212
60,66.98562068342564,45.99156057417787
60,67.02365900607018,45.999226498512996
60,66.99644036678326,46.02390476240714
60,67.00060065905818,46.005960765200186
60,66.99560734430202,45.996190290696404
60,66.98345095825654,46.00278453177519
60,66.97811937286008,46.00216954262765
60,67.01509288289807,46.003351212725754
60,66.99808841797335,46.0089766489487
60,67.01145473446317,45.98512528196178
61,67.01119431517586,46.00625934797647
61,67.01209816002545,46.00065457841787
61,67.01184502146651,46.00254561901267
61,67.0120967670136,46.00395961632123
61,67.01295804731434,46.000810962629686
61,67.0106656942539,46.004489879884694
61,67.00877678826102,46.00257086514295
61,67.00947879751244,46.002921649415455
61,67.0099241745938,46.000643362104405
61,67.00868182414874,46.007697446546025
61,67.01087098698339,46.00003995096062
61,67.01116374218762,46.00492630654332
61,67.00835661359055,46.00162059342452
61,67.01153780679076,45.999668579643284
61,67.0103593212822,46.00535097923964
61,67.01073448191472,46.00535239005259
61,67.00806907732529,46.00707250755228
61,67.00751074899911,46.00587380366533
61,67.01259684487339,46.00107366617183
61,67.00945980209387,46.00445504924247
61,67.01201129562618,46.00620669552228
61,67.00895264081927,46.00653936329326
61,67.0114017625182,46.006615660520005
61,67.01107679837123,45.99979766785433
61,67.01209816002545,46.00065457841787
61,67.00871158993813,46.00113506420779
61,67.01112417593946,46.00426395215466
61,67.00929308838721,46.00169667259075
61,67.00877857427317,46.00214891155216
61,67.00896394928624,46.00194458025339
61,67.01139164045344,46.00110652451627
61,67.01357579324547,46.00251463532698
61,67.01019322315351,46.00763149346842
61,67.01297344139766,46.003837117372676
61,67.00988023678913,46.00764458729389
61,67.00990244095338,46.00321541204521
61,67.00952416644715,46.000959372571714
61,67.00949829805653,46.00397340132148
61,67.0113915238671,46.00136329019651
61,67.0114017625182,46.006615660520005
61,67.00949829805653,46.00397340132148
61,67.01209816002545,46.00065457841787
61,67.00972388567357,46.000954858507285
61,67.01241030601231,46.005153215645485
61,67.0117292356,46.00473401703816
61,67.00805777259217,46.00427927546408
61,67.0120967670136,46.00395961632123
61,67.00989346207761,46.00717777080769
61,67.00990244095338,46.00321541204521
61,67.00979732680231,46.000262951103046
61,67.00984645754878,46.006081650952886
61,67.01071965385147,46.00237704701542
61,67.01049282048866,46.006449592320294
61,67.01032487694921,46.00462028257914
61,67.00819930585695,46.003333947333445
61,67.00885903512291,46.005449575665686
61,67.00931715517694,46.0041235684414
61,67.01295804731434,46.000810962629686
61,67.00918686430302,46.00593573768531
61,67.00921462194265,46.00135065735414
61,67.01335067673848,46.00422737343749
61,67.0120967670136,46.00395961632123
61,67.01119431517586,46.00625934797647
61,67.00998690374824,46.00547461271026
61,67.00945980209387,46.00445504924247
61,67.00929308838721,46.00169667259075
61,67.0106656942539,46.004489879884694
61,67.0103593212822,46.00535097923964
61,67.01297344139766,46.003837117372676
61,67.01285451530435,46.00372766851818
61,67.01249180357783,46.00087220332866
61,67.01112417593946,46.00426395215466
61,67.0101382185894,46.00055108218686
61,67.01019546628291,46.00353409905141
61,67.00860301727798,46.0070862612918
61,67.01131465108976,46.00210510620653
61,67.00904559038908,46.0075611887576
61,67.01241030601231,46.005153215645485
61,67.00964541178797,46.00357609621718
61,67.01128380498629,46.007026515663796
61,67.0116463879707,46.00474099371033
61,67.01073448191472,46.00535239005259
61,67.01107679837123,45.99979766785433
61,67.01006273530771,46.00667719957797
61,67.00728837209093,46.00561317382847
61,67.01295713470905,46.003996498214946
61,67.00911921666231,46.00168014984917
61,67.00751074899911,46.00587380366533
61,67.0116060312632,46.00585113940543
62,67.00497080295689,46.00235505259203
62,66.99922247098293,46.00385601754965
62,67.00413717468584,46.003281942090396
62,66.99933975387113,46.00420681063249
62,67.00591524651604,46.00229961500361
62,67.00394349846786,46.00272348674191
62,67.00556024148848,46.00111512779995
62,67.00093069810536,46.00505539324526
62,67.00119188911931,46.00293739003993
62,66.9989636729719,46.00565374386444
62,67.00170330379983,46.004614286236205
62,67.0038324223352,46.00298827364607
62,67.00024973811202,46.0037820611539
62,66.9990371284307,46.00420543761233
62,67.0019525142876,46.00642842527822
62,67.00601651881215,46.00237296880147
62,67.00102530008981,46.00095080166796
62,67.00394349846786,46.00272348674191
62,67.00032655576298,46.00385345073447
62,67.0032013913344,46.00412462765835
62,66.9989636729719,46.00565374386444
62,66.99863144144268,46.00342430392809
62,66.9987885093407,46.0037025959194
62,67.00386471492604,46.003819030316215
62,67.00221633416776,46.00352374143061
62,67.00234498716709,46.005800850589594
62,66.99900214867876,46.00516411501801
62,67.00363189351675,46.00369942919427
62,66.9984914176658,46.004584864668324
62,67.00500966144998,46.00257641598365
62,67.00096211563347,46.00438208895486
62,67.00447603645613,46.00159615465128
62,67.00324825716754,46.001784448907564
62,67.00324825716754,46.001784448907564
62,67.00275792504067,46.00376955494173
62,66.99854980036604,46.00521792239788
62,67.00203080934239,46.0062439443719
62,67.00045151446874,46.00488740054727
62,67.00430231674552,46.003259287832336
62,67.00216882628533,46.00173502100859
62,67.00283427010402,46.00527954089034
62,67.00146193780284,46.00427814615154
62,67.00324132048581,46.00445854085151
62,67.00426008643402,46.005379189991864
62,67.00394349846786,46.00272348674191
62,67.00148810511105,46.002042384846284
62,67.00462949502291,46.0029176397231
62,66.99996070677604,46.00220214925115
62,66.9989636729719,46.00565374386444
62,67.00565725337633,46.0031299827701
62,67.00275792504067,46.00376955494173
62,67.0051846737634,46.00208740635761
62,67.0001098693782,46.00523103260641
62,67.00392863470847,46.00121927945194
62,67.00012437800731,46.004117977737
62,67.00230789717091,46.00134643323734
62,67.00054723278744,46.00159474228421
62,67.00049299201164,46.00327486737241
62,66.99987106366852,46.00250224398901
62,67.00358546175633,46.003689085207455
62,67.00162763345499,46.001688153179906
62,67.00170330379983,46.004614286236205
62,66.99933058416515,46.00635717071813
62,67.00208178614865,46.00185519320122
62,67.00541083975278,46.00420438491208
62,67.00130910840288,46.0046749669774
62,67.00215148661273,46.00144696232405
62,67.00130358463791,46.00092907329283
62,67.00160419096183,46.00514160411167
62,67.00310244708186,46.004150747098485
62,67.00309489103721,46.003429074881545
62,67.00309489103721,46.003429074881545
62,67.00466090374786,46.00439547598611
62,67.00488818910435,46.00325362314344
62,67.00214729406017,46.00611842058206
62,67.00214980108747,46.00091215099611
62,66.99888607179156,46.00503232838037
62,67.0011336884366,46.001661335430605
62,67.00392863470847,46.00121927945194
62,67.00048727462901,46.006128619336494
62,67.00343102998791,46.00050138319204
62,66.99975128735497,46.006119271161886
62,67.00488818910435,46.00325362314344
62,67.00215148661273,46.00144696232405
62,67.00326995545086,46.002593276117594
62,67.00394349846786,46.00272348674191
62,67.00488818910435,46.00325362314344
62,66.99830815641484,46.00403653621456
62,67.00324132048581,46.00445854085151
62,67.0001098693782,46.00523103260641
62,66.99933058416515,46.00635717071813
62,67.00581225052308,46.00228776521027
62,67.00102530008981,46.00095080166796
62,66.99996070677604,46.00220214925115
62,66.99814273923465,46.004999913777404
62,67.00452954259491,46.00121326248974
62,67.00462949502291,46.0029176397231
62,66.99995844449087,46.00553710100262
62,67.003197223653,46.00243954819104
62,67.00358546175633,46.003689085207455
62,66.99987106366852,46.00250224398901
62,67.00253916884202,46.00655188361515
62,67.00543385796743,46.00435157759535
62,67.00556024148848,46.00111512779995
62,67.00128930721282,46.00346527071942
62,67.00141145332333,46.003637241257
62,67.00388040580896,46.004847547053856
62,67.00388040580896,46.004847547053856
62,67.00426008643402,46.005379189991864
62,67.00122254555038,46.00452804091785
62,66.99902680890062,46.00456961360551
62,67.00248029084895,46.00269410221451
62,67.00262281213483,46.00336894119259
62,67.00392863470847,46.00121927945194
62,67.00119923093551,46.00497025265926
62,66.99960072584824,46.00256505254029
62,67.00162763345499,46.001688153179906
62,67.00363189351675,46.00369942919427
62,67.0051846737634,46.00208740635761
62,67.00110814289643,46.005121511507035
62,67.00384032558752,46.000879724216325
62,67.00310244708186,46.004150747098485
62,66.99888120017806,46.00652986189379
62,67.00283524661295,46.00566144300604
62,67.00241031938211,46.00503080399713
62,67.00141008142356,46.004801745404805
63,67.01019546628291,46.00353409905141
63,67.01157335340946,46.00051289823702
63,67.01213494782813,45.99938160851918
63,67.01073686189152,46.00026852586814
63,67.00929308838721,46.00169667259075
63,67.01063196226333,46.004595430183876
63,67.01061075442442,45.998771580228265
63,67.01065220539789,46.00351162687807
63,67.01015928740226,46.003914611590076
63,67.01294937062502,46.00173602888553
63,67.00947879751244,46.002921649415455
63,67.00673916384432,46.00318755027996
63,67.01087098698339,46.00003995096062
63,67.00835661359055,46.00162059342452
63,67.01053172631156,46.00378483992386
63,67.00700043937577,46.005263175195
63,67.01032487694921,46.00462028257914
63,67.01295804731434,46.000810962629686
63,67.01139164045344,46.00110652451627
63,67.01203842975472,45.998211567564056
63,67.01265231967446,45.99796699750549
63,67.0099141044956,46.00319168567961
63,67.0099141044956,46.00319168567961
63,67.01073448191472,46.00535239005259
63,67.00992717785695,45.999114161129306
63,67.00972388567357,46.000954858507285
63,67.01200326605077,46.00009299579794
63,67.00755640964873,46.00316232405368
63,67.00933255645779,46.00257201242963
63,67.00878399747361,46.0032120717326
63,67.00972388567357,46.000954858507285
63,67.0101382185894,46.00055108218686
63,67.00833080786977,46.00259960185664
63,67.01200326605077,46.00009299579794
63,67.00649860543692,46.00440612300405
63,67.01352236869462,45.999622051081644
63,67.00723584608114,46.003145268044676
63,67.00911921666231,46.00168014984917
63,67.01078694361077,45.998243183593814
63,67.00835661359055,46.00162059342452
63,67.00952416644715,46.000959372571714
63,67.00895264081927,46.00653936329326
63,67.01062279415123,46.004101062815856
63,67.01284436043994,46.00113410921912
63,67.01080087951343,46.00305713763029
63,67.00885903512291,46.005449575665686
63,67.0118701153664,46.00333285514081
63,67.00828441206643,46.00492582609282
63,67.01342029490812,46.00179850649392
63,67.01201266907773,45.99939022069704
63,67.01152001763096,45.998631920754015
63,67.01213494782813,45.99938160851918
63,67.0099443673922,46.00014208095351
63,67.01161779473374,46.00014915593977
63,67.01019546628291,46.00353409905141
63,67.00912730543229,46.00373314921131
63,67.00750440483958,46.004276280094494
63,67.00978761253523,45.99896769330814
63,67.00877678826102,46.00257086514295
63,67.01327953539537,45.998044606480065
63,67.00949829805653,46.00397340132148
63,67.01203842975472,45.998211567564056
63,67.01097884295153,45.99866098043025
63,67.00948334822039,46.00062486596529
63,67.00979732680231,46.000262951103046
63,67.00688219886008,46.00359002691415
63,67.01065220539789,46.00351162687807
63,67.00855878141773,46.001044472714874
63,67.00664921953192,46.0033458665132
63,67.00755640964873,46.00316232405368
63,67.00949829805653,46.00397340132148
63,67.01259684487339,46.00107366617183
63,67.00724662235919,46.00181125603449
63,67.01184502146651,46.00254561901267
63,67.00964541178797,46.00357609621718
63,67.00986838535653,45.99862006744453
63,67.0101690043444,46.00561349274942
63,67.01201266907773,45.99939022069704
63,67.007522416451,46.00209367304783
63,67.0099241745938,46.000643362104405
63,67.0136813914965,45.99898496983913
63,67.00906101337605,46.00593512415444
63,67.00933255645779,46.00257201242963
63,67.0099141044956,46.00319168567961
63,67.01161779473374,46.00014915593977
63,67.01073686189152,46.00026852586814
63,67.01019546628291,46.00353409905141
63,67.01122006978989,45.99794600607008
63,67.0102792158913,45.99850255554551
63,67.01342029490812,46.00179850649392
63,67.00855878141773,46.001044472714874
63,67.01079668529724,46.003784785318054
63,67.01157335340946,46.00051289823702
63,67.01338586037014,45.998291910801356
63,67.01259684487339,46.00107366617183
63,67.00982894584975,46.00387235336808
63,67.00716004318004,46.00410232413325
63,67.00664921953192,46.0033458665132
63,67.01153780679076,45.999668579643284
63,67.01184502146651,46.00254561901267
63,67.00722872667056,46.00321428664944
63,67.00931715517694,46.0041235684414
63,67.00835661359055,46.00162059342452
63,67.01352236869462,45.999622051081644
63,67.00875762917296,45.999689176797425
63,67.01294937062502,46.00173602888553
63,67.0122804902477,46.002947654297145
63,67.00819930585695,46.003333947333445
63,67.01032487694921,46.00462028257914
63,67.01053172631156,46.00378483992386
63,67.00992260035338,46.00439667728626
63,67.00952416644715,46.000959372571714
63,67.00864349538189,46.00213322979189
63,67.01201266907773,45.99939022069704
63,67.008950415762,46.00555668949018
63,67.00824062866205,46.00410984847686
63,67.00877857427317,46.00214891155216
63,67.00877678826102,46.00257086514295
63,67.01284436043994,46.00113410921912
63,67.00754754938421,46.00175586875839
63,67.00890206844771,46.00034819080883
63,67.00833080786977,46.00259960185664
63,67.007990770423,46.002533394332914
63,67.00819930585695,46.003333947333445
63,67.01126390915881,45.99879764275246
63,67.01203842975472,45.998211567564056
63,67.01097930738858,46.004003949687885
63,67.00700043937577,46.005263175195
63,67.00723584608114,46.003145268044676
63,67.01209816002545,46.00065457841787
63,67.01338586037014,45.998291910801356
63,67.01182946505186,45.99957356339629
63,67.00992260035338,46.00439667728626
64,66.98358586362652,45.989480399460895
64,66.98445620727507,45.99105159556126
64,66.9833361250849,45.99206631352699
64,66.9870057447765,45.98988062907426
64,66.98625189193041,45.99109614715539
64,66.98386943265578,45.98915432254543
64,66.98251372417113,45.99383795931945
64,66.98410913728027,45.98879498988635
64,66.9851055728485,45.98788349851958
64,66.98254118293038,45.988570170603516
64,66.98189682356488,45.989318667674034
64,66.98204777494645,45.99133788427468
64,66.985741173343,45.988931695412795
64,66.98461397263031,45.99216850072745
64,66.98720126793592,45.98896276355037
64,66.98264451751578,45.9883570774617
64,66.98378083767663,45.9893531099423
64,66.98435415739682,45.9941089299824
64,66.98806791023368,45.99119363594088
64,66.98713107300713,45.99270841535749
64,66.98460504020383,45.991111827468075
64,66.987445747918,45.99138328388298
64,66.98424083406725,45.99021533804406
64,66.98372121666824,45.99347736055037
64,66.98221914769428,45.99373667853147
64,66.98323867283014,45.9891173625854
64,66.98221914769428,45.99373667853147
64,66.98243775925224,45.99356459294193
64,66.98243671035206,45.99301947694825
64,66.98433362029805,45.99460445857323
64,66.98604526595923,45.989838431135325
64,66.98604526595923,45.989838431135325
64,66.98424083406725,45.99021533804406
64,66.98454130200915,45.987865171761264
64,66.98410596955377,45.98819378171681
64,66.98612482506866,45.98943241591352
64,66.98562068342564,45.99156057417787
64,66.98372121666824,45.99347736055037
64,66.98641232866107,45.98964295661378
64,66.98499704578741,45.990119288557175
64,66.98323867283014,45.9891173625854
64,66.9880791591812,45.99212771566979
64,66.98276087087115,45.99173558495809
64,66.98805891755958,45.991249667289445
64,66.98221914769428,45.99373667853147
64,66.98458161294376,45.9895989616283
64,66.98369849964853,45.99274157255444
64,66.98374194369318,45.9884865614137
64,66.98646029868412,45.99211736308462
64,66.98373440396306,45.988368816666686
64,66.98625275099126,45.98921767865509
64,66.98408265001505,45.99421352043668
64,66.9864034323722,45.991215478188856
64,66.98641232866107,45.98964295661378
64,66.98472442511431,45.9887152562351
64,66.98156934945662,45.989828075367
64,66.98221914769428,45.99373667853147
64,66.98630305066156,45.988499897761734
64,66.98564452260118,45.99140895151045
64,66.98482902321476,45.98794081038985
64,66.9837780054378,45.991707750242824
64,66.98300459592711,45.992205289227684
64,66.98731074742169,45.993411711123436
64,66.98459662250008,45.99460526881232
64,66.98325437898565,45.98809108062216
64,66.98364819668419,45.98795625720301
64,66.98271664283624,45.992545022675536
64,66.98459662250008,45.99460526881232
64,66.9835792892917,45.99356312527636
64,66.98254118293038,45.988570170603516
64,66.9864034323722,45.991215478188856
64,66.9850973160039,45.99031953788497
64,66.98370235539431,45.99304363474923
64,66.98641232866107,45.98964295661378
64,66.98129423240077,45.9911855434867
64,66.98591853323714,45.99278209029296
64,66.98468037638533,45.989956974961295
64,66.98713600244655,45.99194013062034
64,66.9833361250849,45.99206631352699
64,66.98343586289002,45.99090335413793
64,66.98731334891538,45.99338789742581
64,66.98133563225386,45.99023586372448
64,66.98373440396306,45.988368816666686
64,66.98388176805787,45.99160103668792
64,66.98352739726282,45.993179955853
64,66.98146402816809,45.99249460369117
64,66.98642372905084,45.98946869181098
64,66.98643232017184,45.99056551108808
64,66.98460504020383,45.991111827468075
64,66.98393643858721,45.991762666173145
64,66.98435415739682,45.9941089299824
64,66.98264451751578,45.9883570774617
64,66.98784275791789,45.9896463070491
64,66.98687175076982,45.989274968940954
65,66.99995058932458,46.00597297733398
65,66.99953396573152,46.00538082794176
65,66.99995844449087,46.00553710100262
65,66.99797651906512,46.00248537063034
65,67.0002175227205,45.999968374058376
65,67.00208178614865,46.00185519320122
65,66.99828728964437,46.00349146322773
65,66.99858199468702,46.004604731819995
65,67.00283427010402,46.00527954089034
65,66.9975979577667,46.00488621141831
65,67.00302749250098,46.0033181919627
65,67.00096211563347,46.00438208895486
65,66.9999898935377,46.004682864640266
65,67.00359188256819,46.00325036925495
65,67.00024973811202,46.0037820611539
65,66.99896463624393,46.0005575981759
65,66.99972220632846,46.00100114017183
65,67.003197223653,46.00243954819104
65,66.99933058416515,46.00635717071813
65,66.99995844449087,46.00553710100262
65,67.0002175227205,45.999968374058376
65,66.99933058416515,46.00635717071813
65,67.00093978022267,45.9998894095066
65,67.003197223653,46.00243954819104
65,67.00214980108747,46.00091215099611
65,67.00250636541887,46.00496200375252
65,66.99968269660583,46.00426594746103
65,67.00093978022267,45.9998894095066
65,67.00131366305442,46.00347684386512
65,67.00262044962194,46.00316732539549
65,67.00093892175757,46.00053792669835
65,66.9984914176658,46.004584864668324
65,66.99893469746114,46.00264578862793
65,67.0002635809177,46.00626375315603
65,66.99972220632846,46.00100114017183
65,67.00011150020256,46.00275740658849
65,66.99968269660583,46.00426594746103
65,67.00280720687881,46.00498563348441
65,66.99838114797446,46.003780941077686
65,66.99831682292985,46.0018231420447
65,66.99834771990095,46.003769711525095
65,67.00064704895678,46.005847848341816
65,66.99933058416515,46.00635717071813
65,66.9990371284307,46.00420543761233
65,66.99736965287,46.003642838537665
65,66.99888120017806,46.00652986189379
65,66.99960072584824,46.00256505254029
65,66.99854980036604,46.00521792239788
65,67.00141145332333,46.003637241257
65,66.99884065823143,46.00149643063514
65,67.00224029289606,46.00377617426826
65,67.00122254555038,46.00452804091785
65,66.9979820168489,46.00344253424806
65,66.99950696302699,46.005354391766616
65,67.00230789717091,46.00134643323734
65,67.00234498716709,46.005800850589594
65,66.99888120017806,46.00652986189379
65,66.99817840160694,46.00318932704914
65,67.0013102578299,46.006012195206274
65,67.00252419316425,46.002568940622105
65,66.99734702529261,46.00407222385315
65,66.99893469746114,46.00264578862793
65,67.00221633416776,46.00352374143061
65,67.00070786740311,46.00071229249653
65,67.00309489103721,46.003429074881545
65,66.99888120017806,46.00652986189379
65,67.00252419316425,46.002568940622105
65,66.99896463624393,46.0005575981759
65,67.00358546175633,46.003689085207455
65,67.00024973811202,46.0037820611539
65,67.00359188256819,46.00325036925495
65,67.00102530008981,46.00095080166796
65,66.99831682292985,46.0018231420447
65,67.00052235872806,46.003684436596465
65,67.00368159310143,46.002362031783406
65,66.99888607179156,46.00503232838037
65,66.9987885093407,46.0037025959194
65,67.00064704895678,46.005847848341816
65,67.00162763345499,46.001688153179906
65,67.00067355064516,46.003370059468416
65,66.99782514941138,46.00269836176728
65,67.00219743043463,46.00471973256415
65,67.00114484432301,46.005419894306605
65,66.99722672679985,46.00311366214021
65,67.00248029084895,46.00269410221451
65,67.00321073229019,46.00336515914947
65,67.00093069810536,46.00505539324526
65,67.00141008142356,46.004801745404805
65,66.99891147183605,46.00167404451771
65,67.00303954100362,46.00283409246086
65,67.00208178614865,46.00185519320122
65,67.00070786740311,46.00071229249653
65,66.99936524735556,46.00037208703198
65,67.00280720687881,46.00498563348441
65,67.00309489103721,46.003429074881545
65,67.00130358463791,46.00092907329283
66,67.00538123679974,46.00151202687135
66,66.9987654221358,46.00493551587276
66,67.00413717468584,46.003281942090396
66,67.00302749250098,46.0033181919627
66,66.99987106366852,46.00250224398901
66,67.0053875273307,46.00424943800243
66,67.00591524651604,46.00229961500361
66,67.00096211563347,46.00438208895486
66,67.00326995545086,46.002593276117594
66,66.9989636729719,46.00565374386444
66,66.99948815133682,46.00255224074716
66,67.00451046289159,46.00548749725233
66,67.0051846737634,46.00208740635761
66,67.00388040580896,46.004847547053856
66,67.00289684198914,46.003907598270374
66,67.00230789717091,46.00134643323734
66,67.00000035731829,46.001922314226
66,67.00447582151422,46.003892100107066
66,67.00093069810536,46.00505539324526
66,67.0002635809177,46.00626375315603
66,67.00310244708186,46.004150747098485
66,67.00363189351675,46.00369942919427
66,67.0038324223352,46.00298827364607
66,67.00221633416776,46.00352374143061
66,66.9999898935377,46.004682864640266
66,67.00047823205632,46.00615945679433
66,67.00122254555038,46.00452804091785
66,66.99824401965614,46.00419305040998
66,67.00581225052308,46.00228776521027
66,67.00447582151422,46.003892100107066
66,66.99863619314844,46.00609966024367
66,67.00464894017216,46.005116831605456
66,67.00167159768922,46.00388304297678
66,67.00146193780284,46.00427814615154
66,67.00489198255865,46.00472030021185
66,67.00045151446874,46.00488740054727
66,67.00234498716709,46.005800850589594
66,67.00324825716754,46.001784448907564
66,67.00327819935194,46.005217132213446
66,67.00128930721282,46.00346527071942
66,67.00380571898305,46.00526612198375
66,67.0001098693782,46.00523103260641
66,66.99830815641484,46.00403653621456
66,67.00230789717091,46.00134643323734
66,67.00203080934239,46.0062439443719
66,67.00214729406017,46.00611842058206
66,67.0011336884366,46.001661335430605
66,66.99875887701376,46.005637053618614
66,67.00303954100362,46.00283409246086
66,66.99948815133682,46.00255224074716
66,67.00500966144998,46.00257641598365
66,67.00464894017216,46.005116831605456
66,67.00538123679974,46.00151202687135
66,67.00214980108747,46.00091215099611
66,67.00012437800731,46.004117977737
66,67.00368159310143,46.002362031783406
66,67.00054723278744,46.00159474228421
66,67.00421369548913,46.000961957272914
66,67.00234498716709,46.005800850589594
66,67.00205564801212,46.003039783810266
66,67.00464894017216,46.005116831605456
66,66.99950696302699,46.005354391766616
66,67.00283427010402,46.00527954089034
66,67.00186755559876,46.00497511990249
66,67.00489198255865,46.00472030021185
67,67.00170330379983,46.004614286236205
67,66.99590196689775,46.00160336069295
67,66.99823437716603,46.00006479512748
67,66.99685908938676,46.001411908591216
67,66.9987654221358,46.00493551587276
67,66.99504626843424,46.0029348543458
67,67.00160768669387,46.00032886118977
67,66.9981316166336,46.00238116834089
67,66.99488752173733,46.00135505875275
67,67.00205564801212,46.003039783810266
67,67.00170330379983,46.004614286236205
67,66.99863144144268,46.00342430392809
67,66.99797651906512,46.00248537063034
67,66.9971858747605,46.00352549911702
67,66.99907674497962,46.00213129877376
67,66.99830815641484,46.00403653621456
67,66.9962164848903,46.0041346364096
67,66.9999010053295,46.00318968909512
67,66.99831682292985,46.0018231420447
67,66.9999010053295,46.00318968909512
67,66.99504626843424,46.0029348543458
67,66.99709524509242,46.00028754719976
67,66.99837924803826,46.00005078152103
67,67.00230789717091,46.00134643323734
67,67.00262281213483,46.00336894119259
67,66.99902680890062,46.00456961360551
67,66.9984914176658,46.004584864668324
67,66.99993852234343,46.00017039382922
67,67.00130910840288,46.0046749669774
67,67.00102530008981,46.00095080166796
67,66.99698556622408,45.999903497826985
67,66.99719650729106,46.00355629332102
67,67.00224029289606,46.00377617426826
67,66.99830365554531,46.00037959558144
67,66.99685908938676,46.001411908591216
67,66.99922247098293,46.00385601754965
67,66.99451983577558,46.00189018837874
67,66.99823437716603,46.00006479512748
67,66.99793635347562,46.000029615858175
67,66.99509186238069,46.004055342479674
67,66.9962164848903,46.0041346364096
67,66.9971858747605,46.00352549911702
67,66.99990468389667,45.99988379832479
67,67.00160768669387,46.00032886118977
67,66.99589529118185,46.001562771306965
67,66.99524377727292,46.00146788064607
67,66.99704197909183,46.00305365890107
67,67.00160768669387,46.00032886118977
67,67.00141145332333,46.003637241257
67,67.00262281213483,46.00336894119259
67,66.99888607179156,46.00503232838037
67,67.00205564801212,46.003039783810266
67,66.99586969327602,46.00325411345941
67,66.99603594301425,46.00259620113705
67,67.00248029084895,46.00269410221451
67,67.00262044962194,46.00316732539549
67,66.9984914176658,46.004584864668324
67,67.003197223653,46.00243954819104
67,66.99845773959706,46.001799535092196
67,66.9994823301964,46.00271994956785
67,66.9987654221358,46.00493551587276
67,67.00170013289367,46.00455339076279
67,67.00130910840288,46.0046749669774
67,67.00059406520245,46.00251619594438
67,67.00162763345499,46.001688153179906
67,67.00303954100362,46.00283409246086
67,66.99931046879554,46.00410389758537
67,66.9983906675985,46.002659475616774
67,66.99739379851106,46.00390219425488
67,66.99863544228448,46.00505347249362
67,66.99890253462698,46.00185051740858
67,67.00059755036274,46.000638989404706
67,66.99893469746114,46.00264578862793
67,66.99729937202035,46.00230772193118
67,67.00067355064516,46.003370059468416
67,67.00205564801212,46.003039783810266
67,66.99896463624393,46.0005575981759
67,67.00216882628533,46.00173502100859
67,67.00141145332333,46.003637241257
67,66.99729937202035,46.00230772193118
67,67.00262044962194,46.00316732539549
67,67.00215148661273,46.00144696232405
67,66.99608742204084,46.00128564835378
67,67.00248029084895,46.00269410221451
67,66.99439239559882,46.0024984506496
67,67.00205564801212,46.003039783810266
67,66.99739379851106,46.00390219425488
67,66.99924761105758,46.00098108849545
67,66.99574848902682,46.00346923172491
67,66.99993003813296,46.001551116512346
67,66.99662297024771,46.00308209872891
67,66.99789733869139,46.00286547063622
67,66.99896463624393,46.0005575981759
67,67.00214980108747,46.00091215099611
67,67.00059755036274,46.000638989404706
67,66.99828728964437,46.00349146322773
67,66.99709524509242,46.00028754719976
67,66.99694521006873,46.00366297360432
67,66.99833475297514,46.00405675443254
67,66.9950859262938,46.00253482017586
67,67.00000035731829,46.001922314226
67,66.99968269660583,46.00426594746103
67,66.99831682292985,46.0018231420447
68,66.99823437716603,46.00006479512748
68,67.00275792504067,46.00376955494173
68,66.99863144144268,46.00342430392809
68,66.99698556622408,45.999903497826985
68,66.99845773959706,46.001799535092196
68,66.99603594301425,46.00259620113705
68,66.99830815641484,46.00403653621456
68,67.00170013289367,46.00455339076279
68,66.99590196689775,46.00160336069295
68,66.99642061405274,46.00018705332483
68,66.99717383087739,45.99990888580252
68,66.99824401965614,46.00419305040998
68,66.9975979577667,46.00488621141831
68,66.9994128792095,46.00323203868314
68,67.00148025009686,46.000581093469904
68,66.99888607179156,46.00503232838037
68,66.99960072584824,46.00256505254029
68,67.00119188911931,46.00293739003993
68,66.99574848902682,46.00346923172491
68,67.00275792504067,46.00376955494173
68,67.00231386162308,46.00340970313779
68,67.00000035731829,46.001922314226
68,66.99908903466738,46.00049923479025
68,67.00131366305442,46.00347684386512
68,66.99709524509242,46.00028754719976
68,66.99908903466738,46.00049923479025
68,66.99574848902682,46.00346923172491
68,66.99692431659052,46.00384077696839
68,67.00102530008981,46.00095080166796
68,66.99729937202035,46.00230772193118
68,67.00148025009686,46.000581093469904
68,66.99642061405274,46.00018705332483
68,67.00146193780284,46.00427814615154
68,66.99576396643546,46.00112258542309
68,66.99764610600401,46.00236937416928
68,67.00224029289606,46.00377617426826
68,66.99483572151904,46.00168687111705
68,67.003197223653,46.00243954819104
68,67.00049299201164,46.00327486737241
68,66.99739379851106,46.00390219425488
68,66.99922247098293,46.00385601754965
68,66.99811088117745,46.00269823796157
68,67.00054723278744,46.00159474228421
68,66.99566361713828,46.00067294811261
68,66.99736965287,46.003642838537665
68,66.99793635347562,46.000029615858175
68,66.99890253462698,46.00185051740858
68,66.99924761105758,46.00098108849545
68,66.99823437716603,46.00006479512748
68,66.99814273923465,46.004999913777404
68,66.99733036242154,46.00375551762734
68,66.99972220632846,46.00100114017183
68,66.99929598566138,46.0001228217143
68,66.99916712683894,46.000326223453186
68,66.99824401965614,46.00419305040998
68,67.00303954100362,46.00283409246086
68,66.9961146439316,46.00071938813686
68,66.9990371284307,46.00420543761233
69,67.00966085639666,46.00678572467613
69,67.0113915238671,46.00136329019651
69,67.00985456180625,46.001850567886855
69,67.01339156366906,46.00034790988832
69,67.01430895668555,46.001449116275026
69,67.00949829805653,46.00397340132148
69,67.010334822968,46.00463997057224
69,67.01015928740226,46.003914611590076
69,67.00878399747361,46.0032120717326
69,67.0139132962529,46.00463152532792
69,67.01254056084365,46.00143291151051
69,67.0099141044956,46.00319168567961
69,67.01046559299638,46.00740344337835
69,67.00959860973063,46.00479940901163
69,67.0117292356,46.00473401703816
69,67.00904206436459,46.00253848981677
69,67.01387658733374,46.00391762310099
69,67.01294937062502,46.00173602888553
69,67.00959860973063,46.00479940901163
69,67.01015928740226,46.003914611590076
69,67.01128380498629,46.007026515663796
69,67.01161779473374,46.00014915593977
69,67.01428572992579,46.00045762913396
69,67.01065220539789,46.00351162687807
69,67.01258886006387,46.003347919119115
69,67.0139132962529,46.00463152532792
69,67.010334822968,46.00463997057224
69,67.01337155032547,46.00331211526358
69,67.01254056084365,46.00143291151051
69,67.01289959123861,46.00565271985575
69,67.01478329667515,46.003588595110955
69,67.00925812681348,46.00690342483148
69,67.01106458178229,46.00341945439936
69,67.01007116469619,46.00126281213647
69,67.00904559038908,46.0075611887576
69,67.01265582538869,46.006251564397886
69,67.01441945713101,46.0029985195708
69,67.01049282048866,46.006449592320294
69,67.01358683652742,46.00279353746208
69,67.01357579324547,46.00251463532698
69,67.01063196226333,46.004595430183876
69,67.01318692010095,46.00591897108339
69,67.00964541178797,46.00357609621718
69,67.0114017625182,46.006615660520005
69,67.01289959123861,46.00565271985575
69,67.01295804731434,46.000810962629686
69,67.01337155032547,46.00331211526358
69,67.01032487694921,46.00462028257914
69,67.00828441206643,46.00492582609282
69,67.00918686430302,46.00593573768531
70,66.99928195053796,46.007843890177966
70,67.00252419316425,46.002568940622105
70,66.99968269660583,46.00426594746103
70,67.00275688410667,46.001819900052595
70,66.99933975387113,46.00420681063249
70,67.0013102578299,46.006012195206274
70,67.00327819935194,46.005217132213446
70,66.9986907861565,46.00661069982167
70,66.99848130784613,46.00569266462741
70,66.99973130058011,46.00607939739383
70,67.0038324223352,46.00298827364607
70,66.99855062314668,46.00707412837516
70,67.0001362213558,46.00717285944291
70,66.99824401965614,46.00419305040998
70,67.00359188256819,46.00325036925495
70,67.00208178614865,46.00185519320122
70,66.99948815133682,46.00255224074716
70,66.99858199468702,46.004604731819995
70,67.00283524661295,46.00566144300604
70,66.99931046879554,46.00410389758537
70,66.99889766643041,46.007728547067
70,67.00324132048581,46.00445854085151
70,67.00130910840288,46.0046749669774
70,66.99880050291053,46.006812293222715
70,67.00327819935194,46.005217132213446
70,67.00310244708186,46.004150747098485
70,67.00236125724135,46.00457229896119
70,67.00059755036274,46.000638989404706
70,66.99889766643041,46.007728547067
70,67.00199951901176,46.005846316343174
70,66.99900214867876,46.00516411501801
70,66.99987106366852,46.00250224398901
70,67.00280720687881,46.00498563348441
70,67.00289684198914,46.003907598270374
70,67.00114484432301,46.005419894306605
70,67.00310244708186,46.004150747098485
70,67.00141008142356,46.004801745404805
70,67.00093892175757,46.00053792669835
70,67.0001362213558,46.00717285944291
70,66.99874888662683,46.00703640501723
70,67.00148025009686,46.000581093469904
70,67.00283524661295,46.00566144300604
70,66.99880050291053,46.006812293222715
70,67.00102530008981,46.00095080166796
70,67.00216882628533,46.00173502100859
70,66.99824162785158,46.00528386712801
70,66.99931046879554,46.00410389758537
70,67.00221633416776,46.00352374143061
70,67.00060065905818,46.005960765200186
70,67.00216315366833,46.000178510266096
70,67.00059755036274,46.000638989404706
70,67.003197223653,46.00243954819104
70,66.9994128792095,46.00323203868314
70,66.99933058416515,46.00635717071813
70,67.00192153106084,46.0068878273588
70,67.00241031938211,46.00503080399713
70,66.99917521440572,46.00704467901579
70,66.99968269660583,46.00426594746103
70,66.99995844449087,46.00553710100262
70,67.00321073229019,46.00336515914947
70,67.00148025009686,46.000581093469904
70,66.99973130058011,46.00607939739383
70,67.00120515895553,46.00622094826241
70,67.00130645963755,46.0076907075305
70,67.0001098693782,46.00523103260641
70,66.99872411210931,46.00531406241153
70,67.00275688410667,46.001819900052595
70,67.00234498716709,46.005800850589594
70,67.00119188911931,46.00293739003993
70,66.99872169382962,46.00711767101168
70,67.00319067008577,46.003291617167314
70,67.00358546175633,46.003689085207455
70,67.00236125724135,46.00457229896119
70,67.00212048794111,46.00204112563802
70,67.00280720687881,46.00498563348441
71,66.98678097564913,46.00159162977672
71,66.98251603523745,45.99717400553034
71,67.02206410429511,46.00838173946365
71,66.99349637830474,46.016250159198634
71,67.00143528886262,46.023443180070785
71,67.00060784356745,45.98590093257887
71,67.00143528886262,46.023443180070785
71,66.99578431377753,45.99674107508061
71,66.97811937286008,46.00216954262765
71,67.0018991357393,45.98875722039902
71,66.9819638988633,45.99279123941648
71,66.98865023188782,46.00094508913562
71,66.99707155752726,45.99045132780004
71,66.99808841797335,46.0089766489487
71,66.98007108357002,46.00895145708295
71,66.99633726531093,45.984883306016876
71,67.00841795670824,45.99644155747322
71,66.98570455637955,46.003573514865764
71,66.99329282610046,45.98486741970843
71,67.01214514649372,45.985076629055605
71,66.9885324020313,46.01093008640787
71,67.01676519605444,45.99820363629571
71,66.9930043548485,46.01694579102477
71,66.9859410772061,46.00365960684755
71,66.99175653514848,46.0189813769502
71,66.98086473198023,45.995023598095074
71,67.01532818954409,45.991739792162434
71,66.99633726531093,45.984883306016876
71,67.01200734162137,46.008231560621425
71,66.98975570774684,45.99479092417546
71,66.99588079187485,46.02387685901683
71,67.01046559299638,46.00740344337835
71,67.02205985085058,45.99909235988757
71,67.0102792158913,45.99850255554551
71,67.01708818463693,46.012235683515
71,66.98350608613218,45.98444761055869
71,66.99103126306237,45.999226413781955
71,67.01586958598452,46.00930813389806
71,67.0167280290845,46.0121988730168
71,67.00788440627616,45.993273936600474
71,67.00788440627616,45.993273936600474
71,66.99309111149407,46.000584691641954
71,67.00515360704318,45.98721790296207
71,67.02012450766993,46.004906006033
71,67.00324273077679,45.97888455092311
71,66.99175653514848,46.0189813769502
71,66.98562068342564,45.99156057417787
71,67.02365900607018,45.999226498512996
71,66.99943032942542,45.9853791810711
71,66.99588079187485,46.02387685901683
71,67.02093632118368,46.00239583426936
71,66.9819638988633,45.99279123941648
71,66.98035807708717,46.00158566053604
71,67.00452929507625,46.00879131277918
71,67.00408238626784,45.999224728067
71,66.98059556694612,45.98576567561212
71,67.00099408138638,45.98310969383456
71,66.985817446664,45.99735350248513
71,67.0198789179083,45.991656706894354
71,67.00258672756478,46.01643609762103
71,67.0018991357393,45.98875722039902
71,66.99999386312254,45.98641877078037
71,66.99239170323085,46.0072473317343
71,66.9949904548882,45.997024683631246
71,67.00473141401275,45.994991320189555
71,67.02140531711791,46.00666145936635
71,66.99859402849916,45.9928079499984
71,66.98678097564913,46.00159162977672
71,67.02365900607018,45.999226498512996
71,66.99538080023454,45.995968825537204
71,67.00454130915479,45.97795834979585
71,67.02206410429511,46.00838173946365
71,67.00099408138638,45.98310969383456
71,67.00535305827391,45.99959446255964
71,66.9948071229633,46.001412645287516
71,67.00060784356745,45.98590093257887
71,66.99349637830474,46.016250159198634
71,66.99681420781434,46.00382952108197
71,67.00600203137877,45.99915084660437
71,66.9859410772061,46.00365960684755
71,66.99025991056062,46.001810909172
71,66.99578431377753,45.99674107508061
71,66.98426823526778,46.00114073866475
71,67.00060065905818,46.005960765200186
71,66.9930043548485,46.01694579102477
71,66.98570455637955,46.003573514865764
71,67.01708818463693,46.012235683515
71,67.00852087536246,45.99930531676661
71,67.02093632118368,46.00239583426936
71,67.00258672756478,46.01643609762103
71,66.98086473198023,45.995023598095074
71,66.985817446664,45.99735350248513
71,66.9930043548485,46.01694579102477
71,66.99103126306237,45.999226413781955
71,66.98951012089388,45.99332444112594
71,67.00509356709915,46.02424266808637
72,66.99861959998144,45.99658298634717
72,66.99468938448992,45.99758297072775
72,66.99652541679961,45.99470260342538
72,66.99328867849137,45.99801360882237
72,66.99612680711907,45.99727176687952
72,66.99750469819425,45.99686376451181
72,66.9981838450252,45.994446125334576
72,66.99756245431446,45.9954435174951
72,66.99728668627843,45.99655047734589
72,66.99391300993564,45.99606768348853
72,66.99779874855302,45.99573906711728
72,66.99752384059738,45.99463038661387
72,66.99781652505881,45.99630273823924
72,66.99355419480902,45.99757278356691
72,66.99692737257912,45.995928081967996
72,66.99630295853075,45.995605334972225
72,66.99390786549138,45.998628026409115
72,66.99481574535726,45.998392046993864
72,66.99808203014258,45.99489732757065
72,66.99590322306196,45.99767119647159
72,66.9975179865481,45.997770744703395
72,66.99400800390393,45.99880988173305
72,66.99854751115325,45.99573511515211
72,66.99674101433433,45.99469619601674
72,66.99752384059738,45.99463038661387
72,66.99582271007492,45.998147399223114
72,66.99964831586946,45.99662744759676
72,66.9981415130008,45.99521204010269
72,66.99513533353567,45.99752056144451
72,66.99905661146737,45.99766778594801
72,66.99381708263172,45.993505301014714
72,66.99427574950953,45.998396379746175
72,66.99296872365201,45.995053378571654
72,66.99538827777864,45.99337360817114
72,66.997039145986,45.996024507701534
72,66.99468938448992,45.99758297072775
72,66.99900631625003,45.99815462615064
72,66.99660188071702,45.99436323043617
72,66.99905661146737,45.99766778594801
72,66.9979848248744,45.99836679844473
72,66.99395367263747,45.99552089152859
72,66.99900631625003,45.99815462615064
72,66.99222833154118,45.99575010115787
72,66.99574210371732,45.9935437131364
72,66.9930756892556,45.99669093930599
72,66.99488126530002,45.99931331713656
72,66.99461696954398,45.99646678987677
72,66.99654634729994,45.99403933798688
72,66.99390786549138,45.998628026409115
72,66.99588640405365,45.9939987375735
72,66.9950407616729,45.996057056438445
72,66.997039145986,45.996024507701534
72,66.99412183027891,45.99642174078165
72,66.99936204241529,45.99716956948466
72,66.99660188071702,45.99436323043617
72,66.99316411105232,45.995560959546644
72,66.99750719656635,45.99739404716558
72,66.99588437064905,45.998798455115455
72,66.99296872365201,45.995053378571654
72,66.99574210371732,45.9935437131364
72,66.99467365105426,45.99382570376947
72,66.9965060247128,45.99945312992236
72,66.9961948663407,45.994213344624654
72,66.99941151641586,45.997936819698246
72,66.99730821707678,45.993819624519155
72,66.99861959998144,45.99658298634717
72,66.99293305885313,45.9964275720767
72,66.9938911151767,45.99731718957276
72,66.99873749244188,45.99745897777994
72,66.9950407616729,45.996057056438445
72,66.99853153342514,45.99486775979266
72,66.99674101433433,45.99469619601674
72,66.99511493435371,45.99549215391786
72,66.99875513304093,45.9947999269567
72,66.99854751115325,45.99573511515211
72,66.99811659476904,45.9989347006752
72,66.99800650160016,45.99908259906215
72,66.9989990093137,45.996627246901106
72,66.997986807647,45.99399494374535
72,66.99674101433433,45.99469619601674
72,66.99592358100558,45.99907002424723
72,66.99526132068577,45.99800014491097
72,66.99509511709599,45.99777069716656
72,66.9975179865481,45.997770744703395
72,66.99283290554058,45.99467557149139
72,66.99588640405365,45.9939987375735
72,66.99391300993564,45.99606768348853
72,66.99941151641586,45.997936819698246
72,66.99304656663918,45.99776118779664
72,66.99734325065492,45.99470249613535
72,66.99512230802249,45.99897659522728
72,66.99728668627843,45.99655047734589
72,66.99395367263747,45.99552089152859
72,66.99430691604788,45.99609935124051
72,66.99614799316117,45.99367793686522
72,66.99322716182253,45.99617652041493
72,66.99567586776567,45.99909926031923
72,66.99772388442345,45.99734514807283
72,66.99469114737924,45.99418701511685
72,66.99574210371732,45.9935437131364
73,66.99859898460777,46.02151789404859
73,66.99210921805803,46.0064034157375
73,66.98281018978696,46.00546158269215
73,66.99469651208064,46.00813357156664
73,67.02093632118368,46.00239583426936
73,66.99025991056062,46.001810909172
73,67.00649951912258,46.020969225318275
73,67.00216762138463,45.988987253274566
73,67.00741292546992,46.021086179983904
73,66.98345095825654,46.00278453177519
73,66.97608646532234,45.99496876491119
73,66.99633726531093,45.984883306016876
73,67.02244760627876,46.00876642407926
73,67.00741292546992,46.021086179983904
73,67.00356245299231,46.015140699170495
73,66.98007108357002,46.00895145708295
73,67.00758858281215,45.982523046006484
73,67.00741292546992,46.021086179983904
73,67.02140531711791,46.00666145936635
73,67.01467535873974,45.9819981959994
73,66.9939118098421,45.98279437081064
73,67.0140485649449,46.01313842027066
73,67.01586958598452,46.00930813389806
73,67.01544527023508,46.01957659850477
73,66.9809671502097,46.010170612675395
73,66.994634472973,45.99118654071916
73,67.00579865136302,45.97598248399648
73,67.01177071969379,46.00928961752752
73,67.00198556586122,46.021343175292586
73,66.98865023188782,46.00094508913562
73,66.99462776536608,46.01245399480474
73,66.9930043548485,46.01694579102477
73,66.98426823526778,46.00114073866475
73,66.99648357188002,46.00861223732492
73,66.9819638988633,45.99279123941648
73,67.02012450766993,46.004906006033
73,66.99661717205153,45.99066574249384
73,66.9906220745542,46.004365897611585
73,66.99707155752726,45.99045132780004
73,67.01467535873974,45.9819981959994
73,66.99222949908201,45.981771832414175
73,67.01963048413802,45.99653532473072
73,66.98459289083692,46.01832377619733
73,66.99641921495197,46.0178324695458
73,66.98037542335479,46.00742375681813
73,66.99588079187485,46.02387685901683
73,66.99557064574103,46.01584051064926
73,67.00895264081927,46.00653936329326
73,67.00758858281215,45.982523046006484
73,66.98175215914812,46.00144667882928
73,66.99512230802249,45.99897659522728
73,67.01145473446317,45.98512528196178
73,66.99309111149407,46.000584691641954
73,67.00473141401275,45.994991320189555
73,66.98037542335479,46.00742375681813
73,67.00793307480669,46.01191864023718
73,67.00509356709915,46.02424266808637
73,66.9957234807536,46.02102862310491
73,66.98251603523745,45.99717400553034
74,66.99574210371732,45.9935437131364
74,66.99811659476904,45.9989347006752
74,66.99630295853075,45.995605334972225
74,66.99606540607574,45.99594655957914
74,66.99898601164273,45.99525491171683
74,66.99812075704455,45.99517521156515
74,66.99735406887618,45.999359705088786
74,66.99442064364162,45.9991967575077
74,66.99393810743729,45.99521931353268
74,66.99560734430202,45.996190290696404
74,66.99582271007492,45.998147399223114
74,66.99853153342514,45.99486775979266
74,66.99752384059738,45.99463038661387
74,66.9954161931473,45.99353864947131
74,66.9949904548882,45.997024683631246
74,66.9933992148762,45.99838923936701
74,66.99390786549138,45.998628026409115
74,66.99391300993564,45.99606768348853
74,66.99614799316117,45.99367793686522
74,66.99763414956485,45.99651128979147
74,66.9971149590523,45.995813143251
74,66.997986807647,45.99399494374535
74,66.99756245431446,45.9954435174951
74,66.99331154385148,45.998013883402905
74,66.99692737257912,45.995928081967996
74,66.9979848248744,45.99836679844473
74,66.99327389498953,45.9962010778279
74,66.99660188071702,45.99436323043617
74,66.99573360152884,45.996945755896505
74,66.9975179865481,45.997770744703395
74,66.99875513304093,45.9947999269567
74,66.99873749244188,45.99745897777994
74,66.99325080229845,45.99579560242111
74,66.99702004700787,45.998761504175455
74,66.99520803014187,45.99417778452505
74,66.99390232219187,45.996602005287244
74,66.99481574535726,45.998392046993864
74,66.99371670183913,45.99683978771565
74,66.99819405930197,45.995534602919804
74,66.99666280220086,45.998815529628416
74,66.99509511709599,45.99777069716656
74,66.99734325065492,45.99470249613535
74,66.99484321544207,45.998369880071
74,66.99861959998144,45.99658298634717
74,66.99652541679961,45.99470260342538
74,66.99306445712696,45.99460452532343
74,66.99469114737924,45.99418701511685
74,66.99674101433433,45.99469619601674
74,66.99322716182253,45.99617652041493
74,66.99569289810292,45.99704514835906
74,66.99692737257912,45.995928081967996
74,66.99291530582498,45.99676152622277
74,66.99560734430202,45.996190290696404
75,67.00501159194553,46.00152666748044
75,67.00656281706817,46.0014746754
75,66.999265015298,46.00853671906878
75,67.00138632215588,46.00849310359136
75,67.00236125724135,46.00457229896119
75,67.00447603645613,46.00159615465128
75,67.00275792504067,46.00376955494173
75,67.00402298062936,46.0049714927501
75,66.99917521440572,46.00704467901579
75,67.00114484432301,46.005419894306605
75,66.999265015298,46.00853671906878
75,67.00219743043463,46.00471973256415
75,66.99898119375405,46.00839527909863
75,67.00199565937253,46.005065229213834
75,67.00138632215588,46.00849310359136
75,67.00015818595988,46.007606867089514
75,67.00417691212596,46.00145718410286
75,66.99974969166962,46.00726242704386
75,67.00426008643402,46.005379189991864
75,67.00538123679974,46.00151202687135
75,67.00327819935194,46.005217132213446
75,67.00565725337633,46.0031299827701
75,67.00205564801212,46.003039783810266
75,67.00128930721282,46.00346527071942
75,67.00373345562737,46.00448565910799
75,67.0013102578299,46.006012195206274
75,67.00529872013406,46.000393235640566
75,66.999265015298,46.00853671906878
75,67.00362934977466,46.00556862988769
75,67.00080073026493,46.00864662712127
75,67.00464894017216,46.005116831605456
75,66.99889766643041,46.007728547067
75,67.00359188256819,46.00325036925495
75,67.0011320095831,46.006942422208226
75,67.003197223653,46.00243954819104
75,66.99995058932458,46.00597297733398
75,67.0038324223352,46.00298827364607
75,67.0001098693782,46.00523103260641
75,67.00462949502291,46.0029176397231
75,67.00031771542552,46.007554496253555
75,67.00554289104677,46.00173422686382
75,67.00450629231388,46.00105262541912
75,66.99908885501658,46.007272168998185
75,66.99980343098419,46.00753388817316
75,67.00275688410667,46.001819900052595
75,67.00146999140334,46.0078411706914
75,67.00131366305442,46.00347684386512
75,67.00501159194553,46.00152666748044
75,67.00128930721282,46.00346527071942
75,67.00656281706817,46.0014746754
75,67.00252419316425,46.002568940622105
75,67.00531829150243,46.00043965239663
75,67.00358546175633,46.003689085207455
75,67.00009712755777,46.00729597983947
75,67.00450629231388,46.00105262541912
75,67.00128930721282,46.00346527071942
75,67.00501159194553,46.00152666748044
75,66.99873394593513,46.00886970478817
75,67.00203080934239,46.0062439443719
75,67.00119923093551,46.00497025265926
75,66.99872169382962,46.00711767101168
75,67.00047823205632,46.00615945679433
75,67.00617012741158,46.00262231008656
75,67.00130645963755,46.0076907075305
75,67.00224029289606,46.00377617426826
75,67.00334287080798,46.00641858544198
75,67.00119445855525,46.00739601653953
75,67.00114484432301,46.005419894306605
75,67.00279368395171,46.00661294550279
75,67.00488818910435,46.00325362314344
75,66.99879281683327,46.00800216104028
75,67.00009712755777,46.00729597983947
75,67.00430231674552,46.003259287832336
75,67.00093069810536,46.00505539324526
75,66.99978996518632,46.0079166506458
75,67.00224029289606,46.00377617426826
75,66.99974969166962,46.00726242704386
75,66.99838255788126,46.00856582970807
75,67.00656281706817,46.0014746754
75,67.00262281213483,46.00336894119259
75,67.0059567401867,46.00092272617121
75,67.0013696944809,46.00551166861294
75,67.00280720687881,46.00498563348441
75,66.99898119375405,46.00839527909863
75,66.99953396573152,46.00538082794176
75,67.00421369548913,46.000961957272914
75,67.00282898146646,46.004858479727424
75,67.00220549217701,46.00365331917037
75,67.0013102578299,46.006012195206274
75,67.00334287080798,46.00641858544198
75,67.00529872013406,46.000393235640566
75,67.00224029289606,46.00377617426826
75,67.00339991255474,46.00414520583567
75,67.00303954100362,46.00283409246086
75,66.999265015298,46.00853671906878
75,67.00220549217701,46.00365331917037
75,67.00170013289367,46.00455339076279
75,67.00591524651604,46.00229961500361
75,67.00234498716709,46.005800850589594
75,67.00373345562737,46.00448565910799
75,67.00199951901176,46.005846316343174
75,67.00221633416776,46.00352374143061
75,67.00430231674552,46.003259287832336
75,67.00452954259491,46.00121326248974
75,67.00060065905818,46.005960765200186
75,66.99898841312732,46.00868762339533
75,67.00334287080798,46.00641858544198
75,67.00114484432301,46.005419894306605
75,67.00262281213483,46.00336894119259
75,67.00466090374786,46.00439547598611
75,67.0038324223352,46.00298827364607
75,67.00009712755777,46.00729597983947
76,67.0101382185894,46.00055108218686
76,67.01049282048866,46.006449592320294
76,67.01119431517586,46.00625934797647
76,67.01333112244365,46.003572661771294
76,67.00823179067858,46.00634988871461
76,67.01201129562618,46.00620669552228
76,67.0117292356,46.00473401703816
76,67.01337155032547,46.00331211526358
76,67.00925812681348,46.00690342483148
76,67.01157335340946,46.00051289823702
76,67.00877857427317,46.00214891155216
76,67.00985456180625,46.001850567886855
76,67.0116060312632,46.00585113940543
76,67.01303142398353,46.00437659706765
76,67.01073448191472,46.00535239005259
76,67.00746814684256,46.00457645435197
76,67.0099443673922,46.00014208095351
76,67.01071269318464,46.005756998099756
76,67.00895264081927,46.00653936329326
76,67.00945980209387,46.00445504924247
76,67.0106656942539,46.004489879884694
76,67.00972388567357,46.000954858507285
76,67.01295804731434,46.000810962629686
76,67.01249180357783,46.00087220332866
76,67.00921696908615,46.003055170610274
76,67.01279206252458,46.00309252784258
76,67.00805777259217,46.00427927546408
76,67.01063196226333,46.004595430183876
76,67.0101382185894,46.00055108218686
76,67.008950415762,46.00555668949018
76,67.0122804902477,46.002947654297145
76,67.00896394928624,46.00194458025339
76,67.00904559038908,46.0075611887576
76,67.01241030601231,46.005153215645485
76,67.0099241745938,46.000643362104405
76,67.0116463879707,46.00474099371033
76,67.00952416644715,46.000959372571714
76,67.00921696908615,46.003055170610274
76,67.01097930738858,46.004003949687885
76,67.00989346207761,46.00717777080769
76,67.01078315805239,46.00135984503032
76,67.00951847003876,46.00691989215703
76,67.00828441206643,46.00492582609282
76,67.01372406008299,46.00174128440784
76,67.01201129562618,46.00620669552228
76,67.0106475341875,46.00413286611977
76,67.01044057324822,46.00632462258459
76,67.00990244095338,46.00321541204521
76,67.01285451530435,46.00372766851818
76,67.00700043937577,46.005263175195
76,67.00933255645779,46.00257201242963
77,67.00965731635091,45.99968002742224
77,67.00724052481411,46.00172993290139
77,67.00663271872455,46.002073730375
77,67.0080056843953,46.00135286528331
77,67.00667928379384,46.001121631744354
77,67.00965731635091,45.99968002742224
77,67.00386437749921,46.00609609019161
77,67.00327819935194,46.005217132213446
77,67.0081360388811,46.00027626422594
77,67.00684640411176,46.00122698274972
77,67.00938273541517,45.998033461380714
77,67.00876071486913,46.00012588409914
77,67.00388040580896,46.004847547053856
77,67.00876071486913,46.00012588409914
77,67.00724052481411,46.00172993290139
77,67.00935360625799,45.99831682328635
77,67.00241031938211,46.00503080399713
77,67.00282898146646,46.004858479727424
77,67.00644884731751,46.00200201462189
77,67.00651529843178,46.00205226659925
77,67.00144531489308,46.00652532823152
77,67.00144531489308,46.00652532823152
77,67.00241031938211,46.00503080399713
77,66.99944998954903,46.010491156292694
77,67.0053875273307,46.00424943800243
77,67.00591524651604,46.00229961500361
77,67.0011099057123,46.009581175037546
77,67.00280720687881,46.00498563348441
77,67.00921237827448,46.000382148431804
77,67.00279368395171,46.00661294550279
77,67.00662318415955,46.00048045937136
77,67.00388040580896,46.004847547053856
77,67.00203080934239,46.0062439443719
77,67.00723584608114,46.003145268044676
77,67.00250636541887,46.00496200375252
77,67.00148992891317,46.007049439282
77,67.00673916384432,46.00318755027996
77,67.00813005907442,45.99845006614176
77,67.00978761253523,45.99896769330814
77,66.99950472163184,46.00974325913602
77,67.00412324834754,46.004262955464455
77,67.00986838535653,45.99862006744453
77,67.0049375260946,46.00230294554853
77,67.00918400889556,45.99894690213586
77,67.0077300328255,45.99881223846692
77,67.0004963931814,46.00850673802612
77,67.00965731635091,45.99968002742224
77,67.0053875273307,46.00424943800243
77,67.00476692513283,46.005747049032585
77,67.00667928379384,46.001121631744354
77,67.00664921953192,46.0033458665132
77,67.00144531489308,46.00652532823152
77,67.00362357950166,46.00647519563121
77,67.00488818910435,46.00325362314344
77,67.00834025243317,45.99935460567613
77,67.00692728913057,45.99960131305609
77,67.0001836006019,46.01016339048507
77,67.00359188256819,46.00325036925495
77,67.00875762917296,45.999689176797425
77,67.00130645963755,46.0076907075305
77,67.00723584608114,46.003145268044676
77,66.99944998954903,46.010491156292694
77,67.00181503924024,46.008144142447634
77,67.00935360625799,45.99831682328635
77,67.00573984451334,46.00416216788276
77,67.0069993056195,46.00202928155469
77,67.00723584608114,46.003145268044676
77,67.00386437749921,46.00609609019161
77,67.00986838535653,45.99862006744453
77,67.0059567401867,46.00092272617121
77,67.00214729406017,46.00611842058206
77,67.00064981378762,46.00833364461337
77,67.00274789831326,46.00666829999347
77,67.00286871723472,46.00650681085495
77,67.0098829842543,45.99844673498194
77,67.00100903870307,46.00889778553428
77,67.00451046289159,46.00548749725233
77,67.00386471492604,46.003819030316215
77,67.00543385796743,46.00435157759535
77,67.00025887517856,46.00964842019115
77,67.00224015413278,46.006840385644374
77,67.00500966144998,46.00257641598365
77,67.0005257343987,46.00938438645982
77,67.00334287080798,46.00641858544198
77,67.00410199600869,46.0060893369229
77,67.00730783438448,46.002855083900684
77,67.00820255785784,45.99974722663057
77,67.00712926829029,46.001228748485524
77,67.00388040580896,46.004847547053856
77,67.00466090374786,46.00439547598611
77,67.0049375260946,46.00230294554853
77,67.00362934977466,46.00556862988769
77,67.00601651881215,46.00237296880147
77,67.00327819935194,46.005217132213446
77,67.0077300328255,45.99881223846692
77,67.00855878141773,46.001044472714874
77,67.00500966144998,46.00257641598365
77,67.00382669334627,46.00317883813447
77,67.00215431326092,46.005698274292826
77,67.0059567401867,46.00092272617121
77,67.0086279147672,45.99959999669467
77,67.00488818910435,46.00325362314344
77,67.0049375260946,46.00230294554853
77,67.0013084686582,46.009556936866225
77,67.00556024148848,46.00111512779995
77,67.01004295028007,45.99905837071939
77,67.00648384919995,46.00028881242684
77,67.00127290217127,46.007182580237725
77,67.00181503924024,46.008144142447634
77,67.00362934977466,46.00556862988769
77,67.0085370427806,45.998948697000785
77,67.00214729406017,46.00611842058206
77,67.0059567401867,46.00092272617121
77,66.99950472163184,46.00974325913602
77,67.0001836006019,46.01016339048507
77,67.00359188256819,46.00325036925495
77,67.00080073026493,46.00864662712127
78,66.98488006534483,45.99125162335177
78,66.98219579282063,45.991853527078796
78,66.9845165871401,45.9940088331502
78,66.98325021040105,45.99345358698213
78,66.98366193320307,45.98821181120393
78,66.98243775925224,45.99356459294193
78,66.98564452260118,45.99140895151045
78,66.98254118293038,45.988570170603516
78,66.98781444750446,45.99132339760172
78,66.98579521545815,45.990812119559166
78,66.98320356947201,45.988291979760206
78,66.98763249882848,45.989460076003624
78,66.98550283704928,45.992811332351835
78,66.9837780054378,45.991707750242824
78,66.983069900443,45.99254464488981
78,66.98159157944438,45.99106403706454
78,66.98146402816809,45.99249460369117
78,66.98461397263031,45.99216850072745
78,66.98425370404212,45.99098879015803
78,66.98374194369318,45.9884865614137
78,66.98264451751578,45.9883570774617
78,66.98352739726282,45.993179955853
78,66.98133563225386,45.99023586372448
78,66.98242887505953,45.990948091897
78,66.98325437898565,45.98809108062216
78,66.9819638988633,45.99279123941648
78,66.9834651871519,45.98923530999321
78,66.98612482506866,45.98943241591352
78,66.98122462648087,45.990830032896724
78,66.98189682356488,45.989318667674034
78,66.985741173343,45.988931695412795
78,66.9833361250849,45.99206631352699
78,66.983284018794,45.99064976739763
78,66.98388176805787,45.99160103668792
78,66.98454130200915,45.987865171761264
78,66.98645418208906,45.99010202454387
78,66.9850973160039,45.99031953788497
78,66.98550491143658,45.98845013035519
78,66.98748701916767,45.989635143605604
78,66.9862579028387,45.98910099200659
78,66.98350051732803,45.99419752235986
78,66.98383899263085,45.99420343788372
78,66.98564990599344,45.989697012148476
78,66.98575176414234,45.98976490689429
78,66.98460916809825,45.98795780380549
78,66.98582859503983,45.990927788609056
78,66.98788432136882,45.99114519532191
78,66.98310631754829,45.98905163769051
78,66.98756289335974,45.990908714734594
78,66.98326576894014,45.989615318247104
78,66.98156934945662,45.989828075367
78,66.98223767054893,45.99344395125629
78,66.98366193320307,45.98821181120393
78,66.98579521545815,45.990812119559166
78,66.98602467799542,45.99313634012614
78,66.98513324141936,45.991464792900025
78,66.98314864714219,45.99366758844153
78,66.98274182033782,45.989992251333234
78,66.98314864714219,45.99366758844153
78,66.98789619304738,45.989431416747784
78,66.9846061164334,45.990011602263245
78,66.98320337695985,45.992948499108
78,66.985278527196,45.99211502212444
78,66.98835753334268,45.990914945756444
78,66.98435415739682,45.9941089299824
78,66.98604526595923,45.989838431135325
78,66.98627289912366,45.98941516967477
78,66.9835792892917,45.99356312527636
78,66.98606115631577,45.988306227458466
78,66.985741173343,45.988931695412795
78,66.98159157944438,45.99106403706454
78,66.9848380062662,45.99088559139783
78,66.98759081793155,45.991216604683714
78,66.9834651871519,45.98923530999321
78,66.9870057447765,45.98988062907426
78,66.98219579282063,45.991853527078796
78,66.9833361250849,45.99206631352699
78,66.98268690519187,45.9902932081683
78,66.98499704578741,45.990119288557175
78,66.98550491143658,45.98845013035519
78,66.98498046862116,45.99180353961265
78,66.98645418208906,45.99010202454387
78,66.98472442511431,45.9887152562351
78,66.98756289335974,45.990908714734594
78,66.98488006534483,45.99125162335177
78,66.98806791023368,45.99119363594088
78,66.98390647186363,45.9930294009308
78,66.9880791591812,45.99212771566979
78,66.98285392228242,45.9934942482457
78,66.98569642705323,45.99197866832686
78,66.98479564319733,45.98779308774139
78,66.98625275099126,45.98921767865509
78,66.98748007904915,45.99273166984869
78,66.98315877556233,45.99376751456914
78,66.98373175428517,45.99440368847558
78,66.98408265001505,45.99421352043668
78,66.98687175076982,45.989274968940954
78,66.985278527196,45.99211502212444
78,66.98383899263085,45.99420343788372
78,66.98425370404212,45.99098879015803
79,66.99889766643041,46.007728547067
79,66.99995844449087,46.00553710100262
79,66.9982341239392,46.00873339576882
79,66.99933058416515,46.00635717071813
79,66.99872169382962,46.00711767101168
79,67.00334287080798,46.00641858544198
79,67.00248029084895,46.00269410221451
79,67.0011320095831,46.006942422208226
79,67.00447582151422,46.003892100107066
79,67.00045123678098,46.008495428508944
79,67.00167159768922,46.00388304297678
79,67.00127876039556,46.007376882578534
79,67.00362357950166,46.00647519563121
79,67.00377494664426,46.00396922636249
79,67.00462949502291,46.0029176397231
79,67.00170330379983,46.004614286236205
79,66.99980343098419,46.00753388817316
79,67.00141145332333,46.003637241257
79,67.00362934977466,46.00556862988769
79,67.0001362213558,46.00717285944291
79,67.00160419096183,46.00514160411167
79,67.00252419316425,46.002568940622105
79,67.00644884731751,46.00200201462189
79,67.00380571898305,46.00526612198375
79,67.00368159310143,46.002362031783406
79,67.00417691212596,46.00145718410286
79,67.00096211563347,46.00438208895486
79,67.00581225052308,46.00228776521027
79,67.00057768987105,46.008741630291546
79,67.00339991255474,46.00414520583567
79,66.99879281683327,46.00800216104028
79,67.0038324223352,46.00298827364607
79,66.99917521440572,46.00704467901579
79,67.00224029289606,46.00377617426826
79,66.99898119375405,46.00839527909863
79,67.00447582151422,46.003892100107066
79,66.99855062314668,46.00707412837516
79,67.00114484432301,46.005419894306605
79,67.00394349846786,46.00272348674191
79,67.0013102578299,46.006012195206274
79,67.00334287080798,46.00641858544198
79,66.99875880311592,46.007325355295485
79,67.00096211563347,46.00438208895486
79,66.99830391606407,46.00840919623712
79,66.99953396573152,46.00538082794176
79,66.99888120017806,46.00652986189379
79,67.00080073026493,46.00864662712127
79,66.99917521440572,46.00704467901579
79,67.00148992891317,46.007049439282
79,67.00283524661295,46.00566144300604
79,66.99928195053796,46.007843890177966
79,67.00275792504067,46.00376955494173
79,67.00099113186157,46.006768171235926
79,67.00122254555038,46.00452804091785
79,67.0040609349759,46.00512041879798
79,66.99943954366123,46.00694762031937
79,67.00234498716709,46.005800850589594
79,66.99889766643041,46.007728547067
79,67.00430231674552,46.003259287832336
79,67.00538123679974,46.00151202687135
79,67.00248029084895,46.00269410221451
79,67.0002635809177,46.00626375315603
79,67.00009712755777,46.00729597983947
79,66.99973130058011,46.00607939739383
79,67.00048727462901,46.006128619336494
79,67.00319067008577,46.003291617167314
79,66.99928195053796,46.007843890177966
79,67.00279368395171,46.00661294550279
79,67.00321073229019,46.00336515914947
79,66.99830391606407,46.00840919623712
79,66.99917521440572,46.00704467901579
79,67.00219743043463,46.00471973256415
79,67.00421369548913,46.000961957272914
79,67.00098972745799,46.008349120649704
79,67.0001098693782,46.00523103260641
79,67.00253916884202,46.00655188361515
79,67.00447582151422,46.003892100107066
79,67.00359188256819,46.00325036925495
79,66.99877124449263,46.00722833611279
79,67.0001362213558,46.00717285944291
79,67.00373345562737,46.00448565910799
80,66.99120300771051,45.993855390175234
80,66.99430691604788,45.99609935124051
80,66.99024721218345,45.99884523023039
80,66.98862650929966,45.99581445564479
80,66.99430691604788,45.99609935124051
80,66.99154511509276,45.99925899121816
80,66.99031448767373,45.99691394811507
80,66.99168047079448,45.99527455421924
80,66.99035878998457,45.99736576408368
80,66.99058765309542,45.99687948556595
80,66.99084234538486,45.99809128071755
80,66.9904245486772,45.99502811650667
80,66.98982529458848,45.99702132909697
80,66.99099326243814,45.99785602334913
80,66.99331154385148,45.998013883402905
80,66.99053085713335,45.99625551898054
80,66.98982529458848,45.99702132909697
80,66.98864232512115,45.996037371341586
80,66.99208043020595,45.997852786420495
80,66.98929981686598,45.99583730903294
80,66.98907858775952,45.99696949372178
80,66.98990799882388,45.99754001796715
80,66.98992960487817,45.99553110902144
80,66.98873783644018,45.99849137814972
80,66.98975260810766,45.99937942652757
80,66.9894002813291,45.99617454259678
80,66.99412183027891,45.99642174078165
80,66.98999765371092,45.993927345944236
80,66.98986341680114,45.994503390405505
80,66.99102283469539,45.99780478338603
80,66.98986980379118,45.99729528017714
80,66.9892558966564,45.99530753508791
80,66.99222833154118,45.99575010115787
80,66.98992960487817,45.99553110902144
80,66.99331154385148,45.998013883402905
80,66.99212003366272,45.9991351085223
80,66.9903069569555,45.997866793825885
80,66.9883462649191,45.9977413908298
80,66.98982529458848,45.99702132909697
80,66.9894002813291,45.99617454259678
80,66.9905302063654,45.99597554238988
80,66.99399417874136,45.99398351808219
80,66.99191909445666,45.99776896374103
80,66.9903069569555,45.997866793825885
80,66.99035878998457,45.99736576408368
80,66.99342147390395,45.99806762294656
80,66.98992960487817,45.99553110902144
80,66.9937185840289,45.993911941879944
80,66.99331154385148,45.998013883402905
80,66.99134565540274,45.998123282747095
80,66.99243471129029,45.993505835731895
80,66.99355419480902,45.99757278356691
80,66.99327389498953,45.9962010778279
80,66.98940170150543,45.99697113283486
80,66.99191909445666,45.99776896374103
80,66.98914945837116,45.99856032362365
80,66.99089516362515,45.996452954858086
80,66.99029182337568,45.99821749838651
80,66.99034758016086,45.997970445727695
80,66.9937185840289,45.993911941879944
80,66.98887523757035,45.99722370335921
80,66.98868900389472,45.99509075450219
80,66.99058765309542,45.99687948556595
80,66.99139815598126,45.99813969138244
80,66.98874979872664,45.995808218435315
80,66.9890344557968,45.99550900000808
80,66.9910041618132,45.99612474790317
80,66.99304656663918,45.99776118779664
80,66.99033355045988,45.99918078992324
80,66.99116177863633,45.99997552219789
80,66.98868900389472,45.99509075450219
80,66.98999765371092,45.993927345944236
80,66.99355419480902,45.99757278356691
80,66.99362162700409,45.99773858614086
80,66.99136169688043,45.99727286265457
80,66.99255574489658,45.9981520864024
80,66.98929037073815,45.99900705375776
80,66.99237817958084,45.994864483630245
80,66.9910041618132,45.99612474790317
80,66.98834960408506,45.99661675752711
80,66.98969426179006,45.99481819623524
80,66.98959837278498,45.99873195287015
80,66.99298717247265,45.9986359333624
80,66.98979041714215,45.9985633310361
80,66.99139815598126,45.99813969138244
80,66.9905515791556,45.9946565202979
81,66.99641921495197,46.0178324695458
81,66.98865023188782,46.00094508913562
81,66.985817446664,45.99735350248513
81,67.0018991357393,45.98875722039902
81,66.98975570774684,45.99479092417546
81,67.0238011580696,46.0016803285296
81,66.9957234807536,46.02102862310491
81,67.02140531711791,46.00666145936635
81,66.98678097564913,46.00159162977672
81,67.00473141401275,45.994991320189555
81,66.98630305066156,45.988499897761734
81,66.99941070560027,45.988877703036486
81,66.98478037184208,46.01474155968482
81,67.01529378318368,46.009915512128565
81,66.9957234807536,46.02102862310491
81,66.985817446664,45.99735350248513
81,66.99103126306237,45.999226413781955
81,67.00841795670824,45.99644155747322
81,67.00268685571021,46.01828217649202
81,67.0096740964551,45.97729093552698
81,67.01586958598452,46.00930813389806
81,66.97783568354997,45.99355641502769
81,66.98911560010507,45.994024090118636
81,66.99020036465932,46.02279330558217
81,66.99273192704835,46.00853830064364
81,66.99661717205153,45.99066574249384
81,67.01527681223104,45.99463046692058
81,66.98951012089388,45.99332444112594
81,67.00258672756478,46.01643609762103
81,66.99943032942542,45.9853791810711
81,67.00535305827391,45.99959446255964
81,67.01403762756675,46.008441232354194
81,67.00303954100362,46.00283409246086
81,67.01268539533987,46.01675634323903
81,67.00579865136302,45.97598248399648
81,66.99648357188002,46.00861223732492
81,66.985817446664,45.99735350248513
81,66.9939118098421,45.98279437081064
81,66.99808841797335,46.0089766489487
81,66.98129423240077,45.9911855434867
81,66.99061731663119,45.998770918155884
81,67.0056157280006,45.985164908737325
81,67.02093632118368,46.00239583426936
81,66.98350608613218,45.98444761055869
81,67.01708818463693,46.012235683515
81,67.00509356709915,46.02424266808637
81,67.01066299711776,45.99502804132293
81,66.9948071229633,46.001412645287516
81,66.99387502834797,46.01551557367862
81,67.02244760627876,46.00876642407926
81,67.01467535873974,45.9819981959994
81,67.02290761260988,46.00846566688629
81,66.9819638988633,45.99279123941648
81,66.98037542335479,46.00742375681813
81,67.0075801351267,46.007279299217224
81,66.99753483227298,45.9929736074109
81,67.00303954100362,46.00283409246086
81,67.00216762138463,45.988987253274566
81,66.994634472973,45.99118654071916
81,66.97976239798588,45.99372743868259
81,67.0198789179083,45.991656706894354
81,67.02202789655296,45.99532657295552
81,66.99214902394404,46.02333982655878
81,66.98086473198023,45.995023598095074
81,66.99257131699459,46.0006786488175
81,66.98370464697177,46.01290465034209
81,67.00216762138463,45.988987253274566
81,66.998640400979,46.01507891456115
81,67.00841795670824,45.99644155747322
81,66.99578431377753,45.99674107508061
82,66.98668124388414,45.995020602553836
82,66.9887733505732,45.99872978982024
82,66.98990799882388,45.99754001796715
82,66.99026742595552,45.99412109675324
82,66.98813799913594,45.9939136818048
82,66.98530022060771,45.99516646681814
82,66.98789192363968,45.997091188134
82,66.98633458850745,45.997089433280856
82,66.98795795090801,45.99875674204301
82,66.99126162881728,45.995592016170036
82,66.9870171030204,45.993170385076255
82,66.98720546735164,45.99390402680866
82,66.9851766477753,45.99475294959123
82,66.9884076068719,45.99392170677505
82,66.9891697378531,45.99421450344035
82,66.99126162881728,45.995592016170036
82,66.98788647671796,45.99833598442987
82,66.98932235323616,45.9963817688213
82,66.99035878998457,45.99736576408368
82,66.99147746737468,45.99512147046005
82,66.98909545366148,45.99303970156492
82,66.99082911494504,45.99414009916819
82,66.98964967242897,45.99753070363256
82,66.98875369956932,45.994306743814036
82,66.98873783644018,45.99849137814972
82,66.98827760261159,45.99493378431736
82,66.98891843956567,45.993773079028436
82,66.98822413897044,45.99682338406669
82,66.98864232512115,45.996037371341586
82,66.98929981686598,45.99583730903294
82,66.98977631780562,45.99775939302182
82,66.99031492372767,45.996844988405144
82,66.98623641660694,45.99717346433393
82,66.98705803197153,45.9984105217375
82,66.9905515791556,45.9946565202979
82,66.98741972626267,45.99413093381358
82,66.9904454851261,45.997199693002074
82,66.99035878998457,45.99736576408368
82,66.99018253772073,45.996086979956175
82,66.98691981512395,45.9963834034953
82,66.99016840923652,45.99789558518828
82,66.98788647671796,45.99833598442987
82,66.98936130898991,45.99406728149179
82,66.98668124388414,45.995020602553836
82,66.98779036810875,45.9964175664458
82,66.98497920913356,45.99563002165101
82,66.98828700258687,45.998290846844924
82,66.9891697378531,45.99421450344035
82,66.9876255602066,45.99521501742609
82,66.98984820147373,45.99747715890146
82,66.98792292829276,45.99814833679044
82,66.99072634414277,45.99597558025017
82,66.98868900389472,45.99509075450219
82,66.98498742771552,45.99589501043528
82,66.98738995014732,45.9975699747957
82,66.99045663506936,45.99666347966569
82,66.9908576439249,45.9946493362403
82,66.98674371882653,45.99600831411278
82,66.9889139085204,45.99822167478662
82,66.98642715845624,45.994988118439274
82,66.9895949058781,45.9951481211215
82,66.98910850019561,45.99833378396449
82,66.9872018312988,45.99646547022646
82,66.98749373614969,45.99783374836068
82,66.99029182337568,45.99821749838651
82,66.98914945837116,45.99856032362365
82,66.98914945837116,45.99856032362365
82,66.98749373614969,45.99783374836068
82,66.98564674231912,45.99768500273204
82,66.98914852075286,45.99716419591666
82,66.98980482695195,45.993308896355444
82,66.99089516362515,45.996452954858086
82,66.98642458139503,45.993983422287485
82,66.98758820699166,45.99314784549439
82,66.98968119906463,45.99696995071047
82,66.98788647671796,45.99833598442987
82,66.98969896101482,45.99395210547672
82,66.9862825079474,45.995818186975534
82,66.98741323441897,45.99689817964288
82,66.98679563985974,45.99443009740468
82,66.98834960408506,45.99661675752711
82,66.98745777874333,45.99299274280974
82,66.98980482695195,45.993308896355444
82,66.98829130064172,45.99480024360224
82,66.98984820147373,45.99747715890146
82,66.9872018312988,45.99646547022646
82,66.98876396248657,45.99393964710828
82,66.98754972165911,45.9980408605655
82,66.9905515791556,45.9946565202979
82,66.9905515791556,45.9946565202979
82,66.99147746737468,45.99512147046005
82,66.98760581411865,45.9930127343793
82,66.99039334583621,45.99501739866261
82,66.98490768991049,45.996135791358405
82,66.98828970803586,45.993569722165226
82,66.9857018880941,45.99572152894221
82,66.98608494991029,45.99522589133135
82,66.9900927061923,45.99802416880556
82,66.98920011161758,45.99860408150116
82,66.98932235323616,45.9963817688213
82,66.98873783644018,45.99849137814972
82,66.987707594055,45.99744993690724
82,66.98642458139503,45.993983422287485
82,66.98682532326168,45.994951935180424
82,66.98564674231912,45.99768500273204
82,66.99132646334046,45.99616021867444
82,66.98990799882388,45.99754001796715
82,66.98535004038935,45.9942335338187
83,66.9987885093407,46.0037025959194
83,67.0001696106039,45.999919003537904
83,66.99922247098293,46.00385601754965
83,66.99987106366852,46.00250224398901
83,66.99824401965614,46.00419305040998
83,67.00000035731829,46.001922314226
83,67.0002025645741,45.99991133460108
83,66.9987885093407,46.0037025959194
83,66.99844676210452,45.99963846229411
83,66.99817840160694,46.00318932704914
83,66.99929598566138,46.0001228217143
83,66.99714756038769,46.00460487155689
83,66.99464689124198,46.00340803957611
83,66.99576396643546,46.00112258542309
83,66.99451983577558,46.00189018837874
83,66.99849165891453,46.00297195919842
83,67.00011150020256,46.00275740658849
83,66.9984914176658,46.004584864668324
83,66.99599220607146,46.003795850772875
83,66.99714756038769,46.00460487155689
83,67.00141145332333,46.003637241257
83,66.99782514941138,46.00269836176728
83,66.99732184176162,46.00215637441696
83,66.99948815133682,46.00255224074716
83,66.9948071229633,46.001412645287516
83,66.99704197909183,46.00305365890107
83,67.00130910840288,46.0046749669774
83,66.99884065823143,46.00149643063514
83,66.99757688613737,46.003759222194674
83,66.99642312832202,46.004358679088
83,66.99830365554531,46.00037959558144
83,66.99642312832202,46.004358679088
83,66.99729937202035,46.00230772193118
83,66.99483572151904,46.00168687111705
83,66.99972220632846,46.00100114017183
83,66.99451583960916,46.00254070088878
83,66.9979820168489,46.00344253424806
83,67.00130358463791,46.00092907329283
83,66.99824401965614,46.00419305040998
83,67.00128930721282,46.00346527071942
83,67.00224029289606,46.00377617426826
83,66.99757688613737,46.003759222194674
83,66.99890253462698,46.00185051740858
83,67.00170330379983,46.004614286236205
83,67.00119188911931,46.00293739003993
83,67.00011150020256,46.00275740658849
83,66.99828728964437,46.00349146322773
83,66.9956423044163,46.00330453351907
83,66.99993852234343,46.00017039382922
83,66.99642312832202,46.004358679088
83,67.00302749250098,46.0033181919627
83,66.99888607179156,46.00503232838037
83,66.99899232951972,46.00197151368893
83,66.99953846581505,45.999676260071936
83,67.00131366305442,46.00347684386512
83,66.9979820168489,46.00344253424806
83,67.00208178614865,46.00185519320122
83,67.00191949474187,46.00235448440212
83,67.00067355064516,46.003370059468416
83,67.00170013289367,46.00455339076279
83,67.00128930721282,46.00346527071942
83,67.00102530008981,46.00095080166796
83,67.00032655576298,46.00385345073447
83,67.00141145332333,46.003637241257
83,67.00110980886188,46.00129949785273
83,66.9950859262938,46.00253482017586
83,66.99624616331444,46.00296821209715
83,66.99714024339931,46.00127052135792
83,66.99896463624393,46.0005575981759
84,67.00598688775125,46.00661978991725
84,67.00828441206643,46.00492582609282
84,67.00593633024899,46.00618524408646
84,67.0051846737634,46.00208740635761
84,67.00698418478477,46.00044158546067
84,67.00579636398719,46.0056744710547
84,67.00754754938421,46.00175586875839
84,67.00985456180625,46.001850567886855
84,67.00373345562737,46.00448565910799
84,67.00871158993813,46.00113506420779
84,67.00931715517694,46.0041235684414
84,67.00885903512291,46.005449575665686
84,67.00649860543692,46.00440612300405
84,67.00464894017216,46.005116831605456
84,67.00698418478477,46.00044158546067
84,67.00685766480319,46.00104878632204
84,67.00947879751244,46.002921649415455
84,67.007522416451,46.00209367304783
84,67.00904206436459,46.00253848981677
84,67.00990244095338,46.00321541204521
84,67.01131465108976,46.00210510620653
84,67.01000640431103,46.002305841185425
84,67.00523873956598,46.00634734696662
84,67.01019546628291,46.00353409905141
84,67.00538123679974,46.00151202687135
84,67.00823652358092,46.00384438404866
84,67.00688259172432,46.00163562988283
84,67.01079212246924,46.00504464659305
84,67.01131782577926,46.00413653282421
84,67.00849704810062,46.001985587666454
84,67.0101382185894,46.00055108218686
85,66.99174832905982,46.00299248757947
85,66.99488126530002,45.99931331713656
85,66.98896906510898,46.00127023559692
85,66.99061076295281,46.00150442963413
85,66.99488752173733,46.00135505875275
85,66.99005024799435,45.99982150343065
85,66.99044107952938,46.00013681712895
85,66.9943910820284,46.000065469636326
85,66.99218690726178,46.00242655270546
85,66.99005532660952,46.00417108722251
85,66.9932574624031,46.001537395673296
85,66.99178083445676,46.000539540238044
85,66.99218602953724,46.00095891482699
85,66.99318242319809,45.99966374755416
85,66.98958969173357,46.000287895767904
85,66.99227230223906,46.00239282850737
85,66.9942585706898,46.00255145901104
86,67.00144531489308,46.00652532823152
86,66.99858199468702,46.004604731819995
86,66.9994128792095,46.00323203868314
86,67.00324825716754,46.001784448907564
86,67.00148810511105,46.002042384846284
86,67.00067355064516,46.003370059468416
86,67.00236125724135,46.00457229896119
86,67.00363189351675,46.00369942919427
86,67.00402298062936,46.0049714927501
86,67.0002635809177,46.00626375315603
86,67.00047823205632,46.00615945679433
86,67.00146193780284,46.00427814615154
86,67.00203080934239,46.0062439443719
86,67.00146193780284,46.00427814615154
86,67.00148810511105,46.002042384846284
86,67.00122254555038,46.00452804091785
86,67.00275792504067,46.00376955494173
86,67.00262044962194,46.00316732539549
86,67.00373345562737,46.00448565910799
86,67.00324825716754,46.001784448907564
86,67.00047823205632,46.00615945679433
86,67.00412324834754,46.004262955464455
86,67.0002635809177,46.00626375315603
86,67.00170330379983,46.004614286236205
86,67.0049375260946,46.00230294554853
86,66.99834771990095,46.003769711525095
86,67.00224029289606,46.00377617426826
86,67.00059406520245,46.00251619594438
86,67.00543385796743,46.00435157759535
86,66.99863619314844,46.00609966024367
86,66.9994128792095,46.00323203868314
86,66.9999898935377,46.004682864640266
86,66.99987106366852,46.00250224398901
86,67.0053861868178,46.002242601316475
86,66.99838114797446,46.003780941077686
86,67.00170330379983,46.004614286236205
86,67.00446874591188,46.00046149701789
86,67.00214729406017,46.00611842058206
86,66.99933058416515,46.00635717071813
86,67.00417691212596,46.00145718410286
86,67.00215148661273,46.00144696232405
86,67.0001098693782,46.00523103260641
86,67.00262281213483,46.00336894119259
86,67.00049299201164,46.00327486737241
86,67.00362934977466,46.00556862988769
86,67.0038324223352,46.00298827364607
86,66.99833475297514,46.00405675443254
86,67.00230789717091,46.00134643323734
86,66.99900214867876,46.00516411501801
86,67.00462949502291,46.0029176397231
86,66.99893469746114,46.00264578862793
86,66.99973130058011,46.00607939739383
86,67.00067355064516,46.003370059468416
86,67.00426008643402,46.005379189991864
86,67.00447603645613,46.00159615465128
86,66.99872411210931,46.00531406241153
86,66.99863619314844,46.00609966024367
86,66.99950696302699,46.005354391766616
86,67.00236125724135,46.00457229896119
86,66.99995058932458,46.00597297733398
86,66.99834771990095,46.003769711525095
86,67.00402298062936,46.0049714927501
86,67.00447603645613,46.00159615465128
86,67.00230789717091,46.00134643323734
86,66.99872411210931,46.00531406241153
87,66.98869590259115,46.00592158608514
87,66.9890644368899,46.00110424529011
87,66.99016840923652,45.99789558518828
87,66.99026404137763,46.00395266719367
87,66.99178083445676,46.000539540238044
87,66.99222833154118,45.99575010115787
87,66.98811362892366,46.00678028065292
87,66.98984246477717,45.99895793312596
87,66.98841696282119,46.00412416944724
87,66.99148031158002,45.99789615959209
87,66.98968053605924,45.99993315044772
87,66.9889331383614,46.005190710142486
87,66.99098378248274,45.99794964297996
87,66.99279995604032,45.99405190765518
87,66.98909312806356,46.00254040554164
87,66.99039953131776,46.004243498258084
87,66.98930859070197,45.99901627531161
87,66.99131454504774,45.99974497295725
87,66.99160692627873,45.99431706644009
87,66.99066450924488,46.00333336706451
87,66.98975690770564,46.00198053159647
87,66.98915661918932,46.002312506920525
87,66.99094506538782,46.00241772941937
87,66.98990385960283,46.0020759576132
87,66.99087194452692,45.998191833290804
87,66.9881615440702,46.00403724461554
87,66.98902065813604,45.99969262953705
87,66.99033355045988,45.99918078992324
87,66.99140147948266,45.999674095986215
87,66.98786665366534,46.00608775765855
87,66.99212003366272,45.9991351085223
87,66.9903069569555,45.997866793825885
87,66.98930859070197,45.99901627531161
87,66.98968053605924,45.99993315044772
87,66.98869590259115,46.00592158608514
87,66.99222833154118,45.99575010115787
87,66.99041362124477,46.0020556028099
87,66.9894645165311,46.00515095407351
87,66.98794789791695,46.00513052789885
87,66.98964967242897,45.99753070363256
87,66.9895595603796,46.000110224526544
87,66.99131454504774,45.99974497295725
87,66.99102283469539,45.99780478338603
87,66.99058765309542,45.99687948556595
87,66.99033355045988,45.99918078992324
87,66.98867839409779,46.002462420577785
87,66.99270620729004,45.99705085811312
87,66.98929037073815,45.99900705375776
87,66.99123749327039,46.0009823896772
87,66.99061731663119,45.998770918155884
87,66.98892207064932,46.00596264665534
87,66.99132646334046,45.99616021867444
87,66.9881615440702,46.00403724461554
87,66.99160692627873,45.99431706644009
87,66.99279995604032,45.99405190765518
87,66.9889367710179,46.003874000526615
87,66.9891995903801,46.00038160752183
87,66.98869590259115,46.00592158608514
87,66.99029182337568,45.99821749838651
87,66.99090891160334,46.00159389747206
87,66.98936539971017,45.99993348663474
87,66.99231468373819,45.998424850557306
87,66.9891090408717,46.003274106211265
87,66.98996583560191,46.005722838795975
87,66.98975690770564,46.00198053159647
87,66.9903069569555,45.997866793825885
87,66.99034117991539,46.003881694050754
87,66.9893566959915,46.002327821068874
87,66.98990385960283,46.0020759576132
87,66.99016840923652,45.99789558518828
88,67.01016505376076,46.00697721658807
88,67.0103593212822,46.00535097923964
88,67.00992260035338,46.00439667728626
88,67.01046559299638,46.00740344337835
88,67.01222378349489,46.005324899508864
88,67.010334822968,46.00463997057224
88,67.0145930505374,46.00108259542442
88,67.01378231869892,46.00057531869191
88,67.01071965385147,46.00237704701542
88,67.00959860973063,46.00479940901163
88,67.00988023678913,46.00764458729389
88,67.01160584638008,46.005464016271034
88,67.00989346207761,46.00717777080769
88,67.00985456180625,46.001850567886855
88,67.0099141044956,46.00319168567961
88,67.01352236869462,45.999622051081644
88,67.01119431517586,46.00625934797647
88,67.01432833648404,46.00516887950288
88,67.01405048898202,46.00004985722555
88,67.01333950540192,46.004954887005574
88,67.01063196226333,46.004595430183876
88,67.01336970182606,46.00374789118731
88,67.01253328764624,45.999896183638725
88,67.00956492877859,46.003969214456916
88,67.01200326605077,46.00009299579794
88,67.01304099741955,46.00515365826199
88,67.01071965385147,46.00237704701542
88,67.00966085639666,46.00678572467613
88,67.00951847003876,46.00691989215703
88,67.01200326605077,46.00009299579794
88,67.0091381665577,46.00727999518629
88,67.00859569782233,46.005352774754805
88,67.01387658733374,46.00391762310099
88,67.01279206252458,46.00309252784258
88,67.01015928740226,46.003914611590076
88,67.01284436043994,46.00113410921912
88,67.01007116469619,46.00126281213647
88,67.01208273372215,46.000577239998066
88,67.01431331007646,46.00289695973478
88,67.01336970182606,46.00374789118731
88,67.01336970182606,46.00374789118731
88,67.01079668529724,46.003784785318054
88,67.01241986192633,46.005544336628496
88,67.01333112244365,46.003572661771294
88,67.0120967670136,46.00395961632123
88,67.00982894584975,46.00387235336808
88,67.01253328764624,45.999896183638725
88,67.01220258381855,46.006885559280924
88,67.01019322315351,46.00763149346842
88,67.01295804731434,46.000810962629686
88,67.01112417593946,46.00426395215466
88,67.01303142398353,46.00437659706765
88,67.01089853327284,46.000540597418784
88,67.00989346207761,46.00717777080769
88,67.01424572854803,46.00365126400014
88,67.010805692213,46.0023329947482
88,67.0115915925743,46.00659977318505
88,67.00904559038908,46.0075611887576
88,67.0106475341875,46.00413286611977
88,67.0123423133533,46.007353321533806
88,67.01006273530771,46.00667719957797
88,67.01335067673848,46.00422737343749
88,67.01166617438389,46.00231837224267
88,67.01289959123861,46.00565271985575
88,67.01289959123861,46.00565271985575
88,67.01023354270097,46.006589083109425
88,67.01309068788,45.99967197928385
88,67.01423433918957,46.00541544957016
88,67.00990244095338,46.00321541204521
88,67.01309068788,45.99967197928385
88,67.01449604204785,46.00076268385829
88,67.0122804902477,46.002947654297145
88,67.0106475341875,46.00413286611977
88,67.0103593212822,46.00535097923964
88,67.01337155032547,46.00331211526358
88,67.01372406008299,46.00174128440784
88,67.010334822968,46.00463997057224
88,67.01222378349489,46.005324899508864
88,67.00921000581027,46.00747083058418
88,67.0139132962529,46.00463152532792
88,67.01139164045344,46.00110652451627
88,67.01211746584282,46.001227860549456
88,67.0116878815414,46.0065627968915
88,67.01127366022611,46.00768531358158
88,67.01295804731434,46.000810962629686
88,67.01298726081153,46.00063166232146
88,67.00949829805653,46.00397340132148
88,67.01063196226333,46.004595430183876
88,67.01200326605077,46.00009299579794
88,67.00904206436459,46.00253848981677
89,66.99094506538782,46.00241772941937
89,66.99349508880296,46.00102418411384
89,66.99608742204084,46.00128564835378
89,66.99608742204084,46.00128564835378
89,66.99034117991539,46.003881694050754
89,66.9906220745542,46.004365897611585
89,66.99338867188675,46.002030795353555
89,66.99361613535393,46.000533839948595
89,66.99375298003513,45.999881347693396
89,66.99371091568086,46.002016871892096
89,66.99087134833998,46.00045901659114
89,66.99264787427204,46.003768267775456
89,66.99589529118185,46.001562771306965
89,66.99423445764599,46.004033134314966
89,66.99345551280089,46.00483072990059
89,66.99087134833998,46.00045901659114
89,66.99062498093218,46.004639010562826
89,66.99423445764599,46.004033134314966
89,66.99402167092255,45.99985521222184
89,66.99168977661469,46.00421939155792
89,66.99594436689053,45.9998811008762
89,66.99131454504774,45.99974497295725
89,66.99370688573855,45.99968743019357
89,66.99447123402223,46.00212077563302
89,66.9939956938954,46.00269424669041
89,66.99017653265734,46.00186186972693
89,66.99488126530002,45.99931331713656
89,66.9915037961284,46.00131399468644
89,66.99101054565817,45.99940368283086
89,66.99096711541989,46.00364809591282
89,66.99058852760204,46.0024827256785
89,66.99608742204084,46.00128564835378
89,66.9906220745542,46.004365897611585
89,66.99319694681176,46.00329950629641
89,66.9942585706898,46.00255145901104
89,66.99058852760204,46.0024827256785
89,66.99293842478527,46.0028849937407
89,66.99005532660952,46.00417108722251
89,66.99485195754387,45.99953152893395
89,66.99264787427204,46.003768267775456
89,66.99103126306237,45.999226413781955
89,66.9915037961284,46.00131399468644
89,66.99402167092255,45.99985521222184
89,66.99572968408876,46.00032761537032
89,66.9936048427052,46.002464394737416
89,66.99540185671188,46.001699403358565
89,66.9932311039663,45.99947807831193
89,66.991509209685,46.004313332966696
89,66.9942585706898,46.00255145901104
89,66.9961146439316,46.00071938813686
89,66.98975690770564,46.00198053159647
89,66.99480860622056,46.000837296238046
89,66.98984393680932,46.00389449535962
89,66.99338867188675,46.002030795353555
89,66.9915037961284,46.00131399468644
89,66.99054142438212,46.004771379417726
89,66.99286707108439,46.001400428983
89,66.99478258498716,45.99954235874994
89,66.99264824434626,46.00415108040302
89,66.99193573923972,46.00524330172553
89,66.9961091086139,46.001099505767016
89,66.99440960775767,46.00028065613477
89,66.99131454504774,45.99974497295725
89,66.99474386926798,45.99932742338557
89,66.99026404137763,46.00395266719367
90,67.00454130915479,45.97795834979585
90,66.998640400979,46.01507891456115
90,66.98207768555208,45.98418445991352
90,66.98630305066156,45.988499897761734
90,67.00099408138638,45.98310969383456
90,66.99435225361158,45.97600584782722
90,66.99372331910774,46.00646893211439
90,67.01145473446317,45.98512528196178
90,67.00362357950166,46.00647519563121
90,67.00268685571021,46.01828217649202
90,67.01527681223104,45.99463046692058
90,66.99176779821323,46.01320136586212
90,67.00579865136302,45.97598248399648
90,67.02290761260988,46.00846566688629
90,67.00473141401275,45.994991320189555
90,67.00216762138463,45.988987253274566
90,66.97783568354997,45.99355641502769
90,67.01817644748455,45.98482051572446
90,66.98350608613218,45.98444761055869
90,66.985817446664,45.99735350248513
90,67.0238011580696,46.0016803285296
90,66.9930043548485,46.01694579102477
90,66.98556390646645,45.99579345270151
90,66.99020036465932,46.02279330558217
90,67.01963048413802,45.99653532473072
90,67.02140531711791,46.00666145936635
90,66.99273192704835,46.00853830064364
90,66.9990813390894,46.02186073818228
90,67.02093632118368,46.00239583426936
90,66.99588079187485,46.02387685901683
90,66.99859402849916,45.9928079499984
90,66.97976239798588,45.99372743868259
90,66.9883985855448,46.01002542963
90,67.00408238626784,45.999224728067
90,66.99462776536608,46.01245399480474
90,66.99061731663119,45.998770918155884
90,66.99753483227298,45.9929736074109
90,66.99173270835048,46.02113581472695
90,66.99273192704835,46.00853830064364
90,66.99239170323085,46.0072473317343
90,67.00788440627616,45.993273936600474
90,67.00143528886262,46.023443180070785
90,66.99173270835048,46.02113581472695
90,67.01653591389751,45.99030697691598
90,66.98953153084507,46.00861601791886
90,66.99015192750569,45.98364707889678
90,67.00216762138463,45.988987253274566
90,66.98459289083692,46.01832377619733
90,67.00356245299231,46.015140699170495
90,66.98370464697177,46.01290465034209
90,66.99173270835048,46.02113581472695
90,66.99061731663119,45.998770918155884
90,67.0238011580696,46.0016803285296
90,67.01980063000146,45.99699246183844
90,66.99648357188002,46.00861223732492
90,67.00356245299231,46.015140699170495
90,67.01676519605444,45.99820363629571
90,67.02213776806047,46.00917455687285
90,66.9826317296327,46.00134651737878
90,66.98642007048123,46.015837113663935
90,66.9883985855448,46.01002542963
90,67.02244760627876,46.00876642407926
90,67.01980063000146,45.99699246183844
90,66.97853502652471,45.987792795915226
90,66.99214902394404,46.02333982655878
90,67.01200734162137,46.008231560621425
90,66.99548192522653,46.02372220877147
90,66.97783568354997,45.99355641502769
90,67.00143528886262,46.023443180070785
90,66.99578431377753,45.99674107508061
90,66.97762775560155,45.99332552984827
90,67.01817644748455,45.98482051572446
90,66.99681420781434,46.00382952108197
90,66.98562068342564,45.99156057417787
90,66.9906476795222,46.006011766918775
90,66.98678097564913,46.00159162977672
90,66.98035807708717,46.00158566053604
91,67.00938273541517,45.998033461380714
91,67.0034065983249,46.00723303421166
91,67.00835661359055,46.00162059342452
91,67.01004295028007,45.99905837071939
91,67.00366247014951,46.00720803996535
91,67.00459729529362,46.00303762541432
91,67.00798127653638,45.99951138875917
91,67.00856271009563,45.99822580355954
91,67.0021973048641,46.00869021058364
91,67.00554289104677,46.00173422686382
91,67.00386437749921,46.00609609019161
91,67.00724662235919,46.00181125603449
91,67.00889732439711,45.99836975136214
91,67.00280720687881,46.00498563348441
91,67.00685766480319,46.00104878632204
91,67.00413717468584,46.003281942090396
91,67.00224015413278,46.006840385644374
91,67.0085370427806,45.998948697000785
91,67.00451046289159,46.00548749725233
91,67.0038324223352,46.00298827364607
91,67.00651115685231,46.000137564135514
91,67.00282898146646,46.004858479727424
91,67.00025887517856,46.00964842019115
91,67.00057768987105,46.008741630291546
91,67.00921237827448,46.000382148431804
91,67.00500966144998,46.00257641598365
91,67.00274789831326,46.00666829999347
91,67.00282898146646,46.004858479727424
91,67.0003583712669,46.00963020851105
91,67.00871158993813,46.00113506420779
91,67.00673916384432,46.00318755027996
91,67.00038367493556,46.009562476016576
91,67.00476692513283,46.005747049032585
91,67.00100903870307,46.00889778553428
91,67.00215431326092,46.005698274292826
91,66.99976063463552,46.009887236455164
91,67.00234498716709,46.005800850589594
91,67.00179302205251,46.009174911926095
91,67.00447582151422,46.003892100107066
91,67.00852087536246,45.99930531676661
91,67.00199951901176,46.005846316343174
91,67.00038367493556,46.009562476016576
91,67.00497080295689,46.00235505259203
91,67.00856271009563,45.99822580355954
91,67.00698418478477,46.00044158546067
91,67.007522416451,46.00209367304783
91,67.00651115685231,46.000137564135514
91,67.0081360388811,46.00027626422594
91,67.00938273541517,45.998033461380714
91,67.0032013913344,46.00412462765835
91,67.00541083975278,46.00420438491208
91,66.99944998954903,46.010491156292694
91,67.00538123679974,46.00151202687135
91,67.00656281706817,46.0014746754
91,67.00876635055985,46.00013447084045
91,67.0038324223352,46.00298827364607
91,67.00685766480319,46.00104878632204
91,67.0001836006019,46.01016339048507
91,67.00698418478477,46.00044158546067
91,67.00875675427828,45.99861072554437
91,67.00662318415955,46.00048045937136
91,67.00855878141773,46.001044472714874
91,67.00947781106687,45.99829991563006
91,67.00031771542552,46.007554496253555
91,67.00283524661295,46.00566144300604
91,67.00466090374786,46.00439547598611
91,67.00834025243317,45.99935460567613
91,67.00947346995918,45.99832699384855
91,67.00724052481411,46.00172993290139
91,67.00648384919995,46.00028881242684
91,67.00224015413278,46.006840385644374
91,67.00447582151422,46.003892100107066
91,67.00064981378762,46.00833364461337
91,67.009116992767,45.998405251326425
91,67.0069993056195,46.00202928155469
91,67.00476692513283,46.005747049032585
91,67.00688219886008,46.00359002691415
91,67.0049375260946,46.00230294554853
91,67.00025887517856,46.00964842019115
91,67.00730783438448,46.002855083900684
91,67.00382669334627,46.00317883813447
91,67.00334287080798,46.00641858544198
91,67.00359188256819,46.00325036925495
91,67.0013084686582,46.009556936866225
91,67.00199951901176,46.005846316343174
91,67.0019525142876,46.00642842527822
91,66.99974152751129,46.009500221236934
91,67.00130645963755,46.0076907075305
91,67.00274789831326,46.00666829999347
91,67.00662318415955,46.00048045937136
91,67.009116992767,45.998405251326425
91,67.0034065983249,46.00723303421166
91,66.99949518175985,46.00952054540023
91,67.00875762917296,45.999689176797425
91,67.00573984451334,46.00416216788276
91,67.0077855073926,46.00155694346948
91,67.00412324834754,46.004262955464455
91,67.00965731635091,45.99968002742224
92,66.98873783644018,45.99849137814972
92,66.9894099554227,45.99641885439319
92,66.9892926766305,45.99390468764646
92,66.9871295049981,45.99662807994026
92,66.98573638195322,45.9937799900821
92,66.98649143708137,45.99615287458726
92,66.98939153063272,45.99417070008912
92,66.9867486352711,45.99732233900789
92,66.98679563985974,45.99443009740468
92,66.99029182337568,45.99821749838651
92,66.98752788488208,45.99434999722451
92,66.98786216173254,45.99566242424931
92,66.98739671095188,45.99354016638266
92,66.98914852075286,45.99716419591666
92,66.98772767322083,45.993832511058606
92,66.98708865060053,45.99373902864647
92,66.98868900389472,45.99509075450219
92,66.98977631780562,45.99775939302182
92,66.98681655925682,45.99736554475276
92,66.98969426179006,45.99481819623524
92,66.98992960487817,45.99553110902144
92,66.98773153197541,45.9953371211252
92,66.98916082948418,45.993195109917416
92,66.98752788488208,45.99434999722451
92,66.98891843956567,45.993773079028436
92,66.98986341680114,45.994503390405505
92,66.9862825079474,45.995818186975534
92,66.989287875589,45.994193164710516
92,66.98707874488633,45.99384737049211
92,66.98984820147373,45.99747715890146
92,66.98828700258687,45.998290846844924
92,66.98951012089388,45.99332444112594
92,66.99029182337568,45.99821749838651
92,66.9871295049981,45.99662807994026
92,66.98531524825448,45.99459777186439
92,66.98708865060053,45.99373902864647
92,66.98829130064172,45.99480024360224
92,66.98633458850745,45.997089433280856
92,66.98802141813717,45.997757473655575
92,66.98634479138639,45.99542953502608
92,66.9890344557968,45.99550900000808
92,66.98997681572824,45.99535570297789
92,66.98864232512115,45.996037371341586
92,66.98939153063272,45.99417070008912
92,66.98490768991049,45.996135791358405
92,66.98497920913356,45.99563002165101
92,66.9874988822532,45.994075456146156
92,66.98805410092307,45.998405593566304
92,66.9887733505732,45.99872978982024
92,66.98932235323616,45.9963817688213
92,66.98680419525813,45.99506243321667
92,66.98939153063272,45.99417070008912
92,66.98887523757035,45.99722370335921
92,66.98775835736187,45.99584774329845
92,66.9883462649191,45.9977413908298
92,66.98829130064172,45.99480024360224
92,66.9871295049981,45.99662807994026
93,67.00895264081927,46.00653936329326
93,67.00852087536246,45.99930531676661
93,67.01586958598452,46.00930813389806
93,67.00630626227544,45.98128894674064
93,66.99642061405274,46.00018705332483
93,67.02131900542342,46.01097181441742
93,66.99648357188002,46.00861223732492
93,66.99512230802249,45.99897659522728
93,66.99642061405274,46.00018705332483
93,67.00988752874974,46.01692683385087
93,67.01046559299638,46.00740344337835
93,67.01509288289807,46.003351212725754
93,67.02131900542342,46.01097181441742
93,66.99648357188002,46.00861223732492
93,66.98914625543328,46.01146878610694
93,66.98037542335479,46.00742375681813
93,66.99633726531093,45.984883306016876
93,67.0096740964551,45.97729093552698
93,67.01544356574838,45.99265475329809
93,67.01532818954409,45.991739792162434
93,67.00535305827391,45.99959446255964
93,67.01145473446317,45.98512528196178
93,66.98642007048123,46.015837113663935
93,67.02012450766993,46.004906006033
93,67.00841795670824,45.99644155747322
93,66.98630305066156,45.988499897761734
93,67.00099408138638,45.98310969383456
93,66.99239170323085,46.0072473317343
93,66.97608646532234,45.99496876491119
93,67.00988752874974,46.01692683385087
93,67.00462428985715,46.006327294830854
93,66.99512230802249,45.99897659522728
93,67.00988752874974,46.01692683385087
93,67.00988752874974,46.01692683385087
93,67.01586958598452,46.00930813389806
93,67.0238011580696,46.0016803285296
93,67.01403762756675,46.008441232354194
93,66.98496209755164,45.982468058660366
93,67.02206410429511,46.00838173946365
93,67.01529378318368,46.009915512128565
93,67.0075801351267,46.007279299217224
93,67.01214297158648,46.009827403259756
93,66.99103126306237,45.999226413781955
93,67.00788440627616,45.993273936600474
93,66.99015192750569,45.98364707889678
93,67.01214297158648,46.009827403259756
93,66.99548494081276,46.011193254353486
93,66.98350608613218,45.98444761055869
93,67.00362357950166,46.00647519563121
93,66.99633726531093,45.984883306016876
93,67.00408238626784,45.999224728067
93,66.98948617700634,45.97978940880442
93,66.99239170323085,46.0072473317343
93,66.98556390646645,45.99579345270151
93,67.00579865136302,45.97598248399648
93,66.98345095825654,46.00278453177519
93,66.98037542335479,46.00742375681813
93,66.97783568354997,45.99355641502769
93,67.00509356709915,46.02424266808637
93,66.98556390646645,45.99579345270151
93,66.97811937286008,46.00216954262765
93,66.99176779821323,46.01320136586212
93,67.00258672756478,46.01643609762103
93,66.98478037184208,46.01474155968482
94,66.99496407836551,45.9987482899235
94,66.99034117991539,46.003881694050754
94,66.99131454504774,45.99974497295725
94,66.99162283206485,46.00425767059037
94,66.99101054565817,45.99940368283086
94,66.99212003366272,45.9991351085223
94,66.99391009420319,46.00361768729325
94,66.99478258498716,45.99954235874994
94,66.9950859262938,46.00253482017586
94,66.98980773644129,46.001155350043724
94,66.99438719990955,45.999865502003004
94,66.9939586647603,46.00214062109277
94,66.99162283206485,46.00425767059037
94,66.99249075469116,45.998456854834764
94,66.99196071908747,46.00347077381139
94,66.99465377247046,46.004376210768974
94,66.99286751114892,45.999768490248364
94,66.9915037961284,46.00131399468644
94,66.99403970478211,45.999985049947675
94,66.99572968408876,46.00032761537032
94,66.99168977661469,46.00421939155792
94,66.9936048427052,46.002464394737416
94,66.99439239559882,46.0024984506496
94,66.98984393680932,46.00389449535962
94,66.99440960775767,46.00028065613477
94,66.99248650468957,46.003971435631186
94,66.99396811379793,46.003453416872134
94,66.99061076295281,46.00150442963413
94,66.9932311039663,45.99947807831193
94,66.99115596740175,46.00392662851501
94,66.99051648033476,46.00456662799901
94,66.99352622566268,46.004382369454504
94,66.99525260946054,46.00329961988851
94,66.99323706791014,46.00075775956681
94,66.9931054644777,46.00368632771908
94,66.99239039121932,46.00274655724792
94,66.99135287326507,46.00469112642528
94,66.99309914618239,46.0031874211683
94,66.99465719222276,45.999491970640634
94,66.99576117785,46.00008978196414
94,66.99333091882943,45.9990348402941
94,66.99372194350235,46.00302006107246
94,66.99123749327039,46.0009823896772
94,66.99590196689775,46.00160336069295
94,66.99044107952938,46.00013681712895
94,66.99060957953022,46.000847329704676
94,66.99119850735228,46.00292862373553
94,66.99478258498716,45.99954235874994
94,66.99239039121932,46.00274655724792
94,66.99066450924488,46.00333336706451
94,66.99034117991539,46.003881694050754
94,66.9931054644777,46.00368632771908
94,66.99404383882113,46.002096955202724
94,66.99375298003513,45.999881347693396
94,66.99154511509276,45.99925899121816
94,66.99377075856447,46.004504428337874
94,66.99525260946054,46.00329961988851
94,66.99391009420319,46.00361768729325
94,66.99144233812457,45.99921775343669
94,66.99504626843424,46.0029348543458
94,66.99115999186527,45.999000137835644
94,66.99298717247265,45.9986359333624
94,66.99119850735228,46.00292862373553
94,66.99468654071332,46.00148458646232
94,66.99115999186527,45.999000137835644
94,66.99294852249923,46.001593125548894
94,66.99096711541989,46.00364809591282
94,66.99237977289053,46.003752497986895
94,66.99069415730273,46.00215109298099
94,66.99403970478211,45.999985049947675
94,66.99464689124198,46.00340803957611
94,66.99140519089075,46.00014963141535
94,66.99587335770865,46.00040514272874
94,66.9948828020285,45.99992277635984
94,66.99162283206485,46.00425767059037
94,66.99096711541989,46.00364809591282
94,66.99248650468957,46.003971435631186
94,66.99237977289053,46.003752497986895
94,66.99013506230638,46.00303740141907
94,66.99587335770865,46.00040514272874
94,66.99318242319809,45.99966374755416
94,66.99096711541989,46.00364809591282
94,66.99524377727292,46.00146788064607
94,66.99319694681176,46.00329950629641
94,66.99488126530002,45.99931331713656
94,66.9931054644777,46.00368632771908
94,66.9940312595118,45.99959558647587
94,66.99309914618239,46.0031874211683
94,66.99248650468957,46.003971435631186
94,66.9939586647603,46.00214062109277
94,66.99135287326507,46.00469112642528
94,66.9948828020285,45.99992277635984
94,66.99496407836551,45.9987482899235
94,66.99390786549138,45.998628026409115
94,66.99227230223906,46.00239282850737
94,66.99465719222276,45.999491970640634
94,66.99280342190293,46.00221924533156
94,66.9931054644777,46.00368632771908
94,66.99423445764599,46.004033134314966
94,66.99115596740175,46.00392662851501
94,66.991509209685,46.004313332966696
94,66.99435069254136,45.99972156159894
95,66.99582271007492,45.998147399223114
95,66.99827566943297,45.99865576996749
95,66.99505494370597,46.00020425765988
95,66.99620653995827,45.99834399605078
95,66.9938911151767,45.99731718957276
95,66.9987107266434,46.002239662878125
95,66.99827566943297,45.99865576996749
95,66.99910832455507,45.997790024887756
95,66.99941151641586,45.997936819698246
95,66.99594436689053,45.9998811008762
95,66.99890253462698,46.00185051740858
95,66.99741420477439,45.998940569376785
95,66.99628726286879,45.99983674518413
95,66.9940312595118,45.99959558647587
95,66.99549316977117,45.99885590145861
95,66.99440960775767,46.00028065613477
95,66.9949904548882,45.997024683631246
95,66.9932311039663,45.99947807831193
95,66.99480860622056,46.000837296238046
95,66.9943910820284,46.000065469636326
95,66.9979848248744,45.99836679844473
95,66.99401104253896,45.9988322364298
95,66.99899232951972,46.00197151368893
95,66.99993003813296,46.001551116512346
95,66.9949904548882,45.997024683631246
95,66.99936524735556,46.00037208703198
95,66.99582271007492,45.998147399223114
95,66.99907674497962,46.00213129877376
95,66.99510578557695,46.00118737168365
95,66.9972386821954,45.997477755950605
95,66.99579705263443,45.9970093437743
95,66.99435069254136,45.99972156159894
95,66.9975179865481,45.997770744703395
95,67.0001696106039,45.999919003537904
95,66.99400800390393,45.99880988173305
95,66.99540185671188,46.001699403358565
96,66.99061731663119,45.998770918155884
96,66.9885324020313,46.01093008640787
96,66.9809671502097,46.010170612675395
96,66.98540638220221,45.99470088271506
96,66.9930043548485,46.01694579102477
96,66.98129423240077,45.9911855434867
96,66.9906220745542,46.004365897611585
96,66.985817446664,45.99735350248513
96,67.0167280290845,46.0121988730168
96,67.01403762756675,46.008441232354194
96,66.9895949058781,45.9951481211215
96,66.98911560010507,45.994024090118636
96,66.99859898460777,46.02151789404859
96,67.01529378318368,46.009915512128565
96,66.98129423240077,45.9911855434867
96,66.97953648449602,45.99791767967242
96,66.99173270835048,46.02113581472695
96,66.9885324020313,46.01093008640787
96,66.99156470555364,45.98473885903128
96,67.02131900542342,46.01097181441742
96,67.0018991357393,45.98875722039902
96,67.00124490259145,45.9758784387304
96,67.01527681223104,45.99463046692058
96,66.97953648449602,45.99791767967242
96,67.0102792158913,45.99850255554551
96,67.01963048413802,45.99653532473072
96,67.0106475341875,46.00413286611977
96,66.98911560010507,45.994024090118636
96,67.01509288289807,46.003351212725754
96,67.00895264081927,46.00653936329326
96,67.02205985085058,45.99909235988757
96,66.99387502834797,46.01551557367862
96,66.99588079187485,46.02387685901683
96,67.00791711868817,45.978210145440755
96,66.99273192704835,46.00853830064364
96,66.9990813390894,46.02186073818228
96,66.98035807708717,46.00158566053604
96,66.99025991056062,46.001810909172
97,67.01071965385147,46.00237704701542
97,67.00904206436459,46.00253848981677
97,67.00724662235919,46.00181125603449
97,67.01080671727513,46.00349295080427
97,67.00877678826102,46.00257086514295
97,67.00476692513283,46.005747049032585
97,67.01025990383505,46.002864159563885
97,67.00617012741158,46.00262231008656
97,67.00859569782233,46.005352774754805
97,67.00581225052308,46.00228776521027
97,67.0051846737634,46.00208740635761
97,67.00500966144998,46.00257641598365
97,67.00887570485625,46.002470149542646
97,67.00992260035338,46.00439667728626
97,67.00462428985715,46.006327294830854
97,67.00386471492604,46.003819030316215
97,67.00459729529362,46.00303762541432
97,67.00426008643402,46.005379189991864
97,67.0053875273307,46.00424943800243
97,67.01080671727513,46.00349295080427
97,67.00849704810062,46.001985587666454
97,67.00819930585695,46.003333947333445
97,67.00659015293765,46.00729054779038
97,67.0101690043444,46.00561349274942
97,67.00972388567357,46.000954858507285
97,67.00724052481411,46.00172993290139
97,67.00663271872455,46.002073730375
97,67.00685766480319,46.00104878632204
97,67.00688219886008,46.00359002691415
97,67.00750440483958,46.004276280094494
97,67.01025990383505,46.002864159563885
97,67.00476692513283,46.005747049032585
97,67.00579636398719,46.0056744710547
97,67.00823179067858,46.00634988871461
97,67.00755640964873,46.00316232405368
97,67.00685766480319,46.00104878632204
97,67.00990244095338,46.00321541204521
97,67.00688259172432,46.00163562988283
97,67.01080671727513,46.00349295080427
97,67.00904206436459,46.00253848981677
97,67.00823652358092,46.00384438404866
97,67.0075801351267,46.007279299217224
97,67.00728837209093,46.00561317382847
97,67.00377494664426,46.00396922636249
97,67.00684640411176,46.00122698274972
97,67.00581513583391,46.00427811572008
97,67.00593633024899,46.00618524408646
97,67.00990244095338,46.00321541204521
97,67.00921462194265,46.00135065735414
97,67.00576007723173,46.00691203926771
97,67.01065220539789,46.00351162687807
97,67.0049375260946,46.00230294554853
97,67.00488818910435,46.00325362314344
97,67.0069993056195,46.00202928155469
97,67.00983256916626,46.00489875568661
97,67.00500966144998,46.00257641598365
97,67.00794002112181,46.006897394551736
97,67.00489198255865,46.00472030021185
97,67.0080056843953,46.00135286528331
97,67.00593633024899,46.00618524408646
97,67.00887570485625,46.002470149542646
97,67.0106475341875,46.00413286611977
97,67.01007116469619,46.00126281213647
97,67.00510905035213,46.005922533973695
97,67.0101382185894,46.00055108218686
97,67.00921462194265,46.00135065735414
97,67.00581225052308,46.00228776521027
97,67.010805692213,46.0023329947482
97,67.00447582151422,46.003892100107066
97,67.00724052481411,46.00172993290139
97,67.00380571898305,46.00526612198375
97,67.00712926829029,46.001228748485524
97,67.0075801351267,46.007279299217224
97,67.00751729989824,46.0071803694242
97,67.00672949497337,46.00603602242236
97,67.00573984451334,46.00416216788276
97,67.00767610249352,46.00465119135083
97,67.00380571898305,46.00526612198375
97,67.0052170876032,46.00613642880774
97,67.005160165068,46.006868558510796
97,67.00921462194265,46.00135065735414
97,67.00459729529362,46.00303762541432
97,67.00949829805653,46.00397340132148
97,67.00373345562737,46.00448565910799
97,67.00538123679974,46.00151202687135
97,67.00895264081927,46.00653936329326
97,67.00990244095338,46.00321541204521
97,67.00859569782233,46.005352774754805
98,66.98851691314658,46.00225581762104
98,66.99048553591778,46.00218976464242
98,66.99212003366272,45.9991351085223
98,66.9897744878142,45.99907369806516
98,66.9939956938954,46.00269424669041
98,66.98819956802257,46.000365735741795
98,66.99227230223906,46.00239282850737
98,66.9934273762737,46.00139169218309
98,66.99257131699459,46.0006786488175
98,66.99375298003513,45.999881347693396
98,66.99461345971646,46.00163462790999
98,66.99488752173733,46.00135505875275
98,66.98865023188782,46.00094508913562
98,66.9948071229633,46.001412645287516
98,66.99115999186527,45.999000137835644
98,66.99461345971646,46.00163462790999
98,66.99438719990955,45.999865502003004
98,66.9948071229633,46.001412645287516
98,66.99060957953022,46.000847329704676
98,66.99461345971646,46.00163462790999
98,66.99181179953098,46.00019979346049
98,66.99227854082122,45.9998098857755
98,66.9925454501079,46.00103920416495
98,66.99370688573855,45.99968743019357
98,66.98930375392375,46.003536014645434
98,66.99338867188675,46.002030795353555
98,66.99488126530002,45.99931331713656
98,66.99572968408876,46.00032761537032
98,66.99180535279488,46.001462961381506
98,66.9948071229633,46.001412645287516
98,66.9931054644777,46.00368632771908
98,66.99249869688228,46.00032552678775
98,66.9932574624031,46.001537395673296
98,66.99566361713828,46.00067294811261
98,66.99319694681176,46.00329950629641
98,66.9879813252066,46.002115055160964
98,66.9932574624031,46.001537395673296
98,66.99280342190293,46.00221924533156
98,66.9890618304335,46.002588761829244
98,66.98851691314658,46.00225581762104
98,66.9900036173481,46.00359994579321
98,66.9900036173481,46.00359994579321
98,66.99439239559882,46.0024984506496
98,66.99096711541989,46.00364809591282
98,66.99361613535393,46.000533839948595
98,66.99181179953098,46.00019979346049
98,66.98948032258285,46.0028775932393
98,66.99323706791014,46.00075775956681
98,66.99403970478211,45.999985049947675
98,66.99480860622056,46.000837296238046
98,66.99140147948266,45.999674095986215
98,66.99239039121932,46.00274655724792
98,66.99116177863633,45.99997552219789
98,66.99025991056062,46.001810909172
98,66.99212003366272,45.9991351085223
98,66.99184207211866,45.998532612308026
98,66.99307281731853,46.00133039375724
98,66.98912561637405,45.99972653717313
98,66.99061731663119,45.998770918155884
98,66.99259359294378,46.001589637211985
98,66.98902065813604,45.99969262953705
98,66.99566361713828,46.00067294811261
98,66.99298717247265,45.9986359333624
98,66.99485195754387,45.99953152893395
98,66.99370688573855,45.99968743019357
98,66.99286707108439,46.001400428983
98,66.99231468373819,45.998424850557306
98,66.99572968408876,46.00032761537032
98,66.99371091568086,46.002016871892096
98,66.98984246477717,45.99895793312596
98,66.99576396643546,46.00112258542309
98,66.99524377727292,46.00146788064607
98,66.98980773644129,46.001155350043724
98,66.99096711541989,46.00364809591282
98,66.99510578557695,46.00118737168365
99,67.00758858281215,45.982523046006484
99,66.99214902394404,46.02333982655878
99,66.99661717205153,45.99066574249384
99,67.01467535873974,45.9819981959994
99,66.98037542335479,46.00742375681813
99,67.00099408138638,45.98310969383456
99,66.98281018978696,46.00546158269215
99,66.99641921495197,46.0178324695458
99,66.98642007048123,46.015837113663935
99,66.998640400979,46.01507891456115
99,67.01214514649372,45.985076629055605
99,66.98948617700634,45.97978940880442
99,66.9949904548882,45.997024683631246
99,67.01708818463693,46.012235683515
99,66.99557064574103,46.01584051064926
100,67.00146193780284,46.00427814615154
100,67.00167159768922,46.00388304297678
100,66.99838114797446,46.003780941077686
100,66.99848130784613,46.00569266462741
100,67.00000035731829,46.001922314226
100,67.00160768669387,46.00032886118977
100,67.00283524661295,46.00566144300604
100,67.0033739011568,46.00123950510001
100,67.00148992891317,46.007049439282
100,66.99933975387113,46.00420681063249
100,67.00146999140334,46.0078411706914
100,66.99893469746114,46.00264578862793
100,67.00310244708186,46.004150747098485
100,67.00326995545086,46.002593276117594
100,67.00131366305442,46.00347684386512
100,67.00221633416776,46.00352374143061
100,67.00045151446874,46.00488740054727
100,66.9990371284307,46.00420543761233
100,67.00283427010402,46.00527954089034
100,67.00167159768922,46.00388304297678
100,66.99978996518632,46.0079166506458
100,66.99874888662683,46.00703640501723
100,66.9989636729719,46.00565374386444
100,66.99848130784613,46.00569266462741
100,67.00059755036274,46.000638989404706
100,67.00089295184277,46.008201066540494
100,66.99995058932458,46.00597297733398
100,66.9986907861565,46.00661069982167
100,67.0019525142876,46.00642842527822
100,67.00009712755777,46.00729597983947
100,66.99797266698052,46.00669447449454
100,66.99784538000024,46.00653787428003
100,67.00220549217701,46.00365331917037
100,66.99875880311592,46.007325355295485
100,67.00289684198914,46.003907598270374
100,67.00146999140334,46.0078411706914
100,67.00324132048581,46.00445854085151
100,67.00321073229019,46.00336515914947
100,66.99933058416515,46.00635717071813
100,66.99975128735497,46.006119271161886
100,67.00015818595988,46.007606867089514
100,66.99831329393731,46.006766804193546
100,67.00141145332333,46.003637241257
100,67.00241031938211,46.00503080399713
100,67.00321073229019,46.00336515914947
100,66.99848130784613,46.00569266462741
100,66.99848130784613,46.00569266462741
100,67.00262044962194,46.00316732539549
100,67.00303954100362,46.00283409246086
100,67.00199565937253,46.005065229213834
100,66.99948815133682,46.00255224074716
100,66.9999010053295,46.00318968909512
100,67.00093069810536,46.00505539324526
100,66.99877124449263,46.00722833611279
100,67.00148992891317,46.007049439282
100,67.00191949474187,46.00235448440212
100,67.00310244708186,46.004150747098485
100,66.99973130058011,46.00607939739383
100,67.0019525142876,46.00642842527822
100,67.00363189351675,46.00369942919427
100,66.99978996518632,46.0079166506458
100,67.00127876039556,46.007376882578534
100,66.99905620679976,46.007836556773654
100,67.00122254555038,46.00452804091785
100,67.00216882628533,46.00173502100859
100,67.00060065905818,46.005960765200186
100,67.00319067008577,46.003291617167314
100,67.0033739011568,46.00123950510001
100,67.0001098693782,46.00523103260641
100,67.00120515895553,46.00622094826241
100,67.00394349846786,46.00272348674191
100,66.99933058416515,46.00635717071813
100,66.99877124449263,46.00722833611279
100,66.99879281683327,46.00800216104028
100,66.99948815133682,46.00255224074716
100,66.9999010053295,46.00318968909512
100,67.00146999140334,46.0078411706914
100,66.99834771990095,46.003769711525095
100,67.00141008142356,46.004801745404805
100,67.00089295184277,46.008201066540494
100,66.9990371284307,46.00420543761233
100,67.00093069810536,46.00505539324526
100,67.0019525142876,46.00642842527822
100,66.99880050291053,46.006812293222715
100,67.00219743043463,46.00471973256415
100,66.99833475297514,46.00405675443254
100,66.99838114797446,46.003780941077686
100,67.00377494664426,46.00396922636249
100,67.00200944127671,46.006875354171214
100,66.99893469746114,46.00264578862793
100,67.00096211563347,46.00438208895486
100,67.00339991255474,46.00414520583567
100,66.99888120017806,46.00652986189379
100,67.00280720687881,46.00498563348441
100,66.99848130784613,46.00569266462741
100,67.00160419096183,46.00514160411167
100,66.99814273923465,46.004999913777404
100,67.00303954100362,46.00283409246086
100,67.00160419096183,46.00514160411167
100,66.9990289521115,46.00753367217745
100,66.99973130058011,46.00607939739383
100,67.00221633416776,46.00352374143061
100,67.00224015413278,46.006840385644374
100,67.00120515895553,46.00622094826241
100,67.0001362213558,46.00717285944291
100,66.9999898935377,46.004682864640266
100,67.00394349846786,46.00272348674191
100,67.00141145332333,46.003637241257
100,67.00059406520245,46.00251619594438
100,66.99922247098293,46.00385601754965
100,67.00262044962194,46.00316732539549
100,67.00220549217701,46.00365331917037
101,67.00793307480669,46.01191864023718
101,67.02213776806047,46.00917455687285
101,67.00083845748327,45.97608430590563
101,66.98975570774684,45.99479092417546
101,66.9885324020313,46.01093008640787
101,67.0238011580696,46.0016803285296
101,66.99370038450517,45.97918860610719
101,67.0198789179083,45.991656706894354
101,66.99156470555364,45.98473885903128
101,66.9859410772061,46.00365960684755
101,66.98556390646645,45.99579345270151
101,67.01214514649372,45.985076629055605
101,66.97608646532234,45.99496876491119
101,66.9826317296327,46.00134651737878
101,66.9949904548882,45.997024683631246
101,67.01933968896145,46.01434458780893
101,66.99025991056062,46.001810909172
101,66.97953648449602,45.99791767967242
101,66.98540638220221,45.99470088271506
101,67.00535305827391,45.99959446255964
101,67.00143528886262,46.023443180070785
101,66.99941070560027,45.988877703036486
101,67.00509356709915,46.02424266808637
101,66.98251603523745,45.99717400553034
101,66.98556390646645,45.99579345270151
101,66.99538080023454,45.995968825537204
101,66.98630305066156,45.988499897761734
101,66.99469651208064,46.00813357156664
101,67.0167280290845,46.0121988730168
101,67.00408238626784,45.999224728067
101,66.98207768555208,45.98418445991352
101,66.99257131699459,46.0006786488175
101,67.01145473446317,45.98512528196178
101,67.00793307480669,46.01191864023718
101,66.98951012089388,45.99332444112594
101,66.99461345971646,46.00163462790999
101,66.98251603523745,45.99717400553034
101,66.98129423240077,45.9911855434867
101,67.00454130915479,45.97795834979585
101,67.00600203137877,45.99915084660437
101,66.98037542335479,46.00742375681813
101,66.98953153084507,46.00861601791886
101,66.998640400979,46.01507891456115
101,67.00841795670824,45.99644155747322
101,66.98459289083692,46.01832377619733
101,67.00509356709915,46.02424266808637
101,67.01268539533987,46.01675634323903
101,66.9948071229633,46.001412645287516
101,66.99435225361158,45.97600584782722
101,67.00473141401275,45.994991320189555
101,67.00452929507625,46.00879131277918
101,67.01708818463693,46.012235683515
101,67.00303954100362,46.00283409246086
101,66.9819638988633,45.99279123941648
101,66.98911560010507,45.994024090118636
101,67.01653591389751,45.99030697691598
101,67.01676519605444,45.99820363629571
101,67.00788440627616,45.993273936600474
101,67.01046559299638,46.00740344337835
101,66.99681420781434,46.00382952108197
101,67.01214514649372,45.985076629055605
101,67.01403762756675,46.008441232354194
101,66.99707155752726,45.99045132780004
101,66.99175653514848,46.0189813769502
101,66.99548494081276,46.011193254353486
101,66.98059556694612,45.98576567561212
101,67.01403762756675,46.008441232354194
101,67.00758858281215,45.982523046006484
101,67.0198789179083,45.991656706894354
101,66.98642007048123,46.015837113663935
101,67.0198789179083,45.991656706894354
101,66.98865023188782,46.00094508913562
101,66.99859898460777,46.02151789404859
101,66.99642061405274,46.00018705332483
101,66.99257131699459,46.0006786488175
101,67.01532818954409,45.991739792162434
101,67.00649951912258,46.020969225318275
101,67.0140485649449,46.01313842027066
101,67.00303954100362,46.00283409246086
101,66.9990813390894,46.02186073818228
101,67.01066299711776,45.99502804132293
101,66.99661717205153,45.99066574249384
101,66.99661717205153,45.99066574249384
101,66.99257131699459,46.0006786488175
101,67.0075801351267,46.007279299217224
101,67.01708818463693,46.012235683515
101,67.00452929507625,46.00879131277918
101,67.00362357950166,46.00647519563121
101,66.99469651208064,46.00813357156664
101,67.00791711868817,45.978210145440755
101,66.99538080023454,45.995968825537204
101,66.98129423240077,45.9911855434867
101,66.99462776536608,46.01245399480474
101,67.02244760627876,46.00876642407926
101,67.01690334591456,45.99550564482926
102,66.98642007048123,46.015837113663935
102,67.00124490259145,45.9758784387304
102,67.01963048413802,45.99653532473072
102,66.994634472973,45.99118654071916
102,66.98207768555208,45.98418445991352
102,66.98630305066156,45.988499897761734
102,66.99173270835048,46.02113581472695
102,67.00362357950166,46.00647519563121
102,67.00852087536246,45.99930531676661
102,66.98448754294428,46.001707422536924
102,66.99707155752726,45.99045132780004
102,66.9885324020313,46.01093008640787
102,66.99173270835048,46.02113581472695
102,66.9885324020313,46.01093008640787
102,66.9895949058781,45.9951481211215
102,66.98059556694612,45.98576567561212
102,66.98269147167984,45.98740059553158
102,66.99461345971646,46.00163462790999
102,66.98953153084507,46.00861601791886
102,66.99175653514848,46.0189813769502
102,66.9885324020313,46.01093008640787
102,67.00452929507625,46.00879131277918
102,67.00649951912258,46.020969225318275
102,66.99222949908201,45.981771832414175
102,66.99462776536608,46.01245399480474
102,66.99435225361158,45.97600584782722
102,67.00454130915479,45.97795834979585
102,67.01295352598676,45.99635473348202
102,67.00509356709915,46.02424266808637
102,67.02202789655296,45.99532657295552
102,66.99808841797335,46.0089766489487
102,67.01532818954409,45.991739792162434
102,67.01690334591456,45.99550564482926
102,67.00198556586122,46.021343175292586
102,66.99681420781434,46.00382952108197
102,67.01403762756675,46.008441232354194
102,67.01933968896145,46.01434458780893
102,66.98345095825654,46.00278453177519
102,67.01066299711776,45.99502804132293
102,66.985817446664,45.99735350248513
102,67.00303954100362,46.00283409246086
102,67.00693516720276,46.01109097577976
102,66.9949904548882,45.997024683631246
102,66.99039953131776,46.004243498258084
102,66.99943032942542,45.9853791810711
102,66.98951012089388,45.99332444112594
102,67.00509356709915,46.02424266808637
102,67.00303954100362,46.00283409246086
102,66.97608646532234,45.99496876491119
102,66.99329282610046,45.98486741970843
102,66.99015192750569,45.98364707889678
102,67.01046559299638,46.00740344337835
102,66.99462776536608,46.01245399480474
102,66.9939118098421,45.98279437081064
102,67.00793307480669,46.01191864023718
102,66.98037542335479,46.00742375681813
102,67.02206410429511,46.00838173946365
102,66.99633726531093,45.984883306016876
102,66.97976239798588,45.99372743868259
102,66.9859410772061,46.00365960684755
102,66.98630305066156,45.988499897761734
103,66.98540638220221,45.99470088271506
103,66.99462776536608,46.01245399480474
103,66.99435225361158,45.97600584782722
103,66.98948617700634,45.97978940880442
103,66.99753483227298,45.9929736074109
103,66.98914625543328,46.01146878610694
103,67.01295352598676,45.99635473348202
103,67.01295352598676,45.99635473348202
103,66.99173270835048,46.02113581472695
103,67.01423433918957,46.00541544957016
103,67.0075801351267,46.007279299217224
103,67.01403762756675,46.008441232354194
103,67.00951771036499,45.98528693880486
103,66.9939118098421,45.98279437081064
103,67.02140531711791,46.00666145936635
103,66.98345095825654,46.00278453177519
103,66.99560734430202,45.996190290696404
103,66.99548192522653,46.02372220877147
103,66.98540638220221,45.99470088271506
103,66.98007108357002,46.00895145708295
103,66.99015192750569,45.98364707889678
103,66.98911560010507,45.994024090118636
103,66.98914625543328,46.01146878610694
103,66.994634472973,45.99118654071916
103,67.01214514649372,45.985076629055605
103,67.00535305827391,45.99959446255964
103,67.01708818463693,46.012235683515
103,67.00060065905818,46.005960765200186
103,66.97783568354997,45.99355641502769
103,67.00758858281215,45.982523046006484
103,67.00303954100362,46.00283409246086
103,66.98478037184208,46.01474155968482
103,67.00454130915479,45.97795834979585
103,67.00408238626784,45.999224728067
103,66.99753483227298,45.9929736074109
103,66.99661717205153,45.99066574249384
103,66.98911560010507,45.994024090118636
103,67.00060784356745,45.98590093257887
103,67.00258672756478,46.01643609762103
103,66.99633726531093,45.984883306016876
103,66.99462776536608,46.01245399480474
103,66.98251603523745,45.99717400553034
103,67.01933968896145,46.01434458780893
103,67.00951771036499,45.98528693880486
103,67.02131900542342,46.01097181441742
103,67.01586958598452,46.00930813389806
103,67.00988752874974,46.01692683385087
103,67.00268685571021,46.01828217649202
103,67.00895264081927,46.00653936329326
103,66.99588079187485,46.02387685901683
103,66.9859410772061,46.00365960684755
103,67.00693516720276,46.01109097577976
103,67.0106475341875,46.00413286611977
103,66.98630305066156,45.988499897761734
103,67.01214297158648,46.009827403259756
103,66.99527042931338,46.00685124879951
103,67.00143528886262,46.023443180070785
103,67.01933968896145,46.01434458780893
103,66.99462776536608,46.01245399480474
103,66.9895949058781,45.9951481211215
103,67.01214514649372,45.985076629055605
103,67.00509356709915,46.02424266808637
103,66.98911560010507,45.994024090118636
103,66.97811937286008,46.00216954262765
103,66.99661717205153,45.99066574249384
103,67.0094844487764,45.99583349591933
103,66.98496209755164,45.982468058660366
103,67.0096740964551,45.97729093552698
103,66.98345095825654,46.00278453177519
103,66.99588079187485,46.02387685901683
104,67.02202789655296,45.99532657295552
104,67.01532818954409,45.991739792162434
104,66.99527042931338,46.00685124879951
104,67.02290761260988,46.00846566688629
104,66.98448754294428,46.001707422536924
104,67.00841795670824,45.99644155747322
104,67.00600203137877,45.99915084660437
104,66.99469651208064,46.00813357156664
104,67.00408238626784,45.999224728067
104,66.9885324020313,46.01093008640787
104,67.0018991357393,45.98875722039902
104,66.99512230802249,45.99897659522728
104,66.9809671502097,46.010170612675395
104,66.99648357188002,46.00861223732492
104,67.00600203137877,45.99915084660437
104,67.01676519605444,45.99820363629571
104,66.99707155752726,45.99045132780004
104,67.00258672756478,46.01643609762103
104,66.98086473198023,45.995023598095074
104,66.99025991056062,46.001810909172
104,66.98251603523745,45.99717400553034
104,67.02213776806047,46.00917455687285
104,67.00788440627616,45.993273936600474
104,67.00303954100362,46.00283409246086
104,67.00060784356745,45.98590093257887
104,66.99560734430202,45.996190290696404
104,66.98037542335479,46.00742375681813
104,67.01527681223104,45.99463046692058
104,67.00300784318102,45.98824775196526
104,67.01933968896145,46.01434458780893
104,66.98562068342564,45.99156057417787
104,66.97783568354997,45.99355641502769
104,66.98914625543328,46.01146878610694
104,66.97853502652471,45.987792795915226
104,67.00791711868817,45.978210145440755
104,66.985817446664,45.99735350248513
104,67.0198789179083,45.991656706894354
104,66.99173270835048,46.02113581472695
104,66.9819638988633,45.99279123941648
104,66.99512230802249,45.99897659522728
104,66.99465377247046,46.004376210768974
105,66.99588079187485,46.02387685901683
105,66.99469651208064,46.00813357156664
105,67.01066299711776,45.99502804132293
105,67.01544356574838,45.99265475329809
105,67.01817644748455,45.98482051572446
105,66.99015192750569,45.98364707889678
105,66.97608646532234,45.99496876491119
105,66.98953153084507,46.00861601791886
105,66.99527042931338,46.00685124879951
105,67.00788440627616,45.993273936600474
105,66.99707155752726,45.99045132780004
105,67.01177071969379,46.00928961752752
105,66.98642007048123,46.015837113663935
105,67.01529378318368,46.009915512128565
105,67.01653591389751,45.99030697691598
105,67.0167280290845,46.0121988730168
105,66.99370038450517,45.97918860610719
105,66.98630305066156,45.988499897761734
105,67.00300784318102,45.98824775196526
105,66.99548494081276,46.011193254353486
105,66.9819638988633,45.99279123941648
105,66.99941070560027,45.988877703036486
105,67.01963048413802,45.99653532473072
105,67.00649951912258,46.020969225318275
105,66.99173270835048,46.02113581472695
105,66.98370464697177,46.01290465034209
105,66.99859898460777,46.02151789404859
105,67.00454130915479,45.97795834979585
105,66.9883985855448,46.01002542963
105,67.00630626227544,45.98128894674064
105,67.00895264081927,46.00653936329326
105,66.97783568354997,45.99355641502769
105,67.01708818463693,46.012235683515
105,66.97853502652471,45.987792795915226
105,67.00143528886262,46.023443180070785
105,67.01423433918957,46.00541544957016
105,66.9809671502097,46.010170612675395
105,66.99808841797335,46.0089766489487
105,67.0075801351267,46.007279299217224
105,67.01933968896145,46.01434458780893
105,66.97953648449602,45.99791767967242
105,66.9883985855448,46.01002542963
105,67.00356245299231,46.015140699170495
105,66.9883985855448,46.01002542963
105,66.99588079187485,46.02387685901683
105,66.99578431377753,45.99674107508061
105,66.99859898460777,46.02151789404859
105,67.00300784318102,45.98824775196526
105,67.00535305827391,45.99959446255964
105,66.99210921805803,46.0064034157375
105,66.98251603523745,45.99717400553034
105,67.00268685571021,46.01828217649202
105,66.98175215914812,46.00144667882928
105,67.00988752874974,46.01692683385087
105,66.99462776536608,46.01245399480474
105,66.98345095825654,46.00278453177519
105,67.0102792158913,45.99850255554551
105,66.98007108357002,46.00895145708295
105,66.9819638988633,45.99279123941648
105,67.00408238626784,45.999224728067
106,66.99222949908201,45.981771832414175
106,66.99661717205153,45.99066574249384
106,66.99462776536608,46.01245399480474
106,66.985817446664,45.99735350248513
106,66.99061731663119,45.998770918155884
106,66.99176779821323,46.01320136586212
106,66.99527042931338,46.00685124879951
106,66.99527042931338,46.00685124879951
106,67.00408238626784,45.999224728067
106,66.9885324020313,46.01093008640787
106,67.01145473446317,45.98512528196178
106,67.0238011580696,46.0016803285296
106,67.01708818463693,46.012235683515
106,67.01214514649372,45.985076629055605
106,66.98911560010507,45.994024090118636
106,66.9948071229633,46.001412645287516
106,66.99387502834797,46.01551557367862
106,67.0094844487764,45.99583349591933
106,66.98350608613218,45.98444761055869
106,67.00324273077679,45.97888455092311
106,67.00083845748327,45.97608430590563
106,67.01509288289807,46.003351212725754
106,66.98129423240077,45.9911855434867
106,67.00060065905818,46.005960765200186
106,66.99641921495197,46.0178324695458
106,67.0094844487764,45.99583349591933
106,66.97608646532234,45.99496876491119
106,66.9957234807536,46.02102862310491
106,66.99020036465932,46.02279330558217
106,67.00649951912258,46.020969225318275
106,67.00788440627616,45.993273936600474
106,66.98350608613218,45.98444761055869
106,66.98948617700634,45.97978940880442
106,67.00454130915479,45.97795834979585
106,67.01653591389751,45.99030697691598
106,66.97762775560155,45.99332552984827
106,66.99588079187485,46.02387685901683
106,66.98948617700634,45.97978940880442
106,66.98911560010507,45.994024090118636
106,66.99372331910774,46.00646893211439
106,66.99681420781434,46.00382952108197
106,66.99461345971646,46.00163462790999
106,67.01898666647584,45.99722649603516
106,66.99462776536608,46.01245399480474
106,67.0056157280006,45.985164908737325
106,67.00600203137877,45.99915084660437
106,66.9948071229633,46.001412645287516
106,67.00791711868817,45.978210145440755
106,66.99173270835048,46.02113581472695
106,67.01145473446317,45.98512528196178
106,67.00793307480669,46.01191864023718
106,67.01963048413802,45.99653532473072
106,66.998640400979,46.01507891456115
106,66.99707155752726,45.99045132780004
106,66.98251603523745,45.99717400553034
106,66.99642061405274,46.00018705332483
106,67.02244760627876,46.00876642407926
106,66.98426823526778,46.00114073866475
106,66.97608646532234,45.99496876491119
106,67.01403762756675,46.008441232354194
106,66.97953648449602,45.99791767967242
106,66.98630305066156,45.988499897761734
106,66.99578431377753,45.99674107508061
106,66.98175215914812,46.00144667882928
106,66.98496209755164,45.982468058660366
106,66.98175215914812,46.00144667882928
106,66.98370464697177,46.01290465034209
106,66.99999386312254,45.98641877078037
106,66.9948071229633,46.001412645287516
106,66.99462776536608,46.01245399480474
106,66.99020036465932,46.02279330558217
106,66.99103126306237,45.999226413781955
106,66.99859402849916,45.9928079499984
106,66.98562068342564,45.99156057417787
106,66.99103126306237,45.999226413781955
106,67.00509356709915,46.02424266808637
106,66.98086473198023,45.995023598095074
106,67.01145473446317,45.98512528196178
106,67.00060784356745,45.98590093257887
106,66.9930043548485,46.01694579102477
106,66.985817446664,45.99735350248513
107,66.99753483227298,45.9929736074109
107,67.01527681223104,45.99463046692058
107,66.98037542335479,46.00742375681813
107,66.99368849197063,45.97840874107392
107,67.01898666647584,45.99722649603516
107,67.0167280290845,46.0121988730168
107,66.99103126306237,45.999226413781955
107,66.99462776536608,46.01245399480474
107,67.0238011580696,46.0016803285296
107,66.98951012089388,45.99332444112594
107,67.00060784356745,45.98590093257887
107,67.01708818463693,46.012235683515
107,67.00060065905818,46.005960765200186
108,66.99999386312254,45.98641877078037
108,67.0018991357393,45.98875722039902
108,66.98459289083692,46.01832377619733
108,67.00741292546992,46.021086179983904
108,67.01529378318368,46.009915512128565
108,66.98207768555208,45.98418445991352
108,66.97976239798588,45.99372743868259
108,67.00600203137877,45.99915084660437
108,66.99548494081276,46.011193254353486
108,67.0102792158913,45.99850255554551
108,67.01177071969379,46.00928961752752
108,66.99349637830474,46.016250159198634
108,66.99753483227298,45.9929736074109
108,66.99548494081276,46.011193254353486
108,66.99239170323085,46.0072473317343
108,66.97762775560155,45.99332552984827
108,66.99061731663119,45.998770918155884
108,66.98251603523745,45.99717400553034
108,67.00649951912258,46.020969225318275
108,67.00649951912258,46.020969225318275
108,66.98865023188782,46.00094508913562
108,67.00258672756478,46.01643609762103
108,67.01295352598676,45.99635473348202
108,66.98496209755164,45.982468058660366
108,67.01527681223104,45.99463046692058
108,67.0106475341875,46.00413286611977
108,66.9939118098421,45.98279437081064
108,67.01690334591456,45.99550564482926
108,66.99642061405274,46.00018705332483
108,66.99527042931338,46.00685124879951
108,67.00454130915479,45.97795834979585
108,66.99061731663119,45.998770918155884
108,67.00303954100362,46.00283409246086
108,67.00452929507625,46.00879131277918
108,66.99239170323085,46.0072473317343
108,67.02202789655296,45.99532657295552
108,67.00509356709915,46.02424266808637
108,66.99370038450517,45.97918860610719
108,67.00895264081927,46.00653936329326
108,66.98948617700634,45.97978940880442
108,67.00462428985715,46.006327294830854
108,67.01177071969379,46.00928961752752
108,67.00124490259145,45.9758784387304
108,67.00793307480669,46.01191864023718
108,66.99469651208064,46.00813357156664
108,66.99943032942542,45.9853791810711
108,67.01295352598676,45.99635473348202
108,66.98059556694612,45.98576567561212
108,66.99943032942542,45.9853791810711
108,66.98708348920319,46.000232942530104
108,66.9895949058781,45.9951481211215
108,67.00362357950166,46.00647519563121
108,67.01268539533987,46.01675634323903
108,67.00303954100362,46.00283409246086
108,66.9948071229633,46.001412645287516
108,67.01586958598452,46.00930813389806
108,67.00951771036499,45.98528693880486
109,66.98059556694612,45.98576567561212
109,66.98914625543328,46.01146878610694
109,67.01676519605444,45.99820363629571
109,66.9883985855448,46.01002542963
109,67.0018991357393,45.98875722039902
109,66.99538080023454,45.995968825537204
109,66.98708348920319,46.000232942530104
109,66.99941070560027,45.988877703036486
109,66.98540638220221,45.99470088271506
109,66.97976239798588,45.99372743868259
109,66.99557064574103,46.01584051064926
109,66.99633726531093,45.984883306016876
109,66.99859898460777,46.02151789404859
109,66.9948071229633,46.001412645287516
109,66.9895949058781,45.9951481211215
109,66.98630305066156,45.988499897761734
109,67.00579865136302,45.97598248399648
109,66.98269147167984,45.98740059553158
109,67.01423433918957,46.00541544957016
109,67.0106475341875,46.00413286611977
109,66.99578431377753,45.99674107508061
109,66.99642061405274,46.00018705332483
109,67.00303954100362,46.00283409246086
109,67.01066299711776,45.99502804132293
109,66.98175215914812,46.00144667882928
109,66.99681420781434,46.00382952108197
109,67.01066299711776,45.99502804132293
109,67.0140485649449,46.01313842027066
109,66.99461345971646,46.00163462790999
109,67.00841795670824,45.99644155747322
109,66.99642061405274,46.00018705332483
109,67.0238011580696,46.0016803285296
109,67.01295352598676,45.99635473348202
109,67.00258672756478,46.01643609762103
109,66.9895949058781,45.9951481211215
109,67.00630626227544,45.98128894674064
109,67.01177071969379,46.00928961752752
109,66.98911560010507,45.994024090118636
109,66.99859898460777,46.02151789404859
109,67.01676519605444,45.99820363629571
109,66.99859898460777,46.02151789404859
109,66.9930043548485,46.01694579102477
109,67.00788440627616,45.993273936600474
109,66.99273192704835,46.00853830064364
109,67.00852087536246,45.99930531676661
109,66.99808841797335,46.0089766489487
109,66.97608646532234,45.99496876491119
109,66.98448754294428,46.001707422536924
109,66.99462776536608,46.01245399480474
109,66.994634472973,45.99118654071916
109,66.99859402849916,45.9928079499984
109,66.98007108357002,46.00895145708295
109,66.99025991056062,46.001810909172
109,66.99156470555364,45.98473885903128
109,67.01403762756675,46.008441232354194
109,67.00452929507625,46.00879131277918
109,66.98459289083692,46.01832377619733
109,66.99025991056062,46.001810909172
109,67.00268685571021,46.01828217649202
109,67.00473141401275,45.994991320189555
109,66.97953648449602,45.99791767967242
109,67.00300784318102,45.98824775196526
109,66.99633726531093,45.984883306016876
109,67.0056157280006,45.985164908737325
109,67.00741292546992,46.021086179983904
109,66.99681420781434,46.00382952108197
109,67.00452929507625,46.00879131277918
109,67.01214297158648,46.009827403259756
109,66.99176779821323,46.01320136586212
109,66.99941070560027,45.988877703036486
109,67.00462428985715,46.006327294830854
109,67.01933968896145,46.01434458780893
109,66.9819638988633,45.99279123941648
109,66.99753483227298,45.9929736074109
109,67.00951771036499,45.98528693880486
109,66.99661717205153,45.99066574249384
110,66.98865023188782,46.00094508913562
110,66.98370464697177,46.01290465034209
110,66.99859898460777,46.02151789404859
110,66.99707155752726,45.99045132780004
110,66.99578431377753,45.99674107508061
110,66.998640400979,46.01507891456115
110,67.0238011580696,46.0016803285296
110,67.01046559299638,46.00740344337835
110,66.9826317296327,46.00134651737878
110,66.998640400979,46.01507891456115
110,66.994634472973,45.99118654071916
