gene,x,y
1,87.96554731456452,55.97612328817183
1,87.99594450278923,55.98826303393376
1,88.00182003300539,56.0054198095289
1,88.00322825660555,56.00110080545784
1,88.00826425103617,55.99186102432123
1,87.96905124495395,56.03450722638101
1,87.98636536898977,55.997031741026845
1,87.99239077493499,55.95833986769852
1,87.9980981320171,56.0305909171653
1,87.98297560890126,56.01344042662147
1,88.03092746714447,55.961779950397364
1,88.03343990792692,56.03264481616935
1,88.0150385065556,55.989769344524284
1,87.98794795120648,56.02599122506493
1,87.97821672489522,56.038540464487824
1,87.95840630830122,56.004234797937144
1,88.0291446805046,55.986947166553044
1,88.01480960728207,55.98250548139755
1,87.97945890073291,55.9872545714314
1,88.0157170661413,55.98369613450725
1,87.98408577793366,55.97273058705909
1,88.03713740207266,55.979594138659884
1,87.9754131352325,56.021045790414895
1,88.00250090072986,56.01060726979984
1,88.01467497555174,55.98027323486567
1,88.0044480938752,56.00039217121222
1,87.98161201885343,55.96108592069028
1,87.98789279325541,56.00107244503515
1,88.02613567317843,56.03623480020764
1,87.98331863548955,55.9545899466134
1,88.01517848291842,56.003091298246495
1,87.96209807404459,56.00709320367983
1,88.01923198178781,56.02553752770665
1,87.99054879871586,55.97688862498959
1,88.01805941176987,56.02162328980231
1,88.0390012567908,55.98055187240653
1,87.99920734343686,55.99331683846022
1,88.02383741414232,56.00674810131538
1,88.03878951158644,55.999630217431275
1,88.04141731079996,56.019481788521354
1,88.00475525321828,55.9983595376001
1,87.97292107684284,56.00221309180831
1,87.96553770190086,56.013710201862246
1,88.02263468784658,55.977543798914155
1,87.98535752412752,55.98593895846143
1,88.01392429146304,55.95600984598041
1,88.00321120349459,56.01017803540383
1,87.97166561549453,55.991933127045705
1,88.02154998035164,56.02787962494079
1,87.97282473997575,55.995019916098
1,88.02671951801986,55.986860221858535
1,88.00787944337452,55.95249519305887
1,87.99702427327524,55.96566989847627
1,87.99837677710683,55.96108306527598
1,87.98505003406491,55.97341026851016
1,88.01415578881969,55.96043218183108
1,87.97924372552515,55.95474391132398
1,87.96194239189703,55.96906103288057
1,87.96979068472778,56.00923351754557
1,88.03321418546135,56.02454090029379
1,87.95698017947392,55.9781284701193
1,88.03394339549178,55.9860365512386
1,87.9929909787644,55.99368693978683
1,88.00639134200956,55.96773036927391
1,87.99534555349997,56.03172953179174
1,87.9718510334383,56.02413432078636
2,88.02674236537297,56.011978782439726
2,88.00001139016469,56.00742294584159
2,88.01649796130823,56.00254199705901
2,88.01469711146967,55.987416912340144
2,87.96259000679412,55.98361321761632
2,87.97685133802366,55.97689509866183
2,87.97605495358569,55.99274860849762
2,88.00655281479693,55.98632807637891
2,87.9877397898834,55.96617099935713
2,88.01570888748358,55.975593141854176
2,87.96517330956881,56.006279937900295
2,88.0176854715216,56.01397836791847
2,88.00452160537144,56.024499013517804
2,87.98609546493572,55.984657975952096
2,88.00720288806274,56.0081549994101
2,88.00593428182196,56.017923059389624
2,87.97495099884695,55.96026721975963
2,87.9889511001751,56.00793877966913
2,87.96046270717561,55.97979571804044
2,87.98906798892831,55.98124839846726
2,88.01656235788542,56.00664531421881
2,88.0034044837081,55.97933552398773
2,87.98006520536609,56.000825567370946
2,87.99972669564775,55.99711525289488
2,88.01656235788542,56.00664531421881
2,88.02843821803174,55.96905478975313
2,87.98321673981495,56.023058751794025
2,88.00805697934149,55.95812894662683
2,88.01519077628163,55.986580949495405
2,88.02093398144196,55.981309016924406
2,87.98536806141333,56.03492585962862
2,87.98797844712497,55.98212605463544
2,88.02046547262687,56.00118869806923
2,87.97082978446277,55.99367327823174
2,87.99671521701767,55.97385253136628
2,88.00259041495792,56.01949064510147
2,88.00148889765019,56.03697054566036
2,87.99629107986566,55.99454833019455
2,88.01886424420424,56.01376996589594
2,87.99740519670128,55.97231833906795
2,87.98390243865927,55.97084912092354
2,88.01517848291842,56.003091298246495
2,87.98725226808047,55.97264748756997
2,88.01259195087074,55.97226653574164
2,87.99481415919125,55.971404786522285
2,87.99654907525606,56.01741373682609
2,88.00160771078122,55.981311708645556
2,88.01749941042647,56.006630279481094
2,88.00715663256503,56.01520427445861
2,88.00051173830032,55.980631027179314
2,87.98403823341272,56.01288228341011
2,87.97593406630348,56.014890788834464
2,87.99540193453065,56.00536742946666
2,87.99243209388278,55.99482891365442
2,87.99260468099212,55.99119367411709
2,88.02572866525124,56.022420292393335
2,87.97295946390057,55.95900051609621
2,87.98545962876041,55.96944180211943
2,88.01625132022036,56.0210697748049
2,87.9873547691146,55.985436858356856
2,87.99461939873966,55.99921625489524
2,87.97571185771226,56.01651617382515
2,87.99607419362209,55.96352002414962
2,87.99167586467607,56.014962652950985
2,87.97765323509856,56.01277726951184
2,88.03423991952097,55.98517219149374
2,88.04717509761649,55.99184151888805
2,87.97356459316788,56.00606382936514
2,87.99200544791923,55.99457676445661
2,88.02938122599794,55.97650187717314
2,87.98939700389893,55.99763808208696
2,87.95929964619559,56.00090823750296
2,88.00421491872036,55.952403958667645
2,88.015130695619,56.01229790156067
2,88.03338457726174,56.02196979195113
2,87.98336896188616,56.0357987454396
2,87.99624776472746,55.99228316828705
2,88.00701253898241,56.00017889898395
2,88.0078488524928,56.01418312162198
2,87.99517860450271,55.99788150262603
2,87.99606505068638,55.97594323382439
2,87.97512047465275,55.98139129823313
2,88.01256786503004,56.015905014966
2,88.0283332855795,56.027537468725576
2,87.98694398146635,56.02082939396541
2,88.0132924888668,55.96882927916311
2,88.01004754804347,55.97129076933091
2,87.95166589304861,55.99587634759587
2,87.99050649937502,55.99592928230815
2,88.00812926759987,55.978967589247084
2,87.9923174556451,55.999823610085016
2,87.98513816327629,55.983831414267776
2,87.99238006651068,55.97890471244425
2,88.00798646409653,56.013699205218344
2,87.98278326997313,55.974812789392786
2,87.99323769275644,56.01472779406803
2,88.02693313621386,56.01082327692702
2,88.00839468326346,55.96764894586537
2,88.02351598857621,55.97642977648896
2,88.03517895618764,55.969549614016806
2,87.99411895149848,55.99070357521501
2,87.99390231134198,55.98225395379416
2,88.01689505156018,55.98856761190614
2,87.9745138823666,55.99812045393053
2,88.00061657035954,56.024525749028655
2,87.99901443427102,55.97439194859086
2,87.98087321588541,55.997210997689635
2,87.9698701261428,55.99713226176575
2,88.01458303347319,55.9771260469664
2,87.99480976060522,55.991395759768984
2,87.95935432735496,55.99031466181077
2,88.02170454178152,56.01722325921293
2,88.02422017335756,55.99177352416654
2,88.02237391485272,55.97457790497173
2,88.00148592097183,56.013955247679945
2,87.98092771132029,55.99949300722986
2,88.01431354453224,55.97165371157819
2,87.96805707498119,55.99568234933916
2,88.03862394425425,55.989308031239965
2,88.00341265781704,56.000351340664544
3,87.99631130671153,55.96211345898308
3,88.02844802312445,55.998024188411044
3,87.95135735714229,55.99326252764539
3,88.00851288545046,56.01772203760367
3,87.96629421142472,55.97575540545541
3,88.04785316502925,56.000139839850846
3,88.0271501194683,55.99589772957795
3,88.02034460954964,56.01700756347408
3,87.98810768171293,56.02916390865394
3,87.96619998670468,55.982225862658666
3,87.96134283293796,56.016801181521735
3,88.01670878349496,55.993811365691165
3,88.00474264526304,56.01489369550679
3,87.97479182694853,55.97423758517953
3,87.96229364943919,56.02048061885939
3,88.00890831163403,56.02064658541203
3,87.98832247017683,55.99593040405357
3,87.97898948622357,56.04096767331137
3,88.00440407616124,56.00681537781566
3,87.9679945851887,56.022810295729535
3,87.98417223391395,56.03786206718914
3,88.00339139101344,56.01272285722892
3,87.9885804241999,56.02206452208806
3,87.9988381821868,56.00121848734938
3,88.0403446122395,56.00196059527304
3,88.03349376653033,56.01993148486216
3,87.97480285878075,55.99185712237914
3,87.99026731586599,56.04621312146783
3,87.96158487929469,56.02523719795846
3,88.03952847840367,56.00726468071948
3,88.045216486284,55.99343689559654
3,88.0136725742706,55.996036058457385
3,88.01796896987925,55.962953807666565
3,88.03627185160599,56.00995980317342
3,88.00008376993453,56.01292656457791
3,88.02376435979083,55.966740305657694
3,88.02466819081566,56.02942795274381
3,87.96976040238667,55.965066099970656
3,88.01262280378167,55.965606233242134
3,87.99165172540867,56.02417672462281
3,87.96329293808996,56.01682018313114
3,88.00663294659171,55.97242559125469
3,88.00457708394671,55.952570596596175
3,88.00946894093929,56.00240557127892
3,87.99970596244906,55.99991263005754
3,88.03854812810769,55.99322451846022
3,88.02721350757399,55.98038121498268
3,87.9552872895091,56.00560761876158
3,87.98162399552214,55.99660700253608
3,87.99867786098282,56.02182523326252
3,87.98049332080657,55.95906165408029
3,87.99283502360292,55.97864256116149
3,87.9946898916944,55.9729859643403
3,87.99333105155148,56.0098273745409
3,88.00597806855144,56.04636170707086
3,87.98841740658582,55.971269624345595
3,88.02918828864053,55.99875806285062
3,87.97316760987842,56.023939253749795
3,87.95944177736568,55.99388712154542
3,87.99019712938804,55.957658560904235
3,87.99060070183388,56.026918184059966
3,87.98771088878046,55.99216630336794
3,87.9724513636663,55.997871023684574
3,87.99268830340185,56.04260823155462
3,87.97108429218243,56.0184210804198
3,88.0161092684535,55.965247633267516
3,88.01057147794559,55.98384933210716
3,87.99992294471016,56.03357806023165
3,88.01690763204894,55.97482407699907
3,87.96662974059595,55.978884662296494
3,87.9846093113218,56.01949546663008
3,87.9601766478163,56.01096304384814
3,87.99628797120099,56.03477871945944
3,88.0072909778466,56.01202590343417
3,87.96879980969965,55.97497926312382
3,87.95549593630858,56.0115865299089
3,87.9981790589606,55.96187372152767
3,87.99892501799215,55.975740737679686
3,88.01013672088766,55.9891308996444
3,88.0255955120723,55.990368247148474
3,88.02188563142056,55.96259493349719
4,88.02601584351932,56.04135786711181
4,87.96801215178638,56.010873442087195
4,87.99702427327524,55.96566989847627
4,87.9948789339872,55.953641704479864
4,88.01616309915939,56.002645777533
4,88.02308967655537,56.0247376043229
4,88.01821875665682,56.00523814756376
4,87.97200267873704,55.962044977883615
4,88.00283734822162,56.00794937380711
4,87.96759897503449,56.03203256695665
4,87.97311235822782,55.99386065460253
4,88.02926777649077,56.01422163738723
4,88.00819729690913,55.966257018461555
4,87.99287914535176,55.95991347160806
4,87.99270963496159,55.99843525092632
4,87.96829272020446,56.0346846640977
4,87.95663187687431,56.0173843700845
4,87.95993342050627,56.0127601430131
4,87.97785384770941,56.02870411416134
4,87.98401347883608,55.98905899499409
4,88.00307764848533,55.962502148255304
4,88.0471922057001,55.99408488682398
4,88.02568243993083,56.0242537034636
4,88.03447912801566,55.97669927078141
4,87.99899004502618,55.96959214202879
4,87.99946388209638,56.0321842229428
4,88.02040593861217,56.01454303116391
4,88.00408697233591,56.00663906142961
4,87.99158225648759,55.96340531976075
4,88.00246016182132,55.971598670866626
4,87.98535291401203,55.96049289979095
4,87.95971592378427,55.97314609701052
4,87.95763192407131,55.97869940759021
4,88.01721739594356,55.995563322425625
4,88.01985178944254,56.005664552146214
4,87.9907153466604,56.002489224968734
4,88.00926919175579,55.99719440145204
4,87.95651244105106,55.98417587750964
4,87.96063423958677,55.978204821723025
4,87.96036090268595,56.000871034896626
4,87.965064339341,56.010473126696766
4,87.99585426572284,55.993196771960534
4,88.0198807506064,56.02106533910502
4,87.96757503614974,56.0047672840387
4,88.01135773422608,56.04601320445009
4,88.00305270590978,55.990151757339746
4,87.98319937202335,56.00377644479539
4,87.97221252253414,56.029955957554066
4,88.03247706179471,56.006313543001596
4,87.99310888659083,55.970862231928635
4,87.97207568824763,55.979417893816525
4,87.97338528068757,55.973695338008405
4,88.01254610692172,55.997696727531384
4,87.98727353366152,55.989934435605555
4,87.9972646894867,55.9957951401039
4,88.02252734166662,55.9787948140099
4,87.99524766004005,55.97569347198283
4,88.03250669917585,56.01590735947375
4,87.99222118341888,56.03544191799318
4,88.02147105573079,55.971242734705186
4,87.99714010877122,56.03120034683548
4,88.04678189286818,56.013605313533105
4,87.97888396995998,55.96483754396429
4,88.0291526880357,56.009571122150035
4,87.989770874543,56.02541614417156
4,88.04319430233303,56.010012026715636
4,87.97758904256683,55.9695238502803
4,87.98551149051511,56.01916731282329
4,87.9751366335642,55.96276810852864
4,88.03529984244628,55.97193723545037
4,88.0150426575884,55.98108693390154
4,87.98352282600868,56.03534068380811
4,87.98901793616004,55.98588804329566
4,88.03248582576917,56.0243700208341
4,88.04810831088027,55.98865067181184
4,88.00640096917819,55.956710324087766
4,88.00084645157617,56.03036341268283
4,87.97164125894169,55.99957247887875
4,87.99207055433685,55.98173698323483
4,88.04084185604512,55.97364413786081
4,88.00487891866464,55.98413891877606
4,88.00902474335652,56.038471049254625
4,87.95348016907823,56.01685371649256
4,87.96888731405589,56.02023559236
4,87.99670410770949,55.996044685937626
4,88.02525712731459,56.02087767328219
4,87.96023594900784,56.01689427158798
4,87.97581514531088,55.96775360778355
4,88.03120778877292,56.026168647643864
4,88.01228819463122,56.042596227680306
4,88.02129546672643,55.987416203565445
4,87.97677187994475,56.04025665200322
4,87.99090564376314,56.02089359800973
4,87.99699696284742,55.98578113388135
4,88.04712699621497,55.988006809374625
4,88.00808257515078,56.00877709362675
4,88.00329523590797,55.959031671413584
4,87.98104975360985,56.0041408042642
4,87.97591715060584,56.04035406128849
4,87.97817820166063,56.031849492160944
4,87.96621822597531,56.0031428755901
4,87.98485765017192,56.03681931209808
4,88.03250386483569,56.01555156576014
4,87.99775669130338,56.02769354582284
5,88.00943073639456,55.957291203684925
5,88.00116043065191,56.04445916991038
5,88.0320855065289,56.02140466230452
5,87.99303097160806,56.030223248885555
5,88.00166761544983,56.00273233219626
5,87.97442554652832,56.00750708969955
5,87.9990983995641,56.00087094838039
5,88.01887623439696,55.999711909216586
5,88.02443219356267,56.00310004708189
5,88.01884535771117,56.03028631129823
5,88.0311565685227,56.03357575223353
5,88.01817497483431,56.02902031333778
5,88.04170540667553,56.0133096978731
5,88.03990434095616,55.98530275414651
5,87.98508232952337,55.98484611052724
5,87.96460326874669,55.96961206469795
5,88.03105728780582,56.03614323953808
5,88.00240634501371,56.02623052041611
5,88.02578561035524,55.95979497488824
5,87.98064056798482,55.9997301840459
5,88.04368249450313,55.99191467780376
5,88.04563145528712,55.99309820456547
5,87.98908194590456,55.98179715307998
5,88.01525974391772,56.01520939200194
5,88.02389471867563,55.996473364568985
5,88.03620388100572,56.004462760731826
5,88.02575764480926,56.007986912020726
5,87.99920854012716,56.0237421891381
5,88.0408568754024,55.97424482860555
5,87.97444042087602,55.96189677949514
5,87.99985648293587,55.97947673522062
5,88.01999228308314,55.97543818430482
5,88.00108522231118,55.990978194922
5,88.02738999352155,56.00725052510465
5,88.00620823233939,55.9772847358009
5,87.9965150376682,55.999735337634384
5,88.01290786468297,56.02530092280456
5,87.99310757237811,55.99395943706465
5,87.96955612542205,56.03901179024576
5,88.00915151613647,56.01311080066462
5,88.04416560943261,55.98343864162791
5,87.96657106285403,56.009922900146805
5,87.98853561789812,56.02460683634103
5,88.02211344557871,56.00897684446399
5,87.97667879868386,55.977439574367736
5,88.04294379914067,56.02456772817515
5,87.99574317941175,55.959010539341875
5,88.00296418766195,56.043946492732104
5,87.9669899879728,56.016338206955844
5,88.00434659664053,55.961712658014434
5,88.01611109606485,55.997910556405685
5,88.03563653487183,55.99937287072759
5,88.02503661546368,55.968144287841035
5,87.98973249060053,55.97056314770536
5,88.00531674984887,55.97969305145466
5,87.98085725591564,56.01398215223463
5,88.02207059925739,56.01910705195896
5,87.99335331419144,55.99246583727324
5,87.96429041735277,55.98973066379395
5,87.98782132153875,56.018849881646936
5,88.00017753942011,55.97501843825661
5,88.02262432538073,56.00607970607482
5,88.03650041270993,56.014200487066894
5,88.00888795747167,56.04454966333125
5,87.9817312361573,56.040980097386125
5,88.01193751172748,55.99350752993892
5,88.04094960140397,55.99185980606231
5,88.008210736937,55.97188321576805
5,88.00015094648708,56.01548202768488
5,88.0312013545368,56.01581677484432
5,87.98769634240992,55.960585702460854
5,88.00700406224256,56.0112201185372
5,87.98483996525603,55.98202140728172
5,87.99810597388154,56.02434961305721
5,88.00169005250902,55.98198865977862
5,87.9782070148566,56.00873089067974
5,87.96728967585406,55.9806249669904
5,88.0018671815268,56.01382170265803
5,88.0063794489417,56.03279508963148
5,87.97048997080188,55.964461249014796
5,87.98015125857494,55.99102643101945
5,87.96579519865402,56.020648870759345
5,88.00673832390171,56.01729896039934
5,88.04718164834124,56.012542917899296
5,88.00583623279817,56.014676882187246
5,88.0032668983188,56.005416109176686
5,87.96371943205538,56.00306182427246
5,88.03042901351272,55.96040753360995
5,87.95988841351885,56.00963764402296
5,87.99138927014984,55.96222454680438
5,87.95458926938203,55.981072503071054
5,87.97658086596283,56.02283228479504
5,88.02793244027924,55.969180872414576
5,87.98425745985703,55.993348014640695
5,88.0142205185444,56.02515002992885
5,87.95658115846142,56.00513976705988
5,88.01537752737327,55.954578322285855
5,87.99483737367552,55.99833302450461
5,88.02366085922266,55.96077077862094
5,87.96624841142369,55.967397391742566
5,88.01402782495323,56.03626537774419
5,88.01013481598208,55.990482082927855
6,88.00078106996284,55.97418881247357
6,88.02626112555544,56.017754630827405
6,87.95433850123804,56.00245622413469
6,88.02503011514331,56.01133167018074
6,88.00676197734529,56.00542357483132
6,88.02472507819269,56.038696826987
6,88.00242455973637,56.00217879365972
6,87.9909587245643,55.98961891169549
6,88.02442855325593,56.0171435548309
6,88.00870433718327,55.96641512927151
6,87.98736195312813,56.01058840919014
6,87.97095402360519,55.968577239840336
6,88.01046446755781,56.03097237440712
6,87.98976430982638,55.97463980767504
6,88.01523856092913,56.02763348430664
6,87.96106967791533,55.991955107479505
6,87.97677155382827,56.018311019462764
6,87.98560297800414,55.965990522226434
6,88.02619599638787,55.99718134655384
6,87.9741063816482,55.97136564557478
6,88.0041177318177,56.02244005699372
6,87.98843349138066,55.965634865319714
6,88.02048181635548,56.00084678454551
6,88.03648093288187,55.992326136267515
6,87.96783211069271,55.9866947155121
6,88.02901260569408,55.992206816292544
6,87.99101903499387,55.97152405826771
6,87.991523205404,55.994523632442515
6,88.0303867340561,55.96926361358249
6,88.00386491366858,55.95637642303928
6,87.99162591370845,56.0164409338405
6,87.9993617459062,56.010505627596636
6,87.97733689084825,55.99816023390364
6,88.03039502201231,55.97972053581767
6,87.98638139832134,55.988787197065264
6,88.00865302605895,55.99409545831773
6,87.98460876580542,56.00810852495831
6,87.99927081310608,56.005862592724036
6,87.96033659226649,56.009913845777284
6,87.96423599284316,55.98687566129609
6,87.97062282373703,56.03427600783853
6,87.98191812237194,56.00853723046099
6,88.01933452009992,55.990002592897106
6,87.9736061451929,56.01075231388561
6,88.01737188967972,55.98528631439675
6,87.99246041982015,55.97026437445122
6,88.02147468464729,55.957108605425546
6,87.96252943919289,56.012563542473075
6,87.99570699968558,55.99189363528509
6,87.97747325827461,55.99271717519967
6,88.02334523159455,55.96994914517902
6,87.9680753274745,56.01343873449525
6,88.02944621416599,56.023714016692765
6,87.99406974350202,55.965755255988995
6,87.99087596209888,56.0105126880264
6,87.98636901924358,56.03433527834125
6,87.98846541695569,55.96326995046415
6,88.01566677234487,55.997401645888054
6,87.99233449121766,55.964903966526734
6,87.97045074678033,55.99306826567266
6,88.01072472608813,55.97259346970959
6,88.00161284048427,55.984929470729185
6,87.97958870516742,55.997780908557864
6,88.01960064377955,55.99210298212388
6,88.02445679298059,55.98579317374735
6,87.96751743060135,55.99154800621693
6,87.97042143672913,55.97487356681105
6,88.03259692286012,55.98206363719614
6,87.9701366654284,55.97931328100228
6,88.00840526604559,55.97664147593831
6,88.00938009770627,55.99963407235681
6,87.97756073549046,55.97767542173679
6,88.0232636197572,55.9602287229273
7,87.99212035521425,56.0112981865075
7,88.00210248033086,55.9789486098411
7,87.97508173232235,55.97457028454718
7,88.0046760139576,55.95695305888119
7,87.95645621378515,55.98256045732499
7,88.00642375334286,55.962539227777
7,87.96830526336107,56.02933988312298
7,87.98555312270571,55.98732904521768
7,88.03951127313891,55.986794897760696
7,87.9592875265777,55.98348618804079
7,88.03007213992367,55.9729770450608
7,88.02220898576078,56.02256748643601
7,87.99931101248544,56.017940881219786
7,88.03489782753913,56.0205471820171
7,88.00224116848771,56.01969248823213
8,87.98913869027551,56.010593965055456
8,88.02164029446983,56.03896319012321
8,88.00540256811121,56.00272982508532
8,87.97613317683621,55.975053041323655
8,87.97868110320151,55.97662891173039
8,87.99452242344384,55.97603234662041
8,88.02929124841107,55.96407105732166
8,87.99068611532563,55.998807146771625
8,87.98682289941826,56.04327412919337
8,88.00994026954183,56.009723747443715
8,87.95549786673732,56.00842893623556
8,87.96471851988599,56.00213537812552
8,88.01264561369376,56.00937545090717
8,88.04019324692243,55.98462408966313
8,88.00606268554111,55.98828291721096
8,87.98112532933307,55.99201582309957
8,87.98001093901932,56.04468070078079
8,87.98445318566085,55.963988460946254
8,88.00713247189171,55.97778550198967
8,88.03797781564377,55.970887252442914
8,87.9652314769363,56.0154235635766
8,88.025239707097,56.01097377409997
8,88.00783575939732,55.991850648732395
8,88.00248680256638,55.99454019070818
8,88.04081479267052,55.99018389224503
8,87.97267198167526,55.97569254580833
8,87.97354122444804,55.98327293462503
8,87.9630633250438,55.986513702208946
8,87.9583532519105,55.99992221155612
8,88.0034069244588,55.98435814280603
8,87.99239077493499,55.95833986769852
8,87.95457404785772,55.99170978070826
8,87.98068731379817,56.00342044436377
8,87.99725288018496,55.983493460906956
8,87.95617603970808,55.998154208567506
8,87.9813229265552,55.97476816533063
8,88.02263311741706,56.007072452185085
8,88.00265769312776,55.96627318923762
8,87.98168259986771,55.95535565987617
8,88.04503399452999,56.01635985791576
8,87.99492603142343,56.04482060232617
8,87.96640700749116,55.98946439226118
8,88.00949465196888,55.9864337033132
8,87.98713373545485,55.97792322068769
8,88.01949444014214,55.985861812223916
8,87.97040400338149,56.00572630788432
8,87.9946113543265,56.00057229802264
8,88.03385246120804,56.031799365488965
8,88.02836992622669,56.00352011074522
8,87.99689060367734,56.03444172880221
8,88.0317435872919,55.961649195337195
8,87.98739557928573,55.96924588590153
8,87.97131212440986,55.99185126950719
8,87.99802578374089,55.98686441226537
8,88.04581557238333,56.01746203506899
8,88.04572108104078,55.99516508496809
8,87.96148358343284,56.02678124988215
8,88.01774824803647,56.024356012826566
8,88.00675901574954,56.022278263345804
8,87.95947240883608,56.00196423050957
8,87.98653857010459,55.964371654444065
8,88.02679491342518,55.96580213390729
8,88.01256885418137,55.98815584340376
8,87.96701938072209,56.0099583849435
8,87.99159620802381,55.967257747994196
8,88.00027400634845,55.98548451336969
8,88.02440185886141,55.97181164837506
8,87.98209231943936,56.014233371060946
8,88.04170232121531,55.982354036416595
8,88.01091779164274,55.97090560492935
8,88.02818136056985,56.00036901518122
8,87.98423541207494,55.97545963996316
8,88.04353144655475,55.98671015569101
8,87.97431925959366,55.97664108550607
8,88.00552228329322,56.01488849088043
8,88.03125915893625,56.0337786690917
8,87.98751387834325,55.98044566566891
8,88.03573811604385,55.97137329272251
8,88.0011599370571,55.97952861760089
8,88.01378215718083,56.0065837414992
8,87.99974721384135,55.957773959096464
8,88.02029289371625,56.00159443453091
8,88.01178773054464,55.95403709706754
8,87.99841040710506,55.96701362128073
8,87.99816416336402,55.9845081050652
8,87.99299313685829,56.004772486997055
8,88.03490183830394,55.98798683294091
8,88.01011236347394,55.9522275018817
8,87.98607532917838,56.03284092669824
8,88.01970280148086,56.037007272996945
8,88.01037387543157,55.988723666238776
8,88.02649310288093,56.01936531696635
8,88.01356589289499,56.0111825479758
8,88.02194062485657,55.955768926695725
8,88.0059763556911,56.006570547326106
8,88.01484048250677,55.99792125624875
8,87.96503383544164,56.01265168250152
8,87.99373356609038,56.00309901458127
8,87.96456768072605,56.01777526509962
9,87.98936383099011,56.047304841273494
9,87.96782461376587,56.01051976130118
9,88.01709037219145,55.98464214051641
9,88.00911822971035,56.02449474984029
9,87.96745136247871,56.03093222769389
9,87.98787261522145,56.00147805389222
9,88.02078669447026,55.987775256349806
9,87.98337196550057,55.97941726052331
9,87.95021387354188,56.00185866542335
9,87.99064902975447,55.982613671179344
9,87.9715038491576,56.03461077144534
9,87.99625067803161,55.96925536757233
9,88.00305270590978,55.990151757339746
9,88.02143466846296,56.011998346551884
9,88.0063148682215,55.994567328868705
9,87.96297119905535,55.997531259040585
9,88.00514615236656,56.02972053827381
9,88.01652018745726,55.965928608325676
9,87.95956142288142,56.02703868948439
10,88.00553803655612,55.99448572034879
10,88.01800980244839,56.01125500287576
10,88.01106142970424,56.01948843442793
10,87.98917908980154,56.008815673710124
10,87.96479866390203,56.017139889743085
10,88.00600454929074,55.979198055085135
10,87.97697224319674,55.99377371278489
10,88.03333317352921,56.00768794820137
10,87.96350883080342,55.990293619954734
10,87.99182807553655,56.00448836257795
10,87.99313000621397,55.987742577984854
10,88.00949347081287,55.99167844055153
10,87.98619218654618,55.98720784141134
10,87.97366321974387,56.014090670335676
10,88.01726535404154,55.964636603029874
10,87.99502853518612,56.00603131993894
10,88.02203646553757,56.01651027496257
10,87.9901138388574,55.97552802441887
10,87.97564342151027,56.01761844701532
10,87.99960161899537,56.005308090837524
10,87.97772143187194,55.99926918988866
10,87.95824025181707,55.99314921429483
10,87.98507849960323,56.02339525157559
10,88.01604068813813,55.95649326679533
10,87.97327351855152,55.98364699956936
10,87.9902565241515,55.99740830765749
10,88.02031221355091,56.01862402769779
10,88.01199653097831,56.02234620853896
10,88.03012928583082,56.008808698763836
10,88.01177485820209,55.96343791287688
10,87.98987618980279,56.00226256873876
10,87.98472469341704,56.01923411169813
10,87.97218869040984,56.02378999993166
10,87.97356131137042,55.99942874701564
10,87.97270318021432,55.988163153661894
10,87.97607023417173,55.99926729954261
10,87.97128817730457,56.028618032498564
10,87.9855416076925,56.03181811593307
10,87.99123030742565,55.96119285346972
10,87.98897235928635,56.00039640264891
10,88.00877228445127,56.040951993003205
10,87.98998634988864,56.02099694443713
10,88.0158194574037,55.96093327796003
10,87.97428008483419,55.99147393202555
10,87.99995884894416,55.97729195471544
10,88.02622723214594,55.99504688901395
10,87.9732314961808,56.028856957209655
10,87.97475179288898,55.9832109046558
10,87.97719659195398,55.96967493141535
10,87.9983247815379,56.01595281390326
10,87.96451384998792,56.00108970971506
10,88.00404614538398,56.00192417594321
10,87.98257902017134,55.9775674883951
10,88.00110277196347,56.012082438385086
10,87.9625969663175,55.97410842560576
10,88.02006953772043,56.01759123926439
10,87.9821692705944,56.01937414089475
10,87.96266286304416,56.00814454072688
10,87.99076569798946,56.00173405272114
10,88.02800084507396,55.99683380383798
10,87.97400624370307,56.01552288445046
10,88.0306327120216,56.01044770943923
10,87.98538737972751,55.9832284751441
10,88.03781122948268,56.011464953116224
10,88.02168050864789,55.997585258203536
10,87.9872074541019,56.01243687541321
10,87.99507664768349,55.97468404601241
10,88.00258215804642,55.99095876031194
10,87.98606285189749,56.026059442372315
10,87.97712424932725,55.98450152735078
10,88.00947535137676,56.019781645036666
10,87.96694152754986,56.00677445286422
10,88.02656747044608,56.00316076753137
10,88.02315285943952,56.02670947148777
10,87.9831104593345,55.958773223854735
11,88.03390252559014,55.994902561142766
11,87.9680658358147,56.029876943302575
11,87.99243961368832,56.04807274373564
11,88.00978437082328,56.01531538619978
11,87.95118251833645,55.99395050695168
11,88.04783809213822,56.00167811213029
11,88.03056327283528,55.96362563680858
11,87.97961314036966,56.01419482632027
11,87.95997920964346,56.012615893580396
11,87.98364211036454,56.00583900893976
11,87.97318980430502,55.9953660583635
11,87.99164889183326,56.04745979500582
11,88.00864649099486,55.991644758585785
11,87.98502242510564,55.95987631728318
11,88.00210134687292,56.02304832495293
11,87.99417362740462,55.97406129903351
11,88.00868924790531,56.00880976498157
11,87.98865062858191,55.96708814072434
11,87.9612084255998,55.98876909745366
11,88.03385267137408,55.99236538150169
11,87.98356528756071,56.007695680200605
11,87.98852593018147,56.003826836541
11,88.00199775710288,55.95844815692612
11,88.01376118366717,55.98643927067429
11,88.00309218848408,56.024508230006276
11,88.00768735709104,55.96169224369471
11,87.99153077768715,56.02240041613014
11,87.95670870386684,56.01050572135948
11,87.97706302339482,56.001551449821534
11,87.96010166188377,55.97268740560514
11,88.01446004803151,56.04539774069034
11,87.99249470379826,56.04832829558397
11,88.03489481140494,55.9972791222803
11,87.98191812237194,56.00853723046099
11,87.96946259249486,55.96719049726964
11,87.9687662572852,55.96142221180355
11,87.95527998072578,56.0099451485213
11,87.9978372940073,56.004311914546804
11,88.04309272178503,56.018393762214565
11,88.04481869065492,55.99377236193834
11,88.01828721264421,56.03372014418338
11,87.97459338429344,55.96419243459185
11,87.99049600580209,55.98532443082051
11,88.04197038563704,55.97893287552461
11,87.98589726434464,56.036805564325775
11,87.98829883677945,56.03610008900048
11,87.98663842098271,56.01219686052123
11,88.0049834868897,55.99788513605974
11,88.01349641829987,55.955644616230245
11,87.99442976319341,56.01729373307439
11,87.98919936499807,56.00870312488072
11,87.95626859356875,56.01816170834021
11,88.0263439205083,56.00722247669709
11,87.9748523372947,55.98392108378744
11,88.0280337201698,55.98099792969763
11,88.01976724783637,55.992551943221706
11,88.03449569984393,55.9806845091774
11,88.04831689839297,56.01012779196761
11,87.96528037230716,55.98414524253483
11,88.00109270315285,55.974812130532506
11,88.0117097225491,55.97982126104495
11,87.98786747434447,56.01480108678995
11,87.98736946850192,55.997479113023914
11,87.97781204669951,56.0328675864528
11,88.02004363923682,55.995015901497474
11,88.00953524827342,56.04833389053991
11,88.01729146585814,55.95366636561345
11,88.0211922313558,56.014010137154195
11,88.01842737110299,56.003738437689535
11,88.04606697753458,55.986309482114265
11,87.9784011267776,56.004161115263834
11,88.00123774515714,56.001220553456385
11,88.03769883358468,55.98585072415156
11,88.04456630587255,55.9796177683407
11,87.96354745056648,56.03024917007511
11,87.9804890223646,55.98668206870778
11,88.00424590380058,55.995732517125205
11,88.00877228445127,56.040951993003205
11,87.99941998558884,55.9549744152978
11,87.98629911689517,56.00016634813581
11,88.01211015780696,56.039044518010556
11,88.00849637326198,55.97544801055948
11,88.03788046179271,56.00034722292667
11,88.02343097390747,56.016002034674976
11,87.95580417689165,55.990852046267044
11,88.00754560647094,56.0044244145791
11,87.9977276263293,56.02112958225673
11,88.00619322376181,56.03516397140445
11,87.97437188246457,56.01195154466731
11,88.025207842577,56.00301993553651
11,87.95967462156922,56.00756306783007
11,88.02223626135752,55.99125152122099
11,87.99343986038713,56.01623333360444
11,88.01711816291386,55.99898785103403
11,87.95812291697483,56.00025313031258
11,87.99814968637799,55.965470177312625
11,88.006912830135,55.99717990928738
11,87.97916164691786,55.97732108853318
11,88.00797083390579,55.99736701402279
11,87.97330243142812,56.02578228385897
11,88.01719156706467,56.02544039991857
11,88.00466898969758,56.0096191091089
11,87.99490095852799,56.02811928486287
11,88.03600942874247,56.00610656988358
11,88.006546116527,56.03653187235346
11,87.95134331147524,55.99577348486466
11,87.99267080864344,56.03197697780557
11,87.97031112918157,55.99136369122653
11,88.0144411336848,55.95882073206441
11,87.99027090682678,55.98774082348908
11,87.98271863113202,56.00414472239943
11,87.97916031162029,55.997963323455274
11,87.99768569155152,56.037819922908156
11,87.97277107075814,56.03666844572564
11,88.01063711204557,55.98346956577525
12,88.02729498772406,55.969106083334566
12,87.96942149721487,55.98245695781032
12,87.99908394805932,55.99129973561302
12,88.01602790288378,55.997930715652615
12,87.9582840708844,55.97845954255209
12,87.9583882692193,55.9786691136436
12,88.01255028164545,55.99863877736235
12,88.02332726523736,56.00178507671057
12,87.99771974595409,55.995215929721844
12,88.00530240035813,55.96803902376703
12,87.99257150313858,56.00910978388517
12,88.01974959362434,56.03057533589593
12,87.99073422136327,56.045345044889764
12,88.04397192999613,55.994783481577215
12,87.96219436158701,55.983390611069865
12,88.00776141714805,55.95962560636561
12,87.97525534059564,55.995304924384094
12,87.96951451856226,56.03294160845094
12,88.04353611043402,55.98457841254853
12,88.0246613712552,55.98758126350877
12,87.96486265260462,56.015240039447164
12,88.04203814743772,56.01788695938521
12,88.00608680147113,56.01154823605984
12,87.9592955155321,56.000871480704475
12,88.00136034080899,56.02431598643295
12,87.96991994145755,56.02056573661795
12,87.97968522323885,55.98760851774486
12,88.00930351749076,56.023315351609355
12,87.99166295601897,55.98143865213675
12,87.99944101273866,55.967532224732935
12,88.00044268821567,56.01895401477861
12,87.99119394017886,56.02830087154245
12,87.96024848243651,56.00437785120963
12,87.9750792821761,56.02377025364699
12,88.00075325891791,56.04072478270399
12,87.97535781589032,55.99304161696395
12,88.0326230949852,55.99692899028887
12,87.97463586709299,56.04180386347723
12,88.02315797460219,55.990783687569575
12,87.9586575019044,55.98324640759886
12,88.00981118141776,56.007759190656515
12,87.96115921654749,56.0054120477437
12,88.0085717972813,55.97567174059559
12,88.01209340421563,55.95925847597389
12,87.95474737849827,56.013104919951274
12,87.96646368839427,55.96299011066209
12,87.98851358688005,56.02597826427032
12,87.99885276673535,55.971817405102875
12,87.98161743866713,56.00511113729837
12,87.96916303462527,55.972162461454495
12,88.00732871222418,55.994930969992645
12,88.0314297218162,56.016232629365014
12,87.9813494237585,55.96153427869243
12,88.01398762683796,56.029278090933914
12,87.9561486558062,56.01710007865351
12,88.01509857839758,56.03448456354651
12,87.98172793590955,56.00157204732572
12,87.99414016893674,56.04191788473795
12,87.99728678163449,55.99113540274136
12,87.99531255106055,55.97597299591011
12,87.95898401144393,55.98852521222936
12,87.99572515946521,55.9671059744697
12,87.9690413191815,55.9672317812822
12,88.02131258161398,55.95556949009833
12,88.018669650338,56.035196296333666
12,87.99566480681558,56.00882258398023
12,87.96347700642562,55.97046528134094
12,88.00860282120084,56.013690142801245
12,87.99296831230409,56.01599710241121
12,88.03507371092158,55.97309459272443
12,88.01037387543157,55.988723666238776
12,88.03172572980763,56.0187369361615
12,88.01440660700368,55.96239468577929
12,88.01252947448266,55.96626463996725
12,87.98972618128451,56.01667815801346
12,88.04692283221199,55.9949433762376
12,88.01839308835422,56.024806818911586
12,88.04634621650882,55.982526405235205
12,87.98453051251025,55.95888800468153
12,87.95146713218158,56.00168873199463
12,87.98814669860523,55.963369312772116
12,88.02655090246319,55.98905822522457
12,87.97988806035538,55.98700763706828
12,88.02341844693872,55.973088694033194
12,88.00976574095353,56.011374031768284
12,88.02521612540059,56.01054482257243
12,88.01089921568173,55.99220007213574
12,88.02045357808848,55.97061284844657
12,87.9718510334383,56.02413432078636
12,88.00329036518697,55.95104594438096
12,88.0492614408958,56.004515540309946
12,87.98241149325445,56.02077957237327
12,87.96967958727306,55.98456797470667
12,88.03603330813287,55.97217580224286
12,88.03163518734777,56.011700460575874
12,88.00829124591267,55.996835674378595
12,88.0183935958758,56.03740492036398
12,88.02780806852306,56.00377850360988
12,87.97872539367711,56.00772186425058
13,87.99367337694663,56.03150853429204
13,87.9699148806884,56.026183135952515
13,87.96347966994551,55.99822099309766
13,88.0405646080787,55.97950218608381
13,87.97964658271401,56.04337511599092
13,88.04656733325236,55.99959944669018
13,88.02468942470387,55.99008464145755
13,88.04076820699217,55.981341159916006
13,87.96117443945063,55.99131149771617
13,88.01740348168454,56.014131435079264
13,88.04453179239339,56.012832657748525
13,87.98239151959527,55.99250593980819
13,88.03518338007154,55.9940308560946
13,87.98637909768443,56.04698117051168
13,88.03495763170771,55.98337546549034
13,87.995991407126,56.01821445274708
13,88.01267419244067,56.03420749496154
13,88.04195311879161,55.98190322351413
13,88.02218171747538,55.97877619852076
13,87.99552579650096,56.00455196859269
13,87.96851952841968,55.97104556123756
13,87.97872539367711,56.00772186425058
13,88.00500138818464,55.99915904465256
13,87.97979309926005,56.04405147434578
13,87.96481219818722,55.97055538132639
13,87.99968294676866,55.98599697447302
13,87.9896682904092,55.970271466440884
13,87.98781501928094,55.99456228698207
13,87.99609509323338,55.99073814334696
13,88.00187331215317,56.02565381398008
13,88.00405382951134,56.000290158766866
13,87.9771819975714,56.00226675006648
13,87.95195342611747,56.004711410672144
13,88.0142071837823,55.99939502032514
13,87.95743328391632,55.999068678766996
13,87.98960141070712,55.99400112285031
13,88.0119354192437,55.96673696550013
13,87.95148190076627,55.9956416746164
13,88.00486279658818,56.01225860808863
13,88.02718636589474,56.04123737926859
13,87.9982840276026,55.966028601028
13,88.0054772649807,55.992417750489714
13,88.00395652216766,55.96626830348246
13,87.95211266440006,55.98760829420431
13,88.02140115466509,55.99512685302357
13,88.03021101630317,55.96458312304354
13,88.0204368579661,56.01077817196925
13,88.04938476054627,56.00613295122675
13,87.96215194817441,55.97522075251412
13,88.04068455217876,56.00012474680428
13,88.01290271458716,55.98678646199748
13,88.03632439788176,56.0224212682976
13,87.98529928283504,56.037155951146474
13,88.00113190987065,56.03468770684933
13,87.96553770190086,56.013710201862246
13,88.00455828578166,56.0170210705696
13,88.00117001527201,55.97728491982485
13,87.96149415257479,56.01346783126015
13,87.96369616169413,56.01183152634834
13,87.96567042501484,55.981639997851005
13,87.97017100303424,56.035953024915266
13,87.98731260197017,55.987153421404685
13,88.01949444014214,55.985861812223916
13,87.99397989161905,55.95174154080995
13,88.01627346051733,56.00915913515866
13,87.99199016012552,55.97831407122838
13,88.00845643558009,55.98711671391449
13,88.01747714350725,56.00808508695314
13,88.00154597998657,56.00481978973171
13,88.03423991952097,55.98517219149374
13,88.00960442258389,56.00712686517438
13,88.01914323986594,55.967949208138116
13,88.03668808165328,56.011410045903894
13,88.01706503669462,56.0129476371807
13,87.99786586029246,56.01517197421863
13,87.99062813043633,55.98984823493931
13,88.00861479024503,55.99976043937945
13,88.01777864393166,55.959429174668124
13,87.97866992665519,55.96778032489985
13,87.99563567981762,56.02748202364126
13,88.02215900490643,56.02544458911414
13,87.954386857672,56.005276645473764
13,87.98418118425653,56.01977231847602
13,87.96769709835115,56.03366939310856
13,87.97848040167617,56.042629925796085
13,87.96597680742201,55.996102065565125
13,87.97167334384729,55.99333321259077
13,88.02488328779168,55.98919192983102
13,87.99452242344384,55.97603234662041
13,87.96234171991543,56.02778220286644
13,87.98399977231098,55.99370660978567
13,88.00802251873702,55.99132177287368
13,87.97202639404658,55.9925017009375
13,87.99232767261132,55.99374171862207
13,88.01324406588496,55.980708090585075
14,88.00117456147476,56.01090511785837
14,87.99741304289151,56.01816654843389
14,88.01708396856111,56.004340753676225
14,87.98788925361636,56.013870605192544
14,87.9872220105914,55.96559187196634
14,87.98972618128451,56.01667815801346
14,88.04004618846427,56.020424661255156
14,88.01084389867933,55.9516751185908
14,87.98471066431023,55.97883479333898
14,88.00749328572184,56.02449093631482
14,87.9507552686063,55.99192296684605
14,88.00259030516834,55.986166852268575
14,88.01110624637653,56.01985929544303
14,87.99360208939544,55.95268658474813
14,87.98912818330442,56.01188150721232
14,87.97293076761144,56.03546425466502
14,87.98723716604738,55.996101612000544
14,88.03036274249351,56.038100734245006
14,88.01667200325427,55.959855173275336
14,87.99956277237885,56.0244583067906
14,87.97043312039699,55.966759491814436
14,87.98247905539912,56.006713882293845
14,88.01004026851132,56.01400484681928
14,87.99544996664027,55.980129120957876
14,87.97386866301562,55.98074859124793
14,87.96345962951517,55.999385419403026
14,88.00452343909602,56.012659267662706
14,88.01439156515497,55.98444040083956
14,87.98321401616815,56.021779219058544
14,87.9561264872142,55.97640873194382
14,88.01700354501288,55.96057466999418
14,87.99932316797684,55.998334295064595
14,88.03314677783555,55.96734560888016
14,88.007827636159,55.96409740150237
14,88.00926100974208,56.016518841618065
14,88.03804394335991,55.97349196803525
14,88.01875550658953,55.98173615647924
14,88.02938993430477,55.979607226306825
14,87.9985098903012,56.01652417350187
14,88.03234996408123,56.03080859584668
14,88.02844098939273,55.98903550425057
14,87.96581458660704,56.02026606391055
14,88.03252304727272,55.989611362785496
14,87.98950304457263,55.99978808694343
14,88.01036587051578,56.01012216523131
14,87.99247224388054,55.95218095190431
14,87.97750073884788,56.00236833941134
14,88.01717220756065,56.0025909348614
14,88.00467903439673,55.98335382612621
14,88.03097133528829,56.01877191538774
14,88.00265053725818,55.98336796918213
14,88.0080391898182,56.0179740124393
14,88.01265754900103,56.019161479405355
14,88.00286003073028,55.95611963856193
14,88.01383975458971,56.01052011433396
14,87.97189598548502,55.98819183932536
14,87.99585638772096,56.019997359361945
14,87.98694398146635,56.02082939396541
14,88.02213751489765,56.02875096548635
14,87.98164152068802,56.03109461174012
14,88.025742470174,56.02017303781752
14,88.0100084133406,55.98352315195174
14,88.0435771316217,56.01278235834046
14,87.95233503264696,56.003165946512645
14,87.97917922124641,55.98820064190946
14,88.02188256338648,56.017723724849596
14,87.98917724929318,56.01851646620268
14,87.97431272917756,55.98263906474482
14,88.00303928166484,56.00094071945905
14,87.95923313576543,56.012087496632596
14,87.9975728800763,56.00919815415348
14,88.01772900728828,56.03692648365559
14,88.00113415606069,55.96961800824408
14,87.97134327205609,55.97142890546595
14,87.9792049268642,55.999525353326185
14,88.02565358928396,56.009476122741404
14,87.98954847719624,55.954287565470246
14,87.96858754746391,55.97697753315611
14,87.97665503938494,55.9883656680935
14,88.00649276262943,56.02519000661906
14,88.03557963712502,56.002941330464765
14,88.01814700907238,55.976528336658895
14,87.99077425334984,56.022150645148955
14,88.0323357866422,56.01473933584638
14,88.02988555122401,56.02395688183621
14,88.0262599789279,56.02247441250323
14,87.98238839318424,56.03470881171941
14,88.0250727790748,56.02600577922165
14,87.99824004374415,55.99238615469231
14,87.98142931572627,55.96997776271328
14,87.99461646089316,56.039156167343386
14,88.03399363316345,56.005624038415775
14,87.96557199659641,55.97962116068769
14,87.9838543720023,55.99614081483002
14,88.00953693053454,56.004389800448656
14,88.00664332069215,55.967857362262265
14,88.00193789762972,56.01443988194288
14,88.00743346517,56.02834288667135
14,88.00937043897136,55.96994505181094
14,88.0116881256773,56.03103943149736
14,87.98387280294276,56.01464681187816
14,87.95785674523832,55.98420906364805
14,88.01582838279408,56.047402622064865
15,87.97157114234574,56.03948473942863
15,88.0151986232371,55.989784322578
15,87.99527041068424,55.98828322964008
15,87.9543777624786,55.99946927169045
15,87.99895500180278,56.03044221116356
15,87.97972313316504,55.99513607069098
15,87.99534476370205,55.9700593339957
15,87.9844721285519,55.97742176988735
15,87.9989752412274,55.976853244550796
15,88.00671288608598,55.976593887910546
15,87.96135943052248,55.994700967131976
15,87.98227858576112,55.99211515545865
15,87.99770721629852,55.96721970785679
15,87.98676955499916,56.01996147782788
15,87.96751743060135,55.99154800621693
15,87.98893792434211,55.98875663228018
15,87.99842218788379,55.98559315479932
15,88.01141696376452,56.01263622749655
15,87.96187617932165,56.013821836189116
15,88.01873199723379,56.028470266861035
15,87.96779723689994,55.962690618643315
15,87.97699185694997,55.96271281910327
15,88.03105069454143,55.98995458048183
15,88.02462541495356,56.003986011149166
15,88.00881865678387,56.00743675266523
15,87.9730451927464,55.96319364253073
15,88.02011892491309,55.95524223450516
15,87.97856979059225,55.98088724210172
15,88.02809907080385,55.96730016198404
15,88.00435021422359,55.983303773058985
15,87.97496239800141,55.97089689740165
15,88.02674537484539,56.00607792800703
15,88.0214758430803,56.019857587114565
15,87.98686660802142,55.98506638637507
15,88.02036062260574,55.955812229763076
15,87.99624467277623,55.9906504115083
15,87.98191419652359,55.96512197092365
16,88.0331476586552,56.030574751558525
16,88.0051342136274,55.98737553904565
16,88.02194724009512,55.97232975078919
16,87.99104696897767,56.01336642471935
16,88.0118837643826,55.95362353941218
16,87.9756632050918,56.035330204149204
16,88.00572925345287,55.96893999669672
16,88.03039502201231,55.97972053581767
16,87.98711861125875,55.982603756441165
16,87.97833067077494,56.00376715483052
16,88.03617547976171,55.999339280849675
16,88.00516385853406,56.01337258662581
16,88.0316608817104,56.01432461602668
16,87.96860381526955,56.02153296235405
16,88.00075402508313,55.9883639558912
16,88.00152287917153,55.95449349584042
16,87.96133716329962,55.97531838696028
16,88.01132403986236,55.992226795914306
16,87.98040499662673,55.97837078906384
16,87.99879121872955,55.95351176294533
16,88.02070881268897,56.01467623240767
16,88.00958145722875,55.9612096857192
16,88.03748877529817,56.028312463048685
16,88.03275828430537,56.02807303267703
16,87.98857712017987,56.02583820673302
16,87.96391078862473,55.96594947352051
16,88.01315314071876,55.971355189324946
16,88.01901683671922,56.003072419562784
16,87.995174500402,56.01876222556351
16,88.01834580619835,55.99128854731524
16,88.02893914631372,56.03080463309709
16,87.95863823414356,55.99213828589822
16,88.01004025802489,55.95641232797746
16,88.01040746051581,56.003139640028465
16,87.99585426572284,55.993196771960534
16,87.99908268549831,56.0412256053582
16,88.00701684821927,55.9854096616532
16,88.03476236651568,55.968629173696584
16,88.00482068949434,55.95764646944448
16,87.96398468737148,55.97056634443747
16,87.99648544281484,55.954159730330375
16,88.03717011577906,56.02043767812311
16,87.99372513419624,55.993440515587565
16,88.00829671651795,55.977564770846676
16,87.9894046658643,56.009920954563256
16,88.01559017384992,55.960133571279236
16,88.00657365310944,56.008193003553075
16,88.01093380933948,55.95352715452113
16,88.00513263864443,56.00431903763328
16,88.0269840505825,55.99283600797613
16,88.00178059985649,55.99624527976408
16,87.98979696292055,56.026562442558465
16,88.01847055127578,56.002101866025804
16,87.99997776229644,56.01429764847585
16,87.99788114105745,55.988348680754605
16,87.97683962786076,55.97507540224659
16,88.00092694800281,56.02860194372228
16,88.0129460642762,55.978241571518254
16,88.01336549581652,55.96497074661636
16,88.01882901660544,55.99660860551278
16,87.97889317578577,56.01644938417743
16,87.97121103620167,55.994225327345
16,88.00218815922996,55.97540894730002
16,87.96369616169413,56.01183152634834
16,87.95671703416495,55.99400538022371
16,87.98777608309301,56.01417072461876
16,87.96599848153012,56.03092450224143
16,87.96495889582451,55.99131730513584
16,87.99897516755553,56.02195697122062
16,88.00460908673075,55.96687831192932
16,87.95211574606815,55.994800903483586
16,87.96662817837802,56.023400473837334
16,88.01736199361723,55.992734241366634
16,87.99502853518612,56.00603131993894
16,88.0010387712234,55.97068720313006
16,88.0143345929218,55.97989849749344
16,87.97739439507863,56.019517786524304
16,88.01535909821715,56.02576690736457
16,87.98590710150606,55.99632909044927
16,88.0451171377975,56.015736972861006
16,87.97748579670672,55.99183808622441
16,88.00768443653713,56.04166467553046
16,87.9912040763094,56.01469748149314
16,88.01325895587969,56.045200727116224
16,87.97801920812364,55.99504037343942
16,88.00710768749121,56.04068334535523
16,88.01258672987309,56.0423920050788
16,87.96988238627227,56.008913134808914
17,88.01982444289581,55.97705462627963
17,88.0282257548452,55.98684557400762
17,88.00105461090696,56.01000796467876
17,88.0136388420591,55.9694130869845
17,87.97044280236844,56.02768923822371
17,88.03917783645593,56.03017817216253
17,88.02329627583434,56.02516126388451
17,88.0150385065556,55.989769344524284
17,87.97618771907744,55.96849151651325
17,88.03630800832215,56.01122364401461
17,87.96416652429991,55.972212921127145
17,88.01801357006879,56.00313839914126
17,88.0068552210401,56.01266192889599
17,88.01450155585671,55.99186172779992
17,87.95966591558798,56.015813863022814
17,87.98470795980903,56.010971231334075
17,87.973331280376,56.0417368654846
18,87.97937305162728,56.04415347903584
18,87.98622403719445,55.9696775910492
18,88.01357408597248,55.96500465699496
18,87.99709848124849,55.95874139726592
18,88.02191773846519,56.0410832871312
18,87.99808867441094,56.00957249887824
18,87.99194962268572,55.97356814003922
18,88.01780899380975,56.025603197657546
18,88.00303595866939,55.995926094966435
18,88.00386434358586,56.02302383249271
18,87.98255468003268,56.013836219482
18,88.0110170221441,55.964454611076846
18,87.9964505336538,56.02000035374836
18,87.96385110520117,55.99639461944249
18,88.04912164022318,55.991782929840184
18,87.95022657805131,56.00077811119653
18,87.9790836592599,55.99484702628792
18,88.0045332587966,55.95028651071579
18,87.9782761596798,55.97853421765578
18,87.98686818765664,55.9534657189138
18,87.97739439507863,56.019517786524304
18,88.03041149436247,55.992989825698174
18,88.01833512005835,56.00834503497939
18,88.03476367298599,56.02003426735097
18,88.02706663386327,55.96766819329002
18,88.03234996408123,56.03080859584668
18,88.02688583144288,55.99428099562621
18,88.02298219287889,55.99845710764517
18,88.00875676609886,56.00206233821279
18,87.99116526031835,55.99356483259367
18,87.98430312971848,56.01120784464078
18,88.00174841883427,55.95753872359247
18,87.99407684225929,56.006672608975485
18,88.01628088444568,55.97305653241162
18,88.02808800239721,56.01147925965855
18,87.9693692475253,56.00973393643835
18,88.01365990175566,55.96871634122366
18,88.03369232691182,56.01222201012545
18,88.00964711158446,55.99317438115234
18,88.02477296115246,55.961748326071024
18,88.0175138955996,55.9789380265641
18,87.97501873175969,56.005079672622315
18,87.9847976443811,56.039635149953064
18,88.03485113530905,56.00694073025065
18,87.97682778887669,56.037661606646985
18,87.99756513085445,55.97764471205184
18,87.98905885969602,56.00590809513168
18,88.00057419618827,55.96904874419913
18,88.02754025294274,55.967912458980436
18,88.01713442967562,56.02318890784663
18,88.02223269035933,55.979443668284404
18,88.01875965497811,56.01745534927934
18,88.00088991040366,55.96820552376142
18,88.02453815890077,56.01680238534165
18,87.98616127892042,56.006750231710946
18,88.01052250046851,56.0043223982654
18,87.97956631789812,55.95986707682437
18,87.9631668403837,56.033667528487555
18,87.98101618469829,55.98606708630493
18,87.99289090086961,55.95384563566536
18,88.04265616719312,55.983704997642825
18,87.99010257864528,55.99723856174218
18,87.99260446266517,55.95319128262901
18,87.97095021025555,55.99334516575702
18,88.01800611503006,56.04653260772136
18,87.95966248287434,55.983011738743606
18,87.99935876183666,55.955469712172366
18,88.01213356488634,56.00022146196419
18,87.9909185402065,56.04015198917433
18,87.99121736304033,56.04144507509545
18,88.04025599583481,55.97134688119874
18,88.01743840364432,56.03497801087377
18,87.99973340868263,55.97450201554869
18,88.01520226976457,56.015514859913694
18,87.98319513669536,56.04536304689857
18,87.98671287356083,55.993193700772906
18,87.99094999095182,55.95488480470326
18,87.98470795980903,56.010971231334075
18,87.99870783578102,56.00716606321091
18,87.99691474007074,56.00335025646658
18,88.00011739101551,55.984620334035654
18,88.02965470392708,55.97429077239051
18,88.01731220724416,56.006861104962184
18,87.99951061784434,55.99886347216235
18,88.03580180952667,55.965717342215505
18,88.00724613127511,55.987531388589396
18,88.00936697172612,56.04362549032583
18,88.03618146115949,55.98928235007801
18,88.01731558721661,55.996933764654244
18,88.03495050631544,56.03105715386732
18,87.96020787084656,55.977762661126185
18,87.99520188880152,55.9982503545029
18,87.9840780080394,55.99270962445801
18,88.03576798886625,55.96902403755902
18,88.0234199844627,56.010011263904985
18,87.95923329913238,55.97223508397167
18,87.99426327314514,55.99633507499843
18,88.00355890758095,56.02135508667921
18,87.99875009528307,56.010536321110656
18,88.00327154532884,56.02402422055335
18,88.01204373243162,56.01405275984386
18,87.97825689499808,56.01995067428277
18,87.96424054000857,55.996561085666784
18,88.017518846315,55.97967712513704
18,88.03808392260503,56.02939588710443
18,87.97300572314644,56.01713051045937
18,88.0121035311468,56.00573623269117
18,87.98673119489456,55.96118044492381
18,88.01094644276426,55.99256667349156
18,88.02331067855219,55.99323498010423
18,87.9603176570793,56.025128115978795
18,87.95913193641965,55.972675389747536
18,87.99710638462739,55.96621700946555
18,87.97800208787022,56.016411725844875
18,88.02806947587369,55.96720493222795
18,88.02768251169222,56.007865708535846
18,87.98026838161114,56.00670153657294
18,88.02671951801986,55.986860221858535
18,87.97016692725951,55.96887446398928
18,87.97879469894569,56.00860106041649
18,87.99039494291208,55.98523031721347
18,87.97769973999752,56.02582514036059
18,88.01826045194956,55.977669573562075
18,88.00268818020072,56.01877694888475
18,87.96959333300708,55.99242183771468
18,88.00848337069374,56.005736692970714
18,87.9675249340358,56.02858642844235
18,88.01912881349506,55.96020157406967
18,87.97986979060208,56.01247283441258
18,87.95678038046074,56.012261206851484
18,88.03981332531087,56.021951699585365
18,88.04128968696106,55.98377780828137
18,87.99599140424165,55.98044710416306
18,88.03678319012538,56.01895798148313
18,87.97121103620167,55.994225327345
18,88.01286073690963,56.02987535206654
19,87.97278718082595,56.00749103307617
19,88.0002002313531,55.96468354469702
19,88.01331023282034,56.001294039015676
19,87.98565845847085,56.00964486152536
19,87.99697271206196,55.96837585064466
19,87.9701829617966,56.03042491349825
19,88.01227767757788,56.00979531050841
19,87.9750366955788,55.98641559352676
19,87.98731970042287,55.983133458123284
19,87.97587813472128,56.0267099296761
19,88.00916882482885,56.00634980820708
19,87.99757198433619,56.025370680909354
19,87.98330152944163,55.9849960155615
19,88.00987791795767,55.98505781730388
19,88.03084087914254,55.99548601989834
19,88.02375497956504,56.02242538779492
19,87.99288009580764,56.00176422628847
19,87.95367315458077,56.01628193070651
19,87.9840024926376,55.99654967965653
19,87.99577355179976,55.97662090493442
19,88.00292070809382,56.00314814792612
19,88.00305430697888,55.98787283217128
19,87.98230277045418,56.00298948970644
19,87.98963983508438,55.954051827431044
19,87.98171594561609,55.9724529571763
19,87.99554308755248,55.99991134421149
19,88.02322922657248,56.00184068713726
19,88.01591009506787,55.990232042629884
19,87.96828026635274,56.00622777584746
19,88.03772814817121,55.98439757807039
19,87.99163013743446,55.993373190260485
19,87.98314839960794,56.011491736053635
19,88.0034069244588,55.98435814280603
19,88.0040314582834,55.99007279379307
19,88.00912886618191,55.99341482920008
19,87.9702507166203,56.00060548548727
19,87.99066193785568,55.982385951836875
19,87.99580700122446,55.96353335744703
19,87.98676373041093,55.97380367325201
19,87.99542253639387,55.979636904913505
19,87.96640403904253,56.01470115821757
19,88.02471627225633,55.96295070192464
19,87.97117915560968,56.03926618130798
19,87.96819451888496,56.03790059142634
19,87.98191812237194,56.00853723046099
19,87.97607738024355,55.98913237175644
19,88.02277657908547,56.01842202478827
19,87.97554489838797,55.979138040732586
19,88.00881865678387,56.00743675266523
19,88.02951723919199,56.00409320187037
19,87.99786744210746,56.02131031133812
19,88.0245199052885,55.96387127939626
19,88.02757771584069,55.98388908264976
19,87.97902325359111,55.99242378672625
19,87.95213435811455,56.00904573153624
19,88.00904458018009,56.020017381779475
19,87.97824224421164,55.997609495485996
19,87.96299821529045,56.007693432002384
19,87.9929823754366,55.96918579316791
19,88.00416150555462,55.98475395967624
19,88.00233525398868,55.98492989052656
19,88.03575754492162,55.99809566742315
19,87.99973158240103,55.969233033544704
19,87.96542106838677,55.993406251825746
19,87.96747765266088,56.009578750301124
19,87.98055142242617,56.02806537820469
19,88.00155305251401,55.99675976953167
19,88.00135637866427,55.98304596961367
19,88.00656288024787,55.9972738056298
19,87.96555479838376,55.996781536765326
19,88.00447704158482,56.00525690730948
19,88.0041752840164,55.99258163344739
19,88.00150338973192,55.95766429531665
19,87.97757880252632,56.040088306096266
19,88.02745290212962,56.03298772066186
19,87.96799484939626,55.996613571084445
19,88.01161345006979,56.00432420598788
19,87.98232256747056,55.95443045956481
19,87.97525011659809,56.014076958361
19,87.97673342033652,56.00740450899929
19,88.00656288024787,55.9972738056298
19,88.02022122970645,55.96330169243824
19,87.97891417744086,56.00387430279846
19,87.99241546150084,55.98493418854381
19,87.98584820508144,56.00717501933811
19,87.99224819593563,55.98279199896453
19,87.9875683316615,55.98636534076026
19,87.98742299314279,55.991200025776244
19,87.99894866318928,55.98701574563098
19,87.99564601574878,56.02246989693218
19,88.00160348424325,55.99698787873373
19,88.00047725574147,56.00583946905093
19,88.00905935058405,55.97917401787569
19,88.00195907267275,56.00912979117888
19,88.02261965132469,55.99308547168118
19,87.9641802190569,55.99967625725979
19,87.97720663576857,56.023397568506624
19,87.976534488511,56.010127875563
19,87.98217306244558,55.97592266237251
19,87.99327295387354,55.9803663491793
19,87.97940005550666,56.003517533161215
19,87.99239294102983,55.98484357748109
19,88.00296088437969,55.96088905987899
19,87.98066702560429,56.00554535666106
19,88.00490152617597,55.996215664120975
19,87.99369716715746,56.00321306773548
19,87.97639770996487,55.99266652251127
19,88.0171196809949,55.990764056750244
19,87.98486413427537,55.96742130890848
19,87.97106078151354,56.01300372826152
19,88.00829572435951,56.00710849267241
19,87.98459184858686,56.008188693889416
19,87.99345150614386,55.96714379100478
19,87.98619718069268,56.024773265195755
19,88.01003313287711,56.01461920124612
19,87.99156857862347,55.983152816112856
20,88.00618857386215,55.95875679682169
20,88.01044534498428,55.984864302231216
20,88.0060861099509,55.97183316362782
20,87.98983334018818,56.03940577658488
20,88.03717011577906,56.02043767812311
20,88.03678366125321,56.023589489706275
20,87.99307955971724,55.95818901794678
20,87.95966248287434,55.983011738743606
20,88.04971616368802,55.99472591852778
20,87.98106136742692,55.956790374283756
20,88.00834901551912,56.02249460479886
20,87.95993709274974,55.98427300202047
20,87.99823461954263,56.018035741681445
20,87.97656351455527,55.98689257076844
20,87.98638139832134,55.988787197065264
20,87.97512047465275,55.98139129823313
20,88.03917407220555,55.99931772376106
20,88.04065127199378,55.98577626056788
21,88.00120621560217,55.983790474662996
21,87.98075747019432,56.03715680338923
21,88.00713369775772,56.00472939836125
21,88.00594383335826,56.00598257343768
21,87.99675255821951,55.99772999370208
21,87.96411560234051,56.022066928517326
21,88.03395312930046,56.033898500121126
21,88.00742207427734,55.952492530341445
21,87.99234030063586,56.00061107420687
21,87.97333060415174,55.9649974019107
21,88.04805611523588,56.00629910684478
21,87.98234819354178,56.03464589055651
21,87.9667203723594,56.03326695608521
21,88.0057095437172,55.96939408882638
21,88.02800982276742,56.019672740081695
21,88.04154749945948,56.01781179414752
21,87.99848014404989,55.976716877498454
21,88.02160911845321,56.02189449726419
21,88.01654140733746,56.0184773555587
21,87.96370364327544,56.02019851970283
21,87.97698275846662,56.011440589191146
21,88.0290318872495,55.96094693795709
21,87.96278370810863,55.97857466596725
21,87.997888410797,56.00164602449033
21,87.9848943924155,56.01130994865711
21,88.00100825239888,56.03257277379477
21,87.98542942912025,56.016972864090086
21,88.00065888650539,56.03920281699277
21,87.98770746222272,56.00196043775252
21,88.04000170297998,55.98195386501541
21,88.02524642036086,56.03504969406454
21,88.04128365785705,56.01719853034289
21,88.008522844853,55.99970002070454
21,88.02641287116332,55.96701338062286
21,87.95587521113217,55.989675189512795
21,88.00592922028156,56.00482952424
21,87.97601056011925,56.03503765011964
21,87.9748523372947,55.98392108378744
21,87.99064898397756,55.97715212160102
21,88.01332014194388,56.04316339919605
21,87.96722125160812,55.9814602518826
21,87.9991755675865,55.98262451378036
21,88.00263927327005,55.98722840533597
21,88.01273888907889,55.96342275578485
21,88.00643142520306,55.97724574435897
21,87.96637109493628,56.016611147976874
21,88.01480960728207,55.98250548139755
21,88.02029335287732,55.9727511859733
21,87.98577945197005,55.95628600504597
21,88.00514447627417,55.96376503729119
21,87.98275201775782,55.99389869044346
21,88.01858017548126,55.95517115968048
21,88.00029792226742,55.96486704184227
21,88.0168938847767,56.03029935659736
21,88.01206207867621,56.01937561079225
21,88.0356682959621,55.992705696653374
21,87.9880122914964,55.980537424247956
21,88.02035196293951,55.99674326008547
21,87.97479182694853,55.97423758517953
21,88.01320118886969,56.02038490462408
21,87.9850885588706,56.0440942117007
21,87.99653136070582,55.987580902901236
22,87.98441131163845,56.00270693939772
22,88.03767032086117,55.98190599480019
22,88.04762666908536,56.00822210039944
22,87.95962243662008,56.01573679302058
22,87.97525534059564,55.995304924384094
22,87.96830826416775,55.98544265404925
22,88.0296493034151,55.987604819558975
22,88.00485258146315,55.98802899471733
22,87.99750121307639,56.00047187605335
22,88.00031882863537,56.0162418931827
22,87.98496529742584,56.01790668088129
22,87.9606988815122,55.97708299496481
22,88.0169829862164,56.01341520202615
22,87.99782893015785,55.99691685660833
22,88.03326233424669,56.01512918427201
22,88.04170595403646,55.975230009084605
22,88.02194825870144,56.010252602659584
22,88.00465800712136,55.969714714294206
22,88.00583303720825,56.03682811904475
22,88.04170595403646,55.975230009084605
22,87.97740840856393,55.994622951419
22,87.99625601881506,56.03808312135449
22,88.0026419785789,56.04222103640407
22,87.99745299844108,56.00517981548509
22,87.9520021223862,55.996401564209876
22,88.00624014628315,56.04769887718389
22,88.0310985248567,56.021716119868444
22,87.99090045414802,55.97540343426085
22,88.04159603742532,56.0201536145853
22,87.99689926351705,56.01895706961896
22,88.04011945038717,56.00154422452653
22,87.99978578017758,56.00122984299604
22,87.97408334808054,56.00753181149087
22,88.00991833373729,55.99160847475922
22,88.03429165520583,55.97684869527813
22,88.01918166266313,56.026666041891396
22,88.00224748466961,56.00992675343801
22,88.00715036676858,55.98828771078758
22,88.04913386188618,55.997872620344424
22,87.97669035088678,55.96594816295362
22,88.00851288545046,56.01772203760367
22,88.00711331444475,56.04349218078916
22,88.02203646553757,56.01651027496257
22,87.97885588169514,55.96827186259779
22,88.0240466115172,55.98305631484706
22,87.99244177835227,56.00091001625945
22,88.02122932832361,55.95652260634692
22,88.0190892694404,56.03675600330232
22,87.99993859087704,56.042829993001035
22,87.99891040150229,55.95705345767104
22,87.97774589710959,56.00559220565102
22,87.98339024841911,55.96871766601487
22,87.95588346203621,56.00262310433063
22,87.97879947999908,55.98915988080531
22,88.03832539931567,56.010367790370125
22,88.0102308376589,55.978238601787865
22,88.03219374108431,56.02374606681918
22,88.01228163004598,56.048323253961456
22,87.99307955971724,55.95818901794678
22,87.99860273638372,56.002838094311095
22,87.97224889313507,55.97749355921135
22,87.98101823159021,55.99780584046305
22,87.97087040312078,55.97696621674416
22,87.96285881323121,55.97084444153384
23,87.99034568213385,56.02788207066054
23,88.02048181635548,56.00084678454551
23,87.97945421200244,55.99271781797861
23,88.01438036608293,56.023801740990095
23,88.00516295285591,55.992831627136525
23,88.01743320870102,55.98074972641875
23,87.95277193760174,55.993522904126934
23,87.99817353165616,55.98442983527672
23,87.98276832752049,55.99468147404914
23,87.9963007670205,56.020780740708936
23,87.96034445581435,55.97435543816035
23,88.01566677234487,55.997401645888054
23,88.0364677949937,55.98846176701736
23,87.97272655979447,56.038766783127194
23,87.98901073612763,56.04640254981987
23,88.02671533550986,55.97584628903629
23,87.99935509362514,56.04234409542947
23,88.02092522835271,55.96269162384431
23,87.99097864708767,56.033057673669404
23,88.01217607710157,55.98768667068871
23,87.99009936755564,56.03093933374607
23,88.02065710316276,55.98828964792038
23,87.97893342381195,56.01224621840777
23,88.00610623648168,55.99674704088337
23,87.98185399192177,56.00125328442956
23,88.00710069193538,56.02344106906918
23,87.98651917357506,55.98150928608467
23,87.98559282171898,55.98982344832806
23,87.96800718436424,56.00127511869644
23,87.96671571179736,56.01979793206192
23,88.04164896463203,56.02210948722595
23,88.00657141221737,55.98289512397699
23,88.04412942109765,55.99523851746133
23,87.9542810244436,55.99511461640966
23,88.01555107887714,55.975548130494914
23,87.99053311011208,55.95971342670599
23,87.99442052327825,55.97013426869216
23,87.96218513081692,55.968151265895784
23,87.97864337828952,55.974642006602075
23,87.9784011267776,56.004161115263834
23,88.03140406016868,55.99013579760516
23,88.01891876992042,56.0320673819249
23,87.99823556885694,56.01298738454418
23,88.02941555624733,55.96690865950767
23,87.98778286336692,56.009964851119065
23,87.96194732958286,56.00653755301136
23,87.9922653703213,55.984715893106426
23,87.95557935233727,56.01113561627068
23,87.98537580262742,55.984016429248406
23,88.00456632402741,55.960921797376905
23,87.96463737017649,55.98456344593901
23,87.97558860869641,56.01561463916412
23,88.02785816539468,56.031349778156276
23,88.01615488601404,55.98724163882745
23,88.01096278164403,56.03462025942853
23,87.98971738009067,56.00191165781414
23,88.0044480938752,56.00039217121222
23,88.01712659808928,56.014123800250616
23,88.01865164559916,56.01424339676349
23,87.99769014142214,55.986329922264154
23,88.04509908300471,56.0132157331358
23,87.98925273727816,56.016608399610895
23,87.96007876049427,55.99965536059248
23,87.95833986921367,55.979799067974206
23,87.98921663068585,56.048613718978096
23,88.02002034231234,55.995636075391246
23,87.97556306457928,56.040940106260145
23,87.96189399729373,56.0024001209646
23,88.02836552368072,55.98181997235346
23,87.97572172693073,56.0175626710546
23,88.00083643253004,55.99191855807503
23,88.00113254322852,56.01557072789155
23,87.99115694958714,55.96940187886979
23,87.98596544563901,55.96340744351907
23,87.96979068472778,56.00923351754557
23,88.01056049504413,56.01192050787149
23,87.99485255003823,56.02930668759402
23,88.01168712691435,55.951993381417445
23,87.9983117725288,56.04783911773727
23,87.99325630795032,55.99086688775912
23,88.03568525903722,55.97097677998314
23,88.0245346454475,55.98477085255486
23,87.97801920812364,55.99504037343942
23,87.96267503355071,55.98368621618391
23,87.99680370017687,55.98206665612867
23,88.00217846910927,55.97318149784601
23,88.024624769793,56.01218796819798
23,88.03234996408123,56.03080859584668
23,88.04579571873525,56.00630830390343
23,88.02220230224476,56.008179278205446
24,87.9916961010079,55.960496215792446
24,87.984262824934,55.99040775155076
24,88.0197960114369,56.041730002683515
24,88.03041149436247,55.992989825698174
24,88.00422781890265,55.97391126017753
24,88.03544266789537,55.97145933120869
24,87.96862294889945,55.99853558580712
24,87.98819415644398,56.04255920854821
24,87.97781536857192,55.993839295067716
24,88.00979489507212,56.03175404699412
24,87.99654805345762,55.98366386227371
24,88.01499790874118,55.96853741005281
24,88.03322429500346,56.020080365631145
24,88.01313175747646,55.95616073390852
24,87.9624548867776,55.9707051289659
24,88.00843423819019,56.02810248890955
24,87.9901600451281,56.00437327653474
24,87.98159878602955,56.01491022372834
24,87.97699185694997,55.96271281910327
24,87.99810597388154,56.02434961305721
24,87.99225722628223,56.03520132455271
24,87.967852752455,56.00795877543112
24,88.00486428691424,55.97558864615853
24,88.01947483256707,56.01720418562699
24,88.01795616240551,56.007523321254986
24,88.00639769469156,56.002079026154256
24,87.96842028997952,56.02293509369442
24,87.9881076365853,56.0051386832521
25,87.98841443559776,56.04296747864495
25,88.02584402649967,56.01635317876967
25,88.00051493767033,55.999539533219334
25,87.96296941781141,55.98324319727962
25,88.02227730445058,55.98955469880984
25,88.02020938628101,55.99193645200849
25,88.00913365151737,55.99473439999019
25,87.97444353878232,56.00893992524615
25,88.04638111884535,55.98250065051325
25,88.00145137420206,55.98010667635654
25,87.97592890674142,56.02817744933074
25,88.01049793872325,55.971979387791805
25,87.97861214540939,56.007221648482194
25,87.98014047851403,56.035303300341816
25,88.00613227028995,55.993371040779984
25,87.96430093103865,55.993641686225565
25,88.01080144835684,56.00883295828179
25,87.97525534059564,55.995304924384094
25,87.9962306636001,55.97613899954262
25,88.03322190688786,55.97460662614799
25,87.99170205522607,55.96535790732053
25,87.96835296780093,56.01596429981753
25,87.99567801444032,56.0140685799715
25,88.03053554545714,55.96783243849142
25,87.97052730186321,55.99172840120461
25,87.99736042064288,56.00861841590965
25,87.99571315307007,55.9818862818008
25,87.99317964259834,56.02632989727969
25,87.9839501285858,56.02026009340619
25,88.00481101604545,55.96664958688544
25,88.01742762679551,55.97088992761662
25,87.9739197510452,56.01681160488292
25,87.97968353165875,55.98807743912052
25,88.0136540075653,56.04327822401777
25,88.00687055104544,56.02274378099838
25,88.0188826285942,55.968008798520124
25,87.96678698664132,56.00235452212471
25,88.00252843014238,56.00326028400402
25,88.03527534537781,55.98538467190242
25,87.99332755182289,56.03110972108233
25,88.00546931261024,55.96685634538496
25,88.02462541495356,56.003986011149166
25,87.99855649922037,56.0200577430758
25,88.00654351172035,56.03120539476768
25,88.03077554934008,55.97766530408141
25,87.99705738064948,55.95062167569612
25,88.03852491238173,56.011788990995754
25,87.99694417072564,55.999570009376875
25,88.00434294226632,55.96664772580069
25,87.95738019264762,56.01927851167915
25,87.98516224990492,55.95773348738995
25,88.02558895048536,55.994038108069255
25,87.97868079678575,56.010296361264984
25,87.97017843461633,56.03796639674731
25,87.9909463213167,55.9927249011055
25,88.04374684236659,56.00834794294034
25,88.0293299103192,56.025524055170614
25,88.04276863634482,56.01736164310105
25,88.0391178334728,56.02782343238237
25,88.03847776705572,56.02507026325012
25,87.99914336395108,55.989594215123915
25,88.02693313621386,56.01082327692702
25,87.98496609719587,55.97208906829005
25,87.99407491005952,56.03599655593558
25,87.99533333820699,55.97097268984459
25,87.9738886540452,55.97975478716646
26,87.9596664880292,55.97219550742814
26,88.00031004261017,55.9506692367433
26,88.01032183772405,55.99268616642089
26,87.98680603812913,56.04617789510487
26,87.9939420075742,55.954861994068715
26,88.01985012847217,55.96781341285712
26,88.02603785845747,56.019747876015124
26,88.0199474554717,56.034966037289834
26,87.95943675351684,55.99351736714048
26,88.04355296930608,55.99438863007289
26,87.99275439616407,55.958986073369246
26,88.04787997908679,56.01158238097347
26,87.99878986003715,56.048216374499546
26,88.0046540749886,56.026523592651316
26,87.99051925978641,56.020606586513374
26,87.9847349615175,56.0125639552927
26,87.99673220167323,56.01745050586195
26,87.97013797195171,55.9758674376887
26,88.00204290777852,56.02000542956651
26,87.96374501112716,56.01352301530031
26,88.00902909226762,55.956082461613505
26,88.0095661190453,55.986467697183436
26,87.98362824427461,55.966085346708645
26,88.00865026034577,56.04645451111462
26,88.02286319386349,56.025024538689046
26,87.9629689870845,56.03014061772777
26,87.96756679865653,55.982016035245174
26,87.97066702888648,55.96381758255404
26,88.02001591623295,55.98343232861941
26,87.99713904229083,55.97030573515201
26,88.0274225138831,55.976398498819144
26,87.9776621429854,56.00956329182309
26,88.00133175184456,55.9836068389417
26,87.98466170336606,55.98312926240816
26,87.96392159084044,55.9966749228686
26,87.97481406719687,55.989429094296725
26,88.00361360655495,56.00813024063885
26,87.99236555834007,55.952175754151625
26,87.96276340464195,56.02675259979178
26,88.01750875300306,56.02106718846603
26,87.99677714529629,56.00990752383538
26,88.00432918468715,55.97104121555928
26,88.01713142384003,56.03321440949423
26,87.9996406080745,56.02748418841351
26,88.02786252739774,55.97679939564091
26,87.97149637593303,56.03573722843763
26,87.98984437751027,55.972674195976545
26,87.98868595656916,55.95352056764781
26,88.01003046951048,56.04118370425465
26,87.9664355536645,55.997560697510615
26,87.99630457394485,56.01158613768347
26,87.98216451448316,55.991548404965016
26,88.00514388557427,55.99687086219651
26,88.00111039507945,56.04739018861463
26,87.9967624169342,56.04749997812351
26,87.98834892574216,56.000797463272804
26,88.01718963965509,56.03773423653406
26,88.04587779995147,56.017370315040715
26,87.97895389724513,55.99013445920699
26,87.99003396727171,56.0205721415107
26,88.005731352333,55.976051862376856
26,88.01509219470474,56.03429448747756
26,87.96739706889824,56.02312057428529
26,88.03140121312873,56.01731298494222
26,87.99423225116365,55.95632666270692
26,88.01259958546234,55.95578414547867
26,87.98795153085416,55.98962540558609
26,88.01841016172732,56.04001863516693
26,88.00322825660555,56.00110080545784
26,87.98973320728001,56.00096758171021
26,87.98927632529431,55.978171711341396
26,87.98915770680638,56.015992057644375
26,87.96601674935268,55.999292673648846
26,88.03179256087334,55.99204633782565
26,88.02696603081652,56.027929435961134
26,88.03500086748122,55.96985337812354
26,88.0369359744725,55.97886429556037
26,87.96413730288606,55.99177953390673
26,88.0190012165677,56.032108283497
26,87.99516676102056,56.03167076525045
26,88.03149294221139,55.997779392847285
26,87.9907153466604,56.002489224968734
26,87.99827511356378,55.9516303295435
26,87.98289899542203,55.954841337634846
26,87.96868646646463,55.99099910141706
26,88.00414077220854,56.00202033232177
26,88.02875148693536,55.99329023758028
26,87.96455533190999,55.98957121417109
26,88.03547925387178,55.99794513355879
26,88.03798911376266,55.99959886912527
26,88.03454555200553,55.98859808536488
26,87.99608193891396,55.99210696206651
26,88.04148322574167,55.97747817866139
26,87.95410527151792,55.98801312904821
26,87.97239619661832,56.030023798395035
26,88.04465080286916,56.016308026298745
26,88.02717122697224,55.967789119251826
26,88.02627304278988,55.9681632898757
26,87.98460652337756,56.031348402020306
26,88.02406788090428,55.959109804880924
26,87.9954646517997,56.02642782482849
26,87.98277290076773,56.04133222142071
26,87.98808629614312,56.03432160209197
26,88.00232602081599,55.98755793847145
26,88.02326814893048,56.03998577041715
26,88.0068280720841,56.00265454873436
26,87.98186721520874,56.02543911106415
26,87.95937642463815,56.014072610052395
26,87.97172183486862,56.023636999305
26,88.03217493486298,55.999430700195596
26,88.01648123345862,55.97271470179675
26,87.97806641671501,56.00853623728121
26,88.00453372895332,55.99042420335058
26,87.9607194749375,56.02447857052607
26,87.95736958155281,55.989564384469325
27,87.99429257921213,55.994960100650864
27,87.9882444115473,55.994875583673256
27,88.00394659624295,55.98483083284888
27,87.97039355011246,55.96440790242485
27,87.9657192408372,55.98227943337524
27,87.98585506955827,56.00067448947138
27,87.97585784942932,55.98248807414487
27,88.0269659728543,56.03921279594676
27,88.01003705630336,55.96224573953198
27,88.02309050977647,55.98512743218128
27,87.99479091619052,55.98135667067108
27,87.99004143310724,55.97888270976825
27,88.03717011577906,56.02043767812311
27,87.9882050396029,55.96578767348232
27,87.96237537029923,56.03176399527089
27,87.99428004334892,55.98793471822621
27,87.98871594133544,56.015304738603724
27,88.01246435691542,56.04801169036086
27,88.01913530065315,56.03813384068353
27,88.02584765793125,56.036769764872915
27,88.00687016734761,56.02578771441671
27,87.95236776293505,55.99910755976946
27,88.01259958546234,55.95578414547867
27,88.04656265928082,55.98252370726762
27,88.02867787380517,55.984805726797724
27,87.96632175250974,55.97637441629867
27,88.04443487624597,55.984832925499006
27,88.00515333824019,56.035982445442755
27,87.99663074260927,55.95800973841219
27,87.95515705554551,56.01895936913258
27,87.95077376932966,56.001843647686584
27,88.01682777879361,55.979703636247486
27,87.98060504829232,56.036860210264614
27,88.01776248095855,56.02571516152645
27,88.03175955572166,56.003294034480724
27,87.9784677479418,55.97281921649311
27,87.98520433971002,56.01145992056342
27,88.03515297579848,55.9803339779674
27,87.98698357142791,56.03648316147836
27,88.0311856434524,56.00892278535425
27,87.98797844712497,55.98212605463544
27,88.04913386188618,55.997872620344424
27,87.96494451727229,56.011219912438534
27,87.98227899006532,56.0091104929961
27,87.98031605284382,56.0449286647078
27,88.01215596932708,55.95828331584904
27,88.0146313223728,55.9856572763128
27,88.03272194928122,56.02432720257609
27,87.98981531353597,55.976332755290365
27,87.97815143858939,56.02658320676558
27,88.02047518733924,55.98393509583712
27,87.96162769888146,55.992490986007816
27,88.0435622487813,55.97710346935303
27,88.00110277196347,56.012082438385086
27,87.99707382897226,55.99684861236573
27,88.02773224779506,56.00629141419953
27,88.02918785159555,55.982696494385316
27,87.99868464299537,55.96397142240815
27,87.98624113965566,56.02160310515961
27,88.01336508013934,55.99289624675069
27,87.99986432642578,55.95482187202804
27,87.99287116065345,55.9588230731086
27,88.04382124608918,56.009087000133526
27,87.98687010625244,55.955285701950785
27,87.99006642005885,56.000724465842715
27,87.98813263040023,56.03924538029403
27,87.98926922242637,56.03195962320531
27,87.98748380552934,56.04573245037477
27,88.02446523480258,56.019161654829816
27,87.97297693709001,56.006165092045045
27,88.02918763630063,56.014149367005814
27,87.99433204205037,55.9801264171706
27,87.9863200974734,56.00179299378609
27,87.97717876432955,56.00467302206764
27,87.98495943112461,55.967434506028916
27,87.96408375810759,56.005861244649914
27,87.98342209892783,56.002573026634145
27,88.00756180004163,56.00890967681429
27,87.95683160592122,55.983237234268174
27,87.96785975887316,55.97565484448468
27,88.02709232311844,56.00563662398536
27,88.00754345816699,56.00315466576326
27,88.02406194455381,56.029362053863686
27,87.99772430569993,56.017755235129364
27,88.00758696415299,56.01331320381954
27,87.99257039428689,55.975777225454856
27,88.00837218038171,56.012564794423874
27,87.97221413067408,55.98176643185954
27,88.01227767757788,56.00979531050841
27,88.04701312910217,56.006138105209054
27,88.00428562286297,55.988517389457115
27,88.04216182182695,55.99308063424658
27,87.96341223801848,55.97184699067117
27,87.97783406706168,56.01482612941701
27,88.0355251173699,56.016185742427176
27,87.97706804108739,55.997650496045004
27,87.99451447977435,56.01159247269956
27,88.01204772070963,55.96816766322705
27,88.00648252958246,55.99544580483636
27,87.97332244482756,56.016796798271386
27,87.97967338505455,56.027602081091516
27,88.02521612540059,56.01054482257243
27,88.00283558033844,56.00821443795868
27,88.00206629544574,56.02169534569262
27,87.98131320567163,55.96590468731758
27,87.98857193683708,55.98101066413911
27,87.98283149572663,55.98680004699773
27,88.00033170448053,56.03363603407614
28,88.03369232691182,56.01222201012545
28,87.96063218153279,55.98128562695823
28,88.04049496650315,55.9949506146056
28,88.01741520309369,56.038129072468145
28,87.99087093961886,55.980048677829416
28,88.02053363426612,56.01807577621219
28,87.98788994869683,56.03408848107726
28,87.97157444430019,56.02964029590614
28,88.01338853596745,56.01597242738267
28,87.97112599229062,56.0236405557886
28,88.03579424553348,55.97520735740921
28,87.99522080035213,55.98696478226613
28,88.00392426133348,55.980435553741096
28,88.03542120937611,55.98883404661868
28,87.98287801826119,56.03818388384849
28,87.9798402962748,56.040991091006426
28,88.04494113019072,55.98546048342145
28,87.96461054147827,55.96618052762342
28,88.04457191196398,56.00744918802788
28,88.0318309143031,56.03006652495055
28,87.99055963815864,56.01429483736589
28,88.03022150165566,56.018712828620636
28,87.9923590316202,55.995138534332035
28,87.99343802244307,56.02228439313297
28,87.97161985325035,56.02723022807036
28,87.99339549662406,56.03121218061171
28,88.04809332340493,56.01060820086279
28,88.01307022641156,55.96299358512253
28,87.96851260842325,55.98862853925926
28,88.01897822377532,55.996072201686125
28,88.00001139016469,56.00742294584159
28,88.00236977706575,55.96861878237877
28,88.00853238240127,55.95412973711231
28,87.95988310489776,55.99778284973039
28,88.00396891329216,55.980923386544404
28,88.02397983691921,56.021070090210195
28,87.95195064442295,56.012510052104176
28,88.03323906551067,56.01989155368941
28,88.00766337574603,55.98726548153507
28,88.00722050776258,56.02070040021305
28,87.9675576722405,56.03222935924253
28,88.02887221215782,55.966896083409466
28,87.96419516681411,55.96636582225997
28,87.9750366955788,55.98641559352676
28,88.00142429673375,55.97319108219327
28,88.02521080202328,55.9596946845377
28,88.00953524827342,56.04833389053991
28,88.02249310860482,56.03247896933393
28,88.04649968449313,55.98301453303072
28,88.02281030655905,55.99724208902004
28,88.03240314034373,55.987198120113774
28,88.00085103555784,55.99679028322113
28,87.99258239387578,55.98546473628942
28,88.01568235450667,56.01473581120413
28,88.0072245241952,56.008157798268925
28,88.00552539013512,56.00231124422943
28,87.96335355568436,55.99840549707372
28,88.03309786821792,56.007972935783435
28,87.96242690248116,56.01360874055401
28,88.00448555263023,56.04206254121519
28,88.03148056620779,56.01509468347003
28,88.03195312781607,55.98341455787484
28,88.01338017117023,56.03291341632756
28,88.01517848291842,56.003091298246495
28,88.0050315780135,56.027762695071665
28,87.99465953017324,55.99776584608432
28,87.96557651889039,56.01090672793956
28,88.01212545707574,55.99949748903263
28,87.985669586534,56.02624665692692
28,87.96527341399909,55.98056508979324
28,87.98594187356024,55.97949150954148
28,88.03810789660683,56.02435751196965
28,88.04051808346198,55.98967360966361
28,88.04018574261856,55.9891591308435
28,87.95577165286156,55.97956424304761
28,88.0300339228594,55.97156459975063
28,87.95772432224553,55.986209213897716
28,87.96955022559753,56.016625012204855
28,88.00489635073268,56.00220422225242
28,88.0356279520523,56.01035615656012
29,88.00972881801096,55.997754375597495
29,87.98640695506117,55.95370304151469
29,88.0403074704939,56.01993596543965
29,87.97655270694393,56.02661040234431
29,87.95665134983012,56.021872160376105
29,87.99524014888938,56.00480066489221
29,88.0364065241696,55.99470438296288
29,87.9705939025504,55.971741806819765
29,88.0130528815109,55.95314111849822
29,88.00649012634238,56.04139660931231
29,87.99938981295207,55.99425464130993
29,88.00091994549449,56.00479174950601
29,88.01673941512979,55.985399508322494
29,88.0388476709509,55.97899045161183
29,87.98545654782069,55.991578274262295
29,88.01889786426949,56.02403577421548
29,87.98501962736226,55.99786141810618
29,88.0209044548483,56.00032745200857
29,88.03027337615572,55.96919192501645
29,87.9787337899858,56.004432480583745
29,88.01058764753378,56.03739727667744
29,88.00302079761491,56.047091726232665
29,88.02045034273456,55.97939261195004
29,88.01919704470053,56.01812958965149
29,87.97840473402859,55.99569523422274
29,88.01170491543165,56.02381863437015
29,87.98102609992436,56.03229414226949
29,88.0283007063973,55.99693212375738
29,87.95712133694772,56.012485072872344
29,87.99070378722632,55.98767944777327
29,88.01519077628163,55.986580949495405
29,87.99707787023684,56.00573996003035
29,88.01792912361688,56.00253652723838
29,88.03952445933344,56.004874975362874
29,87.99363345126861,55.99239532421394
29,88.03459673285808,56.008498418880954
29,88.02350601296502,56.02707352732985
29,87.99580700122446,55.96353335744703
29,88.02057564729255,56.01515539616781
29,88.02714058508687,55.99596005014595
29,87.99748088416894,55.969744658591985
29,87.99654617595974,56.01160382153082
29,87.96598967658602,56.019974106583454
29,88.01825240217246,56.042857189393885
29,87.9880708564376,56.03954624097816
29,87.9838669529242,55.98970910206454
29,88.02978552748003,56.00046539224917
29,88.00524873664516,55.97407942627211
29,88.00154535605246,56.03128144760281
29,87.992086131766,56.043122029986506
29,87.98081224991225,56.01568663242755
29,88.01430377223673,56.028151597080054
29,87.99659923414222,55.98429419465922
29,87.98511266477398,55.970152363476984
29,87.98690665016942,56.0048930220394
29,87.99142415904913,56.01829694361701
29,87.99103728030434,55.99286471760741
29,88.0111612476507,55.96705137140417
29,87.97170041595179,55.98451017227884
29,87.96302362926285,55.980738572458314
29,87.9624718380966,56.004329282959574
29,88.00403937782693,55.96654571924267
29,88.02821330023205,55.98671312502052
29,88.00596819709853,55.9605316296452
29,87.97544098989249,56.011606194622715
29,87.95482990682636,56.002590197973255
29,87.99008961289216,55.992764148963865
29,88.00497732733912,55.985517269226364
29,87.97162939156004,56.01707336213934
29,87.98506819425887,56.03552452973796
29,88.00365362733554,56.01481258431379
29,88.04415086589871,55.99576856807511
29,88.0189137531146,55.9587537885546
29,87.98056432805168,56.0045251901257
29,87.97952170936045,56.022453664062205
29,87.991370671663,56.017921153477694
29,88.02166240784975,56.039327912369
30,87.97522114738294,56.03135592242403
30,88.0363098938089,56.008266182456424
30,88.01807140383335,55.97959962038492
30,88.03862394425425,55.989308031239965
30,88.01014320404938,55.973264158477186
30,88.00747912144165,55.95853620729442
30,87.98773299185275,56.048312096978464
30,88.0453837169908,55.98172885696772
30,88.03971750647999,55.97016669705293
30,88.0053614235835,55.98217648458758
30,88.02917037028024,56.03868279718488
30,87.98592079940244,55.99557837089363
30,87.97324819375044,55.98314371847782
30,87.98334684898049,56.00983995213233
30,88.03034428591823,56.013994489896305
30,88.01517848291842,56.003091298246495
30,88.01434553404933,56.00892406095642
30,87.97466260505516,55.96716333138988
30,87.96327333387762,56.00317011829812
30,88.01749769363664,56.014941581371424
30,88.00106228039736,56.00120486337575
30,87.98856988257567,56.01772590975895
30,88.02889938462975,56.00287751107612
30,88.0273214836438,56.02970101536664
30,87.97699185694997,55.96271281910327
30,88.01154003793204,56.04359617842005
30,87.99683799438232,55.97833564736164
30,87.97219268126231,56.01459070821652
30,88.00820022496264,56.034511367625136
30,87.96320370293785,55.99356846416061
30,88.003029931736,55.97923970276747
30,87.98031601238466,55.98934769234748
30,87.99756844562545,56.02897586236648
30,87.9969513967589,56.03598524771868
30,87.97884153557484,55.98194960472705
30,87.97665116057935,55.99130673257477
30,87.96451926593306,55.9693844801487
30,87.99285888897226,55.966123167301916
30,88.0085586705574,55.99437434309401
30,88.04103740132234,56.024551050791736
30,87.97945823029983,55.98322079326275
30,88.00911150218137,56.03834465456872
30,87.9603176570793,56.025128115978795
30,87.98747471251707,55.952523432861
30,87.99401824789287,55.99437419373001
30,87.99975110191617,56.00781787129265
30,87.9894942026177,55.99311248920595
30,87.98886934610432,55.983299388461994
30,88.00840526604559,55.97664147593831
30,88.00875676609886,56.00206233821279
30,87.95061694559202,55.9984717612322
30,88.03147730876329,56.03677005959536
30,87.99033381448331,55.956936293124905
30,88.0206343053478,55.99439202976419
30,87.95989128172401,56.01700425974819
30,88.0021071623896,55.97498463651832
30,88.02920952507156,56.00831399175747
30,87.98028065017355,56.01838982411702
30,88.00694531847836,55.98594248559457
30,88.0055659484018,55.99518658671917
30,88.00449378749643,55.95856140177335
30,87.99681434673226,55.95169872741581
30,88.01426005887335,56.03779111962982
30,88.01485182675803,56.00903078427502
30,87.97225493355265,55.95877676530265
30,87.96646012769847,56.01111813276
30,87.96545206305588,55.96852779753111
30,88.0143417402632,56.014226561646694
30,87.97483393401073,55.974323622540204
30,87.98124650808981,55.98543933321461
30,88.01102896929702,56.043874592857435
30,87.96025193920981,55.97026384472251
30,87.9742750583717,56.02742669196867
30,88.0348871663277,56.03057286385114
30,87.99387589391388,56.02027000114454
30,87.99155630552939,55.99053413039794
30,88.02725753572336,55.96908129179965
30,88.01987739266839,56.01715957839222
30,88.03179297243157,56.03153274673063
30,88.04912164022318,55.991782929840184
30,88.02647212401287,56.00691045636386
30,88.00930088545489,55.96977382262409
30,88.02250593334811,56.031835597099324
30,88.02937648308807,55.96455484526619
30,87.97270806867833,56.02009105028078
31,87.98362914869448,56.04263565572192
31,88.01841368542102,55.985962586257315
31,88.00208138001926,56.03795740887761
31,87.9921528652133,56.04758278522049
31,88.03825589793438,56.02827622145288
31,88.00031757321089,55.97971503326793
31,87.98991500231264,56.026879780019804
31,87.95930763949224,56.02468282648159
31,88.01987471171478,55.99040897516473
31,88.03409027215602,56.001662245422985
31,88.01694707428034,56.01221104511142
31,87.97954324592298,55.98840901799856
31,88.00693744396037,56.017796849207365
31,87.99597082311956,55.96441318393591
31,87.996431156666,55.98189364035742
31,88.02147578339049,55.998926436615946
31,87.9721171026291,56.00168506021772
31,87.9711522688395,56.0301724657977
31,88.02321725694793,55.99160636574956
31,87.97517723965372,56.040957508100895
31,87.98296103226505,55.97505269204329
31,87.97579663593402,55.96197152396653
31,87.9846794798601,55.96078950716441
31,88.00110472767189,55.960028104530124
31,87.98620973917228,55.97234005891159
31,88.02185703274357,56.02148394538848
31,88.0094596974613,55.98801605785542
31,88.00808011200232,56.00642698152688
31,87.98841574520442,56.01513765474591
31,87.98158175420267,55.977732265527365
31,87.98381423085556,55.98641991243045
31,88.0148745998509,55.959292900015704
31,87.9675818323993,56.014845012727065
31,87.9579980730506,55.97347619174228
31,87.99562358689045,56.01636509356761
31,87.97020152998125,55.998071606500986
31,87.95798873945365,55.99274675786733
31,87.97859589537246,55.996736774975126
31,87.96643359118738,56.021332766390024
31,87.9964184222023,55.97482045514939
31,88.01569072867599,56.037400108177245
31,88.02929052664928,56.0266442282643
31,87.96614762934112,55.980913386640246
31,87.97903956965118,55.9668371594945
31,88.0454635859093,55.98427005441437
31,87.99138465293912,56.04441883575171
31,88.006912830135,55.99717990928738
31,88.00661109115623,55.9894015802116
31,88.00712724801258,55.976639734040134
31,87.98501174097687,55.96427347000175
31,87.96510925897158,55.96447453540976
31,88.01987565316364,55.99071081363441
31,88.01128462725747,56.01148848058878
31,87.99397130879936,56.04370051905676
31,87.98169326094924,56.017124435254644
31,87.98033972242294,56.02518210311613
31,88.00018338001762,55.988097432998295
31,88.00640321588891,56.04182613181993
31,88.0170235402844,55.97323823440022
31,87.95195420484295,55.99216699395794
31,87.95211574606815,55.994800903483586
31,87.99215447495412,56.029134043104946
31,88.01659365377368,56.02382241863954
31,88.00172243579696,56.01578313177206
31,88.00950078479623,56.022022493729246
31,87.99876128220934,56.02677989559339
31,87.95922079261547,56.00804147203811
31,88.01814808837254,56.01147657639472
31,88.03209033612706,56.003850086678604
31,87.9911770023591,55.98475599898349
31,88.03724071748906,55.97909831986614
31,88.00750408293196,56.01889971430142
31,88.02353566247422,56.01328043588037
31,88.00221440149988,55.98652667462193
31,87.9811948672215,56.04301880138529
31,87.95604129080402,56.02167209936924
31,88.04036028403453,55.98847874907397
31,88.01297979970742,55.98308346459742
31,87.99899004502618,55.96959214202879
31,88.01829882194016,56.015432358709944
31,87.9819825666031,56.021568791820634
31,87.98924140313459,55.99185737299262
31,88.02753917266284,56.02211488930262
31,88.01972375363643,55.972702048649374
31,88.04142652825368,55.97706432801091
31,88.00711908180418,55.99312217204292
31,87.95164167264959,56.00750169498733
31,88.00441208549343,56.01189517947871
31,87.98257902017134,55.9775674883951
31,87.9977446052679,55.95021717461701
31,87.99906496360175,56.04545814384571
31,88.00123207341436,55.966263747686895
31,88.01283198668722,55.97530535656493
32,88.02962257030049,55.98161002256766
32,87.98542619681994,55.979446700736936
32,87.99701788317617,55.97800804790164
32,88.02865427796335,55.960070267330586
32,87.9786115717581,56.02248227900013
32,87.98606285189749,56.026059442372315
32,88.01570549813671,56.018957428506084
32,88.00516399516134,56.03716963792332
32,87.95434812163903,55.99761695968143
32,88.01645692111238,56.001473850128825
32,88.00366627752888,55.98250393980771
32,87.97204785616142,56.02782723432264
32,87.98234428235311,55.999105452918776
32,87.97423347998131,56.014034761677756
32,88.01727588747362,55.97902484837889
32,88.03122914679591,56.01884711582065
32,87.98876913797737,55.998131611008944
32,88.02045493817776,56.02606395663757
32,88.03147084110539,55.96240949405898
32,87.99086611459933,56.013547951414715
32,88.00579549474853,56.009997393304346
32,87.98654360783412,56.02629851028387
32,87.99549829098507,56.030585848513994
32,87.95367023902865,56.01099398078903
32,87.98963863442685,56.019443298940665
32,88.0412277969185,55.98850596792719
32,87.97605037403125,55.98489539140038
32,87.9623543733876,55.9962418340051
32,87.95590960553378,55.99716627958348
32,88.00849472000486,55.95779205532043
32,88.01140813389846,56.03209946495071
32,87.95951473963609,56.01770768479786
32,87.99749773463257,55.95122691324712
32,87.98718656456083,55.9998748697812
32,88.04202875148012,56.02310697568581
32,88.03441174574756,55.9671868801144
32,88.01261767281723,56.017193937616256
32,87.99297394515126,55.973608414201195
32,87.96204722033454,56.00567137374825
32,88.01303101923189,56.010650321223125
32,88.0304907260359,56.02645028406201
32,87.95936088499448,55.977331155183954
32,88.02820244874871,55.97354457824367
32,87.96071564477259,56.02236130793342
32,88.01404585804299,55.952572821431055
32,87.98591107097181,55.997810132770205
32,87.97776085756239,56.04189502049042
32,87.96027556426945,55.984602883893615
32,87.96002619421203,55.99880815618358
32,87.97836824885717,55.955449316354155
32,87.99140917444248,55.95687328174002
32,87.98403240709537,56.019580309636886
32,88.00561709139852,56.040625829952155
33,87.9866068973044,55.96009993719064
33,87.9948808259832,55.991727166482804
33,88.00350115439402,56.019723974927274
33,87.97938051502643,55.99551214279668
33,88.00397917531176,56.01126807263077
33,87.97165450394208,55.99543362999398
33,88.0146605478313,55.97139416911691
33,88.00286003073028,55.95611963856193
33,87.97149637593303,56.03573722843763
33,87.96355029330103,56.031107458447075
33,88.01099959788169,56.011291135086786
33,87.99270375494945,56.02850628217023
33,88.02909027229828,56.014241218888806
33,88.01004026851132,56.01400484681928
33,88.03679658640661,56.01249959215241
33,87.99879829720366,56.02421961761469
33,87.99385446280533,56.0087892321274
33,88.0290207730136,56.03816435802739
33,87.99051559665948,56.02549047697334
33,88.0439739509425,55.9963085863189
33,88.02270533035771,55.999265461577
33,88.00997445665922,56.03216759575454
33,87.97432054489855,56.01664765865907
33,88.03293182440156,56.01922646233878
33,87.99596880091022,55.992115197299455
33,87.97128817730457,56.028618032498564
33,88.03831949341466,55.983315183880926
33,87.97445205047875,55.963842838106125
33,87.96436890755146,55.97453367096786
33,87.97928548003678,55.956104276666
33,88.02819387875668,56.01254348113253
33,87.9923194244982,56.044384400524095
33,87.97364903527136,55.97674309026552
33,87.96827165670803,56.03801250662994
33,87.99000614503377,56.00046068524477
33,87.99379162848676,56.044859511857226
33,88.03787122867001,55.98617335009384
33,88.01744489899355,56.03140046562503
33,87.99719551179899,56.00097381028228
33,88.0106951804096,56.04483267879006
33,88.01970280148086,56.037007272996945
33,87.95826701281501,55.99663616857558
33,88.0270785135864,56.03698858020643
33,87.988799969208,55.98635162424219
33,88.0264938296816,55.969581987800744
33,88.01491722251359,56.026767108593745
33,87.9979521580184,55.99976697926831
33,87.97733486295962,56.00897272048305
33,87.985080919872,56.01428467423336
33,88.03935787830396,55.9891430040594
33,87.99150275204369,56.02862994964649
33,88.01013481598208,55.990482082927855
33,87.9955988171544,56.013729329018425
33,87.98804033234214,56.01410282217642
33,88.03096653929664,56.01405215980528
33,88.03260702868211,56.03009885072843
33,87.97877702093614,55.97604650523925
33,87.9802445289234,56.00130008798661
33,88.0441001766031,55.98737834268651
33,87.98367340446104,56.03250098899526
33,88.03168978699951,55.98782027665615
33,88.02914284764465,55.97610846377913
33,88.00778479100958,56.026716737142
33,87.95738019264762,56.01927851167915
33,88.02651412674062,56.00741906789452
33,88.01233968320172,55.98402238778986
33,87.97244366142593,55.997358795057224
33,88.03703935159392,56.021115986133665
33,87.95946359447098,56.01914386430759
33,87.98803480261641,56.00146193429977
33,88.003448496162,55.99869513148986
33,87.98858975457615,56.02883882629613
33,88.0205324740218,56.013961590046684
33,88.00043544741365,56.04194238139811
33,87.98391603744744,55.966530564168814
33,87.96586192993252,56.03113825371614
33,87.98535752412752,55.98593895846143
33,87.99325282568633,55.98208943682332
33,88.0200513353097,56.009983048784235
33,87.96687968169707,56.02052208919908
33,88.0158239354696,55.97663678756821
33,88.01538893887431,56.0085207253341
33,87.96763325022852,56.02961887734619
33,87.97042338427352,56.003822624915514
33,88.00786766947591,56.00496602160505
33,88.02929052664928,56.0266442282643
33,88.04542272190811,56.01194789627473
33,88.0146577694352,56.01298270057325
33,87.97142527224976,56.02515449154783
33,87.98488027213119,55.970048923666376
33,87.9842741168751,55.96761111807763
33,88.02112676348845,55.97284665310869
33,87.98433758194696,56.02437433667259
33,87.95667381821649,56.01481859250835
33,88.02667018848084,56.016826625791666
33,88.04022892198097,56.028246503322165
33,87.95708699963373,56.01228325024647
33,88.0474293609043,55.99414767180987
33,87.98319513669536,56.04536304689857
33,88.02186373858318,55.99118913199842
33,87.98688185270011,56.00005197776025
33,88.020240088819,56.042004211251616
33,88.01530011744612,56.037488379235455
33,87.99886405120739,56.04425709370355
33,88.03544037896786,55.9877912646475
33,87.97401994567966,55.96355657032407
33,88.03516891361483,55.98063580344306
33,88.00614022263514,55.95620770727981
33,87.97526728927966,55.98132648166567
33,87.97762621665014,55.96730152023265
33,88.01247328203951,56.01378643904406
33,88.00520076137798,56.04472884579001
33,88.03282937990085,55.99644194851125
33,88.04441438137671,55.982814342232125
33,88.02887221215782,55.966896083409466
33,88.04044370015052,55.99826043623725
33,87.99807222566209,56.02944092356866
33,87.98490015204567,55.99656206252009
33,87.97090187886577,55.97229358001111
33,88.02017412427394,56.02166222431891
33,88.0015311244557,55.98077692212411
34,88.03056859079904,55.98085845705765
34,87.98573150139715,56.008858360297424
34,88.01642237047862,56.0376084640759
34,88.02093270375042,55.983743168417526
34,87.96550574284375,55.98830715994374
34,88.01348140503288,55.955571706746184
34,87.95127632687847,56.00427865551252
34,88.0020172874186,56.03792217831395
34,88.00178059985649,55.99624527976408
34,88.00927281061281,55.9893616332039
34,88.03454555200553,55.98859808536488
34,88.04187149900359,55.98134149509284
34,88.02307705556008,56.02082420927059
34,87.99427326031118,55.97583182334398
34,88.01542006535331,56.04217182916001
34,87.9956481467709,55.978111246932485
34,87.95916674092567,55.98160393100228
34,88.01210945790419,56.022271911527014
34,88.01418115879765,56.00630113707026
34,88.02001451869404,55.96352246363872
34,87.99077288474739,55.99184004572029
34,88.00909701767534,55.96038841814488
34,87.98283370993167,55.99769090214456
34,87.9577573716767,56.006613551087064
34,88.00680461270349,56.02661639356453
34,87.97301673873031,55.97935917871919
34,87.95557935233727,56.01113561627068
34,87.96276193656097,55.98102253807134
34,87.99549063353037,56.038186848038485
34,87.9613797800296,55.99564225414451
34,87.98407333595738,55.963936253528814
34,88.0001283818198,56.01624571086139
34,87.98240810531337,55.993964780889364
34,88.00416619378385,55.99016314613964
34,87.99985157354723,55.95764359243327
34,88.01831861160797,55.990446090284635
34,87.99178686311272,56.00733119896822
34,87.99347718056036,55.992338764731954
34,87.98415117257748,56.00426782237088
34,88.00936440967621,56.00370046971251
34,87.99334763028189,55.99968503708468
34,87.99798166185441,56.03219224273309
34,87.96366358912526,56.00900766146411
34,87.98790542120203,55.98521143621287
34,88.00488013935065,55.9599531158797
34,87.98691750151463,55.995804710408486
34,88.00079887244242,56.006708534544195
34,87.99878188439368,56.042910236436214
34,87.97344551827848,55.97457782783831
34,88.00960104591485,55.969975150159705
34,88.0181312557195,56.02615190270108
34,88.02908306442097,55.97693469423869
34,88.04477750799398,56.00854371349148
34,87.98912818330442,56.01188150721232
34,87.96031386296237,56.02115193647566
34,88.02456681671786,55.95980704224392
34,88.01725004375483,56.01131538630814
34,87.99109754947322,55.96343125657102
34,87.98849546921456,56.004144341245954
34,87.98414657898832,55.95385884419607
35,87.95474676146098,56.00479120257854
35,87.9880701189049,56.014203876244714
35,88.03846773322167,56.0110178040868
35,87.97877657056551,56.00887356179964
35,88.00283478180528,55.96595710028729
35,88.01772900728828,56.03692648365559
35,87.98998865309802,55.98776004804743
35,88.00725127385226,56.026358795701974
35,87.97168476153556,55.97111808989967
35,87.9916418585214,56.02232323682698
35,87.9688893252832,56.014554600736496
35,87.95916638755709,55.97428268750843
35,88.01282756170505,56.00773542473843
35,87.97781186666015,55.998604314703044
35,88.02109245583135,55.99801934478147
35,88.01636491193024,55.97012480294568
35,87.98678605175948,56.026152368649456
35,87.98216451448316,55.991548404965016
35,87.96447668735321,56.01923167766409
35,88.01793893455037,55.99852793096742
35,88.01547500183725,56.002153914084055
35,87.98528030894397,55.96646733072655
35,88.03246205959755,56.036117972216005
35,87.96111370286023,55.989264888877265
35,88.00725127385226,56.026358795701974
35,88.00119791318926,56.04756362053277
35,87.98628885265877,55.99483347971849
35,88.03425381617446,55.99778757442177
35,88.01451031400333,56.016449643748835
35,88.00669225419875,55.990707172745545
35,88.02065802945175,55.96639273301989
35,88.00434473958123,55.967642093513405
35,87.98971790874764,56.03960887039911
35,87.9756632050918,56.035330204149204
35,87.99703503526102,56.01150258504271
35,88.01030939839728,56.032239826091924
35,87.98665316065174,55.99683898537869
35,87.95992243773004,56.028525643403384
35,87.968005227546,55.96850698657723
35,88.02226569069957,56.008672650165614
35,87.95189025404326,56.005332051597094
35,87.98854854524805,55.99534182342778
35,87.98970768656108,56.03547087564653
35,88.02601622396297,56.019954272173365
35,87.98673366155977,55.95629676690225
35,88.04300256777088,56.009719841403005
35,87.96767867665031,56.034003405498126
35,87.98045377733423,55.99007099690947
35,87.9858383682172,56.00813777225147
35,87.96064589480291,55.97319323894918
35,88.01189658890743,56.03841065093563
35,88.01831662532948,56.03029413344543
35,87.9922084064338,56.00454734121872
35,87.97802280477408,55.96904922845513
35,87.98782215726477,55.958743973034174
35,87.97672488344091,55.96320502000339
35,87.99022191800039,56.000410758475965
35,87.99300978931939,56.03051380282878
35,87.97849962607414,56.02486288756398
35,88.02257816506616,56.03468258971169
35,87.98028761255834,55.992895162195325
35,88.0161510427495,56.00445603457763
35,87.99161026220088,55.96974212299308
35,87.9975223183257,55.97989824089793
35,88.028168820443,56.030647572011375
35,87.99105223250841,55.9948091328332
35,87.97526294067225,55.99892680598607
35,88.00456164321504,56.005641512836704
35,87.97071175192423,56.00592331391543
35,88.0103034252616,55.961061132874
35,88.02234944559606,56.00835495591695
35,87.99509432872323,56.02257642313608
35,87.97794387718675,55.963582935921984
35,88.039332496978,56.004249506180905
35,87.9818254169529,56.03118613059949
35,87.99391685646424,55.99291887138031
35,87.98139790469494,55.96854142369455
35,88.00119328745222,56.00328442259206
35,88.01574465098399,56.038337182201374
36,88.0383520843302,55.98820748492828
36,88.02245485394899,56.01764975768934
36,87.99423049351238,55.98790244541393
36,87.970691019762,55.99193222631857
36,87.98173865065849,55.984587852178834
36,88.03498572804206,55.99282703812349
36,87.99648340763797,55.977337362896684
36,87.98077146284537,56.03157804777753
36,87.98028065017355,56.01838982411702
36,88.04414653650305,55.98075815892089
36,87.96842003539997,56.02280369731248
36,88.03492259829054,55.97685677729781
36,88.00074101764262,55.999280279272675
36,88.03182318712621,55.985764207440646
36,87.98630695170706,55.96137812759607
36,87.99864429923716,55.97769416742534
36,88.02363962017523,55.967081462904346
36,88.03476429906837,55.996418659041105
36,88.0297197119565,55.99057666143027
36,87.95412568490356,56.00151126117483
36,87.97308746327657,55.98698042369882
36,87.96074424736572,56.00354888624719
36,87.98660740669953,56.00824907806114
36,88.04246114816576,55.98084332492991
36,87.95579238114355,55.977922960643276
36,87.9971993005036,55.969991418707735
36,88.00369480877173,56.013643522118976
36,87.99202014703258,55.99641732105575
36,88.00625692102068,56.01009361166293
36,88.02733365517093,55.981955536831826
36,88.00808453922785,56.01966622452751
36,88.01216263745088,55.98142362323271
36,88.0111094436378,55.978514998468775
36,87.99241546150084,55.98493418854381
36,87.98744554410501,56.006482892373214
36,88.02909062905246,55.96524962298708
36,87.96226730206362,56.00065432331852
36,88.00697500069018,56.00510415271208
36,87.97121639181961,56.021059542066034
36,88.00305430697888,55.98787283217128
36,87.98256628255722,56.01708083548338
36,88.00665218975492,56.035374626692935
36,87.9984598813688,56.01011205439787
36,87.98970550893377,56.03652394750252
36,88.04055166951622,56.02694309612937
36,87.99260342541858,55.99676328124698
36,87.98417928018036,55.97102173359334
36,87.98160538180807,56.0223714414003
36,88.04970930517247,56.002471518309974
36,87.98801060437262,55.98445050780926
36,87.95226981328707,56.008385566127956
36,88.03442902940853,56.026701750062166
36,88.00975600577638,56.00670620259815
36,87.98541959091655,56.0173703560502
36,88.03954728474699,55.97325794197054
36,87.98524704812155,56.008712898665486
36,88.01128384083502,55.95359285062972
36,87.97221678098256,56.01681946573625
36,87.9975728800763,56.00919815415348
36,88.03423991952097,55.98517219149374
36,87.97762304764389,56.031486282334726
36,88.0459437951406,56.012199779682284
36,88.02761667308634,56.02223193004595
36,87.99200818549815,55.95302586133371
36,88.01814808837254,56.01147657639472
36,87.9993776969568,56.01736906364363
36,87.98965412774241,55.95715378123554
36,88.025482391103,55.990551026645875
36,88.02488769521472,55.956666946242876
36,88.04439862040365,55.997655150009535
36,87.99899486907361,56.00088601066871
36,88.03289656727671,56.02708251559666
36,88.0440195228715,56.00609594963069
36,88.01234045231794,56.013766165258126
36,88.03292208408406,55.97881274476528
36,87.99317381150718,56.02375227238103
36,88.03493479153963,56.03367721041226
36,88.04312518912295,56.00069492712735
36,88.04484022671924,56.002656490477506
36,87.98025187797542,55.961548706528774
36,88.02984048131667,55.99224632746856
36,87.98399413087317,56.0420033280097
36,88.0046363352733,55.988653709606616
36,88.00256018980716,55.95125777884701
36,88.04580497913439,56.008795061138215
36,88.02155240277956,55.95918871395897
36,88.00310006833767,56.01301327935332
36,88.00157920477126,55.965476827804046
36,88.00151916955649,55.97725029303758
36,88.01230634619766,56.006677222548454
36,88.00712668753238,56.02297587966874
36,88.02912556974972,56.01009596219114
37,87.96678829378706,55.99363629482589
37,88.02069792357916,55.99889207959628
37,88.0020230689665,55.999029298899934
37,88.02266575896606,55.96376795112228
37,87.99630149909476,55.955988922718376
37,88.0431787533159,56.00321705982135
37,87.95150871186415,55.99037309418366
37,88.0238586384991,56.003892348819214
37,87.95740488625988,56.000026487464375
37,87.98299957536148,55.98334699140445
37,88.0103494231909,56.01423141105921
37,88.03733093457032,55.9812352279148
37,88.00442304174912,56.03178422125187
37,88.01460212162061,55.99196913355688
37,87.96768196585978,55.989244000306336
37,88.01009527530664,56.01606817191369
37,87.99320406679075,56.03214191366771
37,87.99453742489457,55.98385078392883
37,88.0055659484018,55.99518658671917
37,87.96259221900965,55.99382599393443
37,87.99448259291754,55.95430529845911
37,87.95329187939632,56.015416599890926
37,88.04497318362064,56.014705133738644
37,88.0212063775595,56.02586888328372
37,87.97430209531885,55.982673202184145
37,87.98688672655446,55.99529672012398
37,87.98531307663508,55.99749425392639
37,87.97003803875879,56.011497402815515
37,87.98391684454747,56.04603054352038
37,87.98576347252379,55.96323525151684
37,87.99200038340473,55.96458528830393
37,87.99453366345656,56.006193824444566
37,87.98872518029995,56.02272005303792
37,87.9902170840466,55.95156897544711
37,88.02856365871536,56.0380237896569
37,87.98040577828904,55.97224189220136
37,87.96149926160408,55.99019736641664
37,87.97178686494323,56.007161656572336
37,87.99543377620758,55.98213643069356
37,88.00161284048427,55.984929470729185
37,88.0341148647109,55.96419371788247
37,87.99150275204369,56.02862994964649
37,88.00003384935091,55.96947595051191
37,87.97899737427441,55.98281728683225
37,88.03520112573625,55.97337853336768
37,88.03488460270498,56.020931985170876
37,88.00503287801031,56.0080944947995
37,88.04154749945948,56.01781179414752
37,88.01845793298801,55.98199963102427
37,87.97582431591147,56.028514947688244
37,88.04163423363386,55.9812713572347
37,88.04972555383998,56.00469723404058
37,87.98246093445825,55.97537201845609
37,87.98238856486358,55.96053063119751
37,88.02627817603044,55.995960147932685
37,88.01968132182618,55.99323725877547
37,87.99161878055774,55.95480540306649
38,87.98638445317084,55.97825049919476
38,87.96564789956957,55.966686142113666
38,87.98753902212442,56.02810311328375
38,88.01875409246304,56.01532014104664
38,87.99520832238817,55.96673703788932
38,88.01107948192049,55.996621153741195
38,88.00751531965109,55.952779911568065
38,87.99662613480898,56.0108216493775
38,88.02079376349215,56.018019127828126
38,88.03633014924058,55.97064351327122
38,87.98112483010244,56.041622554728285
38,88.00265053725818,55.98336796918213
38,87.97613545385838,56.03534120764591
38,87.98831531884639,56.0147301425369
38,87.96705037324992,56.00365428285141
38,88.00948275779095,55.994794161874715
38,87.99105778179381,56.00646077247433
38,87.98376894167457,56.010603923377765
38,87.96884474661863,55.963920951991646
38,87.99215235473403,56.048700019364716
38,88.03139933671231,56.00169433578511
38,87.97826146126314,56.03688764854276
38,87.96614385855946,56.014552840267996
38,87.99023434692148,55.97565498157423
38,87.96160152349104,55.97359626019946
38,87.99051885675601,56.027957194068925
38,87.97477967120956,55.97902887503515
38,87.97256402287987,55.9978482658391
38,87.97251167537803,56.02685265097895
38,87.97820957019667,56.03972146402032
38,88.01682668074159,56.01774722812191
38,87.99023865149327,56.03371081366505
38,87.98544853663755,55.95246522817597
38,87.96324415554706,56.02159981239893
38,88.01636287787437,56.01077982120827
38,87.97109331830151,56.028131470720474
38,88.03428634845294,56.00540300253836
38,88.01007445881994,56.023510886537515
38,88.00416936397848,56.01332310682146
38,88.00718364268842,56.03829663448835
38,87.9818019928366,55.972286873877216
38,88.0203895174198,55.98487443546511
38,87.99595611866647,56.00191610859844
38,88.01919103417364,56.00316448618127
38,87.95267009965737,56.01380084236089
38,88.02055097584581,56.03023484132899
38,87.97113142253554,56.00294345948482
38,88.00346051775652,56.01274684458594
38,88.00317356026216,55.96933242246609
38,88.03516891361483,55.98063580344306
38,88.03951763417066,55.99690157458741
38,88.00121443107825,55.98775607242826
38,87.98642197204563,55.96017657977294
38,87.9710998120477,55.99946398619234
38,88.00415295576084,55.99282570563165
38,87.99852510843155,55.97888574328264
38,88.02201203059556,55.9706488541837
38,88.03946514992793,56.00104139188301
38,88.01689202179014,56.04250044620438
38,88.02754025294274,55.967912458980436
38,88.00600273471802,55.98686852253424
38,88.03208621603052,55.99177817611666
38,87.98262477105023,55.96232261068982
38,88.03573836193304,55.976009841454605
38,87.99592547640036,56.03799919477894
38,88.02720871975626,56.028728242784
38,88.00074101764262,55.999280279272675
38,87.98842726712462,56.033323767068985
38,87.98033519242607,56.01853735064278
38,87.96728087003471,55.98073115021996
38,87.97993154664235,55.98938509198785
38,88.03980731707964,55.99325122940781
38,87.9750106090045,56.04323328894203
38,87.98837402225418,55.968899596335774
38,88.01596426768585,55.96924072877062
38,87.9750579552136,55.969447462172894
38,88.01262244667261,55.97438378833884
38,87.98954107051865,56.0001689492532
38,87.98704889719794,55.99651197058416
38,87.97805385122047,56.04188755607141
38,87.99495039489383,55.953759144879406
38,88.01119755841252,55.96396706430193
38,88.02326324621075,56.004851597179794
38,88.03565749841775,55.99761565901349
38,87.99506415731048,55.97688132556867
38,88.01667200325427,55.959855173275336
38,87.99548817468003,55.95331876756109
38,87.96739706889824,56.02312057428529
38,88.02039013225534,56.00906074491764
38,88.04790381015734,56.003519092132336
38,87.98835186321246,56.00706206623617
38,88.01700354501288,55.96057466999418
38,87.98785196731183,56.01906326273758
38,87.98700900571377,55.99248909899392
38,88.01786364545535,56.032776178950236
38,87.98507537990687,56.030393294461014
38,87.98498281518889,55.9628847203367
38,87.97828974224542,55.99449632174795
38,87.99789716874606,56.00054621936346
38,87.9786115717581,56.02248227900013
38,87.98367340446104,56.03250098899526
38,88.0239301347086,55.97773608274435
38,87.99237159109848,55.98387770663719
38,87.98425640571625,56.03010420851291
38,88.03145854435587,56.00874889301549
38,88.00136034080899,56.02431598643295
38,87.98441707951444,56.019160838020866
38,87.97185639621583,55.98491923510452
38,87.97097391570615,56.03281059830934
38,87.98217295788764,56.042470013099035
38,88.01544568541391,56.01171803845841
38,87.99387482923655,55.98059670031909
38,87.96504219220148,55.99236901695829
38,88.03748491301074,56.013224534255905
39,87.96468923319263,56.02733320068957
39,88.00681984210945,56.016798558413164
39,88.04984915115034,56.00295567752483
39,88.01070273235777,55.99006407806474
39,88.0014538637252,55.99582556160059
39,88.00969767210321,55.96180185105431
39,88.0345649469121,55.981049013417206
39,87.98632743041864,55.98286474869485
39,88.0209044548483,56.00032745200857
39,88.00300804562384,56.030597049774364
39,87.97381154986536,55.99569340350733
39,87.97874917547128,56.00597052616603
39,88.01102528972106,55.962513391189226
39,87.99713133208462,55.955427837736366
39,87.96938536328909,55.964064436368616
39,88.00222928136861,55.98638950761785
40,87.996431156666,55.98189364035742
40,87.95380280736762,56.00150163566365
40,88.00343119103677,56.043522991716124
40,88.02929052664928,56.0266442282643
40,87.95965126232166,56.01333183413586
40,88.01128888185295,55.99473886503553
40,88.01602092877049,55.95928981609518
40,88.02757351513662,55.95959292755467
40,87.98821301803743,55.97776148084313
40,87.97950883918934,55.99537625421912
40,88.04011836475296,56.02541157304629
40,87.988799969208,55.98635162424219
40,88.00325810143596,56.00099713220225
40,88.00712757696091,55.98952879520458
40,88.00408507249207,55.99036149724724
40,87.96783211069271,55.9866947155121
40,88.02330740642678,55.98301119331903
40,87.96728967585406,55.9806249669904
40,88.02907469360133,56.00751969400431
40,88.01694679217664,56.00555178247945
40,88.03172572980763,56.0187369361615
40,88.0434634834801,55.989544022619654
40,88.04553258357285,56.020085232986425
40,88.02455996660251,55.9916135077641
40,87.95734046396277,55.97496956100238
40,88.04621912807178,55.98673333452288
40,87.98973747053836,55.9831299293918
40,87.99975027834857,56.04567522238957
40,87.99511814918309,56.046898342209936
40,88.01923747478439,56.01155546345465
40,87.98073120488314,56.02324061773007
40,87.9802041683865,56.012835377959874
40,88.02505330118454,56.029051188307946
40,87.95657801936177,56.01544451790624
40,88.03954428651943,55.99362609449175
40,87.99462060047988,55.9717651987312
40,87.98141071028971,55.99326712481862
40,88.00712827014075,56.033754319061266
40,88.02103938290504,55.986261734636585
40,88.02502079153864,56.00672076869629
40,87.96922876929189,55.97357198971729
40,88.01638129078454,55.98055040992383
40,88.00381138201368,56.01398901064509
40,88.00111023268725,56.01302433364963
41,87.97790342619415,56.01625086380634
41,87.98341420491539,56.020050293746806
41,88.00288349151938,55.99077376373857
41,87.97290156175742,55.98906995550556
41,87.9932912995621,55.98348166910766
41,87.97039393915279,55.959887985113
41,88.01784332022953,55.99056894658302
41,88.01339253655868,56.04494943711726
41,87.96370364327544,56.02019851970283
41,88.03911744009156,56.001359490185955
41,87.99019302642479,55.9660899043968
41,88.00150731273835,56.01308388669771
41,88.02709232311844,56.00563662398536
41,87.9733468062199,55.99516170269832
41,87.98478345720537,56.02076004658919
41,87.99442976319341,56.01729373307439
41,88.01588145279557,56.00423289560371
41,88.02729086132706,55.968139259982145
41,87.97585717754674,55.96252400488782
41,88.02389552284669,55.99770467029617
41,87.9980845931016,55.957521580750544
41,87.993979671761,56.01236436065786
41,87.99326072863717,56.02316560101525
41,88.00404614538398,56.00192417594321
41,88.01262280378167,55.965606233242134
41,87.96497189029367,56.016262622979895
41,87.9695376680152,55.99800839538011
41,87.97886745932689,55.99254883456279
41,88.02758131241977,56.00106172380612
41,88.00803951675397,56.02344760697249
41,88.00048387554065,55.99720396123683
41,87.96272928492714,56.00168591733956
41,87.95533926255624,56.00368511317299
41,88.02985473753048,56.01291601579889
41,87.99773529916935,55.967220374415575
41,88.02746913406847,56.022272589368264
41,88.02738305651069,55.9731642259872
41,88.03738568662924,55.98007772870562
41,88.03751741793916,56.00415340467994
41,87.96173818333523,56.03129919984491
41,88.0196647442741,55.97543432455176
41,87.98969751077804,55.99994947604027
41,87.98090932998504,55.97864444768195
41,87.98303525045011,56.0075681703096
42,88.039414883973,56.004685310840586
42,88.04786583094675,55.987733757609234
42,87.95597998246846,56.00978842381444
42,88.03206314965831,56.01980358434586
42,88.01896645307939,55.95924682903213
42,88.0331681996431,55.96398687522441
42,87.9928466631687,56.029669791402675
42,87.97593117820936,55.98607307031795
42,87.99688525474137,55.958871713724925
42,87.98796643403126,56.029782904245096
42,87.97121639181961,56.021059542066034
42,87.99341481211103,56.02650958943853
42,87.97477967120956,55.97902887503515
42,88.04442438761475,55.99288869698086
42,88.02979030943433,55.971590976934216
42,88.0051986660018,56.016780364373
42,88.03024953229233,55.982456995052054
42,88.01325712916267,55.97940502424638
42,88.00935564106513,55.955710543567754
42,87.96102672209378,55.994049599702336
42,87.98485542104675,56.00743306174845
42,87.98115754287413,56.01306276505042
42,87.9802528700714,55.96354252475417
42,88.0072425502875,56.041473616157106
42,88.02077901402349,56.03911792454423
42,87.97891002196367,56.02794183448676
42,88.03947285710174,56.00951260125909
43,88.00808422487984,56.02968313724421
43,88.02006956166873,55.98501213540219
43,88.00521084614043,55.96405449967391
43,87.98685148421791,55.981887249966164
43,87.98292982838883,56.027175770065426
43,88.00252585524149,56.0339185462952
43,88.02567727137944,55.96211903686637
43,88.01112815196677,55.99758643756233
43,87.97816732980439,55.9990274642027
43,88.0012320984944,56.00968532112619
43,88.0178719120853,56.02614265541273
43,87.96885159631154,56.02540082728978
43,88.01271420205357,55.95399255599206
43,87.98635111762655,55.978351542681985
43,88.0421989436123,55.99580681108537
43,88.0070977090956,56.0189688998448
43,88.03578551492758,55.985335640555896
43,88.041052598282,55.98206107757445
43,88.03230645595137,55.96414896178885
43,88.02384899596962,56.042701108535724
43,87.9606271177636,56.01380732604755
43,87.97744211731339,55.99785147466899
43,87.9733444168531,56.03664191388864
43,87.96529139253064,55.96518617305342
43,88.01662673024697,55.998312665339185
43,87.99069782530422,56.04520409755977
43,88.0126450110862,55.983929682927645
43,88.0089009330964,56.03582827037334
43,88.04210202989395,55.995882392765864
43,88.00104075895327,55.98332454678815
43,87.98881603316924,55.98434106460068
43,87.96861716265309,55.96954491535005
43,88.01597989945326,55.977952807205064
43,87.98314284044675,56.03141600906394
43,88.0289110408257,56.023131785622354
43,88.04608244892941,55.983697342571254
43,87.9859435068316,56.005126452385035
43,87.99809512496964,56.02893259257909
43,88.03101368292283,55.97298471385306
43,88.00978113460474,56.019459240436035
43,87.97673342033652,56.00740450899929
43,87.9644274475918,55.97555136745884
43,87.97546588310234,55.99780810921409
43,88.03544623606017,56.03344850288463
43,87.95421796329151,56.0019706261806
43,88.04481869065492,55.99377236193834
43,88.04229361683774,55.979628194078465
43,88.02493015856928,56.005421633667105
43,87.98877629107888,55.999869473362864
43,87.97598309700585,55.962494502596535
43,88.04147007582498,56.00878944797355
43,87.98808743666658,55.97599514693472
43,88.02306415871575,55.978421686932656
43,88.00888521534918,56.041415545611684
43,87.97568431712087,55.98579045209084
43,88.01770387113834,55.986199181524526
43,88.0240860941292,55.97056170542442
43,88.00928675934372,56.033594022953125
43,88.02160865842892,56.0041120627433
43,88.0251149580172,56.0312735089875
43,87.97965086621988,55.96901117533035
43,88.02158858546198,55.99862920499399
43,88.03361415671398,55.965461033322136
43,87.99064175895057,55.95764667276757
43,88.03436581057194,55.97076805927117
43,87.99390231134198,55.98225395379416
43,88.04233450390099,56.016324192699756
43,87.97330075620212,56.00172972774167
44,87.99994654689232,55.99081963995865
44,87.96354108926273,55.9727373215268
44,88.01190375647641,55.9845455367509
44,88.02221516472876,56.03794566291807
44,88.0375018450282,55.99347096160067
44,87.99612444329524,56.0056869265042
44,88.0055312953036,56.016868704275446
44,87.9956740729765,56.01531285760645
44,88.01188946289929,55.99015612558805
44,87.98149767958013,56.03929007171426
44,87.98803480261641,56.00146193429977
44,87.99486392204955,55.978450466054404
44,88.00997311122212,56.01177032857612
44,87.98672633186672,55.993919386165246
44,88.0121467512128,56.02568167834053
44,87.97582193026398,55.99447421760361
44,88.02006200285406,55.990639027963915
44,87.99885343886173,55.99096034249173
44,88.01693421702527,55.95316252773991
44,88.03066015000722,55.960703351618655
44,87.9712132001554,56.02786049805619
44,87.95421796329151,56.0019706261806
44,88.02622050372214,56.032790786040955
44,88.00178455764093,56.02330404054836
44,87.95037937419698,56.00494314433926
44,87.9692655602452,55.97287094609566
44,88.03805240178721,56.02413058186798
44,88.00542760069224,55.99803387036688
44,88.01147487180349,56.02768005029413
44,87.97521577003658,56.01115318815489
44,88.02154866235149,55.99444197366647
44,88.01670878349496,55.993811365691165
44,87.99912814607572,56.028901491164746
44,87.9806375832149,56.0110479885212
44,88.00812926759987,55.978967589247084
44,88.03898498005348,55.99106059945041
44,88.03201798570848,55.979979549312695
44,88.00583623279817,56.014676882187246
44,88.03415402373412,55.99881342837884
44,88.00132418990695,55.99343215097111
44,88.01521049663756,56.00561799060777
44,87.96806346652284,56.036524915956946
44,87.95614220617969,56.0204764028911
44,88.0153475036443,56.00499926242409
44,87.97232399950728,56.006963485304695
44,87.9780292680041,56.01225609129061
44,87.97040268847749,55.96922756011058
44,87.98069227053935,55.965107934366785
44,88.00380924216563,56.00267268326064
44,88.02733831173373,56.02625660588883
44,88.03415695649507,55.97852558137337
44,88.01068231266946,55.99869728328814
44,88.0163232807958,56.012742016782866
44,87.98122881763017,56.03139049684501
44,88.03132873443515,56.01916574108724
44,87.97353800105083,56.02438407016609
44,87.96154512677839,55.9724185257473
44,87.98583024402481,55.968353987239524
44,88.00453376177978,55.95255054551757
44,88.00346173290191,55.972788663751544
45,88.03810307893062,56.0316348451594
45,87.97532810352698,56.02101958180542
45,88.00111192227179,56.00307580292954
45,88.00916545222255,56.01230262229486
45,88.02630364469157,55.9840045647301
45,87.95731297744733,56.02177830235373
45,87.96931608504671,56.024808576720744
45,88.0074142894906,56.011843379536884
45,87.99723480505881,56.01117305015657
45,88.01142056957062,55.97126733212636
45,88.0127770056718,55.961955322558026
45,87.96712048795223,55.9894433309644
45,87.96449030137634,55.96974608974577
45,87.97954413325365,55.95515495453589
45,87.97779135267903,56.00553383910185
45,87.96146251463334,56.0098505867166
45,87.97908985809947,56.04311596795295
45,87.95407795634992,56.0164888967918
45,88.00482337020658,56.0378880189457
45,88.01907035889232,56.01531612205723
45,87.9755027051014,56.01706782011125
45,87.98550518833191,55.95627675506741
45,87.96827417407667,56.01999005326002
45,88.00109328690436,56.031055303317245
45,87.99352785119842,56.028961482002444
45,88.03555144131813,55.965716446494085
45,87.97785384685308,56.025572193132696
45,88.01010121039286,56.03472988384281
45,88.03907686941727,55.9717468864405
45,87.97976601806494,56.002357843084795
45,87.97241898695572,55.96522242912487
45,87.97256402287987,55.9978482658391
45,88.01513503249126,56.02948499740073
45,88.0182170634318,55.974512722159915
45,88.03875483424522,55.99109689768928
45,87.98506819425887,56.03552452973796
45,87.97803340886647,56.032424762567324
45,87.98185278952413,56.0085033391406
45,87.97416529997842,56.026052741902895
45,88.01737274224872,55.99710231357074
45,87.97607023417173,55.99926729954261
45,87.98519832285619,55.997039228981805
45,87.96623543670535,55.98064190467354
45,88.04373066821525,56.020792373142086
45,87.97942399404121,56.00973106985174
45,87.98554579258341,55.99619694640678
45,88.01325795921615,56.01098172438649
45,87.99912972665037,55.99456126249969
45,87.98813022676082,55.97966482931414
45,87.95177585407336,56.01153937464282
45,87.99768564997159,56.03244454001979
45,88.013071589926,56.04353464419436
45,88.03120871786714,55.99612861398187
45,87.99627639665127,55.991013854963796
45,87.98943802848099,55.977523971279886
45,87.99616603968032,55.95327174861172
45,87.9874135754618,56.02311246300132
45,88.03620612232677,56.028325628590586
45,87.99327392796258,55.98526750136126
45,87.99762751496647,56.04924348691584
45,87.9852173524084,56.02488720999847
45,88.00120039006093,56.03285897456147
45,88.01977363848484,55.98824661872868
45,88.02810564397207,56.02587801077317
45,88.04045628189374,55.97516958439445
45,88.00978437082328,56.01531538619978
45,87.98986330344344,56.00985656577523
45,88.02314849286729,55.96285188730784
45,88.0451171377975,56.015736972861006
45,88.02049486868644,56.008099004573914
45,88.0407209457086,55.97761208524715
45,88.03732761491753,55.991676802445234
45,88.0467827832051,56.01025871394363
45,88.01662535186865,55.99881448548861
45,87.99271891873705,55.9848455679547
45,87.97551998521739,55.96630734505509
45,87.97506143400022,55.96363089407111
45,87.99319667967512,55.97394009413317
45,88.03759902024244,55.98233437154049
45,88.01873564448434,55.9743421528888
45,88.00504699113495,55.95030320218298
45,88.04183677856075,56.01810327249747
45,88.01857317154442,56.01788085544517
45,88.00370105381693,55.9866098325614
45,88.02095758173088,56.042512344221194
45,87.99409163777784,56.025722675005575
45,87.99259028902905,56.03534232632601
45,88.01649883769474,55.972794409727
45,88.01290271458716,55.98678646199748
46,88.0208440773511,56.00017878350951
46,87.97649253177191,56.01688545301175
46,87.99960161899537,56.005308090837524
46,87.99555957010128,56.0057842189102
46,88.03253826286378,55.992111461760786
46,88.00424189925046,55.97414238721422
46,88.02537640861249,55.960698160616126
46,88.03083016618676,55.968471035154465
46,88.04738346275248,56.00162231003045
46,88.04638090001528,56.0154907373179
46,88.01143646582325,55.96314702298229
47,87.98495011898704,56.030798705288596
47,88.03079804236465,55.984884250864795
47,87.99010356933586,56.0423897854106
47,87.97870210938592,56.02015667193475
47,87.96742270165824,56.01977474783646
47,87.95894035848943,55.986888138517976
47,87.97407926826074,55.99628189170976
47,88.00452160537144,56.024499013517804
47,88.02186734517112,55.955889522037005
47,87.99378163395804,55.992240608916276
47,88.0162686967571,56.024188775295826
47,87.99759052923247,55.963925587176526
47,88.00219161090203,55.955428085109155
47,87.99626211546781,55.95543282091826
47,87.9880142245781,56.045508410107516
47,87.96315182296888,55.992974318927885
47,88.0437679027987,56.01474751181462
47,87.99772162895103,55.99313203965549
47,87.96678732709393,55.97200629727011
47,87.9712569706878,55.969272513175625
47,87.98547196354413,56.02241940991539
47,87.99491154944002,56.01197540087423
47,87.97704780550595,55.982008398336916
47,88.00164740917565,55.958267192925
47,87.98572337685408,55.97802857268183
47,88.00080558859311,55.98172074795962
47,87.98367340446104,56.03250098899526
47,88.02209617591045,56.03736422092463
47,87.99591554099909,56.01932487077794
47,87.99698704302142,56.01142394186085
47,88.03722212449767,56.02046629144132
47,87.9818971497218,55.966637918351324
47,87.98177374586892,56.02796402294116
47,87.9932496648924,56.01523401752315
47,88.00551092771629,55.97168099379712
47,88.00341762761752,55.98582514839929
47,87.984637540047,55.96899372870069
47,87.9804941215338,56.00307680482441
47,87.98964917854086,56.00571477742801
47,88.04749372901782,56.01375104637317
47,87.98460876580542,56.00810852495831
47,87.99899263585064,56.02462930734034
47,87.96133672536362,56.0146696998547
47,88.02539520538365,55.96238940238798
47,87.98952186251148,56.038337443964224
47,87.97842089217778,56.00176269482726
47,88.01367699525395,56.04571556393945
47,87.99003295538022,56.00036370303992
47,87.9963128371732,55.95802849797287
47,88.02937144970967,56.03314668509026
47,88.00606063948297,56.04869299897827
47,87.99775403449932,55.98132505382773
47,88.01654246036621,55.96249700875334
47,88.00884295655483,56.04244922239946
47,88.03653583058123,55.9817625067293
47,88.02582739347699,55.99246547193866
47,87.99103248228927,55.97777066295866
47,87.95540513446592,55.98663768442721
47,88.01543587624042,56.03209088994509
47,87.99427963542337,56.01979051557101
47,88.00796756442492,56.01535405805209
47,87.99003244398672,56.019426608651806
47,88.02960251903444,55.990391750839365
47,88.03740880328156,55.9722337332209
47,88.02322922657248,56.00184068713726
47,88.01205510821828,56.005972011871485
47,87.97616648390363,56.04112857840101
47,88.01638000664292,55.9647491581629
47,87.97937305162728,56.04415347903584
47,87.97384553904851,56.037061848657416
47,87.98177374586892,56.02796402294116
47,88.0107093083808,56.00582491559636
47,87.98834708721989,55.98115710472982
47,87.99824078152864,56.01035593353263
47,88.01491540527829,55.99755534009329
47,87.99086475692314,56.00982808878067
47,87.9584972938586,56.02578195099473
47,87.99087844817612,56.002323880474435
47,87.98826911379886,55.95441031919861
47,88.02271784603502,55.97710642864727
47,88.01184069245329,56.01178224246331
47,87.96376212093452,55.99822846943343
47,87.98116071070203,56.02725877236973
47,88.0204368579661,56.01077817196925
47,87.96909609305702,56.033214289044196
47,87.99942940176288,55.98950558844836
47,88.04968761090653,55.99517523430534
47,88.04290626352363,56.015712538797125
47,88.03246172336645,55.9760236657613
47,87.96576606157035,55.9889844776208
47,87.95485951450632,56.00712335847301
47,87.97321745271768,56.01948126750623
47,87.99345285234867,55.980084324173276
47,87.99361818500708,56.00027132496014
47,87.99710636917897,56.01004436643002
47,88.0358483178592,56.01931492827218
47,87.98260111219948,55.982406148778026
47,88.02462097306552,55.99679685165462
47,87.97768929553003,56.031646031886716
47,88.01615488601404,55.98724163882745
47,88.00398027021421,56.00790994251309
47,88.00542760069224,55.99803387036688
47,88.01509930390836,56.010127489372785
47,88.02637178990442,56.0416350240725
47,87.99451270048975,56.00281351652992
47,88.01134759906088,56.03386545587593
47,88.00691760716249,56.03078008500235
47,88.00024951071428,55.95006120221799
47,87.97721372031421,55.993744335358215
47,87.99902148223394,56.01153082896971
47,87.95859139446232,55.98780240928585
47,88.02763650610734,56.000845867109874
47,88.00111596975842,56.018232438831205
47,88.02470833702291,56.00472899897141
47,87.97923327518225,56.02771067440647
47,87.97768571014117,55.99319174987741
47,87.99997891401803,56.01634009443311
48,87.96067866737175,55.99272473122407
48,87.99418193750574,56.006259406069574
48,88.02102093048433,56.01270751214005
48,88.01821567723518,55.99955811000153
48,88.01073393378303,55.96989726159989
48,87.98017424470478,55.998484254565916
48,87.96807120876652,55.97122752309586
48,88.00509802200743,55.99574623001727
48,88.00993320015527,55.96988497628517
48,87.99639546071508,56.024895511767184
48,87.96111194701126,55.9735538745013
48,87.96954847502751,55.97529917829375
48,87.97803545266353,55.95778961549286
48,88.00682217344699,56.00686985003465
48,87.9902146536313,55.99821718655774
48,87.9819577329771,56.023756236814144
48,87.98005909612866,55.98038590174558
48,88.02728202366828,55.99235303370911
48,88.01859085061567,56.00320094921995
48,88.01111600461822,56.0191984756531
48,88.02595485028607,55.996648963013115
48,87.985367978837,56.01832739250161
48,87.99214855997849,56.04149411800231
48,88.03012928583082,56.008808698763836
48,87.97437188246457,56.01195154466731
48,88.01019990120983,56.02431741073275
48,88.02440825955917,55.993392757876215
48,88.0194733810001,55.96666367902488
48,88.02054229936381,56.02904328344409
48,88.01167085841277,56.00896611739161
48,88.00924614924716,55.96350109202307
48,87.97965767039194,56.013193169384586
48,87.9929909787644,55.99368693978683
48,87.99652345981106,55.98415745220437
48,88.00010851296534,56.031415477799776
48,88.01247729745629,56.037695722541706
48,88.01288483147954,55.995397095192224
48,88.02613849569387,56.00796727869957
48,88.04345214742543,55.982404015869605
48,88.0281254635922,56.03283808698626
48,87.9591793271068,56.024906546875194
48,88.00962491689151,56.026694592820746
48,88.02448503525686,55.97658090830534
48,88.02634610552336,56.02715453622242
48,88.02024970179164,55.98756701555948
48,87.9802974040062,55.95606608353076
48,87.97839428708319,55.9925731515593
48,87.96292296090357,55.97041049569369
48,88.00335721395062,55.995550323554035
48,88.0290672262719,56.00750743238323
48,87.9924614812136,56.04780377734009
48,88.03647194768,56.00128053337123
48,87.97979130912701,56.01466160162177
48,88.0389106692697,55.989489914594294
48,87.97863007306479,56.00342322048431
48,88.02601751295401,55.97128360467107
48,88.02389552284669,55.99770467029617
48,88.03414055892847,55.99841183158107
48,87.95636567366408,55.98723910315093
48,87.97860723760817,55.988782407240016
48,88.03086626738134,56.00986948493054
48,87.95617567880542,55.980618031192975
48,87.9920448208017,56.00073294625152
48,88.00034620281325,56.02731518817917
48,87.9865671479709,56.01201250650129
48,88.01766672107843,55.983589717419136
48,88.02958086409465,55.97890377636739
48,88.0361965587256,56.01368662143026
48,88.00198424032645,56.0074572127365
48,87.9621886642232,56.003381093860135
48,87.98932397591088,56.009391862312526
48,87.96851985603931,56.00654328519129
48,87.97711723161358,56.03986770543578
48,87.98062464881293,56.01168028407445
49,88.03878067563983,55.99179988450652
49,88.00571291058628,56.011051171070235
49,88.0318282162411,56.01411470893291
49,87.95946359447098,56.01914386430759
49,88.0368719228404,55.98958706520135
49,88.01699152025023,55.97238786811814
49,87.99713904229083,55.97030573515201
49,88.02645159139384,56.02348092631882
49,88.0168607508579,55.96807809176095
49,88.01945819023373,56.03697042049087
49,87.9999088106489,56.03973033894505
49,88.01424631169272,55.976600736049356
49,88.04927397392268,56.00818535939562
49,88.0023571249066,56.0433830052952
49,87.96974500566925,56.00033354435718
49,87.95406298231418,56.00543602366762
49,87.97514360629957,55.97208180287869
49,87.967852752455,56.00795877543112
49,87.97396976792179,56.02126671774544
49,88.03629445632389,55.988527838112184
49,87.99117119883734,55.97290059769991
49,88.02914284764465,55.97610846377913
49,88.0377168762516,56.02936449136994
49,87.99544569090995,55.997505998298514
49,87.99039346815701,55.98694340141981
49,87.99319615306013,56.027856610716846
49,88.03722380254659,56.02577826899252
49,88.02370198773782,55.9838813110664
49,87.97932040147556,56.004193665057784
49,88.03214186614932,56.03429250433095
49,88.03374623300886,55.96483406062135
49,88.03372517058374,55.984108619938155
49,88.00888960189195,56.03509085309429
49,87.95765052985423,56.00184278302867
49,88.02200155256371,55.994173658557294
49,87.99915507819763,55.9569983727057
49,87.97581324169357,56.002161055948314
49,88.02118726195562,55.973517613439554
49,88.01219950022463,55.988863372096034
49,87.99409954879748,55.957478307828374
49,87.96414093619083,56.014774350663096
49,87.98638139832134,55.988787197065264
49,88.00907474883836,55.95785762443675
49,88.01052093764213,56.04860748219983
49,87.99525448389095,56.0209699659484
49,88.01110624637653,56.01985929544303
49,88.0055289517322,55.965820355615314
49,88.01350267476276,55.98737893029078
49,88.00185833296426,56.02150617531618
49,87.98328890931242,55.98394328072116
49,88.0142440185441,56.041468926642196
49,88.04013797470003,56.016801147577134
49,88.02560841934894,56.003424245996285
49,87.99923901259487,55.97191967572911
49,87.9869611419323,55.96557477016575
49,87.98995758619414,56.01896696055183
49,88.04139099518133,55.990114873012104
49,87.96736386130138,55.983592041711006
49,88.0322054977849,56.034257609149826
49,88.024357748881,55.9978377177713
49,88.02519225111205,55.97675058394057
49,87.95775730947165,56.00123304822935
49,87.97353357961619,55.969043148929345
49,88.04255957385114,55.99744926098176
49,88.01287779928997,55.99234535183714
49,88.03439218969898,56.023531002084994
49,87.99457587905212,55.972026230887245
49,88.03973415057898,55.98676502656833
49,87.98359273527433,55.96107809590385
49,87.95966234124623,56.01736974955943
49,88.01436221397951,56.0128449661314
50,88.01443615509612,56.01125984640199
50,87.9517786075916,56.00706093924338
50,88.00028915606696,56.00294504541286
50,88.0342375040737,56.023840322258884
50,87.98719621055311,56.045879115247786
50,87.99551362940963,55.9774079121496
50,87.96933544060919,56.01637634220703
50,87.98715904720879,56.04188825237813
50,87.97163858022677,56.03249014555727
50,88.0289284965085,55.97498909935451
50,87.98219828106626,55.984391078395156
50,87.99891944829227,55.99036890139184
50,88.00866280822844,56.01026775067258
50,88.00926716030116,56.04049696705341
50,87.95900724446462,56.01530560702958
50,88.00646747580879,56.002466430390854
50,88.00373461340047,55.99317463604862
50,87.98056381673914,56.03528130026868
50,87.98038333864523,56.012895973734956
50,87.9875683316615,55.98636534076026
50,88.02932826604136,55.96152211646642
50,87.9799124590391,55.99333277987162
50,88.03234748022696,55.98060135352383
50,88.00234921914101,55.98138715007909
50,88.0283938302181,55.97618273846619
50,88.0061700026167,55.993852790107724
50,88.00498961411799,55.9754617055466
50,88.00423839110567,56.028429357742226
50,88.01531592806721,55.992711616005614
50,88.01961875934889,55.97283075280875
50,87.96905756360874,55.97012508666317
50,88.00960997640514,56.0113293557586
50,88.02935802683314,55.96273013571213
50,88.01213660146308,56.00331303289547
50,87.98579683886035,55.99583696481076
50,88.04533681435736,56.01201912634886
50,87.99030726895826,55.983525438688716
50,87.97914700910951,56.00914681841875
50,88.02406788090428,55.959109804880924
50,88.01389390189681,55.97544357891354
50,87.99208906753424,56.02504539995878
50,88.01083018064014,55.96945020135242
50,88.01794038150538,56.033179058362016
50,87.99415646971482,56.004560370298485
50,88.03806943558273,56.00526738799439
50,88.00381928290933,55.98477660107783
50,87.95575099928011,56.01844909942968
50,88.01988867584708,55.96971956088879
50,87.98821063878526,56.010453117324104
50,88.00983201398725,55.95599353549356
50,87.96891335684319,56.0026480688747
50,87.99576761910626,55.98485201819468
51,87.96492858794181,56.01180358608831
51,88.01139557383026,56.01239492965093
51,87.99212104342375,56.014046526253416
51,87.98986671455279,56.031124601063624
51,88.01101486983356,55.98819644963519
51,87.99778692611001,55.99509774736981
51,88.0138468598114,56.02846284515474
51,87.98660740669953,56.00824907806114
51,87.97385536046205,55.99576887557446
51,87.9996964670323,56.01641645202044
51,88.00570984843907,56.04886247166668
51,87.9720137145642,55.97406492401254
51,87.98477709782475,56.02415855392655
51,87.96462942940953,56.02008072344468
51,87.95548018160927,56.01852734910051
51,87.98906191217384,55.97128533622771
51,88.000515401934,56.0114906434273
51,87.98959113611227,56.02708187532103
51,87.97835763433763,55.99583261253085
51,87.99986432642578,55.95482187202804
51,88.01957022535308,56.04317978304777
51,87.989961765078,56.04461607164662
51,87.99060180503034,55.97289756615179
51,87.97047844297326,56.0129676563192
51,88.0061515056453,55.964105133739125
51,87.97911004678514,55.98712253817829
51,88.02934410121901,55.99852617218019
51,88.00182428456112,56.00444263660673
51,88.03232242966172,55.97138696761967
51,87.96015232603631,55.99832135325461
51,87.98603452382243,55.99466785675958
51,87.97094795502909,56.028085151471096
51,87.99143636365581,56.01950714232516
51,87.97509234215842,55.97527428739194
51,88.01770178689101,55.963938469642805
51,87.96734321747192,56.00181658294262
51,88.04552217908133,56.00207833099438
51,88.01014875691543,55.960520051243144
51,88.03591813863858,55.9919884335831
52,88.0293299103192,56.025524055170614
52,88.03003859296763,56.03406529743849
52,87.99387790333266,55.9605396142642
52,87.98987618980279,56.00226256873876
52,87.99280136773383,55.9845178948035
52,87.95472093493639,56.00066428255355
52,88.00629113986628,56.00118441485663
52,88.01618208678465,56.02507574318921
52,87.99429738930526,55.98434431288814
52,88.01030730732872,55.97819276927225
52,88.01439636619338,56.038517075986505
52,88.00233525398868,55.98492989052656
52,87.96235570489304,56.02261834126841
52,87.96745136247871,56.03093222769389
52,87.96794888126422,55.96179128066621
52,87.9899104488755,55.963748383530046
52,87.97747288058238,55.95942697762929
52,87.99881641313759,56.003228486517315
52,87.97117915560968,56.03926618130798
52,88.01814841732323,56.03280300892578
52,87.95378432719174,56.005903593784204
52,87.97095963262319,56.02306898880295
52,88.01133563611822,55.98284883655126
52,88.0277868583008,56.03348028140743
52,88.02900253377098,56.014774545420195
52,88.00589208659527,56.03045456522702
52,88.01797478545652,56.04485444993377
52,87.96223010221715,55.99833737697401
52,88.00066584841238,55.9671867187991
52,88.01792002627471,55.96688268856823
52,87.97087686523925,56.04029273066781
52,87.97466693863574,55.9614633375999
52,87.98005015339048,56.03205840304583
52,87.97265217944566,55.98697392180825
52,88.02929165269293,55.97602775355824
52,87.97883007058846,56.00750198685242
52,87.98853769304714,55.96590470564905
52,88.01896194281281,56.0320021102954
52,87.96714781864722,56.01991863262867
52,88.03105728780582,56.03614323953808
52,87.98557152406768,55.992162495875355
52,87.96525566197211,56.02173486344853
52,87.9950079218141,55.95754925792461
52,88.00088991040366,55.96820552376142
52,87.9906625452356,55.998625730931096
52,88.02992321273165,56.004373530970156
52,88.00775161649878,55.99876625534112
52,87.9956919142992,56.01460525033271
52,88.01763404049028,56.00373666689534
52,87.98169913388955,55.96626237044875
52,87.98275201775782,55.99389869044346
52,88.04445679823561,56.018324547195206
52,88.00138418672731,56.04380456556831
52,87.95599210754042,56.021787139039574
52,87.96322237100517,56.01254835665906
52,87.99344236200716,56.022028732279956
52,87.98120107220556,55.97636305766166
52,87.9830429767293,56.032062406465286
52,88.03083387680786,55.985994329583626
52,87.98501953893903,56.020311943981255
52,87.98509072397016,56.03487571748687
52,87.97569792727356,56.04175308883661
52,87.99884868906008,56.009839092841275
52,87.97707842614858,55.98880037565204
52,88.00543405179293,56.01522594847434
52,87.99969804556439,56.03255374040356
52,88.0016303565789,56.04855041840904
52,87.98127598368505,55.99329245824147
52,87.9581528926524,55.975819344239255
52,88.03452673507203,56.024335951324254
52,87.99376139706415,56.022161435695956
52,88.03230016419512,56.02684852037345
52,88.04093409244327,56.01765616943278
52,88.01747838290268,55.98862797879884
52,87.98809249907995,55.976395114029565
52,87.99554249704362,56.004185724852015
52,88.03664008847242,55.99013994301677
52,87.99419011791585,56.023173589685456
52,87.99316377768831,56.04826666307989
52,87.9937816542313,56.0146295903951
52,87.96899503314008,56.0080395485142
52,88.00971342842003,56.045852319457644
52,87.98935163220838,56.00840024868866
52,88.02490343838944,56.040976618972536
52,88.04063187473531,56.01962295880376
52,87.99169460848337,56.00666183630533
52,87.98962602823163,55.98332251935514
52,87.99892292295887,55.9828314939084
52,87.9861548115873,55.99287803507143
52,87.98374508488652,56.012734534691035
53,88.04338769088321,56.00105820001688
53,88.00796756442492,56.01535405805209
53,88.00278856265491,55.987195959470114
53,88.01186954429782,56.02097254542161
53,88.02308435582586,55.99519617309102
53,87.96159407808709,55.994429062044404
53,88.02035959956702,56.01750938880511
53,87.97088327919586,55.962219714032535
53,88.0151942747986,56.001202203867905
53,88.01472355480398,56.002171614031525
53,87.99423225116365,55.95632666270692
53,88.02753565344989,56.0227009630848
53,87.96121630300684,55.97912806923764
53,88.00689041905297,55.97628040960261
53,87.99285437128431,55.9931662147788
53,87.97027432052911,56.0205270164346
53,87.98626213224871,56.01069084191147
53,87.98942611276966,55.97837204366011
53,87.9848807055515,55.96053428024903
53,88.02133465709592,55.98813667126307
53,88.0438217076454,56.01706110602428
53,87.96004843487971,55.99024450696613
53,87.98691920228532,55.98024041605474
53,88.02247929359153,56.03097808251603
53,87.98144525491443,56.0357407566741
53,88.00068336528474,55.95293809857644
53,87.96591984938136,56.02233530399652
53,88.02574477032668,55.97589224060106
53,87.95196195142881,56.01178512497003
53,88.04832615236992,55.98846959788454
53,87.98800712451911,56.045319219079616
53,88.01178806560576,56.04153924145882
53,88.01691185054858,56.02759121042992
53,87.97945580646928,55.96965541057964
53,87.9579996480908,55.97698166652592
53,87.96045275008439,56.01441252887775
53,87.99508559715997,55.98726604914469
53,88.01008716032341,56.042649481384345
53,87.9685860641107,56.03505748120502
53,88.03890626836622,56.014720653485604
53,87.98795153085416,55.98962540558609
53,88.00178180644076,56.001524866536776
53,88.0326230949852,55.99692899028887
53,87.99333105155148,56.0098273745409
53,87.9848042095019,55.992629342705094
53,88.01516409737233,55.96703215207004
53,87.9913258704121,55.9768902392623
53,88.03794181240062,55.99780621837954
54,88.0358875636382,55.97499967798659
54,87.96789805945497,56.02825801405868
54,87.9943150978193,55.952921900472596
54,87.96862294889945,55.99853558580712
54,88.01067057517098,56.03068107905396
54,88.01969244983304,55.994725682534096
54,88.01547284960259,56.01978042171404
54,88.00195970834056,56.010448118103525
54,87.97673342033652,56.00740450899929
54,88.00007629027174,55.99469640712672
54,87.95587012209366,55.994648015129876
54,87.99956277237885,56.0244583067906
54,87.96708462291241,55.97819693301664
54,87.99676784144539,56.04407254564281
54,87.99681602245961,55.98916358200538
54,87.97050164422926,55.99042722256541
54,87.98060482128692,55.974462823037605
54,88.03582859872023,56.017844118696274
54,88.02993651927282,55.976279841663654
54,87.9754438045856,55.98525173186706
54,87.96714403050974,55.99982110041289
54,88.02459232321654,55.983300905252094
54,88.00561985053751,55.99672735373426
54,88.02470833702291,56.00472899897141
54,87.98868273012533,55.9553787364238
54,88.00308645228108,55.97554545338979
54,88.00288096405838,55.99131941206381
54,87.9686989841673,55.98884233685466
54,87.99189911974649,56.005804068566384
54,88.02576665837306,55.99554730946356
54,88.01937572253972,55.986043553925086
54,87.97157132545125,55.98014630583846
54,88.0106927951059,56.013221553123806
54,87.95414679170347,56.01731523279305
54,87.96956434777098,55.99481866651443
54,87.97550021559928,56.042751344269085
54,88.02342937582236,56.020789586266936
54,87.98381752513203,56.00812999579167
54,87.99802578374089,55.98686441226537
54,88.01493810086644,55.976200275639975
54,87.98245471221917,55.962178729315326
54,88.01010702360975,56.011066195429976
54,87.99609859226372,55.992678422687334
54,88.02359460090693,56.028176385949855
54,88.00646334985679,55.99056827029337
54,87.97024424955654,56.00729114243307
54,88.02783878359254,55.99907120988613
54,88.00284519639769,56.00505541471259
54,88.01931725047831,56.005223012342334
54,88.01575952211242,55.963523735105305
54,88.01054196427808,56.046713423078586
54,87.98145313320974,55.9635863915809
54,88.02890629452942,55.97490976391734
54,88.03506322150629,55.98871986333993
54,87.9703354197765,56.017115670083676
54,88.01917033444684,56.00935528249912
54,88.03309786821792,56.007972935783435
54,87.98219054405489,55.983565408421235
54,88.00551952397477,55.98983552816241
54,87.97954180518997,56.028371514032784
54,88.04851768144256,55.992016687604625
54,87.99288009580764,56.00176422628847
54,88.01907035889232,56.01531612205723
54,87.99558778097185,55.95023984663845
54,88.01539494445883,56.01813425108494
54,87.99698112766418,56.0366724500133
54,87.98492164579007,55.95351638496227
54,87.98821063878526,56.010453117324104
54,87.970691019762,55.99193222631857
54,88.01556574389315,56.006951443823375
54,87.95937642463815,56.014072610052395
54,88.02374186259536,55.99680600034011
54,88.03246342732943,56.01410370747532
54,88.00957803535529,56.01133178582206
54,87.95385618653384,56.00100028410862
54,87.9764109047594,56.03973546107242
54,87.95127701563494,55.99151489480418
54,88.02254173719801,55.992421582723416
54,87.97683348816018,56.0071808594879
54,87.95391040690643,55.983732935731645
54,87.97419110455323,55.99585184367819
54,87.99948599937485,56.00372140822662
54,87.9911770023591,55.98475599898349
54,87.96063423958677,55.978204821723025
54,88.00100823448099,55.97571179756105
54,88.03063713472548,55.97561544379845
54,88.01168550357217,56.02301780940715
54,87.98518132797345,55.95668680303411
54,87.9609776189071,56.02352801668463
54,87.97195876661992,56.01367405850946
54,88.00487052352699,55.99036443724217
54,88.04519210499281,55.98295769532351
54,87.99898445104934,55.98534218000359
54,88.003448496162,55.99869513148986
54,88.00694131078218,56.02001941749569
54,87.95165159189763,55.99918750625118
54,87.98617653207393,55.995421754402656
54,88.0027689957089,56.03422265502866
54,88.02466285238236,56.00708798552692
54,88.02266242758388,55.991845306525825
54,88.00675901574954,56.022278263345804
54,87.99803567462668,56.0326568042634
54,87.98230273911132,55.95543955017263
54,88.03470919740006,55.98973014532968
54,87.97526661570507,56.003815898158805
55,88.03237168097681,55.98057013941261
55,87.97387974292666,56.00594606588657
55,87.97151001832452,56.02464429140719
55,87.97259435025727,55.978648458464924
55,88.01095350784209,55.994662938364776
55,87.99215732545096,56.034815824309476
55,88.01250793775736,56.006590655484764
55,87.95748994774024,56.02516329794811
55,88.00901853304993,55.96703038281515
55,88.04070791854872,56.00819344915919
55,87.98090512166203,56.006240799385345
55,87.95826816359967,56.01553417588275
55,88.02327601069632,55.97321301226256
55,87.969782350918,56.024586365143854
55,87.96280320036703,56.032107341734196
55,88.0151113908762,55.96944652987592
55,87.99436446381803,56.00070777269983
55,87.97387974292666,56.00594606588657
55,87.96193198854105,56.02108307671712
55,88.00014805376567,55.98572858950368
55,88.02470038967711,55.9996416857632
55,88.00025185001014,55.97949997065973
55,87.99436446381803,56.00070777269983
55,87.99314895969393,56.02043405604043
55,87.99051384980527,55.95388423589541
55,88.01862049579152,55.969321613417044
55,87.99701108166784,56.02395629321876
55,87.96835633645154,56.03045052345853
55,88.03224627776392,56.01488854317807
55,88.00746584220813,56.00717337755835
55,88.04498032354581,56.01477331537581
55,88.01939069173413,56.0447591913468
55,87.9996943533963,56.0406434637136
55,88.01709017923054,55.99484810332627
55,87.99652494798319,56.00462583275967
55,88.00438691096213,56.0143927121683
55,87.9927084808584,56.03619520374175
55,87.99961966302187,55.9988325150569
55,87.97613466118729,56.02692013476147
55,88.0250986182797,56.03655732204398
55,87.95391388066548,56.018086598491244
55,87.99642519960466,55.989811771043
55,88.01523461699418,55.98545053042943
55,88.04896565170463,55.99080736564835
55,87.99370967051706,56.00403967431764
55,87.99251078752809,55.986830852534204
55,88.01513990452096,55.983367942227076
55,87.995667366317,55.96883246580698
55,87.95169325170552,55.99006986254942
55,87.97518936633138,55.98529755477584
55,88.03118135731089,55.966406414324325
55,88.04111967622798,55.98345564306992
55,87.99624107793669,56.00888661609152
55,88.01433617477507,55.98102197640227
55,88.03612494038146,55.996698807246396
55,87.98867848021395,55.97202257372375
55,87.98625184974249,56.04547219016146
55,88.04588329451211,55.99898466806869
55,87.96679849971278,55.9845433480816
55,87.98587632316939,55.96978717705611
55,87.99502123036895,55.960670678686846
55,88.02163635813959,55.99161380691812
55,87.96650209112553,56.03372681608567
55,88.01349205573983,55.99725730481916
55,87.97347792548516,55.95761864335095
55,87.95830840877754,56.01182891383135
55,88.01496250562653,56.04238343212443
55,87.9967330271312,55.991499426143804
55,88.01743320870102,55.98074972641875
55,87.99803794379699,55.98891937579943
55,87.99390025336963,56.003401061274054
55,88.03311622536636,55.97797327774473
55,87.9867052051945,55.977974116339084
55,87.97721548868465,55.955585719025756
55,88.03620612232677,56.028325628590586
55,87.9705050705538,56.027796300235295
55,88.01034147572196,55.99789004855745
55,88.01314829553068,56.025330944940826
55,87.9687662572852,55.96142221180355
55,87.98768651936739,55.981450791225136
55,87.98942042482966,55.9979182739577
55,88.01547857483452,56.02847139321238
55,88.01699243191523,55.955886268699025
55,88.03004392614812,56.00738216447725
55,88.01434444560935,56.02390500726684
56,88.03499001820454,56.02879812595139
56,88.01636287787437,56.01077982120827
56,87.95382334046873,56.00534721203106
56,88.03246342732943,56.01410370747532
56,87.98101618469829,55.98606708630493
56,87.99256277789651,55.973181474037396
56,88.03125915893625,56.0337786690917
56,87.99681184290822,55.979449289510505
56,88.0286148325408,56.013844197986145
56,87.95688155065523,56.0195310231326
56,87.98482217215407,56.015222238015305
56,87.9832102621376,55.98853703534743
56,87.97016084484002,55.967424684717805
56,87.97886271365665,56.018247939281295
57,88.00908566154187,56.019255392264114
57,88.03818517016451,55.980350276776925
57,87.96739865097163,56.00616683915995
57,87.99146543414278,55.98331916143166
57,88.03243246365513,55.989462779550685
57,87.96442011886808,55.96676566884438
57,88.00021830317104,55.95537745491742
57,87.98986569097609,55.99470844119961
57,87.99998997115095,55.984107429097946
57,87.95830960582192,55.991594620879226
57,87.95509460783882,56.01695277269012
57,87.95256741409317,55.986371047432435
57,88.00507911689184,55.99963744149814
57,88.01919122901003,56.03997882528482
57,87.98585129137068,56.00365972141409
57,88.01965884607662,55.96762046352142
57,88.0296493034151,55.987604819558975
57,87.95870139169303,55.985404023352565
57,88.01652490630455,55.99889927767715
57,88.04478508696093,56.016135923317215
57,88.00145137420206,55.98010667635654
57,87.98559566287882,55.953707280595715
57,88.00966740652736,55.989094345242535
57,87.99233402249305,56.046905420647505
57,87.99393872121843,56.0116385435088
57,87.99517949978382,56.001574823010344
57,87.98620969111606,56.01455515080021
57,87.99780466000502,55.959101159682504
57,87.991923343643,56.035085130574785
57,87.97605495358569,55.99274860849762
57,88.03351436133063,56.003226937423456
57,88.02349056479811,56.02663375714015
57,88.02800994780975,56.01578740135178
57,88.03980118870754,55.990446592223606
57,87.99524408271344,56.037992649292555
57,88.01703774912014,55.994426449002596
57,87.98352335652874,55.97299740083881
57,88.0112571433443,56.018384471804424
57,88.01564132856791,55.980262206123705
57,87.9760733184184,56.0149368849666
57,87.97959387554319,55.97685892420727
57,87.99390231134198,55.98225395379416
57,88.01383178450617,56.00953551344924
57,88.00189855601843,55.95373066794884
57,88.03247706179471,56.006313543001596
57,88.00359533544182,55.99346294398219
57,87.96430671915819,55.968347029689255
57,88.00955363489432,56.04289098188399
57,88.01349641829987,55.955644616230245
57,88.02725753572336,55.96908129179965
57,88.00161967935409,56.002196923147885
57,88.04278162650111,56.01120944689884
57,87.97907370577292,55.955353922646374
57,88.04718164834124,56.012542917899296
57,87.95313354234327,56.012578961167755
57,88.02547062147988,55.964496093412045
57,87.98089787939615,55.9699892999478
57,87.99303747543264,55.95358682529724
57,87.99707382897226,55.99684861236573
57,88.00113006597083,55.985434204505005
57,87.97215059429287,55.99824300339114
57,88.0132189192189,55.98645267287834
57,87.97335118764664,55.97661527880426
57,88.01845793298801,55.98199963102427
57,88.04991078344155,55.99910770315167
57,87.95728140766293,56.02208458826479
57,87.99502683637964,55.976241571746705
57,88.03931637778298,55.97770274314048
57,88.04376549390474,56.02023583835099
57,88.00128242073686,56.01200421634192
57,88.01947483256707,56.01720418562699
57,87.96743771840174,55.97519138243993
57,87.95978312306434,56.01926132925339
57,88.02578173129365,55.984155267045374
57,88.00488536495449,56.00693877989036
57,88.03915708779039,55.98356550065828
57,88.01127628527402,56.01353261928708
57,88.02448769060237,56.01700921884477
57,88.01982596620019,56.038431064037916
57,87.96687324612103,56.02231758029594
57,87.98821766980413,55.98786547732337
57,88.04280267397183,55.99776966569974
57,87.98201139596547,55.99025069931109
57,87.96912275593836,55.965244617189406
57,87.96262176019385,55.974063553912536
57,88.04530277464646,56.02104128810067
57,88.02091479422835,56.03906199790236
57,87.98584605045204,56.03848601161081
57,88.00019928754709,56.01350089842243
57,87.95591774161306,55.989669600903056
57,88.00298661488394,55.97118231631052
57,87.96607037279972,56.02642671131523
57,87.99601270512028,55.95269468200537
57,88.03129717303507,56.025366488927254
57,87.99264376159454,56.02836900839118
57,88.03293270925332,55.977904591014244
57,88.03974671042567,55.996357718222406
57,87.97376420661945,56.001059731235735
57,88.01608357614712,55.95803294924978
57,87.99729560199279,56.04507985509508
57,88.02136328761641,55.989233562083434
57,88.00532991601497,56.01219195987144
57,88.02844241352506,56.032550993669574
57,87.99866042905794,55.96860493605153
57,88.03320601776646,56.00714951194036
57,88.00190670937795,55.98616151355491
57,88.01667076249903,56.038142055110306
57,87.98739931669044,56.00228258506146
57,88.02144777063745,56.00311706481333
57,87.98619514958901,56.020464654827826
57,88.02827133299334,56.035606595459846
57,87.95935432735496,55.99031466181077
57,88.03175838038688,56.032404990838
57,88.00778652540585,55.950883058490625
57,87.97938455553309,55.968357666321616
57,87.99146527656717,55.984029608974986
57,87.99251688856954,55.953803119196635
57,88.01945454903763,56.035514923113155
57,87.96225865510564,55.986721391319826
57,88.02033313522954,56.03360810834662
57,87.96439094595138,56.0056983006583
57,87.99686216303871,55.977067229575276
57,87.95080807652718,56.00144247272907
57,88.00524678088487,55.979528267891325
57,87.97800396142823,55.98180341223707
57,87.96396566023434,56.01701384924621
57,87.95146713218158,56.00168873199463
57,88.00647043511796,56.03277569276119
57,88.00317908662444,56.03231249764234
57,87.99556252549478,55.98679553147671
58,88.01277414626011,55.998527274100994
58,88.01969263080423,55.97956082596087
58,87.98104644540244,56.0232561461945
58,87.97109590978852,55.97137610314537
58,87.99723126513844,56.03593427018831
58,88.01302898932,56.027228392425535
58,87.98509988444347,56.01425655711813
58,87.98422233448694,55.99034624975858
58,87.99056504390816,55.954250867080496
58,88.0118767630438,55.961887819544195
58,87.99361693299522,55.951649914139146
58,88.00332496571342,55.95120820109358
58,87.9818971497218,55.966637918351324
58,87.97362562354297,56.03419204108136
58,87.99966744429119,56.04679946897111
58,87.97123082612164,56.03364083882149
58,88.00412530419055,55.962545620293746
58,87.99937330875667,56.00511351685565
58,87.9837985104944,55.99830956622185
58,87.97088421764386,56.00070335526729
58,88.02006200285406,55.990639027963915
58,87.96743046995958,56.01486198596845
58,88.03687327703385,55.9808622838877
58,88.03782299428333,56.01752141883264
58,88.02753917266284,56.02211488930262
58,88.03176940935494,56.03372321057806
58,87.95756310238228,55.99791481545848
58,87.95850216717524,55.98047787820819
58,87.99886258699071,56.02152950156214
58,88.02859214045665,55.99556825169198
58,87.95211016769572,56.00909436721216
58,88.01763204069361,56.001680602368296
58,88.01626098329014,56.0419553424031
58,88.01419096028502,55.98517158079016
58,88.01075642715462,55.95551578538672
58,87.97648143951527,56.01237675193233
58,88.01994127288839,55.96274445198879
58,87.9940497983777,55.97426439201494
58,87.98943745061231,56.00394845191915
58,88.04416560943261,55.98343864162791
58,87.9924890512346,56.037608770620515
58,88.00270842419918,55.98760735170149
58,87.96720685040344,55.968569117449164
58,87.97156246131325,55.96767420285602
58,87.99559849689226,55.985624849397944
58,87.9685867117406,56.01272457952352
58,88.02677113502902,56.009303653696485
58,88.01919103417364,56.00316448618127
58,88.0083626537952,55.977101106893564
58,88.02111880488683,55.95833191000062
58,88.02490418214535,56.01991937351022
58,88.02842688267553,56.00566561194774
58,87.97652574089982,55.96939066869368
58,88.0325906078494,56.02520430674349
58,88.00328171758126,56.027745483984134
58,87.97414733924752,56.04096297842209
58,88.02055561293172,56.03876101936965
58,87.97525405549587,55.960772880420166
58,87.97352161402601,55.978825993650204
58,87.99624467277623,55.9906504115083
58,87.95855940697037,55.974255132292704
58,87.96795610722654,55.99262275648255
58,88.00070349787109,55.95814540969697
58,88.0385039684572,56.00405315553068
58,88.01697415755018,56.043105875532376
58,88.00133175184456,55.9836068389417
58,87.98535932486604,56.01196113535959
58,87.99712622211607,55.98575778858365
58,88.01530814085757,56.02748016601284
58,88.0449292066165,55.99293492552373
58,87.95372459551893,55.9957359869143
58,88.00837218038171,56.012564794423874
58,88.014197929383,56.022470666342905
58,87.97774915728347,55.97020268249079
58,87.99230935115598,55.9790271129859
58,88.00110277196347,56.012082438385086
58,88.03159013224128,56.024336930751716
58,88.0460264462136,55.99219610179536
58,88.02627539769466,55.984570911120194
58,88.00428674716444,56.02040872520302
58,88.01783991721426,56.00222503759697
58,87.98283377534959,56.008579638173174
59,87.97042753447863,56.0072932892464
59,88.01624207742333,56.04224054660995
59,87.99577284716472,55.98519686030342
59,87.95993342050627,56.0127601430131
59,88.01511031036227,55.98706992305765
59,88.0454158186716,55.98050520951219
59,88.00939952790723,55.99177780925154
59,88.03913881012062,55.99585839002482
59,87.9841501140112,55.996834731581274
59,87.95946372550694,56.0117667248886
59,87.97859593430339,56.000979896548664
59,88.04099774343021,55.976639287861275
59,88.01083896016289,56.034506014008066
59,88.00120621560217,55.983790474662996
59,88.01654582607773,56.02668512780594
59,87.99930327592278,56.01062780379823
59,88.00451476196302,56.01287374284979
59,88.01241145331271,56.0192768744565
59,87.99229833869347,56.03551786714045
59,87.98711620175472,55.95882642811143
59,88.0174178486243,55.99255773576454
59,87.98363641642452,56.03800245013424
59,88.0027210255567,56.028437312540916
59,87.96050895812603,55.98228683043823
59,87.97699691650786,56.04101505490662
59,87.97297077640613,55.96090670832512
59,87.9880759884522,56.0045247249531
59,88.0108479891195,55.96413659194465
59,87.96278370810863,55.97857466596725
59,88.01775267012282,55.9746831727522
59,87.97583555063339,55.99872020226968
59,88.01036923250987,55.99099329847912
59,88.02422017335756,55.99177352416654
59,88.01826962536879,55.95637916358878
59,88.0446309179622,55.999688022732414
59,87.99891944829227,55.99036890139184
59,87.99156857862347,55.983152816112856
59,88.01965995584409,55.959659274984936
59,87.97459399778289,55.99149468827263
59,87.954325384926,55.997861994927256
59,88.00576374676285,55.95628884727532
59,87.99554241528185,56.044538921722506
59,88.00991804461164,55.96571654125535
59,88.01846471426516,55.99458805098132
59,87.9813466570933,56.01495637237389
59,88.02188339280711,55.959745561274595
59,87.9888277345283,56.0228100059475
59,88.03381487081731,56.00208632786564
59,88.03943898867513,55.97586092205031
59,87.99246027670026,55.988660716051186
59,87.9731162288814,56.002709073074804
59,88.01209543716914,55.96579358782829
59,87.97393783140939,56.0026081470021
59,88.04978936722559,56.00441100857028
59,87.99196093792447,55.97963103605203
59,87.97089962481816,55.988304202187564
59,88.01269644058108,55.97305924124971
59,88.01428375728702,56.037204128425074
59,88.0063334366674,55.970292995114974
59,88.02055097584581,56.03023484132899
59,87.97794670133156,55.97393961103165
59,87.98750623811175,56.013234159290164
59,87.9905073278885,56.03917826592778
59,87.9958708439151,55.99096810585068
59,88.00671954874188,55.998871528732835
59,87.99812656555957,56.04550111095063
59,88.01006071218625,55.983085911376236
59,88.01610334824346,56.001835622479256
59,87.97643218823437,55.99257568090437
59,87.95649971742982,55.98981318357594
59,88.03482561587388,56.02724715691849
60,87.99736169538829,56.014404231674476
60,87.98425745985703,55.993348014640695
60,88.02647212401287,56.00691045636386
60,88.02574097522911,55.96481091115668
60,88.0297783936537,55.98980639670078
60,87.97086543871822,56.013195958239464
60,88.04441199906586,56.022649064495916
60,87.98715833158813,56.04794822457995
60,88.01761707671064,55.97875199584777
60,87.97644985411291,55.985235187951695
60,88.00127625356727,56.01049382943955
60,87.95299825323727,56.002295668753874
60,87.99408626123653,55.95682679495978
60,87.97573466832289,55.975616060558565
60,88.0156665695206,55.981917281894894
60,88.01657886986322,55.96586623054837
60,88.04806468079683,55.988864566011955
60,87.98443395241075,55.97683379026614
60,88.00579430247961,56.02251949590349
60,87.99390025336963,56.003401061274054
60,88.00158291881934,56.0028617458568
60,87.96508486962685,55.97989343423873
60,87.9563882505917,56.010436626683145
60,87.98769872892947,55.955654521886835
60,88.00031913077162,55.96068229180153
60,87.97508173232235,55.97457028454718
60,87.98884729812256,55.98527137189353
60,87.99606123133007,56.023590774412355
60,88.0090644946879,55.98499560546973
60,87.95690773791522,56.00842347400126
60,88.01682184087214,56.016692348632944
60,87.97076514855246,56.0375940455787
60,87.96568932686397,56.030444535455494
60,87.98459146022499,56.02711356855621
60,87.98740087180367,56.02927523520883
60,88.00075494819512,55.99769982948607
60,88.01366840168069,55.98858201528027
60,87.98959917934928,55.970331356156024
60,87.98562979635138,55.99222715554615
60,88.04753314210119,56.00063783265737
60,88.03409877785265,56.03267525723791
60,87.96053557428523,56.00852069552873
60,88.0153475036443,56.00499926242409
60,87.96947821392429,55.977985851113765
60,87.99032559146235,56.02098218745049
60,87.9580203968036,56.00293280491486
60,88.01009548313044,56.00098905562673
60,87.989511827094,55.98397282387481
60,88.02873409876291,55.99195021572356
60,87.99783059725682,55.960407165110986
60,88.04708934307014,56.00113601915901
60,87.98565357115606,55.96627223728268
60,87.98433758194696,56.02437433667259
60,87.96036478596679,56.000975477296194
60,87.99199016012552,55.97831407122838
60,88.00463716876412,56.04579835531162
60,87.97198914090647,56.00339978291265
60,88.04004754435702,55.985096924756185
60,87.97494133597563,55.98574183337222
60,88.02852336311206,56.03070041567191
60,87.97544602622727,55.981493250746965
60,88.00158792253914,55.98507905461365
60,87.99917334350943,56.04538833871832
60,88.0230178877572,56.043434801267715
61,87.96670071554652,56.02849351280414
61,87.97803545266353,55.95778961549286
61,88.01577889581291,55.986691899758924
61,87.99603944830461,55.977642430711505
61,87.98201139596547,55.99025069931109
61,87.96446109608578,56.00019547000785
61,87.9846794798601,55.96078950716441
61,87.980256598245,56.03131410641456
61,87.99736081368589,55.95892664632484
61,87.97993154664235,55.98938509198785
61,88.0182170634318,55.974512722159915
61,88.02492101422567,55.97364469873353
61,88.03177249681026,56.03782654178358
61,87.98942042482966,55.9979182739577
61,87.97982286953848,56.041278930533956
61,87.95820780507631,56.01685317581741
61,88.03990434095616,55.98530275414651
61,87.98793452653442,55.97142483936266
61,88.0079551538409,56.007734386283595
61,88.03443949582191,56.01981045864092
61,88.01987084654739,55.95782569543779
61,87.96162769888146,55.992490986007816
61,87.98620969111606,56.01455515080021
61,87.99529707662076,56.02151015817467
61,88.04756073104438,56.00354558325802
61,87.99068119755518,56.01896428056263
61,87.97330243142812,56.02578228385897
61,88.00150731273835,56.01308388669771
61,87.98621045379274,55.97520028810621
61,87.98208889076038,55.998037016406556
61,87.96087222040315,56.0249200599913
61,88.03030807257352,55.985836892703425
61,88.04531366416674,56.01994633852896
61,88.02515741962091,56.014347588622165
61,87.95537736928927,56.005981224543454
61,88.0488208931424,56.006559821288285
61,88.00834666579237,56.02587940775317
61,88.04144068980811,56.009587476716824
61,88.00681138399976,56.017989238269784
61,87.95718691145218,55.98427867375594
61,87.98793630072797,56.00164258230152
61,87.98374675890493,56.045205919348035
61,87.97345214055446,55.992004266050785
61,87.97178102890321,56.02326191612724
61,88.01512858933688,55.966229455491074
61,88.0337986120114,56.035719829010986
61,87.98738651192053,55.95197037960951
61,87.9935093543213,56.04078790975781
61,87.9868548558046,55.959118435892336
61,88.01490574083697,56.01490923338422
61,87.99890133471949,56.04420837699075
61,87.98032233128939,56.01144755796896
61,88.01419082435133,55.994225488690525
61,88.04003093273397,56.00116010621714
61,87.96422905406114,55.971773856849886
61,87.9966431203322,56.03138494223055
61,88.00008393511978,56.01172184956602
61,87.99167175022585,55.967192644753524
61,88.01386760823375,56.00402787782499
61,88.02808874006838,56.04116636635836
61,87.98703319736181,55.968517817628864
61,88.03062252196368,55.96627634839137
61,88.01437067415793,55.956416412222836
61,88.00336901821493,56.02911523927156
61,88.04186460203272,55.97682672585284
61,87.95698017947392,55.9781284701193
61,87.95269169065214,55.993031218163644
61,87.99378163395804,55.992240608916276
61,88.00105519914285,56.006290846349025
61,88.0378250329632,56.027029435365456
61,88.01282466559975,56.01838114884369
61,88.02652477077083,55.96834951170298
61,88.01201912786375,55.98382692746595
61,88.0291566090242,56.02780904354006
61,88.02078669447026,55.987775256349806
61,87.98126491172155,56.01694295647076
61,87.97785898671334,55.9940010979621
61,87.97517723965372,56.040957508100895
61,88.04145584829264,55.99053906798304
61,87.98419268393371,56.046584115466345
61,88.01408237382194,55.99733880705568
61,87.9637242707784,55.97098587582602
61,87.99596062592052,56.01057897549309
61,88.0386132925059,56.00787027425967
61,87.9885457442212,56.00139648333473
61,87.98066334536435,56.035331997304624
61,87.98757525977811,55.961435561131054
61,88.02147105573079,55.971242734705186
61,87.97626967359312,56.02659074345684
61,87.9966666725071,56.02066222255386
61,88.00945510090024,55.980610813262295
61,88.01679374160001,55.983598957028875
61,88.0138697435354,55.95499824432636
61,87.98395508246614,55.98033417033248
61,88.00174489514534,56.01401912045366
61,88.04925878348978,55.997377030871796
61,87.96204627381809,56.02881179731268
61,87.98722413315926,55.9786250163046
61,87.99743735872443,55.97777543997823
61,87.96115687935739,55.998153168166
61,87.96778815962826,56.01829016382926
61,88.00008332688488,55.982343189265876
61,88.02142520809245,55.98434431997745
61,87.95548654071169,55.99797540354651
61,88.01629179940021,55.9724914994182
61,88.00272082163072,55.97444942641463
61,87.98971489390377,55.98668422254896
61,88.02637178990442,56.0416350240725
61,88.01542476392098,56.04266849347753
61,87.99253516060126,55.995615571589944
61,87.99324954502367,56.04526321431592
61,87.98191812237194,56.00853723046099
61,87.99041770096335,55.977099138653294
61,88.01111600461822,56.0191984756531
61,87.99077035407281,55.979695785826564
61,88.01648438781844,56.0232396867625
61,87.99981311597308,56.02299613768428
61,88.01713175854435,56.021244832626344
61,88.01666241309637,55.99633127682243
61,88.01788613836347,56.021032793761364
61,88.03690115755911,55.97779307063089
61,88.01125727477994,55.99406743531344
61,88.01169356991099,56.00215692716953
61,87.99935260925798,56.009482009904474
61,87.98120747153843,56.02362760611962
61,88.01537388643862,55.98676806537194
62,88.00100823448099,55.97571179756105
62,87.9577592155559,55.997887513462224
62,87.99707486547321,55.98380318380271
62,88.00126269385089,55.965476748228006
62,87.9825203065919,55.97329769770067
62,87.9995944783191,56.01653061956948
62,88.01623948365649,55.99519928803384
62,88.02394872129392,56.02668979663146
62,88.01266408750399,55.98743717715542
62,87.97790982710359,56.01002216983556
62,88.01673941512979,55.985399508322494
62,87.9656930462868,55.996929457846356
62,88.02553188365755,55.98827308618571
62,88.00144357374866,56.001441217588074
62,88.02050073666948,55.96932927437626
62,88.01574465098399,56.038337182201374
62,87.99064175895057,55.95764667276757
62,88.00422781890265,55.97391126017753
62,88.00899303015323,56.015019068848844
62,87.99527882058872,56.01374201919398
62,88.00826425103617,55.99186102432123
62,87.98719003043033,56.02556244511935
62,88.03847776705572,56.02507026325012
62,87.9739197510452,56.01681160488292
62,88.00444919209654,56.045005612983246
62,88.01670878349496,55.993811365691165
62,87.95718968934382,55.98380551355048
62,87.98964550974398,56.00936249833017
62,88.04192346851468,55.9936727489468
62,87.97547324711556,55.98253257977399
62,87.98747541526892,55.98209358307621
62,87.95679410696776,55.98312474766686
62,87.97108214520199,55.968596818948
62,88.03675428961999,56.01686422550623
62,87.98787853600665,55.9695640405709
62,87.95841846774371,56.003404312309414
62,87.9892938289623,55.98871422941245
62,88.03782299428333,56.01752141883264
62,88.00513211862591,56.007121276074834
62,88.04228836846856,56.02042171820818
62,88.01568235450667,56.01473581120413
62,88.04237804160036,55.97618488807683
62,87.97222477679335,56.007966367862544
62,87.99204377784922,55.95491597858983
62,87.99389536206192,56.03092797252762
62,87.99289090086961,55.95384563566536
62,87.98206097773948,55.96809000929957
62,88.00787163869747,56.028756467723525
62,88.04425148374212,56.01897057842876
62,87.995970274694,56.030840959106996
62,88.04457851196156,56.01969830704322
62,88.01520857550253,55.99378768894668
62,87.99701108166784,56.02395629321876
62,87.98653410541881,55.991123521198546
62,88.00032857913476,56.039379839060615
62,87.98685319732007,56.03365551911388
62,88.04286572188552,55.98215620229401
62,88.00301824750252,56.020348756569135
62,87.96504465417168,56.01425636719742
62,88.03499304171737,56.01686409998445
62,87.97110762354203,56.01475991997012
62,87.96377554450852,55.99867592399347
62,88.03495842565884,56.00631284484832
62,87.97950965047731,56.00543051887843
62,88.00026114358161,56.03082159856711
62,87.99379825786376,55.96168566603002
62,88.01656128944241,56.04072909832597
62,87.98627493627059,55.95286985886211
62,88.00666043458742,56.0129415145561
62,88.01772592203471,55.967432048015496
62,88.02400466929818,56.00632528194385
62,87.97155447870956,55.977067610024896
62,87.97103618701131,55.98315807459505
62,88.00235365716922,55.9539258794736
62,88.00012848804062,55.969221722665715
62,88.00987564155714,56.02926114142905
62,88.02242918905459,56.0264008079008
62,87.97799209083024,56.02252475112071
62,88.00404310301172,56.03437849346249
62,88.0373803366918,55.98375661660381
62,87.96069351053792,55.987153456018284
62,88.01710308546747,56.01553388683661
62,88.00164682330576,55.99292902753635
62,87.97369398875092,55.974459707342156
62,87.97689924928085,56.014596146643285
62,87.96324064716649,56.01550057816807
62,88.02278812275813,56.01967546724739
62,88.02805656800233,56.036532236136395
62,88.01190666890862,56.004496977464534
62,88.01249183923767,55.97355603744861
63,88.0148745998509,55.959292900015704
63,88.01425210992974,56.00465536303645
63,87.98131205095136,55.97342401970408
63,88.0033645283487,55.991049412749824
63,88.00521051255018,56.016758355922285
63,88.00608942281858,56.04042410489487
63,87.96210795418222,55.97766294647134
63,87.97282556166167,55.96213069309038
63,87.98695789041987,55.99170957605527
63,88.0218458378492,55.99718592476683
63,88.03825875237415,56.00347242894095
63,87.99908213424207,56.02570262411749
63,87.99403164705144,56.044764895190276
63,87.98516770482934,56.013944999524654
63,87.98371899785938,55.966121063509085
63,87.965208402432,55.97542545715068
63,87.9638542365785,55.977589420133896
63,88.01528491890204,56.023662042688514
63,88.01476827639483,56.02208503035601
63,87.98771217514587,55.99977456571639
63,87.98955400227375,56.03531127216748
63,88.03237324148968,56.01889932993623
63,88.02427495589598,56.00559718555591
63,87.99463249874955,56.00107913330867
63,87.99465205387789,55.98226455171703
63,88.02931253583066,55.973101112664615
63,88.01877207917174,55.988771806888025
63,88.02078131280614,55.99211738301166
63,87.96217879532075,56.00530559686973
63,88.01090415496701,55.95552380991549
63,88.00559539498151,55.95528291808356
63,87.99844518074045,55.97253328784718
63,87.99072047217065,55.97685200307282
63,87.99585811586418,55.97861311649862
63,87.97486972155178,55.984186240406956
63,87.99910829162349,56.023659313302105
63,87.95271188654641,55.985255827539824
63,87.97327127543828,56.020919091794006
63,87.97744446956655,55.979020928169525
63,88.00648736131122,56.029793062814704
63,88.00814283250551,56.0375841924353
63,88.00350275116045,56.04508999704335
63,87.99634326421507,55.99601948433537
63,88.04275881533243,56.007716617925624
63,87.9815099723682,55.98801054273344
63,88.01367699525395,56.04571556393945
63,87.9971157025778,56.021860262823175
63,87.99624073682222,56.04118759667162
63,88.02492841594956,56.03210544116431
63,87.98715488071994,56.01319248169202
63,88.04083829247352,55.98966058497922
63,87.97516074291164,56.018221801407904
63,88.00305270590978,55.990151757339746
63,87.98893792434211,55.98875663228018
63,88.01198744281031,56.01942379240304
63,88.00972769703655,56.01111293408381
63,88.03808276252632,55.9882182794017
63,87.99143777247346,56.01952239955951
63,88.03614140312094,56.00419061679366
63,88.02814876850455,56.023613403872424
63,87.98661395734294,56.03418392126391
63,87.99234089278701,55.980465191969316
63,87.98806916262734,56.04123744106511
63,88.0408568754024,55.97424482860555
63,87.97092244087789,55.98285099728881
63,88.00090811616806,56.03562576883672
63,87.96555479838376,55.996781536765326
63,87.97719664433149,56.01855932822424
63,87.99237256237082,55.9783427823042
63,87.97699185694997,55.96271281910327
63,88.00617618177178,56.02182808679761
63,87.98399715800963,55.98880216026138
63,88.00885271687655,55.990671111473965
63,88.02129067565461,55.98114767617273
63,88.04533084573228,56.01472107202021
63,88.03179081280621,56.00465550566296
63,88.02216234276884,55.96791651200005
63,88.03683211340554,55.97628417485472
63,87.97721372031421,55.993744335358215
63,88.03560872517664,55.98557650351929
63,87.98560349117565,55.96809671298436
63,87.95884696903397,56.00023905610842
63,88.00825876074127,56.01664916982205
63,87.98742383116124,55.98319278208581
63,88.00991489889962,56.01875680563277
63,87.98897001454273,56.02732296085563
63,88.00182003300539,56.0054198095289
63,88.00741104586102,56.04133410097117
63,87.98977657720525,56.021890476790766
63,88.04124278566081,56.026221913157
63,87.96908565874847,55.97258638720028
63,88.0167513320875,56.037099710939586
63,87.97755434792475,55.9968104404943
63,88.01651581895668,56.013175402388214
63,88.02359803568703,56.04105943786253
63,87.99851743199395,55.980899708821326
63,88.00026128187898,55.97220165666332
63,88.01912816141024,55.98033571225791
63,87.96405559974653,55.98701698608282
63,88.0055551602153,56.014484900704886
63,87.98847839327905,56.02418892293537
63,88.00576370277068,55.95218536773893
63,87.9735861696561,56.01476625173414
63,88.03324115489883,56.0066874563032
63,87.96963347368484,56.03306602853209
63,88.02615096666061,56.010662071895176
63,88.0169829862164,56.01341520202615
63,88.00358158517905,56.00833287156365
63,87.99727557769306,56.04790893243283
63,87.98321175304716,56.030928674739656
63,87.99461918437316,55.99684718120222
63,87.96260554554954,55.9691599872159
63,88.02231056540319,55.97246032079859
63,88.01234706865307,56.00766759823131
63,87.99320897994464,56.000464219555546
63,88.01767621384013,56.038506722348636
63,88.01224138712936,56.032669406715826
63,87.9605621581217,56.0287846849465
63,87.98182226654247,55.99584381866388
63,87.99850896111421,56.035929573953496
63,88.00008124772776,55.95947409135012
63,87.99499997532935,56.033334499130056
63,88.00060015911816,55.98347061980765
63,88.04442438761475,55.99288869698086
64,88.02113731625415,55.972794063482944
64,88.04991078344155,55.99910770315167
64,87.98629634206574,55.99894307690483
64,87.97600378785953,55.965957129134814
64,87.95101196234992,56.00142507022757
64,88.0223861527751,55.95597234452354
64,88.00962491689151,56.026694592820746
64,87.9975818822789,56.00961852947419
64,87.97198914090647,56.00339978291265
64,87.98814305796377,56.04121366244148
64,87.96463319016031,55.97034761447689
64,87.99379744997835,56.04086121992663
64,88.00780544032357,56.02228391945694
64,88.01777564211193,56.02052224967126
64,88.01484048250677,55.99792125624875
64,87.97294520608682,55.97722592079464
64,88.03483755084416,55.97078156495902
64,87.97781536857192,55.993839295067716
64,87.9926215030483,55.98778869410794
64,88.02326324621075,56.004851597179794
64,88.01451031400333,56.016449643748835
64,87.99255163448274,56.010144594627484
64,88.00293116241006,56.02157001028003
64,88.02906848311618,56.01346025505173
64,87.95451711303639,56.00453632539349
64,88.01211413559669,56.02209280113155
64,87.98278704120723,56.04477569798126
64,87.98861534262076,55.99301716597094
64,88.00460389787366,55.98181666846262
64,88.03865072860182,56.01998330744256
64,88.03647173526645,56.02240315990275
64,88.02682463981898,56.03833908894484
64,87.98851239834076,55.95848837992507
64,87.96096760717064,56.02968488516435
64,87.96838901347184,56.01418044700028
64,87.97161723442625,56.00075211533654
64,87.99396739421147,56.048202332725786
64,88.01301232351011,55.96778377163166
64,88.03168799582724,55.9733389822592
64,87.99976920008416,56.03869457005411
64,87.97850401060764,56.00593999414421
64,88.01682668074159,56.01774722812191
64,88.00128295619992,55.97080180324104
64,87.98649410326904,56.019248193505746
64,87.98781252960384,55.99132727944875
64,87.97291687135416,56.01644338119974
64,88.02709232311844,56.00563662398536
64,88.03349376653033,56.01993148486216
64,87.95609592860045,56.010010193457155
64,88.00883406658556,55.96627924717426
64,88.02635704931605,55.970811235070826
64,87.99186140235781,56.00498954837946
64,87.99625006765602,55.970459123614376
64,87.98284049382262,56.037072079931086
64,87.9990930133251,56.002719600582374
64,87.98439384423642,55.97194858391407
64,88.04864566273818,55.99869626445866
64,88.01945454903763,56.035514923113155
64,87.99662613480898,56.0108216493775
64,88.04419351106432,56.02314274638842
64,87.96033659226649,56.009913845777284
64,87.98825423660088,55.97871777013099
64,87.99102102488213,55.9837130412369
64,88.04236503149674,56.01868868729307
64,87.98865630902729,56.00479097883995
64,87.96592379101996,56.0337415500842
64,88.01465550666151,56.01337900263862
64,88.00040383587677,55.95787413477353
64,88.01343844211614,55.99155140535965
64,88.01811694356799,56.00289341767372
64,87.95380280736762,56.00150163566365
64,88.03419272897263,56.0359080334913
64,88.00863343916275,56.0015754376296
64,87.99349397482464,55.99603329469099
64,87.98017838794205,55.977879454766594
64,88.0276433876119,56.00390151684524
64,87.9616715748005,55.99962219806017
64,88.00307158931783,55.96287571142727
64,88.00690668829924,56.015273759794624
65,87.99923939833948,55.99838499668975
65,88.02729498772406,55.969106083334566
65,87.99973158240103,55.969233033544704
65,87.99224819593563,55.98279199896453
65,88.01677592767354,56.00664883555927
65,88.04908851194332,55.99596175032717
65,88.0106927951059,56.013221553123806
65,88.01161269989866,56.01743686189696
65,87.98872242711847,56.01457125392593
65,88.01716688119595,55.96741710587228
65,87.97851883039013,56.01931260384998
65,88.00472746085303,56.01491091581354
65,88.03444754612511,55.97642537332026
65,87.99605911205724,55.950304094018136
65,87.97701469798055,56.01726018883628
65,88.02714751022988,56.02548564992865
65,87.99983070755732,55.97978043148821
65,87.96734075397912,55.992139330703694
65,88.01280207541065,56.037921297145964
65,88.02478901113295,56.042321254074494
65,88.00522799531355,56.00714180720699
65,88.04460889358158,56.0218142151487
65,88.02839756012891,55.995446726985
65,87.99594497975463,56.007899689267035
65,87.9924416160183,56.04315380272941
65,88.0080755933612,56.02135676415559
65,88.03502864752356,56.01289950581192
65,88.04154998020297,56.01952063244677
65,88.00350925445579,56.03675165349626
65,87.98762480550553,56.04123130518814
65,87.96996375114483,55.960435310558665
65,88.02644314761234,56.00727312969272
65,87.97253819989015,56.012396823545934
65,88.03954105004692,55.98614470904108
65,88.00102114560423,56.03896797995238
65,87.95240332796803,56.01202669089203
65,87.97413665026251,55.96555256494457
65,88.00117213718025,56.01899438674357
65,87.96168417876038,56.01738644681462
65,87.97108825925946,55.959388675662105
65,87.98574739961614,56.04755164228607
65,88.03282676128912,55.98241119626102
65,88.03095618046332,56.02824042413828
65,88.03254906434182,55.99539050875211
65,88.01975318497041,55.9542233863722
65,87.976534488511,56.010127875563
65,87.98414417804312,55.99946865233602
65,88.03243246365513,55.989462779550685
65,88.02579472645613,56.01705905493154
65,88.00979233679777,56.034630115193664
65,87.98095426061829,55.9786526533001
65,88.00024777082265,55.95551436113706
65,87.98379870102221,55.96265461835169
65,87.9988474122535,56.02492531987846
65,88.00445561991349,56.04948930018746
65,87.95562799798405,56.00359232634522
65,87.99613107336037,56.020633163932786
65,88.02658233210241,56.01924258526598
65,88.04185370878547,56.009420702301036
65,88.0201218010988,56.04056850367402
65,88.04499630556035,56.01836551144156
65,87.99448652509125,55.953502834293516
65,87.99897516755553,56.02195697122062
65,87.95900547969201,55.97652815359655
65,87.98054014717006,56.02214643393674
65,88.0408688031614,56.01130320161728
65,88.0223861527751,55.95597234452354
65,88.02385900707888,56.00886486036608
65,88.01773643905035,56.03936502582296
65,87.96656306032496,56.02414521740193
65,88.00537925383696,55.97245038300037
65,88.02608292718139,56.02367971051924
65,88.02779279238504,55.994890787950524
65,88.01992428728916,56.00557660130028
65,88.01376320402069,55.982079430810884
65,88.0003801382957,56.0438468951652
65,88.0246651665838,56.027282587745866
65,88.02951938796932,55.989053844179026
65,87.96343092809029,55.988579954660835
65,87.98245957931451,56.040513810900244
65,88.00243599720821,56.01171045664331
65,88.03446708386406,55.987722333376496
65,88.02082397124627,56.03022227393979
65,88.0006306946323,56.03590549656051
65,88.00915379939569,56.03093330149335
65,88.03294842246848,55.9802794305504
65,87.9704184795798,55.986446323328934
65,88.03559978524306,55.98008078598902
65,87.99955138087778,55.98050964567696
65,88.03452463149465,55.985847669430996
65,88.03520477643646,56.00209487784277
65,87.97903026159547,55.966838058262525
65,88.02812491550021,55.96611714167089
65,87.98304817186184,55.96142682947383
65,88.00861023351482,55.96398895235977
65,88.02357888383706,55.99135815096278
65,88.01916079475076,55.98434043836088
65,88.01740505397747,55.98451524728285
65,87.99706504199139,55.97552715062078
65,87.97901648971005,55.980957095966396
65,87.9987389880137,56.019280810006904
65,88.01977363848484,55.98824661872868
65,87.97565997123274,56.028681534404825
65,88.00273409191607,55.97057006055736
65,87.98963005692868,56.031506114639775
65,88.01004913836228,56.007121762661555
65,87.98381423085556,55.98641991243045
65,88.01091382961317,56.01104181632567
65,87.97519031376649,56.00070777378434
65,88.01973411440643,56.040233459803474
65,88.04323511644981,56.01581920394959
65,88.03777146369217,56.013396383169294
65,88.01243402382715,56.01776651396513
65,88.0369401808211,55.99689495617093
65,87.97283181186528,55.9617459440466
65,87.98182636422426,55.958969698897135
65,88.03605145362282,56.02551634216487
65,87.96234129838949,55.978355623072346
65,88.01943809861802,55.98305385995665
65,88.01846259415947,56.019519955948276
65,87.98266873372349,55.97481835620162
65,87.99319943137418,55.9594166252787
65,87.96907896722732,56.037392768817
65,88.00477177501296,56.02081099623037
65,88.014312154228,55.965513025683755
65,88.01175470888927,56.007651092410335
66,87.98516618242446,56.02118201296269
66,88.01828663728732,56.00974619580968
66,88.02955466635267,55.9923125095383
66,87.96213944012001,55.96796173615608
66,87.9891468046014,55.98876368012849
66,87.99840840370732,55.959572797058996
66,87.96468459306601,55.96890816838206
66,87.97818366215591,55.97623804017786
66,87.97017921283137,56.03985873972502
66,87.99578649584753,55.97247124579783
67,88.02144777063745,56.00311706481333
67,88.04577733523377,56.01469346560253
67,88.00888521534918,56.041415545611684
67,87.98058744587073,56.041771083416826
67,88.02332394157854,55.99692430694367
67,87.99974552691877,56.02202696215815
67,87.97625213811735,55.99617549776748
67,87.98681758563538,55.98001921506439
67,88.00105561804097,56.04057829987373
67,88.00134542287621,56.01351002739054
67,88.0014085133223,56.045680102082684
67,88.0104879520151,55.98759965461134
67,87.96256422241721,56.028203766355844
67,87.95815363223106,55.99550522544058
67,87.98291604159543,56.03465281636447
67,88.04062030168487,55.988007493108064
67,87.96165253096405,56.03014806764869
67,87.97727013922159,56.01210426177764
67,87.99488529030828,56.00889523724193
67,88.01020512086454,56.00580337957467
67,88.0036876250775,55.98629327551306
67,87.9724422087424,56.01452708098534
67,87.9992734856759,56.01342296048595
67,87.97202639404658,55.9925017009375
67,87.98612256397685,55.9918135157684
67,88.03283821184134,56.00897653708141
67,87.99129143140232,55.98342476401737
67,88.04060398719255,56.00675658790915
67,88.01257612455619,56.021899812963724
67,88.01749941042647,56.006630279481094
67,87.98551148759785,55.967578289027095
67,87.99759565050533,56.00730522504562
67,88.01280941246166,55.997130318858055
67,87.98475764733753,56.001865389610266
67,88.0357338027426,56.02953567472459
67,87.97084650753756,56.0098364091955
67,87.98155683050123,55.9746892086236
67,87.96272958965027,56.01024979523581
67,87.96808338271501,55.96936304484808
67,87.99633830639036,55.99095994755291
67,88.00011454966155,55.98617943206844
67,88.02577780540685,56.021979161421015
67,88.00088991040366,55.96820552376142
67,87.99421538622119,55.973979041078486
67,87.96323800793043,56.02018390547261
67,87.99714734449663,55.98586822671451
67,87.97814314776329,55.98008656312795
67,88.02196686841583,56.026015687380415
67,87.98788925361636,56.013870605192544
67,88.01335079462503,56.02569328735628
67,88.00548832201554,56.034012968612586
67,87.99628669972584,55.96917158379762
67,88.00873488624892,55.98272257102606
67,87.99603493780846,56.02735838005767
67,87.97449964766933,56.033559671728234
67,87.97859593430339,56.000979896548664
67,87.97894863073878,56.006776127158155
67,88.01795949471698,56.038244580601614
67,88.03534529396364,55.965576709592774
67,88.0061700026167,55.993852790107724
67,87.99343907381464,55.96690730396051
67,88.00283478180528,55.96595710028729
67,87.98612843375261,56.02888212997906
67,87.98419118325629,55.98115302875718
67,88.03791742587745,55.99894542812891
67,87.97532810352698,56.02101958180542
67,88.01694922449275,55.96249371282748
67,87.98660740669953,56.00824907806114
67,88.00228894995723,56.027028040142184
67,87.98086303017757,56.041493739746464
67,88.01090904911085,56.02736538864918
67,87.98373281527866,56.035547399160485
67,88.01138709903475,55.99392818854176
67,87.96350758333152,55.99711717601014
67,88.0142440185441,56.041468926642196
67,87.98275439771199,55.99819980687686
67,88.00175052916521,55.96193715331155
67,87.99086447947924,55.99217108774733
67,87.99603497078498,55.98134663673289
67,87.99891358146398,55.99281988115135
67,88.00307158931783,55.96287571142727
67,88.04089994804862,55.97321491709727
67,87.97798210882885,56.00282417138719
67,87.9710853404237,56.00128423924288
67,88.03372715940999,55.99939229852166
67,88.02390031997895,56.042589775466645
67,87.9915437109476,55.972539633098094
67,87.99608298224625,55.970232376779315
67,88.01051086706737,56.011738134136806
67,88.00873625788724,55.98061847738833
67,88.01501154245487,55.987224987618205
67,88.01832381016727,55.989665741873125
67,88.03824548867026,56.01106073821735
67,87.95869505885656,56.014099053492785
67,87.99287483624441,55.991100135923396
67,88.010479549171,56.0233042715998
67,87.96882635191994,56.026869885752305
67,88.00884910010939,56.04636453572348
67,88.02145700667695,56.00398235388755
67,87.98425499971479,55.961537325783276
68,87.98417223391395,56.03786206718914
68,87.98762869083525,55.96452365398916
68,87.99943038181121,56.0373741092169
68,87.97029254107154,56.006321454184494
68,87.96001842126559,55.989576663186476
68,87.9711218973487,56.00991732965923
68,88.0026667630658,56.003026749074465
68,88.0217583405483,55.991876144243385
68,88.0392352827046,55.98928148482653
68,88.0141240288689,55.98658058140292
68,88.00791228213957,55.95467772222742
68,88.0334193520909,55.988302061226875
68,88.00479264755694,56.017153004177445
68,88.00694041547057,55.977962808743904
68,88.04629873365359,56.01541540679542
68,88.03729682658211,55.979164349383126
68,87.9932789512362,55.98678629534392
68,87.98446533854151,56.04334734943468
68,88.0080681115348,55.98110994685331
68,87.98471569134266,55.96931390884401
68,87.97960695528572,55.99840371403157
68,88.01731520736665,55.95994827001256
68,87.98290123312476,56.03498930366232
68,87.98863325785378,55.98034053697384
68,88.00399929448203,56.00648503398176
68,87.98152415716702,56.01390045996185
68,88.01530814085757,56.02748016601284
68,88.01772548102126,56.00471580847113
68,88.0236697558234,55.9776441597035
68,88.0210205995485,55.99367502049158
68,88.0321876121397,56.00287166326413
68,88.01185963162497,55.99808840018568
68,88.0308313988342,55.963828720713096
68,88.00723788315764,55.998605866254564
68,88.01491646977675,55.95397202598277
68,88.02210356072652,56.01017119703387
68,88.04579065915264,56.004227698751976
68,87.99063840106254,55.98117211412299
68,87.97294520608682,55.97722592079464
68,87.99987732845258,56.00651967925329
68,87.99051885675601,56.027957194068925
68,87.99001449550656,55.98047265124051
68,87.98220705731553,55.980924020944144
68,87.9733474866802,56.022763151951544
68,87.96655814583029,56.02111017467141
68,87.99810612969105,56.037061874624854
68,87.9858709579961,55.96697496761148
68,88.00350540660291,56.03873138608428
68,88.01653780768162,56.00228171902672
68,87.95387577862964,56.01382827806659
68,88.03543979234576,56.034727150153486
68,88.01276518786004,56.01122744844088
68,87.96310104617478,55.97247697924983
68,87.98962432491773,55.97219293417527
68,88.03108376604509,55.98290922841899
68,87.95650773197184,55.98869064294583
68,87.984426593491,56.004740937165984
68,87.98830326801038,56.0150610227893
68,87.9698131178796,56.03746783625918
68,87.98918492323325,56.00928431777998
68,88.02310304448143,56.01183818922251
68,87.98690665016942,56.0048930220394
68,88.02731686744356,56.0411967179029
68,87.9824454594518,56.02903154171403
68,88.0184587494128,55.955852025993615
68,88.0207687598788,55.98074410713891
68,88.01286885218454,55.975457418976866
68,88.00348405503293,56.02148181436068
68,88.0015446813731,55.97882770743521
68,87.95935432735496,55.99031466181077
68,87.99842218788379,55.98559315479932
68,88.00944839417255,56.02944401290057
68,87.97961307640773,56.03993741711965
68,88.03834795636062,56.02890194847148
68,87.95331130312587,55.989985105457166
68,88.02469085524457,55.981258040239744
68,87.99148712891125,55.98037679127786
68,88.04281811135627,55.99287798587714
68,87.98994866349085,56.0087868149209
68,88.03488563052856,55.971325675686145
68,87.99443451154102,55.98689919324099
68,87.96976762542307,56.01713286997042
69,87.9898002425478,55.98702025435459
69,87.96542823024498,56.0286618290453
69,87.96699672670022,55.97958456363581
69,87.97535374940668,55.994678903105445
69,88.00406367838157,55.958921244175336
69,87.98931957544747,56.02128055443732
69,88.00352319494671,56.00055675840503
69,88.00808306305746,55.95325291596402
69,88.0105707444775,55.984666553035005
69,87.98592658245798,56.04339218726051
70,88.00594267704845,56.03304143696359
70,88.0407506490081,55.988144302448354
70,88.02048038914356,55.995251294777326
70,88.01827298291028,56.039116047943104
70,88.02301405090546,55.97606581735474
70,87.99897133289453,55.966634102539956
70,87.97011441927313,55.978968536084885
70,87.96858177713517,56.03248167631023
70,88.00327154532884,56.02402422055335
70,87.98631918236994,55.995893077680876
70,87.96002953319048,55.983665502209085
70,87.99555613201214,55.99774517724214
70,88.00772935460768,55.9511526145839
70,87.99558335139632,56.03968700358838
70,87.98306953082911,55.97887230947349
70,88.02917037028024,56.03868279718488
70,88.00453411593436,55.96171511912524
70,88.03175265397822,56.03168051987519
70,88.03086224111259,56.00218892811172
70,87.99159271219085,56.01499343027947
70,87.99468270424215,55.986760144505254
70,88.00765126487612,56.04631267181305
70,88.01349779744345,55.999031701368274
70,88.00172477778261,56.0287433394417
70,87.9619696018375,55.99842377250136
70,87.99492168640562,55.97660154194042
70,87.98687979036242,56.01293594443365
70,88.0156665695206,55.981917281894894
70,87.9667115577842,55.96926025902532
70,88.04700673727577,56.012034743409735
70,88.01864147007386,56.03270781223461
70,88.01689759701361,55.977588239641
70,88.00972130114762,55.95613675327292
70,88.04217141050974,55.974095507302295
70,88.00971949470528,56.03521926602791
70,88.03931637778298,55.97770274314048
70,87.98509072397016,56.03487571748687
70,87.97871655808473,56.02311159452792
70,87.99667803854075,56.02421748202567
70,87.97583230135493,55.97948320225945
70,88.0355448645935,56.02034553007579
70,87.95879861058692,56.00166001428784
70,87.95757457424978,55.99950282663661
70,87.96477411984647,55.98244845991941
70,88.00568680733068,55.95631286894168
70,88.04402573370339,56.02112822156487
70,87.98596544563901,55.96340744351907
70,87.97371006108305,55.95828901402593
70,87.96577991088583,55.99997065605319
70,87.98206938637921,55.96134407877924
70,88.0261201425529,55.980418513610694
70,88.01293886224794,56.0038425614017
70,88.01358010339874,55.98218968486713
70,87.96159623790217,55.99183160350233
70,87.97013367522706,55.982719118072644
70,87.97822161004356,55.95800051474873
70,88.04195230832238,55.97428426604325
70,87.99160880498462,55.99311259331715
70,87.99390025336963,56.003401061274054
70,88.04045370864246,55.97529464757726
70,88.00386463088674,56.022776877499794
70,88.03240314034373,55.987198120113774
70,88.00682756508127,55.986796554396115
70,88.01946046794409,55.964813533863584
70,87.98513043785329,55.995122069470064
70,87.96583822174246,56.00836770197118
70,87.96368687225038,56.01044946009856
70,88.0036976902554,56.00623901784729
70,88.0277071861279,55.977912998485806
70,87.96204627381809,56.02881179731268
70,88.02377760985975,55.98031091739328
70,88.01684620974476,55.98201081597342
70,88.02878418978403,56.02996512587121
70,87.96868646646463,55.99099910141706
70,87.99114541270397,56.02311961893507
70,88.03775561188702,56.003858565327135
70,88.03824565374725,56.01466878449662
70,88.01452053865731,56.04433952791839
70,88.04130553602414,56.000200505701784
70,88.02570946360855,55.95806194588094
70,88.02963098187884,56.005655372029004
70,88.02491819412514,56.04108572666478
70,87.96015232603631,55.99832135325461
70,87.95748941355261,56.0094888161297
70,88.0198090490463,56.04441214673488
70,87.98303525045011,56.0075681703096
70,87.97953133445934,55.987518658589615
70,87.9984131390174,55.99042738152619
70,88.03482670095609,55.97235079658369
70,87.9595736204998,56.01149741294892
70,87.9794817993789,55.982817650198356
70,87.98601309085883,55.987198315100024
70,87.97455791573441,56.04263788677712
70,87.97581324169357,56.002161055948314
70,87.99824004374415,55.99238615469231
70,88.03539395716244,56.025072768784575
70,88.03740134017904,55.97320185466256
70,87.98129910270625,55.97402122642603
70,87.97643911363643,56.007463283162245
70,87.97334625313742,55.99816691853125
70,88.04747455056052,56.0130984094377
70,87.96761849213657,55.99473355691747
70,88.02310881741928,55.99263710373395
70,88.01028846766005,55.967883909997035
70,87.99261784432518,56.02829063489647
70,87.98122276377906,55.98484877843956
70,88.00172574845918,55.9800288499705
70,87.98867848021395,55.97202257372375
70,87.98432875473831,55.988213476019794
70,87.96278117209391,55.99144495905232
70,88.03304429996963,56.00310882289218
70,87.97918942317415,55.98628481920393
70,88.0465566565672,56.012610383179776
70,87.96947821392429,55.977985851113765
71,87.99110429575168,56.00427683870933
71,88.01333479101922,55.97021263006373
71,88.02035196293951,55.99674326008547
71,88.03951127313891,55.986794897760696
71,88.01754886926328,55.97087078464211
71,87.99137365154466,56.03405416243189
71,87.95341067689105,56.016714393018155
71,87.97727177990122,55.97470079453755
71,87.96851952841968,55.97104556123756
71,88.00732564652557,55.98398062450648
71,88.00019928754709,56.01350089842243
71,88.02738951911198,55.984552718667764
71,87.97950244190048,55.9574644953127
71,87.99614598651821,55.95215261668389
71,88.00150731273835,56.01308388669771
71,88.01775262233558,56.01766564336238
71,88.00663589850836,56.003733838154986
71,87.97499873193524,55.98300258390714
71,87.9599700483738,55.996615375132
71,87.9926215030483,55.98778869410794
71,88.01252642619602,55.962416492779155
71,87.96584179182597,56.02771756810527
71,87.95523553828173,56.000752358296815
71,88.01913758956388,56.0074030829885
71,88.01859088827453,55.96605446069057
71,87.9649898513725,55.99022632991989
71,87.98879873405689,56.00929114976804
71,87.99758861042477,55.98712774960862
71,88.01204833699673,55.9708438567965
71,88.02711102614946,56.02369563257293
71,87.96404232742596,55.96742719767198
71,88.0248184786381,55.98448949123413
71,88.00308645228108,55.97554545338979
71,87.99089868321843,55.98877749634807
71,87.97716182075332,55.98780082157383
71,87.99215520224188,55.99788909942211
71,88.00255377977618,55.97930059307642
71,88.03027337615572,55.96919192501645
71,88.04494113019072,55.98546048342145
71,88.00592922028156,56.00482952424
71,88.00884627463465,55.96516675287641
71,88.0105573415164,55.99392856473782
71,87.9563785267621,55.98945843060607
71,88.01847546305892,56.02419459928974
71,88.0277526456101,55.962127338970575
71,88.01030941328621,55.95880185250025
71,88.02124968868316,55.967610484369395
71,87.99178830962873,55.970552382881046
71,88.00321274166991,55.99977355898715
71,87.99359726546113,56.03189340869084
71,88.01882901660544,55.99660860551278
71,87.99270841532588,56.01254554833513
71,88.01750875300306,56.02106718846603
71,88.010388861635,56.03484258788298
71,87.95773987380439,55.99096714907043
71,87.98750623811175,56.013234159290164
71,88.04135698097859,56.01855428607876
71,87.9951944111945,55.999345266085264
71,88.0083751842758,56.04679834890079
71,88.00040660896045,55.97478924508906
71,87.99856877469263,55.99073758073248
71,88.04414127534463,55.99407257521429
71,88.0125851159872,56.02472348005202
71,87.96489483365251,55.97409537802995
71,88.02354851511303,55.98191179093429
71,88.01789759089502,55.953624254540614
71,87.99595342614795,55.998686907494395
71,87.98110210970685,56.026582326856094
71,87.98507537990687,56.030393294461014
71,88.00304379334588,56.01721118191422
71,87.98624986328123,55.97415900844487
71,88.03323690725627,55.96546390496453
71,88.00971392185154,56.040313148160195
71,87.98263277169654,56.02940384080738
71,88.02968889717597,55.989608076166725
71,87.97980214946307,56.01510504216853
71,88.01900641810603,56.04020447005272
71,88.01150788968627,56.001019111568446
71,88.03331662047692,55.983030739211216
71,87.98740225127831,55.961592468582346
71,87.96004898409873,56.00479911505076
71,87.98239640671794,55.967975016726584
71,88.00312533943699,56.04375946220298
71,88.03110485812395,56.03626494456989
71,87.95534629567473,56.00639665254771
71,87.99322941149747,55.992129394455496
71,88.0161818780133,55.98126702683186
71,88.00294063491671,55.984962305909114
71,88.02448503525686,55.97658090830534
71,87.96911245760118,55.99696882329622
71,88.02038283300966,56.04081746146392
71,88.04554112756759,55.98731599805376
71,88.01028354228009,55.99829963077708
71,88.02240759810003,55.97576331456246
71,88.01496250562653,56.04238343212443
71,88.0020455866662,56.03902865121705
71,88.00759459238047,56.04743145550282
71,88.00642868445114,56.00729839848466
71,87.99448939175541,56.00762463537384
71,87.97904388607228,56.03095007153287
71,88.02693109641265,56.015079035364124
71,87.99112985376206,56.04341063323544
71,88.01682777879361,55.979703636247486
71,87.96752349948284,55.96844382071821
71,87.98553700476153,55.99322334395675
71,88.01971561439754,55.972069658108055
71,88.03578551492758,55.985335640555896
72,87.99404509545994,56.00679902487613
72,87.97331123269568,55.977181011193544
72,87.98491943160374,55.99005265696457
72,87.98849227245262,56.03029335450367
72,88.01539532799772,56.002175866490795
72,88.02037043507387,56.017098019365584
72,88.00620601995847,56.00067220536866
72,87.98954107051865,56.0001689492532
72,87.98104093068866,55.95391841508573
72,88.03664008847242,55.99013994301677
72,87.97552957991115,55.99163278082219
72,88.03907679126372,55.99209634431316
72,87.95785721920622,56.022437895208974
72,87.98762798258603,55.956713685516405
72,88.00392297874228,56.03182049049767
72,88.01323095980503,55.98175366646433
72,88.03879289264535,56.02348438115234
72,88.00062002046644,56.03536442469374
72,87.99349397482464,55.99603329469099
72,88.02539177576719,56.01628943196959
72,87.98074807915779,56.03978353182169
72,88.01175470888927,56.007651092410335
72,88.02203054008014,56.02188599186919
72,87.96637158337629,56.01831854608098
72,87.98459858637935,56.00885748650063
72,87.98711985124558,55.995547568083055
72,87.97231241466356,55.991931791298086
72,87.97001339426161,56.03276097027337
72,87.96947505908541,55.98744641654073
72,87.99833587573421,55.99484029023939
72,88.0381738079147,55.99395955552617
72,87.98955867072756,56.036580275759384
72,88.03756098913063,55.9783926802499
72,88.01271528444393,55.95658062905221
72,87.99243728278122,55.99108306015355
72,88.00355249331577,56.01533198137134
72,87.95923313576543,56.012087496632596
72,88.02728091813546,56.01887040731141
72,88.04151660846607,55.984095125579614
72,88.01468586744718,55.964197427256906
72,88.0484078569603,55.98960588646194
72,87.98574663793153,56.00011335346342
72,87.99111168527739,56.04546575221381
72,88.04261093161509,55.97762457313302
72,87.99201509450184,56.0055032058088
72,87.99028287866982,55.99756895838615
72,87.98739375741833,55.957361844449544
72,88.03520497047334,56.00511409694693
72,87.98338853254135,56.011410100443584
72,88.01305734953861,55.97273377793095
72,87.9791185803567,56.03871029270052
72,87.99815199506514,56.035931303264114
72,88.04234613882929,56.025625874245335
72,88.01127378974464,55.959559998580964
72,87.96697550229011,56.005549494530065
72,87.97143122813976,55.996036961209576
72,88.04267492925277,55.98170367163449
72,87.9916035908217,55.98129594251551
72,87.98238972652551,56.012431978933115
72,87.96882635191994,56.026869885752305
72,88.03047679837886,55.97814872067504
72,88.01674712576542,56.011363330362556
72,87.99281816631942,56.04046754000293
72,87.99868084910686,56.02239795875444
72,87.98347584520157,55.987661121122606
72,87.99524068818687,56.01905250471406
72,88.00983219476431,55.96583887513253
72,87.97607023417173,55.99926729954261
72,87.9828211937185,56.03611008476466
72,87.9932947192989,56.04098319234124
72,87.97092244087789,55.98285099728881
72,88.01921187480445,55.98128486899569
72,88.00447019807267,56.007958276170115
72,87.97938062826333,56.0451789606625
72,87.98744113129321,55.97699231583901
72,88.01707434281468,55.977615332924636
72,87.99914801509429,56.00388453646571
72,88.00339741417349,55.954095594124375
72,88.01810463919051,55.97105140113732
72,87.99000614503377,56.00046068524477
72,87.95973864009645,55.981317845512166
72,87.96421022375989,56.00784286885078
73,87.98693433732716,55.96273610120524
73,88.03230645595137,55.96414896178885
73,88.02203787585148,56.01781873182926
73,87.97111774601738,55.985668567985115
73,87.97473548804967,56.00993156276879
73,88.00930209792567,55.97768552797943
73,88.02707435518187,55.96522736401395
73,87.98126226726374,55.979269520849826
73,87.97999366974844,55.999880611834605
73,88.01318031516503,55.9988571116314
73,87.95795053789568,56.01485258272234
73,88.03070311387552,56.00454336306539
73,88.00561453470237,55.98504824640132
73,88.00195744076548,56.00908472302414
73,87.99011735804994,55.97312269889967
73,88.0032355618336,56.00997271837974
73,87.9983419340182,55.959758192830535
73,88.02135649860867,55.97992135543891
73,88.03617336468709,56.01757379178988
73,88.03069912431872,56.005790659373474
73,87.99254655734036,55.985523590291585
73,87.97588127929836,56.03341975265376
73,88.00833029016059,56.020054614048206
73,88.01461084798123,56.03342576043495
73,88.01592983659725,56.0115244061744
73,87.96266788399595,56.00233342712553
73,87.96659850176484,56.01756832472543
73,88.02471887773474,56.03559979056038
73,87.99268766508558,55.99661790316412
73,87.99383042227888,56.016894446784704
73,88.01589440021395,55.986072935632514
73,88.00492370759098,55.95981237441902
73,88.01089335146959,55.99928203871479
73,87.96105845013922,55.97064597053738
73,88.03489433145498,55.9653808169529
73,88.01806872188583,56.0206357447797
73,87.98322253568857,55.96113461514908
73,87.97667156531978,56.01764624263574
73,88.02430785933053,55.988066061636474
73,88.04731378314261,55.98704137754819
73,88.01980682615223,55.971918062246964
73,87.96986714633027,56.01772288905165
73,87.99383760745565,56.04485430863212
73,87.99897536963496,56.03659019236563
73,87.9866118579888,55.961462822106235
73,87.97371830791184,56.00031696855172
73,88.01967660932542,56.03757866416649
73,87.97392139064819,56.00039320034752
73,87.99594112335532,56.04027391250729
73,88.02958384882821,55.9749044752128
73,88.02826789039796,56.004182369143045
73,87.95144388858601,56.00241543443314
73,87.96267874479696,55.983118906275166
73,88.00516399516134,56.03716963792332
73,88.00392776150409,55.95795264745734
73,88.03798911376266,55.99959886912527
73,88.03302192185728,56.00177184969679
73,88.03317810638077,55.971565257864626
73,87.97348418717446,56.008697561328034
73,88.03397840134876,56.02670280774099
73,87.97661049095035,55.95661420299708
73,88.01052366518425,55.98399480544252
73,88.0110675967482,56.01640071217091
74,87.98764472700897,55.952420956141445
74,87.99964329518265,56.000099161650645
74,88.01753628202042,55.98753974395949
74,87.95944177736568,55.99388712154542
74,88.00151912699629,56.002218896677
74,87.98230277045418,56.00298948970644
74,87.96734321747192,56.00181658294262
74,88.04233283345421,56.003905725498875
74,88.0069964549199,55.99761260321263
74,88.04429385813242,55.99860275566495
74,87.99901846293504,55.99399872740349
74,88.02155961202249,56.033555654524896
74,88.00438691096213,56.0143927121683
74,88.01586313703277,56.042363202730705
74,88.04870843331234,56.006249666705166
74,88.02200788725534,56.03402083137001
74,88.01198333843318,55.95657296211467
74,88.00685330441887,56.029662183102076
74,87.98823853401008,55.97404137952453
74,87.96903652422705,56.01208806142449
74,87.9985573119243,55.95308367483499
74,88.00358745499182,56.01771398764649
74,87.96086645932922,56.01245778319725
74,88.02469573609915,56.003383353168736
74,87.99854246817,56.00240657191804
74,88.01039412750382,55.98392128514347
74,87.98672075924578,55.9899521382528
74,87.99207988978179,55.97808957510086
74,87.9782527420291,55.987258169040196
74,87.98768651936739,55.981450791225136
74,87.97596540932585,55.99553787482356
74,87.98696594251024,56.02399465873557
74,88.03084518836717,56.024222347915995
74,87.99673220167323,56.01745050586195
74,87.98940081446469,55.99194471745905
74,88.03521205094319,56.00371715222524
74,87.97735177704044,55.97238566327619
74,87.99587885441082,55.968735817939006
74,88.0320813875251,55.973272831180125
74,87.95867858895454,55.978701378946454
75,87.98629452802783,55.955655578740384
75,88.03060017018714,56.02195940326758
75,88.03796073103229,56.01283805814727
75,87.9993530271234,55.977143722095015
75,87.98880861752968,56.014161324834596
75,87.9832102621376,55.98853703534743
75,88.00054000692616,56.00307699322456
75,88.00994026954183,56.009723747443715
75,88.02037741628776,55.972806195177384
75,88.00399310998375,55.98245439611459
75,87.97372981522686,56.02351259062586
75,88.03407317837107,55.98292415216207
75,88.0238409751353,55.97388484810576
75,87.9683367050418,56.00405947782715
75,88.01507155970758,55.9883524471785
75,88.0161092684535,55.965247633267516
75,87.98357148231894,55.98815556452665
75,87.9666959726035,56.0183064803948
75,87.99701788317617,55.97800804790164
75,87.99044616155008,55.97094620748616
75,87.99372884688574,55.965133465269524
75,88.0302822223395,56.00027618937962
75,87.99466583944852,56.00494658538937
75,88.02839269966789,55.98260452951979
75,88.02035959956702,56.01750938880511
75,88.00008376993453,56.01292656457791
75,88.01845259108528,55.99880557121649
75,88.01714800230708,56.009650062956446
75,87.99269180727397,55.96768173583263
75,87.99589400323843,55.97694309003139
75,88.04862520007562,55.993880259991144
75,88.00254831854016,56.00896107486709
75,88.04338414378783,56.02340598159755
75,88.01724974561809,55.99612593436808
75,87.98312103889573,55.98675595466045
75,88.04124385120102,56.0061082413977
75,87.98304204813533,55.96083762629563
75,88.01956179179031,56.04192005910526
75,87.99391945856789,55.98273970866916
75,88.02238457828712,55.964071204342424
75,87.95739486867676,56.02478470658307
75,87.98120775794376,56.04587513459592
75,87.96773951084363,56.027011259249136
75,88.01606740573582,56.01393028138249
75,88.01820573189977,55.99324388413582
75,87.9690035796425,56.01932105530385
75,88.00657833892394,56.00349307534132
75,88.03935069386091,55.969908863268664
75,87.9637670497186,55.975713097218716
75,87.97354071591684,56.00054501195777
75,87.9712569706878,55.969272513175625
75,88.03555017527366,55.989294858552775
75,88.03118135731089,55.966406414324325
75,87.98206558491705,55.99457793526822
75,88.00564123327699,55.980122886338734
75,88.00256018980716,55.95125777884701
75,88.04024462612894,55.975132941562116
75,87.95447787092583,56.014167595060705
75,87.96036666504615,56.010762326326095
75,87.97957783322502,55.98246076336986
75,87.9657192408372,55.98227943337524
75,88.01499790874118,55.96853741005281
75,87.99654521646947,55.95998150209129
75,87.9995987660528,56.01854936347904
75,87.98729410925638,55.964676739934895
75,88.0021619250198,56.01424816823875
75,88.00820130728073,55.993082219770635
75,88.02718335273758,55.992268475764256
75,87.98409208306168,56.003630257007444
75,87.98790709295393,56.045063712461264
75,87.98088833746722,56.03305667675797
75,88.02842688267553,56.00566561194774
75,87.9991755675865,55.98262451378036
75,87.97385491182804,56.02478460588363
75,88.02511086958214,55.99821504268406
75,88.00790134061192,56.03137661134436
75,87.96928779213509,55.9889946467698
75,88.00098058900616,56.044816856365244
75,88.02253036354256,55.969151485707314
75,88.00750408293196,56.01889971430142
75,87.95686680325157,55.97802828741296
75,87.98414477684913,55.983592807038946
75,87.9769012552306,55.96729416177148
75,87.9663043192154,56.00959170942575
75,87.99874654933082,55.950697140000344
75,88.02204098328505,55.992166111645595
75,88.00521292969692,56.02072064459705
75,87.99680469980774,56.04810919096344
75,88.01591009506787,55.990232042629884
75,87.99795450948152,55.992630611738534
75,87.99200606356513,55.9622521548358
75,88.01528387595276,56.01924951504167
75,87.96453815288737,56.0148568670055
75,88.02702006717394,55.97652844920779
75,88.02329903230182,56.01187742588236
75,87.97343017513242,56.005723480220276
75,88.01247839505811,55.99717769744562
75,88.02658007435595,56.03309655289437
75,88.02203054008014,56.02188599186919
75,88.03072790493503,55.961859570764304
75,88.02369400544866,56.04356197033665
75,88.00357490286373,56.01503994092829
75,88.02021521722037,55.95919271748657
75,88.02120208843485,56.011341295120324
76,87.99684152671206,55.9861425397767
76,88.00523959119047,56.000418682428645
76,87.99427658293993,55.95404250871402
76,87.97064662929759,55.97002195632562
76,87.95540513446592,55.98663768442721
76,87.98492164579007,55.95351638496227
76,87.97930818461641,55.974991970088986
76,87.99795413861598,55.99489208825961
76,87.97204139772744,56.034225191797745
76,88.00787975032188,56.01305371025314
76,87.97859508417059,55.96137107319998
76,88.03405788736914,55.9792834783086
76,87.99086290297511,56.00766909188343
76,88.04285292647235,55.99003179920491
76,87.99341753244165,55.97266154914386
76,88.0067536429642,56.02908751777901
76,87.97867860641529,55.99657687873933
76,87.9769369542941,56.01359080156322
76,88.0290207730136,56.03816435802739
76,87.99568805517264,56.01264220106861
76,87.95763832231499,56.00955651272415
76,88.01401908185761,55.97468824744805
76,88.03165050723494,56.017528019598664
76,87.97609723502967,56.02003453319141
76,88.00582351919205,56.02054546963484
76,87.99549564627256,56.0259992560095
76,88.00888640269758,55.97572130928236
76,87.97146944384417,56.020572265180306
76,88.03482670095609,55.97235079658369
76,87.99393281292848,56.030990164588644
76,88.02680056812565,56.02777278780901
76,87.97920017526934,56.016483720695234
76,88.01678468927626,55.969030387758046
76,88.01538105185375,56.03324082961988
76,87.99963988601068,55.97384231998082
76,88.01610108081428,55.95570418305719
76,87.9730288614531,56.02719240189845
76,88.03932183345685,56.01696557416312
76,87.99428284372074,55.96390935466993
76,88.01638994868398,56.01404262592532
76,87.96243926803189,56.01938429706758
76,88.02377048941365,55.98695517552575
76,87.98860248331344,55.992723586693415
76,87.9957067232429,55.97884535081648
76,87.98151366736036,55.966732331702794
76,87.98062689498133,55.98234039457937
76,88.00744861966392,56.04717747257202
76,88.03685553245253,55.9745930150222
76,88.01921973841462,55.975057349927425
76,88.01685722116929,55.96732259521722
76,87.95373518184688,56.00226165233321
76,88.00893614094434,55.976067704841086
76,87.98595439500355,55.9858347322338
76,87.96394397846767,56.00150329754535
76,88.0093229182583,56.03940243347175
76,88.01532984484055,56.0144494394596
76,87.9890979477902,55.9954825755297
76,88.00375396918908,55.96198201749814
76,88.03533208717676,56.03233837865902
76,88.03071381677033,56.00426885580439
76,87.97977418073108,56.0072000534112
76,87.99064902975447,55.982613671179344
76,88.01543587467388,56.00047962801191
76,87.99504250654981,55.9595447006625
76,87.99420710843917,56.03485256974771
76,88.01901683671922,56.003072419562784
76,88.00490753282452,55.971851714059056
76,88.03587980001464,55.976168204201656
76,87.97096247944324,55.963992083102276
76,88.04495787248858,56.01288025989126
76,88.0072262139903,55.98809983144045
76,88.00188322305824,55.98947917050446
76,88.00108520338422,55.979210204528684
76,88.00479264755694,56.017153004177445
76,87.98455225651175,56.01694424750212
76,87.97118731302247,56.026954888177386
76,87.98266873372349,55.97481835620162
76,88.00563463485796,55.95624506803926
76,87.99816552324624,56.00642693001667
76,88.03387299240013,55.97731363052106
76,87.98395822859929,55.999039380476475
76,87.96280320036703,56.032107341734196
76,87.99112635902141,55.98593989075406
76,87.99177975619736,56.006641144130924
76,88.00845744177474,55.988780272121076
76,87.96429079758495,56.025768219959964
76,88.03814139244173,55.980168314579885
76,87.99385229068243,56.04164843261122
76,87.96578632257054,55.97940372647959
76,87.99169581954695,56.048134478375296
76,88.00111596975842,56.018232438831205
76,88.00347224576521,55.9912936222926
76,88.01138073026847,56.017889407729925
76,88.0370178500341,55.9902722559126
76,88.00178053495534,56.007114040062454
76,87.97575861952184,56.01151629686721
76,87.96273470369509,55.99310833651665
76,88.02738999352155,56.00725052510465
76,88.00001139016469,56.00742294584159
76,87.99269252023775,56.040799888529975
76,87.97668121635004,56.02723805945559
76,88.02269346236618,56.03629894461045
76,87.99907884149803,56.00869353525023
77,87.99334813737158,56.01399358651681
77,88.00861479024503,55.99976043937945
77,88.00319850492355,56.00473489160471
77,88.02578173129365,55.984155267045374
77,87.98347272567649,56.046157029543274
77,87.99121736304033,56.04144507509545
77,88.0210691669713,56.02894222736129
77,88.0341962026401,56.01240868578604
77,88.02447091505019,56.021423826101866
77,88.02110576598022,55.96319237406089
77,88.00475505927741,56.00622699322454
77,87.98585085374906,55.992253000216415
77,88.00850194678365,55.98176634376841
77,87.97653292377466,55.973203744207986
77,88.00752736825994,56.00186289181566
77,88.0063465860231,55.97445762985494
77,88.01138976230612,56.01508654332371
77,88.00396891329216,55.980923386544404
77,88.02908536843246,56.0189148345658
77,88.02319225595278,55.99029717124448
77,88.01603285149918,55.99819637714569
77,87.99130509042018,55.96218381808339
77,87.98652135975348,56.01735194528399
77,87.98997192293355,56.02980898729419
77,87.97445205047875,55.963842838106125
77,87.98770746222272,56.00196043775252
77,88.01860734775545,55.98665133123473
77,87.96483356689757,56.02983294393259
77,87.98423848187336,55.991588758261436
77,88.03444263384804,56.033579461150204
77,87.96220499046694,56.011547217805614
77,87.98348433317011,56.00674710329633
77,88.00087877041904,56.00956072757441
77,87.99823896664768,55.96240361842193
77,88.0115933301147,55.96400660402174
77,88.03581336652299,55.98384733160013
77,88.0291103794144,55.98765205580138
77,88.03114814659794,55.99562125654551
77,88.0207229040082,55.967956475247576
77,88.02130122033,56.00186568415873
77,88.0326205523969,56.03419914661029
77,88.03267010398442,56.00342952142075
77,88.04176180424345,55.99200796884966
77,88.00102358079336,56.00072435852075
77,88.0208440773511,56.00017878350951
77,87.99494386249721,55.98440638894935
77,88.00217240863137,56.013543016478174
77,88.01075202985729,55.96179981454424
77,88.01606522825122,56.02366366243692
77,87.99780813070093,56.0103335728608
77,87.95537464941836,56.00975754265357
77,87.98798281892957,55.95168601301598
77,88.00393831758693,55.95613121498587
77,87.99866950581259,55.99828256194032
77,87.95372459551893,55.9957359869143
77,87.97101498470934,56.025623943886536
77,88.0289993070739,56.00323381552566
77,87.9924416160183,56.04315380272941
77,88.01846874081096,56.01192631514733
77,87.969782350918,56.024586365143854
77,87.96987223621583,55.96224016956561
77,88.00103464566514,56.021202093066066
77,87.9733321800056,55.97755017470171
77,88.01372898803959,55.98653489345384
77,88.00185240804775,55.99543418084852
77,88.0083221052867,55.988069382666005
77,87.99417965021652,56.04586270950608
77,87.9967644390842,56.00406644918297
77,87.98261206336691,55.98708371827698
77,88.0014844869782,55.9883695137773
77,88.01679509862696,55.97361564304155
77,87.99342881666402,56.01235174171799
77,87.99383042227888,56.016894446784704
77,87.95789888693163,55.99549379288031
77,88.01015302243611,55.97438604057003
77,88.00981573575042,56.014161230808206
77,88.00212593577204,55.97268694725017
77,87.98699029692536,55.9967894860077
77,88.03239511230535,56.01506545414993
77,87.99260602923046,56.03954589937685
77,88.01204373243162,56.01405275984386
77,88.03287556950077,56.00053073549991
77,87.98140432699033,56.032922412873425
77,87.98110313279027,55.963896326053245
77,88.01774824803647,56.024356012826566
77,87.97999387256976,56.002319299357765
77,88.00111596975842,56.018232438831205
77,87.97920259849039,55.97626018072509
77,87.95806026745781,56.027120719852654
77,88.01261767281723,56.017193937616256
77,87.99273842923932,56.00885579746289
77,88.01109414224265,56.04101281382748
77,87.99447336017221,55.98664871800544
77,88.0387293817604,56.00363946643056
77,88.02106712528155,56.01841722887141
77,87.97704290939438,55.972630455627744
77,88.007782507103,55.96724266506317
77,88.02582837606134,56.0395340930196
77,88.0169143728145,55.99122473283866
77,87.96546915436862,56.021315433140856
77,88.02023804403743,55.988128871047564
77,88.00158250531774,55.957016377298814
77,88.02715480239536,56.002285775070874
77,87.97801148945827,56.02360801887764
77,87.98000785087514,55.97442573603054
77,87.99953103770405,56.01477938285607
77,88.04638090001528,56.0154907373179
77,87.97924823363282,55.954554097261514
77,87.96751994523137,56.02032427102819
77,88.04477108935832,55.99856215129714
77,87.95884999319304,56.00256554738058
77,87.96613171330172,56.01796682037657
77,88.00708347949423,56.00802220921248
78,87.9907126484021,55.99058510264042
78,88.038806369282,55.99039469845979
78,88.01131719092983,55.97144180492802
78,87.98301858234447,55.97116659160237
78,87.99601270512028,55.95269468200537
78,87.98054421045791,55.99600279625264
78,87.9682588432387,55.97580870282213
78,88.02098330432727,56.031694119228504
78,88.00294649876233,55.99287719813605
78,88.03986580672499,56.00860465850103
78,88.03773782951681,56.02782089422378
78,87.99991817098349,56.00881290581899
78,88.00800894548392,56.00922004097657
78,88.03038613340604,56.022006330804665
78,88.04174489502446,56.00135812051727
78,88.0409471618369,56.008057923835324
78,87.96586655934065,55.99724641359283
78,87.98969287619323,56.042833014928625
78,87.99795915091535,56.03935060344252
78,88.01727092278989,56.027883463242325
78,87.97750709563356,56.008970085067865
78,88.00751485442964,56.005612550345006
78,88.02393458162446,55.96984670605008
78,87.95331954205966,55.98973614640811
78,88.02635757468016,55.982484468063404
78,88.00751474535654,55.98563000680523
78,88.01892973468507,55.961391481648775
78,88.01901565900083,55.96583180634478
78,87.97193495938264,55.98866393995106
78,88.00101239779825,56.00623623114
78,88.01898043725204,55.974090061291804
78,88.019891566002,55.97369000253402
78,87.98014375697257,55.98176739434235
78,87.97813969989159,55.969899197653014
78,88.0195282313858,55.99796700213166
78,88.02138295786656,56.009219329853856
78,87.98971489390377,55.98668422254896
78,88.04054247601294,56.02066767553779
78,88.00915203352224,55.96089569977125
78,87.9650624118482,55.99734511833411
78,87.991418783231,56.0072280456913
78,88.0308642259929,56.007518723073
78,88.02972840793193,56.008410452216715
78,88.0106014827292,55.97371544382302
78,88.01855740426178,55.98314027803661
78,87.99728876335652,56.04246696273342
78,88.00122259122784,55.962727443912776
78,88.04501753702976,55.97990254705357
78,88.0119678208069,55.965947796937144
78,88.00380097786147,55.98468184364642
78,88.00033092755241,55.95131981800699
78,87.95634548059061,56.0205496440719
78,88.0403446122395,56.00196059527304
78,88.02089877120831,56.0095350031496
78,87.99571767475562,55.99603179935641
78,87.97007013340473,55.96493385078438
78,88.00995431769545,56.02282788510552
78,88.03942325667671,56.00889298929529
78,88.02420072480851,56.002244724014524
78,88.03588794771213,56.021852099371664
78,87.97060310022088,55.96090467628294
78,88.03370058780752,56.01774216530984
78,88.01855855578138,56.02670399114629
78,87.99916933099246,55.97652033285765
78,88.04783413817954,56.000063161224084
78,88.00458217935649,55.981789726191245
78,88.00486776744533,56.011362893378575
78,87.99448435931663,56.04870641651853
78,87.9973576002438,56.02006277679497
78,87.99545689777796,56.04610353663842
78,88.0002002313531,55.96468354469702
78,88.01054519601561,55.992328862331426
78,88.0141240288689,55.98658058140292
78,88.03394017328166,55.97920352231255
78,88.0238251823025,55.9670158137201
78,88.01938577024431,55.96363546281875
78,88.01669308085627,55.99190118155227
78,87.9655494749176,55.984920403124505
78,88.03102392526587,55.961015459258476
78,88.03003563612594,55.963249556913205
78,87.98094163272044,55.98518000268494
78,88.01170185011853,56.00788090573029
78,88.01615593067649,56.03563357763459
78,87.9979320049934,56.03802580664999
78,88.02664255617114,56.01417325135781
78,88.01045888843025,56.00354180191299
78,87.97928548003678,55.956104276666
78,87.9830873875351,56.045469304351315
78,88.00412593788847,56.02109359324498
78,88.00439116347421,56.04342815691996
78,87.99897133289453,55.966634102539956
78,88.00987564155714,56.02926114142905
78,87.96856325161889,55.967591052629835
78,88.0294519426729,55.961295269798306
78,88.03295796767796,56.03685373952078
78,88.02094090422216,55.95570673873526
78,88.0102096931877,56.03236718011209
78,87.97745308224198,56.04145064225742
78,87.98572130049716,55.982484313986
78,88.03252019442321,55.98881170753257
78,88.00565955574004,56.012603073313166
78,87.99194962268572,55.97356814003922
79,87.98350733134991,55.97713959237077
79,87.97817498024297,55.979065872317314
79,87.97345900977604,55.98127169730992
79,87.96013710087394,56.02881205418305
79,87.98077953551471,56.03739698471536
79,88.01365964367007,56.03540485600858
79,87.97720895595886,55.95921681971709
79,87.96045275008439,56.01441252887775
79,88.02631783679539,56.019709641410685
79,87.9923086909716,55.969587132456006
79,88.00118497639176,56.01866376847543
79,88.00001936134956,56.01060345938386
79,87.98639379330903,56.042467922150315
79,87.97375478492712,56.03626717423037
79,88.01304150973655,56.0042379666849
79,88.04271674773598,56.02015412497787
79,88.01621149829705,55.96298898890468
79,88.03569572348869,55.99409840584518
79,88.00224748466961,56.00992675343801
79,88.03156729901238,55.96247059642248
79,88.02057024857038,55.9847625067895
79,87.98499359694958,56.002558034912404
79,87.97682778887669,56.037661606646985
79,88.01526894866885,55.987590380744386
79,88.02474130602421,55.96580957048557
79,88.01890037445263,55.992523850724524
79,87.99797984309386,56.00030364783579
79,87.99878986003715,56.048216374499546
79,87.97549758606681,56.01653620233453
79,87.99895276212763,55.953067870854724
79,87.9798985324096,55.95848542981901
79,87.95777659522547,55.98691661770366
79,88.01823871071275,56.00225879062315
79,88.01382743441107,56.04261393033878
79,88.03208170648168,55.97105340424724
79,87.98973093500868,55.99530081138149
79,87.9694725438874,55.98376812648302
79,87.95540429365121,55.995511784049505
79,88.00461305356015,55.980136696967
79,88.0168607508579,55.96807809176095
79,88.01586203365397,55.98008731173311
79,87.99890919866853,56.00817480382418
79,88.02534980257145,56.00426847082585
79,87.99429673415892,55.97092188180652
79,88.04121415251014,55.98734865840983
79,87.99739347236043,56.02972229230715
79,87.96611110688862,56.02316141741317
79,88.03250868877701,55.99388156182463
79,87.99462995109484,55.978395074279625
79,88.0138758038995,56.01027611603842
79,87.98678683539836,56.016429025127145
79,88.04386931891243,56.00593982309696
79,87.96050895812603,55.98228683043823
79,88.01132594919419,55.97412079424487
79,87.9991743948848,56.02716891711355
79,88.04181983282123,55.98224205597558
79,88.0299177642571,56.027393308818745
79,87.99309368301535,55.95048981098816
79,88.02112815835426,55.96482159770891
79,88.01109824410342,56.021738662434835
79,88.03640788203465,56.002177491391656
79,87.9973968240907,55.98426923993514
79,88.04442844406104,55.99829272070945
79,87.96735651655902,56.017878995795314
79,87.97888396995998,55.96483754396429
79,88.00359202190984,55.963978871833724
80,87.95234215699668,55.99488693305889
80,87.98447690441972,56.02911298004444
80,88.02331516897497,56.0162843859049
80,87.98515940024464,56.01571377685902
80,87.98791835653407,55.99877773474646
80,87.97701891547472,55.99770834820897
80,87.98971856334119,56.025893566285696
80,88.0261240910724,55.984338558774766
80,88.03340651106198,56.00996609046617
80,88.02885709291355,56.00152777735749
80,87.99688095962169,55.95517619696172
80,88.01935016551015,55.99356028672926
80,87.98759676242467,55.99158504404319
80,88.02780242250317,55.99011610225294
80,88.00812884115703,56.02006745513148
80,88.00681107274491,56.03329394661638
80,88.02469573609915,56.003383353168736
80,88.02237969994223,56.03208636452511
80,87.96500499913458,56.03169025249773
80,87.99802578374089,55.98686441226537
80,87.99946527228268,55.99274563917055
80,88.0118687179368,55.97517835448721
80,88.03548627596244,55.99520970569731
80,87.99071664034172,55.981868337354754
80,88.0000145147777,56.03256715830087
80,87.98592079940244,55.99557837089363
80,87.96275176207996,55.975805322314564
80,88.00235986281633,55.99583135386071
80,87.99931842474577,55.98919934603216
80,87.98571059009807,56.00197671428129
80,88.00856197210288,55.986391971080295
80,87.99126221486591,55.97896819304204
80,88.00305431400233,55.99815362412395
80,88.00033226123495,55.99142910196238
80,88.0146313223728,55.9856572763128
80,87.98033640899871,55.97423364767514
80,88.01316376132154,56.01661912785084
80,88.01836632431747,55.99379879830497
80,88.0160363443638,55.9985340199553
80,87.96655507336474,55.9999422246416
80,87.98426061994941,55.98624771972624
80,87.99706116376368,56.00644910644156
80,88.03087500845714,56.01026850791635
80,88.0212301193049,55.98484872235476
80,88.0158402270021,56.014273149088986
80,88.02101922141473,55.984652851393065
80,87.96545728943671,56.00898467557051
80,87.99215520224188,55.99788909942211
80,88.03874412143432,56.02890092979577
80,88.00118005639908,55.979584379493026
80,87.97443081619423,55.959025872654486
80,87.96393396845066,56.03191092036803
80,88.00476570011921,56.00730757940959
80,87.96100397677554,55.97860203566642
80,87.99736169538829,56.014404231674476
80,88.03429802271542,55.98208166622263
80,87.99893767698224,56.00203864575651
80,88.02780242250317,55.99011610225294
80,87.95269169065214,55.993031218163644
80,87.98348236738607,55.9725415089312
80,87.9853398822996,56.01418969513713
80,87.96227666778371,56.00303490262944
80,87.95791597983121,56.00023448449733
80,87.97840158031231,55.982314518126856
80,87.9644295099773,56.00634373496994
80,88.00367430370127,55.989376073783696
80,87.99483633250748,56.02008962125631
80,88.01163655919161,56.013704656920424
80,88.00515782316396,56.03739587666908
80,87.97168476153556,55.97111808989967
80,87.99296075972833,56.00309401472034
80,88.02687833207067,55.97141330913331
80,87.97358123263885,56.011872961357234
80,87.96421454692582,55.996339600319025
80,88.03553141907933,55.988718105614566
80,87.9849446443477,55.955042853668985
80,88.02578173129365,55.984155267045374
80,87.99452385210938,56.01997941399628
80,88.01405485721631,55.99511666673999
80,88.02004276162624,56.005120033256894
80,87.98125871120321,56.01412015969464
80,87.98833916867295,55.96293195391273
80,88.03922777270151,56.006603421239916
80,88.00078415246048,55.99504102027791
80,88.02070847465306,55.99821818487583
80,87.97869048220092,55.95821426178605
80,87.99279389377305,55.999919447250136
81,88.01873882156997,56.04462949931353
81,88.00184694689288,56.04164130354639
81,87.99407491005952,56.03599655593558
81,88.0301681367813,55.994516083798175
81,88.00483011057098,56.01203186304144
81,87.97386700514716,56.04150264695644
81,87.98962954631946,55.962639205531254
81,87.96103243179721,56.01468586039291
81,88.03614140312094,56.00419061679366
81,87.96255981076399,55.993881101861
81,87.99738008122479,55.95931887372828
81,87.9857220820508,55.98700148459288
81,87.97528677840575,55.960415708693866
81,87.97200152319954,56.016302696055924
81,88.01126168247892,55.96554596193757
81,87.98744465554668,55.97880901825833
81,88.03402858953368,55.98296144473095
81,87.99993232426122,56.03769896899741
81,88.0159775543016,55.95784988839863
81,87.9615692944855,56.03101036868481
81,88.00051493767033,55.999539533219334
81,87.95726232007986,55.99911782896985
81,87.99459972894283,56.004423189116935
81,88.00686176428805,55.97900913139535
81,88.0395373341306,56.0267685505172
81,88.0096186388322,55.96129229727252
81,88.03337927191485,56.0245221428114
81,88.0230482966366,56.016945552302744
81,88.02022378215526,56.020942007948506
81,88.0439274616857,55.98930664913337
81,87.97334504869676,55.984780132066234
81,88.0146166828215,55.97657956044516
81,88.03505876242697,55.99640155351224
81,87.98378469485165,56.01827152724033
81,88.0371646545904,55.98411921500823
81,88.03304674326662,55.99651833144517
81,88.01036684890224,55.95127286068657
82,87.98485765017192,56.03681931209808
82,88.04059348180465,55.983215426868355
82,87.96687968169707,56.02052208919908
82,88.0282924581987,56.03456868719448
82,87.98913972045692,56.02316021964677
82,87.99722195937532,55.95012812136228
82,87.98672015847676,56.00389501414061
82,87.98236351483636,56.003869141091165
82,88.0095398884779,56.005261934708045
82,88.01037387543157,55.988723666238776
82,88.03348748021067,55.98296449479422
82,88.02326954917963,56.004800772214956
82,88.034629825943,56.02970546535448
82,88.04442144161828,56.00021738112932
82,87.96732983248087,55.96957869111546
82,87.96626057083559,55.983329465261
82,88.00867807703756,56.0147488897918
82,87.98112731773433,56.02247976465635
82,87.95717388370022,55.985565000671784
82,88.00572528385449,56.01182700658253
82,87.9767818295109,56.001626884752056
82,88.03226800472629,55.96323511459517
82,88.03892356673403,56.02288344919132
82,87.98960141070712,55.99400112285031
82,87.99732269117942,56.02116140357299
82,88.00922138937018,55.96871198343999
82,88.01668943375515,55.97056357892619
82,87.96408211246836,56.03374783957829
82,88.02465506503796,55.97326594861775
82,88.02796800876982,55.996018402707634
82,87.95578318140538,56.00000820006907
82,87.98179609770905,56.02378514647941
82,87.99070091601138,56.002411083445246
82,88.03556508270457,56.01981666095925
82,87.98448274076716,55.95481812286636
82,87.9584542927,56.00806633874596
82,88.02263185304193,55.99832154976795
82,87.9745993440342,55.98180918693951
82,88.00597806855144,56.04636170707086
82,88.03826412957693,55.97210918093369
82,87.96324268774293,55.99046683864218
82,88.0454158186716,55.98050520951219
82,88.00911778099042,56.00501151756766
82,88.01911020587644,55.996447763486024
82,87.95995178348346,55.98605438435037
82,87.98496609719587,55.97208906829005
82,88.02505651080126,55.95758928733097
82,87.9838130002355,55.98492019092458
82,88.00643125879671,56.001964375439385
82,88.03150056139536,56.0183577397751
82,88.01771905567604,55.984643725644446
82,88.01885621281825,55.98895113951453
82,87.98991727434458,55.996881184485595
82,88.00667039229108,55.98565294446394
82,87.98577334118295,56.02493824319473
82,88.00478208951961,56.02604842886794
82,88.01615488601404,55.98724163882745
82,87.99399741018412,55.98261390858462
82,88.04128440590297,56.019439993318514
82,87.98633784168182,56.01252659780588
82,87.99133529981545,55.986687746381335
82,87.98755095371543,56.03503872832026
82,88.00396850940596,56.025303863313816
82,88.00143847059496,55.95964168303451
82,87.98960141070712,55.99400112285031
82,88.00653178454394,56.00349642353422
82,87.98281999698744,56.03367238647819
82,88.02618228487447,55.97798722862304
82,88.02773774178054,56.00603952368522
82,88.01025791587358,55.973162899542764
82,88.03665321461105,55.99456643462446
82,87.99325630795032,55.99086688775912
82,87.97106974067214,56.00074353265902
82,88.02965171324202,56.03226372447369
82,87.98618407677844,56.03836412344783
82,87.97256100186875,56.005260083471875
82,88.0364264579662,55.99796469158346
82,87.9899613554547,56.0318972276791
82,88.03551877217319,56.02898460091818
82,88.0267037685343,56.02824252179567
82,87.95618665520452,56.00324127117672
82,87.99899852300128,56.00765573513667
82,87.99802978693215,55.99932937117292
82,87.99056754223463,55.967278641499924
82,87.96699672670022,55.97958456363581
82,88.01151605070432,56.01197801512309
82,87.98827390473514,56.03038194574615
82,88.0434310016304,55.99239584956859
82,88.02667018848084,56.016826625791666
82,88.03624313763414,55.96981753196114
82,87.98245514170526,56.03472501384887
82,87.98056530490071,55.98533502606695
82,88.02127703285066,56.039473786966795
83,87.99908268549831,56.0412256053582
83,88.0072003430175,56.00515529107107
83,87.97530434024338,56.04231113811184
83,88.02030847127193,55.96031065157375
83,87.9615488552768,55.977165776576044
83,88.02645799244108,55.95857973761843
83,88.01512858933688,55.966229455491074
83,88.0075498739743,56.037997198655525
83,88.02100956004908,55.9838011205988
83,87.9758180697196,55.99605984902778
83,88.01786292425216,56.000900570768415
83,87.95945618537763,56.007967283419674
83,88.01654582607773,56.02668512780594
83,88.01288483147954,55.995397095192224
83,87.97537999871291,56.01300124309124
83,88.01610190028185,56.021472867842135
83,87.99310493754275,56.00575737369621
83,87.95039856997141,55.99450075230196
83,88.02578444586405,55.98848248253151
83,88.01987471171478,55.99040897516473
83,88.03379587160221,56.00774917969711
83,88.00027326642534,56.00847005690388
83,87.97784280692744,56.032432967198844
83,87.99664349209738,55.9533277524544
83,87.99098031811207,56.03389394023738
83,88.01103688676768,55.99722904039412
83,88.03975174855381,55.972927797680555
83,87.962533748502,56.01989195358971
83,87.95478268045288,56.02015816746114
83,88.0206088884456,55.974157407455145
83,87.96100053076125,55.996927069825254
83,87.97300354378622,56.00057351130812
83,87.98144301970764,56.04317516513234
83,88.03432449037308,56.00318526815475
83,88.03959117537734,56.01255610690483
83,88.02032463885816,56.021764756978214
83,87.99266649795146,55.961638104505376
83,88.03275878045443,56.00550103451134
83,88.03240488603295,55.995846883791415
83,87.98598993873624,56.01785508527536
83,87.99169511926156,56.04380919189601
83,88.01649883769474,55.972794409727
83,87.9921398324519,56.005806115888426
83,88.01946823791354,55.98282006251904
83,88.00252843014238,56.00326028400402
83,88.02249707808564,55.96712480652807
83,88.04724227202863,55.998377168016475
83,87.99046749260654,56.004749964839
83,88.02519467459845,56.03338740346604
83,88.02379542437984,56.03566736533701
83,88.02584974242085,55.98392648096378
83,88.0351902996519,56.0222445052284
83,87.96057838528569,55.999641703659
83,88.04680813780448,55.98695243333573
83,88.03703935159392,56.021115986133665
83,88.0063781953753,56.012636256955865
83,88.01900091910865,55.95528397469792
83,87.9683321691706,55.97649914982026
83,87.9655306043837,55.981574808000396
83,88.00755131257479,56.02684679379215
83,88.01247371624359,56.009509805019526
83,88.0370801944992,55.98209440678193
83,87.98954942293149,56.01164901086467
83,87.9923390099196,55.96708334807906
83,88.02794089496788,55.99678464986675
83,88.03755270646704,56.01988290087891
83,87.98475961581498,55.9808011579061
83,88.00693744396037,56.017796849207365
83,88.0118591470657,55.96352617659109
83,87.98392864782566,56.004051265498894
83,88.0406586074448,55.993126070592766
83,88.00395672728604,56.03737451963599
83,87.95816552087746,56.01915895495359
83,88.04300835127195,55.98561500750505
83,87.99169511926156,56.04380919189601
83,87.98608709594798,55.99369779456232
84,88.00265053725818,55.98336796918213
84,87.96680515823627,55.977993035970115
84,88.03176808670563,56.010612901604944
84,87.96059912437256,56.0132295964589
84,88.00751474535654,55.98563000680523
84,88.00063986658246,55.976457223466
84,88.03499933062241,56.00896691010256
84,87.96526840459819,56.000526639129426
84,87.95784885872533,56.01897314836222
84,88.01828168785408,55.99706272374226
84,88.0460976247844,55.994086588559405
84,88.01739260882476,55.987012656177924
84,87.98578307680614,55.95601306857642
84,87.97069381279866,55.98470892635364
84,88.01030945969656,55.979504971569824
84,88.01602145729294,56.030523520438756
84,88.0024424315733,55.98172009652102
84,87.98679111379356,56.00729699985845
84,87.95497342676744,55.99201355122622
84,88.00150338973192,55.95766429531665
84,87.97598309700585,55.962494502596535
84,87.96820193885678,55.99361716946446
84,87.98964550974398,56.00936249833017
84,88.04413685807197,56.01045616437613
84,88.01440913426262,56.03112707426187
84,88.01125786821696,56.003267150562394
84,88.01075354040465,55.97989213740468
84,87.96199747962046,55.972133508745756
84,87.98934412393174,55.98602422012588
84,88.00819767856463,55.96662025018516
84,87.98230862458254,55.99593401023197
84,88.02524642036086,56.03504969406454
84,88.00587618877555,55.950609571458656
84,87.98304530680355,55.97727589644306
84,87.9832848908943,56.016903108505886
84,88.00146296747894,55.96881580952582
84,87.97864406607027,56.00964865040473
84,88.02028410854287,56.04344661256202
84,88.04824897105357,56.01066621125301
84,88.01232342057294,56.04567646656945
84,87.95341014831226,56.00108314114891
84,88.0375018450282,55.99347096160067
84,87.99769014142214,55.986329922264154
84,88.02516560168056,55.95823061249617
84,88.0026189182436,56.03578354825794
84,87.99346215047913,55.98521391418176
84,87.99495285329493,56.00004915989084
84,87.9534058382172,56.01201600496149
84,87.97051086238203,55.988387862645936
84,88.03217493486298,55.999430700195596
84,88.01135265654062,56.023104278765224
84,88.00461191182717,55.96150345496178
84,88.0209044548483,56.00032745200857
84,88.02402198746279,55.96796192526638
84,88.01542346761592,55.954237353017795
84,87.99199596041329,56.0078329748478
84,87.9718384590235,56.011014300161136
84,88.02737487357544,56.0392270134666
84,88.03312011207882,56.0154051225283
84,88.01063957624145,56.031084110859126
84,87.97929208234628,56.03678840104858
84,88.04390296654346,56.003031173984034
84,88.03411114812747,56.00904874513755
84,88.00144714650911,55.96567134669797
84,87.99335873409348,55.95348294802149
84,88.0196347038503,56.006719108962535
84,87.99984834611351,56.042317573903865
84,87.98279549478566,56.03030374122217
85,87.9709171375709,56.01302250285234
85,87.99067708705887,55.99940894679786
85,88.0214758430803,56.019857587114565
85,88.01777061055543,56.00861740414101
85,88.01942495069491,56.03084398297117
85,87.96765195266454,56.026685746882656
85,87.97505149145505,56.00148826275347
85,88.01094136933547,55.97348669456018
85,87.99495285329493,56.00004915989084
85,87.96754888554723,56.01425208218512
86,88.00611299985955,55.953383184324295
86,88.00101092991116,56.00228447724303
86,87.99371195773352,56.004185363000616
86,88.0022089599737,56.04510840875472
86,88.01526754685098,56.016391985948836
86,88.00483011057098,56.01203186304144
86,88.02638763995078,55.99439295650742
86,87.99726850639868,55.99646742655751
86,88.02488769521472,55.956666946242876
86,87.97559432335736,56.01921095872799
86,88.00394008679112,56.02637344161659
86,88.0358891832281,55.971001716511886
86,88.01009548313044,56.00098905562673
86,87.98102609992436,56.03229414226949
86,88.03730322281685,55.97932679439625
86,88.03985832322283,56.00062698595035
86,87.9820916741644,55.96080275388368
86,87.96947505908541,55.98744641654073
86,87.98663804681743,55.974011756407336
86,88.00239022314943,55.95587762043414
86,87.97124872501811,55.97643731300318
86,88.01129065914715,55.9536725822899
86,88.03044693087121,55.97330852159784
86,87.98609152655165,56.040444406556325
86,87.9583596904709,55.97615292342928
86,87.96421022375989,56.00784286885078
86,88.00174590134209,56.01501825435822
86,88.01293967372087,56.014047614519185
86,88.03124257727963,55.99022217409252
86,88.0302182361929,55.97435224787943
86,87.97016692725951,55.96887446398928
86,87.97169272376941,55.967297334718474
86,88.02243599762606,55.97587929087661
86,87.99404634425996,55.955537294514414
86,87.968005227546,55.96850698657723
86,88.00628662728718,55.97126315610825
87,88.02032463885816,56.021764756978214
87,87.96070655078178,56.02734686885256
87,88.00020400531334,55.98240076747755
87,88.00195970834056,56.010448118103525
87,88.03924758883551,55.98788762478463
87,87.97702122987754,56.023276620080864
87,88.0269659728543,56.03921279594676
87,87.9983883038135,56.04273451456841
87,87.99376739551516,56.02100469356456
87,87.9775978254163,56.03293729549326
87,87.99775403449932,55.98132505382773
87,87.99955138087778,55.98050964567696
87,87.99006669649269,55.989681572499904
87,87.99030114978419,55.9801660273779
87,88.01925788816985,56.038453320621656
87,88.01026964885197,56.00617232654428
88,88.03005460484896,56.02306075630058
88,88.01246520029892,55.96422593105185
88,88.0216035310921,55.96509382642325
88,87.98931243592047,56.014540653586764
88,87.96494756582348,55.973427463401926
88,87.97092076389139,55.99014528335838
88,87.97254237414326,56.02347362875155
88,88.01756985273857,55.97717714059229
88,88.0220886752746,56.01504411581587
88,88.02790392109063,55.9651558632871
88,88.01997082075255,55.96654840924126
88,88.00318803222281,55.9817571750009
88,87.9945422446907,56.0245859207931
88,88.02734410983865,56.03990187102885
88,87.9620827894558,56.00509331360424
88,87.9969452116749,56.00339641232036
88,87.9872124490478,56.026867582923494
88,88.03267010398442,56.00342952142075
88,87.98987692206724,56.02598447840545
88,87.9913258704121,55.9768902392623
88,87.98764670112269,55.99774638261781
88,87.98501962736226,55.99786141810618
88,87.9907153466604,56.002489224968734
88,87.96722573979918,56.01621855998943
88,87.95439241722549,56.01731767770407
88,88.00720927645021,56.026476116287576
88,88.03096653929664,56.01405215980528
88,88.00871050361341,55.9894803219416
88,88.01929473792813,56.01001252119782
88,87.95742047191064,56.00271106110048
88,88.00405382951134,56.000290158766866
88,88.02161148565212,55.96740308424559
88,88.01898958089068,56.019361470888256
88,88.0142027186293,56.04588909465103
88,87.99335476559004,56.03041706194491
88,88.02256688757406,55.98987410943067
88,88.00151860155206,55.97788455390472
88,87.96825201681936,56.03664975498575
88,87.98848464122187,55.991575946906636
88,87.97094311832055,56.035648267089385
88,88.0389727906992,55.98080033590887
88,87.98257839837342,56.020874056926424
88,87.97369398875092,55.974459707342156
88,87.98248206007646,55.96378104788281
88,87.98360973106922,56.018760374514684
88,88.0474362630183,56.008159259337425
88,87.99674613144074,56.030897627727136
88,88.03130894426266,56.03713963842271
88,87.96280689194576,55.979696268104135
88,87.95297869883505,55.98668243599088
88,88.03976872174971,56.00763768103732
88,87.9672334828641,55.962781923188864
88,88.03829737746968,55.96993546328665
88,88.00397293759382,55.97658647563644
88,87.98980430797461,56.00569933781346
88,87.9739957538292,55.96563587875619
88,87.97234308226558,56.01070527551373
88,87.97093667265955,56.03227610495422
88,87.96201333534285,56.01963158855958
88,88.02129251818833,56.01555122760517
88,88.01448402857872,56.011790731279966
88,88.03498334520424,56.006428034064356
88,88.01404698585621,56.02745636867873
88,88.01234366468191,56.03193738396139
88,87.97575387380346,56.01205461666306
88,88.04144068980811,56.009587476716824
88,87.96830826416775,55.98544265404925
88,87.99494167959004,55.963062892022506
88,88.02564537562162,55.991716108302505
88,88.0012577613957,55.9504975618223
88,87.97983951336273,55.986936148772095
88,88.0180294422805,55.96802693832386
88,88.00924571618634,56.01712869619897
88,88.00216358539559,56.03252016818444
88,87.96900397944162,56.02815396272222
88,87.98631430929576,55.959494402270316
88,88.01107076682696,55.99239045106866
88,87.96838027678834,55.96274349526327
88,88.01992428728916,56.00557660130028
88,87.96762313555841,55.98049407702683
88,88.02648400723078,56.02294662520644
88,87.99607802030849,55.954650544130374
88,88.03329372026026,55.96570137463999
88,88.01256786503004,56.015905014966
88,88.02347335715345,55.98473524418792
88,87.99692765898124,55.99148608408817
88,87.98684770941911,56.00831596872378
88,87.99969798604926,56.02904069119603
88,88.04389075020929,56.006832342840745
88,88.00385050088458,56.0117935554546
88,88.02619016849575,56.01198779306822
88,87.99543377620758,55.98213643069356
88,88.04319895083954,55.99559822691547
88,87.96947505908541,55.98744641654073
88,88.04059018665022,56.02702834331095
88,87.97528054847047,56.01166961341525
88,88.00854669306717,55.95644212615286
88,88.00512103797695,55.965159261660276
88,87.96496407161717,55.999619761451996
88,88.03984965935571,56.02657256943986
88,88.02273724341283,56.000529740471954
88,88.01437776644215,55.993507321052746
88,87.97512497219631,55.986979434857595
88,87.99237261819356,55.99621803263746
88,88.04608244892941,55.983697342571254
88,87.97901699202343,56.01666322236476
88,88.00749923094635,55.96692815260398
88,88.00297985600626,56.040925475659286
88,88.03931918435747,55.98941957150766
88,87.95627295622808,55.989519377334815
88,87.97773347488906,56.02102766463778
88,88.01584634208952,55.955899183892605
88,87.95869505885656,56.014099053492785
88,87.98947902179124,56.01012936476906
88,87.99137114754971,55.969666903444924
88,88.00180096536167,56.0383030167608
88,87.96041581242405,56.008736787471705
88,88.0155225513443,56.02686691989338
88,88.02071930101343,55.96796819671824
88,87.98057325473178,55.98962396051725
88,87.98853561789812,56.02460683634103
88,87.99209901260379,56.041856761255076
88,87.98956082433624,56.0118098399987
88,87.98797145994452,56.00585979381633
88,87.96974619906892,55.99930715922292
88,87.95756310238228,55.99791481545848
88,88.01491591081437,56.01203014230755
88,87.95190006007988,56.01192599142036
88,88.0283007063973,55.99693212375738
88,87.98411826037743,56.01309540151434
88,87.98580136320605,56.01827837958952
88,88.03423745682073,55.981378767901994
88,87.96408840877245,55.97949356158846
88,87.9708875176956,56.002436139080096
88,87.97850401060764,56.00593999414421
88,87.96803244249827,56.022794492734256
88,88.02965171324202,56.03226372447369
88,88.02307303513767,56.0155263744544
89,87.98606671919747,55.9917194045898
89,88.00289231004933,55.98537744338596
89,87.9848807055515,55.96053428024903
89,87.9692648540912,56.006819346133064
89,88.01596426768585,55.96924072877062
89,88.03211935982235,56.02641475371416
89,87.96165466640521,55.99804438658577
89,87.97127316473616,56.00194637236146
89,87.99750439035245,56.03291560120884
89,88.00608664830669,55.970234866972525
89,88.0068710524963,56.02271406317705
89,88.01393707297188,55.95752523477535
89,87.99652345981106,55.98415745220437
89,87.9563690555514,56.021308121479706
89,88.03064287373245,56.00319720806824
89,87.98911637331506,56.02503967682125
89,87.96077285490026,55.970915877660445
89,87.96991759349008,55.980002612467814
89,88.0110947535657,55.9571961033831
89,88.03456153389419,55.98464646969974
89,87.97113952380337,56.02232956795931
89,87.96891401119454,55.99377550794544
89,87.95189025404326,56.005332051597094
89,88.04386931891243,56.00593982309696
89,87.9532120421351,56.002986163748034
89,88.00606713115225,56.01336451223191
89,87.97655231381647,55.980647184291456
89,87.99156857862347,55.983152816112856
89,87.95473393171466,55.99791904713888
89,88.00408697233591,56.00663906142961
89,88.01534976639654,55.99627481181843
89,87.96624841142369,55.967397391742566
89,87.99722517946313,55.951471035557866
89,87.96102095710431,56.0146791510772
89,88.0061559199869,56.005606304522225
89,87.96921795354852,56.01440349761535
89,88.00138612043256,56.0149646967174
89,87.9853153160335,56.00136344113733
89,88.01585338700659,56.04236525827881
89,87.97204954302913,56.026719747864064
89,87.97340574163869,56.006059248708326
89,87.98149674721178,56.024496104720804
89,88.03013772501946,56.024190899946106
89,88.04666183768234,55.984701749440994
89,87.98190491834441,55.989011268507184
89,87.97643148698376,56.015925965369846
89,88.00630374832802,56.03186179262865
89,88.00150518881905,56.02353360091856
89,88.00525950305484,56.0216843728364
89,87.99972323628776,55.99719398935414
89,87.95431961023993,56.017475225518155
89,88.01972288634026,56.03138151586336
89,88.03869320083557,56.00304427359987
89,87.99710909728459,55.95928342163327
89,87.96278244386428,56.017238028588736
89,88.02525477270022,55.998606957886274
89,88.01194325876627,56.01718452384446
89,87.97977007239099,56.02090946697186
89,87.97644736973652,55.960640260602716
89,87.97001020545852,55.98279562235801
89,88.02956384092163,55.975981242502556
89,87.95382334046873,56.00534721203106
89,88.04516026313479,55.994347611575115
89,87.99660938665096,55.98644494174794
89,88.01650346547127,56.04087539703489
89,88.00912198928778,56.043608353246476
89,87.96041334021089,56.025000374637415
89,87.96654976184976,56.00743376967647
89,88.03485266423357,55.96969348226237
89,87.98902111162676,55.95974939413777
89,87.9518643221597,55.98764125842734
89,87.99619522778535,56.018793630823374
89,87.97903956965118,55.9668371594945
89,87.99335491790096,56.0225947671308
89,88.04514296830112,55.988392814227815
89,87.9957809327841,55.978878713029474
89,87.98570520674092,55.992125686427414
89,88.03922337581461,56.009524735767414
89,88.00162037770957,55.9692746380549
89,88.03605145362282,56.02551634216487
89,87.99738008122479,55.95931887372828
89,88.02340881011527,56.02070652809583
89,87.99872783275053,55.991596588016236
89,88.00003576098382,56.01387590237256
89,87.98849546921456,56.004144341245954
89,87.97924231868362,56.019816614933646
89,87.96826112626304,56.026887000693876
90,88.03504587912997,55.99269019032214
90,88.00502582796541,56.01560935664621
90,87.98452785368262,55.966709276349405
90,88.00754560647094,56.0044244145791
90,88.00315133176939,55.9535522755528
90,87.99537213542358,55.98220659569001
90,87.97437814184654,55.96238403711591
90,87.98487325159287,55.96111361215854
90,87.98008387098083,55.99628265020799
90,87.97195876661992,56.01367405850946
90,87.98419268393371,56.046584115466345
90,88.01857317154442,56.01788085544517
90,87.99819439878935,55.97574393781527
90,87.99991904099268,56.00150758033485
90,87.98204096209794,55.96305075535426
90,87.98564843427087,55.99662272566117
90,88.04246107176712,56.01739453652051
90,88.00852215370367,55.9898618703872
90,87.98537135021128,55.987154664191024
90,88.01048274764763,55.983923019741965
90,87.99285430836852,55.959356452552505
90,87.98856336805153,55.956455579666674
90,88.00698326204139,56.047509617581795
90,87.96783572346276,55.99819044503555
90,87.97934770779055,56.0021782061405
90,88.04234880168501,55.989486123485385
90,87.95320941884982,56.0141398795087
90,88.04184101484869,55.984410721199005
90,88.03062358608732,55.963864887539145
90,87.98028662936208,56.01545486487903
90,87.98863956450296,55.999041789955434
90,88.02418904385927,56.014460111445835
90,88.02597431941999,56.027670279648625
90,88.0393379123381,55.969439214323394
90,88.01957359470886,55.98683269904493
90,88.01063934577549,56.01586632644141
90,87.96678588382017,56.03380713794349
90,87.98982807798458,55.954302237634565
90,88.02463358360698,55.976305423391175
90,88.01013787876364,56.02828106309458
90,87.96423054386817,55.97014021869125
90,87.97748579670672,55.99183808622441
90,87.96967408540533,55.97237183912948
90,88.02331447691155,55.990436804456444
90,88.01934364424966,56.012990531770676
90,88.00917540245683,55.98915944017407
90,87.97577216508566,55.99604427067436
90,88.00415560326192,56.04904675609418
90,87.9699764015951,56.00486063297967
90,88.01268397870416,55.99812751723194
90,88.0002043703144,56.022143748311784
90,88.00634346300549,56.01359022235109
90,88.04499133010991,55.981982132183255
90,87.98786159090469,55.983258578808886
90,87.97583555063339,55.99872020226968
90,87.9981953563907,56.042242018784314
90,87.98408577793366,55.97273058705909
90,87.9902831621169,56.01869478151948
90,87.96961571487124,56.0134208302357
90,87.97264760903475,55.958768226422805
90,88.03237168097681,55.98057013941261
90,87.9778607724692,56.0177524642572
90,88.00899331887304,56.01957484808418
90,88.03355582550121,55.96824348253363
90,88.0129106717798,55.998539362128305
90,87.98140976868117,55.97730889993722
90,88.0185906318775,56.03545276487457
90,88.01221442814337,55.991901601608994
90,88.01599063820663,56.01567420858558
90,87.96004843487971,55.99024450696613
90,87.9585347746412,56.021440355224996
90,88.00691476439052,55.969101546926225
90,88.02753607141213,56.00851119083423
90,87.97898218199315,55.97163433799434
90,88.00063036087411,56.024837244767554
90,87.95752552248537,55.98635982409112
90,87.99228913458285,56.003435202091254
90,87.96770726113685,56.00284413488631
90,87.99490204445894,56.0062296671396
90,88.00079887244242,56.006708534544195
90,87.97422275621268,55.99036985353946
90,88.00368677502152,56.023460288991885
90,87.98529144840059,55.95419199296792
90,88.009538978425,55.99404406966173
90,88.00162495442389,56.02017815844437
90,87.99270341379382,55.99290172103848
90,87.98127649880387,56.02189825075754
90,88.01143209433681,56.02577881047234
90,88.01392080575631,55.9850788178905
90,88.00067196595508,55.97098791966475
90,87.97803139127909,55.976436275752256
90,87.99408861920652,55.95050959163957
90,87.98079688569048,55.998162076802956
90,88.03591813863858,55.9919884335831
90,88.03362398866278,56.02530902025862
90,87.99451447977435,56.01159247269956
90,87.98352924197891,55.959310584904685
90,87.97303981722057,55.99804347357009
90,87.99421441961744,55.98284078885493
90,87.96859178855324,56.01328745649213
90,87.99527078598284,55.965713141063254
90,87.97316760987842,56.023939253749795
90,87.97515811617943,56.03664669778183
90,88.02389471867563,55.996473364568985
90,88.00739520268262,56.01469786025464
90,87.96902373198476,55.985239369231316
90,88.0260401685913,55.986200140171356
90,87.97857788873804,56.040321773271266
90,88.02566900622855,56.03909458689717
90,88.00545822600328,55.96470555279635
90,88.03733472984455,56.01415169115047
90,88.00886096105634,56.024671770371825
90,87.97325671829304,56.01264149051785
90,87.95203720540769,56.00372953420565
90,87.9653459352011,55.96600015572191
90,87.997673043828,55.98484359490769
90,88.01283187499713,56.01845491443589
90,88.0316608817104,56.01432461602668
90,88.03275828430537,56.02807303267703
90,88.01840565919109,55.99701754230527
90,88.01015071159831,55.98837243203445
90,87.99464391134701,55.95808956805666
90,87.9903023585505,56.002502754410436
90,88.02898291428794,55.98834946099188
90,88.00779283092491,56.027183681012026
91,88.03733149788556,55.99439305333881
91,87.98645812925838,56.01387568912791
91,87.97117007134071,56.00229088000364
91,88.00054565594971,55.958866914232075
91,88.01571893409786,55.999137189197526
91,87.99798467893041,56.021337710590075
91,87.99355611419888,55.98081682048707
91,88.01030730732872,55.97819276927225
91,87.99446029005559,56.029899915788334
91,87.99525604513205,55.961064204888714
91,87.9899411608795,56.00217688278173
91,88.02556009156237,56.01708846983473
91,87.99667309331153,56.0009343669566
91,88.01230841505739,55.99943989667834
91,87.99596062592052,56.01057897549309
91,88.01750487232741,56.00778238546989
91,88.00165868586163,56.01038666455528
91,88.00493551891596,55.97960818700503
91,88.04491246398116,55.9983125008787
91,87.96015232603631,55.99832135325461
91,87.99634895837397,56.04296726533279
91,88.00956884693827,55.99555380668205
91,88.03022282791783,56.002181762813315
91,87.97601716882036,55.97119500232819
91,88.00119621803924,56.024044875507705
91,87.99238006651068,55.97890471244425
91,88.00471170453827,55.97086600062609
91,88.00772531493406,56.026828429001455
91,88.01121641334365,55.98632293444572
91,88.02616514978821,56.033571544235656
91,88.0029617441015,56.012984470371784
91,87.99692470914056,56.013442079997816
91,88.03777684682032,55.98593436064955
91,88.01653780768162,56.00228171902672
91,88.00186045141179,56.02680409881147
91,87.98619514958901,56.020464654827826
91,87.98417637145508,55.970928522794416
91,87.99631446334597,56.02301099791744
91,87.98531816155594,55.99561919537962
91,88.00998594691724,56.042608998228026
91,88.01626991692483,56.00612741244215
91,88.0151185532434,55.98697473125527
91,88.00316323669308,55.991311517831726
91,87.99273842923932,56.00885579746289
91,87.97756363820264,56.00814773720169
91,87.99917689281298,56.01754061477836
91,88.01494252530146,56.00712320087196
91,87.998088539998,55.97140451407884
91,87.99672146202703,56.024090129166
91,88.00699884924975,55.99023076354748
91,88.00945634812582,55.99117563065756
91,87.99518647130809,56.03560921574306
91,88.03854473295607,56.000380775946674
91,88.01309569662988,55.979315756033344
91,87.98625738076743,56.00012877249768
91,87.99491267136575,55.97369505565408
91,88.00750741994105,56.00681620065522
91,88.01605498999562,56.00438640049242
91,88.01161345006979,56.00432420598788
91,87.99902148223394,56.01153082896971
91,87.98828450446311,55.997241350214175
91,88.00750619792188,56.00607881277791
91,88.0015124547006,56.01998191709502
91,88.0027773031714,55.978854392109625
91,87.9780036994449,56.00040433441683
91,87.98941484886818,56.02167900235158
91,87.99037335173165,56.010355224341296
91,87.9637776333881,56.00340192964414
91,87.97987540630582,55.99001771793418
91,88.00148592097183,56.013955247679945
91,88.00012549356798,55.96750119474404
91,88.01843624586296,56.01712503083801
91,88.02659815095544,55.97420010704699
91,87.98687438867505,56.0312176760019
91,87.96735651655902,56.017878995795314
91,87.99642095824133,56.00651827670643
91,88.01464832496318,56.00037141657844
91,88.02949048284268,56.018406471866314
91,87.9658428806174,56.011941051278455
91,88.0195282313858,55.99796700213166
91,87.99659361148511,55.991318704356196
91,88.04065384765184,55.9921844278545
91,87.98099162293954,56.03397708162987
91,88.00701253898241,56.00017889898395
91,87.97759341310208,55.98666462627602
91,87.9834416071613,56.00794433010614
91,88.00631062125417,55.96203453668344
91,88.00044609774537,55.992416439054026
91,87.98929224278274,56.012254881459015
91,87.99754818456414,56.01411524367386
91,88.00997270115653,55.98559959605343
91,88.00386491366858,55.95637642303928
91,87.98874920728476,55.984508230410725
91,88.00318400689258,56.03204887238906
91,88.02106712528155,56.01841722887141
91,87.97580079488552,56.00990688928707
91,88.01326886651881,56.02776357452187
91,88.01668358506828,56.02935564349852
91,88.01907671241585,55.995136197796455
91,88.00600234146063,55.98584339387366
91,87.987488749743,55.973852386215846
91,87.98265679739772,56.01952718239691
91,87.97380556287584,56.01713699251469
91,88.03175887389547,55.98518508878273
91,88.00614578361892,56.014338639714744
91,87.99331215024682,56.01927347665465
91,87.95724529176445,55.99219091636731
91,88.00285315824003,55.964861734169205
91,87.98990263772204,56.004197041709176
91,88.03850168417937,55.99912431206558
91,88.01897281456615,55.977576323801486
91,87.98587370719646,55.990778117370965
91,87.99624152930463,55.996899825799204
91,87.9912040763094,56.01469748149314
92,87.97102789324703,55.978538364435806
92,88.00163116053344,56.006673180391324
92,87.99955685460594,56.037080429699074
92,88.0458111742936,55.98163558100316
92,87.97659632176233,55.97098690591481
92,87.97459231474392,56.02056469673633
92,88.00691476439052,55.969101546926225
92,88.03306233134685,56.012291390785784
92,87.96878341771323,56.003068572285905
92,88.03489481140494,55.9972791222803
92,88.00706551744504,56.03793102974205
92,88.03978500975448,56.02012833843255
92,88.0200410086862,56.00687825743664
92,88.03620388100572,56.004462760731826
92,88.02237526423264,55.99187499283166
92,87.97760773012043,55.9565195742381
92,88.01682228035925,55.95609194027508
92,88.01538772310354,55.97440126157853
92,87.95506440306269,55.9956138227104
92,88.03465104833808,55.98936324469941
92,87.95923484414524,56.01908020106448
92,87.99540653677101,55.9742395015081
92,87.99335873409348,55.95348294802149
92,87.96977676035777,55.97400560888776
92,87.98341420491539,56.020050293746806
92,88.01603285149918,55.99819637714569
92,88.03096824487004,55.991837483297985
92,87.97394747310625,55.968840713737315
92,88.03647026146213,55.96709689078642
92,88.00090999500007,55.995866811207215
92,88.02095232438198,56.00012741777563
92,88.01267028929442,55.987977003592015
92,88.03710735888386,55.98907860274702
92,87.97637287636044,56.028534837887825
92,87.96230547095496,56.01151411073996
92,87.95466953852679,56.01275168612689
92,87.96646335895316,56.013789565337994
92,88.03131056046735,55.98787070033509
92,88.02755372073864,56.011215420038354
92,87.9600228356131,56.00817002355097
92,88.03107898040457,56.03294832115653
92,88.00581524885855,56.02319644990229
92,87.95519394242315,55.98153257000514
92,87.95993342050627,56.0127601430131
92,87.96956571533927,55.982506198601584
92,87.99970766301286,56.0077375420564
92,87.98284539642793,55.95653618833282
92,88.04816659693734,55.996227014246934
92,88.03610093898541,55.97108621045799
92,88.04390296654346,56.003031173984034
92,88.0428103627729,56.01740656884157
92,88.0030355770308,55.99397703553698
92,88.01364764584412,55.984003927872706
92,88.01603072472038,56.00165511015516
92,87.97843957175454,56.04387277437867
92,88.01422630292527,55.96133472386231
92,88.0441453646869,55.9897958637223
92,87.99350628369716,56.014187638163904
92,88.00366734716098,55.973462693845946
92,87.97345900977604,55.98127169730992
92,87.99930378834233,55.95945218584567
92,87.9605890860062,55.98991636371853
92,88.0444096967759,56.007862715230324
92,88.01378215718083,56.0065837414992
92,87.97185639621583,55.98491923510452
92,87.98708735755795,55.982346737880825
92,87.97292584997903,55.99036212914623
92,87.97546677269949,55.99789338759511
92,87.96740438959297,55.962434721535985
92,87.98572718544338,55.99436285719282
92,88.0358483178592,56.01931492827218
92,88.0273642691544,55.96505082589311
92,88.03608531558238,55.97330518671802
92,88.03383117394107,55.97791927661875
92,87.97455791573441,56.04263788677712
92,88.009124928511,55.95793772847837
92,88.01795234376654,56.000272170525264
92,87.98639007499297,55.95993522260552
92,88.00655861175757,56.028063742108245
92,87.97857055389726,55.96001087821879
92,87.99208508577489,55.99658127525083
92,87.9868446697869,56.04383726060653
92,87.98408965703653,56.040520369759
93,88.02629987651801,55.99424935288035
93,88.00666043458742,56.0129415145561
93,88.01580332839643,56.041520914335955
93,87.99890919866853,56.00817480382418
93,88.0185304002438,56.03015966071528
93,87.95711754132634,56.00104605702544
93,88.02901759974753,56.01859142241317
93,88.00025480884243,56.04745023689162
93,87.99330952933028,56.02224557697044
93,87.97858484761069,56.010760498006675
93,88.02994439977064,55.99856861885132
93,88.01719113485494,55.98167190186051
93,88.0086691620154,56.028504118883944
93,88.03810789660683,56.02435751196965
93,88.02950887501603,56.00255820314739
93,88.02665466673722,56.03016030482789
93,87.9929957535928,55.96962233646622
93,87.98797527176653,55.96613004500153
93,88.00743346517,56.02834288667135
93,88.01281723516749,55.98161521044193
93,87.98182146665854,55.96395718057228
93,87.98844141289568,56.02582994678183
93,87.97613189728331,56.0066293404722
93,87.97967451788975,56.013600446970976
93,87.97523595034941,56.0182294829917
93,87.99655098677634,55.9828989490948
93,87.98644841336451,56.008852865029965
93,88.01949218070938,55.958587394931676
93,87.9811952069744,56.009141869129216
93,88.02925545488517,56.009110866857924
93,88.01799181164681,56.03412457276406
93,87.95297657335321,55.985486835188766
93,88.01916071475571,55.99792662716846
93,87.96487279350053,56.01979575760306
93,87.95914284132266,55.97727813156549
93,88.04514150805652,55.982625774309625
93,87.98863285146996,56.04600928501716
93,88.03981996475446,55.970454886078386
93,88.00630912285064,55.95535431197095
93,88.01870554384102,55.966474758380386
93,87.97773416505078,55.96843280527833
93,87.9675188078619,55.97808980057905
93,88.01230859025105,55.999101707355315
93,87.95993685568266,56.01910680325909
93,87.99549814680462,56.04424465879835
93,87.99139662508166,56.00179585452967
93,87.98401185486799,55.999958374207836
93,87.97335567955098,56.024199941543095
93,87.98699029692536,55.9967894860077
93,87.96954709352846,56.002770129983
93,88.0299172088136,56.023976545438366
93,87.96805399107194,55.983499420137825
93,87.96830947523037,56.00007312087575
93,87.98486842157831,55.98896196071165
93,88.04911307416891,55.99445824988992
93,88.01469421880371,55.979379699930625
93,88.03074113202064,55.974828021323496
93,87.9965371508273,55.97172985740279
93,87.99076523741532,56.011619466000354
93,88.03621785890091,56.02242357334612
93,87.9967925578006,56.01955141586887
93,87.98557152406768,55.992162495875355
93,87.9722279830613,56.001214449731414
94,88.00211917349313,55.96673482886016
94,88.02286464311695,55.96265917699649
94,88.04441571002403,55.98913023244188
94,88.01278057406455,55.989856715692056
94,88.00355249331577,56.01533198137134
94,87.97701891547472,55.99770834820897
94,88.02662058264431,55.97364291375489
94,87.97900110778724,56.02061112514399
94,88.02167855073016,56.04166133111343
94,87.95984331492643,55.98836222611703
94,87.99506415731048,55.97688132556867
94,87.96068893919937,55.99234070416922
94,87.97844552182187,56.02421366073387
94,87.99766685910127,55.985394680077526
94,87.96575878875542,55.98608215784396
94,88.02713459092082,56.00988052126965
94,88.02669216979521,55.9968094226337
94,88.013324626752,55.97493224705667
94,88.02551931619787,56.03820775949079
94,87.97800932898528,56.04473849220628
94,87.97784516649129,55.97232365042707
94,88.00785462864629,55.9928942652504
94,87.965932161545,55.991022610597525
94,88.03509916578112,55.97290278958941
94,87.98137287196458,56.00066105135908
94,87.97670972977262,55.95895631676567
94,87.98861053740036,55.98421662019661
94,88.0045047007326,55.991050237208555
94,88.04566661394442,55.981498403710496
94,88.00186045141179,56.02680409881147
94,87.9801431303251,55.99711096315142
94,87.97164114652973,55.97086430174122
94,87.99744617424506,56.01196043587352
94,88.00800021504162,56.0371460531997
94,88.04458737569033,56.00560391173573
94,87.9675887987152,55.98818296972791
94,87.95868390094705,56.02495799528768
94,88.02058739524284,55.9876975807854
94,87.9855846579792,56.026292168293544
94,88.03469095202679,55.99178489299898
94,88.0194507778611,56.01071659616436
94,87.99239294102983,55.98484357748109
94,88.00278856265491,55.987195959470114
94,87.9523139555515,56.00742845994792
94,88.02905689878038,55.992510543504984
94,88.02038003467968,55.97358047298312
94,88.01397204067695,55.981135965183185
94,87.9786485187452,55.996078302903264
94,88.02756750352114,55.99860873425905
94,88.01101692833019,55.999956295866355
94,87.98374030446242,56.04293572117735
94,87.97243918852435,56.0137515565085
94,87.96423468388396,56.009662716046336
94,87.99454958877114,56.01672020918978
94,88.04485500678827,55.982882873280175
94,87.99903698542596,55.97697640079354
94,87.98831531884639,56.0147301425369
94,88.03182227442615,56.03576611289665
94,87.98863285146996,56.04600928501716
94,88.01290736857148,55.991587215022676
94,87.98288929610935,56.04350787451445
94,87.95475857091736,55.986628832805735
94,87.96921795354852,56.01440349761535
94,88.00682032625025,56.012134624530304
94,88.02085156789019,56.005988772238084
94,88.01151648994335,56.02050293537597
94,88.02733707375405,56.01337951283808
94,88.01329299302658,55.97898127386024
94,88.01867139155009,56.02613204526299
94,87.99598571228479,55.96175184893479
94,88.0293747689683,55.979537428021125
94,88.03967821341594,55.99582739004698
94,87.98677282532296,56.01220964812576
94,87.98998912174392,56.01356106946009
94,88.04503399452999,56.01635985791576
94,88.03837993154163,55.97355072192892
94,87.98665316065174,55.99683898537869
94,87.98271124555754,55.97602844196233
94,87.96019703630672,56.00039187249039
94,88.00518055620789,55.99092153094291
94,87.99897823779185,55.99588793603683
94,88.00195907267275,56.00912979117888
94,87.98200138725392,55.98710851161144
94,87.97044301220224,56.00611818461767
94,88.02563592367939,56.01384739852261
94,88.02725753572336,55.96908129179965
94,87.99066610969926,55.96505343515068
94,87.98744113129321,55.97699231583901
94,88.01258180167109,55.98234368716215
94,87.97482645006157,55.96847661070792
94,88.0215135389507,56.03417677737039
94,87.9966666725071,56.02066222255386
94,87.9932496648924,56.01523401752315
94,87.99640816699169,55.96197809955239
94,87.9993176172938,55.98202885269395
94,87.98938129484392,56.0244434516553
94,87.9637776333881,56.00340192964414
94,88.02278401643922,56.02875397120972
94,88.01550871135089,55.98819026855443
94,87.97528144884949,56.0174644773326
94,88.03103864337655,55.98111751121677
94,88.02920165961861,56.036447707206726
94,87.9701347146662,56.002427488156165
95,87.99434219828777,56.015959226394806
95,87.95330817088919,56.008213507238914
95,87.9519355483068,55.99631554453121
95,88.02591756447629,55.97622174961096
95,88.00381217556097,56.00298275862717
95,88.0194672079513,56.01580080143445
95,88.00229632036408,56.046256257307114
95,88.00544844943805,55.97559982375432
95,88.03373265664814,55.96693909973858
95,88.0094854111647,55.98756735661018
95,87.97480285878075,55.99185712237914
95,87.99373356609038,56.00309901458127
95,88.00963931845561,55.96978084184008
95,88.00215935456268,56.029078345586655
95,88.02572800220821,56.01578144449689
95,88.00426611089259,55.969156516684535
95,87.99579795362658,56.00543451959753
95,87.9871004098729,55.95649119459634
95,88.01911020587644,55.996447763486024
95,88.0260506892199,56.026405925166216
95,88.03987750133426,56.013439465869254
95,87.98444859001968,55.97361385957303
95,87.97353570104244,55.971469827378215
95,88.03888426436946,55.97353319230723
95,88.03297835249198,55.96423835862904
95,87.96459040180326,56.01635558061786
95,88.01398762683796,56.029278090933914
95,87.99297866114028,55.98108358737735
95,87.96971874989453,56.03023552191214
95,88.03454555200553,55.98859808536488
95,87.9607478866735,56.006019495395016
95,88.03707589485123,55.97903805370013
95,87.97728069853711,55.991064661817475
95,87.98422598168183,56.018382952199296
95,88.03655380083768,56.0281451184365
95,87.98489970793266,56.02911034946163
95,88.00832773174933,55.96859387010713
95,87.97327234529007,55.963446904131764
95,87.99671716108921,56.00381533367523
95,88.0140707119152,56.03591443126788
95,87.98657988323905,55.97781229352149
95,87.9906297111231,55.996394383740444
95,87.96601317202168,55.98217013493588
95,87.96226730206362,56.00065432331852
95,88.04414668620882,55.979673919592656
95,87.97670555410104,56.01235949993333
95,88.01797758092845,55.989824005074794
95,87.9987084881753,55.96748832434096
95,88.0283373554846,56.03158940771009
95,87.99042108482354,56.02123764718371
95,88.01603744218048,56.042037014870516
95,88.00257955045845,56.004662195210024
95,88.01190427094929,55.968277893259625
95,87.99995884894416,55.97729195471544
95,87.97516905939631,56.014284394640704
95,88.00487148907044,56.01171503302639
95,87.99882538833535,56.02684534346122
95,87.99947566654674,56.04244895373161
95,88.00009372729895,55.99026411007051
95,88.00181896607235,55.99566951901922
95,87.95533521309426,56.00099153510947
95,87.9688714410688,56.00405020533956
95,87.97162939156004,56.01707336213934
95,87.97335242472934,55.98875802943652
95,87.96405358686138,55.97074116489584
95,87.99536421798969,55.97641336043261
95,87.96745203755277,56.036096283130995
95,87.98559928660407,56.02578745027168
95,88.04094683623644,56.014072378562936
95,88.00687975862307,56.01291313224272
95,87.9925692875508,55.97902504633375
95,88.0401768194032,56.02825176265871
96,87.99243485985343,56.02720265665686
96,88.04614744065816,55.98792664831302
96,88.01829353438269,55.983297846952006
96,87.99498538531618,56.0447792391167
96,87.95332416937362,56.01391686071177
96,87.97171337620536,55.99642060338329
97,88.00306642964402,56.03342312203852
97,87.98456751678535,56.009402827332316
97,88.02039013225534,56.00906074491764
97,87.98458401619217,55.968833592977845
97,88.01609595338836,56.0123459739787
97,87.98029034427253,56.01822244937191
97,88.00388826000548,55.98712472999457
97,87.98656062800713,55.97438644218222
97,88.00532891339874,56.01529548365562
97,88.04088262923746,55.98687059940152
97,88.00611299985955,55.953383184324295
97,87.95548018160927,56.01852734910051
97,88.03001922935333,56.01253299734061
97,87.99769590815153,56.03041892767657
97,88.02509799872585,55.969483677450974
97,87.97169904121333,55.989263414172214
97,87.99038528106954,56.01025476968743
97,88.01699222827789,56.000141360808065
97,88.0366054024243,55.98312082458593
97,88.01004262329624,55.99235282234754
97,88.00920200337771,55.96227416182753
97,87.97487634083974,55.95871955955001
97,87.95994519950138,55.97194994482503
97,88.03010791718448,56.016475697522374
97,88.02377637809634,55.95947153544834
97,87.99338909652451,55.97300602218403
97,88.00348944519446,55.99518725327189
97,87.9921394149336,56.03345339467927
97,88.00901878238444,55.99387762532612
97,87.99541585143177,55.97655678002529
97,88.00322480168337,56.04302373773997
97,87.97097242820897,56.02236438586966
97,88.02434334159244,55.97152842711721
97,88.01428271407302,56.0082316898009
97,87.99782319493295,56.0392419288937
97,88.01649796130823,56.00254199705901
97,87.99542253639387,55.979636904913505
97,87.97317001378089,55.970413785362204
97,87.9842741168751,55.96761111807763
97,88.01044177631181,56.00109133874147
97,88.00133821742193,56.036150083284305
97,88.00122259122784,55.962727443912776
97,88.0150426575884,55.98108693390154
97,87.99710735006641,56.04499331933478
97,88.00699879899744,56.00819705327541
97,87.95503821051086,56.009404659942376
97,87.99258375474044,55.987941828184645
97,88.00465229183497,55.968582204702905
97,88.03938819554013,56.01090753678605
97,87.97274991019333,55.959099789348336
97,87.99290805412825,56.0274784949841
97,87.994857683149,55.98159323047971
97,87.98261367963444,56.0163398302526
97,87.96115621892771,55.97263028084839
97,87.99237788342934,56.006826616544025
97,88.03480849448589,56.01339621719194
97,88.01428275263933,56.041455862753445
97,87.97999366974844,55.999880611834605
97,87.99186140235781,56.00498954837946
97,87.96542824089059,56.02216824073182
97,88.01118214435637,56.024439523483466
97,87.98495943112461,55.967434506028916
97,88.02853386622058,56.01393114250275
97,88.00382543687545,56.00222947019797
97,87.98266011308553,56.0265389847915
97,87.99684957231598,55.9651144483566
97,87.97627397811277,55.96059227331891
97,88.01170862016761,55.99656312674677
97,87.99507515011034,55.99942201351907
97,87.9646837980985,55.98266117212827
97,88.03067556710725,55.97346610541157
97,87.99524052404745,56.041649367179
97,87.99906033793249,55.98450947205652
97,88.00064707071522,55.982383825059806
97,88.01500688053352,56.04731488006301
97,87.96339583486906,55.98937069680944
97,88.01229437343282,55.987879847775844
97,87.99875607554037,56.03244027936015
97,87.9770665487351,56.02716351777703
97,88.03062358608732,55.963864887539145
97,88.01047193866714,56.03057943868474
97,87.95962248272576,55.970565282438926
97,88.04354840202046,55.995178013214215
97,87.96460044460831,56.03438178283976
97,87.97707167434378,56.01162512634221
97,87.98569056758008,56.04216722272049
97,87.97597664762449,56.00026831304365
98,87.96168417876038,56.01738644681462
98,87.9907276232992,55.9727096741817
98,88.01580444947815,55.96848959337787
98,87.97746965957636,55.996693596576335
98,88.03100665738779,55.974818431508844
98,87.99617723481354,55.98434520486784
98,88.04108019318284,55.9863589495751
98,88.02666098008011,56.04030246288965
98,87.98986330344344,56.00985656577523
98,88.04541128851942,55.98942275366463
98,87.96366358912526,56.00900766146411
98,88.00034803026821,56.00860889952485
98,88.00997135830376,55.977804783198614
98,87.97513958073138,56.039691693692944
98,87.98956236435576,55.99104655365303
98,88.03724836337136,55.994427214309255
98,87.99994356828326,55.976128269230045
98,87.97702360554892,56.00218067196332
98,88.00364738586876,55.9786231594535
98,88.02749400591517,55.98175864657753
98,87.97605272133248,56.010394702664094
98,88.03526796578245,55.96960603126363
98,88.00454746967901,55.97975954685329
98,87.97647831949573,56.001517347194785
98,88.02062228168703,55.987311846848776
98,87.9716177915098,56.033847527487566
98,87.95717388370022,55.985565000671784
98,88.00547873905415,56.025148518995785
98,87.99152403756348,55.96193779725786
98,87.9565113408777,56.00218306097275
98,87.98875658244228,56.04346867755337
98,87.98699445610833,55.971026204269116
98,88.01923962787073,56.04143610825175
98,88.01019990120983,56.02431741073275
98,88.0104879520151,55.98759965461134
98,88.02314849286729,55.96285188730784
98,87.96581458660704,56.02026606391055
98,88.01303476653993,56.02162758504407
98,88.0204443549141,56.02288714467019
98,87.99798467893041,56.021337710590075
98,87.9833704443548,55.9882820903217
98,88.01795616240551,56.007523321254986
98,87.97824911380286,56.01630295262557
98,88.0378250329632,56.027029435365456
98,88.03503360010939,56.00303055284478
98,87.99076523741532,56.011619466000354
98,87.99393370822601,55.98313366502466
98,87.98223811512783,55.98684712699246
98,87.9710667005878,55.994333855040914
98,87.9649202754179,55.965826942349054
98,87.98666888238924,55.954316379735545
98,88.04011836475296,56.02541157304629
98,88.01803943966388,55.970305211557225
98,88.03199226867785,56.01570639671476
98,88.00301824750252,56.020348756569135
98,88.00309218848408,56.024508230006276
98,87.97093528852382,56.01244746016808
99,87.9832794909282,56.03361354197875
99,87.97678284704908,55.96026342085396
99,87.98340321154946,56.01470464110405
99,87.98141222715662,55.98816082980647
99,87.99644258707755,56.0003649388487
99,87.97853102755039,56.01793577501022
99,87.98842387257658,56.037352178646955
99,87.98915632286707,56.04560447072985
99,88.01843381319495,56.01296076414538
99,88.0280604205703,56.019713868441144
99,88.01131149121066,56.02449251344384
99,88.01757988888717,55.99929698155178
99,88.04491085870974,55.99159053090813
99,87.99627463376439,55.98570394270515
99,87.99411895149848,55.99070357521501
99,88.0262223526387,55.97556586831101
99,88.01929488220472,55.96921051081063
99,88.02794089496788,55.99678464986675
99,87.98229507320418,56.01814336860396
99,87.98879591997772,55.9737450957267
99,87.98857193683708,55.98101066413911
99,88.02663172384696,55.95846336177407
99,87.97575861952184,56.01151629686721
99,88.02348330032795,56.014643804809495
99,88.0269341426204,56.00877570509836
99,88.02833123195998,56.01860332183232
99,87.98632791126083,56.04518570365802
99,87.95785783896906,56.01807236429682
99,87.97612016833625,55.95669624827195
99,88.02314204850437,56.03838627791521
99,87.98245683960818,56.01279334312923
99,87.97587431465912,56.02141862801366
99,87.97172285331276,56.03624386827597
99,87.96294599162148,55.998688338643205
99,88.02327223546764,56.02384885000736
99,87.95308530036655,56.013236394851084
99,88.00661109115623,55.9894015802116
99,88.02358474251591,56.04148102276444
99,88.02342135085135,55.99099957560681
99,88.02331016677832,56.0279585804331
99,87.98401347883608,55.98905899499409
99,87.97752829285665,55.978076920208025
99,88.00270536721546,55.971750569388234
99,87.98717716396204,56.02195620324158
99,87.9828022642489,56.02636945271094
99,88.03411061445647,55.99977047430798
99,87.98218186411748,56.04027031623579
99,87.97408032481512,56.017462672115165
99,87.982963563685,55.97812665984671
99,88.02803411819104,55.97883160550685
99,87.99936419789529,55.98621087792924
99,87.97683243783678,56.009194172875766
99,87.97839428708319,55.9925731515593
99,87.98428878321155,55.99575656033276
99,88.01429120348871,55.974111259196455
99,87.99811671306671,55.99012649156808
99,88.01291358335341,55.972033185664664
99,88.02192590465413,56.04060420367523
99,88.02317618536334,55.9986038465628
99,87.95569216300034,55.994308654733985
99,88.04327089382389,56.01444175068896
99,88.01340398099111,55.98840916980923
99,88.00150069394913,56.02893399403797
99,87.99697271206196,55.96837585064466
99,87.97765377588975,56.00761190886422
99,87.96505964504108,55.99547823564651
99,88.00836665249403,56.02180820429929
99,87.9995555929501,56.023912127251705
99,87.97741911577221,55.982368466102926
99,87.96801125637903,56.02238726019841
99,88.04351477826506,56.00069964666136
99,88.01966670226244,56.033776458651815
99,87.97960783636836,55.975549783508
99,87.96516141347098,56.01214425467993
99,88.03722180991963,55.97888086184638
99,87.9920183370851,55.97760728602219
99,88.03858335309117,56.02142050261496
99,87.99390337294003,56.007652303838206
99,87.988714187877,56.02542784985938
99,87.98263868325795,55.9658902326142
99,87.99538338157095,56.00956241601323
99,88.01368688177186,56.01289617288397
99,87.9909587245643,55.98961891169549
99,88.01781691744323,55.9899923007919
100,88.00188136467676,55.9853578471568
100,87.9565620850461,56.01800999784024
100,87.99159093655821,55.96158902028316
100,88.00676301805849,56.04202412864586
100,88.02148353166417,55.95776807098591
100,87.98279499309821,56.01148002558204
100,88.00022485204077,55.97206746712011
100,87.9916035908217,55.98129594251551
100,87.98015269064197,55.985860852794765
100,87.97346158700095,55.97602717002168
100,87.9817620339386,55.98380287724233
100,87.98015451876608,55.97057909253974
100,87.97788848611465,55.98070318450327
100,87.99445457960226,55.998865499465474
100,88.0200513353097,56.009983048784235
100,88.0292720136615,56.00238525650309
100,87.99041770096335,55.977099138653294
100,88.00139430440323,56.005498785751016
100,87.99039557236257,56.0105729325927
100,88.00182594057813,55.9796616622655
100,87.97388238822376,56.02261053774655
100,88.01183650302731,55.99682153844257
100,87.95508744114026,55.987794716100524
100,88.0160363443638,55.9985340199553
100,88.04407491243333,55.994542270455575
100,87.9730614574872,55.96436487901903
100,88.0021486674731,55.95560804815382
100,87.96341825900792,55.98125259816693
100,87.99095415281971,55.953037164078076
100,88.02048038914356,55.995251294777326
100,88.00385050088458,56.0117935554546
100,87.962533748502,56.01989195358971
100,87.9661852462702,56.01787733958802
100,87.99955138087778,55.98050964567696
100,87.96733981661714,56.01277783854153
100,88.04347024678357,55.996857620673744
100,88.0290364423821,56.03802184293706
100,87.97375894260512,56.01886108670382
100,88.02031047010419,55.98419153042593
100,88.03418773313214,55.96747700688235
100,87.9968624383849,56.02970014674071
100,87.96753480158517,55.96466778251534
100,87.99624467277623,55.9906504115083
100,88.03488191907837,55.96866527046225
100,88.00873747399092,55.99524101813494
100,88.00789405067017,55.95664931987488
100,87.97057368758406,56.01921310128911
100,87.98513816327629,55.983831414267776
100,87.9830429767293,56.032062406465286
100,87.98539023031711,56.04621120864891
100,88.03630719922138,55.99183195048578
100,87.98823475732796,56.020499559822696
100,88.03720559125904,56.01186023741374
100,87.99608006838011,56.0213601219814
100,87.98991613485536,55.96120397996331
100,88.04672614081225,56.01393989340278
100,87.98167687010667,56.037668433239524
100,88.03356482165412,56.00472809920039
100,88.00586154035125,56.02327953292729
100,88.00126226122777,56.03101525843501
100,87.9910496704151,56.03431171391606
100,87.99891038431963,55.96002509850375
100,87.99018059054198,55.988533946163145
100,88.02631783679539,56.019709641410685
100,87.97505746825261,55.96484730495929
100,87.98582796127975,56.02749237705105
100,87.96726978476228,56.03556970797999
100,88.03866317771744,55.99853037204913
100,87.98964801862921,56.02855483170631
100,87.97794388830013,55.973029374345316
100,88.00733339461897,55.95691030218815
100,88.00803854955488,56.040795370239785
100,87.95887533385837,56.01839491354742
100,87.9605583278663,56.00303670664272
100,87.97215059429287,55.99824300339114
100,88.00395493461865,55.97981998592967
100,87.99106070996008,55.976644848180264
100,88.04031568850978,56.01300129812493
100,87.97770333178106,56.001985628398565
100,88.00650542202202,55.97184302520913
100,88.00134790353027,56.02200096132362
100,88.01563699065967,55.98502821682332
100,88.02529201322568,55.99847909451687
100,87.96596757232881,56.01800307322265
100,87.95394783640931,55.98198011821408
100,88.02309166560268,56.01952150312139
100,87.99444019962455,56.019327624051364
100,88.01147583709546,55.96113845236283
100,88.00676301805849,56.04202412864586
100,87.97481284537912,56.006625249345426
100,87.96865500356868,55.98008960745861
100,87.99542203576254,56.04942715392515
100,88.00990279618055,56.02263749579061
100,88.0118002589226,56.027178715841494
100,88.00919668537227,56.007880353506536
100,87.97994974029453,56.03828710284458
100,87.98390673316533,56.001893133082696
101,87.9824454594518,56.02903154171403
101,87.99885512806499,55.96638166810263
101,88.0098766093886,55.98998899865187
101,88.02292594733721,55.963581885062595
101,88.02426828933586,55.99324112183613
101,87.9849281652141,55.95719972322559
101,88.0187882481496,55.96694416910015
101,88.01369159755873,55.9773962875339
101,88.00883347675459,56.02364770338085
101,88.01022346543685,55.99330904196799
101,88.04149360746193,56.02432776997992
101,88.02524480548354,55.965919122250945
101,87.98793417861906,55.994645721671105
101,88.00509802200743,55.99574623001727
101,87.99640593200577,55.95700586961645
101,88.01435120836979,56.02104599414379
101,87.98583024402481,55.968353987239524
101,88.00954929503224,55.99296878866722
101,88.03006771234784,56.02743079040794
101,88.01083897845753,55.98214852493622
101,88.0440902910579,55.991831579339106
101,88.00840526604559,55.97664147593831
101,87.99745497024499,56.02590779673881
101,87.99581244044215,55.97554919450764
101,88.01659674692323,56.00524145249683
101,88.03218347830673,56.005671256042326
101,88.0181856221622,56.045119108496934
101,88.01707963825791,55.992794607273446
101,88.04154749945948,56.01781179414752
101,88.00900606189033,56.01451430567996
101,87.98077051565512,56.02009374334343
101,87.97294520608682,55.97722592079464
101,87.98203295829299,55.95863556785349
101,87.9824021044247,56.003119511263804
101,87.96451384998792,56.00108970971506
101,87.97642478632139,56.0386721013863
101,88.02899372338871,56.02689997499101
101,88.03204359756889,56.00954509178859
101,88.0334621030043,55.99572067767089
101,88.02508167939254,55.97135430021685
101,87.99479543020807,56.008441379205344
101,88.04387526366791,56.01525083186782
101,87.97450876614255,56.001528679485645
101,87.99601778087876,56.02302951623354
101,87.95952444890563,55.995468826225434
101,88.02367457979538,55.99844798900207
101,88.03942325667671,56.00889298929529
101,87.99814968637799,55.965470177312625
101,88.02676646789499,56.040406013984764
101,88.01008716032341,56.042649481384345
101,88.00375147986477,55.98390920916095
101,88.00502373290901,55.998809068820144
101,87.9663299731433,56.0000482196245
101,87.96284522225882,56.02284728312348
101,87.98786870448855,56.047550639896436
101,88.04469595680986,56.00350925090352
101,87.99509977869391,55.99794498677511
101,87.97921458282543,56.038899806567045
101,87.96419427670452,56.022377107881994
101,87.99995884894416,55.97729195471544
101,88.04597859448785,56.00363693851544
101,88.00094150657239,56.03376033720667
101,88.01032426480738,56.04453529550594
101,87.97487634083974,55.95871955955001
101,87.97142834738567,56.01870960180044
101,87.97534319137209,55.9858090890156
101,88.03367190473958,55.99157908031061
101,88.00396850940596,56.025303863313816
101,87.98654876909683,55.99875975683714
101,88.01827797064507,56.01062138127542
101,87.9755376715539,55.973563059975646
101,87.97548897661424,56.01562848214759
101,87.99730627655873,56.01372384622413
101,88.01830638045222,55.996550749274846
101,87.99954783036792,56.04941151973355
101,87.96920383050333,56.0385960245686
101,88.02243599762606,55.97587929087661
101,87.95667175278264,55.996056166946445
101,88.01837495306165,56.010756549523606
101,87.99166939870067,56.04185815053531
101,88.0194672079513,56.01580080143445
101,88.04354080633884,55.980609643073706
101,88.02420456570856,55.9608784819077
101,88.03943514838686,55.97060026371119
101,87.99159793293278,55.995827988199984
101,87.99294130518106,56.04262328926852
101,87.98871658634219,56.02896454875208
101,88.0046760139576,55.95695305888119
101,88.0098624317453,55.98250734214742
101,88.0311021972771,55.96754544964289
101,88.0155784142974,55.974904374989045
101,87.95443576575607,56.00599311436021
101,87.98787261522145,56.00147805389222
101,87.96110759484178,55.98095036756942
101,88.03260834675588,56.003718995063956
101,87.96903770311926,55.96738161637409
101,87.96751994523137,56.02032427102819
101,87.95548783972215,55.97728403174918
101,87.99142415904913,56.01829694361701
101,88.03042953077873,56.02593315167729
101,88.03691177501953,56.01487839657799
101,87.95872489230709,56.015810369682576
101,87.98923599951372,56.032772272826065
101,87.9890844949069,55.96677738895161
101,87.97357708509033,55.95870825431168
101,88.00971392185154,56.040313148160195
101,88.04726695644833,55.99725477547158
102,87.955757669414,56.00201556079179
102,87.96540718490665,56.033984037574385
102,88.02223849547144,55.98536410197612
102,88.02550941896975,56.002823258642465
102,87.98223748067248,56.035764059073784
102,88.04687174213628,55.98819584694777
102,87.98416311290418,55.95712461370923
102,88.0063794489417,56.03279508963148
102,87.96219308917767,55.98413158644277
102,88.04228887652941,56.01779742619064
102,88.03948809725455,56.02237062955594
102,87.98510839666561,55.98673446907329
103,88.00674362870014,56.030923931857586
103,88.01282756170505,56.00773542473843
103,88.02471861582057,56.021328462305775
103,88.02827133299334,56.035606595459846
103,87.97967451788975,56.013600446970976
103,88.00991489889962,56.01875680563277
103,88.03143140524007,56.01382920556922
103,88.03952445933344,56.004874975362874
103,87.96948637422385,56.02534751305592
103,87.99085151742408,55.977061319600445
103,88.01695604171107,56.02740381741728
103,87.98975027548103,55.99970679040181
103,88.00034803026821,56.00860889952485
103,88.02107400726133,55.99278931057411
103,88.01428271407302,56.0082316898009
103,88.00278297467025,56.02244193726145
103,88.01633827385793,56.02044432355118
103,87.96762582393629,55.97547569936887
103,87.97889027347952,56.0440301873942
103,88.00540783918336,56.02025579803871
103,87.98841574520442,56.01513765474591
103,87.99623949920979,56.01782688003824
103,88.00305846331588,56.030417029914744
103,88.02334502336845,55.96856957404364
103,88.01486656201165,55.964751425399044
103,88.00726621185824,56.016706352339384
103,87.96969032129829,56.033416948065934
103,87.96875132879767,55.98016042378481
103,87.97352328679334,55.995172560470095
103,88.01859088827453,55.96605446069057
103,87.99386171701681,56.0185725083982
103,88.00738461434776,56.00799842520458
103,87.96116825619389,56.013592133417426
103,87.95410534468982,55.99796323186681
103,88.02477348550245,55.970194454247604
103,87.9771626869671,55.9763364475497
103,87.96503586584792,56.01050277686769
103,87.97956706221035,56.03769601643789
103,88.01589816245595,55.974290510131766
103,88.00502373290901,55.998809068820144
103,88.01049469836383,56.01111982096508
103,88.02044815213846,56.03373613515067
103,87.98007484997838,56.03384080368309
103,88.01649796130823,56.00254199705901
103,88.0144333340835,56.02664962990714
103,87.98966035494708,55.98635742916412
103,87.97512309690143,55.99768797594044
103,88.00945510090024,55.980610813262295
103,88.03674854636104,56.02633471461359
103,87.97271337981647,56.03187179051075
103,87.98791360511156,55.95315522438753
103,88.00772924719595,55.98127603491221
103,88.00954739376785,55.97625039121819
103,88.03848640655418,56.01629806678404
103,88.00242455973637,56.00217879365972
103,87.98352907632983,56.00996512442622
103,87.98347409692138,56.0095126526207
103,87.98169062965192,56.00520850348244
103,88.03673801527113,56.01431061466908
104,88.01873160523662,56.01859139713568
104,88.01861050384844,56.039459692397166
104,87.9839662303885,55.97091541339681
104,88.03961144051499,55.99875542088494
104,88.02480018549663,55.96657719720258
104,88.0204368579661,56.01077817196925
104,88.00956529368871,55.98245018337443
104,87.96173332234571,56.00319305696879
104,87.98085725591564,56.01398215223463
104,87.96165466640521,55.99804438658577
104,88.01695400206667,56.009939686419855
104,88.0061396376714,55.95527484700576
104,87.98538737972751,55.9832284751441
104,88.01422630292527,55.96133472386231
104,88.0204443549141,56.02288714467019
104,88.01751181227074,56.01714586252531
104,88.003448496162,55.99869513148986
104,88.02414578129523,55.96212335512285
105,87.97437814184654,55.96238403711591
105,88.0410124787093,56.00922585650386
105,88.00643142520306,55.97724574435897
105,87.98887385481297,55.99115024277843
105,87.97609573419119,56.02131853409151
105,88.03486185037141,56.01079294089315
105,88.02520166157754,56.042619956613095
105,88.02037741628776,55.972806195177384
105,88.01104456911094,55.96036659396398
105,88.01109824410342,56.021738662434835
105,88.02726996369353,56.00353862388269
105,88.040004372985,56.01685411531258
105,87.9670963928966,55.96299882725095
105,88.0243953348325,55.96326913675691
105,87.95854381717565,55.996055973076025
105,88.0072554026175,56.004899755750586
105,87.95104093011031,56.00589565374407
105,87.95318683937708,56.0141072475271
106,87.9797441226162,55.979845675265466
106,87.97625112450103,55.995393003161546
106,88.0377777886521,55.98691116130638
106,88.03118622173844,56.00301914783625
106,87.95310185959107,55.99858200052298
106,88.01050457927721,55.98746041475602
106,88.03381027491382,55.972163512067546
106,87.99479543020807,56.008441379205344
106,87.96131753359998,56.01307254696346
106,87.96915182029038,56.00827079597356
106,87.99955138087778,55.98050964567696
106,88.01617164787685,55.963975896893956
106,87.97150026832367,55.960132802175075
106,87.96194291198653,55.97307952339959
106,87.97804025348651,56.01705771955975
106,88.02099069193285,55.967936218086415
106,87.9980855878976,55.96424373152923
106,87.97417323556482,56.03435577268069
106,88.03948809725455,56.02237062955594
106,87.9854722021919,56.014099228199065
106,87.96441208116558,56.03498629124866
106,87.96422905406114,55.971773856849886
106,88.01249183923767,55.97355603744861
106,87.96161548182783,56.02905807568758
106,87.9605890860062,55.98991636371853
106,87.99783647445862,55.97428839714195
106,87.99820150612003,56.04164593071555
106,87.9891962725802,55.97824859382658
106,88.00127625356727,56.01049382943955
106,87.9644644537912,55.98516668770586
106,88.01508149546636,56.018243525464094
106,88.0261240910724,55.984338558774766
106,87.98626213224871,56.01069084191147
106,88.0085717972813,55.97567174059559
106,88.00711908180418,55.99312217204292
106,88.00318571112874,56.02038746555852
106,87.953724435032,55.98116899499265
106,87.98671050727243,55.99560686866923
106,87.95150619539332,55.99487269797348
106,87.979719367156,55.969463947987
106,88.01195140405538,55.99100851900689
106,87.9604974956124,56.006836447956466
106,88.03508714567738,55.978586670753444
106,88.01602145729294,56.030523520438756
106,87.99651743473638,56.0464653032132
106,87.9858181933783,56.0052475296894
106,87.9775281642352,55.96786490247122
106,87.97484593800912,56.017476758030845
106,87.99529707662076,56.02151015817467
106,87.95549593630858,56.0115865299089
106,88.01927932427083,56.039441129544706
106,88.00378031607872,55.98268342779268
106,88.03476460884978,55.98925529592166
106,88.00655044357542,55.96895091333641
106,87.9763530230691,55.977797357715296
106,88.00374010768779,56.037942417538986
106,88.04317014882322,56.02001196269927
106,87.99070618956996,56.02655623251891
106,87.97823987042185,55.97407542677899
106,87.98523556982165,56.013138920714454
106,87.97868079678575,56.010296361264984
106,88.00026937822469,55.980969811515806
106,87.9685393067253,55.9938828600782
106,88.01090415496701,55.95552380991549
106,87.96236642553473,56.02639984996099
106,88.01338289675917,56.01504385870287
106,87.97161985325035,56.02723022807036
106,88.00283558033844,56.00821443795868
106,88.00561861072187,55.95446162772939
106,87.97598025190973,55.9611385580119
106,88.04574349581797,55.98836226038439
106,87.98153092821869,55.9681188491454
106,88.01256909791216,55.99560446613207
106,88.03530218847213,55.985948353017605
106,87.97740501379299,55.99327784659891
106,87.97094795502909,56.028085151471096
106,88.01892973468507,55.961391481648775
106,88.00977520689628,55.961136245872474
106,87.95892335332985,56.00359288728874
106,88.01114124138583,55.96081940690481
106,87.96819451888496,56.03790059142634
106,87.95975816626714,56.00041276866705
106,88.03540043770042,55.98221554730017
106,87.96289835357801,55.96729373348845
106,87.97090848507713,55.965709984382556
106,88.02314441713105,55.996816665653995
106,88.01639561012801,56.03081849165378
106,87.99723126513844,56.03593427018831
106,87.99039531355605,56.015107743533775
106,88.04806425237547,56.00840784783548
106,87.98579737546189,55.99722059229068
107,87.96722918373477,55.97511130235081
107,87.99440728512577,56.013041849279155
107,88.00966740652736,55.989094345242535
107,87.96998736699072,56.00579192733365
107,88.00152640729789,56.00767855229105
107,88.01621149829705,55.96298898890468
107,87.98677282532296,56.01220964812576
107,87.95334412478407,55.99680799865005
107,87.96329293808996,56.01682018313114
107,88.02353345939272,56.00179671301505
107,87.98336199309618,55.95876258060047
107,87.97339163636978,56.02652820021331
107,87.98188590823455,56.03632672691298
107,88.01532965857635,55.9886263159391
107,87.96193198854105,56.02108307671712
107,87.96624241252101,55.98121824453701
108,88.01399641506131,56.00832724669242
108,88.04111332526749,55.98732728713859
108,88.02464443007057,56.04346035832922
108,87.9539083599941,55.990838986408505
108,88.02572866525124,56.022420292393335
108,87.97682370289444,56.024053017266304
108,87.97315685012396,56.01085438458602
108,87.99206999017963,56.04615368810744
108,88.00218051479779,56.015387027339834
108,88.00421811948564,56.002497356230975
108,88.0244985700146,55.98665014828419
108,87.96577055289264,55.97697744654713
108,87.96691427099897,55.98501276423794
108,88.02236074321837,55.99982259495864
108,87.97726973844068,56.027284005631266
108,88.03177071163697,56.03748060296013
108,88.02925807090676,56.00445283565287
108,88.00240297586355,56.00240827273618
108,88.00431101732306,56.01172509692222
108,88.04130010674106,56.015889745191586
108,88.02397015306195,56.03630209358405
108,88.02601186551057,55.99188408731156
108,88.00312426009702,56.012138021844436
108,88.02276621864361,55.99478895592909
108,88.0131217624136,55.99903272785134
108,88.04642335953727,55.98905453664801
108,88.01520296127175,55.9769265158495
108,87.96562525023037,55.97668835063575
108,88.01884609371312,55.95614487601324
108,88.04708934307014,56.00113601915901
108,87.9833704443548,55.9882820903217
108,87.96884353180688,55.9710559132301
108,88.01022874922216,56.001025405684295
108,88.04003894132892,55.986913637786515
108,88.00982637326419,56.008140697289406
108,88.02292353477804,56.00009515826085
108,87.99811571679098,56.021050062942315
108,87.992348436915,55.96311981907705
108,88.03248946093908,56.02195074988237
108,87.98229507320418,56.01814336860396
108,88.04581251934364,56.0068359794269
108,87.97577650345612,56.0342895954285
108,87.97146672102959,56.013719240083425
108,87.97139108488015,55.995904618431936
108,87.96917803268701,55.97981622064264
108,88.01173521951816,55.994829769146605
108,87.98808629614312,56.03432160209197
108,87.97578455638197,56.024419832180364
108,88.0206912500051,56.01474345609
108,87.97854023856638,56.00168551243798
108,88.025239707097,56.01097377409997
108,87.99233805016254,55.983991958726065
108,87.96153847555854,56.02075356439078
108,87.95946372550694,56.0117667248886
108,88.00829124591267,55.996835674378595
108,88.0151261578324,56.03145163564098
108,87.98643075283255,55.99990064308122
108,87.96900875923298,56.00138708515134
108,88.00620014381782,55.99312430182659
108,87.98908662804664,56.009289371643135
108,88.02613428590371,56.01259156498889
109,88.03203604269508,56.00832368201967
109,88.0265826350052,56.000820998381705
109,87.97689811042298,56.02037049382206
109,87.98252936822608,55.996717173520366
109,87.97207568824763,55.979417893816525
109,87.9512298600976,56.01007307297264
109,88.04753191718956,56.00474437997755
109,88.03676659254037,56.017867792837905
109,87.98112456158712,56.01112226588854
109,88.01289866656569,55.998488409634696
109,87.98968342467705,55.96932980196367
109,87.99455033381338,56.00166741735942
109,88.00727387015047,55.97165757124159
109,87.99922270795628,56.000561306722226
109,87.99963486221807,56.01395787602074
109,88.0199166444368,56.03444912740416
109,88.02460401447186,56.00089665724414
109,88.01074319726122,56.0039556620961
109,87.95474737849827,56.013104919951274
109,87.96956223734806,55.979278718526636
109,88.02377695052944,56.022946155540644
109,88.01559174730814,55.95577290628027
109,87.95604052955545,56.02023906786617
109,87.98914716339969,55.96802496738476
109,87.96425443690622,56.00894669697116
109,87.97691132218654,55.975004912521015
109,87.97702548581144,56.03133104316273
109,88.04414653650305,55.98075815892089
109,88.03034448340452,55.98635717994533
109,88.00247498758974,55.98680963888913
109,88.01452053865731,56.04433952791839
109,88.00296969141185,56.04656585788337
109,88.03385527349775,55.99372129832364
109,87.97916031162029,55.997963323455274
109,87.95356275855333,56.0044656946776
109,88.03601954044049,56.01207085151014
109,87.97108345067548,56.012405224280634
109,87.98516477175671,55.98227861546838
109,87.9827984098674,55.99107613269615
109,88.02897414838826,55.98424232380793
109,87.98655054038595,55.989772469289264
109,88.0134196380426,55.98648135384847
110,88.00699879899744,56.00819705327541
110,87.98318616643941,56.027224374132004
110,88.01222051439977,56.02475187134565
110,88.00639201203752,55.97334890907891
110,88.03983893846595,55.99796030939902
110,88.01937243329087,55.97475726350708
110,87.99691066908534,55.96689562015742
110,87.99358043281114,56.00422635789434
110,87.97088749120427,56.030554394017486
110,88.017570889046,56.02085612332382
110,88.00668993594789,55.98258346059402
110,87.98432048849087,56.02403082608986
