gene,x,y
1,70.98423870559836,64.00582121232102
1,70.9871130877264,64.00689624877937
1,70.98508736000683,64.00584300978198
1,70.98700962185073,64.00536080667776
1,70.98426523766743,64.00402500329957
1,70.98249496996706,64.00654880885864
1,70.98877748886103,64.00631814406417
1,70.98492160256268,64.0088345020104
1,70.98626122560607,64.0080611595739
1,70.98911691167989,64.0071180674843
1,70.98877748886103,64.00631814406417
1,70.98516023419229,64.00508617589213
1,70.9869849396298,64.00695610807956
1,70.98949651676615,64.00503715145084
1,70.98387700811891,64.00537251884408
1,70.98700962185073,64.00536080667776
1,70.98765080911505,64.00662848118972
1,70.98508736000683,64.00584300978198
1,70.98660778104423,64.00611043199423
1,70.98426523766743,64.00402500329957
1,70.98592941457888,64.00840480362699
1,70.98350872055967,64.0053337097806
1,70.98270483136344,64.00550897877362
1,70.9863575859335,64.00736214044979
1,70.9837952774559,64.00499142406238
1,70.98512941622306,64.00901643586849
1,70.9862922850332,64.00798743813036
1,70.98465121822854,64.00778666745965
1,70.98423870559836,64.00582121232102
1,70.98861306629757,64.00578883736165
1,70.98825887491708,64.00495993509224
1,70.98494098564457,64.00295951015288
1,70.98537312504985,64.00287862350535
1,70.9861740570169,64.00295640421461
2,70.99131653761171,63.997210572128836
2,70.99211926151256,63.99617202684816
2,70.99303164486766,63.993619632212635
2,70.99321993060344,63.99753518548212
2,70.99243976171977,63.99310507608836
2,70.9950393275837,63.994904189132654
2,70.99111215989873,63.99632294507189
2,70.99121773767743,63.99317333924018
2,70.99083464526329,63.999118649863185
2,70.9950393275837,63.994904189132654
2,70.99102636462626,63.9930134918435
2,70.98972566149084,63.99648549660685
2,70.99383266899505,63.997164561563835
2,70.99131653761171,63.997210572128836
2,70.99121773767743,63.99317333924018
2,70.99174086816842,63.99454992615845
2,70.99474416191244,63.99643183951609
2,70.99146243110465,63.998605580380115
2,70.9931118321814,63.99215690909281
2,70.99469742395642,63.99238696613715
2,70.9927991843662,63.994692740816326
2,70.9931778464769,63.99876335526428
2,70.99381430163815,63.994691508961395
2,70.9931118321814,63.99215690909281
2,70.99300075286578,63.992893840652116
2,70.99139264394432,63.99748358323773
2,70.99167003300357,63.99844840409409
2,70.9917492176817,63.99787511695561
2,70.99059810887735,63.99359500458458
2,70.99438932338256,63.994628368324136
2,70.99174086816842,63.99454992615845
2,70.9914073130959,63.99728490114182
2,70.99098030645894,63.99470947712807
2,70.99204366161547,63.99290119950011
2,70.99012893269816,63.997584485983474
2,70.99334566485959,63.99451845735459
2,70.99416897729178,63.99528649075669
2,70.9942140997718,63.99442555567765
2,70.99241662474786,63.99935527345829
2,70.99113959718406,63.99945520853736
2,70.99329772361955,63.99498954713746
2,70.99334566485959,63.99451845735459
2,70.99157943923926,63.99948526869215
2,70.99155576386357,63.99423460236854
2,70.99154829582355,63.99283301833774
2,70.99331782745979,63.99222060539991
2,70.98990212387187,63.99773349751972
2,70.99434754577048,63.99510026888034
2,70.9917492176817,63.99787511695561
2,70.99404336434017,63.9976800626507
2,70.99406177467426,63.99179996939056
2,70.99040733515916,63.99711983116794
2,70.99119251955572,63.99647293447662
2,70.99255618834331,63.992785450255575
2,70.99474580353677,63.99230319402629
2,70.98968221017682,63.99726897535596
2,70.99476719105365,63.995831767670744
2,70.99474416191244,63.99643183951609
2,70.98963446761238,63.99768285729549
2,70.9897363918729,63.99601704839312
2,70.99021268359984,63.99480056766068
2,70.99216443249503,63.9971175171756
2,70.99338951850827,63.9980770557662
2,70.99288358210435,63.99218884241104
2,70.99235311977155,63.99441524152912
2,70.9917846840476,63.997213355450086
2,70.9916710688639,63.99275726850621
2,70.99174086816842,63.99454992615845
2,70.9914073130959,63.99728490114182
2,70.9933804023939,63.996794765783854
2,70.98972566149084,63.99648549660685
2,70.99174086816842,63.99454992615845
2,70.99428694982034,63.99267624091547
2,70.98998159269294,63.997594480132896
2,70.99072776468392,63.994671754796535
2,70.99294186354886,63.99699796872286
2,70.99415122386151,63.99387394311408
2,70.99330647488124,63.994851948954064
2,70.9933804023939,63.996794765783854
2,70.99095701927584,63.997066196066164
2,70.98963446761238,63.99768285729549
2,70.99128457487845,63.996725763654226
2,70.9916276148185,63.99621345959853
2,70.99155576386357,63.99423460236854
2,70.992309530851,63.99480507072873
2,70.99328654228201,63.99225372817422
2,70.99160454608844,63.99350354883654
2,70.9953028037568,63.9942107831283
2,70.99381430163815,63.994691508961395
2,70.99244034876281,63.99216346913348
2,70.99182720272013,63.99810519421942
2,70.99078896036966,63.99648736875726
2,70.99156154053968,63.998218548970165
2,70.99027715466963,63.99659387268417
2,70.99503583956052,63.993387798826525
2,70.99204366161547,63.99290119950011
2,70.99182720272013,63.99810519421942
2,70.99474580353677,63.99230319402629
2,70.9950393275837,63.994904189132654
2,70.98990212387187,63.99773349751972
2,70.98991229709216,63.998856920703545
2,70.99162458084308,63.997739411944096
2,70.99075243222192,63.99543443061265
2,70.99016191854047,63.995779782669516
2,70.99404336434017,63.9976800626507
2,70.99285131580541,63.99688481879154
2,70.99210453822957,63.99959558540971
2,70.991875785479,63.99260261408995
2,70.99415122386151,63.99387394311408
2,70.99428694982034,63.99267624091547
2,70.99255618834331,63.992785450255575
3,70.99125114586683,63.99113097962898
3,70.99406177467426,63.99179996939056
3,70.99515643492354,63.992139053794745
3,70.99308775442509,63.98984687821386
3,70.99155576386357,63.99423460236854
3,70.991875785479,63.99260261408995
3,70.99118301233294,63.991624625512316
3,70.99206037764617,63.991498758650906
3,70.99160454608844,63.99350354883654
3,70.99382079115509,63.99230230025564
3,70.99336501148278,63.98894040687163
3,70.99425094082429,63.99031117605216
3,70.99415039242463,63.99207737437173
3,70.99516646748418,63.99048039527839
3,70.99303164486766,63.993619632212635
3,70.99255618834331,63.992785450255575
3,70.99104959951816,63.99206174268858
3,70.9927991843662,63.994692740816326
3,70.99337673421849,63.99206931634693
3,70.99125114586683,63.99113097962898
3,70.99560728272401,63.991689150195086
3,70.99379569805659,63.991887933181104
3,70.99319302550781,63.99306421319789
3,70.99442601144925,63.991489248137135
3,70.99087105263118,63.992998594422495
3,70.99334566485959,63.99451845735459
3,70.99319302550781,63.99306421319789
3,70.99494114240575,63.99043395450757
3,70.99449688314719,63.98962678008719
3,70.99206037764617,63.991498758650906
3,70.99474638722,63.989068276617814
3,70.99500981368598,63.99015750343064
3,70.9926267002634,63.989076783213186
3,70.99319302550781,63.99306421319789
3,70.99393748758189,63.99511511075998
3,70.99395175072111,63.99124992765281
3,70.99415122386151,63.99387394311408
3,70.99222597947761,63.99377422495217
3,70.99174086816842,63.99454992615845
3,70.99528658422163,63.993058279629864
3,70.99337673421849,63.99206931634693
3,70.99439089924887,63.989192213026136
3,70.99125114586683,63.99113097962898
3,70.99336500971955,63.99445736375109
3,70.99331782745979,63.99222060539991
3,70.99530922542338,63.99244599270343
3,70.99215470126617,63.990496432282946
3,70.99339046882966,63.99167376494717
3,70.99376687843089,63.99328318400422
3,70.99083719581772,63.99238202353534
3,70.9951967048064,63.991312885701966
3,70.99152593469765,63.99049808724666
3,70.99155576386357,63.99423460236854
3,70.99449688314719,63.98962678008719
3,70.99343187753563,63.99407740243686
3,70.99232775646333,63.99543266217126
3,70.99381430163815,63.994691508961395
3,70.99382079115509,63.99230230025564
3,70.99353840821664,63.988857576299
3,70.9931118321814,63.99215690909281
3,70.99419421065052,63.994755274691364
3,70.99206037764617,63.991498758650906
3,70.99319302550781,63.99306421319789
3,70.99244034876281,63.99216346913348
3,70.99488932009675,63.98935275770868
3,70.99160454608844,63.99350354883654
3,70.99166980776775,63.99349529717785
3,70.99395175072111,63.99124992765281
3,70.99445246432742,63.989411977438685
3,70.99607360668027,63.99167827408447
3,70.99461163932193,63.991254169408556
3,70.99331782745979,63.99222060539991
3,70.9919018469233,63.99301019008879
3,70.99444477986741,63.990015479266276
3,70.99394807115218,63.989914652990215
3,70.99542404348703,63.99387801505136
3,70.99288358210435,63.99218884241104
3,70.99389897512883,63.99065130894237
3,70.9942140997718,63.99442555567765
3,70.99293128249197,63.99212347666195
3,70.99642911964276,63.99292032739651
3,70.99255618834331,63.992785450255575
3,70.99083719581772,63.99238202353534
3,70.99444477986741,63.990015479266276
3,70.99083719581772,63.99238202353534
3,70.99567641698998,63.99041633018981
3,70.99653322456686,63.99325188793715
3,70.99651630524808,63.990686166618296
3,70.99666600460898,63.99187894371772
3,70.99118301233294,63.991624625512316
3,70.9916710688639,63.99275726850621
3,70.99143814142032,63.991343612181815
3,70.99071620970899,63.99259041272347
3,70.99576281272248,63.99419877875527
3,70.99232775646333,63.99543266217126
4,70.98864397252751,64.00505240147086
4,70.98681507502249,64.00055877434383
4,70.98946264912391,64.0035070300879
4,70.98929025766104,64.00351127082962
4,70.98616692392129,64.00151743946786
4,70.98960161044147,64.00336115885555
4,70.98964243985273,63.99935921274986
4,70.98694927922693,64.00519314799745
4,70.9914212100684,63.99994204824885
4,70.9890038150825,64.00342254648814
4,70.9860716346565,64.0023775661477
4,70.98719531169372,64.00533406335431
4,70.9870651486293,64.00270912929437
4,70.98599579719131,64.00277508711176
4,70.98804858734283,64.00577849936715
4,70.98911554030444,64.00305577027828
4,70.9913485396849,64.00018352375704
4,70.98910558016922,63.99915395287084
4,70.98929025766104,64.00351127082962
4,70.99130612475868,64.00079744086312
4,70.99105222515851,64.00457604632426
4,70.98814308005133,63.99977102322269
4,70.99028987173728,64.00292888676177
4,70.98731327680156,64.00557629841447
4,70.98813317679908,64.00612445224534
4,70.98980473397282,64.00393585289873
4,70.99105222515851,64.00457604632426
4,70.98630923060173,64.00223257681138
4,70.99084175691065,64.00324114746894
4,70.9861740570169,64.00295640421461
4,70.9882708456875,64.0046667328772
4,70.98839127986147,64.00388241468902
4,70.98843676430707,64.00080433330508
4,70.99025868239806,63.99977910637123
4,70.98814308005133,63.99977102322269
4,70.99171157292703,64.00321719880904
4,70.98910558016922,63.99915395287084
4,70.98843040568913,63.999704934541334
4,70.99102771294613,64.00118365792808
4,70.98829423501319,64.00349737258259
4,70.98976686289072,64.00571812051317
4,70.98763911615079,64.00397668193405
4,70.98889409429094,64.00326482457513
4,70.99113959718406,63.99945520853736
4,70.98843676430707,64.00080433330508
4,70.98658999741437,64.00192608282785
4,70.98694927922693,64.00519314799745
4,70.99036411467374,63.99873272695936
4,70.98647177853726,64.00363076128205
4,70.98813324817515,64.00421393453891
4,70.99082746539834,64.00121023842938
4,70.98909702851822,64.00616798321157
4,70.99105183268946,64.00069896540927
4,70.9909305179249,64.0020293728109
4,70.98599579719131,64.00277508711176
4,70.98786580473126,64.00435284868522
4,70.98971663938748,64.00274481671181
4,70.98824185314685,64.00586502654501
4,70.98616692392129,64.00151743946786
4,70.98724425892706,64.00114816921212
4,70.99049257724577,64.00407224461306
4,70.9870651486293,64.00270912929437
4,70.98609733700147,64.0019815220908
4,70.99036411467374,63.99873272695936
4,70.9870651486293,64.00270912929437
4,70.98630374734253,64.00160793526469
4,70.99166667568764,64.00163062368392
4,70.98743225647404,64.00092866630042
4,70.98740607291535,64.00594764264267
4,70.98728339660263,64.00476584668719
4,70.99105183268946,64.00069896540927
4,70.98651483118795,64.0033427327496
4,70.98746520913839,64.00303812970027
4,70.9909305179249,64.0020293728109
4,70.98724425892706,64.00114816921212
4,70.98649379188882,64.0039439371921
4,70.98683980808244,64.00282933913448
4,70.99037847299206,64.00297293982332
4,70.98591673620726,64.00337321781635
4,70.98910558016922,63.99915395287084
4,70.98831218766614,64.00267707744067
4,70.99173736513931,64.00165323125206
4,70.98911554030444,64.00305577027828
4,70.98746520913839,64.00303812970027
4,70.98889409429094,64.00326482457513
4,70.98665303674362,64.00224340170807
4,70.98814308005133,63.99977102322269
4,70.98655449880921,64.00197148866599
4,70.99025868239806,63.99977910637123
4,70.9860499480529,64.00483056115148
4,70.98893511069788,63.999456478523776
4,70.9909364703087,64.0001331235466
4,70.9890177428695,64.00062335908117
5,71.00860332514,64.00191386906059
5,71.00804998898488,64.02280549919536
5,71.00412485472769,63.992732560260855
5,70.98254154853713,64.00841393081768
5,70.99186595107165,64.01575437458948
5,71.01495850812306,64.0148535573156
5,70.98687719592937,63.9898639911298
5,70.98566501748073,64.00646930561683
5,71.01728236107807,63.995359022485104
5,70.98392074474405,63.98536958286666
5,70.9989619063244,63.994162404318175
5,70.9874746979379,63.99529631677947
5,70.99480882938464,63.987975218782324
5,71.01413428749717,64.00933052722397
5,70.99629819239101,64.01296427969578
5,70.99276392311329,63.98590254646873
5,71.01551861924901,64.00196209817301
5,71.02271955338598,63.992778217957444
5,70.99188730563877,64.02167867333158
5,70.99922199146798,63.97895132176667
5,70.99480882938464,63.987975218782324
5,70.99284426633446,64.01787339811352
5,71.01910519569718,64.00814053633249
5,71.00152752456778,64.00625683552245
5,71.0130007247263,63.98781291055015
5,71.00959401872227,64.02252348767333
5,70.99002683185746,63.98697044803746
5,70.99268109390977,64.01512619783549
5,71.0117425146062,63.99171808941867
5,71.00017204909197,63.99057062885889
5,70.97855169589296,63.98865191908742
5,70.99682958422972,63.98695171440382
5,70.99893522080535,64.00647645369641
5,71.0181661241937,63.99141243657839
5,70.99028556901773,63.97880124013918
5,70.98324395894983,63.982654766561595
5,70.98324395894983,63.982654766561595
5,70.99321960345682,63.986199412936934
5,71.01722403527766,63.998795723756125
5,71.00338004850899,63.99047807498108
5,70.97923867530228,64.01052653085084
5,71.00548724757654,63.993082607533864
5,70.98786406120031,64.01131005475317
5,71.00548724757654,63.993082607533864
5,71.01902410966582,63.99501115024594
5,71.01910519569718,64.00814053633249
5,71.01471131120276,64.00514413276643
5,70.99684798582224,63.98887195036369
5,71.01336660416952,64.02010119887059
5,71.00206036741778,63.98288648159787
5,71.00600479761073,64.0089130409572
5,71.00756147730499,64.0010796600119
5,70.98651483118795,64.0033427327496
5,71.02049527874362,64.00155921237138
5,70.99724097304387,63.97849583786079
5,70.98930132034165,64.00361057951635
5,71.01081896520253,63.980146005825844
5,71.00521480637838,63.98372050473778
5,71.01336660416952,64.02010119887059
5,70.98324395894983,63.982654766561595
5,71.00958045264173,64.01310480073336
5,71.01704684489783,64.00544580746497
5,70.98687538559584,63.991872709234066
5,70.98023223771006,63.98854427822952
5,70.99480882938464,63.987975218782324
5,70.9803373776441,64.00040421747131
5,70.98413815046747,64.00217934891594
5,70.99724097304387,63.97849583786079
5,70.99684798582224,63.98887195036369
5,70.99457707365838,63.99439225044856
5,71.02078046064203,64.01071580016371
5,70.98630923060173,64.00223257681138
5,70.9922125142682,63.985393667782915
5,70.98088360795388,63.98638422895742
5,70.99910993443035,64.02309843025965
5,70.99338951850827,63.9980770557662
5,71.01292447376238,64.01348677997562
5,71.00206036741778,63.98288648159787
5,71.00821671918004,63.99797554518523
5,70.9866229665901,63.986548019388835
5,70.99284426633446,64.01787339811352
5,70.9995716989074,64.0109613403106
5,71.02049527874362,64.00155921237138
5,71.01134140961805,63.99978555719003
5,71.00312524257771,64.01892325720407
5,70.99186595107165,64.01575437458948
5,70.97855169589296,63.98865191908742
5,71.0157132886533,64.01335974256013
5,71.0014716496777,64.0156241894108
5,70.99684798582224,63.98887195036369
5,71.00811988853782,63.989954158055134
5,71.01336660416952,64.02010119887059
5,70.9958812054192,63.97811852488495
5,71.00143646420744,63.978411064932224
5,70.99576249765147,63.98905958686892
5,71.00860332514,64.00191386906059
5,71.0014716496777,64.0156241894108
5,71.01497849418455,63.997497488224404
5,70.9846144070377,64.00305715795832
5,70.98324395894983,63.982654766561595
5,71.00206036741778,63.98288648159787
5,70.99927454566239,64.01511686525369
5,70.9890038150825,64.00342254648814
5,71.00152752456778,64.00625683552245
5,71.01532498520162,64.00357531479263
5,70.9866229665901,63.986548019388835
5,70.99556659492013,63.977658454992046
5,70.98566501748073,64.00646930561683
5,70.98458519529345,63.995268106424525
5,70.99067435826919,64.00007515119029
5,70.99893522080535,64.00647645369641
5,70.99480882938464,63.987975218782324
5,71.01902410966582,63.99501115024594
5,70.99934676874184,64.01760194543188
5,71.01056937264443,63.98511225163726
5,70.99457562974668,64.02338048610592
5,71.00207696137905,63.987162453028446
5,70.9940826582084,63.984347723640255
5,71.00839676087291,64.01476224047515
6,70.98394796394564,64.01404009466611
6,70.98711962562825,64.01234498384925
6,70.98312663006404,64.0123597426175
6,70.98225191534394,64.01441708866486
6,70.98621778287905,64.01146102037042
6,70.98718232960849,64.01303763999321
6,70.98224552530046,64.01335787453557
6,70.98431125382105,64.01638722555867
7,70.9803373776441,64.00040421747131
7,70.99252619126909,64.0161163867704
7,71.01551861924901,64.00196209817301
7,71.0249171856568,64.00118303480635
7,71.00017204909197,63.99057062885889
7,71.0117425146062,63.99171808941867
7,70.98023223771006,63.98854427822952
7,70.99530651788517,64.018875100469
7,71.01146513599039,63.99055013559311
7,71.005539086045,64.0209175427367
7,70.98650282661042,64.00796847687201
7,71.00521480637838,63.98372050473778
7,70.99457562974668,64.02338048610592
7,70.9995716989074,64.0109613403106
7,70.9866229665901,63.986548019388835
7,70.97877386505786,63.994802883946235
7,70.99724097304387,63.97849583786079
7,71.005539086045,64.0209175427367
7,70.9940826582084,63.984347723640255
7,71.00206036741778,63.98288648159787
7,71.00600479761073,64.0089130409572
7,71.00299231104204,64.01862154270893
7,70.98175973501763,63.99286568310248
7,70.99909521112009,63.98688075028817
7,71.0002930212015,64.01432497124772
7,71.02069416267739,63.988245096090694
7,70.97923867530228,64.01052653085084
7,71.01056937264443,63.98511225163726
7,71.0157132886533,64.01335974256013
7,71.0110664069523,64.0061275600481
7,71.01134140961805,63.99978555719003
7,70.99830849253996,64.02264273207003
7,71.00751066639616,63.97947528206637
7,70.99268109390977,64.01512619783549
7,71.00561393664131,64.01922087466468
7,70.99254198400486,64.01841171466708
7,70.99893522080535,64.00647645369641
7,71.00207696137905,63.987162453028446
7,70.98608915571658,63.98505492986282
7,70.98786406120031,64.01131005475317
7,70.99028556901773,63.97880124013918
7,71.01866100783887,63.99788143790497
7,70.98580777118205,63.98616979911102
7,71.01081896520253,63.980146005825844
7,71.00548724757654,63.993082607533864
7,70.98537312504985,64.00287862350535
7,70.99724097304387,63.97849583786079
7,70.98566501748073,64.00646930561683
7,70.99348734414171,64.02245056728566
7,70.98580777118205,63.98616979911102
7,70.98930132034165,64.00361057951635
7,71.00751066639616,63.97947528206637
7,70.98088360795388,63.98638422895742
7,71.00312524257771,64.01892325720407
7,71.00751066639616,63.97947528206637
7,70.98401565431864,63.98352105533865
7,70.9995716989074,64.0109613403106
7,70.99339544849137,63.98881828964373
7,70.99276392311329,63.98590254646873
7,70.98223713850724,63.99107319922921
7,71.0239724460342,63.99722696040925
7,70.98687719592937,63.9898639911298
7,70.97897381650787,64.00093134988526
7,71.00521480637838,63.98372050473778
7,70.99830849253996,64.02264273207003
7,71.01146513599039,63.99055013559311
7,71.00374207372101,64.00196839312673
7,71.00312524257771,64.01892325720407
8,70.99613167089007,63.98484257838808
8,71.0000433276746,63.98338480428797
8,71.00040296413583,63.98452989648153
8,70.99799784440185,63.98471306865289
8,70.99840023961796,63.986173899117865
8,70.99574834405227,63.98202481945521
8,70.99443921122784,63.9827038922813
8,70.99867717702172,63.98226765997737
8,70.99474734656165,63.98284146365005
8,70.99887973959969,63.985488342165596
8,70.99417245473568,63.98278238281572
8,70.99713712223733,63.98374675025796
8,70.99831355998131,63.98684626247439
8,70.99921751103632,63.981040629688145
8,70.99980472175329,63.98194582141217
8,70.99536482162051,63.98279934599564
8,70.99732176164729,63.985578156899166
8,70.99756305463711,63.98652475925572
8,70.99802891109567,63.980522323491044
8,70.99930915775754,63.98417653920487
8,70.9966505242664,63.98325545931951
8,70.9971977764266,63.983553395692894
8,70.99714277306013,63.985590831696655
8,70.99867717702172,63.98226765997737
8,70.99845700716443,63.98369280842718
8,70.99665019385313,63.98568408870611
8,70.99771237270652,63.98662765390833
8,70.99744949960498,63.986684009255605
8,70.99497631239086,63.98569128156064
8,70.99817839229529,63.98502657451356
8,70.99871747072366,63.98160883580777
8,70.99909880240489,63.986611626623684
8,71.00067009003175,63.98469894728796
8,70.99501124401465,63.98349137162813
8,70.99802836667436,63.98321845032363
8,70.99802891109567,63.980522323491044
8,70.995875315204,63.98401004911037
8,70.99977655555159,63.98415224700484
8,70.9952352002272,63.98272573662054
8,70.99574834405227,63.98202481945521
8,70.99781865647978,63.983923209776556
8,70.99833472462689,63.98090748388033
8,70.99713712223733,63.98374675025796
8,70.99649186710326,63.986690501191426
8,70.99714277306013,63.985590831696655
8,70.99802836667436,63.98321845032363
8,70.99882543432513,63.98527336682866
8,70.99676756587617,63.98509942452969
8,70.9942859015352,63.985060987628366
8,70.9962393137221,63.98638790082234
8,70.9949523205276,63.98195042176313
8,70.99422105168723,63.98287480357272
8,70.99478862757348,63.98187404210708
8,70.99536482162051,63.98279934599564
8,70.99713712223733,63.98374675025796
8,70.99926208322518,63.98375272966546
8,70.9984398985425,63.981121954598905
8,70.99983393353531,63.984545854227854
8,70.99629750563746,63.98252808203108
8,70.99887973959969,63.985488342165596
8,70.99474734656165,63.98284146365005
8,70.99518025283203,63.98147187350887
8,70.99814158780545,63.98108125250313
8,70.99873831308211,63.98660536761584
8,70.99876193527442,63.9850686494205
8,70.99533061058126,63.98414587098459
8,70.99506492436647,63.981296440269645
8,70.99744949960498,63.986684009255605
8,70.99613167089007,63.98484257838808
8,70.99660929882216,63.98610486749895
8,70.99792339574567,63.984415781756894
8,70.99831355998131,63.98684626247439
8,70.99817839229529,63.98502657451356
8,70.99518025283203,63.98147187350887
8,70.99665019385313,63.98568408870611
9,70.99348734414171,64.02245056728566
9,71.00365895284368,64.01870369194255
9,70.98687719592937,63.9898639911298
9,71.02069416267739,63.988245096090694
9,71.00370923321094,63.99084702680325
9,71.0011050620569,64.0170349488325
9,71.02427030371217,63.996649361637935
9,70.9910944987561,64.00585262368485
9,70.97918524056273,63.99099609009019
9,71.00804998898488,64.02280549919536
9,70.97897381650787,64.00093134988526
9,70.99480882938464,63.987975218782324
9,71.01657797459067,63.999772206179486
9,71.01728885608375,64.0037739078233
9,70.99629819239101,64.01296427969578
9,71.02166794469986,63.992361726666424
9,70.98415227590107,63.98805184405767
9,70.99254198400486,64.01841171466708
9,70.98260353777809,64.01138371785034
10,71.00921267734219,64.00850063547182
10,71.01038694128844,64.00564165051195
10,71.00825026533929,64.00398966382669
10,71.00506452299572,64.00870366631291
10,71.00809700264608,64.0094837835013
10,71.00631241944846,64.00484140887578
10,71.00781018526682,64.00826307097728
10,71.00987182165014,64.00908132482375
10,71.0095667475671,64.00981413186001
10,71.00949262369234,64.0041734598979
10,71.00589018187688,64.0101161720952
10,71.01048245785965,64.00801065066224
10,71.00641925322704,64.00618369063476
10,71.00825026533929,64.00398966382669
10,71.00594917803723,64.00954161386049
10,71.00668526605833,64.0076923822916
10,71.00684270888623,64.00706654861344
10,71.00641071211831,64.0065741499201
10,71.00552917417575,64.00627613287209
10,71.00933158814205,64.0080925174225
10,71.01042324809202,64.00430295049712
10,71.0082258481926,64.011861398275
10,71.00647585781384,64.00588793305049
10,71.00849584638864,64.00711588205847
10,71.00887301144387,64.0089557000471
10,71.00580658980081,64.0074043128644
10,71.01040773643045,64.00577037792984
10,71.00875412475197,64.00646173078638
10,71.00702696029752,64.00447105040811
10,71.00825026533929,64.00398966382669
10,71.00772996625324,64.0041576815887
10,71.00817316578612,64.00884601625933
10,71.00807471171463,64.00744130079318
10,71.00750019397444,64.0084314923832
10,71.0073273550501,64.01181867181576
10,71.00919287133519,64.00823900736398
10,71.00787058320812,64.00426001038441
10,71.01042324809202,64.00430295049712
10,71.00829574659245,64.01133658898206
10,71.00891383452236,64.00740011893573
10,71.00985964201591,64.00836234198742
10,71.0095667475671,64.00981413186001
10,71.00845567578727,64.00711657068884
10,71.00999710905337,64.00404964690782
10,71.00627895598687,64.01095915522725
10,71.0073273550501,64.01181867181576
10,71.01079490820233,64.00829874374409
10,71.0090429201428,64.00736832690707
10,71.00718615887037,64.00871486069605
10,71.00600479761073,64.0089130409572
10,71.00572469937445,64.01134364599125
10,71.00939461192006,64.00803428371626
10,71.00638946237997,64.00685640973444
10,71.00880346568911,64.00814493906093
10,71.01079490820233,64.00829874374409
10,71.00833618564995,64.01040592489768
10,71.0095667475671,64.00981413186001
10,71.00794285732887,64.00904734089507
10,71.00885581418346,64.00832808398044
10,71.00915536287681,64.00462422719168
10,71.00589018187688,64.0101161720952
10,71.0105256705625,64.00836862950096
10,71.00875412475197,64.00646173078638
10,71.00737875769615,64.0087235077233
10,71.0090641253699,64.01128647083081
10,71.00714811917065,64.00799986246953
10,71.01048245785965,64.00801065066224
10,71.01017039732382,64.00867944512272
10,71.00752707806681,64.00626616237864
10,71.00716407009986,64.00973722629901
10,71.00756665344332,64.00866037473469
10,71.00885581418346,64.00832808398044
10,71.0071734291398,64.0087744464813
10,71.00738855297016,64.01055790078341
10,71.00593972535593,64.00816582298053
10,71.00991870840039,64.0069262115886
10,71.00662085432701,64.00948118879559
10,71.00641925322704,64.00618369063476
10,71.0076952178281,64.00501182108256
10,71.00500823209342,64.00934963096425
10,71.00887301144387,64.0089557000471
10,71.00890515476864,64.00482931133494
10,71.00805913260037,64.00502693473102
10,71.0101559473649,64.00634805344801
10,71.00564074982634,64.00712171325182
10,71.00750019397444,64.0084314923832
10,71.0090641253699,64.01128647083081
10,71.00638946237997,64.00685640973444
10,71.00985964201591,64.00836234198742
10,71.00618537879437,64.0079883567005
10,71.00668526605833,64.0076923822916
10,71.0090641253699,64.01128647083081
10,71.00790764069087,64.00692045835316
10,71.00631241944846,64.00484140887578
10,71.00762967431079,64.00926627421225
10,71.00566214104016,64.00573156912347
10,71.0071734291398,64.0087744464813
10,71.00939461192006,64.00803428371626
10,71.00627895598687,64.01095915522725
10,71.00876521118175,64.0090503836323
11,70.98753858246955,64.01550214396617
11,70.98937441583773,64.01416144230994
11,70.98621791598816,64.01797262199392
11,70.98863204624833,64.01565486927402
11,70.9834785739341,64.01281771289038
11,70.98905405637208,64.01358868309251
11,70.98779038713838,64.01775666730535
11,70.98678755863335,64.01372902406958
11,70.98820388048466,64.01583599113573
11,70.9856687752302,64.0150284959671
11,70.98424042001017,64.01697054416768
11,70.98490759480491,64.01630553717813
11,70.98465007542161,64.01616537655094
11,70.98640711135297,64.01259147248555
11,70.98362493014012,64.01515833840637
11,70.98490759480491,64.01630553717813
11,70.98591367838324,64.01212815587539
11,70.9871698056295,64.01828909259518
11,70.98595987504613,64.01528744031606
11,70.98530701602583,64.01797843769239
11,70.98820388048466,64.01583599113573
11,70.98854171010643,64.01489607117212
11,70.98369910337684,64.01673251833014
11,70.98645938287412,64.01326894227977
11,70.98920027133859,64.01557476116926
11,70.98645938287412,64.01326894227977
11,70.98508239988612,64.01305364816562
11,70.98645938287412,64.01326894227977
11,70.98364443654984,64.01480470154533
11,70.98764365944024,64.0149763882392
11,70.98628824272917,64.01716301385429
11,70.98627874236054,64.01600823143556
11,70.98678755863335,64.01372902406958
11,70.98645938287412,64.01326894227977
11,70.98666504649286,64.01481479055465
11,70.98490759480491,64.01630553717813
11,70.98884909684077,64.01747598040151
11,70.98584754238257,64.01817827153805
11,70.98421616466301,64.01673185865518
11,70.98545099267793,64.01329151966499
11,70.98901983350017,64.01668103234258
11,70.98884427253336,64.01439642603177
11,70.98429778426988,64.01775707954693
11,70.98532141184202,64.01528425888839
11,70.98404834433644,64.01475868179197
11,70.98613694673543,64.01276017501607
11,70.98937441583773,64.01416144230994
11,70.98768715378618,64.01503214953655
11,70.98933557742154,64.01419642999687
11,70.9871312359437,64.01741142856865
11,70.98531032974154,64.01285674704573
11,70.98867282631494,64.01292549947235
11,70.98371720756631,64.01328682620185
11,70.98741067697624,64.01845047189025
11,70.98867715217298,64.01405939728592
11,70.98889610055062,64.01548102703389
11,70.98396989085148,64.01254123840923
11,70.98693683811821,64.01315569568114
11,70.9865932967513,64.0159587351204
11,70.98546065906253,64.0166674329035
11,70.98642249501559,64.01692540062594
11,70.98762867933483,64.01671299348924
11,70.98640711135297,64.01259147248555
11,70.98435115760907,64.01392530718503
11,70.98444845433802,64.01785552311453
11,70.98814266172607,64.01740121377094
11,70.98396989085148,64.01254123840923
11,70.98490759480491,64.01630553717813
11,70.9861862066893,64.01847159636716
11,70.98546065906253,64.0166674329035
11,70.98739426326692,64.01744356296904
11,70.98502918433687,64.0135233509148
11,70.98350008424754,64.01718942919379
11,70.98584754238257,64.01817827153805
11,70.98937441583773,64.01416144230994
11,70.98818441830396,64.01349594714748
11,70.98385377723712,64.01421040937602
11,70.98544647544861,64.01319432353267
11,70.98640711135297,64.01259147248555
11,70.98465007542161,64.01616537655094
11,70.98627263425674,64.01236037631455
11,70.98458080219315,64.01674436997772
11,70.98792919386344,64.01257910569713
11,70.98643552289408,64.01737162502054
11,70.98421616466301,64.01673185865518
11,70.98349424381188,64.01479024474013
11,70.98415465616786,64.01257523326652
11,70.98389575514503,64.01560003585392
11,70.98620644371975,64.01481866883796
11,70.98653826999494,64.01542948535487
11,70.9880103068748,64.01371331818386
11,70.98333566750124,64.0145419550051
11,70.98906995656283,64.01446313918345
11,70.98887739531136,64.01509373785913
11,70.98535256858176,64.0147678755661
11,70.98616631305917,64.01775355060833
11,70.98616631305917,64.01775355060833
11,70.98779038713838,64.01775666730535
11,70.98620644371975,64.01481866883796
11,70.98371720756631,64.01328682620185
11,70.98389575514503,64.01560003585392
11,70.98504270063277,64.01495136341768
11,70.98437132952665,64.0137487981716
11,70.98751642424335,64.01438718012277
11,70.985958593529,64.0182540787297
11,70.98612018068215,64.01631563455544
11,70.98508239988612,64.01305364816562
11,70.98925680147609,64.01454895830439
11,70.98492715252317,64.01188429987023
11,70.98404834433644,64.01475868179197
11,70.98546065906253,64.0166674329035
11,70.9862078848554,64.0184585942733
11,70.98504270063277,64.01495136341768
11,70.98571664709645,64.01581840002926
11,70.98284753441322,64.01422677233381
11,70.98814266172607,64.01740121377094
11,70.98634402696413,64.01824496659927
11,70.98820388048466,64.01583599113573
11,70.98678755863335,64.01372902406958
11,70.98465007542161,64.01616537655094
11,70.98460258678524,64.01719971074385
11,70.98728908345174,64.01311200314882
11,70.98867715217298,64.01405939728592
11,70.98727097939071,64.0126540221552
11,70.98792919386344,64.01257910569713
11,70.98530701602583,64.01797843769239
11,70.9826620369791,64.0145232526809
11,70.98369910337684,64.01673251833014
11,70.98833903336049,64.01534568068071
11,70.98644949989108,64.0156538084779
11,70.98582460976854,64.01669400367767
11,70.98567167429188,64.01313345026871
11,70.98753858246955,64.01550214396617
11,70.98621791598816,64.01797262199392
11,70.98642249501559,64.01692540062594
11,70.98604787843941,64.01465429097942
12,71.01017039732382,64.00867944512272
12,71.00638946237997,64.00685640973444
12,71.00908380337845,64.00473252880963
12,71.0079260980883,64.00972120747298
12,71.00877663918834,64.0043785863385
12,71.00618537879437,64.0079883567005
12,71.00656310600868,64.00744885899026
12,71.00838950342524,64.00425241949458
12,71.01093472689944,64.00589534506416
12,71.00714811917065,64.00799986246953
12,71.0082258481926,64.011861398275
12,71.00919287133519,64.00823900736398
12,71.00566331538022,64.00606583754966
12,71.00600292775344,64.00944081673725
12,71.00985964201591,64.00836234198742
12,71.00790764069087,64.00692045835316
12,71.0083464259086,64.00798301594044
12,71.01093472689944,64.00589534506416
12,71.00638814326305,64.00722714014083
12,71.00824788460271,64.0083269533255
12,71.0066425997521,64.01020438386517
12,71.00714811917065,64.00799986246953
12,71.00756665344332,64.00866037473469
12,71.0061012889132,64.00551732458413
12,71.00766702683954,64.00824902624275
12,71.00891383452236,64.00740011893573
12,71.00641925322704,64.00618369063476
12,71.0061012889132,64.00551732458413
12,71.00531745569297,64.0074722782057
12,71.01038927881407,64.00844140803594
12,71.00790764069087,64.00692045835316
12,71.00849584638864,64.00711588205847
12,71.010091154725,64.00755023710448
12,71.00749327416841,64.01126068060485
12,71.00801460477041,64.00703790482397
12,71.00631241944846,64.00484140887578
12,71.00577501173962,64.01131673710188
12,71.00933158814205,64.0080925174225
12,71.01038694128844,64.00564165051195
12,71.00849584638864,64.00711588205847
12,71.00919287133519,64.00823900736398
12,71.01017039732382,64.00867944512272
12,71.00627895598687,64.01095915522725
12,71.00794285732887,64.00904734089507
12,71.00919287133519,64.00823900736398
12,71.00753313810195,64.00658207513635
12,71.00825026533929,64.00398966382669
12,71.00566331538022,64.00606583754966
12,71.00994593461168,64.00706964492001
12,71.00661583132792,64.00563956559945
12,71.00885924427295,64.00833508318996
12,71.00745966563933,64.01017628990296
12,71.00794309961985,64.00595887099493
12,71.00764665355413,64.00890364283673
12,71.00589018187688,64.0101161720952
12,71.00660554526503,64.00644292500152
12,71.010091154725,64.00755023710448
12,71.0065936188148,64.011003500659
12,71.00491072318776,64.00933864304606
12,71.00566214104016,64.00573156912347
12,71.00638814326305,64.00722714014083
12,71.00908380337845,64.00473252880963
12,71.00750019397444,64.0084314923832
12,71.0094307094867,64.008244875988
12,71.00624835063915,64.00928865051287
12,71.00618537879437,64.0079883567005
12,71.00566214104016,64.00573156912347
12,71.00564074982634,64.00712171325182
12,71.00890515476864,64.00482931133494
12,71.00817485304724,64.00988258707368
12,71.00982028294443,64.01020787302363
12,71.00779228605747,64.0043858071964
12,71.00762967431079,64.00926627421225
12,71.006890836563,64.00821212085184
12,71.00762967431079,64.00926627421225
12,71.00818302576661,64.00665758829932
12,71.00624835063915,64.00928865051287
12,71.00887301144387,64.0089557000471
12,71.0084564126242,64.00897310809964
12,71.00807471171463,64.00744130079318
12,71.00580658980081,64.0074043128644
12,71.00531745569297,64.0074722782057
12,71.00849584638864,64.00711588205847
12,71.00838950342524,64.00425241949458
12,71.00749327416841,64.01126068060485
12,71.00960751618074,64.00744698073419
12,71.00753313810195,64.00658207513635
12,71.0088053630961,64.01101978649574
12,71.0090641253699,64.01128647083081
12,71.01066179583168,64.00792749462137
12,71.00638814326305,64.00722714014083
12,71.01028195711564,64.00889898368877
12,71.00790573546585,64.0088771620162
12,71.00691452688369,64.00775144827374
12,71.00668526605833,64.0076923822916
12,71.00825026533929,64.00398966382669
12,71.0105256705625,64.00836862950096
12,71.00838950342524,64.00425241949458
12,71.00817316578612,64.00884601625933
12,71.00673653899305,64.0051354275739
12,71.00500823209342,64.00934963096425
12,71.0077195335733,64.00651388311103
12,71.01069348459416,64.00497350316657
13,70.9979107882305,63.9969781058599
13,70.99892310999701,63.99735714096195
13,70.99749757716727,63.9924700846165
13,70.99882303213833,63.99804211983262
13,70.99828612106182,63.99195991239077
13,70.99720284238688,63.99879078062634
13,70.999966762713,63.99627374169994
13,70.99500502856014,63.99688491374108
13,70.99732066738456,63.994740212365116
13,70.99745651119173,63.99298047859334
13,71.00088036119546,63.99421650710387
13,70.99625642720703,63.99481803610308
13,70.99542404348703,63.99387801505136
13,70.9950393275837,63.994904189132654
13,70.99591487305655,63.995065141290326
13,70.99727566294705,63.993017033754406
13,71.00044900593328,63.99645179819729
13,70.99765596651632,63.99334114059645
13,70.99723364577629,63.994238695250566
13,70.99617599228378,63.995415190082035
13,70.99681214349346,63.996139601105774
13,70.99671235641684,63.99331822534434
13,70.99833655760305,63.99558755497769
13,71.00088036119546,63.99421650710387
13,70.99474416191244,63.99643183951609
13,70.99617599228378,63.995415190082035
13,70.99500502856014,63.99688491374108
13,70.99542404348703,63.99387801505136
13,70.99652157154279,63.99506494433729
13,70.99738459561297,63.99316434538608
13,70.99650118730597,63.99671121182594
13,70.99542155773217,63.9979752240214
13,70.99699584094597,63.991831025252615
13,70.99679867885646,63.993626723490635
13,70.99752634178532,63.99296815522684
13,70.99474416191244,63.99643183951609
13,70.99538270120767,63.99531872914962
13,70.99750036051505,63.99374286644024
13,70.99713322435538,63.991856780831434
13,70.99723364577629,63.994238695250566
13,70.99471926900698,63.994908500366456
13,70.99738459561297,63.99316434538608
13,70.99775575650347,63.99202727218128
13,70.99732322131928,63.992799737626896
13,70.99471926900698,63.994908500366456
13,70.99542404348703,63.99387801505136
13,71.00066416615113,63.99496665234941
13,70.99708981339666,63.99873606957572
13,70.99885454258938,63.99472054970198
13,70.99938559652335,63.995739744302
13,70.99708981339666,63.99873606957572
13,70.9953215596337,63.99478415961324
13,70.99523573960848,63.99779047244018
13,70.99679272738341,63.992383158237445
13,70.99956888822224,63.99378125962055
13,70.99769954599256,63.994604951311956
13,70.9988394611309,63.99532170402459
13,70.99722931794369,63.99345602414938
13,70.99981095355224,63.997343210264184
13,70.99948116514554,63.99546652976169
13,70.99750036051505,63.99374286644024
13,70.99558046151597,63.99655002892011
13,70.99538018882185,63.99746518065748
13,70.99602977068758,63.9931311107617
13,70.99821200224866,63.99536784690724
13,70.99671235641684,63.99331822534434
13,70.99831140325291,63.993175878104026
13,70.99706264389407,63.997746544139204
13,70.99770876056833,63.99810217071412
13,70.99833053313392,63.993160074443466
13,70.99770876056833,63.99810217071412
13,70.99856101868693,63.99280803638444
13,70.9967519663228,63.99798765131148
13,70.99781028430775,63.994714168510704
13,70.99951140108531,63.994212259081536
13,70.9983275876877,63.99584730072645
13,70.9994902921464,63.99698260627208
13,70.9979107882305,63.9969781058599
13,70.99708981339666,63.99873606957572
13,70.99956888822224,63.99378125962055
13,70.99538270120767,63.99531872914962
13,70.99591617104547,63.99552224718225
13,70.99657988021777,63.99820747722091
13,70.99482088264837,63.994267758758276
13,70.99804095064962,63.99740604273569
13,70.9994902921464,63.99698260627208
13,70.99802812060602,63.99207391738484
13,70.99558046151597,63.99655002892011
13,71.00049976655279,63.99602429729352
13,71.00066416615113,63.99496665234941
13,70.99988723361024,63.99342961345357
13,70.99684293878639,63.99219559333681
13,70.99850757680967,63.99702122358545
13,70.99684293878639,63.99219559333681
13,70.99474416191244,63.99643183951609
13,70.99612888023256,63.99507384569118
13,70.99629610088715,63.99472916183365
13,70.99691809622216,63.99780217530447
13,70.99523573960848,63.99779047244018
13,71.00044900593328,63.99645179819729
13,70.99882896830727,63.9956701673545
13,70.99576281272248,63.99419877875527
13,70.99869097360528,63.99317393501099
13,70.99842829208657,63.997398490244535
13,70.99775976604765,63.993739366826176
13,71.00066416615113,63.99496665234941
13,70.99868539916852,63.992149587682974
13,70.99843211025797,63.99579524850505
13,70.99991983165356,63.99672010120786
13,70.99587121460445,63.994262880777285
13,70.99743776902271,63.99602280199973
14,70.98445252902377,64.01891856218066
14,70.98141297097244,64.01337447183101
14,70.98546065906253,64.0166674329035
14,70.98385377723712,64.01421040937602
14,70.98145203997242,64.01628109564818
14,70.98489926435556,64.0124576542599
14,70.98668518509778,64.0159317991838
14,70.98501649855645,64.01648594876971
14,70.98388263246324,64.01537246586874
14,70.98284753441322,64.01422677233381
14,70.98751642424335,64.01438718012277
14,70.98678755863335,64.01372902406958
14,70.98164786847008,64.01288300590586
14,70.98335285004622,64.01626538218345
14,70.98768715378618,64.01503214953655
14,70.98679894266569,64.0173151159907
14,70.98631362445137,64.01502088815512
14,70.98545099267793,64.01329151966499
14,70.98725469957238,64.01491250374706
14,70.98582460976854,64.01669400367767
14,70.9835228828709,64.01249934996166
14,70.98284753441322,64.01422677233381
14,70.98199164340792,64.01628060547995
14,70.98318466010375,64.0119978791405
14,70.98698430515573,64.01662088150526
14,70.98445252902377,64.01891856218066
14,70.98424839059149,64.01562766743568
14,70.98389575514503,64.01560003585392
14,70.98224552530046,64.01335787453557
14,70.9865932967513,64.0159587351204
14,70.98318466010375,64.0119978791405
14,70.98475051104943,64.01816475483103
14,70.98350229273765,64.01544118646204
14,70.98648176528498,64.01788816352236
14,70.98589119214927,64.01894571126134
14,70.9856635871669,64.01614540471336
14,70.98531032974154,64.01285674704573
14,70.98444845433802,64.01785552311453
14,70.98523621127626,64.01542562416937
14,70.98103878819369,64.01456744610908
14,70.98312621995228,64.0170057033739
14,70.9850713369608,64.01593792439218
14,70.98553301378601,64.01354186844327
14,70.980344556772,64.0149867505581
14,70.98403542573774,64.0169199347004
14,70.98553301378601,64.01354186844327
14,70.98582460976854,64.01669400367767
14,70.985958593529,64.0182540787297
14,70.98616631305917,64.01775355060833
14,70.98444845433802,64.01785552311453
14,70.98612018068215,64.01631563455544
14,70.98567167429188,64.01313345026871
14,70.9835228828709,64.01249934996166
14,70.98437535746919,64.01662597028837
14,70.9835228828709,64.01249934996166
14,70.98557827117644,64.01337025549478
14,70.98631362445137,64.01502088815512
14,70.98532141184202,64.01528425888839
14,70.98679894266569,64.0173151159907
14,70.9826926735046,64.01335786274295
14,70.98631362445137,64.01502088815512
14,70.98475051104943,64.01816475483103
14,70.98664840364206,64.01700266111759
14,70.98258737035553,64.01551168658696
14,70.98508239988612,64.01305364816562
14,70.98318466010375,64.0119978791405
14,70.98219084737487,64.01436758845311
14,70.98197985771418,64.01292731629768
14,70.98503875411382,64.01790538926204
14,70.98503875411382,64.01790538926204
14,70.98327051772971,64.01218586279411
14,70.98082705985972,64.01481944941297
14,70.98643552289408,64.01737162502054
14,70.98501649855645,64.01648594876971
14,70.98364443654984,64.01480470154533
14,70.98589119214927,64.01894571126134
14,70.9862078848554,64.0184585942733
14,70.98164786847008,64.01288300590586
14,70.98658530376598,64.0165524878871
14,70.98599288141388,64.01665140511042
14,70.98642249501559,64.01692540062594
14,70.98064005496026,64.01393426754406
14,70.98664840364206,64.01700266111759
14,70.98613694673543,64.01276017501607
14,70.98514164818164,64.01502449344567
14,70.98340098557796,64.01825236812205
14,70.9862078848554,64.0184585942733
14,70.98558307393077,64.01604447943706
14,70.98336483623959,64.01206814511485
14,70.98557827117644,64.01337025549478
14,70.98141297097244,64.01337447183101
14,70.98753858246955,64.01550214396617
14,70.98485652188889,64.01934756418527
14,70.98545099267793,64.01329151966499
14,70.9810994235836,64.01500503909072
14,70.98448576163631,64.01355455022295
14,70.98197327601268,64.01586609786521
14,70.98321628612143,64.01330520386546
14,70.98553301378601,64.01354186844327
14,70.98321628612143,64.01330520386546
15,70.99750996654707,63.986680986075896
15,70.99682188804012,63.985727901127454
15,70.9958240068469,63.98339952359156
15,71.0006342540564,63.984968337077746
15,70.99854366559317,63.987387148914905
15,70.99501124401465,63.98349137162813
15,70.99876193527442,63.9850686494205
15,70.99794036816719,63.983751921076546
15,70.9989195939585,63.984445639943004
15,70.99811138861867,63.982089855053516
15,70.99958638523606,63.98387896746655
15,70.99914119881298,63.986124958916484
15,70.99698386163088,63.98448424174242
15,70.99958638523606,63.98387896746655
15,70.99887973959969,63.985488342165596
15,70.9986984846102,63.985115424273474
15,70.99805718231173,63.98371036580158
15,70.99574834405227,63.98202481945521
15,70.99676756587617,63.98509942452969
15,70.9993716799964,63.984529783271824
15,70.99569610903157,63.9866932961689
15,70.99475136298773,63.983693700438614
15,70.99649186710326,63.986690501191426
15,70.99555856701615,63.983583260685805
15,70.99728097000897,63.98134777606687
15,70.99853927952653,63.982876119180865
15,70.99921834168637,63.981603494498685
15,70.99463812102186,63.98235148614265
15,70.99561307745283,63.98460016808292
15,70.99569610903157,63.9866932961689
15,70.99590674659892,63.98579259104772
16,70.9882708456875,64.0046667328772
16,70.98540644243528,64.00464915089714
16,70.98480483054934,64.00615139271552
16,70.98606556508597,64.006407602152
16,70.9867265284061,64.00822431291354
16,70.98538753584536,64.00422232997019
16,70.98650576672739,64.00678565836886
16,70.98694927922693,64.00519314799745
16,70.98565451638056,64.00288744652184
16,70.9847335868783,64.00841181271672
16,70.98559024820875,64.00771495049206
16,70.98700941040735,64.00492806161354
16,70.98249496996706,64.00654880885864
16,70.98492160256268,64.0088345020104
16,70.9836174958285,64.00686112351397
16,70.9882871816931,64.00499311234566
16,70.98504360468192,64.00299434096439
16,70.98408001273194,64.00448137429618
16,70.98288356488527,64.00603879688158
16,70.98708921047402,64.00889605415199
16,70.983964690019,64.00541668047217
16,70.9879199292335,64.00844032178661
16,70.98333619121568,64.00611453433885
16,70.98280093105627,64.00600361322711
16,70.98377037611763,64.00713372214088
16,70.9837952774559,64.00499142406238
16,70.98288356488527,64.00603879688158
16,70.98628656595275,64.00541658099519
16,70.98431614297672,64.00379358860094
16,70.98759536713675,64.0074835845209
16,70.98911691167989,64.0071180674843
16,70.98735603267284,64.00547659676846
16,70.9836174958285,64.00686112351397
16,70.98498072003134,64.00386913858053
16,70.98425522654667,64.00433637538804
16,70.98780819356685,64.00468674905478
16,70.98809447267074,64.00756878236442
16,70.98387700811891,64.00537251884408
16,70.98504360468192,64.00299434096439
16,70.98615637491315,64.00858841898066
16,70.9873362264952,64.00796366176786
16,70.98820235720974,64.00775365009582
16,70.9867265284061,64.00822431291354
16,70.98592941457888,64.00840480362699
16,70.9836174958285,64.00686112351397
16,70.9888095072065,64.00406018092404
16,70.98949651676615,64.00503715145084
16,70.98761345565113,64.0083105763132
16,70.98639336756207,64.00682312925318
16,70.98824185314685,64.00586502654501
16,70.98651483118795,64.0033427327496
16,70.98939327506892,64.00566846943487
16,70.9835660055985,64.0057755301395
16,70.98591382257379,64.00391333101156
16,70.98647177853726,64.00363076128205
16,70.98694927922693,64.00519314799745
16,70.98401536193114,64.00777780275823
16,70.98280779404459,64.00704406168782
16,70.98312492411108,64.00420033486631
16,70.98647177853726,64.00363076128205
16,70.98532691111821,64.00526711613013
16,70.98639336756207,64.00682312925318
16,70.98508736000683,64.00584300978198
16,70.98562857802926,64.00267168677466
16,70.98839127986147,64.00388241468902
16,70.98562857802926,64.00267168677466
16,70.98824185314685,64.00586502654501
16,70.98679247143313,64.00330365691528
16,70.98581978228252,64.00727588756455
16,70.98839127986147,64.00388241468902
16,70.98740607291535,64.00594764264267
16,70.98759536713675,64.0074835845209
16,70.98296428776767,64.00744834681906
16,70.98911691167989,64.0071180674843
16,70.98914707289354,64.00588997024892
16,70.9867853468987,64.00506309233155
17,71.00642247192044,64.01143271467066
17,71.00960845017642,64.00715334617138
17,71.01017039732382,64.00867944512272
17,71.0105256705625,64.00836862950096
17,71.01009880883501,64.00880898935812
17,71.0099411048556,64.00617096260265
17,71.00817485304724,64.00988258707368
17,71.00593972535593,64.00816582298053
17,71.00938503129505,64.00621549340131
17,71.00572469937445,64.01134364599125
17,71.00749285757945,64.01093084428852
17,71.00916856471237,64.00776311278386
17,71.00833618564995,64.01040592489768
17,71.00999710905337,64.00404964690782
17,71.0056404530291,64.01046866568248
17,71.00818302576661,64.00665758829932
17,71.00721292747447,64.00611502197944
17,71.0105922184722,64.00703781443129
17,71.01009880883501,64.00880898935812
17,71.00749327416841,64.01126068060485
17,71.00810728444723,64.00376757227527
17,71.01042324809202,64.00430295049712
17,71.00608901338641,64.01011232269568
17,71.00988929968933,64.00444237838592
17,71.01038694128844,64.00564165051195
17,71.0090429201428,64.00736832690707
17,71.00875412475197,64.00646173078638
17,71.01028195711564,64.00889898368877
17,71.00718615887037,64.00871486069605
17,71.00654268418475,64.00538093639076
17,71.00858202219676,64.00574904481807
17,71.00755509054589,64.0113302853226
17,71.00875412475197,64.00646173078638
17,71.00764665355413,64.00890364283673
17,71.00849584638864,64.00711588205847
17,71.00805913260037,64.00502693473102
17,71.00794309961985,64.00595887099493
17,71.00824788460271,64.0083269533255
17,71.00562597156028,64.0097557301116
17,71.00506452299572,64.00870366631291
17,71.00702696029752,64.00447105040811
17,71.0090429201428,64.00736832690707
17,71.00662085432701,64.00948118879559
17,71.00781183876599,64.00636796882873
17,71.00818302576661,64.00665758829932
17,71.00577501173962,64.01131673710188
17,71.01048245785965,64.00801065066224
17,71.0099411048556,64.00617096260265
17,71.00753313810195,64.00658207513635
17,71.00971468932191,64.01034161379408
17,71.00781018526682,64.00826307097728
18,70.98720458760836,64.00820542409924
18,70.98621849661605,64.00752514438442
18,70.98312492411108,64.00420033486631
18,70.98415902562121,64.00454706858766
18,70.98700962185073,64.00536080667776
18,70.9883598702059,64.00634394978316
18,70.98713762923316,64.0064327174413
18,70.98512941622306,64.00901643586849
18,70.98809511694576,64.00814592452366
18,70.98580194710665,64.0072227716552
18,70.983964690019,64.00541668047217
18,70.98609273467916,64.00743595155203
18,70.98615637491315,64.00858841898066
18,70.98567963422165,64.00521438324508
18,70.98799077001301,64.0062388088908
18,70.9854888730802,64.00861724227777
18,70.98263704309865,64.00644412108117
18,70.98812136596848,64.00685088748504
18,70.9883598702059,64.00634394978316
18,70.98861306629757,64.00578883736165
18,70.98820235720974,64.00775365009582
18,70.98519589323942,64.00871495475886
18,70.98886554743498,64.00611950505511
18,70.98481460781946,64.0070520540583
18,70.98886554743498,64.00611950505511
18,70.98407817823464,64.00732110895528
18,70.98521913080207,64.00587199783055
18,70.98512941622306,64.00901643586849
18,70.9878724347981,64.00563056873051
18,70.9830485995403,64.00685934090788
18,70.98700941040735,64.00492806161354
18,70.9835660055985,64.0057755301395
18,70.9879199292335,64.00844032178661
18,70.98809511694576,64.00814592452366
18,70.98566501748073,64.00646930561683
18,70.98481460781946,64.0070520540583
18,70.98431614297672,64.00379358860094
18,70.98831107919402,64.00711132959863
18,70.98504360468192,64.00299434096439
18,70.98370990582762,64.00413809595804
18,70.98662149833149,64.0033921227981
18,70.98552913377536,64.00598555068997
18,70.9882708456875,64.0046667328772
18,70.98757177552272,64.00694960341349
18,70.98813317679908,64.00612445224534
18,70.9861740570169,64.00295640421461
18,70.98644816667795,64.00877826367298
18,70.98752149677131,64.00686596103064
18,70.98296428776767,64.00744834681906
18,70.9839256857122,64.00590253752239
18,70.98521913080207,64.00587199783055
18,70.98348466023704,64.00542302771221
18,70.98626122560607,64.0080611595739
18,70.98425522654667,64.00433637538804
18,70.9860499480529,64.00483056115148
18,70.98735603267284,64.00547659676846
18,70.98694927922693,64.00519314799745
18,70.98426523766743,64.00402500329957
18,70.98799077001301,64.0062388088908
18,70.98825887491708,64.00495993509224
18,70.98899568955167,64.00704424169949
18,70.9836174958285,64.00686112351397
18,70.98348466023704,64.00542302771221
18,70.98876402421647,64.00623063412424
18,70.986131876273,64.00870760850253
18,70.98519589323942,64.00871495475886
18,70.98731327680156,64.00557629841447
18,70.98381810001199,64.00768995787155
18,70.98786580473126,64.00435284868522
18,70.98415878603895,64.00877197579202
18,70.98626122560607,64.0080611595739
18,70.98650282661042,64.00796847687201
18,70.98731327680156,64.00557629841447
18,70.98341195742249,64.00420169524223
18,70.98316589112947,64.00475612178423
18,70.98728339660263,64.00476584668719
18,70.986524895867,64.00557295753387
18,70.98537312504985,64.00287862350535
18,70.98949651676615,64.00503715145084
18,70.98673032252928,64.00696508934912
18,70.9860499480529,64.00483056115148
18,70.98708921047402,64.00889605415199
18,70.98288711512342,64.00622736172227
18,70.98824185314685,64.00586502654501
18,70.98552913377536,64.00598555068997
18,70.98580194710665,64.0072227716552
18,70.98599579719131,64.00277508711176
18,70.98431614297672,64.00379358860094
18,70.98552913377536,64.00598555068997
18,70.9849771404264,64.0090656591505
18,70.98591673620726,64.00337321781635
18,70.98580870334023,64.0036609900684
18,70.98799077001301,64.0062388088908
18,70.98370990582762,64.00413809595804
18,70.98735603267284,64.00547659676846
18,70.98592941457888,64.00840480362699
18,70.9888095072065,64.00406018092404
18,70.9836174958285,64.00686112351397
18,70.98508736000683,64.00584300978198
18,70.98590372776235,64.00533620233955
18,70.98336205459614,64.00613796790027
18,70.9846144070377,64.00305715795832
18,70.98432808381398,64.00811866986732
18,70.98537312504985,64.00287862350535
18,70.98813317679908,64.00612445224534
18,70.98280093105627,64.00600361322711
18,70.98911691167989,64.0071180674843
18,70.983964690019,64.00541668047217
18,70.98425522654667,64.00433637538804
18,70.98426523766743,64.00402500329957
18,70.9888095072065,64.00406018092404
18,70.98608100281464,64.00347764335837
19,70.9862922850332,64.00798743813036
19,70.98809447267074,64.00756878236442
19,70.98771197417646,64.00825936243415
19,70.9909552040312,64.00854561840012
19,70.98720458760836,64.00820542409924
19,70.9879199292335,64.00844032178661
19,70.98980473397282,64.00393585289873
19,70.9871130877264,64.00689624877937
19,70.99135925493218,64.00654218523513
19,70.98864397252751,64.00505240147086
19,70.98878681784745,64.01050426950417
19,70.99174055358131,64.0067724261858
19,70.99022586752211,64.00835969808722
19,70.99019907955487,64.00681792707644
19,70.98708921047402,64.00889605415199
19,70.98615637491315,64.00858841898066
19,70.99130763389594,64.00625977349603
19,70.99132609485478,64.00490137606482
19,70.98975715081183,64.0061427855118
19,70.98650576672739,64.00678565836886
19,70.98680394192144,64.01002562433179
19,70.9888095072065,64.00406018092404
19,70.98976686289072,64.00571812051317
19,70.98700941040735,64.00492806161354
19,70.9895580930223,64.01070519738256
19,70.98878681784745,64.01050426950417
19,70.99065255985676,64.0061714854822
19,70.9909552040312,64.00854561840012
19,70.99021113992876,64.00547185050355
19,70.99022586752211,64.00835969808722
19,70.99082434102704,64.00629791170307
19,70.98749129309442,64.00442501424338
19,70.98738436611777,64.0105870597937
19,70.98955855083716,64.00642086174032
19,70.98949651676615,64.00503715145084
19,70.9907342178834,64.00731958824005
19,70.9888095072065,64.00406018092404
19,70.98713762923316,64.0064327174413
19,70.99089735279027,64.00859079703453
19,70.98688571955685,64.01061260141029
19,70.98738436611777,64.0105870597937
19,70.9882708456875,64.0046667328772
19,70.99089600607546,64.00833323048677
19,70.98933589049201,64.00782712661902
19,70.98809050541806,64.01143338963675
19,70.99114370971793,64.00583860665932
19,70.98719531169372,64.00533406335431
19,70.9882708456875,64.0046667328772
19,70.98909497551834,64.00702136704723
19,70.99093172684017,64.00811680736437
19,70.98909702851822,64.00616798321157
19,70.98909497551834,64.00702136704723
19,70.98792355075554,64.01030934983154
19,70.98961689778439,64.0097453510159
19,70.98931851425185,64.00777353898329
19,70.99058611847768,64.00407842481007
19,70.98771197417646,64.00825936243415
19,70.9885314387836,64.01152592224949
19,70.98581978228252,64.00727588756455
19,70.98719531169372,64.00533406335431
19,70.99005604672318,64.01066527498956
19,70.99022586752211,64.00835969808722
19,70.98689385584768,64.00847271609727
19,70.98694927922693,64.00519314799745
19,70.99022586752211,64.00835969808722
19,70.98859479403094,64.0085429115747
19,70.9916761247661,64.005596449773
19,70.98813324817515,64.00421393453891
19,70.9867453005236,64.00943139474303
19,70.98752149677131,64.00686596103064
19,70.98694927922693,64.00519314799745
19,70.98617282361127,64.00988127911641
19,70.9863575859335,64.00736214044979
19,70.9910944987561,64.00585262368485
19,70.98810232023372,64.00929455477726
19,70.9907342178834,64.00731958824005
19,70.98689385584768,64.00847271609727
19,70.99058611847768,64.00407842481007
19,70.98708921047402,64.00889605415199
19,70.98786580473126,64.00435284868522
19,70.98978572167546,64.00512541019361
19,70.98719531169372,64.00533406335431
19,70.98615637491315,64.00858841898066
20,70.98650576672739,64.00678565836886
20,70.99082434102704,64.00629791170307
20,70.98978572167546,64.00512541019361
20,70.98765080911505,64.00662848118972
20,70.98799077001301,64.0062388088908
20,70.99183405586841,64.00715347517705
20,70.98650576672739,64.00678565836886
20,70.98780819356685,64.00468674905478
20,70.98813324817515,64.00421393453891
20,70.98650576672739,64.00678565836886
20,70.99057225642231,64.01037061547564
20,70.98617282361127,64.00988127911641
20,70.9907342178834,64.00731958824005
20,70.98728623422389,64.01119373317088
20,70.98626122560607,64.0080611595739
20,70.99124279590576,64.0065083036966
20,70.98759536713675,64.0074835845209
20,70.98807909768449,64.00615491429457
20,70.98861306629757,64.00578883736165
20,70.9878724347981,64.00563056873051
20,70.98809447267074,64.00756878236442
20,70.9883147439756,64.00896902873302
20,70.99130763389594,64.00625977349603
20,70.99057225642231,64.01037061547564
20,70.98615637491315,64.00858841898066
20,70.98805609487201,64.00937642474189
20,70.99021113992876,64.00547185050355
20,70.98805609487201,64.00937642474189
20,70.98688571955685,64.01061260141029
20,70.98777790210957,64.0065548583259
21,71.01495850812306,64.0148535573156
21,70.9825657478771,63.99832915428066
21,71.0157132886533,64.01335974256013
21,71.01875914944993,64.01374305843059
21,70.99457707365838,63.99439225044856
21,71.01532498520162,64.00357531479263
21,70.98175973501763,63.99286568310248
21,71.01657797459067,63.999772206179486
21,70.98829144125148,63.99806061470055
21,70.9874746979379,63.99529631677947
21,70.97743871145589,64.00284700822702
21,70.99684798582224,63.98887195036369
21,71.00958045264173,64.01310480073336
21,71.0249171856568,64.00118303480635
21,70.98580777118205,63.98616979911102
21,71.01623932894341,64.00066751058657
21,70.99183515200222,64.00426552629263
21,70.99934676874184,64.01760194543188
21,70.99457562974668,64.02338048610592
21,71.00933682299663,64.0128105482609
21,70.99724097304387,63.97849583786079
21,70.99442601144925,63.991489248137135
21,70.99684798582224,63.98887195036369
21,70.99186595107165,64.01575437458948
21,71.00548724757654,63.993082607533864
21,70.99791517391641,64.01152257401127
21,71.00966500792978,63.978332804247934
21,70.98023223771006,63.98854427822952
21,70.99254198400486,64.01841171466708
21,71.00207696137905,63.987162453028446
21,70.99910993443035,64.02309843025965
21,71.0091370818107,63.987267331653406
21,70.98175973501763,63.99286568310248
21,71.00206036741778,63.98288648159787
21,70.98023223771006,63.98854427822952
21,70.99530651788517,64.018875100469
21,70.98088360795388,63.98638422895742
21,70.98829144125148,63.99806061470055
21,71.00017204909197,63.99057062885889
21,70.99556659492013,63.977658454992046
21,70.99268109390977,64.01512619783549
21,70.99268109390977,64.01512619783549
21,70.98170945288297,63.99646458566345
21,70.9940826582084,63.984347723640255
21,70.97877386505786,63.994802883946235
21,70.99576249765147,63.98905958686892
21,70.98930132034165,64.00361057951635
21,71.00206036741778,63.98288648159787
21,71.00561393664131,64.01922087466468
21,71.00299231104204,64.01862154270893
21,71.00338004850899,63.99047807498108
21,70.99670910192305,63.979833812816906
21,70.99940441026513,64.0185373853176
21,71.0130007247263,63.98781291055015
21,71.02049527874362,64.00155921237138
21,71.01336660416952,64.02010119887059
21,70.98260353777809,64.01138371785034
21,71.0134674199141,64.00776796693363
21,70.99530651788517,64.018875100469
21,71.00518442575662,64.0000576697194
21,71.00143646420744,63.978411064932224
21,71.01728885608375,64.0037739078233
21,71.01471131120276,64.00514413276643
21,70.98948828493198,64.00619671358356
21,70.9958812054192,63.97811852488495
21,70.99775976604765,63.993739366826176
21,70.99682958422972,63.98695171440382
21,71.00389847563015,63.99337199608197
21,70.99670910192305,63.979833812816906
21,71.00370923321094,63.99084702680325
21,70.99186595107165,64.01575437458948
21,71.01604545246039,64.01900113341111
21,70.99338951850827,63.9980770557662
21,71.0134674199141,64.00776796693363
21,70.99226100651465,63.9788049677387
21,70.99629819239101,64.01296427969578
21,70.98395268397324,63.98782845301668
21,70.97855169589296,63.98865191908742
21,70.98580777118205,63.98616979911102
21,71.02069416267739,63.988245096090694
21,70.98549871456113,63.98894321905628
21,70.98395268397324,63.98782845301668
21,70.99457562974668,64.02338048610592
21,71.00103733267089,63.98479205088349
21,70.98088360795388,63.98638422895742
21,70.99218825823567,63.98513689751923
21,70.99629819239101,64.01296427969578
21,70.97564634599497,64.00073319621521
21,70.99191838213387,64.0144048054323
21,70.99321960345682,63.986199412936934
21,70.97877386505786,63.994802883946235
21,71.00338004850899,63.99047807498108
21,70.99934061260223,63.99905253562506
21,70.99682958422972,63.98695171440382
21,71.00206036741778,63.98288648159787
21,70.99442601144925,63.991489248137135
21,70.99442601144925,63.991489248137135
21,71.01728236107807,63.995359022485104
21,70.99218825823567,63.98513689751923
21,70.99268109390977,64.01512619783549
21,70.99530651788517,64.018875100469
21,71.01081896520253,63.980146005825844
21,71.00821671918004,63.99797554518523
22,70.99882543432513,63.98527336682866
22,70.99918376233698,63.9825184368025
22,70.99954428260527,63.98227522373207
22,70.99443921122784,63.9827038922813
22,70.9984398985425,63.981121954598905
22,70.99755416983888,63.984228616148634
22,70.99926208322518,63.98375272966546
22,70.9963936369503,63.982502348248254
22,70.99756305463711,63.98652475925572
22,70.99909880240489,63.986611626623684
22,70.99542010927244,63.98425095216707
22,70.99631540369435,63.98406694297777
22,70.99675543810582,63.9837433311974
22,70.99523419616511,63.984272289375085
22,70.99909880240489,63.986611626623684
22,70.9993716799964,63.984529783271824
22,70.99530059888005,63.98335356494682
22,70.9949523205276,63.98195042176313
22,70.99516782760358,63.98145197554728
22,70.99676756587617,63.98509942452969
22,70.99649186710326,63.986690501191426
22,70.99840023961796,63.986173899117865
22,70.99555856701615,63.983583260685805
22,70.99536482162051,63.98279934599564
22,71.0000433276746,63.98338480428797
22,70.99630963743917,63.982012034979334
22,70.99805823704008,63.98316097531905
22,70.99731239838412,63.98408576593339
22,70.9969519962905,63.985316300089536
22,70.99799784440185,63.98471306865289
22,70.99951348095588,63.98293285827538
22,70.99568024282925,63.98171659276006
22,70.99748472717229,63.98507397160253
22,70.99665019385313,63.98568408870611
22,70.9948332740203,63.98177529809994
22,70.99613167089007,63.98484257838808
22,70.9971977764266,63.983553395692894
22,70.99534292599029,63.98445224436778
22,70.99805823704008,63.98316097531905
22,70.99443921122784,63.9827038922813
22,70.99787706111483,63.98249168737162
22,70.9942859015352,63.985060987628366
22,70.99880090346713,63.98118406813707
22,70.99840023961796,63.986173899117865
22,70.99742673082557,63.98654184982406
22,70.99909880240489,63.986611626623684
22,70.99523419616511,63.984272289375085
22,70.99698386163088,63.98448424174242
22,70.99796091958385,63.982627686520736
22,70.99977655555159,63.98415224700484
22,70.99714277306013,63.985590831696655
22,70.99627074678979,63.980718886611626
22,70.99627074678979,63.980718886611626
22,70.99534078097878,63.98495002748807
22,71.00046753152074,63.984079284478725
22,70.99695995613098,63.98450734258963
22,70.99775491326496,63.98361511982843
22,70.99914119881298,63.986124958916484
22,70.99586274239262,63.9849811499142
22,70.99926208322518,63.98375272966546
22,70.99796091958385,63.982627686520736
22,70.99755416983888,63.984228616148634
22,70.99918376233698,63.9825184368025
22,70.99464449260292,63.98448161811309
22,70.99530059888005,63.98335356494682
22,70.99475136298773,63.983693700438614
22,70.99629935864547,63.982675162995506
22,70.99713712223733,63.98374675025796
22,70.99840023961796,63.986173899117865
22,70.9942859015352,63.985060987628366
22,70.99926208322518,63.98375272966546
22,70.99802891109567,63.980522323491044
22,70.99542010927244,63.98425095216707
22,70.99741856407378,63.98223280009684
22,70.99649186710326,63.986690501191426
22,70.99695995613098,63.98450734258963
22,70.99972280559618,63.985359867913076
22,70.9986984846102,63.985115424273474
22,70.99592567565476,63.98166391267595
22,70.99519089383709,63.98325617257792
22,71.00005646032783,63.98446859977358
22,70.9980607394095,63.98312669630382
22,70.99509313480998,63.98105197543037
22,70.99833472462689,63.98090748388033
22,70.99711779345196,63.98509495188335
22,70.99915990565896,63.9857111105062
23,70.99109423872176,64.01540471358275
23,70.99193607619756,64.01272636174038
23,70.99162948403504,64.01771710571471
23,70.99305196785835,64.01571761168988
23,70.9887571471409,64.01438593155115
23,70.99167615906698,64.01667017592294
23,70.98922627260227,64.01748225794607
23,70.98972262496791,64.01545934672072
23,70.98768715378618,64.01503214953655
23,70.98988304345941,64.01742522193214
23,70.98941672273317,64.01700825707975
23,70.98867282631494,64.01292549947235
23,70.99150510504207,64.0171693016446
23,70.98961556674946,64.01205738198985
23,70.98884084581312,64.01654484640973
23,70.99181162029109,64.01714595789363
23,70.98801979241378,64.01703356374742
23,70.99126477609563,64.0131265637833
23,70.98957830850287,64.01711283300288
23,70.98804886628457,64.0151847865291
23,70.99003664383886,64.01427320845232
23,70.99167615906698,64.01667017592294
23,70.99207362391579,64.01472680654913
23,70.99386565153965,64.0160843168357
23,70.99229196370004,64.01518058163413
23,70.9879520991336,64.01378629336287
23,70.99157014498324,64.01758499044087
23,70.9880103068748,64.01371331818386
23,70.99281119053443,64.0175239035925
23,70.99053481798089,64.01648142598994
23,70.98862576156884,64.01656312597538
23,70.98854171010643,64.01489607117212
23,70.98961556674946,64.01205738198985
23,70.99205066049794,64.01755492383063
23,70.99157014498324,64.01758499044087
23,70.99112713317352,64.01816615840225
23,70.99194538082175,64.01803208931943
23,70.98938328517649,64.01801368756651
23,70.99310358195204,64.01439352914511
23,70.99249562243675,64.0156023540302
23,70.99199974294223,64.01645703577348
23,70.99249562243675,64.0156023540302
23,70.99386565153965,64.0160843168357
23,70.99325321291666,64.0161351101257
23,70.98751642424335,64.01438718012277
23,70.98804886628457,64.0151847865291
23,70.99186595107165,64.01575437458948
23,70.99100637064177,64.01773867798468
23,70.99120434305982,64.01510708523622
23,70.99193607619756,64.01272636174038
23,70.98726833465311,64.0141198847696
23,70.98928822403738,64.01257908030335
23,70.98976693680159,64.01216988161819
23,70.98917824900042,64.01298691762115
23,70.98884427253336,64.01439642603177
23,70.99216976002685,64.0130665047358
23,70.98862576156884,64.01656312597538
23,70.99229196370004,64.01518058163413
23,70.98678755863335,64.01372902406958
23,70.99262758782515,64.01793427337984
23,70.99201565416374,64.0137655727586
23,70.98941672273317,64.01700825707975
23,70.98941975913992,64.01723639483664
23,70.98885925621747,64.01359287953292
23,70.98920027133859,64.01557476116926
23,70.98833903336049,64.01534568068071
23,70.98889610055062,64.01548102703389
23,70.99135870622814,64.01559939003067
23,70.99180759748684,64.01280399892657
23,70.9887571471409,64.01438593155115
23,70.9917180392541,64.01812104184523
23,70.99000666174491,64.01688918320403
23,70.99350033921209,64.01459202456572
23,70.98976693680159,64.01216988161819
23,70.9899652847684,64.01267403415419
23,70.99072093497092,64.01447214937981
23,70.9896170471527,64.01170237140033
23,70.99056146958996,64.01571101973066
23,70.9879520991336,64.01378629336287
23,70.98818366868463,64.01395641406876
23,70.98848511696812,64.01563985913154
23,70.9913104147405,64.01486093321334
23,70.99162948403504,64.01771710571471
23,70.99010043419409,64.01268650316024
23,70.99213904139422,64.01436522777408
23,70.99313608832936,64.0150544737615
23,70.99305196785835,64.01571761168988
23,70.99194538082175,64.01803208931943
23,70.98925680147609,64.01454895830439
23,70.991319921756,64.01669357985071
23,70.99112713317352,64.01816615840225
23,70.99112713317352,64.01816615840225
23,70.99030223174339,64.01423214751968
23,70.9880103068748,64.01371331818386
23,70.98867282631494,64.01292549947235
24,70.99321960345682,63.986199412936934
24,71.01134140961805,63.99978555719003
24,70.99338951850827,63.9980770557662
24,70.99830849253996,64.02264273207003
24,71.01902410966582,63.99501115024594
24,70.98260353777809,64.01138371785034
24,70.98223713850724,63.99107319922921
24,70.98413815046747,64.00217934891594
24,70.99218825823567,63.98513689751923
24,71.0011050620569,64.0170349488325
24,70.98566501748073,64.00646930561683
24,70.98458519529345,63.995268106424525
24,70.98415227590107,63.98805184405767
24,71.02217094217183,63.99935542389008
24,71.01728885608375,64.0037739078233
24,70.99252619126909,64.0161163867704
24,70.99670910192305,63.979833812816906
24,71.00919287133519,64.00823900736398
24,70.98608915571658,63.98505492986282
24,70.9807868589124,64.00752501023435
24,71.00809700264608,64.0094837835013
24,70.98687719592937,63.9898639911298
24,70.99276392311329,63.98590254646873
24,71.005539086045,64.0209175427367
24,70.98413815046747,64.00217934891594
24,70.99218825823567,63.98513689751923
24,70.99629819239101,64.01296427969578
24,70.97855169589296,63.98865191908742
24,70.99252619126909,64.0161163867704
24,71.00682622290077,64.01560219789027
24,71.00860332514,64.00191386906059
24,71.00682622290077,64.01560219789027
24,71.02217094217183,63.99935542389008
24,71.00966500792978,63.978332804247934
24,70.9995716989074,64.0109613403106
24,71.00299231104204,64.01862154270893
24,71.00206036741778,63.98288648159787
24,70.98948828493198,64.00619671358356
24,70.99922199146798,63.97895132176667
24,70.99339544849137,63.98881828964373
24,71.0239724460342,63.99722696040925
24,70.98696116028212,63.997794757639106
24,71.00041388323619,63.97606124725136
24,71.00806646330972,63.97865058157759
24,71.00365895284368,64.01870369194255
24,71.00821671918004,63.99797554518523
24,70.99339544849137,63.98881828964373
24,70.99830849253996,64.02264273207003
24,71.00461004036066,64.0016466423417
24,71.01532498520162,64.00357531479263
24,70.98565220198383,63.997481669556436
24,70.9989619063244,63.994162404318175
24,71.0239724460342,63.99722696040925
24,71.01657797459067,63.999772206179486
25,71.00002449059724,63.99045269353635
25,70.99630177492145,63.989214531677
25,70.9980113006979,63.98886610539177
25,70.99970179758583,63.990346868419444
25,70.99832136363288,63.98834509444807
25,70.99785018243159,63.989222109995815
25,70.99901582383204,63.98467968337327
25,70.99931423987077,63.98827409419608
25,70.9986269404936,63.99090792355413
25,71.0016011229321,63.98925341371062
25,70.99977655555159,63.98415224700484
25,70.99913387631351,63.98895907597368
25,70.99910944594112,63.98964361660571
25,71.00054383311418,63.9853262263996
25,71.00067009003175,63.98469894728796
25,70.9978194632333,63.98566536353287
25,70.99930422315666,63.988244210046204
25,71.00054383311418,63.9853262263996
25,70.99983393353531,63.984545854227854
25,71.00054383311418,63.9853262263996
25,70.99596169470075,63.988372058118856
25,70.99909521112009,63.98688075028817
25,70.9989195939585,63.984445639943004
25,70.99656097953192,63.98858182228577
25,71.00040296413583,63.98452989648153
25,71.00067662299297,63.98871126750551
25,70.99824533135865,63.98650239368585
25,70.99873094752164,63.9894953327201
25,71.00206587190083,63.98781089525783
25,70.99785018243159,63.989222109995815
25,70.99908992533543,63.98741915032341
25,71.00184731717617,63.98679715378391
25,70.99843156619917,63.987610655908504
25,70.9989506335637,63.98972613025251
25,71.00032828526273,63.98687877725816
25,70.9986269404936,63.99090792355413
25,70.99915990565896,63.9857111105062
25,71.00021462028762,63.987065637646374
25,70.9980553651171,63.98794474276958
25,70.99909880240489,63.986611626623684
25,70.99656968967592,63.98751111854681
25,70.99769831963226,63.98931373588287
25,70.99981240708652,63.985687875351424
25,71.00005646032783,63.98446859977358
25,70.9986269404936,63.99090792355413
25,70.99961226569305,63.98701891268842
25,70.99672492551998,63.98836143198618
25,70.99854366559317,63.987387148914905
25,70.9990568335433,63.989191334794924
25,70.99630177492145,63.989214531677
25,70.99790616773325,63.98889258754923
25,70.99831355998131,63.98684626247439
25,71.00120078758906,63.98684475733098
25,71.00057742881495,63.99003054306382
25,70.99598098607528,63.98745472383977
25,70.99882543432513,63.98527336682866
25,70.99889040894062,63.989457771567686
25,70.9990503612433,63.98946553229663
25,71.00041152015885,63.98756391935819
25,71.00206587190083,63.98781089525783
25,70.99855350197907,63.98959569790356
25,71.00043362714001,63.98656693282432
25,70.99930915775754,63.98417653920487
25,70.99913387631351,63.98895907597368
25,70.99705556920215,63.988887748272525
25,71.00218932205145,63.988016445277246
25,71.0012010042682,63.98582994259045
26,71.00212728027854,64.01446171132078
26,70.99807601260285,64.01206586481246
26,70.99802622852442,64.011408766306
26,71.00034061865206,64.01110880723189
26,71.00294211646789,64.0130182623337
26,71.00005956507695,64.01351247777099
26,71.0002930212015,64.01432497124772
26,70.99791517391641,64.01152257401127
26,71.00036943629199,64.01214527404058
26,70.99976717872413,64.01525254972256
26,70.9988293720743,64.01129734304368
26,70.99768160577052,64.01512461894431
26,70.99765409902004,64.01172685469405
26,70.99958290959012,64.0154448299986
26,71.00170146439926,64.01400261852349
26,70.99752736033759,64.01683177999816
26,70.99888438126001,64.01703598733704
26,71.00010685263356,64.01725136791302
26,71.00102460815403,64.01396593125631
26,71.00087934756392,64.01405023682351
26,71.00079983779773,64.01110184753742
26,70.99752736033759,64.01683177999816
26,70.9995716989074,64.0109613403106
26,70.99980305984107,64.01068184984469
26,70.99713468211331,64.01477852361495
26,70.99980156767268,64.01626883213144
26,70.99738489116676,64.01232158007939
26,70.99815986620088,64.01196046552485
26,71.00231073338007,64.01615905477676
26,71.00183782675471,64.01490854021222
26,71.00072711421063,64.01739557550934
26,71.00269537091057,64.01337683699381
26,71.00102522306229,64.01720629041439
26,70.99840646228452,64.01104893789378
26,70.99901781765365,64.01279938890191
26,71.00110770403836,64.01099445886653
26,70.99989644751302,64.01291517310567
26,70.99901766872843,64.01514943924856
26,71.0011641154555,64.01530662632572
26,71.0014716496777,64.0156241894108
26,70.99822174330869,64.01703406934921
26,70.9989964551441,64.01105423685911
26,70.99847170331492,64.01381239777267
26,70.99940187761685,64.01412475941771
26,70.99982098844525,64.01265520541493
26,70.99990465925502,64.01758459349843
26,71.00010685263356,64.01725136791302
26,70.99765409902004,64.01172685469405
26,70.99839551577351,64.0143692487271
26,70.99899410382207,64.01675027217227
26,71.00043553915744,64.01692735521442
26,71.00019068486284,64.01311992733552
26,70.99878638803789,64.01349601545175
26,70.99744998400921,64.01508197614339
26,70.99980305984107,64.01068184984469
26,70.99696377357282,64.01557618258745
26,70.99766340797014,64.0148550555694
26,71.00003111930098,64.01305856539078
26,71.00010685263356,64.01725136791302
26,70.9995440313057,64.01066753412256
26,71.00112160483137,64.01462504292732
26,71.00003130604172,64.01642636111033
26,71.00005956507695,64.01351247777099
26,70.99650498667296,64.01463017512279
26,70.99791517391641,64.01152257401127
26,71.00087868121919,64.01180906487767
26,70.99752736033759,64.01683177999816
26,71.00110770403836,64.01099445886653
26,71.0003534420736,64.01337987271377
26,71.00009246380614,64.01672800327403
26,70.99756040491988,64.01513962129259
26,70.99688306353747,64.01387147263551
26,70.99679375368072,64.01402465645053
26,71.00176153755949,64.01138224456102
26,70.99665568366223,64.0133886534288
26,70.99738842554613,64.01571814871812
27,70.98786406120031,64.01131005475317
27,70.99216976002685,64.0130665047358
27,70.99272860427043,64.00937473097268
27,70.98787769733431,64.00946491872212
27,70.99031073231711,64.01356936579896
27,70.98756345028168,64.01150015875929
27,70.98878681784745,64.01050426950417
27,70.98793057970188,64.01138011619
27,70.98728623422389,64.01119373317088
27,70.99093172684017,64.00811680736437
27,70.98818366868463,64.01395641406876
27,70.99062525120594,64.00806318860216
27,70.99025772869945,64.00897645296877
27,70.9914572667178,64.008759190793
27,70.99050482461271,64.0096014294076
27,70.99005604672318,64.01066527498956
27,70.9907148592604,64.01362805935813
27,70.99062805069741,64.00928864663595
27,70.98693683811821,64.01315569568114
27,70.98714660904679,64.01277612373902
27,70.99277051912975,64.00951548091686
27,70.98793884193115,64.00994849156896
27,70.9885314387836,64.01152592224949
27,70.98867715217298,64.01405939728592
27,70.98867715217298,64.01405939728592
27,70.98756345028168,64.01150015875929
27,70.9909780434374,64.01018943954196
27,70.99101835152638,64.00861093824311
27,70.98817975049768,64.01163339125685
27,70.9892942006801,64.01407410846046
27,70.993249348371,64.01189467897622
27,70.98694557250046,64.01078719593927
27,70.9911439600121,64.01233208968218
27,70.98855083346486,64.01223465070184
27,70.99089735279027,64.00859079703453
27,70.9883274118534,64.0090741454579
27,70.98665772144291,64.01085404606565
27,70.99325392225127,64.01108358940616
27,70.9907987051863,64.01253671617056
27,70.98718232960849,64.01303763999321
27,70.98928938233077,64.01354992154985
27,70.9883389351437,64.00968964494093
27,70.98767333170264,64.01163206311362
27,70.98767333170264,64.01163206311362
27,70.9885314387836,64.01152592224949
27,70.98976693680159,64.01216988161819
27,70.99003664383886,64.01427320845232
27,70.99279622078033,64.01086270213894
27,70.99011525490648,64.01131730635394
27,70.99089735279027,64.00859079703453
27,70.98784402818664,64.01099541422145
27,70.98919026537364,64.01203807411513
27,70.98675329861551,64.01166860336153
27,70.9914572667178,64.008759190793
27,70.98905405637208,64.01358868309251
27,70.99180759748684,64.01280399892657
27,70.99277051912975,64.00951548091686
27,70.99050482461271,64.0096014294076
27,70.98835402370602,64.01225797902539
27,70.99082568507127,64.01064094692384
27,70.9911439600121,64.01233208968218
27,70.99024786421519,64.0093423760017
27,70.98919026537364,64.01203807411513
27,70.9911439600121,64.01233208968218
27,70.98835515112941,64.0093149659647
27,70.99142670361205,64.00824553197042
27,70.99018406427192,64.01397596808776
27,70.993249348371,64.01189467897622
27,70.99206162531723,64.00872256647273
27,70.9876104330131,64.0102855641246
27,70.98718232960849,64.01303763999321
27,70.99223972615552,64.00878746070171
27,70.99192371246285,64.01289045282499
27,70.98884427253336,64.01439642603177
27,70.9885314387836,64.01152592224949
27,70.99196582832275,64.01391883010935
27,70.99122831015552,64.01088487384476
27,70.98885925621747,64.01359287953292
27,70.99206162531723,64.00872256647273
27,70.99062805069741,64.00928864663595
27,70.98867715217298,64.01405939728592
27,70.9921769329245,64.01063089305582
27,70.98818441830396,64.01349594714748
27,70.99024786421519,64.0093423760017
27,70.9888670194934,64.01244423191488
27,70.9883147439756,64.00896902873302
27,70.9904101406809,64.01062779548475
27,70.99215582721082,64.01118611271873
27,70.98845892147848,64.00913166313795
27,70.9904101406809,64.01062779548475
27,70.99005604672318,64.01066527498956
27,70.98878681784745,64.01050426950417
27,70.98928938233077,64.01354992154985
27,70.99146583660084,64.010379010742
27,70.99096608189025,64.01151826902671
27,70.9904101406809,64.01062779548475
27,70.9893664643163,64.01020261825192
27,70.99089311916866,64.0137151055677
27,70.99114033844718,64.01381662516654
27,70.9885314387836,64.01152592224949
27,70.98621778287905,64.01146102037042
27,70.99056900248311,64.0131563131277
27,70.9876104330131,64.0102855641246
27,70.99193607619756,64.01272636174038
27,70.9921769329245,64.01063089305582
27,70.99057225642231,64.01037061547564
28,71.00710227049916,64.00903245185097
28,71.01042324809202,64.00430295049712
28,71.0041545613656,64.00473930045258
28,71.00756147730499,64.0010796600119
28,71.00805913260037,64.00502693473102
28,71.00638270302285,64.00078262172335
28,71.00493676424897,64.00524339214243
28,71.00838005382892,64.00806999799478
28,71.0088966240665,64.00715108149915
28,71.01012191680196,64.00246140648574
28,71.00941804674515,64.00210603942374
28,71.00742208442406,64.00186169990845
28,71.00493676424897,64.00524339214243
28,71.00710563816538,64.00772541168423
28,71.00616417517449,64.0019517349644
28,71.00629647199597,64.00138742932745
28,71.0069425740267,64.00381074498313
28,71.0071734291398,64.0087744464813
28,71.00691310740099,64.00302957669128
28,71.00566214104016,64.00573156912347
28,71.00654268418475,64.00538093639076
28,71.00548863233244,64.00417576337176
28,71.01033843264169,64.00386642472131
28,71.00706961145603,64.00313256774744
28,71.00613047307557,64.00147738436893
28,71.00625274973942,64.00444375437844
28,71.00691585905707,64.00207317564734
28,71.00691585905707,64.00207317564734
28,71.00849268291722,64.00376901752806
28,71.0076952178281,64.00501182108256
28,71.00520530363387,64.00552266060068
28,71.00718615887037,64.00871486069605
28,71.0072437668076,64.00796888161614
28,71.00642559544839,64.00855592640082
28,71.00647585781384,64.00588793305049
28,71.00629647199597,64.00138742932745
28,71.00720815627784,64.00467657240208
28,71.00725918487107,64.00372210643788
28,71.0079930244428,64.00094951287092
28,71.00537579151847,64.00328205550755
28,71.00552917417575,64.00627613287209
28,71.00706961145603,64.00313256774744
28,71.00635248689521,64.00509199252797
28,71.0055161264798,64.00400240050264
28,71.0088966240665,64.00715108149915
28,71.0099509091081,64.00454926715847
28,71.0069609924633,64.00309507228233
28,71.00850946339207,64.00339694035127
28,71.00566214104016,64.00573156912347
28,71.00691452688369,64.00775144827374
28,71.00983134876971,64.00328726590757
28,71.0061827136868,64.00309191703546
28,71.00656310600868,64.00744885899026
28,71.00597047164662,64.00171967380157
28,71.00445171259555,64.00588637794267
28,71.00660554526503,64.00644292500152
28,71.00779228605747,64.0043858071964
28,71.00947692958991,64.005754470194
28,71.00552917417575,64.00627613287209
28,71.00938503129505,64.00621549340131
28,71.00999710905337,64.00404964690782
28,71.00710227049916,64.00903245185097
28,71.00889789717905,64.0040156966186
28,71.00430652679213,64.00402367055719
28,71.00566214104016,64.00573156912347
28,71.00545288090343,64.00544388983182
28,71.00684270888623,64.00706654861344
28,71.00631812518766,64.0035742994096
28,71.00742434357338,64.00080483884479
28,71.00890515476864,64.00482931133494
28,71.00730799294601,64.00436253974539
28,71.0077195335733,64.00651388311103
28,71.00484679565108,64.0069253510536
28,71.00641925322704,64.00618369063476
28,71.0091801831185,64.0017107688505
28,71.00414904539697,64.0054028082193
28,71.00807471171463,64.00744130079318
28,71.00442354671148,64.00675025219213
28,71.00661583132792,64.00563956559945
28,71.00537579151847,64.00328205550755
28,71.00924945056123,64.00597999510285
28,71.0061012889132,64.00551732458413
28,71.00850946339207,64.00339694035127
28,71.00600479761073,64.0089130409572
28,71.00597047164662,64.00171967380157
28,71.00564074982634,64.00712171325182
28,71.0069425740267,64.00381074498313
28,71.00660554526503,64.00644292500152
29,70.9803373776441,64.00040421747131
29,71.0110664069523,64.0061275600481
29,70.98023223771006,63.98854427822952
29,70.98415227590107,63.98805184405767
29,71.01495850812306,64.0148535573156
29,70.9988286929496,64.02420426842053
29,71.01495850812306,64.0148535573156
29,70.99226100651465,63.9788049677387
29,70.99186595107165,64.01575437458948
29,71.01471131120276,64.00514413276643
29,70.98170945288297,63.99646458566345
29,71.00695017725236,63.989715140373654
29,71.00958045264173,64.01310480073336
29,70.99252619126909,64.0161163867704
29,71.00561393664131,64.01922087466468
29,70.98175973501763,63.99286568310248
29,70.99252619126909,64.0161163867704
29,70.99908008317625,63.99067335228065
29,71.00143646420744,63.978411064932224
29,70.98559024820875,64.00771495049206
29,70.99682958422972,63.98695171440382
29,70.9825657478771,63.99832915428066
29,70.99457562974668,64.02338048610592
29,71.00103733267089,63.98479205088349
29,70.9940826582084,63.984347723640255
29,70.98948828493198,64.00619671358356
29,70.99830849253996,64.02264273207003
29,71.00958045264173,64.01310480073336
29,71.01413428749717,64.00933052722397
29,71.00561393664131,64.01922087466468
29,71.0130007247263,63.98781291055015
29,70.98651483118795,64.0033427327496
29,71.0157132886533,64.01335974256013
29,70.99321960345682,63.986199412936934
29,71.0011050620569,64.0170349488325
29,71.01866100783887,63.99788143790497
29,71.02069416267739,63.988245096090694
29,71.00682622290077,64.01560219789027
29,70.99002683185746,63.98697044803746
29,71.0130007247263,63.98781291055015
29,70.9807868589124,64.00752501023435
29,70.99922199146798,63.97895132176667
29,71.00933682299663,64.0128105482609
29,70.99186595107165,64.01575437458948
29,71.0117425146062,63.99171808941867
29,71.00933682299663,64.0128105482609
29,71.01623932894341,64.00066751058657
29,71.00389847563015,63.99337199608197
29,70.99775976604765,63.993739366826176
29,70.99284426633446,64.01787339811352
29,71.00809700264608,64.0094837835013
29,70.9940826582084,63.984347723640255
29,70.9910944987561,64.00585262368485
29,71.01551861924901,64.00196209817301
29,70.98651483118795,64.0033427327496
29,70.97918524056273,63.99099609009019
29,71.00389847563015,63.99337199608197
29,71.00839676087291,64.01476224047515
29,70.99629819239101,64.01296427969578
29,70.9803373776441,64.00040421747131
29,70.99791517391641,64.01152257401127
29,71.0011050620569,64.0170349488325
29,71.01056937264443,63.98511225163726
29,70.9958812054192,63.97811852488495
29,70.98395268397324,63.98782845301668
29,70.9803373776441,64.00040421747131
29,71.02166794469986,63.992361726666424
29,71.01532498520162,64.00357531479263
29,70.98948828493198,64.00619671358356
29,70.9890038150825,64.00342254648814
29,71.02166794469986,63.992361726666424
29,71.00682622290077,64.01560219789027
29,71.00809700264608,64.0094837835013
29,70.9995716989074,64.0109613403106
29,71.00041388323619,63.97606124725136
29,70.97923867530228,64.01052653085084
29,70.99442601144925,63.991489248137135
29,70.99002683185746,63.98697044803746
29,71.005539086045,64.0209175427367
29,70.99124739049483,63.98036622829794
29,70.9825657478771,63.99832915428066
29,71.01056937264443,63.98511225163726
29,71.00821671918004,63.99797554518523
29,70.99724097304387,63.97849583786079
29,71.01471131120276,64.00514413276643
29,70.9866229665901,63.986548019388835
29,70.98829144125148,63.99806061470055
29,71.01413428749717,64.00933052722397
29,71.00521480637838,63.98372050473778
29,70.99191838213387,64.0144048054323
29,71.00561393664131,64.01922087466468
29,70.99682958422972,63.98695171440382
29,70.98549871456113,63.98894321905628
29,71.00152752456778,64.00625683552245
29,70.9807868589124,64.00752501023435
29,70.99934676874184,64.01760194543188
29,71.00682622290077,64.01560219789027
29,71.00365895284368,64.01870369194255
29,70.98149586637061,63.999093954235114
29,71.00518442575662,64.0000576697194
29,70.99908008317625,63.99067335228065
29,70.98608915571658,63.98505492986282
29,71.00809700264608,64.0094837835013
29,70.9874746979379,63.99529631677947
29,70.9978484843966,64.01917798560339
29,70.98687538559584,63.991872709234066
29,70.98149586637061,63.999093954235114
29,71.01902410966582,63.99501115024594
29,70.99922199146798,63.97895132176667
29,71.00806646330972,63.97865058157759
29,70.99934676874184,64.01760194543188
29,71.01623932894341,64.00066751058657
29,71.00389847563015,63.99337199608197
29,70.99457562974668,64.02338048610592
29,71.01355424279785,64.01321378066999
29,70.99530651788517,64.018875100469
30,71.01038694128844,64.00564165051195
30,71.00593972535593,64.00816582298053
30,71.01019022764083,64.00694466960205
30,71.00887301144387,64.0089557000471
30,71.00988929968933,64.00444237838592
30,71.00660554526503,64.00644292500152
30,71.0088966240665,64.00715108149915
30,71.00757868147464,64.01021096844826
30,71.00642247192044,64.01143271467066
30,71.01093472689944,64.00589534506416
30,71.00817485304724,64.00988258707368
30,71.01008383863838,64.00787507322822
30,71.00887301144387,64.0089557000471
30,71.00662085432701,64.00948118879559
30,71.00790573546585,64.0088771620162
30,71.00589018187688,64.0101161720952
30,71.00756665344332,64.00866037473469
30,71.00580067287738,64.00787413800586
30,71.00577501173962,64.01131673710188
30,71.00593972535593,64.00816582298053
30,71.0090429201428,64.00736832690707
30,71.00580658980081,64.0074043128644
30,71.01069348459416,64.00497350316657
30,71.0088966240665,64.00715108149915
30,71.00527801144528,64.01078776029993
30,71.01069348459416,64.00497350316657
30,71.01003837341071,64.0054131529591
30,71.00919287133519,64.00823900736398
30,71.00885581418346,64.00832808398044
30,71.0063748267013,64.00566368784021
30,71.00600479761073,64.0089130409572
30,71.00787058320812,64.00426001038441
30,71.00982028294443,64.01020787302363
30,71.00635248689521,64.00509199252797
30,71.0101559473649,64.00634805344801
30,71.00939461192006,64.00803428371626
30,71.01093472689944,64.00589534506416
30,71.00915536287681,64.00462422719168
30,71.00708982998734,64.0073399089291
30,71.00971468932191,64.01034161379408
30,71.00641295677237,64.01164075771601
30,71.01053096689726,64.00505383107588
30,71.0065936188148,64.011003500659
30,71.00685345636376,64.00938994185096
30,71.0072437668076,64.00796888161614
30,71.00960845017642,64.00715334617138
30,71.00638814326305,64.00722714014083
30,71.0090641253699,64.01128647083081
30,71.00953071746214,64.00908655918279
30,71.00527801144528,64.01078776029993
30,71.00849268291722,64.00376901752806
30,71.0079260980883,64.00972120747298
30,71.00790573546585,64.0088771620162
30,71.00624835063915,64.00928865051287
30,71.00520821354627,64.00955641471563
30,71.00520821354627,64.00955641471563
30,71.00814212575914,64.00861241423834
30,71.00801460477041,64.00703790482397
30,71.01017039732382,64.00867944512272
31,71.02271955338598,63.992778217957444
31,71.0014716496777,64.0156241894108
31,70.98580777118205,63.98616979911102
31,70.98415227590107,63.98805184405767
31,71.005539086045,64.0209175427367
31,70.9910944987561,64.00585262368485
31,71.01728885608375,64.0037739078233
31,70.99670910192305,63.979833812816906
31,70.99910993443035,64.02309843025965
31,70.98549871456113,63.98894321905628
31,71.00806646330972,63.97865058157759
31,70.99339544849137,63.98881828964373
31,70.99775976604765,63.993739366826176
31,70.99775976604765,63.993739366826176
31,70.99348734414171,64.02245056728566
31,70.9825657478771,63.99832915428066
31,70.98687538559584,63.991872709234066
31,70.9874746979379,63.99529631677947
31,71.00103733267089,63.98479205088349
31,70.98930132034165,64.00361057951635
32,70.99052455777169,64.00888981078333
32,70.99062805069741,64.00928864663595
32,70.98824185314685,64.00586502654501
32,70.9876104330131,64.0102855641246
32,70.98708921047402,64.00889605415199
32,70.98656953442459,64.00910703431454
32,70.98878681784745,64.01050426950417
32,70.99058611847768,64.00407842481007
32,70.990639771728,64.00830779010231
32,70.99014801944521,64.00831178647846
32,70.98759536713675,64.0074835845209
32,70.9910944987561,64.00585262368485
32,70.98809050541806,64.01143338963675
32,70.99021113992876,64.00547185050355
32,70.99082434102704,64.00629791170307
32,70.98909702851822,64.00616798321157
32,70.9883274118534,64.0090741454579
32,70.98980473397282,64.00393585289873
32,70.99021113992876,64.00547185050355
32,70.99135925493218,64.00654218523513
32,70.98665772144291,64.01085404606565
32,70.98650576672739,64.00678565836886
32,70.98977299757146,64.00646554739171
32,70.98713762923316,64.0064327174413
32,70.9901748889498,64.00524132855972
32,70.9882871816931,64.00499311234566
32,70.98952736115619,64.00834772338222
32,70.99142670361205,64.00824553197042
32,70.98607316900444,64.00804217894057
32,70.98727808788783,64.00975598087082
32,70.98859479403094,64.0085429115747
32,70.98763089672792,64.00708439931823
32,70.9901748889498,64.00524132855972
32,70.98931851425185,64.00777353898329
32,70.98804858734283,64.00577849936715
32,70.98700447220476,64.01029206622495
32,70.98975715081183,64.0061427855118
32,70.98673032252928,64.00696508934912
32,70.9862922850332,64.00798743813036
32,70.98793884193115,64.00994849156896
32,70.98752149677131,64.00686596103064
32,70.98905845788579,64.00733954619977
32,70.98907192936531,64.00660772939102
32,70.99135925493218,64.00654218523513
32,70.98617282361127,64.00988127911641
32,70.99135925493218,64.00654218523513
32,70.99065255985676,64.0061714854822
32,70.99071875253644,64.00853909887454
32,70.99119379041458,64.00758845015721
32,70.98975715081183,64.0061427855118
32,70.9909552040312,64.00854561840012
32,70.9888095072065,64.00406018092404
32,70.99014801944521,64.00831178647846
32,70.98777790210957,64.0065548583259
32,70.99130763389594,64.00625977349603
32,70.98978572167546,64.00512541019361
32,70.98810232023372,64.00929455477726
32,70.98747849767163,64.01028593584431
32,70.98656953442459,64.00910703431454
32,70.98786580473126,64.00435284868522
32,70.98804858734283,64.00577849936715
32,70.98793057970188,64.01138011619
32,70.99105222515851,64.00457604632426
32,70.98689385584768,64.00847271609727
32,70.98617282361127,64.00988127911641
32,70.98740607291535,64.00594764264267
32,70.99089735279027,64.00859079703453
32,70.99021113992876,64.00547185050355
32,70.99117490598883,64.00627869261415
32,70.98961689778439,64.0097453510159
32,70.98931851425185,64.00777353898329
32,70.98754817995635,64.01037863485189
32,70.99065255985676,64.0061714854822
32,70.99171220654391,64.00738565757462
32,70.99062525120594,64.00806318860216
32,70.98809511694576,64.00814592452366
32,70.98886554743498,64.00611950505511
32,70.99065255985676,64.0061714854822
32,70.98700447220476,64.01029206622495
32,70.99081063297851,64.00830668711448
32,70.98763089672792,64.00708439931823
32,70.98799077001301,64.0062388088908
33,70.98383302535281,64.00368623371547
33,70.98886554743498,64.00611950505511
33,70.98899568955167,64.00704424169949
33,70.9846144070377,64.00305715795832
33,70.98480662383054,64.00385083160278
33,70.98607316900444,64.00804217894057
33,70.98381810001199,64.00768995787155
33,70.98316589112947,64.00475612178423
33,70.9888095072065,64.00406018092404
33,70.9869849396298,64.00695610807956
33,70.98537312504985,64.00287862350535
33,70.98540644243528,64.00464915089714
33,70.98751017990061,64.00352120037458
33,70.9839287238372,64.00432428257946
33,70.98537312504985,64.00287862350535
33,70.98825887491708,64.00495993509224
33,70.98288356488527,64.00603879688158
33,70.98886554743498,64.00611950505511
33,70.98406152618821,64.00425508834378
33,70.98425522654667,64.00433637538804
33,70.98249496996706,64.00654880885864
33,70.98383302535281,64.00368623371547
33,70.98370990582762,64.00413809595804
33,70.98885140069808,64.007180313545
33,70.98825887491708,64.00495993509224
33,70.98521913080207,64.00587199783055
33,70.9830485995403,64.00685934090788
33,70.98651483118795,64.0033427327496
33,70.98662149833149,64.0033921227981
33,70.98804858734283,64.00577849936715
33,70.98650282661042,64.00796847687201
33,70.98465234685547,64.00614252442854
33,70.98465234685547,64.00614252442854
33,70.98504360468192,64.00299434096439
33,70.98715696624504,64.0055343871033
33,70.9865630150868,64.00312404435526
33,70.98580194710665,64.0072227716552
33,70.98911691167989,64.0071180674843
33,70.98639336756207,64.00682312925318
33,70.98812136596848,64.00685088748504
33,70.98735603267284,64.00547659676846
33,70.98909702851822,64.00616798321157
33,70.98700941040735,64.00492806161354
33,70.98650282661042,64.00796847687201
33,70.987390992278,64.00554251006689
33,70.98416945650051,64.00597842781653
33,70.98763911615079,64.00397668193405
33,70.9882871816931,64.00499311234566
33,70.98639336756207,64.00682312925318
33,70.98532691111821,64.00526711613013
33,70.983964690019,64.00541668047217
33,70.98763911615079,64.00397668193405
33,70.98731327680156,64.00557629841447
33,70.98280093105627,64.00600361322711
33,70.98296428776767,64.00744834681906
33,70.98562857802926,64.00267168677466
33,70.98816592569257,64.00526490688156
33,70.98583573382872,64.00601307398261
33,70.98580870334023,64.0036609900684
33,70.98679247143313,64.00330365691528
33,70.98650282661042,64.00796847687201
33,70.98333619121568,64.00611453433885
33,70.98565451638056,64.00288744652184
33,70.98583573382872,64.00601307398261
33,70.98809447267074,64.00756878236442
33,70.98298037365592,64.00454689639562
33,70.98876402421647,64.00623063412424
33,70.98407817823464,64.00732110895528
33,70.98249496996706,64.00654880885864
33,70.9873362264952,64.00796366176786
33,70.98751017990061,64.00352120037458
33,70.98708921047402,64.00889605415199
33,70.9836174958285,64.00686112351397
33,70.9888095072065,64.00406018092404
33,70.98777790210957,64.0065548583259
33,70.98425522654667,64.00433637538804
33,70.9882871816931,64.00499311234566
33,70.98715696624504,64.0055343871033
33,70.98735603267284,64.00547659676846
33,70.98383302535281,64.00368623371547
33,70.98609273467916,64.00743595155203
33,70.9865630150868,64.00312404435526
33,70.98295309942215,64.00746679896088
33,70.98516023419229,64.00508617589213
33,70.98567963422165,64.00521438324508
33,70.98521913080207,64.00587199783055
33,70.98728339660263,64.00476584668719
33,70.98911691167989,64.0071180674843
33,70.98404119153156,64.00726722887093
33,70.98288356488527,64.00603879688158
33,70.9839256857122,64.00590253752239
33,70.98813324817515,64.00421393453891
33,70.98512941622306,64.00901643586849
33,70.9837952774559,64.00499142406238
33,70.98914707289354,64.00588997024892
33,70.98757177552272,64.00694960341349
33,70.9847335868783,64.00841181271672
33,70.98765080911505,64.00662848118972
33,70.98638652319525,64.00837222236089
33,70.98540644243528,64.00464915089714
33,70.98435808186292,64.00364248580536
34,70.98749129309442,64.00442501424338
34,70.98370990582762,64.00413809595804
34,70.98592941457888,64.00840480362699
34,70.98763089672792,64.00708439931823
34,70.98362690658435,64.00667529768455
34,70.98720458760836,64.00820542409924
34,70.98780819356685,64.00468674905478
34,70.98679247143313,64.00330365691528
34,70.98909497551834,64.00702136704723
34,70.98804858734283,64.00577849936715
34,70.98552913377536,64.00598555068997
34,70.98508736000683,64.00584300978198
34,70.98708921047402,64.00889605415199
34,70.98580870334023,64.0036609900684
34,70.98303289322092,64.00529215368508
34,70.98606556508597,64.006407602152
34,70.9882871816931,64.00499311234566
34,70.98694927922693,64.00519314799745
34,70.98718457894566,64.00308063753812
34,70.9878724347981,64.00563056873051
34,70.98401536193114,64.00777780275823
34,70.98280779404459,64.00704406168782
34,70.98615637491315,64.00858841898066
34,70.9870651486293,64.00270912929437
34,70.98816592569257,64.00526490688156
34,70.98263704309865,64.00644412108117
34,70.98423139666264,64.003414497748
34,70.9883598702059,64.00634394978316
34,70.98590372776235,64.00533620233955
34,70.98401536193114,64.00777780275823
34,70.986131876273,64.00870760850253
34,70.98492160256268,64.0088345020104
34,70.98809511694576,64.00814592452366
34,70.98831107919402,64.00711132959863
34,70.9871130877264,64.00689624877937
34,70.98300584078062,64.00622435811748
34,70.98480483054934,64.00615139271552
34,70.98401536193114,64.00777780275823
34,70.9835660055985,64.0057755301395
34,70.98763911615079,64.00397668193405
34,70.98813324817515,64.00421393453891
35,70.99866848706344,63.98098366864443
35,71.00028295356428,63.98402930126768
35,70.99629935864547,63.982675162995506
35,70.99930915775754,63.98417653920487
35,70.99631540369435,63.98406694297777
35,70.99675543810582,63.9837433311974
35,70.99683775475592,63.98643803936671
35,70.99914010601313,63.98329300583015
35,70.99478831273278,63.98148985781333
35,70.99601457526369,63.985077575223414
35,70.99521246838916,63.98539577271164
35,70.99463812102186,63.98235148614265
35,70.99926208322518,63.98375272966546
35,70.99516782760358,63.98145197554728
35,70.99569610903157,63.9866932961689
35,70.99831355998131,63.98684626247439
35,70.99603377607517,63.98524200620061
35,70.99802670936775,63.9804830039046
35,70.99804831358824,63.98117826724543
35,70.99509313480998,63.98105197543037
35,70.99613167089007,63.98484257838808
35,70.99417245473568,63.98278238281572
35,70.99921751103632,63.981040629688145
35,70.99490372199642,63.98195019128756
35,70.9993716799964,63.984529783271824
35,70.99613167089007,63.98484257838808
35,70.99921751103632,63.981040629688145
35,70.99750996654707,63.986680986075896
35,70.99887973959969,63.985488342165596
35,70.99802836667436,63.98321845032363
35,70.99817373410215,63.981493803940104
35,70.99972110231721,63.98370807938542
35,70.9978194632333,63.98566536353287
35,71.00011585646146,63.98465035087204
35,70.99501124401465,63.98349137162813
35,70.99783525613752,63.985420123021534
35,70.99590211976098,63.98202811867289
35,70.99871747072366,63.98160883580777
35,70.99757287659945,63.980929856826464
35,70.99613167089007,63.98484257838808
35,70.99951348095588,63.98293285827538
35,70.99805823704008,63.98316097531905
35,70.99603377607517,63.98524200620061
35,70.99958638523606,63.98387896746655
35,70.9949523205276,63.98195042176313
35,70.99698386163088,63.98448424174242
35,70.99921830931042,63.982554432646765
35,70.99871747072366,63.98160883580777
35,70.99591963436293,63.98504101920493
35,70.9952352002272,63.98272573662054
35,70.99514851976144,63.98156500430504
35,70.99801825216723,63.98397483469313
35,70.9966505242664,63.98325545931951
35,70.9986984846102,63.985115424273474
35,70.99730993848564,63.98403385532844
35,70.99629750563746,63.98252808203108
35,70.99804831358824,63.98117826724543
35,70.99613167089007,63.98484257838808
35,70.99981798780121,63.98592042046326
35,70.9984398985425,63.981121954598905
35,70.99762456751264,63.98364117732282
35,70.99954428260527,63.98227522373207
35,70.99490372199642,63.98195019128756
35,70.99730993848564,63.98403385532844
35,70.99802670936775,63.9804830039046
35,70.99849307630153,63.98203270758562
35,70.99887973959969,63.985488342165596
35,70.99514851976144,63.98156500430504
35,70.99603377607517,63.98524200620061
35,70.99796091958385,63.982627686520736
35,70.99683775475592,63.98643803936671
35,70.99627074678979,63.980718886611626
35,71.00028295356428,63.98402930126768
35,70.99415243185896,63.98369891160445
35,71.00011272205796,63.985705532595325
35,70.99497631239086,63.98569128156064
35,70.99665019385313,63.98568408870611
35,70.99569610903157,63.9866932961689
35,70.99601457526369,63.985077575223414
35,71.00005646032783,63.98446859977358
36,70.98599579719131,64.00277508711176
36,70.98465121822854,64.00778666745965
36,70.98876402421647,64.00623063412424
36,70.98631750259572,64.0062993237144
36,70.9870651486293,64.00270912929437
36,70.9846144070377,64.00305715795832
36,70.98508736000683,64.00584300978198
36,70.98831107919402,64.00711132959863
36,70.98423139666264,64.003414497748
36,70.986524895867,64.00557295753387
36,70.98336205459614,64.00613796790027
36,70.98740607291535,64.00594764264267
36,70.9862922850332,64.00798743813036
36,70.98909702851822,64.00616798321157
36,70.9882708456875,64.0046667328772
36,70.98498072003134,64.00386913858053
36,70.98909497551834,64.00702136704723
36,70.98566501748073,64.00646930561683
36,70.98606556508597,64.006407602152
36,70.9882871816931,64.00499311234566
36,70.98303289322092,64.00529215368508
36,70.98567963422165,64.00521438324508
36,70.98280093105627,64.00600361322711
36,70.98700941040735,64.00492806161354
36,70.98799077001301,64.0062388088908
36,70.98303289322092,64.00529215368508
36,70.98432346025444,64.00522196746267
36,70.98280093105627,64.00600361322711
36,70.98569594730117,64.00722440469609
36,70.98820235720974,64.00775365009582
36,70.98432808381398,64.00811866986732
36,70.98751017990061,64.00352120037458
36,70.98423139666264,64.003414497748
36,70.98909702851822,64.00616798321157
36,70.98377037611763,64.00713372214088
36,70.9837952774559,64.00499142406238
36,70.9869849396298,64.00695610807956
36,70.98583573382872,64.00601307398261
36,70.98761345565113,64.0083105763132
36,70.98759536713675,64.0074835845209
36,70.98909497551834,64.00702136704723
36,70.98431614297672,64.00379358860094
36,70.98322206655831,64.00734093002069
36,70.9882871816931,64.00499311234566
36,70.9871130877264,64.00689624877937
36,70.9870651486293,64.00270912929437
36,70.98415878603895,64.00877197579202
36,70.98679247143313,64.00330365691528
36,70.98820235720974,64.00775365009582
36,70.98715696624504,64.0055343871033
36,70.9862922850332,64.00798743813036
36,70.98914707289354,64.00588997024892
36,70.98728339660263,64.00476584668719
36,70.98807909768449,64.00615491429457
36,70.98786580473126,64.00435284868522
36,70.98607316900444,64.00804217894057
36,70.98786580473126,64.00435284868522
36,70.98749129309442,64.00442501424338
36,70.98621849661605,64.00752514438442
36,70.98606556508597,64.006407602152
36,70.98813317679908,64.00612445224534
36,70.98295309942215,64.00746679896088
36,70.98735603267284,64.00547659676846
36,70.98949651676615,64.00503715145084
36,70.98565451638056,64.00288744652184
36,70.98799077001301,64.0062388088908
36,70.98757177552272,64.00694960341349
36,70.98408001273194,64.00448137429618
36,70.98382237032358,64.00336541261274
36,70.9837952774559,64.00499142406238
36,70.98816592569257,64.00526490688156
36,70.9836174958285,64.00686112351397
36,70.98877748886103,64.00631814406417
36,70.98569594730117,64.00722440469609
36,70.98809511694576,64.00814592452366
36,70.98270483136344,64.00550897877362
37,70.99534292599029,63.98445224436778
37,70.99868085322097,63.9811566498568
37,70.99811138861867,63.982089855053516
37,70.99569610903157,63.9866932961689
37,70.99521246838916,63.98539577271164
37,70.99478862757348,63.98187404210708
37,70.99871747072366,63.98160883580777
37,70.99792339574567,63.984415781756894
37,70.99744949960498,63.986684009255605
37,70.99756305463711,63.98652475925572
37,70.9993716799964,63.984529783271824
37,70.99509628608294,63.98212866473235
37,70.99601457526369,63.985077575223414
37,70.99732176164729,63.985578156899166
37,70.99601457526369,63.985077575223414
37,70.99714277306013,63.985590831696655
37,70.9980607394095,63.98312669630382
37,70.99802891109567,63.980522323491044
37,70.99613167089007,63.98484257838808
37,70.99926208322518,63.98375272966546
37,70.99901481700219,63.98231275660386
37,70.99519089383709,63.98325617257792
37,70.99783525613752,63.985420123021534
37,70.99824812561128,63.98683109509716
37,70.99648544138522,63.982060441881366
37,70.99831355998131,63.98684626247439
37,70.99475136298773,63.983693700438614
37,70.99940855301269,63.98258005710065
37,70.99714277306013,63.985590831696655
37,70.9989195939585,63.984445639943004
37,70.99629935864547,63.982675162995506
37,70.99969950490278,63.98251330398698
37,70.99817373410215,63.981493803940104
37,70.99817839229529,63.98502657451356
37,70.99629935864547,63.982675162995506
37,70.99866848706344,63.98098366864443
37,70.99921834168637,63.981603494498685
37,70.99651284830887,63.984300142151646
38,70.98489926435556,64.0124576542599
38,70.98523621127626,64.01542562416937
38,70.98558307393077,64.01604447943706
38,70.98312663006404,64.0123597426175
38,70.98371720756631,64.01328682620185
38,70.98560924233946,64.01706095539348
38,70.98240457625496,64.01630380566644
38,70.98664840364206,64.01700266111759
38,70.98240457625496,64.01630380566644
38,70.98628824272917,64.01716301385429
38,70.98240457625496,64.01630380566644
38,70.98678418483483,64.01557460698832
38,70.98620914542202,64.01574626687925
38,70.98653826999494,64.01542948535487
38,70.98495833205332,64.01832894721555
38,70.98176231773381,64.01247647287377
38,70.98254474185512,64.0158573471138
38,70.98530701602583,64.01797843769239
38,70.9861862066893,64.01847159636716
38,70.98620644371975,64.01481866883796
38,70.98321628612143,64.01330520386546
38,70.98460258678524,64.01719971074385
38,70.98085516074772,64.01571747764946
38,70.98658530376598,64.0165524878871
38,70.98180271852753,64.01294851794795
38,70.98225191534394,64.01441708866486
38,70.98658530376598,64.0165524878871
38,70.98426945690655,64.01351177226633
38,70.98666504649286,64.01481479055465
38,70.9814011570122,64.0142298601961
38,70.9814011570122,64.0142298601961
38,70.98616631305917,64.01775355060833
38,70.98543488495436,64.01908074948734
38,70.98335285004622,64.01626538218345
38,70.98276805697316,64.0133513583977
38,70.98336483623959,64.01206814511485
38,70.98292194462832,64.01380037063409
38,70.98333566750124,64.0145419550051
38,70.98223520723126,64.01281715620736
38,70.98495833205332,64.01832894721555
38,70.98318466010375,64.0119978791405
38,70.98679894266569,64.0173151159907
38,70.98263580969297,64.01334247820978
38,70.985958593529,64.0182540787297
38,70.98284753441322,64.01422677233381
38,70.98445324845821,64.01918989671502
38,70.98219084737487,64.01436758845311
38,70.98465007542161,64.01616537655094
38,70.98645938287412,64.01326894227977
38,70.98634402696413,64.01824496659927
38,70.98437535746919,64.01662597028837
38,70.98768715378618,64.01503214953655
38,70.98599288141388,64.01665140511042
38,70.98503875411382,64.01790538926204
38,70.98620644371975,64.01481866883796
38,70.98364443654984,64.01480470154533
38,70.98027040422669,64.01475159629852
38,70.98349424381188,64.01479024474013
38,70.98560924233946,64.01706095539348
38,70.98753858246955,64.01550214396617
38,70.98645938287412,64.01326894227977
38,70.98189559929791,64.01516411097104
38,70.9843979354848,64.01273768238397
38,70.98224552530046,64.01335787453557
38,70.9826620369791,64.0145232526809
38,70.98664840364206,64.01700266111759
38,70.9856635871669,64.01614540471336
38,70.98346515915041,64.0180221214694
38,70.98388263246324,64.01537246586874
38,70.98224552530046,64.01335787453557
38,70.98490759480491,64.01630553717813
38,70.98634402696413,64.01824496659927
38,70.98620914542202,64.01574626687925
38,70.98078493798722,64.01539096383226
38,70.98600384025978,64.01591813630745
38,70.9871312359437,64.01741142856865
38,70.98725469957238,64.01491250374706
38,70.98543488495436,64.01908074948734
38,70.98410891011527,64.01181221104304
38,70.98369910337684,64.01673251833014
38,70.98435115760907,64.01392530718503
38,70.98643552289408,64.01737162502054
38,70.9862078848554,64.0184585942733
38,70.98611235326841,64.01497314959737
38,70.9865932967513,64.0159587351204
38,70.9835228828709,64.01249934996166
38,70.98698430515573,64.01662088150526
38,70.98678418483483,64.01557460698832
38,70.98694985946668,64.01755374871836
38,70.98683356911162,64.01773548763238
38,70.98336483623959,64.01206814511485
38,70.98458080219315,64.01674436997772
38,70.98621791598816,64.01797262199392
38,70.98612018068215,64.01631563455544
38,70.98350008424754,64.01718942919379
38,70.98631362445137,64.01502088815512
38,70.98426945690655,64.01351177226633
38,70.98620644371975,64.01481866883796
38,70.98725469957238,64.01491250374706
38,70.98599288141388,64.01665140511042
38,70.985958593529,64.0182540787297
38,70.9834615347223,64.01698664585611
38,70.98087697208715,64.01460122720998
38,70.98628824272917,64.01716301385429
38,70.98219836857419,64.01555817167721
38,70.98753858246955,64.01550214396617
38,70.98199164340792,64.01628060547995
38,70.9871312359437,64.01741142856865
38,70.9848077268462,64.01907606925057
38,70.982596719795,64.01332672903874
38,70.98225191534394,64.01441708866486
38,70.98184790831532,64.01541944086671
38,70.98403542573774,64.0169199347004
39,70.99921830931042,63.982554432646765
39,70.99514851976144,63.98156500430504
39,70.99972110231721,63.98370807938542
39,70.99805823704008,63.98316097531905
39,70.9978194632333,63.98566536353287
39,70.99569610903157,63.9866932961689
39,70.99516782760358,63.98145197554728
39,70.99651284830887,63.984300142151646
39,70.99901481700219,63.98231275660386
39,70.99801825216723,63.98397483469313
39,70.99741856407378,63.98223280009684
39,70.99613167089007,63.98484257838808
39,70.99675543810582,63.9837433311974
39,70.99817839229529,63.98502657451356
40,70.98429778426988,64.01775707954693
40,70.98415465616786,64.01257523326652
40,70.98595987504613,64.01528744031606
40,70.98426945690655,64.01351177226633
40,70.98424042001017,64.01697054416768
40,70.98268713391899,64.01641986399008
40,70.98364443654984,64.01480470154533
40,70.98064005496026,64.01393426754406
40,70.98421616466301,64.01673185865518
40,70.98562507773036,64.0179610841172
40,70.9856687752302,64.0150284959671
40,70.98475051104943,64.01816475483103
40,70.98276805697316,64.0133513583977
40,70.98532141184202,64.01528425888839
40,70.98666504649286,64.01481479055465
40,70.98532141184202,64.01528425888839
40,70.9848077268462,64.01907606925057
40,70.98631362445137,64.01502088815512
40,70.98590394979549,64.01435739064517
40,70.98345454440758,64.01584460518926
40,70.98346515915041,64.0180221214694
40,70.98394796394564,64.01404009466611
40,70.98621791598816,64.01797262199392
40,70.98619529992986,64.01832349145302
40,70.98571664709645,64.01581840002926
40,70.98628824272917,64.01716301385429
40,70.98278240581104,64.0121515172498
40,70.98611235326841,64.01497314959737
40,70.98764365944024,64.0149763882392
40,70.98502918433687,64.0135233509148
40,70.98613694673543,64.01276017501607
40,70.98616631305917,64.01775355060833
40,70.98240457625496,64.01630380566644
40,70.98645752753688,64.01687728732782
40,70.98595987504613,64.01528744031606
40,70.98611235326841,64.01497314959737
40,70.98240457625496,64.01630380566644
40,70.98642249501559,64.01692540062594
40,70.98284753441322,64.01422677233381
40,70.98613694673543,64.01276017501607
40,70.9843808535253,64.01698528312379
40,70.98465007542161,64.01616537655094
40,70.98415465616786,64.01257523326652
40,70.98584754238257,64.01817827153805
40,70.98292194462832,64.01380037063409
40,70.98495833205332,64.01832894721555
40,70.98725469957238,64.01491250374706
40,70.98097368522471,64.01531025770207
40,70.98735780442675,64.01662843247193
40,70.98394796394564,64.01404009466611
40,70.98445324845821,64.01918989671502
40,70.98600384025978,64.01591813630745
40,70.98444845433802,64.01785552311453
40,70.98545099267793,64.01329151966499
40,70.98404834433644,64.01475868179197
40,70.98383673875817,64.01644906581078
40,70.98086792352116,64.01532291767248
40,70.98460258678524,64.01719971074385
40,70.98645938287412,64.01326894227977
40,70.9843808535253,64.01698528312379
40,70.98097368522471,64.01531025770207
40,70.98619529992986,64.01832349145302
40,70.985958593529,64.0182540787297
40,70.98620644371975,64.01481866883796
40,70.9826620369791,64.0145232526809
40,70.98426945690655,64.01351177226633
40,70.98621791598816,64.01797262199392
40,70.98424042001017,64.01697054416768
40,70.98485652188889,64.01934756418527
40,70.98595987504613,64.01528744031606
40,70.98184790831532,64.01541944086671
40,70.98085516074772,64.01571747764946
40,70.98335285004622,64.01626538218345
40,70.98388263246324,64.01537246586874
40,70.98558307393077,64.01604447943706
40,70.98735780442675,64.01662843247193
40,70.98678755863335,64.01372902406958
40,70.98668518509778,64.0159317991838
40,70.98631362445137,64.01502088815512
40,70.98429778426988,64.01775707954693
40,70.98543488495436,64.01908074948734
40,70.9856635871669,64.01614540471336
41,70.98818366868463,64.01395641406876
41,70.98643552289408,64.01737162502054
41,70.98817019061833,64.01591586351866
41,70.98668518509778,64.0159317991838
41,70.98625308306823,64.01882679505364
41,70.98818366868463,64.01395641406876
41,70.98590394979549,64.01435739064517
41,70.98648176528498,64.01788816352236
41,70.98437535746919,64.01662597028837
41,70.9871312359437,64.01741142856865
41,70.98760691127731,64.01894112428708
41,70.98560924233946,64.01706095539348
41,70.98254474185512,64.0158573471138
41,70.98437535746919,64.01662597028837
41,70.98437535746919,64.01662597028837
41,70.98552412274866,64.01341013893439
41,70.98928555401183,64.01709632227113
41,70.98424042001017,64.01697054416768
41,70.9880103068748,64.01371331818386
41,70.98801979241378,64.01703356374742
41,70.9850713369608,64.01593792439218
41,70.98582460976854,64.01669400367767
41,70.98333566750124,64.0145419550051
41,70.98854171010643,64.01489607117212
41,70.98884427253336,64.01439642603177
41,70.9871312359437,64.01741142856865
41,70.98535256858176,64.0147678755661
41,70.98460258678524,64.01719971074385
41,70.98679894266569,64.0173151159907
41,70.98783877668812,64.01854151245756
41,70.98768715378618,64.01503214953655
41,70.98385377723712,64.01421040937602
41,70.98345454440758,64.01584460518926
41,70.9888510390754,64.01766582770651
41,70.98567167429188,64.01313345026871
41,70.98350008424754,64.01718942919379
41,70.98694985946668,64.01755374871836
41,70.98421616466301,64.01673185865518
41,70.98854240771284,64.01824920154098
41,70.98653826999494,64.01542948535487
41,70.98695689863405,64.01846661988452
41,70.98421616466301,64.01673185865518
41,70.98460258678524,64.01719971074385
41,70.98365931225737,64.0134360583532
41,70.98544647544861,64.01319432353267
41,70.98695689863405,64.01846661988452
41,70.98678418483483,64.01557460698832
41,70.98465007542161,64.01616537655094
42,70.99882543432513,63.98527336682866
42,70.9980113006979,63.98886610539177
42,70.99801625826687,63.98782849390181
42,71.00011272205796,63.985705532595325
42,70.99816793616876,63.98648468335797
42,70.99915990565896,63.9857111105062
42,71.00041152015885,63.98756391935819
42,70.99843156619917,63.987610655908504
42,70.99882543432513,63.98527336682866
42,70.99822805563753,63.99044148489532
42,70.9987562636862,63.9847033973216
42,70.99610198478285,63.98896562976185
42,71.00000883169871,63.98982828528938
43,71.0001593696552,63.98323139873242
43,70.99629935864547,63.982675162995506
43,70.99876193527442,63.9850686494205
43,70.99868085322097,63.9811566498568
43,70.99757287659945,63.980929856826464
43,70.99799784440185,63.98471306865289
43,70.99475136298773,63.983693700438614
43,70.99569610903157,63.9866932961689
43,70.99555856701615,63.983583260685805
43,70.99958638523606,63.98387896746655
43,70.99591963436293,63.98504101920493
43,70.9997385442436,63.98415849679691
43,70.99567431815433,63.98268401639353
43,70.99873831308211,63.98660536761584
43,70.99711779345196,63.98509495188335
43,70.99863215241605,63.984608328953016
43,70.99601457526369,63.985077575223414
43,70.99951348095588,63.98293285827538
43,70.99867717702172,63.98226765997737
43,70.99901582383204,63.98467968337327
43,70.99490372199642,63.98195019128756
43,70.99805823704008,63.98316097531905
43,70.99682958422972,63.98695171440382
43,70.99683775475592,63.98643803936671
43,70.99454410141159,63.98238056060283
43,70.99972110231721,63.98370807938542
43,70.99922781129602,63.983339435973754
43,70.99921834168637,63.981603494498685
43,70.99677984812507,63.9851280169481
43,70.99509313480998,63.98105197543037
43,70.99796091958385,63.982627686520736
43,70.9984398985425,63.981121954598905
43,70.99463812102186,63.98235148614265
43,70.99501124401465,63.98349137162813
43,70.99490372199642,63.98195019128756
43,70.99683775475592,63.98643803936671
43,70.99673898884484,63.98641828933969
43,70.99833472462689,63.98090748388033
43,70.99824533135865,63.98650239368585
43,70.99665019385313,63.98568408870611
43,70.9987562636862,63.9847033973216
43,70.99590674659892,63.98579259104772
43,70.99713712223733,63.98374675025796
43,71.00010407040186,63.98369252373376
43,70.99533061058126,63.98414587098459
43,70.99478862757348,63.98187404210708
43,70.99833472462689,63.98090748388033
43,70.9969519962905,63.985316300089536
43,70.99509313480998,63.98105197543037
43,70.99676756587617,63.98509942452969
43,70.99738652811754,63.98444313636546
43,70.9984398985425,63.981121954598905
43,70.99817839229529,63.98502657451356
43,70.99490372199642,63.98195019128756
43,70.99940855301269,63.98258005710065
43,70.99665019385313,63.98568408870611
43,70.99755416983888,63.984228616148634
43,70.99730993848564,63.98403385532844
43,70.99574834405227,63.98202481945521
44,70.9869849396298,64.00695610807956
44,70.98498072003134,64.00386913858053
44,70.98774201830172,64.0013690757482
44,70.98824185314685,64.00586502654501
44,70.98876402421647,64.00623063412424
44,70.98929025766104,64.00351127082962
44,70.9861740570169,64.00295640421461
44,70.98774201830172,64.0013690757482
44,70.98521913080207,64.00587199783055
44,70.98819844965512,64.00350778614431
44,70.98639336756207,64.00682312925318
44,70.99049257724577,64.00407224461306
44,70.98567963422165,64.00521438324508
44,70.98681713228957,64.00239602518093
44,70.9867853468987,64.00506309233155
44,70.98647177853726,64.00363076128205
44,70.99005717413313,64.00564934226433
44,70.98562857802926,64.00267168677466
44,70.98413168564404,64.00598687911365
44,70.9901748889498,64.00524132855972
44,70.98885115846952,64.00312244354842
44,70.98581978228252,64.00727588756455
44,70.98591673620726,64.00337321781635
44,70.9871130877264,64.00689624877937
44,70.98465234685547,64.00614252442854
44,70.98383302535281,64.00368623371547
44,70.98877264027963,64.00249320036639
44,70.98599579719131,64.00277508711176
44,70.98864397252751,64.00505240147086
44,70.9881679322953,64.00135477792838
44,70.98700941040735,64.00492806161354
44,70.98740607291535,64.00594764264267
44,70.98804858734283,64.00577849936715
44,70.98631750259572,64.0062993237144
44,70.98461467347913,64.00252436119328
44,70.98580194710665,64.0072227716552
44,70.98606556508597,64.006407602152
44,70.9870651486293,64.00270912929437
44,70.98829423501319,64.00349737258259
44,70.98807909768449,64.00615491429457
44,70.98655449880921,64.00197148866599
44,70.98780819356685,64.00468674905478
44,70.98655449880921,64.00197148866599
44,70.98630923060173,64.00223257681138
44,70.98813324817515,64.00421393453891
44,70.98929025766104,64.00351127082962
44,70.98580870334023,64.0036609900684
45,70.99304109825205,64.00577192870998
45,70.99580677633104,64.00803573391113
45,70.99464098609636,64.00727028678295
45,70.99215582721082,64.01118611271873
45,70.99202140673917,64.00711380784651
45,70.99459675875754,64.00750042941237
45,70.99348946349404,64.01083580265924
45,70.99170183610632,64.01067271585019
45,70.99184640643057,64.00737430062733
45,70.99560638944124,64.00753502027881
45,70.9921769329245,64.01063089305582
45,70.99089600607546,64.00833323048677
45,70.99521169843419,64.00509995570573
45,70.99351448628123,64.0073222470851
45,70.9915704525839,64.00951342719712
45,70.99562572534477,64.00538210415256
45,70.99368424674829,64.0083606045791
45,70.99171220654391,64.00738565757462
45,70.99436404104684,64.00616327489917
45,70.9928342318487,64.00602551730235
45,70.99546539149213,64.00888866626588
45,70.99203721428003,64.00877844023749
45,70.99617006688393,64.00641190588469
45,70.99142670361205,64.00824553197042
45,70.99279622078033,64.01086270213894
45,70.990639771728,64.00830779010231
45,70.99438010269377,64.01000028900188
45,70.9959645520704,64.00833346418688
45,70.99308390741204,64.00562536094493
45,70.99279631338342,64.00696569522947
45,70.9916761247661,64.005596449773
45,70.99350976772365,64.00602772938723
45,70.99482134074567,64.00865553164707
45,70.99235632355324,64.00525950281735
45,70.99455176480527,64.00989852148432
45,70.99537818124485,64.00785875749409
45,70.99601329693479,64.00674118177348
45,70.99373396228086,64.00841357099821
45,70.99427995456857,64.01061198402631
45,70.99458614178681,64.01000798663485
45,70.99328046027993,64.00779808983272
45,70.99579807972543,64.00925621862223
45,70.99259809729564,64.00872327344578
45,70.99483888171392,64.00517083084593
45,70.99533728545781,64.00530656430968
45,70.99556291836242,64.00616940857375
45,70.99590910761337,64.01012034944213
45,70.9909780434374,64.01018943954196
45,70.99438696963806,64.00474291355229
45,70.99171220654391,64.00738565757462
45,70.99382129067045,64.01065403980205
45,70.99328046027993,64.00779808983272
45,70.99438696963806,64.00474291355229
45,70.99562572534477,64.00538210415256
45,70.9914572667178,64.008759190793
45,70.99438696963806,64.00474291355229
45,70.99537818124485,64.00785875749409
45,70.99419648314718,64.00905526924325
45,70.99563044234363,64.00640839533128
45,70.99308390741204,64.00562536094493
45,70.99513375451768,64.00513056135749
45,70.99455176480527,64.00989852148432
45,70.99580677633104,64.00803573391113
45,70.99477442769492,64.00564092334815
45,70.99338955957342,64.00693203461638
45,70.99348946349404,64.01083580265924
45,70.99640202371461,64.00538431119195
45,70.99071875253644,64.00853909887454
45,70.99215582721082,64.01118611271873
45,70.99491542552265,64.00658749709321
45,70.99190713038334,64.00648258700846
45,70.99184640643057,64.00737430062733
45,70.99526572604456,64.0099891972616
45,70.99580677633104,64.00803573391113
45,70.9922107205925,64.00500431977056
45,70.99454722670731,64.0064657072275
45,70.99464660343047,64.01079888915763
45,70.99230644050574,64.00704507631716
45,70.9957837664294,64.00789939836974
45,70.99424893974518,64.0069490201839
45,70.9919696507926,64.00784304481151
45,70.9940422400725,64.00945749842901
45,70.9937862099981,64.01038842758997
45,70.99143639635258,64.01049650989795
45,70.99206162531723,64.00872256647273
45,70.9947111584162,64.0063580328397
45,70.99276692260251,64.00695270811256
45,70.99135925493218,64.00654218523513
45,70.99421948305837,64.00423334025436
45,70.99279622078033,64.01086270213894
45,70.99378028115679,64.01059801814114
45,70.99270459691543,64.00574320394212
45,70.99483888171392,64.00517083084593
45,70.99230059701567,64.00638533469682
45,70.99203721428003,64.00877844023749
45,70.9919414184445,64.00660278002454
45,70.99390154603935,64.00699635692519
46,71.01728236107807,63.995359022485104
46,71.01102227301728,64.01227015994164
46,71.0157132886533,64.01335974256013
46,71.0117425146062,63.99171808941867
46,71.00312524257771,64.01892325720407
46,70.99218825823567,63.98513689751923
46,71.01728885608375,64.0037739078233
46,70.9846144070377,64.00305715795832
46,70.99226100651465,63.9788049677387
46,70.98696116028212,63.997794757639106
46,70.97772703141857,64.00372668852144
46,71.00338004850899,63.99047807498108
46,70.98948828493198,64.00619671358356
46,71.01146513599039,63.99055013559311
46,70.99934061260223,63.99905253562506
46,71.00103733267089,63.98479205088349
46,70.99457562974668,64.02338048610592
46,71.00017204909197,63.99057062885889
46,70.98149586637061,63.999093954235114
46,71.00521480637838,63.98372050473778
46,70.99556659492013,63.977658454992046
46,71.02049527874362,64.00155921237138
46,71.00206036741778,63.98288648159787
47,70.99339544849137,63.98881828964373
47,70.99442601144925,63.991489248137135
47,70.98559024820875,64.00771495049206
47,70.9995639097551,64.02080648287523
47,70.99321960345682,63.986199412936934
47,70.99670910192305,63.979833812816906
47,71.01704684489783,64.00544580746497
47,71.00561393664131,64.01922087466468
47,71.02078046064203,64.01071580016371
47,70.9890038150825,64.00342254648814
47,70.99276392311329,63.98590254646873
47,70.99218825823567,63.98513689751923
47,70.99124739049483,63.98036622829794
47,70.99348734414171,64.02245056728566
47,70.99338951850827,63.9980770557662
47,71.00695017725236,63.989715140373654
47,70.99067435826919,64.00007515119029
47,70.98395268397324,63.98782845301668
47,70.9988286929496,64.02420426842053
47,70.9890038150825,64.00342254648814
47,71.01102227301728,64.01227015994164
47,71.00521480637838,63.98372050473778
47,70.99183515200222,64.00426552629263
47,71.01910519569718,64.00814053633249
47,70.9846144070377,64.00305715795832
47,70.98565220198383,63.997481669556436
47,71.00412485472769,63.992732560260855
47,71.01134140961805,63.99978555719003
47,70.97758003050095,64.00502301876982
47,71.0130007247263,63.98781291055015
47,71.00207696137905,63.987162453028446
47,70.9874746979379,63.99529631677947
47,71.0002930212015,64.01432497124772
47,70.98508736000683,64.00584300978198
47,71.0181661241937,63.99141243657839
47,70.98023223771006,63.98854427822952
47,70.9978484843966,64.01917798560339
47,70.99927454566239,64.01511686525369
47,70.98223713850724,63.99107319922921
47,70.99629819239101,64.01296427969578
47,71.00548724757654,63.993082607533864
47,70.99906548555342,64.00937388588144
47,71.01623932894341,64.00066751058657
47,71.00548724757654,63.993082607533864
47,71.00548724757654,63.993082607533864
47,71.00919287133519,64.00823900736398
47,71.0181661241937,63.99141243657839
47,71.01056937264443,63.98511225163726
47,70.9866229665901,63.986548019388835
47,71.00461004036066,64.0016466423417
47,71.0181661241937,63.99141243657839
47,71.0130007247263,63.98781291055015
47,70.99342765092898,64.00712834419096
47,71.02427030371217,63.996649361637935
47,71.00773487941217,64.01772155829308
47,70.98580777118205,63.98616979911102
47,70.99629819239101,64.01296427969578
47,71.00412485472769,63.992732560260855
47,71.00811988853782,63.989954158055134
47,70.9957237012447,64.00135271103623
47,71.00958045264173,64.01310480073336
47,70.98170945288297,63.99646458566345
47,71.00811988853782,63.989954158055134
47,71.0011050620569,64.0170349488325
47,71.01910519569718,64.00814053633249
47,70.99940441026513,64.0185373853176
47,70.99791517391641,64.01152257401127
47,71.01146513599039,63.99055013559311
47,70.98088360795388,63.98638422895742
47,70.99188730563877,64.02167867333158
47,70.97897381650787,64.00093134988526
47,70.98458519529345,63.995268106424525
47,71.02078046064203,64.01071580016371
47,70.98413815046747,64.00217934891594
47,71.0117425146062,63.99171808941867
47,70.99940441026513,64.0185373853176
47,71.00206036741778,63.98288648159787
47,70.9846144070377,64.00305715795832
47,70.98401565431864,63.98352105533865
47,70.98458519529345,63.995268106424525
47,70.99321960345682,63.986199412936934
47,71.02166794469986,63.992361726666424
47,71.0110664069523,64.0061275600481
47,70.99373539757855,64.00013805046474
47,71.00994593461168,64.00706964492001
47,71.0239724460342,63.99722696040925
47,70.98298369042853,63.99887449303659
47,70.98776151326938,64.0018951132039
47,70.9922125142682,63.985393667782915
47,70.99682958422972,63.98695171440382
47,70.98458519529345,63.995268106424525
47,71.00766702683954,64.00824902624275
47,71.01297085368827,64.01252918451621
47,70.98324395894983,63.982654766561595
47,70.98298369042853,63.99887449303659
47,71.01911557795188,64.0116902136588
47,70.99909521112009,63.98688075028817
47,70.97877386505786,63.994802883946235
47,70.99252619126909,64.0161163867704
47,70.98415227590107,63.98805184405767
47,71.00804998898488,64.02280549919536
47,70.99830849253996,64.02264273207003
47,71.00299231104204,64.01862154270893
47,70.99218825823567,63.98513689751923
47,71.005539086045,64.0209175427367
47,70.99629819239101,64.01296427969578
47,70.98458519529345,63.995268106424525
47,70.99670910192305,63.979833812816906
47,70.9995716989074,64.0109613403106
47,70.97772703141857,64.00372668852144
48,71.00905912167582,64.00474113324611
48,71.00589275238434,64.00212043145852
48,71.00447357712443,64.0046780359225
48,71.00541151440021,64.00181720796363
48,71.00889789717905,64.0040156966186
48,71.00725918487107,64.00372210643788
48,71.0090429201428,64.00736832690707
48,71.00718615887037,64.00871486069605
48,71.00531745569297,64.0074722782057
48,71.00660554526503,64.00644292500152
48,71.00445171259555,64.00588637794267
48,71.00714811917065,64.00799986246953
48,71.00661189223062,64.00748523755996
48,71.00870083387738,64.00070120770947
48,71.00888769701886,64.00295646577037
48,71.00495014618495,64.00599577675843
48,71.006890836563,64.00821212085184
48,71.00788105818617,64.00838099663164
48,71.00801460477041,64.00703790482397
48,71.00756147730499,64.0010796600119
48,71.00654268418475,64.00538093639076
48,71.0063748267013,64.00566368784021
48,71.0063748267013,64.00566368784021
48,71.00660554526503,64.00644292500152
48,71.00638814326305,64.00722714014083
48,71.00483393495016,64.00355627568499
48,71.00647585781384,64.00588793305049
48,71.00606697985377,64.00205153132477
48,71.00838950342524,64.00425241949458
48,71.00708982998734,64.0073399089291
48,71.00710563816538,64.00772541168423
48,71.0079930244428,64.00094951287092
48,71.00625274973942,64.00444375437844
48,71.00810728444723,64.00376757227527
48,71.00807208500399,64.00678701788948
48,71.0072437668076,64.00796888161614
48,71.00739226988479,64.00063938555552
48,71.00638946237997,64.00685640973444
48,71.00430652679213,64.00402367055719
48,71.01048606583944,64.0038114536275
48,71.00625274973942,64.00444375437844
48,71.0047544512511,64.00482941511822
48,71.00647585781384,64.00588793305049
48,71.00638814326305,64.00722714014083
48,71.0055161264798,64.00400240050264
48,71.00484679565108,64.0069253510536
48,71.00641071211831,64.0065741499201
48,71.00737875769615,64.0087235077233
48,71.00789490924701,64.00074162510272
48,71.00875412475197,64.00646173078638
48,71.00618537879437,64.0079883567005
48,71.00888769701886,64.00295646577037
48,71.01012191680196,64.00246140648574
48,71.00825026533929,64.00398966382669
48,71.00422631251159,64.00404634375823
48,71.00794309961985,64.00595887099493
48,71.00706961145603,64.00313256774744
48,71.0069425740267,64.00381074498313
48,71.00414904539697,64.0054028082193
48,71.00430652679213,64.00402367055719
48,71.00834012911615,64.00201250272177
48,71.00788105818617,64.00838099663164
48,71.00566214104016,64.00573156912347
48,71.00589044757575,64.00144266742019
48,71.00537579151847,64.00328205550755
48,71.00509971199915,64.00445550144865
48,71.00600479761073,64.0089130409572
48,71.00669672211264,64.00877740426688
48,71.00889789717905,64.0040156966186
48,71.0099509091081,64.00454926715847
48,71.00892247546317,64.0010855447061
48,71.00451652447359,64.00312383613694
48,71.00850946339207,64.00339694035127
48,71.00785737408665,64.0026794160732
48,71.00665113702972,64.00222039981321
49,70.99587121460445,63.994262880777285
49,70.9931118321814,63.99215690909281
49,70.99565384120902,63.99040659250571
49,70.99160454608844,63.99350354883654
49,70.99425094082429,63.99031117605216
49,70.99243976171977,63.99310507608836
49,70.99154829582355,63.99283301833774
49,70.99489673165553,63.99151223009586
49,70.99482088264837,63.994267758758276
49,70.99204366161547,63.99290119950011
49,70.9952928994852,63.99206182166226
49,70.99083719581772,63.99238202353534
49,70.99383309982485,63.98913429688269
49,70.99687412202088,63.991685085771245
49,70.99204366161547,63.99290119950011
49,70.99425094082429,63.99031117605216
49,70.9916710688639,63.99275726850621
49,70.9930099420234,63.99121282724612
49,70.99602977068758,63.9931311107617
49,70.99308775442509,63.98984687821386
49,70.99666600460898,63.99187894371772
49,70.9952928994852,63.99206182166226
49,70.9952398328817,63.9918953228123
49,70.9924344970718,63.99019345003205
49,70.99336500971955,63.99445736375109
49,70.99233169196714,63.99510547386345
49,70.991875785479,63.99260261408995
49,70.99415122386151,63.99387394311408
49,70.99415039242463,63.99207737437173
49,70.99229951602724,63.990326696856954
49,70.9952398328817,63.9918953228123
49,70.99489673165553,63.99151223009586
49,70.99252222319195,63.991216763980866
49,70.99077787142707,63.99143942886293
49,70.99565384120902,63.99040659250571
49,70.99442601144925,63.991489248137135
49,70.99338243293772,63.99386512186119
49,70.99141797801869,63.99459555647026
49,70.99155576386357,63.99423460236854
49,70.99275442774154,63.99345044770282
49,70.99416897729178,63.99528649075669
49,70.99383309982485,63.98913429688269
49,70.9950393275837,63.994904189132654
49,70.99384212258946,63.993117895449025
49,70.99343187753563,63.99407740243686
49,70.99338243293772,63.99386512186119
49,70.99232775646333,63.99543266217126
49,70.99651630524808,63.990686166618296
49,70.9953028037568,63.9942107831283
49,70.99382079115509,63.99230230025564
49,70.99241337434448,63.99394637658176
49,70.9951967048064,63.991312885701966
49,70.99144202289503,63.99129602881166
49,70.99219685521638,63.99107117728925
49,70.99528658422163,63.993058279629864
49,70.99493314289558,63.99451053407227
49,70.99528658422163,63.993058279629864
49,70.99382079115509,63.99230230025564
49,70.99219685521638,63.99107117728925
49,70.99376687843089,63.99328318400422
49,70.99428694982034,63.99267624091547
49,70.99406177467426,63.99179996939056
49,70.99331782745979,63.99222060539991
49,70.99280135819788,63.99490581526806
49,70.99196468680374,63.99357832921453
49,70.99329772361955,63.99498954713746
49,70.99482088264837,63.994267758758276
49,70.99094659190584,63.99274470825815
49,70.99469742395642,63.99238696613715
49,70.99255303631938,63.991219408099425
49,70.99653322456686,63.99325188793715
49,70.99479358574284,63.990374332411605
49,70.99336500971955,63.99445736375109
49,70.99154829582355,63.99283301833774
49,70.99233169196714,63.99510547386345
49,70.99653322456686,63.99325188793715
49,70.9942140997718,63.99442555567765
49,70.99244034876281,63.99216346913348
49,70.9949627239522,63.991451643293956
49,70.99495223732823,63.99151449256217
49,70.99394807115218,63.989914652990215
49,70.99523946974637,63.989971895989015
49,70.99607360668027,63.99167827408447
49,70.99300075286578,63.992893840652116
49,70.99439089924887,63.989192213026136
49,70.99371596944249,63.98911490048791
49,70.99461163932193,63.991254169408556
49,70.99524980898254,63.9929976557957
49,70.99547256149397,63.990556431298224
49,70.99530922542338,63.99244599270343
49,70.9951967048064,63.991312885701966
49,70.99319302550781,63.99306421319789
49,70.99288358210435,63.99218884241104
49,70.99687412202088,63.991685085771245
49,70.9927991843662,63.994692740816326
50,70.99958638523606,63.98387896746655
50,70.9949151396682,63.9820324626161
50,70.99454410141159,63.98238056060283
50,70.99590211976098,63.98202811867289
50,70.9970407526641,63.98540602819712
50,70.99509628608294,63.98212866473235
50,70.99958638523606,63.98387896746655
50,70.99534292599029,63.98445224436778
50,70.99542010927244,63.98425095216707
50,70.99755975774939,63.982539515439164
50,70.99518025283203,63.98147187350887
50,70.99683775475592,63.98643803936671
50,70.99981798780121,63.98592042046326
50,70.99474734656165,63.98284146365005
50,70.9971977764266,63.983553395692894
50,70.99728097000897,63.98134777606687
50,70.99630963743917,63.982012034979334
50,70.99882543432513,63.98527336682866
50,70.9966505242664,63.98325545931951
50,70.99951348095588,63.98293285827538
50,70.99601457526369,63.985077575223414
50,70.99954428260527,63.98227522373207
50,70.9949151396682,63.9820324626161
50,70.995875315204,63.98401004911037
50,70.99748472717229,63.98507397160253
50,70.99698386163088,63.98448424174242
50,70.99591963436293,63.98504101920493
50,71.00046753152074,63.984079284478725
50,70.99629935864547,63.982675162995506
50,70.99673898884484,63.98641828933969
50,71.0001593696552,63.98323139873242
50,70.99742673082557,63.98654184982406
50,70.99867717702172,63.98226765997737
50,70.99914010601313,63.98329300583015
50,70.99811138861867,63.982089855053516
50,70.99604263756979,63.98059385244627
50,70.99868085322097,63.9811566498568
50,70.99876193527442,63.9850686494205
50,70.99528968606094,63.98158997034305
50,70.99742673082557,63.98654184982406
50,70.99630963743917,63.982012034979334
50,70.99555856701615,63.983583260685805
50,70.99534292599029,63.98445224436778
50,70.99649186710326,63.986690501191426
50,70.99873831308211,63.98660536761584
50,70.99802670936775,63.9804830039046
50,70.99901582383204,63.98467968337327
50,70.99816793616876,63.98648468335797
50,70.99601457526369,63.985077575223414
50,70.99534292599029,63.98445224436778
50,70.99554325501626,63.98443220442729
50,70.9969519962905,63.985316300089536
50,70.99478862757348,63.98187404210708
50,70.99590674659892,63.98579259104772
50,71.00005646032783,63.98446859977358
50,70.99555856701615,63.983583260685805
50,70.99443921122784,63.9827038922813
50,70.99475136298773,63.983693700438614
50,70.99909880240489,63.986611626623684
50,70.99802836667436,63.98321845032363
50,70.99775491326496,63.98361511982843
50,70.9949151396682,63.9820324626161
50,70.99868085322097,63.9811566498568
50,71.00040296413583,63.98452989648153
50,70.99690213243628,63.98666806739593
50,70.99509628608294,63.98212866473235
50,70.9986984846102,63.985115424273474
50,70.99794036816719,63.983751921076546
50,70.99695995613098,63.98450734258963
50,70.99665019385313,63.98568408870611
50,70.99530059888005,63.98335356494682
50,71.00010407040186,63.98369252373376
50,70.99833472462689,63.98090748388033
50,71.00040296413583,63.98452989648153
50,70.99977655555159,63.98415224700484
50,70.99863215241605,63.984608328953016
50,70.99601457526369,63.985077575223414
50,70.99796091958385,63.982627686520736
50,70.99817373410215,63.981493803940104
50,70.99873831308211,63.98660536761584
50,70.99590211976098,63.98202811867289
50,70.99530059888005,63.98335356494682
50,70.99629935864547,63.982675162995506
50,70.99490372199642,63.98195019128756
50,71.0000433276746,63.98338480428797
50,70.99951348095588,63.98293285827538
50,70.99463812102186,63.98235148614265
50,70.99534078097878,63.98495002748807
50,70.99561307745283,63.98460016808292
51,70.98867565804696,64.00840033102037
51,70.98382844909531,64.00995391026709
51,70.9854884642474,64.01149085765812
51,70.98787769733431,64.00946491872212
51,70.98754817995635,64.01037863485189
51,70.98760217124791,64.01019467040432
51,70.98567167429188,64.01313345026871
51,70.98644816667795,64.00877826367298
51,70.98882295612991,64.01122034320306
51,70.98793057970188,64.01138011619
51,70.98784402818664,64.01099541422145
51,70.99026586586346,64.0113890612887
51,70.98859479403094,64.0085429115747
51,70.98541356211568,64.00982982268796
51,70.98615637491315,64.00858841898066
51,70.98545099267793,64.01329151966499
51,70.98626122560607,64.0080611595739
51,70.98680394192144,64.01002562433179
51,70.98831107919402,64.00711132959863
51,70.9849771404264,64.0090656591505
51,70.9869849396298,64.00695610807956
51,70.98383524150016,64.01111576962371
51,70.98494811858085,64.01097028457747
51,70.9867453005236,64.00943139474303
51,70.98645938287412,64.01326894227977
51,70.98673032252928,64.00696508934912
51,70.98711962562825,64.01234498384925
51,70.98557827117644,64.01337025549478
51,70.9849771404264,64.0090656591505
51,70.98383524150016,64.01111576962371
51,70.98437789384492,64.01134808869809
51,70.98717317746843,64.01045646344487
51,70.98688571955685,64.01061260141029
51,70.98952736115619,64.00834772338222
51,70.98447914450104,64.01161078436138
51,70.98427727140647,64.01013074150956
51,70.98786406120031,64.01131005475317
51,70.98976693680159,64.01216988161819
51,70.98714660904679,64.01277612373902
51,70.98492160256268,64.0088345020104
51,70.98727808788783,64.00975598087082
51,70.98617282361127,64.00988127911641
51,70.9879199292335,64.00844032178661
51,70.98639336756207,64.00682312925318
51,70.99024786421519,64.0093423760017
51,70.98639336756207,64.00682312925318
51,70.9847335868783,64.00841181271672
51,70.98494288221148,64.01110609539238
51,70.98756345028168,64.01150015875929
51,70.9888670194934,64.01244423191488
51,70.98645938287412,64.01326894227977
51,70.98728623422389,64.01119373317088
51,70.9849771404264,64.0090656591505
51,70.98432808381398,64.00811866986732
51,70.9862922850332,64.00798743813036
51,70.9883274118534,64.0090741454579
51,70.98451487634846,64.01157524790887
51,70.98569594730117,64.00722440469609
51,70.9847335868783,64.00841181271672
51,70.98752149677131,64.00686596103064
51,70.98492715252317,64.01188429987023
51,70.98583088670337,64.00927176655263
51,70.98691974117729,64.01137926669193
51,70.98378930512686,64.0092414748063
51,70.9876104330131,64.0102855641246
51,70.98508239988612,64.01305364816562
51,70.98508239988612,64.01305364816562
51,70.98961556674946,64.01205738198985
51,70.9888670194934,64.01244423191488
51,70.98976693680159,64.01216988161819
51,70.9883274118534,64.0090741454579
51,70.98792919386344,64.01257910569713
51,70.98809050541806,64.01143338963675
52,70.98485339604193,64.0092460475926
52,70.9834665489973,64.01144185133629
52,70.98447914450104,64.01161078436138
52,70.98165049011664,64.01123215979888
52,70.98437132952665,64.0137487981716
52,70.98260353777809,64.01138371785034
52,70.98310085680953,64.01158006626109
52,70.98644816667795,64.00877826367298
52,70.98260353777809,64.01138371785034
52,70.98378930512686,64.0092414748063
52,70.98263785684769,64.01373363539986
52,70.98196844081957,64.00995083670544
52,70.98607316900444,64.00804217894057
52,70.98165049011664,64.01123215979888
52,70.98327051772971,64.01218586279411
52,70.98236581153887,64.00900237317344
52,70.98617282361127,64.00988127911641
52,70.98680394192144,64.01002562433179
52,70.98760217124791,64.01019467040432
52,70.98412376729506,64.00877144817373
52,70.98792355075554,64.01030934983154
52,70.98145916424626,64.01131408638093
52,70.98370320213037,64.01083073625138
52,70.982596719795,64.01332672903874
52,70.9850802638142,64.01099679845665
52,70.98479110475087,64.00912369811051
52,70.98167476513831,64.0106673559922
52,70.98763242936435,64.01265299755575
52,70.98553301378601,64.01354186844327
52,70.98792355075554,64.01030934983154
52,70.98432808381398,64.00811866986732
52,70.98305547284286,64.00937813921848
52,70.98728908345174,64.01311200314882
52,70.9834237578986,64.00902124941373
52,70.98319897081693,64.00955497610683
52,70.98437789384492,64.01134808869809
52,70.98557827117644,64.01337025549478
52,70.98784402818664,64.01099541422145
52,70.98685404258592,64.01263111473594
52,70.98292194462832,64.01380037063409
52,70.98554267313249,64.01123901502014
52,70.98712388444251,64.01284833775699
52,70.98714660904679,64.01277612373902
52,70.98205370655336,64.00910655262805
52,70.98540397002489,64.01013185880115
52,70.98451487634846,64.01157524790887
52,70.98292194462832,64.01380037063409
52,70.9851599994114,64.0104984414877
52,70.98728623422389,64.01119373317088
52,70.98617496187745,64.01161724431522
52,70.98649206607438,64.01357915003764
52,70.98613694673543,64.01276017501607
52,70.98154675502666,64.0107225937073
52,70.98325400103174,64.00848728770411
52,70.98693683811821,64.01315569568114
52,70.98723611118908,64.0117635794223
52,70.98144888242065,64.01077284814683
52,70.98607316900444,64.00804217894057
52,70.98259880597514,64.00897111001383
52,70.98613694673543,64.01276017501607
52,70.98711962562825,64.01234498384925
52,70.98205370655336,64.00910655262805
52,70.98170901120234,64.01089406240263
52,70.98541356211568,64.00982982268796
52,70.98613694673543,64.01276017501607
52,70.98426945690655,64.01351177226633
52,70.98453242334534,64.00922751373558
52,70.98689840207186,64.01118012456662
52,70.98114277685903,64.01140299035166
52,70.98528642256524,64.00984140627192
52,70.98155907409487,64.01068197192757
52,70.98278240581104,64.0121515172498
52,70.98540397002489,64.01013185880115
52,70.98478488910011,64.01343868872861
52,70.98772580193591,64.00968499579838
52,70.98684453569516,64.01139020456084
52,70.98370427519657,64.0089635772915
52,70.98425164915626,64.00951077951459
53,70.98715696624504,64.0055343871033
53,70.98425522654667,64.00433637538804
53,70.98303289322092,64.00529215368508
53,70.98322206655831,64.00734093002069
53,70.98407817823464,64.00732110895528
53,70.98425522654667,64.00433637538804
53,70.98322206655831,64.00734093002069
53,70.9869849396298,64.00695610807956
53,70.98333619121568,64.00611453433885
53,70.98538753584536,64.00422232997019
53,70.98526609054656,64.00440479249148
53,70.98401536193114,64.00777780275823
53,70.98263704309865,64.00644412108117
53,70.98679247143313,64.00330365691528
53,70.98521913080207,64.00587199783055
53,70.98377037611763,64.00713372214088
53,70.9879199292335,64.00844032178661
53,70.98759536713675,64.0074835845209
53,70.98432808381398,64.00811866986732
53,70.98480662383054,64.00385083160278
53,70.98771197417646,64.00825936243415
53,70.9878724347981,64.00563056873051
53,70.98362690658435,64.00667529768455
53,70.98580194710665,64.0072227716552
53,70.98435808186292,64.00364248580536
53,70.98519589323942,64.00871495475886
53,70.98761345565113,64.0083105763132
53,70.98650282661042,64.00796847687201
53,70.98494098564457,64.00295951015288
53,70.98423870559836,64.00582121232102
53,70.98809447267074,64.00756878236442
53,70.98735603267284,64.00547659676846
53,70.98825887491708,64.00495993509224
53,70.98295309942215,64.00746679896088
53,70.98298037365592,64.00454689639562
53,70.98298037365592,64.00454689639562
53,70.9830485995403,64.00685934090788
53,70.98280779404459,64.00704406168782
53,70.98408001273194,64.00448137429618
53,70.98423139666264,64.003414497748
53,70.98825887491708,64.00495993509224
53,70.98492160256268,64.0088345020104
53,70.98825887491708,64.00495993509224
53,70.98415902562121,64.00454706858766
53,70.9835660055985,64.0057755301395
53,70.9839287238372,64.00432428257946
53,70.98949651676615,64.00503715145084
53,70.98432346025444,64.00522196746267
53,70.98689385584768,64.00847271609727
53,70.98538753584536,64.00422232997019
53,70.9870651486293,64.00270912929437
53,70.98864397252751,64.00505240147086
53,70.98589267245126,64.00250505526085
53,70.98700941040735,64.00492806161354
53,70.98719531169372,64.00533406335431
53,70.9873362264952,64.00796366176786
53,70.98740607291535,64.00594764264267
53,70.98876402421647,64.00623063412424
53,70.98348466023704,64.00542302771221
53,70.98662149833149,64.0033921227981
53,70.98819844965512,64.00350778614431
53,70.98662149833149,64.0033921227981
53,70.98382237032358,64.00336541261274
53,70.98771197417646,64.00825936243415
53,70.98590372776235,64.00533620233955
53,70.98416945650051,64.00597842781653
53,70.98538753584536,64.00422232997019
53,70.9861740570169,64.00295640421461
53,70.98718457894566,64.00308063753812
53,70.9839287238372,64.00432428257946
53,70.98508736000683,64.00584300978198
53,70.98413168564404,64.00598687911365
54,70.98465121822854,64.00778666745965
54,70.9869849396298,64.00695610807956
54,70.98731327680156,64.00557629841447
54,70.983964690019,64.00541668047217
54,70.98333619121568,64.00611453433885
54,70.98431614297672,64.00379358860094
54,70.9861740570169,64.00295640421461
54,70.98336205459614,64.00613796790027
54,70.98256920676323,64.00554686169649
54,70.98621849661605,64.00752514438442
54,70.9870651486293,64.00270912929437
54,70.98628656595275,64.00541658099519
54,70.98350872055967,64.0053337097806
54,70.9883598702059,64.00634394978316
54,70.98583573382872,64.00601307398261
54,70.98492160256268,64.0088345020104
54,70.98820235720974,64.00775365009582
54,70.98933972093207,64.00475060397268
54,70.98465121822854,64.00778666745965
54,70.98480483054934,64.00615139271552
54,70.98816592569257,64.00526490688156
54,70.98401536193114,64.00777780275823
54,70.98876402421647,64.00623063412424
54,70.9862922850332,64.00798743813036
54,70.98532691111821,64.00526711613013
54,70.98914707289354,64.00588997024892
54,70.98809511694576,64.00814592452366
54,70.98512941622306,64.00901643586849
54,70.98300584078062,64.00622435811748
54,70.98777790210957,64.0065548583259
54,70.98876402421647,64.00623063412424
54,70.9871130877264,64.00689624877937
54,70.98933972093207,64.00475060397268
54,70.98583573382872,64.00601307398261
54,70.98575517684694,64.0078167792657
54,70.98761345565113,64.0083105763132
54,70.98689385584768,64.00847271609727
54,70.98295309942215,64.00746679896088
54,70.98763911615079,64.00397668193405
54,70.98700941040735,64.00492806161354
54,70.98606556508597,64.006407602152
54,70.98914707289354,64.00588997024892
54,70.98504360468192,64.00299434096439
54,70.98525533473416,64.00669675787931
54,70.98519589323942,64.00871495475886
54,70.98638652319525,64.00837222236089
54,70.986131876273,64.00870760850253
54,70.9862922850332,64.00798743813036
54,70.98569594730117,64.00722440469609
54,70.98720458760836,64.00820542409924
54,70.98718457894566,64.00308063753812
54,70.98786580473126,64.00435284868522
54,70.9849771404264,64.0090656591505
54,70.98416945650051,64.00597842781653
54,70.9837880582426,64.00489300413994
54,70.986131876273,64.00870760850253
54,70.98679247143313,64.00330365691528
54,70.98480662383054,64.00385083160278
54,70.98606556508597,64.006407602152
54,70.98609273467916,64.00743595155203
54,70.98599579719131,64.00277508711176
54,70.98480662383054,64.00385083160278
54,70.9839256857122,64.00590253752239
54,70.98298037365592,64.00454689639562
54,70.9860499480529,64.00483056115148
54,70.9849771404264,64.0090656591505
54,70.98639336756207,64.00682312925318
54,70.98728339660263,64.00476584668719
54,70.98606556508597,64.006407602152
54,70.9849771404264,64.0090656591505
54,70.98432808381398,64.00811866986732
54,70.98538753584536,64.00422232997019
54,70.98628656595275,64.00541658099519
54,70.98763911615079,64.00397668193405
54,70.98377037611763,64.00713372214088
54,70.98813324817515,64.00421393453891
54,70.98763911615079,64.00397668193405
54,70.9882871816931,64.00499311234566
54,70.98746520913839,64.00303812970027
54,70.98885140069808,64.007180313545
54,70.98341195742249,64.00420169524223
54,70.987390992278,64.00554251006689
54,70.9844547962721,64.00713181533567
54,70.98886554743498,64.00611950505511
54,70.98911691167989,64.0071180674843
54,70.98423870559836,64.00582121232102
54,70.98423870559836,64.00582121232102
54,70.98609273467916,64.00743595155203
54,70.98718457894566,64.00308063753812
54,70.9839256857122,64.00590253752239
54,70.98412376729506,64.00877144817373
54,70.9860499480529,64.00483056115148
54,70.98572716498501,64.00484730373266
54,70.98831107919402,64.00711132959863
54,70.98432346025444,64.00522196746267
54,70.98426523766743,64.00402500329957
54,70.9854888730802,64.00861724227777
54,70.98907192936531,64.00660772939102
54,70.98480662383054,64.00385083160278
54,70.98382237032358,64.00336541261274
54,70.98599579719131,64.00277508711176
54,70.98465234685547,64.00614252442854
54,70.98638652319525,64.00837222236089
54,70.9882708456875,64.0046667328772
54,70.98432346025444,64.00522196746267
54,70.98909497551834,64.00702136704723
54,70.98763911615079,64.00397668193405
54,70.98481460781946,64.0070520540583
54,70.9878724347981,64.00563056873051
55,71.0239724460342,63.99722696040925
55,70.9846144070377,64.00305715795832
55,71.0157132886533,64.01335974256013
55,70.99442601144925,63.991489248137135
55,70.99373539757855,64.00013805046474
55,70.99517614224952,64.01579330636982
55,70.99338951850827,63.9980770557662
55,70.99682958422972,63.98695171440382
55,70.98223713850724,63.99107319922921
55,71.01471131120276,64.00514413276643
55,71.0011050620569,64.0170349488325
55,70.9866229665901,63.986548019388835
55,71.0239724460342,63.99722696040925
55,70.99791517391641,64.01152257401127
55,71.01047409212414,63.99136405873279
55,71.02271955338598,63.992778217957444
55,70.99629819239101,64.01296427969578
55,71.00461004036066,64.0016466423417
55,71.01495850812306,64.0148535573156
55,71.01102227301728,64.01227015994164
55,70.98786406120031,64.01131005475317
55,71.00041388323619,63.97606124725136
55,71.01728236107807,63.995359022485104
55,70.9807868589124,64.00752501023435
55,70.99191838213387,64.0144048054323
55,70.97758003050095,64.00502301876982
55,70.98687719592937,63.9898639911298
55,70.99629819239101,64.01296427969578
55,71.00365895284368,64.01870369194255
55,70.99682958422972,63.98695171440382
55,71.02166794469986,63.992361726666424
55,71.0002930212015,64.01432497124772
55,70.9978484843966,64.01917798560339
55,70.99186595107165,64.01575437458948
55,71.00839676087291,64.01476224047515
55,71.00041388323619,63.97606124725136
55,70.99684798582224,63.98887195036369
55,70.99348734414171,64.02245056728566
55,70.98559024820875,64.00771495049206
55,70.99188730563877,64.02167867333158
55,70.99191838213387,64.0144048054323
55,70.99906548555342,64.00937388588144
55,70.99218825823567,63.98513689751923
55,70.97758003050095,64.00502301876982
55,70.98687538559584,63.991872709234066
55,71.00860332514,64.00191386906059
55,70.98413815046747,64.00217934891594
55,71.01532498520162,64.00357531479263
55,70.98298369042853,63.99887449303659
55,71.00374207372101,64.00196839312673
55,71.00809700264608,64.0094837835013
55,70.98687538559584,63.991872709234066
55,70.98175973501763,63.99286568310248
55,70.98401565431864,63.98352105533865
55,70.98223713850724,63.99107319922921
55,71.01497849418455,63.997497488224404
55,70.9825657478771,63.99832915428066
55,71.01056937264443,63.98511225163726
55,70.98298369042853,63.99887449303659
55,70.99791517391641,64.01152257401127
55,70.98930132034165,64.00361057951635
55,71.01471131120276,64.00514413276643
55,71.0181661241937,63.99141243657839
55,71.00958045264173,64.01310480073336
55,70.99442601144925,63.991489248137135
55,70.98508736000683,64.00584300978198
55,70.99457707365838,63.99439225044856
55,70.99183515200222,64.00426552629263
55,71.00966500792978,63.978332804247934
55,70.99682958422972,63.98695171440382
55,70.99457562974668,64.02338048610592
55,71.00312524257771,64.01892325720407
55,71.00518442575662,64.0000576697194
55,70.99188730563877,64.02167867333158
55,71.01728885608375,64.0037739078233
55,70.98023223771006,63.98854427822952
55,70.99252619126909,64.0161163867704
55,70.98651483118795,64.0033427327496
55,70.98559024820875,64.00771495049206
55,70.9874746979379,63.99529631677947
55,70.9866229665901,63.986548019388835
55,70.99906548555342,64.00937388588144
55,70.99373539757855,64.00013805046474
55,70.98088360795388,63.98638422895742
55,70.9874746979379,63.99529631677947
55,71.00143646420744,63.978411064932224
55,71.01355424279785,64.01321378066999
55,71.0239724460342,63.99722696040925
55,70.9988286929496,64.02420426842053
55,70.98415227590107,63.98805184405767
55,70.98260353777809,64.01138371785034
55,71.0091370818107,63.987267331653406
55,70.9989619063244,63.994162404318175
55,70.98549871456113,63.98894321905628
55,70.9910944987561,64.00585262368485
55,70.98696116028212,63.997794757639106
55,71.0249171856568,64.00118303480635
55,70.9807868589124,64.00752501023435
55,71.01497849418455,63.997497488224404
55,71.01604545246039,64.01900113341111
55,71.00766702683954,64.00824902624275
55,70.99556659492013,63.977658454992046
55,71.01336660416952,64.02010119887059
55,71.005539086045,64.0209175427367
55,71.00374207372101,64.00196839312673
55,71.0134674199141,64.00776796693363
55,71.01866100783887,63.99788143790497
56,70.99666600460898,63.99187894371772
56,70.995269780392,63.993704202783356
56,70.99567641698998,63.99041633018981
56,70.99099662319323,63.99300847838892
56,70.99530922542338,63.99244599270343
56,70.99494114240575,63.99043395450757
56,70.99602977068758,63.9931311107617
56,70.99329772361955,63.99498954713746
56,70.9916710688639,63.99275726850621
56,70.99152593469765,63.99049808724666
56,70.99071620970899,63.99259041272347
56,70.99102636462626,63.9930134918435
56,70.9960199221287,63.99399555295476
56,70.99567641698998,63.99041633018981
56,70.99534311384566,63.99408979543751
56,70.991875785479,63.99260261408995
56,70.99393748758189,63.99511511075998
56,70.99144202289503,63.99129602881166
56,70.99204366161547,63.99290119950011
56,70.99219685521638,63.99107117728925
56,70.99449688314719,63.98962678008719
56,70.99445246432742,63.989411977438685
56,70.99338243293772,63.99386512186119
56,70.99383309982485,63.98913429688269
56,70.99308775442509,63.98984687821386
56,70.99206037764617,63.991498758650906
56,70.99288358210435,63.99218884241104
56,70.99179497213277,63.99201601240311
56,70.99252222319195,63.991216763980866
56,70.9931118321814,63.99215690909281
56,70.99425094082429,63.99031117605216
56,70.99415039242463,63.99207737437173
56,70.99121773767743,63.99317333924018
56,70.99418793479306,63.98993847140786
56,70.99687412202088,63.991685085771245
56,70.99329772361955,63.99498954713746
56,70.9907778224618,63.99305411566722
56,70.99495223732823,63.99151449256217
56,70.99679272738341,63.992383158237445
56,70.99308775442509,63.98984687821386
56,70.99474580353677,63.99230319402629
56,70.9910270457382,63.99265066957337
56,70.99393748758189,63.99511511075998
57,70.99028556901773,63.97880124013918
57,70.98630923060173,64.00223257681138
57,70.9807868589124,64.00752501023435
57,70.99268109390977,64.01512619783549
57,71.01910519569718,64.00814053633249
57,71.00207696137905,63.987162453028446
57,71.00017204909197,63.99057062885889
57,71.01038150736893,63.987426725835675
57,71.00518442575662,64.0000576697194
57,71.00312524257771,64.01892325720407
57,70.99284426633446,64.01787339811352
57,71.0130007247263,63.98781291055015
57,70.9922125142682,63.985393667782915
57,71.0014716496777,64.0156241894108
57,71.00152752456778,64.00625683552245
57,70.99670910192305,63.979833812816906
57,71.00804998898488,64.02280549919536
57,70.99922199146798,63.97895132176667
57,70.98170945288297,63.99646458566345
57,70.99252619126909,64.0161163867704
57,70.98948828493198,64.00619671358356
57,70.98566501748073,64.00646930561683
57,70.9890038150825,64.00342254648814
57,70.99348734414171,64.02245056728566
57,71.00811988853782,63.989954158055134
57,70.99252619126909,64.0161163867704
57,70.9940826582084,63.984347723640255
57,70.99442601144925,63.991489248137135
57,70.98537312504985,64.00287862350535
57,70.99934676874184,64.01760194543188
57,71.01336660416952,64.02010119887059
57,70.98580777118205,63.98616979911102
57,71.00207696137905,63.987162453028446
57,70.99927454566239,64.01511686525369
57,71.00756147730499,64.0010796600119
57,71.00152752456778,64.00625683552245
57,71.00370923321094,63.99084702680325
57,70.99254198400486,64.01841171466708
57,71.01497849418455,63.997497488224404
57,70.99442601144925,63.991489248137135
57,70.97855169589296,63.98865191908742
57,71.01722403527766,63.998795723756125
57,70.99457707365838,63.99439225044856
57,70.99338951850827,63.9980770557662
57,70.99339544849137,63.98881828964373
57,71.00207696137905,63.987162453028446
57,70.97877386505786,63.994802883946235
57,71.01657797459067,63.999772206179486
57,71.00994593461168,64.00706964492001
57,70.98401565431864,63.98352105533865
57,70.97897381650787,64.00093134988526
57,70.99342765092898,64.00712834419096
57,70.98175973501763,63.99286568310248
57,70.99186595107165,64.01575437458948
57,70.99480882938464,63.987975218782324
57,70.99124739049483,63.98036622829794
57,71.0002930212015,64.01432497124772
57,70.99791517391641,64.01152257401127
57,70.9978484843966,64.01917798560339
57,70.98023223771006,63.98854427822952
57,70.98149586637061,63.999093954235114
57,70.99067435826919,64.00007515119029
57,71.01875914944993,64.01374305843059
57,71.00370923321094,63.99084702680325
57,70.98401565431864,63.98352105533865
57,70.98630923060173,64.00223257681138
57,70.9866229665901,63.986548019388835
57,70.98175973501763,63.99286568310248
57,71.01497849418455,63.997497488224404
57,71.00919287133519,64.00823900736398
57,70.99067435826919,64.00007515119029
57,71.01056937264443,63.98511225163726
57,71.00389847563015,63.99337199608197
57,70.99254198400486,64.01841171466708
57,70.98566501748073,64.00646930561683
57,70.9995639097551,64.02080648287523
57,70.99629819239101,64.01296427969578
57,71.00299231104204,64.01862154270893
57,70.99670910192305,63.979833812816906
57,70.99893522080535,64.00647645369641
57,71.00365895284368,64.01870369194255
57,71.00338004850899,63.99047807498108
57,71.0002930212015,64.01432497124772
57,70.99457562974668,64.02338048610592
57,71.00959401872227,64.02252348767333
57,70.98565220198383,63.997481669556436
57,71.0130007247263,63.98781291055015
57,71.00756147730499,64.0010796600119
57,70.99830849253996,64.02264273207003
57,70.99480882938464,63.987975218782324
57,71.0002930212015,64.01432497124772
57,71.00958045264173,64.01310480073336
57,71.02166794469986,63.992361726666424
57,70.98696116028212,63.997794757639106
57,71.00682622290077,64.01560219789027
57,70.99480882938464,63.987975218782324
57,71.01623932894341,64.00066751058657
57,71.02069416267739,63.988245096090694
57,71.01623932894341,64.00066751058657
57,71.00206036741778,63.98288648159787
57,71.01532498520162,64.00357531479263
57,71.00521480637838,63.98372050473778
57,71.01413428749717,64.00933052722397
57,71.00017204909197,63.99057062885889
57,71.00695017725236,63.989715140373654
57,70.98696116028212,63.997794757639106
57,70.98948828493198,64.00619671358356
57,70.97877386505786,63.994802883946235
57,70.9978484843966,64.01917798560339
57,71.01355424279785,64.01321378066999
57,71.00811988853782,63.989954158055134
57,71.00821671918004,63.99797554518523
57,70.99124739049483,63.98036622829794
57,70.9989619063244,63.994162404318175
57,71.00811988853782,63.989954158055134
57,70.97897381650787,64.00093134988526
57,70.99457562974668,64.02338048610592
58,70.98786406120031,64.01131005475317
58,71.02069416267739,63.988245096090694
58,70.99910993443035,64.02309843025965
58,71.01910519569718,64.00814053633249
58,70.99098964748417,63.99561415799867
58,71.01866100783887,63.99788143790497
58,71.01047409212414,63.99136405873279
58,70.97855169589296,63.98865191908742
58,70.99218825823567,63.98513689751923
58,70.98415227590107,63.98805184405767
58,70.99830849253996,64.02264273207003
58,70.99284426633446,64.01787339811352
58,70.97855169589296,63.98865191908742
58,71.0130007247263,63.98781291055015
58,70.99576249765147,63.98905958686892
58,71.01728885608375,64.0037739078233
58,70.9825657478771,63.99832915428066
58,70.9988286929496,64.02420426842053
58,70.99457707365838,63.99439225044856
58,70.99909521112009,63.98688075028817
58,70.98415227590107,63.98805184405767
58,71.00919287133519,64.00823900736398
58,71.02427030371217,63.996649361637935
58,71.00521480637838,63.98372050473778
58,71.0002930212015,64.01432497124772
58,71.01604545246039,64.01900113341111
58,70.9846144070377,64.00305715795832
58,70.9910944987561,64.00585262368485
58,70.99373539757855,64.00013805046474
58,70.98696116028212,63.997794757639106
58,71.00809700264608,64.0094837835013
58,71.01081896520253,63.980146005825844
58,70.98298369042853,63.99887449303659
58,71.00600479761073,64.0089130409572
58,70.98630923060173,64.00223257681138
58,71.00389847563015,63.99337199608197
58,71.00206036741778,63.98288648159787
58,71.01875914944993,64.01374305843059
58,71.00389847563015,63.99337199608197
58,71.01038150736893,63.987426725835675
58,71.00860332514,64.00191386906059
58,70.98088360795388,63.98638422895742
58,71.0091370818107,63.987267331653406
58,70.98298369042853,63.99887449303659
58,70.99684798582224,63.98887195036369
58,70.98566501748073,64.00646930561683
58,70.99226100651465,63.9788049677387
58,70.98630923060173,64.00223257681138
58,70.99098964748417,63.99561415799867
58,70.98401565431864,63.98352105533865
58,71.01657797459067,63.999772206179486
58,71.01623932894341,64.00066751058657
58,71.00600479761073,64.0089130409572
58,70.99927454566239,64.01511686525369
58,71.00206036741778,63.98288648159787
58,70.99210011003423,64.02064696511796
58,70.9978484843966,64.01917798560339
58,70.99909521112009,63.98688075028817
58,70.98829144125148,63.99806061470055
58,71.01297085368827,64.01252918451621
58,70.99191838213387,64.0144048054323
58,70.99252619126909,64.0161163867704
58,71.0134674199141,64.00776796693363
58,71.01728885608375,64.0037739078233
58,70.99276392311329,63.98590254646873
58,70.99098964748417,63.99561415799867
58,71.01038150736893,63.987426725835675
58,71.01495850812306,64.0148535573156
58,70.99276392311329,63.98590254646873
58,70.99342765092898,64.00712834419096
58,71.01047409212414,63.99136405873279
58,71.01497849418455,63.997497488224404
58,71.00804998898488,64.02280549919536
58,70.98413815046747,64.00217934891594
58,71.0110664069523,64.0061275600481
58,71.0249171856568,64.00118303480635
58,70.98508736000683,64.00584300978198
58,71.00860332514,64.00191386906059
58,71.00299231104204,64.01862154270893
58,70.9803373776441,64.00040421747131
58,70.98413815046747,64.00217934891594
58,71.00461004036066,64.0016466423417
58,70.98415227590107,63.98805184405767
58,70.98149586637061,63.999093954235114
58,70.98651483118795,64.0033427327496
58,70.98559024820875,64.00771495049206
58,70.99321960345682,63.986199412936934
58,71.00412485472769,63.992732560260855
58,71.0117425146062,63.99171808941867
58,71.00860332514,64.00191386906059
58,70.98786406120031,64.01131005475317
58,71.00143646420744,63.978411064932224
59,70.99250651777302,63.99135818630146
59,70.99687412202088,63.991685085771245
59,70.99099662319323,63.99300847838892
59,70.99416897729178,63.99528649075669
59,70.9916710688639,63.99275726850621
59,70.99416897729178,63.99528649075669
59,70.99336154567423,63.993919890990526
59,70.992309530851,63.99480507072873
59,70.99524980898254,63.9929976557957
59,70.99457707365838,63.99439225044856
59,70.99461163932193,63.991254169408556
59,70.9924344970718,63.99019345003205
59,70.99329772361955,63.99498954713746
59,70.99471926900698,63.994908500366456
59,70.99331782745979,63.99222060539991
59,70.99099662319323,63.99300847838892
59,70.9919018469233,63.99301019008879
59,70.99296510101851,63.995109564823586
59,70.99102636462626,63.9930134918435
59,70.99471926900698,63.994908500366456
59,70.99461163932193,63.991254169408556
59,70.99576281272248,63.99419877875527
59,70.99602977068758,63.9931311107617
59,70.99244034876281,63.99216346913348
59,70.99262476502425,63.992986480556084
59,70.99381430163815,63.994691508961395
59,70.99425094082429,63.99031117605216
59,70.9942140997718,63.99442555567765
59,70.99380783037299,63.988783351718574
59,70.99255618834331,63.992785450255575
59,70.99296510101851,63.995109564823586
59,70.99493314289558,63.99451053407227
59,70.99382079115509,63.99230230025564
59,70.9931118321814,63.99215690909281
59,70.99305778469049,63.99327446841635
59,70.99651630524808,63.990686166618296
59,70.99119627171844,63.9939833002036
59,70.99500981368598,63.99015750343064
59,70.99507355287615,63.99070513740591
59,70.99494645951711,63.99461752316323
59,70.99235791914438,63.99091188521973
59,70.9931118321814,63.99215690909281
59,70.99444477986741,63.990015479266276
59,70.9952398328817,63.9918953228123
59,70.99585041123295,63.994152643246125
59,70.99471926900698,63.994908500366456
59,70.99329772361955,63.99498954713746
59,70.99336500971955,63.99445736375109
59,70.99215470126617,63.990496432282946
59,70.99174086816842,63.99454992615845
59,70.99351751772087,63.993275739482435
59,70.99474638722,63.989068276617814
59,70.99687412202088,63.991685085771245
59,70.99143814142032,63.991343612181815
59,70.99395175072111,63.99124992765281
59,70.99351751772087,63.993275739482435
59,70.99118301233294,63.991624625512316
59,70.99099662319323,63.99300847838892
59,70.99160454608844,63.99350354883654
59,70.99542404348703,63.99387801505136
59,70.99144202289503,63.99129602881166
59,70.9931044387084,63.99336657172513
59,70.99494114240575,63.99043395450757
59,70.99474580353677,63.99230319402629
59,70.99469742395642,63.99238696613715
59,70.9930099420234,63.99121282724612
59,70.99166980776775,63.99349529717785
59,70.99080432474574,63.9927387126764
59,70.99382079115509,63.99230230025564
59,70.99252797874136,63.99321224412151
59,70.99524980898254,63.9929976557957
59,70.99381430163815,63.994691508961395
59,70.99305778469049,63.99327446841635
59,70.99461163932193,63.991254169408556
59,70.99415122386151,63.99387394311408
59,70.99547256149397,63.990556431298224
59,70.99380783037299,63.988783351718574
59,70.99555494646012,63.990235671509616
59,70.9916710688639,63.99275726850621
59,70.99495223732823,63.99151449256217
59,70.9942615252918,63.9912286699432
59,70.99466081354714,63.993171656964726
59,70.99474580353677,63.99230319402629
59,70.99488932009675,63.98935275770868
59,70.99168489750633,63.99436349207495
59,70.99329772361955,63.99498954713746
59,70.99565384120902,63.99040659250571
59,70.99204366161547,63.99290119950011
59,70.99528658422163,63.993058279629864
59,70.99255303631938,63.991219408099425
59,70.99353840821664,63.988857576299
59,70.99416897729178,63.99528649075669
59,70.99494114240575,63.99043395450757
59,70.99543732634287,63.989606040362695
59,70.99576281272248,63.99419877875527
59,70.99303164486766,63.993619632212635
59,70.99489673165553,63.99151223009586
59,70.99336500971955,63.99445736375109
59,70.99445246432742,63.989411977438685
59,70.99555494646012,63.990235671509616
60,70.99801625826687,63.98782849390181
60,71.00040296413583,63.98452989648153
60,70.9980113006979,63.98886610539177
60,70.99744949960498,63.986684009255605
60,70.99771237270652,63.98662765390833
60,70.99705075173242,63.990559531307866
60,70.99913387631351,63.98895907597368
60,70.99802040302103,63.98981721236853
60,71.00101845457603,63.986616667016655
60,70.9996811544991,63.98745643697382
60,70.99756305463711,63.98652475925572
60,71.00000883169871,63.98982828528938
60,70.9978194632333,63.98566536353287
60,71.00021462028762,63.987065637646374
60,70.99705075173242,63.990559531307866
60,71.00103733267089,63.98479205088349
60,70.99998968350819,63.98996797618696
60,70.99600081694383,63.98912450832429
60,70.99790616773325,63.98889258754923
60,71.00041152015885,63.98756391935819
60,70.99873094752164,63.9894953327201
60,71.0017179622741,63.98752618536601
60,70.99845029836167,63.987246275667026
60,71.00149576332518,63.988024413585585
60,70.99601436967788,63.98886243400247
60,70.99931423987077,63.98827409419608
60,70.99594003622998,63.98777512193404
60,71.00184731717617,63.98679715378391
60,70.99702037266412,63.9889004663242
60,70.99877720241541,63.98862580108538
60,71.00214657488796,63.98618419971524
60,70.99610198478285,63.98896562976185
60,70.99824533135865,63.98650239368585
60,70.99665019385313,63.98568408870611
60,70.99802040302103,63.98981721236853
60,70.99940544017124,63.98952519011752
60,70.99977655555159,63.98415224700484
60,70.99835828217991,63.98891504639486
60,70.99867500662074,63.98872533242576
60,70.99930422315666,63.988244210046204
60,71.00084910140973,63.989102356023395
60,70.99732176164729,63.985578156899166
60,70.99867931800279,63.98741748808601
60,70.99771237270652,63.98662765390833
60,70.99705075173242,63.990559531307866
60,70.99875188342075,63.99063143546077
60,70.9977737418713,63.98917226878233
60,70.99744949960498,63.986684009255605
60,70.99900433255037,63.98811263169491
60,70.99783525613752,63.985420123021534
60,70.99667058723284,63.98869309966302
60,70.99909880240489,63.986611626623684
60,70.99802040302103,63.98981721236853
60,70.99908008317625,63.99067335228065
61,70.99838831360294,64.01290676758616
61,70.99944682094116,64.01753021379518
61,70.99818498368168,64.0146525500991
61,71.00014646347483,64.0160687641797
61,70.99927454566239,64.01511686525369
61,71.00015917444318,64.01866887536416
61,71.00183782675471,64.01490854021222
61,71.00309522644436,64.01576068900368
61,71.00010685263356,64.01725136791302
61,70.99756040491988,64.01513962129259
61,70.99877114406456,64.01606879667612
61,71.00014216127336,64.01333742982206
61,70.99822712575688,64.01785043845419
61,70.99878638803789,64.01349601545175
61,70.99752736033759,64.01683177999816
61,70.99777152875188,64.01340903188868
61,70.99896982711556,64.01674609597066
61,70.99702935214907,64.01627884954038
61,71.00102522306229,64.01720629041439
61,70.99907517366488,64.01274027015552
61,71.00122037474574,64.01737200781741
61,70.99989644751302,64.01291517310567
61,71.00044072821018,64.01531746383958
61,70.99697800345892,64.01525745587264
61,71.00024874684267,64.01739405492282
61,71.00024874684267,64.01739405492282
61,71.00287433277373,64.0166930770894
61,71.00208250039736,64.01583775338821
61,70.998368263536,64.01415757646393
61,71.00175934415475,64.01724921690776
61,70.99979296563518,64.0171313706894
61,70.99865798833062,64.0129101800185
61,71.00003130604172,64.01642636111033
61,70.99816488504285,64.01545929678602
61,71.0002958144576,64.0154222191952
61,71.00212728027854,64.01446171132078
61,70.99940441026513,64.0185373853176
61,71.00124538305066,64.01432148305354
61,70.99958290959012,64.0154448299986
61,70.99729262260124,64.01695178776966
61,71.00178328907789,64.01513012925527
61,71.00128328672811,64.01799233575355
61,70.99979296563518,64.0171313706894
61,71.00087934756392,64.01405023682351
61,71.00034955411475,64.01845459321069
61,70.99794690688391,64.01834791032115
61,71.00006503041679,64.01312551120952
61,71.00208250039736,64.01583775338821
61,71.00178328907789,64.01513012925527
61,70.99828658442964,64.01331433980992
61,71.002555801408,64.0155585972945
61,71.00078674660087,64.01752343100173
61,70.99811405357889,64.0176385303351
61,70.99941133150759,64.01321091625584
61,70.99922842376303,64.01327182410152
61,70.9969137829376,64.01435253263537
61,71.00183782675471,64.01490854021222
61,70.99911355826212,64.01339925333195
61,70.99786172472308,64.01742284433114
61,70.99877114406456,64.01606879667612
61,70.99922842376303,64.01327182410152
61,70.99768160577052,64.01512461894431
61,70.99822174330869,64.01703406934921
61,71.00010685263356,64.01725136791302
61,71.0002958144576,64.0154222191952
61,71.0000298267438,64.0165446910215
61,71.00241750097923,64.01584226654138
61,71.00166508233252,64.01558615537368
61,70.99755498547054,64.01660097307193
61,71.00260416637472,64.0171496043587
61,71.00010685263356,64.01725136791302
61,70.99901766872843,64.01514943924856
61,71.00273235512824,64.01656171997857
61,71.00082010625218,64.01454802581887
61,71.00005956507695,64.01351247777099
61,71.00266033197478,64.01590407131978
61,70.99818902108811,64.01713261864111
61,71.00241750097923,64.01584226654138
61,71.00239775492179,64.01424469255738
61,70.99847170331492,64.01381239777267
61,71.0002930212015,64.01432497124772
61,71.0003534420736,64.01337987271377
61,70.99970056096633,64.0146891778294
61,70.99958290959012,64.0154448299986
61,71.00134502190838,64.01758662655834
61,71.00003130604172,64.01642636111033
61,71.00241750097923,64.01584226654138
61,70.99899410382207,64.01675027217227
61,70.99721327696011,64.0175226549674
61,71.00024874684267,64.01739405492282
61,71.00128356826379,64.01329687951284
61,70.99756040491988,64.01513962129259
61,71.00273235512824,64.01656171997857
61,70.99766340797014,64.0148550555694
61,70.99738842554613,64.01571814871812
61,70.99940441026513,64.0185373853176
61,70.99889157946747,64.01432431284387
61,70.99770897714525,64.01527768544767
61,70.99753672082507,64.01341952047531
61,71.00241750097923,64.01584226654138
61,71.00112160483137,64.01462504292732
61,71.00014216127336,64.01333742982206
61,70.99927454566239,64.01511686525369
61,70.99838831360294,64.01290676758616
61,70.99822174330869,64.01703406934921
61,71.00009463306999,64.01844201188354
61,70.99885407620756,64.01793933899624
61,71.00287433277373,64.0166930770894
61,70.99940187761685,64.01412475941771
61,70.99995144219753,64.0138309414545
61,70.99700320110968,64.0155483653483
61,71.00195715805881,64.01433561023461
62,70.98336483623959,64.01206814511485
62,70.98027040422669,64.01475159629852
62,70.980344556772,64.0149867505581
62,70.98445252902377,64.01891856218066
62,70.98076828778657,64.01546547887042
62,70.98087697208715,64.01460122720998
62,70.98562507773036,64.0179610841172
62,70.98489926435556,64.0124576542599
62,70.98502918433687,64.0135233509148
62,70.98346515915041,64.0180221214694
62,70.98591083775975,64.01301803867236
62,70.98263785684769,64.01373363539986
62,70.98419255920389,64.01837394145554
62,70.98726833465311,64.0141198847696
62,70.98219836857419,64.01555817167721
62,70.98465007542161,64.01616537655094
62,70.982596719795,64.01332672903874
62,70.98390390022027,64.01187350691684
62,70.98219084737487,64.01436758845311
62,70.98437535746919,64.01662597028837
62,70.98628824272917,64.01716301385429
62,70.98176231773381,64.01247647287377
62,70.98196568568514,64.01608477695143
62,70.9834615347223,64.01698664585611
62,70.9843808535253,64.01698528312379
62,70.98097368522471,64.01531025770207
62,70.98590394979549,64.01435739064517
62,70.98532141184202,64.01528425888839
62,70.98645752753688,64.01687728732782
62,70.98346515915041,64.0180221214694
62,70.9821624137237,64.01724505330942
62,70.98141297097244,64.01337447183101
62,70.98419255920389,64.01837394145554
62,70.98489926435556,64.0124576542599
62,70.98599288141388,64.01665140511042
62,70.98415465616786,64.01257523326652
62,70.98627874236054,64.01600823143556
62,70.98369910337684,64.01673251833014
62,70.98333566750124,64.0145419550051
62,70.98768715378618,64.01503214953655
62,70.98196568568514,64.01608477695143
62,70.98333566750124,64.0145419550051
62,70.98658530376598,64.0165524878871
62,70.98199164340792,64.01628060547995
62,70.98627874236054,64.01600823143556
62,70.98539627428592,64.01623440455073
62,70.98426945690655,64.01351177226633
62,70.982596719795,64.01332672903874
62,70.98753858246955,64.01550214396617
62,70.98243320021406,64.01590105295489
62,70.98558307393077,64.01604447943706
62,70.98086792352116,64.01532291767248
62,70.9826926735046,64.01335786274295
62,70.98258737035553,64.01551168658696
62,70.98147362083051,64.01375950110916
62,70.98557827117644,64.01337025549478
62,70.98679894266569,64.0173151159907
62,70.98735780442675,64.01662843247193
62,70.98318466010375,64.0119978791405
62,70.98490759480491,64.01630553717813
62,70.98141297097244,64.01337447183101
62,70.98415465616786,64.01257523326652
62,70.98638568141932,64.01695243943665
62,70.98523621127626,64.01542562416937
62,70.98437535746919,64.01662597028837
62,70.98263785684769,64.01373363539986
62,70.98448576163631,64.01355455022295
62,70.98445252902377,64.01891856218066
62,70.98333566750124,64.0145419550051
62,70.9856635871669,64.01614540471336
62,70.98490759480491,64.01630553717813
62,70.9834785739341,64.01281771289038
62,70.98180271852753,64.01294851794795
62,70.98435115760907,64.01392530718503
62,70.98421616466301,64.01673185865518
62,70.98539627428592,64.01623440455073
62,70.98644949989108,64.0156538084779
62,70.98735780442675,64.01662843247193
62,70.98371720756631,64.01328682620185
62,70.9826926735046,64.01335786274295
62,70.98620914542202,64.01574626687925
62,70.98490759480491,64.01630553717813
62,70.98590394979549,64.01435739064517
62,70.98225191534394,64.01441708866486
62,70.9810994235836,64.01500503909072
62,70.98333566750124,64.0145419550051
62,70.98420220001829,64.01630796325435
62,70.98082705985972,64.01481944941297
62,70.98421616466301,64.01673185865518
62,70.98620914542202,64.01574626687925
62,70.9827779677396,64.01408217507318
62,70.98546065906253,64.0166674329035
62,70.98560924233946,64.01706095539348
62,70.9862078848554,64.0184585942733
62,70.98532141184202,64.01528425888839
62,70.9871312359437,64.01741142856865
62,70.98571664709645,64.01581840002926
62,70.98276805697316,64.0133513583977
62,70.98086792352116,64.01532291767248
62,70.98612018068215,64.01631563455544
62,70.98243320021406,64.01590105295489
62,70.98694985946668,64.01755374871836
62,70.98396989085148,64.01254123840923
62,70.98383673875817,64.01644906581078
62,70.98560924233946,64.01706095539348
62,70.98426945690655,64.01351177226633
62,70.98567167429188,64.01313345026871
63,70.98444845433802,64.01785552311453
63,70.98753858246955,64.01550214396617
63,70.98196568568514,64.01608477695143
63,70.98515844679093,64.0149256251839
63,70.98147362083051,64.01375950110916
63,70.98552412274866,64.01341013893439
63,70.98582460976854,64.01669400367767
63,70.98147362083051,64.01375950110916
63,70.98145203997242,64.01628109564818
63,70.98340098557796,64.01825236812205
63,70.98571664709645,64.01581840002926
63,70.98571664709645,64.01581840002926
63,70.98653826999494,64.01542948535487
63,70.98346515915041,64.0180221214694
63,70.98174469184436,64.01329743647675
63,70.98254474185512,64.0158573471138
63,70.9871312359437,64.01741142856865
63,70.98595987504613,64.01528744031606
63,70.98495833205332,64.01832894721555
63,70.98768715378618,64.01503214953655
63,70.9826926735046,64.01335786274295
63,70.98546065906253,64.0166674329035
63,70.98421616466301,64.01673185865518
63,70.9865932967513,64.0159587351204
63,70.98369910337684,64.01673251833014
63,70.98567167429188,64.01313345026871
63,70.98619529992986,64.01832349145302
63,70.98097368522471,64.01531025770207
63,70.9834615347223,64.01698664585611
63,70.98666504649286,64.01481479055465
63,70.98421616466301,64.01673185865518
63,70.98404834433644,64.01475868179197
63,70.98485652188889,64.01934756418527
63,70.98383673875817,64.01644906581078
63,70.98645938287412,64.01326894227977
63,70.98369910337684,64.01673251833014
63,70.98350008424754,64.01718942919379
63,70.98478488910011,64.01343868872861
63,70.98599288141388,64.01665140511042
63,70.98312621995228,64.0170057033739
63,70.98557827117644,64.01337025549478
63,70.98197985771418,64.01292731629768
63,70.98184790831532,64.01541944086671
63,70.98631362445137,64.01502088815512
63,70.98396989085148,64.01254123840923
63,70.98612018068215,64.01631563455544
63,70.98437132952665,64.0137487981716
63,70.98694985946668,64.01755374871836
63,70.98389575514503,64.01560003585392
63,70.98097368522471,64.01531025770207
63,70.98621791598816,64.01797262199392
63,70.9843808535253,64.01698528312379
63,70.98258737035553,64.01551168658696
63,70.98388263246324,64.01537246586874
63,70.98141297097244,64.01337447183101
63,70.98388263246324,64.01537246586874
63,70.98087697208715,64.01460122720998
63,70.98668518509778,64.0159317991838
63,70.98595987504613,64.01528744031606
63,70.98258737035553,64.01551168658696
63,70.9826926735046,64.01335786274295
63,70.98584754238257,64.01817827153805
63,70.98390390022027,64.01187350691684
63,70.98544647544861,64.01319432353267
63,70.98582460976854,64.01669400367767
63,70.98678755863335,64.01372902406958
63,70.98247777594555,64.01741815656963
63,70.98268713391899,64.01641986399008
63,70.98437132952665,64.0137487981716
63,70.98145203997242,64.01628109564818
63,70.98199164340792,64.01628060547995
63,70.9858977458758,64.01555209942009
63,70.9826620369791,64.0145232526809
63,70.98502918433687,64.0135233509148
63,70.98247777594555,64.01741815656963
63,70.98145203997242,64.01628109564818
63,70.9861862066893,64.01847159636716
63,70.98437535746919,64.01662597028837
63,70.98176231773381,64.01247647287377
63,70.98197327601268,64.01586609786521
63,70.98278240581104,64.0121515172498
63,70.98514164818164,64.01502449344567
63,70.98490759480491,64.01630553717813
63,70.98666504649286,64.01481479055465
63,70.98600384025978,64.01591813630745
63,70.98103297730859,64.01389584317742
63,70.98555758327431,64.01625262010434
63,70.98545099267793,64.01329151966499
63,70.98439987115378,64.01644753674974
63,70.98147362083051,64.01375950110916
63,70.98345454440758,64.01584460518926
63,70.98562507773036,64.0179610841172
63,70.98638568141932,64.01695243943665
63,70.98335285004622,64.01626538218345
63,70.98403542573774,64.0169199347004
63,70.98429778426988,64.01775707954693
63,70.98276599771397,64.01643232209318
63,70.98514164818164,64.01502449344567
63,70.98619529992986,64.01832349145302
63,70.98751642424335,64.01438718012277
63,70.98611235326841,64.01497314959737
63,70.98223520723126,64.01281715620736
63,70.98076828778657,64.01546547887042
63,70.98557827117644,64.01337025549478
63,70.98346515915041,64.0180221214694
63,70.98180271852753,64.01294851794795
63,70.98642249501559,64.01692540062594
63,70.98385377723712,64.01421040937602
63,70.98258737035553,64.01551168658696
63,70.98562507773036,64.0179610841172
63,70.9814011570122,64.0142298601961
63,70.9834785739341,64.01281771289038
63,70.98180271852753,64.01294851794795
63,70.98445252902377,64.01891856218066
63,70.98082705985972,64.01481944941297
63,70.9810994235836,64.01500503909072
63,70.98515844679093,64.0149256251839
64,71.0239724460342,63.99722696040925
64,70.99373539757855,64.00013805046474
64,71.01081896520253,63.980146005825844
64,71.00374207372101,64.00196839312673
64,70.98508736000683,64.00584300978198
64,71.00756147730499,64.0010796600119
64,70.98608915571658,63.98505492986282
64,70.99480882938464,63.987975218782324
64,70.99321960345682,63.986199412936934
64,70.99629819239101,64.01296427969578
64,71.00103733267089,63.98479205088349
64,70.99002683185746,63.98697044803746
64,71.01056937264443,63.98511225163726
64,70.99254198400486,64.01841171466708
64,71.00751066639616,63.97947528206637
64,71.01657797459067,63.999772206179486
64,71.02271955338598,63.992778217957444
64,71.00766702683954,64.00824902624275
64,71.00751066639616,63.97947528206637
64,71.01047409212414,63.99136405873279
64,71.01047409212414,63.99136405873279
64,71.00370923321094,63.99084702680325
64,70.99480882938464,63.987975218782324
64,71.00766702683954,64.00824902624275
64,70.97923867530228,64.01052653085084
64,70.98537312504985,64.00287862350535
64,70.9874746979379,63.99529631677947
64,71.02049527874362,64.00155921237138
64,71.01047409212414,63.99136405873279
64,71.00809700264608,64.0094837835013
64,70.98170945288297,63.99646458566345
64,70.98786406120031,64.01131005475317
64,70.9978484843966,64.01917798560339
64,70.99268109390977,64.01512619783549
64,71.01056937264443,63.98511225163726
64,70.97855169589296,63.98865191908742
64,70.99284426633446,64.01787339811352
64,71.0157132886533,64.01335974256013
64,71.0249171856568,64.00118303480635
64,71.01081896520253,63.980146005825844
64,70.98829144125148,63.99806061470055
64,70.99576249765147,63.98905958686892
64,70.99893522080535,64.00647645369641
64,70.99682958422972,63.98695171440382
64,70.99934061260223,63.99905253562506
64,70.98608915571658,63.98505492986282
64,71.01728236107807,63.995359022485104
64,71.02078046064203,64.01071580016371
64,71.00966500792978,63.978332804247934
64,70.99684798582224,63.98887195036369
64,71.00041388323619,63.97606124725136
64,71.02069416267739,63.988245096090694
64,71.00959401872227,64.02252348767333
64,71.00521480637838,63.98372050473778
64,71.00809700264608,64.0094837835013
64,70.9995716989074,64.0109613403106
64,70.98630923060173,64.00223257681138
64,70.99276392311329,63.98590254646873
64,71.01551861924901,64.00196209817301
64,71.00959401872227,64.02252348767333
64,70.9825657478771,63.99832915428066
64,71.00773487941217,64.01772155829308
65,70.99124739049483,63.98036622829794
65,70.99098964748417,63.99561415799867
65,71.00312524257771,64.01892325720407
65,71.00695017725236,63.989715140373654
65,71.02271955338598,63.992778217957444
65,71.00811988853782,63.989954158055134
65,70.9846144070377,64.00305715795832
65,70.99124739049483,63.98036622829794
65,71.00839676087291,64.01476224047515
65,71.00958045264173,64.01310480073336
65,71.02069416267739,63.988245096090694
65,71.0134674199141,64.00776796693363
65,70.98786406120031,64.01131005475317
65,70.98566501748073,64.00646930561683
65,70.98395268397324,63.98782845301668
65,71.00695017725236,63.989715140373654
65,70.98566501748073,64.00646930561683
65,71.01081896520253,63.980146005825844
65,71.01728236107807,63.995359022485104
65,71.00338004850899,63.99047807498108
65,71.00389847563015,63.99337199608197
65,71.0157132886533,64.01335974256013
65,71.00959401872227,64.02252348767333
65,70.99254198400486,64.01841171466708
65,70.98413815046747,64.00217934891594
65,71.00389847563015,63.99337199608197
65,70.98651483118795,64.0033427327496
65,70.98630923060173,64.00223257681138
65,71.00959401872227,64.02252348767333
65,71.00017204909197,63.99057062885889
65,71.01875914944993,64.01374305843059
65,70.99910993443035,64.02309843025965
65,70.99940441026513,64.0185373853176
65,70.9958812054192,63.97811852488495
65,70.99629819239101,64.01296427969578
65,70.97855169589296,63.98865191908742
65,70.98223713850724,63.99107319922921
65,70.98687538559584,63.991872709234066
65,70.99188730563877,64.02167867333158
65,71.0134674199141,64.00776796693363
65,70.98508736000683,64.00584300978198
65,70.99254198400486,64.01841171466708
65,70.97918524056273,63.99099609009019
65,70.9940826582084,63.984347723640255
65,71.01471131120276,64.00514413276643
65,71.01902410966582,63.99501115024594
65,70.99252619126909,64.0161163867704
65,70.99530651788517,64.018875100469
65,70.99183515200222,64.00426552629263
65,70.98651483118795,64.0033427327496
65,71.00299231104204,64.01862154270893
65,70.9890038150825,64.00342254648814
65,70.98687538559584,63.991872709234066
65,71.0011050620569,64.0170349488325
65,71.0014716496777,64.0156241894108
65,70.99067435826919,64.00007515119029
65,71.00959401872227,64.02252348767333
65,70.98175973501763,63.99286568310248
65,71.01623932894341,64.00066751058657
65,70.98650282661042,64.00796847687201
65,70.99348734414171,64.02245056728566
65,70.98415227590107,63.98805184405767
65,71.0157132886533,64.01335974256013
65,71.02049527874362,64.00155921237138
65,70.98696116028212,63.997794757639106
65,71.01056937264443,63.98511225163726
65,70.97897381650787,64.00093134988526
65,71.01551861924901,64.00196209817301
65,71.0130007247263,63.98781291055015
65,70.98776151326938,64.0018951132039
65,70.9890038150825,64.00342254648814
65,71.00806646330972,63.97865058157759
65,70.99342765092898,64.00712834419096
65,70.98415227590107,63.98805184405767
65,71.0181661241937,63.99141243657839
65,71.00207696137905,63.987162453028446
65,70.97855169589296,63.98865191908742
65,71.00312524257771,64.01892325720407
65,70.99338951850827,63.9980770557662
65,70.98415227590107,63.98805184405767
65,70.9866229665901,63.986548019388835
65,71.0091370818107,63.987267331653406
65,70.99629819239101,64.01296427969578
65,70.98088360795388,63.98638422895742
65,71.01102227301728,64.01227015994164
65,71.0249171856568,64.00118303480635
65,70.97743871145589,64.00284700822702
65,71.00756147730499,64.0010796600119
65,70.98580777118205,63.98616979911102
65,70.99442601144925,63.991489248137135
65,71.00017204909197,63.99057062885889
65,70.98170945288297,63.99646458566345
65,70.99922199146798,63.97895132176667
65,70.97897381650787,64.00093134988526
65,70.9995639097551,64.02080648287523
65,70.9988286929496,64.02420426842053
65,71.00839676087291,64.01476224047515
65,70.99002683185746,63.98697044803746
65,71.01102227301728,64.01227015994164
65,71.01604545246039,64.01900113341111
65,71.0117425146062,63.99171808941867
65,71.00518442575662,64.0000576697194
65,70.99254198400486,64.01841171466708
65,71.00766702683954,64.00824902624275
65,71.00365895284368,64.01870369194255
65,70.99934061260223,63.99905253562506
66,70.99629750563746,63.98252808203108
66,70.99568024282925,63.98171659276006
66,70.99995336594968,63.98546046532871
66,70.99762456751264,63.98364117732282
66,70.99530059888005,63.98335356494682
66,70.99698386163088,63.98448424174242
66,70.99787706111483,63.98249168737162
66,70.99516782760358,63.98145197554728
66,70.99805823704008,63.98316097531905
66,70.99756305463711,63.98652475925572
66,70.99926208322518,63.98375272966546
66,70.99549339157934,63.9846858419236
66,70.99518025283203,63.98147187350887
66,70.99918376233698,63.9825184368025
66,70.99954428260527,63.98227522373207
66,70.99757287659945,63.980929856826464
66,70.99901481700219,63.98231275660386
66,70.99868085322097,63.9811566498568
66,70.99969950490278,63.98251330398698
66,70.99649186710326,63.986690501191426
66,70.99673898884484,63.98641828933969
66,71.00005646032783,63.98446859977358
66,70.99977655555159,63.98415224700484
66,70.99714277306013,63.985590831696655
66,70.99514851976144,63.98156500430504
66,70.99576060308031,63.98092347934577
66,70.99490372199642,63.98195019128756
66,70.99682958422972,63.98695171440382
66,70.99757287659945,63.980929856826464
66,70.99667253073706,63.98131880693366
66,70.99981798780121,63.98592042046326
66,70.99756305463711,63.98652475925572
66,70.9993716799964,63.984529783271824
66,70.9958240068469,63.98339952359156
66,70.99958638523606,63.98387896746655
66,70.9997385442436,63.98415849679691
66,70.99534292599029,63.98445224436778
66,70.99590211976098,63.98202811867289
66,70.99509628608294,63.98212866473235
66,70.99890565584073,63.983902242961435
66,70.99822213357965,63.98592541681599
66,71.0001593696552,63.98323139873242
66,70.99711779345196,63.98509495188335
66,70.99833472462689,63.98090748388033
66,70.99574834405227,63.98202481945521
66,70.99921830931042,63.982554432646765
66,70.99750996654707,63.986680986075896
66,70.99590211976098,63.98202811867289
66,70.99542010927244,63.98425095216707
66,70.99911286950622,63.982719060238324
66,70.99811138861867,63.982089855053516
66,70.99922781129602,63.983339435973754
66,70.9987562636862,63.9847033973216
66,70.99463812102186,63.98235148614265
66,70.99607675755911,63.98420480547126
66,70.9971977764266,63.983553395692894
66,70.99629935864547,63.982675162995506
66,70.99972110231721,63.98370807938542
66,70.99464449260292,63.98448161811309
66,70.99762456751264,63.98364117732282
66,71.00010407040186,63.98369252373376
67,70.99528968606094,63.98158997034305
67,70.99675543810582,63.9837433311974
67,70.99629750563746,63.98252808203108
67,70.99695995613098,63.98450734258963
67,71.00067009003175,63.98469894728796
67,70.99969950490278,63.98251330398698
67,70.99922781129602,63.983339435973754
67,70.9987562636862,63.9847033973216
67,70.99554325501626,63.98443220442729
67,70.99762456751264,63.98364117732282
67,70.99805823704008,63.98316097531905
67,70.99660929882216,63.98610486749895
67,70.99772677343823,63.98254046053721
67,70.99805823704008,63.98316097531905
67,70.99914010601313,63.98329300583015
67,70.99868085322097,63.9811566498568
67,70.99549339157934,63.9846858419236
67,70.99514851976144,63.98156500430504
67,70.9949523205276,63.98195042176313
67,71.00005646032783,63.98446859977358
67,70.9949151396682,63.9820324626161
67,70.99880090346713,63.98118406813707
67,70.99811234361097,63.98367806269415
67,70.99523419616511,63.984272289375085
67,70.9949151396682,63.9820324626161
67,70.99981798780121,63.98592042046326
67,70.995875315204,63.98401004911037
67,70.99417245473568,63.98278238281572
67,70.99853927952653,63.982876119180865
67,70.9989195939585,63.984445639943004
67,71.0001593696552,63.98323139873242
67,70.99833472462689,63.98090748388033
67,70.9940826582084,63.984347723640255
67,70.99554325501626,63.98443220442729
67,70.99951348095588,63.98293285827538
67,70.99958638523606,63.98387896746655
67,70.99574834405227,63.98202481945521
67,71.00046753152074,63.984079284478725
67,70.99501124401465,63.98349137162813
67,70.99775491326496,63.98361511982843
67,70.99673898884484,63.98641828933969
67,70.99533061058126,63.98414587098459
67,70.99802836667436,63.98321845032363
67,70.99521246838916,63.98539577271164
67,70.99772677343823,63.98254046053721
67,70.9942859015352,63.985060987628366
67,70.9949151396682,63.9820324626161
67,70.99783525613752,63.985420123021534
67,70.99732176164729,63.985578156899166
67,70.99911286950622,63.982719060238324
67,70.99887973959969,63.985488342165596
67,70.99714277306013,63.985590831696655
67,70.99534078097878,63.98495002748807
67,70.99911286950622,63.982719060238324
67,70.99811234361097,63.98367806269415
67,70.99651284830887,63.984300142151646
67,70.99802891109567,63.980522323491044
67,70.99792339574567,63.984415781756894
67,70.9993716799964,63.984529783271824
67,70.99677984812507,63.9851280169481
67,70.99478862757348,63.98187404210708
67,70.99775491326496,63.98361511982843
67,70.99569610903157,63.9866932961689
67,70.99824812561128,63.98683109509716
67,70.9993716799964,63.984529783271824
67,70.99711779345196,63.98509495188335
67,70.99871747072366,63.98160883580777
67,70.99612380688644,63.98393576614253
67,70.99648544138522,63.982060441881366
67,70.9949151396682,63.9820324626161
67,70.99981798780121,63.98592042046326
67,70.99732176164729,63.985578156899166
67,70.99972110231721,63.98370807938542
67,70.99731239838412,63.98408576593339
67,70.99816793616876,63.98648468335797
67,70.99755416983888,63.984228616148634
67,70.99757287659945,63.980929856826464
67,70.99474734656165,63.98284146365005
67,70.99958638523606,63.98387896746655
67,70.99863215241605,63.984608328953016
67,70.99673898884484,63.98641828933969
67,70.99781865647978,63.983923209776556
67,70.99590674659892,63.98579259104772
67,70.99927761647909,63.98500998720982
67,70.99930915775754,63.98417653920487
67,70.99592567565476,63.98166391267595
67,70.99755416983888,63.984228616148634
67,70.99805823704008,63.98316097531905
67,70.99514851976144,63.98156500430504
67,70.99432102766164,63.98213512643901
67,70.99478831273278,63.98148985781333
67,70.99840023961796,63.986173899117865
67,70.99728097000897,63.98134777606687
67,70.99561307745283,63.98460016808292
67,70.99958638523606,63.98387896746655
68,71.01669192850234,63.9982731523859
68,70.99183515200222,64.00426552629263
68,70.99576249765147,63.98905958686892
68,70.99791517391641,64.01152257401127
68,70.97923867530228,64.01052653085084
68,71.0011050620569,64.0170349488325
68,70.99442601144925,63.991489248137135
68,70.99457707365838,63.99439225044856
68,70.98696116028212,63.997794757639106
68,70.99342765092898,64.00712834419096
68,70.99373539757855,64.00013805046474
68,71.01495850812306,64.0148535573156
68,70.98458519529345,63.995268106424525
68,71.0091370818107,63.987267331653406
68,70.97923867530228,64.01052653085084
68,70.99284426633446,64.01787339811352
68,71.0091370818107,63.987267331653406
68,70.98786406120031,64.01131005475317
68,71.00821671918004,63.99797554518523
68,71.0002930212015,64.01432497124772
68,71.01497849418455,63.997497488224404
68,70.98537312504985,64.00287862350535
68,70.99480882938464,63.987975218782324
68,71.0091370818107,63.987267331653406
68,71.00548724757654,63.993082607533864
68,71.01102227301728,64.01227015994164
68,70.98537312504985,64.00287862350535
68,70.98687538559584,63.991872709234066
68,71.00561393664131,64.01922087466468
68,70.9989619063244,63.994162404318175
68,70.99186595107165,64.01575437458948
68,71.01728236107807,63.995359022485104
68,71.01722403527766,63.998795723756125
68,70.9957237012447,64.00135271103623
68,70.99188730563877,64.02167867333158
68,71.0181661241937,63.99141243657839
68,70.99124739049483,63.98036622829794
68,70.99373539757855,64.00013805046474
68,71.0134674199141,64.00776796693363
68,70.99067435826919,64.00007515119029
68,70.99338951850827,63.9980770557662
68,70.99940441026513,64.0185373853176
68,70.99830849253996,64.02264273207003
68,71.00370923321094,63.99084702680325
68,70.9958812054192,63.97811852488495
68,71.00811988853782,63.989954158055134
68,70.98170945288297,63.99646458566345
68,71.01081896520253,63.980146005825844
68,71.01292447376238,64.01348677997562
68,71.0239724460342,63.99722696040925
68,71.01657797459067,63.999772206179486
68,71.0130007247263,63.98781291055015
68,70.9846144070377,64.00305715795832
68,71.00806646330972,63.97865058157759
68,70.9989619063244,63.994162404318175
68,71.01336660416952,64.02010119887059
68,70.98565220198383,63.997481669556436
68,71.00966500792978,63.978332804247934
68,70.99348734414171,64.02245056728566
68,71.01875914944993,64.01374305843059
68,71.01551861924901,64.00196209817301
68,71.00370923321094,63.99084702680325
68,71.02078046064203,64.01071580016371
68,70.99934061260223,63.99905253562506
68,71.00518442575662,64.0000576697194
68,71.02069416267739,63.988245096090694
68,71.00959401872227,64.02252348767333
68,70.99218825823567,63.98513689751923
68,70.98948828493198,64.00619671358356
68,70.99067435826919,64.00007515119029
68,71.00766702683954,64.00824902624275
68,70.99910993443035,64.02309843025965
68,71.00811988853782,63.989954158055134
68,71.01495850812306,64.0148535573156
68,71.00338004850899,63.99047807498108
68,70.9958812054192,63.97811852488495
68,71.01471131120276,64.00514413276643
68,70.98786406120031,64.01131005475317
68,70.99188730563877,64.02167867333158
69,70.98492160256268,64.0088345020104
69,70.98882295612991,64.01122034320306
69,70.98831107919402,64.00711132959863
69,70.98370320213037,64.01083073625138
69,70.98727808788783,64.00975598087082
69,70.98583088670337,64.00927176655263
69,70.98581978228252,64.00727588756455
69,70.98645938287412,64.01326894227977
69,70.9854884642474,64.01149085765812
69,70.98805609487201,64.00937642474189
69,70.98540397002489,64.01013185880115
69,70.9863575859335,64.00736214044979
69,70.98401536193114,64.00777780275823
69,70.98797682939701,64.00937054339028
69,70.9854884642474,64.01149085765812
69,70.98383524150016,64.01111576962371
69,70.98720458760836,64.00820542409924
69,70.98867565804696,64.00840033102037
69,70.9895580930223,64.01070519738256
69,70.99024786421519,64.0093423760017
69,70.9854888730802,64.00861724227777
69,70.98933589049201,64.00782712661902
69,70.98408144704588,64.01101444346394
69,70.98541356211568,64.00982982268796
69,70.98408144704588,64.01101444346394
69,70.9854884642474,64.01149085765812
69,70.9867265284061,64.00822431291354
69,70.98540397002489,64.01013185880115
69,70.98691974117729,64.01137926669193
69,70.98540397002489,64.01013185880115
69,70.9847335868783,64.00841181271672
69,70.98817975049768,64.01163339125685
69,70.99026586586346,64.0113890612887
69,70.98771197417646,64.00825936243415
69,70.9867265284061,64.00822431291354
69,70.98639336756207,64.00682312925318
69,70.98492160256268,64.0088345020104
69,70.98805609487201,64.00937642474189
69,70.9871130877264,64.00689624877937
69,70.98617496187745,64.01161724431522
69,70.98609273467916,64.00743595155203
69,70.9873362264952,64.00796366176786
69,70.9879199292335,64.00844032178661
69,70.98717317746843,64.01045646344487
69,70.98723611118908,64.0117635794223
69,70.98717317746843,64.01045646344487
69,70.98615637491315,64.00858841898066
69,70.9904101406809,64.01062779548475
69,70.98313483992168,64.0102657559665
69,70.98763242936435,64.01265299755575
69,70.98680394192144,64.01002562433179
69,70.98752149677131,64.00686596103064
69,70.98412376729506,64.00877144817373
69,70.98607316900444,64.00804217894057
69,70.98689385584768,64.00847271609727
69,70.98831107919402,64.00711132959863
69,70.98708921047402,64.00889605415199
69,70.98933589049201,64.00782712661902
69,70.9836708520367,64.01174838914065
69,70.98693683811821,64.01315569568114
69,70.98638652319525,64.00837222236089
70,70.99119252704565,64.01838082175662
70,70.98899776452792,64.01393369536287
70,70.99205066049794,64.01755492383063
70,70.99262758782515,64.01793427337984
70,70.99215406446895,64.01477707422319
70,70.99470391166487,64.01617319332547
70,70.99487091822276,64.01584256594464
70,70.99522570149078,64.01549730355246
70,70.99007757745242,64.01615565500161
70,70.98922627260227,64.01748225794607
70,70.98928555401183,64.01709632227113
70,70.9946465536122,64.01542417487963
70,70.99036715475606,64.0150140483575
70,70.99102443365055,64.01367476681942
70,70.99056146958996,64.01571101973066
70,70.99088972188831,64.01878376898144
70,70.99417494556627,64.01506473247571
70,70.99437283294631,64.01511013191225
70,70.99435197777386,64.01572946372964
70,70.98854162523027,64.01503572554054
70,70.99194538082175,64.01803208931943
70,70.991319921756,64.01669357985071
70,70.98906995656283,64.01446313918345
70,70.98884427253336,64.01439642603177
70,70.99517614224952,64.01579330636982
70,70.98957830850287,64.01711283300288
70,70.99053481798089,64.01648142598994
70,70.98884909684077,64.01747598040151
70,70.99007757745242,64.01615565500161
70,70.9941982451672,64.01602290075884
70,70.99216976002685,64.0130665047358
70,70.99478798934916,64.01662382731563
70,70.98920027133859,64.01557476116926
70,70.9905582563988,64.01515864430213
70,70.99223357489393,64.01625939969038
70,70.99135870622814,64.01559939003067
70,70.99206025154824,64.0155926747375
70,70.99236047865314,64.01870811756395
70,70.98916739122033,64.01398049160093
70,70.9913104147405,64.01486093321334
70,70.99126477609563,64.0131265637833
70,70.98957983256497,64.01649476307033
70,70.99474480345422,64.01461982560684
70,70.98928938233077,64.01354992154985
70,70.99417494556627,64.01506473247571
70,70.99061043925423,64.0169917051394
70,70.99236047865314,64.01870811756395
70,70.99249562243675,64.0156023540302
70,70.99271522747594,64.01277005207773
70,70.98898330578626,64.01758215646873
70,70.99294523878808,64.01793991207367
70,70.99205066049794,64.01755492383063
70,70.98884427253336,64.01439642603177
70,70.9905582563988,64.01515864430213
70,70.991319921756,64.01669357985071
70,70.99517614224952,64.01579330636982
70,70.98928555401183,64.01709632227113
70,70.99349956265225,64.01718147863241
70,70.9922288809559,64.01713308018236
70,70.99252215707868,64.01578013084793
70,70.99474893562149,64.01655351621567
70,70.99305196785835,64.01571761168988
70,70.99470391166487,64.01617319332547
70,70.99470391166487,64.01617319332547
70,70.99056900248311,64.0131563131277
70,70.99213904139422,64.01436522777408
70,70.99181162029109,64.01714595789363
70,70.99057019577224,64.01852342803043
70,70.99357847036501,64.01844144060844
70,70.99252619126909,64.0161163867704
70,70.99120434305982,64.01510708523622
70,70.99230140496165,64.01506995309491
70,70.99281119053443,64.0175239035925
70,70.99197676305495,64.01706956620292
70,70.99192371246285,64.01289045282499
70,70.99310358195204,64.01439352914511
70,70.99108037583322,64.01524297726077
70,70.99061043925423,64.0169917051394
70,70.98847523184018,64.01655153608613
70,70.99435197777386,64.01572946372964
70,70.98854162523027,64.01503572554054
70,70.9913430537957,64.01300418231868
70,70.9913430537957,64.01300418231868
70,70.9887571471409,64.01438593155115
70,70.99478798934916,64.01662382731563
70,70.9903475940372,64.01645308217279
70,70.99406251344136,64.01724123213057
71,70.9909784575547,64.01606470348501
71,70.98941672273317,64.01700825707975
71,70.99088972188831,64.01878376898144
71,70.98984245446121,64.01453754913041
71,70.9938427295044,64.01856372250633
71,70.99000666174491,64.01688918320403
71,70.98922627260227,64.01748225794607
71,70.9908514905124,64.01997054399759
71,70.99065325049528,64.02013179428191
71,70.9908514905124,64.01997054399759
71,70.99220160886239,64.01838716548681
71,70.99150510504207,64.0171693016446
71,70.98820388048466,64.01583599113573
71,70.99316268076892,64.01827647047413
71,70.98938328517649,64.01801368756651
71,70.99100637064177,64.01773867798468
71,70.99154284679035,64.01917727885893
71,70.9916874836729,64.0156252039421
71,70.98904808741865,64.01886900538929
71,70.99160503836578,64.01983268458648
71,70.99281119053443,64.0175239035925
71,70.99327365885195,64.01851046913393
71,70.99072643193871,64.02003475524015
71,70.98937441583773,64.01416144230994
71,70.9871312359437,64.01741142856865
71,70.98772320418901,64.01651859938283
71,70.98817019061833,64.01591586351866
71,70.99319232234215,64.01850032834619
71,70.9897759910144,64.01623719677339
71,70.99112713317352,64.01816615840225
71,70.99216188809089,64.0158194644541
71,70.98930190401416,64.01575110705015
71,70.9918594160949,64.01924163731013
71,70.99112713317352,64.01816615840225
71,70.99216188809089,64.0158194644541
71,70.9922288809559,64.01713308018236
71,70.99057019577224,64.01852342803043
71,70.99033183290709,64.01753308942183
71,70.98904808741865,64.01886900538929
71,70.98772320418901,64.01651859938283
71,70.98920027133859,64.01557476116926
71,70.99229196370004,64.01518058163413
71,70.99251006809394,64.01886883852009
71,70.9898575470831,64.01728723602895
71,70.98801979241378,64.01703356374742
71,70.99305196785835,64.01571761168988
71,70.99120434305982,64.01510708523622
71,70.99344524508702,64.01602223729472
71,70.98854171010643,64.01489607117212
71,70.98814266172607,64.01740121377094
71,70.98972262496791,64.01545934672072
71,70.98906995656283,64.01446313918345
71,70.9883577042623,64.01816467370095
71,70.99109423872176,64.01540471358275
71,70.99238586846555,64.0174161027835
71,70.99108037583322,64.01524297726077
71,70.99309471855831,64.01876372032598
71,70.99254198400486,64.01841171466708
71,70.99207362391579,64.01472680654913
71,70.99128753805903,64.0195786040992
71,70.99186595107165,64.01575437458948
71,70.9898575470831,64.01728723602895
71,70.99174533392787,64.01809432750801
71,70.9887571471409,64.01438593155115
71,70.99246363888666,64.01994734905199
71,70.99100637064177,64.01773867798468
71,70.99316216663746,64.01839367507162
71,70.98922627260227,64.01748225794607
71,70.99349956265225,64.01718147863241
71,70.98916739122033,64.01398049160093
71,70.99179072307425,64.01912431659338
71,70.99220160886239,64.01838716548681
71,70.98889610055062,64.01548102703389
71,70.9898575470831,64.01728723602895
71,70.99072643193871,64.02003475524015
71,70.99221222986428,64.01659110300166
71,70.98933557742154,64.01419642999687
71,70.9916874836729,64.0156252039421
71,70.9922288809559,64.01713308018236
71,70.9905582563988,64.01515864430213
71,70.99181162029109,64.01714595789363
71,70.98863204624833,64.01565486927402
71,70.99249562243675,64.0156023540302
71,70.99150510504207,64.0171693016446
71,70.98820388048466,64.01583599113573
71,70.99072093497092,64.01447214937981
71,70.98901236392933,64.01801327614886
71,70.99294523878808,64.01793991207367
71,70.98753858246955,64.01550214396617
71,70.99252215707868,64.01578013084793
71,70.99100637064177,64.01773867798468
71,70.99125490302585,64.02007372159859
72,70.98909497551834,64.00702136704723
72,70.98525533473416,64.00669675787931
72,70.98592941457888,64.00840480362699
72,70.98312492411108,64.00420033486631
72,70.98647177853726,64.00363076128205
72,70.98350872055967,64.0053337097806
72,70.98350872055967,64.0053337097806
72,70.98813317679908,64.00612445224534
72,70.98813317679908,64.00612445224534
72,70.98569594730117,64.00722440469609
72,70.98746520913839,64.00303812970027
72,70.98296428776767,64.00744834681906
72,70.98720458760836,64.00820542409924
72,70.9839287238372,64.00432428257946
72,70.98591673620726,64.00337321781635
72,70.98673032252928,64.00696508934912
72,70.98757177552272,64.00694960341349
72,70.98408001273194,64.00448137429618
72,70.98532691111821,64.00526711613013
72,70.9830485995403,64.00685934090788
72,70.98609273467916,64.00743595155203
72,70.98864397252751,64.00505240147086
72,70.98481460781946,64.0070520540583
72,70.98650282661042,64.00796847687201
72,70.98899568955167,64.00704424169949
72,70.98749129309442,64.00442501424338
72,70.9862922850332,64.00798743813036
72,70.98728339660263,64.00476584668719
72,70.9865630150868,64.00312404435526
72,70.98401536193114,64.00777780275823
72,70.98381810001199,64.00768995787155
72,70.98494098564457,64.00295951015288
72,70.9846144070377,64.00305715795832
72,70.98492160256268,64.0088345020104
72,70.98425522654667,64.00433637538804
72,70.98589267245126,64.00250505526085
72,70.98407817823464,64.00732110895528
72,70.98303289322092,64.00529215368508
72,70.9882871816931,64.00499311234566
72,70.98387700811891,64.00537251884408
72,70.98435808186292,64.00364248580536
72,70.98432346025444,64.00522196746267
72,70.98700962185073,64.00536080667776
72,70.98538753584536,64.00422232997019
72,70.98303289322092,64.00529215368508
72,70.98580194710665,64.0072227716552
72,70.98521913080207,64.00587199783055
72,70.98525533473416,64.00669675787931
72,70.98559024820875,64.00771495049206
72,70.9879199292335,64.00844032178661
72,70.98387700811891,64.00537251884408
72,70.9883598702059,64.00634394978316
72,70.98839127986147,64.00388241468902
72,70.98719531169372,64.00533406335431
72,70.98700962185073,64.00536080667776
72,70.98861306629757,64.00578883736165
72,70.98650576672739,64.00678565836886
72,70.98569594730117,64.00722440469609
72,70.98288711512342,64.00622736172227
72,70.98631750259572,64.0062993237144
72,70.98425522654667,64.00433637538804
72,70.98512941622306,64.00901643586849
72,70.98298037365592,64.00454689639562
72,70.98408001273194,64.00448137429618
72,70.98435808186292,64.00364248580536
72,70.98816592569257,64.00526490688156
72,70.98628656595275,64.00541658099519
72,70.98296428776767,64.00744834681906
72,70.98300584078062,64.00622435811748
72,70.98256920676323,64.00554686169649
72,70.98537312504985,64.00287862350535
72,70.98720458760836,64.00820542409924
72,70.98713762923316,64.0064327174413
72,70.9869849396298,64.00695610807956
72,70.98481460781946,64.0070520540583
72,70.98720458760836,64.00820542409924
72,70.98508736000683,64.00584300978198
72,70.98575517684694,64.0078167792657
72,70.98538753584536,64.00422232997019
72,70.98589267245126,64.00250505526085
72,70.9835660055985,64.0057755301395
72,70.98608100281464,64.00347764335837
72,70.98639336756207,64.00682312925318
72,70.98413168564404,64.00598687911365
72,70.98431614297672,64.00379358860094
72,70.98415902562121,64.00454706858766
72,70.98590372776235,64.00533620233955
72,70.98713762923316,64.0064327174413
72,70.98426523766743,64.00402500329957
72,70.98316589112947,64.00475612178423
72,70.98740607291535,64.00594764264267
72,70.98864397252751,64.00505240147086
72,70.9844547962721,64.00713181533567
72,70.9860499480529,64.00483056115148
72,70.983964690019,64.00541668047217
72,70.98583573382872,64.00601307398261
72,70.98631750259572,64.0062993237144
72,70.98804858734283,64.00577849936715
72,70.98348466023704,64.00542302771221
72,70.98401536193114,64.00777780275823
72,70.98864397252751,64.00505240147086
72,70.986131876273,64.00870760850253
72,70.98751017990061,64.00352120037458
72,70.98508736000683,64.00584300978198
72,70.98288356488527,64.00603879688158
72,70.98562857802926,64.00267168677466
72,70.98719531169372,64.00533406335431
72,70.98949651676615,64.00503715145084
72,70.98911691167989,64.0071180674843
73,70.99168551418653,64.01703867154774
73,70.98981914239752,64.01559033007818
73,70.99081059547309,64.01799877553447
73,70.99517614224952,64.01579330636982
73,70.99502480867378,64.01365918855338
73,70.99252215707868,64.01578013084793
73,70.99423917873861,64.01246493075372
73,70.99168551418653,64.01703867154774
73,70.9922288809559,64.01713308018236
73,70.99474480345422,64.01461982560684
73,70.99061043925423,64.0169917051394
73,70.99435197777386,64.01572946372964
73,70.98976302770333,64.01419750544238
73,70.99072093497092,64.01447214937981
73,70.99546252974196,64.01596114498697
73,70.9905582563988,64.01515864430213
73,70.99114033844718,64.01381662516654
73,70.99221222986428,64.01659110300166
73,70.99478798934916,64.01662382731563
73,70.99018406427192,64.01397596808776
73,70.98972262496791,64.01545934672072
73,70.99238586846555,64.0174161027835
73,70.99084077446915,64.01559750644546
73,70.99439198031268,64.017667757616
73,70.99580100217037,64.01374193330065
73,70.99296917191104,64.01296999881072
73,70.99157014498324,64.01758499044087
73,70.99167615906698,64.01667017592294
73,70.99420699384174,64.01497364431849
73,70.99304762744109,64.01261345741466
73,70.9908954997645,64.01345285128058
73,70.99162948403504,64.01771710571471
73,70.99205066049794,64.01755492383063
73,70.99192371246285,64.01289045282499
73,70.99437283294631,64.01511013191225
73,70.9907148592604,64.01362805935813
73,70.99226632017556,64.01410117629975
73,70.9905582563988,64.01515864430213
73,70.99461408168254,64.01313006015822
73,70.99120434305982,64.01510708523622
73,70.9946465536122,64.01542417487963
73,70.99350592219966,64.01587599999363
73,70.99230140496165,64.01506995309491
73,70.99081059547309,64.01799877553447
74,70.99516782760358,63.98145197554728
74,70.99533061058126,63.98414587098459
74,70.99683775475592,63.98643803936671
74,70.99651284830887,63.984300142151646
74,70.99796091958385,63.982627686520736
74,70.99714277306013,63.985590831696655
74,70.9978194632333,63.98566536353287
74,70.99741856407378,63.98223280009684
74,70.99732176164729,63.985578156899166
74,70.99530059888005,63.98335356494682
74,70.99591955615571,63.981552128550916
74,70.99695995613098,63.98450734258963
74,70.99591955615571,63.981552128550916
74,70.99980472175329,63.98194582141217
74,70.9980607394095,63.98312669630382
74,70.99509628608294,63.98212866473235
74,70.99972280559618,63.985359867913076
74,70.99871747072366,63.98160883580777
74,70.99530059888005,63.98335356494682
74,70.99417245473568,63.98278238281572
74,70.99831355998131,63.98684626247439
74,70.99549339157934,63.9846858419236
74,70.99474734656165,63.98284146365005
74,70.99930915775754,63.98417653920487
74,70.99627074678979,63.980718886611626
74,70.99613167089007,63.98484257838808
74,70.99443921122784,63.9827038922813
74,70.99876193527442,63.9850686494205
74,70.99805718231173,63.98371036580158
74,71.0001593696552,63.98323139873242
74,70.99497631239086,63.98569128156064
74,70.99772677343823,63.98254046053721
74,70.99454410141159,63.98238056060283
74,70.99519089383709,63.98325617257792
74,71.0001593696552,63.98323139873242
74,70.99613167089007,63.98484257838808
74,70.99757287659945,63.980929856826464
74,70.99801825216723,63.98397483469313
74,70.99804831358824,63.98117826724543
74,70.995875315204,63.98401004911037
74,70.99977655555159,63.98415224700484
74,70.9997385442436,63.98415849679691
74,70.99840023961796,63.986173899117865
74,70.99415243185896,63.98369891160445
74,70.9940826582084,63.984347723640255
74,70.9971977764266,63.983553395692894
74,70.99478862757348,63.98187404210708
74,70.99555856701615,63.983583260685805
74,70.99667253073706,63.98131880693366
74,70.99478831273278,63.98148985781333
74,70.9978194632333,63.98566536353287
74,70.99927761647909,63.98500998720982
74,70.99741856407378,63.98223280009684
74,70.9987562636862,63.9847033973216
74,70.9953493976678,63.98648820931232
74,70.99954428260527,63.98227522373207
74,70.9949523205276,63.98195042176313
74,70.99501124401465,63.98349137162813
75,70.99192371246285,64.01289045282499
75,70.98887739531136,64.01509373785913
75,70.98845527671588,64.01356894599763
75,70.99186236472543,64.01482403620523
75,70.99150510504207,64.0171693016446
75,70.98917824900042,64.01298691762115
75,70.98867282631494,64.01292549947235
75,70.98898330578626,64.01758215646873
75,70.99223357489393,64.01625939969038
75,70.99157014498324,64.01758499044087
75,70.98788729265614,64.01621370671755
75,70.99031073231711,64.01356936579896
75,70.99191838213387,64.0144048054323
75,70.99134451153802,64.01728822421134
75,70.99350033921209,64.01459202456572
75,70.99325321291666,64.0161351101257
75,70.98753858246955,64.01550214396617
75,70.98867282631494,64.01292549947235
75,70.98906995656283,64.01446313918345
75,70.98818366868463,64.01395641406876
75,70.98817019061833,64.01591586351866
75,70.99221222986428,64.01659110300166
75,70.98847523184018,64.01655153608613
75,70.99003664383886,64.01427320845232
75,70.98772440705149,64.01274219850563
75,70.9899652847684,64.01267403415419
75,70.99199974294223,64.01645703577348
75,70.98855083346486,64.01223465070184
75,70.98885925621747,64.01359287953292
75,70.9888670194934,64.01244423191488
75,70.99300277201067,64.01388826296582
75,70.99325220470233,64.01558656658439
75,70.99168551418653,64.01703867154774
75,70.99192371246285,64.01289045282499
75,70.99223357489393,64.01625939969038
75,70.99053481798089,64.01648142598994
75,70.98901983350017,64.01668103234258
75,70.99177673019578,64.01344591152849
75,70.99056900248311,64.0131563131277
75,70.99230140496165,64.01506995309491
75,70.99132276678925,64.01783989168686
75,70.98847523184018,64.01655153608613
75,70.99000666174491,64.01688918320403
75,70.99196582832275,64.01391883010935
75,70.99030223174339,64.01423214751968
75,70.98751642424335,64.01438718012277
75,70.98989327593009,64.0165963816359
75,70.98988304345941,64.01742522193214
75,70.99216188809089,64.0158194644541
75,70.99215406446895,64.01477707422319
75,70.99325220470233,64.01558656658439
75,70.9887571471409,64.01438593155115
75,70.98901983350017,64.01668103234258
75,70.98725469957238,64.01491250374706
75,70.99112315177628,64.011881038232
75,70.99007757745242,64.01615565500161
75,70.99109423872176,64.01540471358275
75,70.98867715217298,64.01405939728592
75,70.99202091591101,64.01350860225146
75,70.98907058194096,64.0168773166233
75,70.98818441830396,64.01349594714748
75,70.99307920769846,64.0149613442158
75,70.99284426633446,64.01787339811352
75,70.99120434305982,64.01510708523622
75,70.99350033921209,64.01459202456572
75,70.9888670194934,64.01244423191488
75,70.9899652847684,64.01267403415419
75,70.98854171010643,64.01489607117212
75,70.98854171010643,64.01489607117212
75,70.99000666174491,64.01688918320403
75,70.99010043419409,64.01268650316024
75,70.99317074539307,64.0173055857508
75,70.99007116308502,64.0123336269098
75,70.9888670194934,64.01244423191488
75,70.99100637064177,64.01773867798468
75,70.98889610055062,64.01548102703389
75,70.99339698676913,64.01703598981062
75,70.99109423872176,64.01540471358275
75,70.99207362391579,64.01472680654913
75,70.98917824900042,64.01298691762115
75,70.9917180392541,64.01812104184523
75,70.99317074539307,64.0173055857508
75,70.98728908345174,64.01311200314882
75,70.98788729265614,64.01621370671755
75,70.99281119053443,64.0175239035925
75,70.99180759748684,64.01280399892657
75,70.9907987051863,64.01253671617056
75,70.98972262496791,64.01545934672072
75,70.98885925621747,64.01359287953292
75,70.99224829586115,64.01582212152806
75,70.9887571471409,64.01438593155115
75,70.99221222986428,64.01659110300166
75,70.9897759910144,64.01623719677339
75,70.99162948403504,64.01771710571471
75,70.98920027133859,64.01557476116926
75,70.99120434305982,64.01510708523622
75,70.99177673019578,64.01344591152849
75,70.98854162523027,64.01503572554054
75,70.98885925621747,64.01359287953292
75,70.9888510390754,64.01766582770651
75,70.98726833465311,64.0141198847696
75,70.99225674692785,64.01331104675702
75,70.9881502762095,64.0120856215572
75,70.99230140496165,64.01506995309491
75,70.98941672273317,64.01700825707975
75,70.9911439600121,64.01233208968218
75,70.98981914239752,64.01559033007818
75,70.98718232960849,64.01303763999321
75,70.99379395603336,64.01628275528559
75,70.99281119053443,64.0175239035925
75,70.99331163181866,64.01526815803936
75,70.98835402370602,64.01225797902539
75,70.99345166454762,64.0153450710279
75,70.99350592219966,64.01587599999363
75,70.99386565153965,64.0160843168357
75,70.98818366868463,64.01395641406876
75,70.99181162029109,64.01714595789363
75,70.98905405637208,64.01358868309251
76,70.98580194710665,64.0072227716552
76,70.98812136596848,64.00685088748504
76,70.98792919386344,64.01257910569713
76,70.98606556508597,64.006407602152
76,70.98440368636157,64.01046658713172
76,70.98689385584768,64.00847271609727
76,70.98810232023372,64.00929455477726
76,70.9876104330131,64.0102855641246
76,70.98754817995635,64.01037863485189
76,70.98494288221148,64.01110609539238
76,70.98571130266464,64.0108440110492
76,70.98569594730117,64.00722440469609
76,70.98566501748073,64.00646930561683
76,70.9893664643163,64.01020261825192
76,70.9863575859335,64.00736214044979
76,70.98415878603895,64.00877197579202
76,70.98540397002489,64.01013185880115
76,70.98528642256524,64.00984140627192
76,70.98885140069808,64.007180313545
76,70.98694626468487,64.01249913423192
76,70.98835515112941,64.0093149659647
76,70.98813317679908,64.00612445224534
76,70.98694626468487,64.01249913423192
76,70.98777790210957,64.0065548583259
76,70.98685404258592,64.01263111473594
76,70.98492715252317,64.01188429987023
76,70.98700447220476,64.01029206622495
76,70.98885140069808,64.007180313545
76,70.99005242493851,64.00776087814029
76,70.98934045058321,64.00717427556695
76,70.98797682939701,64.00937054339028
76,70.98401536193114,64.00777780275823
76,70.98650282661042,64.00796847687201
76,70.98720458760836,64.00820542409924
76,70.98494811858085,64.01097028457747
76,70.98583088670337,64.00927176655263
76,70.98566501748073,64.00646930561683
76,70.98817975049768,64.01163339125685
76,70.99062805069741,64.00928864663595
76,70.9844547962721,64.00713181533567
76,70.98708921047402,64.00889605415199
76,70.98807909768449,64.00615491429457
76,70.9885314387836,64.01152592224949
76,70.98855083346486,64.01223465070184
76,70.98378930512686,64.0092414748063
76,70.98675329861551,64.01166860336153
76,70.98765080911505,64.00662848118972
76,70.98626122560607,64.0080611595739
76,70.98727808788783,64.00975598087082
76,70.98934045058321,64.00717427556695
76,70.98717317746843,64.01045646344487
76,70.9876104330131,64.0102855641246
76,70.98554267313249,64.01123901502014
76,70.98691974117729,64.01137926669193
76,70.98415878603895,64.00877197579202
76,70.98566501748073,64.00646930561683
76,70.98650576672739,64.00678565836886
76,70.98581978228252,64.00727588756455
76,70.98845892147848,64.00913166313795
76,70.98727808788783,64.00975598087082
76,70.98845892147848,64.00913166313795
76,70.98650576672739,64.00678565836886
76,70.98554267313249,64.01123901502014
76,70.9883598702059,64.00634394978316
76,70.98820870841816,64.01154117599343
76,70.9867453005236,64.00943139474303
76,70.98415878603895,64.00877197579202
76,70.98453242334534,64.00922751373558
76,70.98425164915626,64.00951077951459
76,70.98756345028168,64.01150015875929
76,70.9851599994114,64.0104984414877
76,70.98907192936531,64.00660772939102
76,70.98952736115619,64.00834772338222
76,70.98831107919402,64.00711132959863
76,70.98855083346486,64.01223465070184
76,70.98689385584768,64.00847271609727
76,70.98427727140647,64.01013074150956
76,70.98694626468487,64.01249913423192
76,70.98591367838324,64.01212815587539
76,70.98909497551834,64.00702136704723
76,70.98689840207186,64.01118012456662
76,70.98631750259572,64.0062993237144
76,70.9847335868783,64.00841181271672
76,70.99050482461271,64.0096014294076
77,70.98537312504985,64.00287862350535
77,71.01902410966582,63.99501115024594
77,71.02078046064203,64.01071580016371
77,70.98324395894983,63.982654766561595
77,71.00860332514,64.00191386906059
77,71.00821671918004,63.99797554518523
77,70.99067435826919,64.00007515119029
77,71.0249171856568,64.00118303480635
77,70.99348734414171,64.02245056728566
77,70.98630923060173,64.00223257681138
77,71.01722403527766,63.998795723756125
77,71.01297085368827,64.01252918451621
77,71.01038150736893,63.987426725835675
77,70.9825657478771,63.99832915428066
77,70.99775976604765,63.993739366826176
77,70.9874746979379,63.99529631677947
77,70.98559024820875,64.00771495049206
77,71.01911557795188,64.0116902136588
77,70.99252619126909,64.0161163867704
77,71.0249171856568,64.00118303480635
77,70.9825657478771,63.99832915428066
77,70.98537312504985,64.00287862350535
77,70.99338951850827,63.9980770557662
77,71.00756147730499,64.0010796600119
77,71.01875914944993,64.01374305843059
77,70.97855169589296,63.98865191908742
77,70.99530651788517,64.018875100469
77,71.00041388323619,63.97606124725136
77,70.9989619063244,63.994162404318175
77,70.99002683185746,63.98697044803746
77,71.01866100783887,63.99788143790497
77,70.99934061260223,63.99905253562506
77,70.98413815046747,64.00217934891594
77,71.00143646420744,63.978411064932224
77,70.98254154853713,64.00841393081768
77,71.02217094217183,63.99935542389008
77,70.99576249765147,63.98905958686892
77,71.0239724460342,63.99722696040925
77,71.01657797459067,63.999772206179486
77,70.98687538559584,63.991872709234066
77,71.00338004850899,63.99047807498108
77,71.00548724757654,63.993082607533864
77,70.99002683185746,63.98697044803746
77,71.00374207372101,64.00196839312673
77,70.99556659492013,63.977658454992046
77,71.01497849418455,63.997497488224404
77,70.99922199146798,63.97895132176667
77,71.00994593461168,64.00706964492001
77,70.9866229665901,63.986548019388835
77,70.99186595107165,64.01575437458948
77,71.01134140961805,63.99978555719003
77,71.01866100783887,63.99788143790497
77,70.97923867530228,64.01052653085084
77,70.97923867530228,64.01052653085084
77,70.99893522080535,64.00647645369641
77,70.97918524056273,63.99099609009019
77,71.01102227301728,64.01227015994164
77,70.99457707365838,63.99439225044856
77,70.97772703141857,64.00372668852144
77,70.98786406120031,64.01131005475317
77,71.00811988853782,63.989954158055134
77,70.97743871145589,64.00284700822702
77,71.00143646420744,63.978411064932224
77,71.01292447376238,64.01348677997562
77,70.98395268397324,63.98782845301668
77,71.00521480637838,63.98372050473778
77,71.01413428749717,64.00933052722397
77,70.98630923060173,64.00223257681138
77,71.01902410966582,63.99501115024594
77,71.00821671918004,63.99797554518523
77,70.99682958422972,63.98695171440382
77,71.00518442575662,64.0000576697194
77,71.00389847563015,63.99337199608197
77,71.00682622290077,64.01560219789027
77,70.99210011003423,64.02064696511796
77,71.00751066639616,63.97947528206637
77,71.00933682299663,64.0128105482609
77,71.0110664069523,64.0061275600481
77,70.98324395894983,63.982654766561595
77,70.98696116028212,63.997794757639106
77,70.98023223771006,63.98854427822952
77,70.99252619126909,64.0161163867704
77,70.99906548555342,64.00937388588144
77,70.9988286929496,64.02420426842053
77,71.02217094217183,63.99935542389008
77,71.01495850812306,64.0148535573156
77,70.99218825823567,63.98513689751923
77,71.0117425146062,63.99171808941867
77,70.99226100651465,63.9788049677387
77,70.98458519529345,63.995268106424525
77,70.99922199146798,63.97895132176667
77,71.02427030371217,63.996649361637935
77,70.9958812054192,63.97811852488495
77,71.00806646330972,63.97865058157759
77,71.005539086045,64.0209175427367
77,71.00600479761073,64.0089130409572
77,70.9957237012447,64.00135271103623
77,70.98650282661042,64.00796847687201
77,71.00806646330972,63.97865058157759
77,71.0157132886533,64.01335974256013
77,70.99893522080535,64.00647645369641
77,70.99517614224952,64.01579330636982
77,71.0157132886533,64.01335974256013
77,71.00389847563015,63.99337199608197
77,70.99276392311329,63.98590254646873
78,70.98023223771006,63.98854427822952
78,70.98415227590107,63.98805184405767
78,71.00773487941217,64.01772155829308
78,71.01102227301728,64.01227015994164
78,70.9803373776441,64.00040421747131
78,71.01056937264443,63.98511225163726
78,71.00839676087291,64.01476224047515
78,71.01297085368827,64.01252918451621
78,70.99226100651465,63.9788049677387
78,70.9958812054192,63.97811852488495
78,71.00766702683954,64.00824902624275
78,70.9995716989074,64.0109613403106
78,71.00370923321094,63.99084702680325
78,70.99670910192305,63.979833812816906
78,71.00365895284368,64.01870369194255
78,71.00389847563015,63.99337199608197
78,71.01134140961805,63.99978555719003
78,71.00521480637838,63.98372050473778
78,70.99268109390977,64.01512619783549
78,70.9825657478771,63.99832915428066
78,71.00860332514,64.00191386906059
78,71.01038150736893,63.987426725835675
78,70.99480882938464,63.987975218782324
78,71.00804998898488,64.02280549919536
78,70.98549871456113,63.98894321905628
78,70.99252619126909,64.0161163867704
78,70.99268109390977,64.01512619783549
78,70.98324395894983,63.982654766561595
78,71.01866100783887,63.99788143790497
78,71.00695017725236,63.989715140373654
78,71.01495850812306,64.0148535573156
78,71.00207696137905,63.987162453028446
78,70.98395268397324,63.98782845301668
78,70.99629819239101,64.01296427969578
78,71.00312524257771,64.01892325720407
78,70.9846144070377,64.00305715795832
78,70.99927454566239,64.01511686525369
78,70.99910993443035,64.02309843025965
78,70.99480882938464,63.987975218782324
78,71.00374207372101,64.00196839312673
78,70.98324395894983,63.982654766561595
78,71.01866100783887,63.99788143790497
78,71.02078046064203,64.01071580016371
78,70.99934061260223,63.99905253562506
78,70.99210011003423,64.02064696511796
78,71.01056937264443,63.98511225163726
78,70.97772703141857,64.00372668852144
78,70.98149586637061,63.999093954235114
78,71.00756147730499,64.0010796600119
78,70.98508736000683,64.00584300978198
78,70.99530651788517,64.018875100469
78,71.01728885608375,64.0037739078233
78,71.00312524257771,64.01892325720407
78,70.97743871145589,64.00284700822702
78,70.98630923060173,64.00223257681138
78,71.00821671918004,63.99797554518523
78,70.98696116028212,63.997794757639106
78,71.01722403527766,63.998795723756125
78,70.99124739049483,63.98036622829794
78,70.99067435826919,64.00007515119029
78,71.00804998898488,64.02280549919536
78,70.98392074474405,63.98536958286666
78,70.9807868589124,64.00752501023435
78,71.00933682299663,64.0128105482609
78,71.00561393664131,64.01922087466468
78,71.01704684489783,64.00544580746497
78,70.99517614224952,64.01579330636982
78,71.01657797459067,63.999772206179486
78,70.97772703141857,64.00372668852144
78,71.00389847563015,63.99337199608197
78,71.00365895284368,64.01870369194255
78,71.02217094217183,63.99935542389008
78,70.98458519529345,63.995268106424525
78,70.99284426633446,64.01787339811352
78,71.00518442575662,64.0000576697194
78,71.00389847563015,63.99337199608197
78,70.9978484843966,64.01917798560339
78,71.0157132886533,64.01335974256013
78,70.9874746979379,63.99529631677947
78,70.98508736000683,64.00584300978198
78,71.00933682299663,64.0128105482609
78,70.97877386505786,63.994802883946235
78,71.0134674199141,64.00776796693363
79,70.98866148114224,64.01934645710301
79,70.98765067902806,64.01470008214676
79,70.99207362391579,64.01472680654913
79,70.98765067902806,64.01470008214676
79,70.98988304345941,64.01742522193214
79,70.9883577042623,64.01816467370095
79,70.98866148114224,64.01934645710301
79,70.98779038713838,64.01775666730535
79,70.98941672273317,64.01700825707975
79,70.99339698676913,64.01703598981062
79,70.99016940791728,64.01460089619685
79,70.9913104147405,64.01486093321334
79,70.99317074539307,64.0173055857508
79,70.99030223174339,64.01423214751968
79,70.99216188809089,64.0158194644541
79,70.99059029512944,64.01923980910617
79,70.99128753805903,64.0195786040992
79,70.99200561686513,64.01978586536504
79,70.99107529060637,64.02004532021498
79,70.98901236392933,64.01801327614886
80,70.9883389351437,64.00968964494093
80,70.98319897081693,64.00955497610683
80,70.98720458760836,64.00820542409924
80,70.98809447267074,64.00756878236442
80,70.98640711135297,64.01259147248555
80,70.98761345565113,64.0083105763132
80,70.98694557250046,64.01078719593927
80,70.98479110475087,64.00912369811051
80,70.9835075161522,64.00937441480336
80,70.98976693680159,64.01216988161819
80,70.98694557250046,64.01078719593927
80,70.98412376729506,64.00877144817373
80,70.98656953442459,64.00910703431454
80,70.98797682939701,64.00937054339028
80,70.98712388444251,64.01284833775699
80,70.98752149677131,64.00686596103064
80,70.98492715252317,64.01188429987023
80,70.9867453005236,64.00943139474303
80,70.98425164915626,64.00951077951459
80,70.9854884642474,64.01149085765812
80,70.98644816667795,64.00877826367298
80,70.98792919386344,64.01257910569713
80,70.9885314387836,64.01152592224949
80,70.98638652319525,64.00837222236089
80,70.98541356211568,64.00982982268796
80,70.98567167429188,64.01313345026871
80,70.98723611118908,64.0117635794223
80,70.9888670194934,64.01244423191488
80,70.99011525490648,64.01131730635394
80,70.98617496187745,64.01161724431522
80,70.98645938287412,64.01326894227977
80,70.9881502762095,64.0120856215572
80,70.98714660904679,64.01277612373902
80,70.98784402818664,64.01099541422145
80,70.98850939442985,64.00861659229764
80,70.98378930512686,64.0092414748063
80,70.98792355075554,64.01030934983154
80,70.98691974117729,64.01137926669193
80,70.9850802638142,64.01099679845665
80,70.98901944651733,64.00930029206098
80,70.98494811858085,64.01097028457747
80,70.98665772144291,64.01085404606565
80,70.98319897081693,64.00955497610683
80,70.98689840207186,64.01118012456662
80,70.98928822403738,64.01257908030335
80,70.98382844909531,64.00995391026709
80,70.98319897081693,64.00955497610683
80,70.98613694673543,64.01276017501607
80,70.98809050541806,64.01143338963675
80,70.98835515112941,64.0093149659647
80,70.98378836313246,64.01011346784493
80,70.98805609487201,64.00937642474189
80,70.98717317746843,64.01045646344487
80,70.98952736115619,64.00834772338222
80,70.98591083775975,64.01301803867236
80,70.98480535558454,64.00983730541753
80,70.98627263425674,64.01236037631455
80,70.9850802638142,64.01099679845665
80,70.98440368636157,64.01046658713172
80,70.9896170471527,64.01170237140033
80,70.98554267313249,64.01123901502014
80,70.98621849661605,64.00752514438442
80,70.98453242334534,64.00922751373558
80,70.9843979354848,64.01273768238397
80,70.98772580193591,64.00968499579838
80,70.98357874088533,64.01157515354681
80,70.98665772144291,64.01085404606565
80,70.98738436611777,64.0105870597937
80,70.98627263425674,64.01236037631455
80,70.98786406120031,64.01131005475317
80,70.98569594730117,64.00722440469609
80,70.9871130877264,64.00689624877937
80,70.98754817995635,64.01037863485189
80,70.98867565804696,64.00840033102037
80,70.9836708520367,64.01174838914065
80,70.98617496187745,64.01161724431522
80,70.98756345028168,64.01150015875929
80,70.98850939442985,64.00861659229764
81,70.9946934794615,64.01482278380794
81,70.99216188809089,64.0158194644541
81,70.99197676305495,64.01706956620292
81,70.99506067329204,64.01223798301844
81,70.99378028115679,64.01059801814114
81,70.99003664383886,64.01427320845232
81,70.9937862099981,64.01038842758997
81,70.99031073231711,64.01356936579896
81,70.9952669031967,64.01353035858754
81,70.99599025094274,64.01171333310333
81,70.99056146958996,64.01571101973066
81,70.99018406427192,64.01397596808776
81,70.99426221313978,64.01547607052963
81,70.9937862099981,64.01038842758997
81,70.99379395603336,64.01628275528559
81,70.99497543286527,64.01414918604819
81,70.99228901317178,64.0119780026588
81,70.99305196785835,64.01571761168988
81,70.9941530092443,64.0146997740042
81,70.99109423872176,64.01540471358275
81,70.99230140496165,64.01506995309491
81,70.99229262988818,64.0164424956758
81,70.99279622078033,64.01086270213894
81,70.99580966535,64.0137505080558
81,70.9907987051863,64.01253671617056
81,70.9946465536122,64.01542417487963
81,70.99502227403786,64.01101204867656
81,70.98981914239752,64.01559033007818
81,70.99427995456857,64.01061198402631
81,70.9952669031967,64.01353035858754
81,70.9907148592604,64.01362805935813
81,70.9937862099981,64.01038842758997
81,70.99303952303889,64.01201253555517
81,70.99191838213387,64.0144048054323
81,70.99170183610632,64.01067271585019
81,70.99310358195204,64.01439352914511
81,70.99348946349404,64.01083580265924
81,70.99279622078033,64.01086270213894
81,70.99271522747594,64.01277005207773
81,70.99036715475606,64.0150140483575
81,70.99417192823421,64.01599968572245
81,70.99599025094274,64.01171333310333
81,70.99423917873861,64.01246493075372
81,70.99580966535,64.0137505080558
81,70.99466023308435,64.01186693693005
81,70.99096608189025,64.01151826902671
81,70.99186236472543,64.01482403620523
81,70.99016940791728,64.01460089619685
81,70.99300277201067,64.01388826296582
82,70.99155576386357,63.99423460236854
82,70.99687412202088,63.991685085771245
82,70.99293128249197,63.99212347666195
82,70.9953215596337,63.99478415961324
82,70.99094659190584,63.99274470825815
82,70.99249900345762,63.990375221327156
82,70.9949423500234,63.99445706528787
82,70.99607360668027,63.99167827408447
82,70.99494114240575,63.99043395450757
82,70.99552323897538,63.990021598972625
82,70.99166980776775,63.99349529717785
82,70.99585041123295,63.994152643246125
82,70.99425094082429,63.99031117605216
82,70.99516646748418,63.99048039527839
82,70.99204366161547,63.99290119950011
82,70.9931044387084,63.99336657172513
82,70.99125114586683,63.99113097962898
82,70.9919018469233,63.99301019008879
82,70.99353840821664,63.988857576299
82,70.99434754577048,63.99510026888034
82,70.99380783037299,63.988783351718574
82,70.9953215596337,63.99478415961324
82,70.992309530851,63.99480507072873
82,70.99381430163815,63.994691508961395
82,70.99254713440374,63.99369276041826
82,70.99542404348703,63.99387801505136
82,70.992309530851,63.99480507072873
82,70.99275442774154,63.99345044770282
82,70.99646643219197,63.99207393302356
82,70.99389897512883,63.99065130894237
82,70.99154829582355,63.99283301833774
82,70.99534311384566,63.99408979543751
82,70.99419421065052,63.994755274691364
82,70.99552323897538,63.990021598972625
82,70.99197936397888,63.99365790284723
82,70.99555494646012,63.990235671509616
82,70.99482088264837,63.994267758758276
82,70.99415122386151,63.99387394311408
82,70.99587121460445,63.994262880777285
82,70.99444477986741,63.990015479266276
82,70.99080432474574,63.9927387126764
82,70.99107737479113,63.99296078441021
82,70.99293128249197,63.99212347666195
82,70.99125114586683,63.99113097962898
82,70.99271937583593,63.99547419467448
82,70.99382079115509,63.99230230025564
82,70.99602977068758,63.9931311107617
82,70.99383309982485,63.98913429688269
82,70.99356160663511,63.99010151917453
82,70.99500981368598,63.99015750343064
82,70.99343187753563,63.99407740243686
82,70.99250651777302,63.99135818630146
82,70.99530922542338,63.99244599270343
82,70.99434754577048,63.99510026888034
82,70.99243976171977,63.99310507608836
82,70.99466081354714,63.993171656964726
82,70.99121773767743,63.99317333924018
82,70.9949423500234,63.99445706528787
82,70.99179497213277,63.99201601240311
82,70.99160454608844,63.99350354883654
82,70.99323960162035,63.990785176627455
82,70.99104959951816,63.99206174268858
82,70.99424264440125,63.98872140141254
82,70.99434754577048,63.99510026888034
82,70.9931118321814,63.99215690909281
82,70.99503583956052,63.993387798826525
82,70.99271937583593,63.99547419467448
82,70.99099662319323,63.99300847838892
82,70.99542404348703,63.99387801505136
82,70.99466081354714,63.993171656964726
82,70.99339544849137,63.98881828964373
82,70.9951967048064,63.991312885701966
82,70.99131672740829,63.992846522614116
82,70.9942615252918,63.9912286699432
82,70.99415039242463,63.99207737437173
82,70.99157142848512,63.99505095839556
82,70.99196468680374,63.99357832921453
82,70.99118301233294,63.991624625512316
82,70.99620891607267,63.993047673257905
82,70.99323960162035,63.990785176627455
82,70.99233169196714,63.99510547386345
82,70.99389897512883,63.99065130894237
82,70.99555494646012,63.990235671509616
82,70.99232775646333,63.99543266217126
82,70.99532605568866,63.99048933981324
82,70.9953028037568,63.9942107831283
82,70.99206037764617,63.991498758650906
82,70.99328654228201,63.99225372817422
82,70.99300075286578,63.992893840652116
82,70.99330647488124,63.994851948954064
82,70.99305778469049,63.99327446841635
82,70.99087105263118,63.992998594422495
82,70.9931044387084,63.99336657172513
83,70.98350872055967,64.0053337097806
83,70.98909497551834,64.00702136704723
83,70.98647177853726,64.00363076128205
83,70.98416945650051,64.00597842781653
83,70.9879199292335,64.00844032178661
83,70.9837880582426,64.00489300413994
83,70.98280779404459,64.00704406168782
83,70.98298037365592,64.00454689639562
83,70.98565451638056,64.00288744652184
83,70.98809511694576,64.00814592452366
83,70.98423139666264,64.003414497748
83,70.98689385584768,64.00847271609727
83,70.98377037611763,64.00713372214088
83,70.98362690658435,64.00667529768455
83,70.98759536713675,64.0074835845209
83,70.98580870334023,64.0036609900684
83,70.98481460781946,64.0070520540583
83,70.98480662383054,64.00385083160278
83,70.98763089672792,64.00708439931823
83,70.98404119153156,64.00726722887093
83,70.9836174958285,64.00686112351397
83,70.98492160256268,64.0088345020104
83,70.98786580473126,64.00435284868522
83,70.98861306629757,64.00578883736165
83,70.98387700811891,64.00537251884408
83,70.98763089672792,64.00708439931823
83,70.98416945650051,64.00597842781653
83,70.98949651676615,64.00503715145084
83,70.98607316900444,64.00804217894057
83,70.98809447267074,64.00756878236442
83,70.98296428776767,64.00744834681906
83,70.98752149677131,64.00686596103064
83,70.987390992278,64.00554251006689
83,70.98812136596848,64.00685088748504
83,70.98404119153156,64.00726722887093
83,70.98608100281464,64.00347764335837
83,70.98435808186292,64.00364248580536
83,70.98592941457888,64.00840480362699
83,70.98606493016119,64.00427450561251
83,70.98777790210957,64.0065548583259
83,70.98689385584768,64.00847271609727
83,70.98809447267074,64.00756878236442
83,70.98377037611763,64.00713372214088
83,70.98381810001199,64.00768995787155
83,70.98731327680156,64.00557629841447
83,70.98413168564404,64.00598687911365
83,70.98650576672739,64.00678565836886
83,70.98877748886103,64.00631814406417
83,70.9873362264952,64.00796366176786
83,70.98673032252928,64.00696508934912
83,70.98813324817515,64.00421393453891
83,70.98295309942215,64.00746679896088
83,70.9837880582426,64.00489300413994
83,70.98562857802926,64.00267168677466
83,70.98592941457888,64.00840480362699
83,70.98516023419229,64.00508617589213
83,70.9860499480529,64.00483056115148
83,70.98532691111821,64.00526711613013
83,70.98899568955167,64.00704424169949
83,70.98432346025444,64.00522196746267
83,70.98526609054656,64.00440479249148
83,70.98521913080207,64.00587199783055
83,70.98590372776235,64.00533620233955
83,70.9888095072065,64.00406018092404
83,70.9837880582426,64.00489300413994
84,70.99811138861867,63.982089855053516
84,70.9966505242664,63.98325545931951
84,70.99772677343823,63.98254046053721
84,70.99532795525407,63.98442419571617
84,70.99443921122784,63.9827038922813
84,70.99824812561128,63.98683109509716
84,70.99576060308031,63.98092347934577
84,70.9966505242664,63.98325545931951
84,70.99802670936775,63.9804830039046
84,70.99741856407378,63.98223280009684
84,70.99824533135865,63.98650239368585
84,70.99568024282925,63.98171659276006
84,70.99576060308031,63.98092347934577
84,70.99799784440185,63.98471306865289
84,70.99648544138522,63.982060441881366
84,70.99915990565896,63.9857111105062
84,70.99591955615571,63.981552128550916
84,70.99805823704008,63.98316097531905
84,70.9969519962905,63.985316300089536
84,70.99695995613098,63.98450734258963
84,70.99690213243628,63.98666806739593
84,70.99805823704008,63.98316097531905
84,70.99523419616511,63.984272289375085
84,70.99744949960498,63.986684009255605
84,70.99858351865684,63.981973331375094
84,70.99497631239086,63.98569128156064
84,70.99530059888005,63.98335356494682
84,70.99969950490278,63.98251330398698
84,70.99651284830887,63.984300142151646
84,70.99569610903157,63.9866932961689
84,70.99690213243628,63.98666806739593
84,70.99682958422972,63.98695171440382
84,70.99651284830887,63.984300142151646
84,70.9993716799964,63.984529783271824
84,70.99969950490278,63.98251330398698
84,70.99497631239086,63.98569128156064
84,70.99590211976098,63.98202811867289
84,70.99972110231721,63.98370807938542
84,70.99951348095588,63.98293285827538
84,70.9971977764266,63.983553395692894
84,70.99568024282925,63.98171659276006
84,70.99930915775754,63.98417653920487
84,70.99415243185896,63.98369891160445
84,70.9971977764266,63.983553395692894
84,70.99474734656165,63.98284146365005
84,70.99649186710326,63.986690501191426
84,70.99713712223733,63.98374675025796
84,70.9987562636862,63.9847033973216
84,70.99972280559618,63.985359867913076
84,70.9971977764266,63.983553395692894
84,70.99911286950622,63.982719060238324
84,70.9966505242664,63.98325545931951
84,70.99783525613752,63.985420123021534
84,71.00011585646146,63.98465035087204
84,70.99794036816719,63.983751921076546
84,70.9997385442436,63.98415849679691
84,70.99824812561128,63.98683109509716
84,70.99977655555159,63.98415224700484
84,70.99568024282925,63.98171659276006
84,70.99744949960498,63.986684009255605
84,70.99509628608294,63.98212866473235
84,70.99969950490278,63.98251330398698
84,70.9970407526641,63.98540602819712
84,70.9989195939585,63.984445639943004
84,70.9942859015352,63.985060987628366
84,70.99742673082557,63.98654184982406
84,70.99586274239262,63.9849811499142
84,70.99690213243628,63.98666806739593
84,71.00040296413583,63.98452989648153
84,70.99591963436293,63.98504101920493
84,70.99714277306013,63.985590831696655
84,70.9949151396682,63.9820324626161
84,70.99567431815433,63.98268401639353
84,70.99849307630153,63.98203270758562
84,70.995875315204,63.98401004911037
84,70.99586274239262,63.9849811499142
84,70.99921751103632,63.981040629688145
84,70.99802670936775,63.9804830039046
84,70.99940855301269,63.98258005710065
84,70.99695995613098,63.98450734258963
84,70.9989195939585,63.984445639943004
84,70.99454410141159,63.98238056060283
84,70.99914010601313,63.98329300583015
84,70.9989195939585,63.984445639943004
84,70.99665019385313,63.98568408870611
84,70.99432102766164,63.98213512643901
84,70.99792339574567,63.984415781756894
84,70.99532795525407,63.98442419571617
85,70.98419255920389,64.01837394145554
85,70.98567167429188,64.01313345026871
85,70.98078493798722,64.01539096383226
85,70.98225191534394,64.01441708866486
85,70.98735780442675,64.01662843247193
85,70.9807269606952,64.01577410579783
85,70.98648176528498,64.01788816352236
85,70.98243320021406,64.01590105295489
85,70.98679894266569,64.0173151159907
85,70.98431125382105,64.01638722555867
85,70.98644949989108,64.0156538084779
85,70.98258737035553,64.01551168658696
85,70.98292194462832,64.01380037063409
85,70.98141297097244,64.01337447183101
86,70.99603377607517,63.98524200620061
86,71.00067009003175,63.98469894728796
86,70.99824812561128,63.98683109509716
86,70.99731239838412,63.98408576593339
86,70.99660929882216,63.98610486749895
86,70.99801825216723,63.98397483469313
86,70.99796091958385,63.982627686520736
86,70.99805718231173,63.98371036580158
86,70.99799784440185,63.98471306865289
86,70.99802836667436,63.98321845032363
86,70.99757287659945,63.980929856826464
86,70.99802670936775,63.9804830039046
86,70.99802891109567,63.980522323491044
86,70.99679970210096,63.98188609027909
86,70.99590211976098,63.98202811867289
86,70.9987562636862,63.9847033973216
86,70.99665019385313,63.98568408870611
86,70.99811234361097,63.98367806269415
86,70.99698386163088,63.98448424174242
86,70.99853927952653,63.982876119180865
86,70.99576060308031,63.98092347934577
86,70.99567431815433,63.98268401639353
86,70.9989195939585,63.984445639943004
86,70.99958638523606,63.98387896746655
86,70.99534292599029,63.98445224436778
86,70.99649186710326,63.986690501191426
86,70.9942859015352,63.985060987628366
86,70.99561307745283,63.98460016808292
86,70.99940855301269,63.98258005710065
86,70.99415243185896,63.98369891160445
86,70.99590211976098,63.98202811867289
86,71.00011585646146,63.98465035087204
86,70.99804831358824,63.98117826724543
86,70.99940855301269,63.98258005710065
86,70.9997385442436,63.98415849679691
86,70.99921834168637,63.981603494498685
86,70.99914119881298,63.986124958916484
86,71.0001593696552,63.98323139873242
86,70.99454410141159,63.98238056060283
86,70.99590211976098,63.98202811867289
86,70.99536482162051,63.98279934599564
86,70.9993716799964,63.984529783271824
86,70.99463812102186,63.98235148614265
86,70.9987562636862,63.9847033973216
86,70.99443921122784,63.9827038922813
87,70.99047290858822,64.01000912855514
87,70.9951604594463,64.00946220432448
87,70.99579807972543,64.00925621862223
87,70.99448059774862,64.01419787765293
87,70.99654688984756,64.00997818855129
87,70.99639454764079,64.01106851937674
87,70.99401603380703,64.00764373040212
87,70.99526572604456,64.0099891972616
87,70.99435321444363,64.00937500839794
87,70.99648150660893,64.01117944602888
87,70.99629819239101,64.01296427969578
87,70.99303952303889,64.01201253555517
87,70.99365127307252,64.00926116981283
87,70.99709322383954,64.01211325912513
87,70.99323788592449,64.01002509016128
87,70.99101835152638,64.00861093824311
87,70.99336996808101,64.00975767243541
87,70.99279622078033,64.01086270213894
87,70.99101835152638,64.00861093824311
87,70.99047290858822,64.01000912855514
87,70.99438010269377,64.01000028900188
87,70.99296917191104,64.01296999881072
87,70.99228901317178,64.0119780026588
87,70.99328046027993,64.00779808983272
87,70.99279622078033,64.01086270213894
87,70.99442750751435,64.0077298693572
87,70.9953783662037,64.01110742744922
87,70.9953783662037,64.01110742744922
87,70.99307033840454,64.00850087130797
87,70.99636115953764,64.01315686352726
87,70.99546539149213,64.00888866626588
87,70.99363988093499,64.0132127358997
87,70.99180759748684,64.01280399892657
87,70.99497543286527,64.01414918604819
87,70.99454647988968,64.01206425930584
87,70.99311845765048,64.01236654112876
87,70.99583724161646,64.01154596882762
87,70.99272860427043,64.00937473097268
87,70.99233105252488,64.01223008745536
87,70.9949572730491,64.00870417589088
87,70.9915704525839,64.00951342719712
87,70.99193607619756,64.01272636174038
87,70.99588159233518,64.01039148153059
87,70.9933896618315,64.00944837844868
87,70.99177673019578,64.01344591152849
87,70.99112315177628,64.011881038232
87,70.99170183610632,64.01067271585019
87,70.99442750751435,64.0077298693572
87,70.99026586586346,64.0113890612887
87,70.99057225642231,64.01037061547564
87,70.99368424674829,64.0083606045791
87,70.99636115953764,64.01315686352726
87,70.99142670361205,64.00824553197042
87,70.99335278860472,64.00904390273033
87,70.99423917873861,64.01246493075372
87,70.99193607619756,64.01272636174038
87,70.99365127307252,64.00926116981283
87,70.99711697494513,64.00996259643625
87,70.99475988156904,64.00960954123495
87,70.99451236684796,64.00861113412533
87,70.9911439600121,64.01233208968218
87,70.99561198309839,64.01141171161028
87,70.9913430537957,64.01300418231868
87,70.99143639635258,64.01049650989795
87,70.99322889298901,64.01225208673205
87,70.99101835152638,64.00861093824311
87,70.99076877617416,64.01084867760544
87,70.99193607619756,64.01272636174038
87,70.991416627836,64.01187732631463
87,70.99259809729564,64.00872327344578
87,70.99450030550051,64.01216121223877
87,70.99082568507127,64.01064094692384
87,70.99126477609563,64.0131265637833
87,70.99086137651707,64.01030540108222
88,70.99833053313392,63.993160074443466
88,70.99868539916852,63.992149587682974
88,71.00225666167816,63.997459384063916
88,70.9989998707909,63.99836296543251
88,70.9996490840652,63.99936784912482
88,70.99925796567953,63.99352283722637
88,70.99916053744286,63.99471990218295
88,70.99885916026457,63.99444732590634
88,70.99990102174647,63.9973550043392
88,71.0016750699475,63.994634282169386
88,70.99919589417942,63.993305938745024
88,70.9988394611309,63.99532170402459
88,70.99860361686103,63.99325554226136
88,70.99916053744286,63.99471990218295
88,70.99900237560975,63.99894781273825
88,70.99857610338752,63.99932383747911
88,71.00251264683715,63.99373872086815
88,70.99990155381191,63.993808094351
88,70.99804095064962,63.99740604273569
88,70.9976434508981,63.99822479749659
88,70.99750036051505,63.99374286644024
88,70.99827167673621,63.996862254710415
88,71.00217746357586,63.99350039392034
88,70.9994902921464,63.99698260627208
88,70.99857610338752,63.99932383747911
88,70.99855179890518,63.998799103477594
88,71.0013770742298,63.99218894871656
88,71.00251264683715,63.99373872086815
88,70.9983655643738,63.99599105212794
88,71.00001598861316,63.99376281049846
88,70.99988723361024,63.99342961345357
88,70.99903592024927,63.99926625019756
88,70.99902255270779,63.99869701250027
88,71.00098006194058,63.997922682764965
88,70.99856584176977,63.998559080189985
88,71.00028534905827,63.99260870826881
88,70.9992461352182,63.99305901067267
88,71.00256136905551,63.99642572141543
88,70.99972240228553,63.99984442156443
88,70.99994001790431,63.999807688669456
88,70.99898852988916,63.99241744810712
88,71.00243102466476,63.99629936493133
88,71.00065755292773,63.997330393293986
88,70.99856101868693,63.99280803638444
88,71.0024403879923,63.9952429989602
88,71.00067366218278,63.993572150226775
88,70.99990102174647,63.9973550043392
88,71.00017416522249,63.99629587262815
88,70.99990155381191,63.993808094351
88,70.99984083212395,63.99632136950823
88,71.00266119275126,63.99615092666821
88,70.99948818156516,63.99339379577192
88,71.00113208830747,63.996895140182005
88,70.99769954599256,63.994604951311956
88,71.00256136905551,63.99642572141543
88,70.99827167673621,63.996862254710415
88,71.00004494436637,63.99759980329474
88,71.00160021955008,63.99244585336567
88,70.99833655760305,63.99558755497769
88,70.99898852988916,63.99241744810712
88,70.99990155381191,63.993808094351
88,71.00001598861316,63.99376281049846
88,71.00005791511961,63.995655176943465
88,70.9988394611309,63.99532170402459
88,71.00159682655334,63.99572320157204
88,71.00180115040682,63.99654327978602
88,70.9997538732254,63.998868578320014
88,70.99974753843993,63.99438017944043
88,70.99807483171169,63.993716921781704
88,71.00088236598823,63.993173072200754
88,70.99860361686103,63.99325554226136
88,70.99868476682579,63.99649790856521
88,70.99765596651632,63.99334114059645
88,70.99854460164705,63.994890567654444
88,70.99984083212395,63.99632136950823
88,71.00072620343862,63.994180448033376
88,71.00069439332857,63.99210608141931
88,71.00059034213933,63.99756137260868
88,71.00139124491722,63.99591231723028
88,70.99988723361024,63.99342961345357
88,71.00065146976848,63.999009276749106
88,71.00164968806921,63.997978691363286
88,70.99984784663286,63.99830516240908
88,71.00256136905551,63.99642572141543
88,71.00139124491722,63.99591231723028
88,71.00217875292341,63.995000939342624
88,71.00222042985378,63.99318738463082
88,70.99919589417942,63.993305938745024
88,71.00210011123494,63.99449889694622
88,70.99856101868693,63.99280803638444
88,71.00088101061094,63.996439069080736
88,71.00222393736887,63.9940382236594
88,70.99843211025797,63.99579524850505
88,70.99764645557387,63.993957828258935
88,70.9976434508981,63.99822479749659
88,70.99988623277376,63.99905125034762
88,70.99855179890518,63.998799103477594
88,71.00134501460221,63.995319961992514
88,71.00217875292341,63.995000939342624
88,71.00164968806921,63.997978691363286
88,71.00214120647387,63.995725983750184
88,70.99925796567953,63.99352283722637
88,70.99709338870719,63.99677691582164
88,71.00033301876738,63.994230749777664
88,70.99841501976736,63.995982332369884
88,71.00065755292773,63.997330393293986
89,70.99321871347459,64.0190015617981
89,70.99220160886239,64.01838716548681
89,70.98863204624833,64.01565486927402
89,70.99085162451492,64.01888157410248
89,70.99214857159281,64.01941893506533
89,70.99220160886239,64.01838716548681
89,70.99056146958996,64.01571101973066
89,70.99357847036501,64.01844144060844
89,70.99199974294223,64.01645703577348
89,70.98981914239752,64.01559033007818
89,70.9903475940372,64.01645308217279
89,70.99221222986428,64.01659110300166
89,70.99199974294223,64.01645703577348
89,70.98735780442675,64.01662843247193
89,70.98984245446121,64.01453754913041
89,70.98920027133859,64.01557476116926
89,70.99252619126909,64.0161163867704
89,70.9917180392541,64.01812104184523
89,70.99221222986428,64.01659110300166
89,70.99007757745242,64.01615565500161
89,70.98887739531136,64.01509373785913
89,70.99135870622814,64.01559939003067
89,70.99181162029109,64.01714595789363
89,70.98925680147609,64.01454895830439
89,70.98999970625958,64.01582083525469
89,70.99321871347459,64.0190015617981
89,70.9888510390754,64.01766582770651
89,70.9918594160949,64.01924163731013
89,70.98972262496791,64.01545934672072
89,70.99134451153802,64.01728822421134
89,70.99084077446915,64.01559750644546
89,70.98938328517649,64.01801368756651
89,70.99185587105531,64.01761011023757
89,70.99223357489393,64.01625939969038
89,70.99088972188831,64.01878376898144
89,70.98854240771284,64.01824920154098
89,70.98972262496791,64.01545934672072
89,70.99229262988818,64.0164424956758
89,70.98937441583773,64.01416144230994
89,70.99036715475606,64.0150140483575
89,70.99059029512944,64.01923980910617
89,70.98989327593009,64.0165963816359
89,70.9892942006801,64.01407410846046
89,70.98854171010643,64.01489607117212
89,70.98801979241378,64.01703356374742
89,70.99294523878808,64.01793991207367
89,70.98916739122033,64.01398049160093
89,70.98947457660054,64.01864741388438
89,70.99205066049794,64.01755492383063
89,70.98833903336049,64.01534568068071
89,70.99257319282032,64.0188814398564
89,70.99150510504207,64.0171693016446
89,70.99134451153802,64.01728822421134
89,70.98753858246955,64.01550214396617
89,70.99052833181109,64.0199904519618
89,70.99108037583322,64.01524297726077
89,70.99249562243675,64.0156023540302
89,70.98909779474926,64.01822489258613
89,70.99249562243675,64.0156023540302
89,70.98804886628457,64.0151847865291
89,70.99107529060637,64.02004532021498
89,70.99036715475606,64.0150140483575
89,70.98739426326692,64.01744356296904
89,70.98762867933483,64.01671299348924
89,70.99072643193871,64.02003475524015
89,70.99215406446895,64.01477707422319
89,70.98937441583773,64.01416144230994
89,70.98909779474926,64.01822489258613
89,70.98753858246955,64.01550214396617
89,70.98884427253336,64.01439642603177
89,70.99249562243675,64.0156023540302
89,70.98836905223455,64.01818937966175
89,70.98762867933483,64.01671299348924
89,70.98922627260227,64.01748225794607
89,70.9909784575547,64.01606470348501
89,70.98907058194096,64.0168773166233
89,70.99085162451492,64.01888157410248
89,70.99205066049794,64.01755492383063
89,70.99197676305495,64.01706956620292
89,70.98901236392933,64.01801327614886
89,70.99339698676913,64.01703598981062
89,70.99033183290709,64.01753308942183
89,70.98833903336049,64.01534568068071
89,70.99281119053443,64.0175239035925
89,70.99052833181109,64.0199904519618
89,70.99168551418653,64.01703867154774
89,70.98972262496791,64.01545934672072
89,70.99391026506983,64.01856258038703
89,70.99221222986428,64.01659110300166
89,70.9903484996357,64.01840552678766
89,70.99221222986428,64.01659110300166
89,70.99316268076892,64.01827647047413
89,70.99294523878808,64.01793991207367
89,70.99230140496165,64.01506995309491
89,70.98839219307044,64.01850035402674
89,70.99221222986428,64.01659110300166
89,70.99036715475606,64.0150140483575
90,71.00344037779242,63.98914366387931
90,71.00082725492929,63.98669516000833
90,71.00145917941387,63.989003885875576
90,71.00507848548128,63.990921036580936
90,70.99963364053049,63.98697631620493
90,71.00374229861288,63.9918679396193
90,71.00249749680371,63.986139601083956
90,71.00329400345775,63.98651446927749
90,71.00043493956302,63.98741561660161
90,71.00282847198642,63.98808874666273
90,70.99998837355353,63.99222176085152
90,71.00254927235362,63.989159738245455
90,71.00427880490032,63.988938116039776
90,71.00072276835675,63.990829745768345
90,71.00284347310703,63.98923337951524
90,71.00341549557888,63.98749902211509
90,71.00041152015885,63.98756391935819
90,71.00184731717617,63.98679715378391
90,71.00030793067401,63.99052825973815
90,71.00026285953153,63.99211098620745
90,71.00343428270968,63.99005788378852
90,71.00374229861288,63.9918679396193
90,70.99930422315666,63.988244210046204
90,71.00000883169871,63.98982828528938
90,71.00120078758906,63.98684475733098
90,71.00218932205145,63.988016445277246
90,71.00069439332857,63.99210608141931
90,71.00291665398063,63.98779744275676
90,71.00207696137905,63.987162453028446
90,71.00249749680371,63.986139601083956
90,71.00021787030107,63.992272752268
90,71.0037509151176,63.98950869433301
90,71.00344086295823,63.992859625075276
90,71.00222042985378,63.99318738463082
90,71.00374229861288,63.9918679396193
90,71.00097046773053,63.99022219771971
90,71.004450846132,63.99190725917677
90,71.00291665398063,63.98779744275676
90,71.00296646127514,63.9925352942512
90,71.00271215036499,63.99086902249609
90,71.00101845457603,63.986616667016655
90,71.00383672022076,63.98776556927422
90,71.00274664867844,63.9861925679913
90,71.00455007548184,63.988200950356585
90,71.00195451548068,63.98851647342999
90,71.00268567083558,63.99174874870232
90,71.00111845670568,63.9898538332449
90,71.00223742685742,63.991999716812124
90,71.00412485472769,63.992732560260855
90,71.00453816677204,63.98872121310162
90,71.00043493956302,63.98741561660161
90,71.00000883169871,63.98982828528938
90,70.99889069933062,63.98806731961659
90,71.00163642081841,63.98886100041592
90,71.00235121812412,63.991323894007564
90,71.00067751350562,63.99170669254785
90,71.00026285953153,63.99211098620745
90,71.00455007548184,63.988200950356585
90,71.00163642081841,63.98886100041592
90,71.00453816677204,63.98872121310162
90,71.00163642081841,63.98886100041592
90,71.00374229861288,63.9918679396193
90,71.00403462706727,63.987367280888876
90,71.00195451548068,63.98851647342999
90,71.00145514403908,63.98932365686747
90,71.00293761645402,63.990159641335566
90,71.00163642081841,63.98886100041592
90,70.9996811544991,63.98745643697382
90,71.00145514403908,63.98932365686747
90,71.00042492086023,63.992098674100724
90,71.00235121812412,63.991323894007564
90,71.00347628111713,63.99037621897129
90,71.00296646127514,63.9925352942512
90,71.00205087539533,63.98654324762384
90,71.0037509151176,63.98950869433301
90,71.00310971402867,63.98894168207066
90,71.00042492086023,63.992098674100724
90,71.00067662299297,63.98871126750551
90,71.00454056007102,63.989025167118925
90,71.00407307026131,63.988911659053436
90,71.00454056007102,63.989025167118925
90,71.00172964291032,63.986550164888335
90,70.99910944594112,63.98964361660571
90,71.00030793067401,63.99052825973815
90,71.0043194205214,63.98935790660498
90,71.00163642081841,63.98886100041592
90,70.99987763155872,63.989522203663306
90,71.00298076091708,63.988554906823005
90,71.00207696137905,63.987162453028446
90,71.00050876566844,63.99076612945585
91,70.99695139716822,64.00732284875187
91,70.99778898235525,64.00601483448281
91,70.99578615827176,64.00755525724242
91,70.99415060026443,64.0051362389619
91,70.99939484885869,64.00540139108068
91,70.99562572534477,64.00538210415256
91,70.99690341284341,64.00624204660127
91,70.99482134074567,64.00865553164707
91,70.99819976738313,64.00490873456602
91,70.9947111321183,64.00842981663723
91,70.99483888171392,64.00517083084593
91,70.9959645520704,64.00833346418688
91,70.99424893974518,64.0069490201839
91,70.99760670519075,64.00299735353424
91,70.99941034064491,64.00529013035296
91,70.99655239654686,64.00672173850056
91,70.99385468131324,64.00362041551902
91,70.99475949295386,64.00592307905235
91,70.99819976738313,64.00490873456602
91,70.99960143978473,64.00466685678249
91,70.99922549632862,64.00631994473522
91,70.9949572730491,64.00870417589088
91,70.99364281421177,64.00730966251946
91,70.99941034064491,64.00529013035296
91,70.99653506141176,64.00370509902598
91,70.99436404104684,64.00616327489917
91,70.99824341546578,64.00477536271683
91,70.99351448628123,64.0073222470851
91,70.99922549632862,64.00631994473522
91,70.99388657563522,64.0040953307963
91,70.99941034064491,64.00529013035296
91,70.99816989321799,64.00462603998126
91,70.99596824051787,64.00433693247292
91,70.99913154083922,64.00731655021877
91,70.99812778549797,64.00516761852363
91,70.99571565857434,64.00906267201489
91,70.99546539149213,64.00888866626588
91,70.99690341284341,64.00624204660127
91,70.99825831287058,64.00420391129164
91,70.99745046884208,64.00564731573141
91,70.99702868440325,64.0046512281939
91,70.9949572730491,64.00870417589088
91,70.99939484885869,64.00540139108068
91,70.9944254904608,64.00385912670784
91,70.99655239654686,64.00672173850056
91,70.99477442769492,64.00564092334815
91,70.99757936811802,64.00655652914247
91,70.99461506799481,64.00337578665399
91,70.99475007117215,64.00836190971803
91,70.99604417559034,64.00427293740002
91,70.99635263569235,64.00570379415434
91,70.99314768398071,64.00621181601674
91,70.9928342318487,64.00602551730235
91,70.99838270667951,64.00773472848334
91,70.99630801664414,64.00597054809398
91,70.99922549632862,64.00631994473522
91,70.99736483248866,64.0069805565534
91,70.99454409185901,64.0075245273507
91,70.9933804228071,64.00660978452628
91,70.99667553158041,64.00395076968228
91,70.99724963217102,64.00724186736717
91,70.99737419962608,64.00545438319122
91,70.99922549632862,64.00631994473522
91,70.99437720972257,64.00610358658757
91,70.99628197315974,64.0082103162996
91,70.9944574287668,64.00825759831228
91,70.99519840190787,64.00380999060988
91,70.99617949830363,64.00584180156575
91,70.99546539149213,64.00888866626588
91,70.99887949319472,64.00426927196571
91,70.99454409185901,64.0075245273507
91,70.99580677633104,64.00803573391113
91,70.99637993695738,64.0026451325234
91,70.99695870538247,64.00864014897896
91,70.9954189410907,64.00627995502269
91,70.99671384235765,64.00553897550122
91,70.99547407138121,64.00368979868499
91,70.99777986971158,64.00403772503591
91,70.99671384235765,64.00553897550122
91,70.99556291836242,64.00616940857375
91,70.99737419962608,64.00545438319122
91,70.9928342318487,64.00602551730235
91,70.9986216053944,64.00566353779871
91,70.99857509939064,64.0042470763135
91,70.99537818124485,64.00785875749409
91,70.99454409185901,64.0075245273507
91,70.99547407138121,64.00368979868499
91,70.99702868440325,64.0046512281939
91,70.99724865048177,64.00741877022438
91,70.99640202371461,64.00538431119195
91,70.99596824051787,64.00433693247292
91,70.99373349929753,64.0063178727099
91,70.99630041430112,64.00774015218946
92,70.98938328517649,64.01801368756651
92,70.99036715475606,64.0150140483575
92,70.99072093497092,64.01447214937981
92,70.99157014498324,64.01758499044087
92,70.99100637064177,64.01773867798468
92,70.99339698676913,64.01703598981062
92,70.99174533392787,64.01809432750801
92,70.99216188809089,64.0158194644541
92,70.98988304345941,64.01742522193214
92,70.98925680147609,64.01454895830439
92,70.9884472345992,64.01874142479281
92,70.99016940791728,64.01460089619685
92,70.99319232234215,64.01850032834619
92,70.99287324922864,64.0198215516667
92,70.99252619126909,64.0161163867704
92,70.98989327593009,64.0165963816359
92,70.9903484996357,64.01840552678766
92,70.99344524508702,64.01602223729472
92,70.99199974294223,64.01645703577348
92,70.98976302770333,64.01419750544238
92,70.99317074539307,64.0173055857508
92,70.9917180392541,64.01812104184523
92,70.99128753805903,64.0195786040992
92,70.98984245446121,64.01453754913041
92,70.98866148114224,64.01934645710301
92,70.99251006809394,64.01886883852009
92,70.99059029512944,64.01923980910617
92,70.99072093497092,64.01447214937981
92,70.98957830850287,64.01711283300288
92,70.99112713317352,64.01816615840225
92,70.98884427253336,64.01439642603177
92,70.99221222986428,64.01659110300166
92,70.99325321291666,64.0161351101257
92,70.99349956265225,64.01718147863241
92,70.98848511696812,64.01563985913154
92,70.9883577042623,64.01816467370095
92,70.98801979241378,64.01703356374742
92,70.98941975913992,64.01723639483664
92,70.9938427295044,64.01856372250633
92,70.9892942006801,64.01407410846046
92,70.99160503836578,64.01983268458648
92,70.99003664383886,64.01427320845232
92,70.9871312359437,64.01741142856865
92,70.99154284679035,64.01917727885893
92,70.9905582563988,64.01515864430213
92,70.99100637064177,64.01773867798468
92,70.98828107061793,64.01831718704494
92,70.98839166979741,64.01842215629114
92,70.99316268076892,64.01827647047413
92,70.99186236472543,64.01482403620523
92,70.99119252704565,64.01838082175662
92,70.9938427295044,64.01856372250633
92,70.98814266172607,64.01740121377094
92,70.98989327593009,64.0165963816359
92,70.99229196370004,64.01518058163413
92,70.9888510390754,64.01766582770651
92,70.99065325049528,64.02013179428191
92,70.99174533392787,64.01809432750801
92,70.98896841635649,64.01915767454416
92,70.99262758782515,64.01793427337984
92,70.98898330578626,64.01758215646873
92,70.98957830850287,64.01711283300288
92,70.99185587105531,64.01761011023757
92,70.99140482366178,64.01518731215894
92,70.98772320418901,64.01651859938283
92,70.98874088256461,64.01834543239227
92,70.99029042767471,64.01818542632824
92,70.99085162451492,64.01888157410248
92,70.99216188809089,64.0158194644541
92,70.98854162523027,64.01503572554054
92,70.99287324922864,64.0198215516667
92,70.99111643956503,64.01890464237887
92,70.99000666174491,64.01688918320403
92,70.99236047865314,64.01870811756395
92,70.99108037583322,64.01524297726077
92,70.99140482366178,64.01518731215894
92,70.9879890858104,64.01833678859377
92,70.99087667766815,64.01921761480062
92,70.98988304345941,64.01742522193214
92,70.98947457660054,64.01864741388438
92,70.98839166979741,64.01842215629114
92,70.98917526768638,64.01905254315474
92,70.98988304345941,64.01742522193214
93,70.98947457660054,64.01864741388438
93,70.98884909684077,64.01747598040151
93,70.99305196785835,64.01571761168988
93,70.99229262988818,64.0164424956758
93,70.98753858246955,64.01550214396617
93,70.99052833181109,64.0199904519618
93,70.98896841635649,64.01915767454416
93,70.99036715475606,64.0150140483575
93,70.98972262496791,64.01545934672072
93,70.98779038713838,64.01775666730535
93,70.98804886628457,64.0151847865291
93,70.98866148114224,64.01934645710301
93,70.99197676305495,64.01706956620292
93,70.99109423872176,64.01540471358275
93,70.99109423872176,64.01540471358275
93,70.99257319282032,64.0188814398564
93,70.991319921756,64.01669357985071
93,70.98820388048466,64.01583599113573
93,70.9916874836729,64.0156252039421
93,70.98828107061793,64.01831718704494
93,70.9903475940372,64.01645308217279
93,70.98828107061793,64.01831718704494
93,70.98814266172607,64.01740121377094
93,70.99194538082175,64.01803208931943
93,70.98925680147609,64.01454895830439
93,70.98833903336049,64.01534568068071
93,70.99057019577224,64.01852342803043
93,70.9908514905124,64.01997054399759
93,70.99061043925423,64.0169917051394
93,70.99081059547309,64.01799877553447
93,70.99160503836578,64.01983268458648
93,70.99154284679035,64.01917727885893
93,70.98976302770333,64.01419750544238
93,70.99000666174491,64.01688918320403
93,70.98862576156884,64.01656312597538
93,70.99215406446895,64.01477707422319
93,70.99262758782515,64.01793427337984
93,70.98874088256461,64.01834543239227
93,70.9917180392541,64.01812104184523
93,70.99125490302585,64.02007372159859
93,70.98933557742154,64.01419642999687
93,70.99200561686513,64.01978586536504
93,70.98848511696812,64.01563985913154
93,70.9871312359437,64.01741142856865
93,70.98854162523027,64.01503572554054
93,70.98937441583773,64.01416144230994
93,70.99221222986428,64.01659110300166
93,70.98889610055062,64.01548102703389
93,70.98804886628457,64.0151847865291
93,70.98765067902806,64.01470008214676
93,70.99215406446895,64.01477707422319
93,70.98804886628457,64.0151847865291
93,70.98917526768638,64.01905254315474
93,70.99186236472543,64.01482403620523
93,70.99160503836578,64.01983268458648
93,70.99251006809394,64.01886883852009
93,70.98764365944024,64.0149763882392
93,70.98906995656283,64.01446313918345
93,70.9892942006801,64.01407410846046
93,70.99167615906698,64.01667017592294
93,70.99281119053443,64.0175239035925
93,70.99251945226273,64.01757493679776
93,70.98901983350017,64.01668103234258
93,70.98999970625958,64.01582083525469
93,70.98814266172607,64.01740121377094
93,70.99321871347459,64.0190015617981
93,70.99316268076892,64.01827647047413
93,70.9908514905124,64.01997054399759
93,70.99111643956503,64.01890464237887
93,70.98739426326692,64.01744356296904
93,70.98839219307044,64.01850035402674
93,70.99107529060637,64.02004532021498
93,70.99186595107165,64.01575437458948
93,70.98764365944024,64.0149763882392
93,70.98981914239752,64.01559033007818
93,70.99305196785835,64.01571761168988
93,70.98988304345941,64.01742522193214
93,70.9908514905124,64.01997054399759
94,71.00033563263852,63.989185260200394
94,70.99873831308211,63.98660536761584
94,70.99987763155872,63.989522203663306
94,70.99625648226629,63.98940736420787
94,70.99744949960498,63.986684009255605
94,70.99882543432513,63.98527336682866
94,70.9977737418713,63.98917226878233
94,70.99930915775754,63.98417653920487
94,71.00041152015885,63.98756391935819
94,71.00033563263852,63.989185260200394
94,70.99771237270652,63.98662765390833
94,70.99601436967788,63.98886243400247
94,71.00009529517672,63.987490617236425
94,70.9996811544991,63.98745643697382
94,70.99600081694383,63.98912450832429
94,71.00017204909197,63.99057062885889
94,70.99897479994169,63.98729171812858
94,71.00005646032783,63.98446859977358
94,70.99799784440185,63.98471306865289
94,70.99667058723284,63.98869309966302
94,70.99867500662074,63.98872533242576
94,70.99658971825164,63.98825236547973
94,71.00214657488796,63.98618419971524
94,70.99887988177429,63.990088285150335
94,70.99889040894062,63.989457771567686
94,70.99987763155872,63.989522203663306
94,71.0017179622741,63.98752618536601
94,71.00162251086611,63.98584052537552
94,70.99836373113388,63.989989051682755
94,70.99690213243628,63.98666806739593
94,70.99814347625723,63.98971313729447
94,71.00011272205796,63.985705532595325
94,71.00067009003175,63.98469894728796
94,71.00193367821645,63.98514374103813
94,70.99836373113388,63.989989051682755
94,70.99828754711884,63.98758265313163
94,70.99649186710326,63.986690501191426
94,70.99768006209759,63.99087805811015
94,70.99781889953259,63.98868772173451
94,70.99744949960498,63.986684009255605
94,70.99652505359637,63.98780037353487
94,70.99750996654707,63.986680986075896
94,70.99630177492145,63.989214531677
94,70.99781889953259,63.98868772173451
94,71.00032828526273,63.98687877725816
94,70.99630177492145,63.989214531677
94,71.00067009003175,63.98469894728796
94,70.99682188804012,63.985727901127454
94,71.00149576332518,63.988024413585585
94,70.9986269404936,63.99090792355413
94,70.99832136363288,63.98834509444807
94,70.99914119881298,63.986124958916484
94,70.99598098607528,63.98745472383977
94,70.99909521112009,63.98688075028817
94,70.99876193527442,63.9850686494205
94,71.00011272205796,63.985705532595325
94,70.99756305463711,63.98652475925572
94,70.99596169470075,63.988372058118856
94,71.00089523201059,63.98552203543004
94,70.99682188804012,63.985727901127454
94,70.99819294648051,63.98951417447715
94,71.00043493956302,63.98741561660161
94,70.9958838996491,63.98776000430437
94,71.00082725492929,63.98669516000833
94,70.99909521112009,63.98688075028817
94,70.99691696082822,63.9892981507827
94,70.99783134455716,63.98819224423859
94,70.99838153122137,63.99023784398097
94,70.99690213243628,63.98666806739593
94,70.99822805563753,63.99044148489532
94,70.99665019385313,63.98568408870611
94,70.9977737418713,63.98917226878233
94,70.99977655555159,63.98415224700484
94,71.0014767995656,63.987466253670355
94,70.99824533135865,63.98650239368585
94,70.99690213243628,63.98666806739593
94,71.00017204909197,63.99057062885889
94,70.99970987112161,63.98942537073285
94,70.9962393137221,63.98638790082234
94,70.99914119881298,63.986124958916484
94,70.99887988177429,63.990088285150335
94,71.0012010042682,63.98582994259045
94,70.99931423987077,63.98827409419608
94,70.99889040894062,63.989457771567686
94,70.99649186710326,63.986690501191426
94,70.99877720241541,63.98862580108538
94,70.99882543432513,63.98527336682866
94,70.9986984846102,63.985115424273474
94,70.99827857972491,63.989568530387686
94,70.99691696082822,63.9892981507827
94,70.99961226569305,63.98701891268842
94,70.9993716799964,63.984529783271824
94,70.99836373113388,63.989989051682755
94,70.99748472717229,63.98507397160253
94,70.99832136363288,63.98834509444807
94,70.99646915808046,63.9873900322757
94,71.00124221463174,63.9891776712214
94,70.99909521112009,63.98688075028817
94,71.00218932205145,63.988016445277246
94,70.99998968350819,63.98996797618696
94,70.99981240708652,63.985687875351424
94,70.99799784440185,63.98471306865289
94,71.00009529517672,63.987490617236425
94,71.00196721411336,63.98842501785771
94,70.99656097953192,63.98858182228577
94,70.99995336594968,63.98546046532871
94,70.99878640529336,63.99083875398098
94,70.99908008317625,63.99067335228065
94,71.00076976615804,63.98970754861628
94,70.99909880240489,63.986611626623684
94,70.99840023961796,63.986173899117865
94,70.99855350197907,63.98959569790356
94,70.99690213243628,63.98666806739593
94,71.0016011229321,63.98925341371062
94,71.00214657488796,63.98618419971524
94,70.99714277306013,63.985590831696655
94,71.00124221463174,63.9891776712214
94,70.9993716799964,63.984529783271824
94,70.99667058723284,63.98869309966302
94,71.00218932205145,63.988016445277246
94,70.99824533135865,63.98650239368585
94,70.99887973959969,63.985488342165596
94,71.00124221463174,63.9891776712214
94,71.00076685779636,63.98555753891264
94,70.9977737418713,63.98917226878233
95,71.01004735623194,64.00248091361611
95,71.00451652447359,64.00312383613694
95,71.00625274973942,64.00444375437844
95,71.00668526605833,64.0076923822916
95,71.00565926442059,64.0053500067784
95,71.00548863233244,64.00417576337176
95,71.00838950342524,64.00425241949458
95,71.00589275238434,64.00212043145852
95,71.00483393495016,64.00355627568499
95,71.00483393495016,64.00355627568499
95,71.00706961145603,64.00313256774744
95,71.00661189223062,64.00748523755996
95,71.0099509091081,64.00454926715847
95,71.00440354959031,64.00476668035654
95,71.00493676424897,64.00524339214243
95,71.00714811917065,64.00799986246953
95,71.00794309961985,64.00595887099493
95,71.00489162069363,64.00230014494639
95,71.00838005382892,64.00806999799478
95,71.00772996625324,64.0041576815887
95,71.00922632251876,64.00657577224318
95,71.00752707806681,64.00626616237864
95,71.00442354671148,64.00675025219213
95,71.00440354959031,64.00476668035654
95,71.00988929968933,64.00444237838592
95,71.00753313810195,64.00658207513635
95,71.00651041497643,64.00370598103497
95,71.00860332514,64.00191386906059
95,71.00531745569297,64.0074722782057
95,71.00794309961985,64.00595887099493
95,71.00708982998734,64.0073399089291
95,71.00714811917065,64.00799986246953
95,71.00483393495016,64.00355627568499
95,71.00552917417575,64.00627613287209
95,71.00772996625324,64.0041576815887
95,71.00722701597006,64.00300836555756
95,71.00691310740099,64.00302957669128
95,71.00638270302285,64.00078262172335
95,71.00710563816538,64.00772541168423
95,71.00923405449973,64.00305504817743
95,71.00559760870395,64.00225735075101
95,71.00805913260037,64.00502693473102
95,71.00852661205987,64.00032812338537
95,71.00574426462454,64.00513669312333
95,71.00559760870395,64.00225735075101
95,71.00585448357495,64.00542685336212
95,71.0091801831185,64.0017107688505
95,71.00739226988479,64.00063938555552
95,71.00493676424897,64.00524339214243
95,71.0099509091081,64.00454926715847
95,71.0072437668076,64.00796888161614
95,71.00606697985377,64.00205153132477
95,71.00850946339207,64.00339694035127
95,71.00915536287681,64.00462422719168
95,71.00422631251159,64.00404634375823
95,71.00422631251159,64.00404634375823
95,71.0069425740267,64.00381074498313
96,70.98223713850724,63.99107319922921
96,70.98392074474405,63.98536958286666
96,70.99922199146798,63.97895132176667
96,71.01355424279785,64.01321378066999
96,71.00773487941217,64.01772155829308
96,70.9825657478771,63.99832915428066
96,71.00299231104204,64.01862154270893
96,70.99457707365838,63.99439225044856
96,70.99067435826919,64.00007515119029
96,70.99218825823567,63.98513689751923
96,70.99457707365838,63.99439225044856
96,70.99893522080535,64.00647645369641
96,70.98687719592937,63.9898639911298
96,71.02049527874362,64.00155921237138
96,71.02271955338598,63.992778217957444
97,70.97897381650787,64.00093134988526
97,70.9978484843966,64.01917798560339
97,71.00773487941217,64.01772155829308
97,70.9874746979379,63.99529631677947
97,70.9995639097551,64.02080648287523
97,71.00365895284368,64.01870369194255
97,70.99254198400486,64.01841171466708
97,71.01495850812306,64.0148535573156
97,70.99670910192305,63.979833812816906
97,71.01355424279785,64.01321378066999
97,71.00756147730499,64.0010796600119
97,70.98776151326938,64.0018951132039
97,71.01657797459067,63.999772206179486
97,71.01146513599039,63.99055013559311
97,70.97743871145589,64.00284700822702
97,70.98413815046747,64.00217934891594
97,70.99284426633446,64.01787339811352
97,70.99210011003423,64.02064696511796
97,70.99775976604765,63.993739366826176
97,70.99791517391641,64.01152257401127
97,71.00804998898488,64.02280549919536
97,70.99067435826919,64.00007515119029
97,70.99284426633446,64.01787339811352
97,70.98508736000683,64.00584300978198
97,71.00766702683954,64.00824902624275
97,71.00751066639616,63.97947528206637
97,71.00152752456778,64.00625683552245
97,70.9978484843966,64.01917798560339
97,70.99191838213387,64.0144048054323
97,71.0110664069523,64.0061275600481
97,70.99098964748417,63.99561415799867
97,71.00860332514,64.00191386906059
97,70.97855169589296,63.98865191908742
97,71.00389847563015,63.99337199608197
97,70.99517614224952,64.01579330636982
97,71.00821671918004,63.99797554518523
97,70.99682958422972,63.98695171440382
97,71.01722403527766,63.998795723756125
97,70.99186595107165,64.01575437458948
97,70.99791517391641,64.01152257401127
97,70.99268109390977,64.01512619783549
97,71.00518442575662,64.0000576697194
97,71.00821671918004,63.99797554518523
97,71.00389847563015,63.99337199608197
97,71.00806646330972,63.97865058157759
97,70.97772703141857,64.00372668852144
97,70.99276392311329,63.98590254646873
97,70.99268109390977,64.01512619783549
97,70.99791517391641,64.01152257401127
97,70.98687719592937,63.9898639911298
97,70.97877386505786,63.994802883946235
97,71.00103733267089,63.98479205088349
97,70.98580777118205,63.98616979911102
97,71.00461004036066,64.0016466423417
97,70.98088360795388,63.98638422895742
97,70.98687538559584,63.991872709234066
97,70.9866229665901,63.986548019388835
97,70.9957237012447,64.00135271103623
97,70.98580777118205,63.98616979911102
97,71.00548724757654,63.993082607533864
97,70.98696116028212,63.997794757639106
97,70.97877386505786,63.994802883946235
97,71.01551861924901,64.00196209817301
97,71.01551861924901,64.00196209817301
97,70.99321960345682,63.986199412936934
97,71.01495850812306,64.0148535573156
97,70.99908008317625,63.99067335228065
97,70.98508736000683,64.00584300978198
97,70.99940441026513,64.0185373853176
97,71.0002930212015,64.01432497124772
97,70.97758003050095,64.00502301876982
97,71.00994593461168,64.00706964492001
97,71.00518442575662,64.0000576697194
97,70.99893522080535,64.00647645369641
97,70.99830849253996,64.02264273207003
97,70.99684798582224,63.98887195036369
97,71.0134674199141,64.00776796693363
97,70.99183515200222,64.00426552629263
97,71.01081896520253,63.980146005825844
98,70.99975539073675,64.01840966148323
98,70.99875428673363,64.01651976165945
98,70.99940441026513,64.0185373853176
98,70.99941133150759,64.01321091625584
98,70.99983161962388,64.01385875524429
98,71.00078674660087,64.01752343100173
98,70.99901781765365,64.01279938890191
98,71.00087934756392,64.01405023682351
98,71.00021439046715,64.01290862664837
98,71.00072711421063,64.01739557550934
98,71.00261765488894,64.01726911238595
98,71.00009463306999,64.01844201188354
98,70.99896982711556,64.01674609597066
98,70.99753423135328,64.01701977813943
98,71.00191709197176,64.0175062272083
98,70.99944682094116,64.01753021379518
98,70.99991460856623,64.01868169438218
98,71.00134502190838,64.01758662655834
98,70.99868326334857,64.01770022753954
98,71.0006615444109,64.0138477196401
98,71.00284366921422,64.01682339330388
98,70.99888438126001,64.01703598733704
98,71.00015917444318,64.01866887536416
98,70.99721327696011,64.0175226549674
98,71.00266033197478,64.01590407131978
98,71.00191709197176,64.0175062272083
98,70.99770897714525,64.01527768544767
98,70.99911355826212,64.01339925333195
98,71.00175934415475,64.01724921690776
98,70.99940441026513,64.0185373853176
98,70.99976717872413,64.01525254972256
98,71.00124538305066,64.01432148305354
98,70.99983161962388,64.01385875524429
98,71.0006615444109,64.0138477196401
98,71.00208250039736,64.01583775338821
98,71.00015917444318,64.01866887536416
98,70.9983927644856,64.01467764077277
98,71.00186074904087,64.01721699313352
98,70.99875428673363,64.01651976165945
98,70.998368263536,64.01415757646393
98,71.00015917444318,64.01866887536416
98,71.00003111930098,64.01305856539078
98,70.99895729585289,64.01606164425596
98,71.00197189201872,64.01492668340097
98,71.00231073338007,64.01615905477676
98,70.999454308051,64.01357134988297
98,71.00014646347483,64.0160687641797
98,71.00166508233252,64.01558615537368
98,71.00323665386642,64.01494288623208
98,70.99980561606226,64.01686137166385
98,70.99868452123404,64.01280346112974
98,70.99766340797014,64.0148550555694
98,71.0007962031604,64.01704882417188
98,70.99869091843479,64.01414449344253
98,70.99816488504285,64.01545929678602
98,70.99818902108811,64.01713261864111
98,71.00231073338007,64.01615905477676
98,71.00003130604172,64.01642636111033
98,70.99911355826212,64.01339925333195
98,71.0006615444109,64.0138477196401
98,70.99868452123404,64.01280346112974
98,71.00072711421063,64.01739557550934
98,70.99982098844525,64.01265520541493
98,71.00159056728792,64.0156823648223
98,71.00044072821018,64.01531746383958
98,70.99983161962388,64.01385875524429
98,70.99989644751302,64.01291517310567
98,70.99869091843479,64.01414449344253
98,71.00029852485544,64.01751795741986
98,70.99683450571914,64.0154236396107
98,70.99929861651795,64.01787026618508
98,71.00191641902063,64.01296938255778
98,71.00024874684267,64.01739405492282
98,71.00003130604172,64.01642636111033
98,71.00260570696739,64.01705666590334
98,70.99721327696011,64.0175226549674
98,70.99877114406456,64.01606879667612
98,70.99822712575688,64.01785043845419
98,71.00183782675471,64.01490854021222
98,70.99732296124925,64.01578155771915
98,70.99820903609552,64.01517732665506
98,71.00195715805881,64.01433561023461
98,71.00239775492179,64.01424469255738
98,70.99980561606226,64.01686137166385
98,70.99940187761685,64.01412475941771
98,71.00043553915744,64.01692735521442
98,71.00087433300484,64.0176171902669
98,71.00197189201872,64.01492668340097
98,70.99700320110968,64.0155483653483
98,70.99811405357889,64.0176385303351
98,70.99728088408723,64.0161253731902
98,71.00175934415475,64.01724921690776
98,71.00270420220522,64.01378151243414
98,71.0003534420736,64.01337987271377
98,70.99683450571914,64.0154236396107
98,71.00087640672596,64.01752714170225
98,71.00072711421063,64.01739557550934
98,71.00014646347483,64.0160687641797
98,71.00009463306999,64.01844201188354
99,71.00412485472769,63.992732560260855
99,70.9957237012447,64.00135271103623
99,70.9995716989074,64.0109613403106
99,70.9978484843966,64.01917798560339
99,70.99530651788517,64.018875100469
99,70.99191838213387,64.0144048054323
99,71.01532498520162,64.00357531479263
99,71.00839676087291,64.01476224047515
99,71.00766702683954,64.00824902624275
99,71.02271955338598,63.992778217957444
99,70.97758003050095,64.00502301876982
99,71.00919287133519,64.00823900736398
99,70.9957237012447,64.00135271103623
99,70.99457562974668,64.02338048610592
99,70.97923867530228,64.01052653085084
99,71.01102227301728,64.01227015994164
99,70.98413815046747,64.00217934891594
99,70.9995639097551,64.02080648287523
99,71.02049527874362,64.00155921237138
99,71.00521480637838,63.98372050473778
99,71.00766702683954,64.00824902624275
99,71.00994593461168,64.00706964492001
99,71.01102227301728,64.01227015994164
99,71.00143646420744,63.978411064932224
99,70.99791517391641,64.01152257401127
99,70.99909521112009,63.98688075028817
99,71.00103733267089,63.98479205088349
99,70.98696116028212,63.997794757639106
99,71.00600479761073,64.0089130409572
99,71.01728885608375,64.0037739078233
99,70.99098964748417,63.99561415799867
99,71.00521480637838,63.98372050473778
99,70.99218825823567,63.98513689751923
99,71.0011050620569,64.0170349488325
99,71.01102227301728,64.01227015994164
99,70.99252619126909,64.0161163867704
99,70.9940826582084,63.984347723640255
99,70.98829144125148,63.99806061470055
99,71.00751066639616,63.97947528206637
99,70.99629819239101,64.01296427969578
99,71.02078046064203,64.01071580016371
99,71.0134674199141,64.00776796693363
99,71.00600479761073,64.0089130409572
99,71.00041388323619,63.97606124725136
100,70.98700941040735,64.00492806161354
100,70.987390992278,64.00554251006689
100,70.98831107919402,64.00711132959863
100,70.9871130877264,64.00689624877937
100,70.98626122560607,64.0080611595739
100,70.98650282661042,64.00796847687201
100,70.98809447267074,64.00756878236442
100,70.98350872055967,64.0053337097806
100,70.98650282661042,64.00796847687201
100,70.98839127986147,64.00388241468902
100,70.98575517684694,64.0078167792657
100,70.98298037365592,64.00454689639562
100,70.98532691111821,64.00526711613013
100,70.98761345565113,64.0083105763132
100,70.98877748886103,64.00631814406417
100,70.98607316900444,64.00804217894057
100,70.9882708456875,64.0046667328772
100,70.98885140069808,64.007180313545
100,70.9867853468987,64.00506309233155
100,70.9867853468987,64.00506309233155
100,70.98565451638056,64.00288744652184
100,70.98341195742249,64.00420169524223
100,70.98735603267284,64.00547659676846
100,70.9882708456875,64.0046667328772
100,70.98759536713675,64.0074835845209
100,70.98831107919402,64.00711132959863
100,70.9839256857122,64.00590253752239
100,70.98700962185073,64.00536080667776
100,70.98885140069808,64.007180313545
100,70.98694927922693,64.00519314799745
100,70.98689385584768,64.00847271609727
100,70.9867265284061,64.00822431291354
100,70.98465121822854,64.00778666745965
100,70.98649379188882,64.0039439371921
100,70.98720458760836,64.00820542409924
100,70.98631750259572,64.0062993237144
100,70.98559024820875,64.00771495049206
100,70.98508736000683,64.00584300978198
100,70.98780819356685,64.00468674905478
100,70.98322206655831,64.00734093002069
100,70.983964690019,64.00541668047217
100,70.98812136596848,64.00685088748504
100,70.98609273467916,64.00743595155203
100,70.98765080911505,64.00662848118972
100,70.98504360468192,64.00299434096439
100,70.98383302535281,64.00368623371547
100,70.9844547962721,64.00713181533567
100,70.9836174958285,64.00686112351397
100,70.98700962185073,64.00536080667776
100,70.9865630150868,64.00312404435526
100,70.98312492411108,64.00420033486631
100,70.98644816667795,64.00877826367298
100,70.9830485995403,64.00685934090788
100,70.98599579719131,64.00277508711176
100,70.98401536193114,64.00777780275823
100,70.98423139666264,64.003414497748
100,70.98606556508597,64.006407602152
100,70.98731327680156,64.00557629841447
100,70.98647177853726,64.00363076128205
100,70.98538753584536,64.00422232997019
100,70.98519589323942,64.00871495475886
100,70.98752149677131,64.00686596103064
100,70.98575517684694,64.0078167792657
100,70.98609273467916,64.00743595155203
100,70.98575517684694,64.0078167792657
100,70.98336205459614,64.00613796790027
100,70.98592941457888,64.00840480362699
100,70.987390992278,64.00554251006689
100,70.98270483136344,64.00550897877362
100,70.98532691111821,64.00526711613013
100,70.98567963422165,64.00521438324508
100,70.98480483054934,64.00615139271552
100,70.98494098564457,64.00295951015288
100,70.98565451638056,64.00288744652184
100,70.9865630150868,64.00312404435526
100,70.9867853468987,64.00506309233155
100,70.98660778104423,64.00611043199423
100,70.98581978228252,64.00727588756455
100,70.98559024820875,64.00771495049206
100,70.98735603267284,64.00547659676846
100,70.98689385584768,64.00847271609727
100,70.98735603267284,64.00547659676846
100,70.98644816667795,64.00877826367298
100,70.98816592569257,64.00526490688156
100,70.98425522654667,64.00433637538804
100,70.98933972093207,64.00475060397268
100,70.98626122560607,64.0080611595739
100,70.98408001273194,64.00448137429618
100,70.98700941040735,64.00492806161354
100,70.9835660055985,64.0057755301395
100,70.9888095072065,64.00406018092404
100,70.98615637491315,64.00858841898066
100,70.98673032252928,64.00696508934912
100,70.9837952774559,64.00499142406238
100,70.9867853468987,64.00506309233155
100,70.98519589323942,64.00871495475886
100,70.98408001273194,64.00448137429618
100,70.98383302535281,64.00368623371547
100,70.98771197417646,64.00825936243415
100,70.9846144070377,64.00305715795832
101,71.02271955338598,63.992778217957444
101,71.01497849418455,63.997497488224404
101,70.9989619063244,63.994162404318175
101,71.0239724460342,63.99722696040925
101,70.99321960345682,63.986199412936934
101,71.01623932894341,64.00066751058657
101,70.99284426633446,64.01787339811352
101,70.98696116028212,63.997794757639106
101,70.99910993443035,64.02309843025965
101,70.99338951850827,63.9980770557662
101,71.00809700264608,64.0094837835013
101,71.00412485472769,63.992732560260855
101,70.97918524056273,63.99099609009019
101,71.02078046064203,64.01071580016371
101,71.01355424279785,64.01321378066999
101,70.99684798582224,63.98887195036369
101,71.00103733267089,63.98479205088349
101,70.98650282661042,64.00796847687201
101,71.00521480637838,63.98372050473778
101,71.00773487941217,64.01772155829308
101,70.9922125142682,63.985393667782915
101,71.00821671918004,63.99797554518523
101,70.99028556901773,63.97880124013918
101,71.00959401872227,64.02252348767333
101,71.01102227301728,64.01227015994164
101,71.00994593461168,64.00706964492001
101,70.99338951850827,63.9980770557662
101,71.01056937264443,63.98511225163726
101,70.99940441026513,64.0185373853176
101,70.98651483118795,64.0033427327496
101,70.98565220198383,63.997481669556436
101,70.99530651788517,64.018875100469
101,71.01355424279785,64.01321378066999
101,71.0011050620569,64.0170349488325
101,71.00206036741778,63.98288648159787
101,71.00521480637838,63.98372050473778
101,71.00103733267089,63.98479205088349
101,71.0130007247263,63.98781291055015
101,70.98776151326938,64.0018951132039
101,70.9988286929496,64.02420426842053
101,71.0011050620569,64.0170349488325
101,70.98413815046747,64.00217934891594
101,70.99321960345682,63.986199412936934
101,70.99188730563877,64.02167867333158
101,71.00548724757654,63.993082607533864
101,71.01704684489783,64.00544580746497
101,70.97877386505786,63.994802883946235
101,70.98687538559584,63.991872709234066
101,70.9910944987561,64.00585262368485
101,71.02217094217183,63.99935542389008
101,70.98776151326938,64.0018951132039
101,71.02049527874362,64.00155921237138
101,70.98254154853713,64.00841393081768
101,70.9910944987561,64.00585262368485
101,70.98930132034165,64.00361057951635
101,70.99775976604765,63.993739366826176
101,71.01623932894341,64.00066751058657
101,71.01047409212414,63.99136405873279
101,70.99927454566239,64.01511686525369
101,70.9807868589124,64.00752501023435
101,71.00773487941217,64.01772155829308
101,71.02271955338598,63.992778217957444
101,70.9910944987561,64.00585262368485
101,70.9988286929496,64.02420426842053
101,71.0130007247263,63.98781291055015
101,70.99830849253996,64.02264273207003
101,71.00143646420744,63.978411064932224
101,70.9846144070377,64.00305715795832
101,71.00933682299663,64.0128105482609
101,70.97855169589296,63.98865191908742
101,70.99191838213387,64.0144048054323
101,71.00600479761073,64.0089130409572
101,70.9989619063244,63.994162404318175
101,71.01704684489783,64.00544580746497
101,70.9989619063244,63.994162404318175
101,70.9866229665901,63.986548019388835
101,70.98559024820875,64.00771495049206
101,70.98608915571658,63.98505492986282
101,70.98776151326938,64.0018951132039
101,70.9807868589124,64.00752501023435
101,70.97918524056273,63.99099609009019
101,70.98324395894983,63.982654766561595
101,70.98776151326938,64.0018951132039
101,70.99908008317625,63.99067335228065
101,70.97897381650787,64.00093134988526
101,71.00374207372101,64.00196839312673
101,71.01604545246039,64.01900113341111
101,71.0091370818107,63.987267331653406
102,71.00839676087291,64.01476224047515
102,71.02069416267739,63.988245096090694
102,70.99682958422972,63.98695171440382
102,71.0091370818107,63.987267331653406
102,71.00994593461168,64.00706964492001
102,70.99067435826919,64.00007515119029
102,71.01875914944993,64.01374305843059
102,70.98023223771006,63.98854427822952
102,70.98687719592937,63.9898639911298
102,70.9807868589124,64.00752501023435
102,71.01292447376238,64.01348677997562
102,71.0014716496777,64.0156241894108
102,70.99910993443035,64.02309843025965
102,70.99002683185746,63.98697044803746
102,70.9890038150825,64.00342254648814
102,70.98651483118795,64.0033427327496
102,71.00103733267089,63.98479205088349
102,71.01704684489783,64.00544580746497
102,71.00756147730499,64.0010796600119
102,70.99556659492013,63.977658454992046
102,71.00518442575662,64.0000576697194
102,71.00600479761073,64.0089130409572
102,71.00994593461168,64.00706964492001
102,70.99191838213387,64.0144048054323
102,70.99670910192305,63.979833812816906
102,70.97743871145589,64.00284700822702
102,70.99124739049483,63.98036622829794
102,70.9958812054192,63.97811852488495
102,71.01134140961805,63.99978555719003
102,71.00312524257771,64.01892325720407
102,70.99893522080535,64.00647645369641
102,71.0002930212015,64.01432497124772
102,70.98608915571658,63.98505492986282
102,70.99338951850827,63.9980770557662
102,71.0110664069523,64.0061275600481
102,71.00521480637838,63.98372050473778
102,70.99183515200222,64.00426552629263
102,70.99067435826919,64.00007515119029
102,70.99909521112009,63.98688075028817
102,70.99556659492013,63.977658454992046
102,71.00299231104204,64.01862154270893
102,70.98223713850724,63.99107319922921
102,71.01604545246039,64.01900113341111
102,71.00548724757654,63.993082607533864
102,71.01038150736893,63.987426725835675
102,70.99124739049483,63.98036622829794
102,71.0117425146062,63.99171808941867
102,71.01297085368827,64.01252918451621
102,70.98608915571658,63.98505492986282
102,70.99002683185746,63.98697044803746
102,70.99934061260223,63.99905253562506
102,70.9995716989074,64.0109613403106
102,71.01902410966582,63.99501115024594
102,70.99254198400486,64.01841171466708
102,70.99218825823567,63.98513689751923
102,70.99028556901773,63.97880124013918
102,70.99909521112009,63.98688075028817
102,71.0130007247263,63.98781291055015
102,70.99321960345682,63.986199412936934
102,71.00600479761073,64.0089130409572
102,70.98175973501763,63.99286568310248
103,70.98565220198383,63.997481669556436
103,70.98254154853713,64.00841393081768
103,70.99684798582224,63.98887195036369
103,70.99576249765147,63.98905958686892
103,71.00919287133519,64.00823900736398
103,70.98023223771006,63.98854427822952
103,70.99218825823567,63.98513689751923
103,70.9957237012447,64.00135271103623
103,70.98786406120031,64.01131005475317
103,70.99339544849137,63.98881828964373
103,71.00103733267089,63.98479205088349
103,70.98088360795388,63.98638422895742
103,71.01728236107807,63.995359022485104
103,70.98392074474405,63.98536958286666
103,71.02049527874362,64.00155921237138
103,70.99684798582224,63.98887195036369
103,71.00821671918004,63.99797554518523
103,70.98696116028212,63.997794757639106
103,71.0002930212015,64.01432497124772
103,70.98260353777809,64.01138371785034
103,70.99186595107165,64.01575437458948
103,71.02049527874362,64.00155921237138
103,70.99906548555342,64.00937388588144
103,71.01146513599039,63.99055013559311
103,70.98549871456113,63.98894321905628
103,70.9807868589124,64.00752501023435
103,70.98537312504985,64.00287862350535
103,70.99934061260223,63.99905253562506
103,71.01297085368827,64.01252918451621
103,71.02166794469986,63.992361726666424
103,70.99339544849137,63.98881828964373
103,71.00933682299663,64.0128105482609
103,70.9940826582084,63.984347723640255
103,71.00207696137905,63.987162453028446
103,70.99348734414171,64.02245056728566
103,71.00600479761073,64.0089130409572
103,70.99908008317625,63.99067335228065
103,70.98149586637061,63.999093954235114
103,70.9922125142682,63.985393667782915
103,70.9995716989074,64.0109613403106
103,70.9807868589124,64.00752501023435
103,71.00695017725236,63.989715140373654
103,71.0117425146062,63.99171808941867
103,71.00919287133519,64.00823900736398
103,71.01146513599039,63.99055013559311
103,70.98930132034165,64.00361057951635
103,71.01604545246039,64.01900113341111
103,71.01875914944993,64.01374305843059
103,71.01728236107807,63.995359022485104
103,71.02166794469986,63.992361726666424
103,71.00773487941217,64.01772155829308
103,71.01657797459067,63.999772206179486
103,70.99480882938464,63.987975218782324
103,70.99252619126909,64.0161163867704
103,70.99791517391641,64.01152257401127
103,70.99098964748417,63.99561415799867
103,70.9910944987561,64.00585262368485
103,70.99629819239101,64.01296427969578
103,71.02271955338598,63.992778217957444
103,71.01146513599039,63.99055013559311
103,70.99210011003423,64.02064696511796
103,70.98175973501763,63.99286568310248
103,70.99517614224952,64.01579330636982
103,71.00312524257771,64.01892325720407
103,71.0134674199141,64.00776796693363
103,71.01146513599039,63.99055013559311
103,70.98415227590107,63.98805184405767
103,70.98565220198383,63.997481669556436
103,71.01657797459067,63.999772206179486
103,70.9846144070377,64.00305715795832
104,70.99276392311329,63.98590254646873
104,70.97772703141857,64.00372668852144
104,71.01657797459067,63.999772206179486
104,70.98395268397324,63.98782845301668
104,71.00374207372101,64.00196839312673
104,70.99457707365838,63.99439225044856
104,70.9807868589124,64.00752501023435
104,70.97564634599497,64.00073319621521
104,71.01495850812306,64.0148535573156
104,70.98395268397324,63.98782845301668
104,70.98254154853713,64.00841393081768
104,71.01875914944993,64.01374305843059
104,70.9989619063244,63.994162404318175
104,71.00207696137905,63.987162453028446
104,70.99927454566239,64.01511686525369
104,70.97855169589296,63.98865191908742
104,71.00966500792978,63.978332804247934
104,71.00966500792978,63.978332804247934
104,70.99226100651465,63.9788049677387
104,70.99910993443035,64.02309843025965
104,71.01604545246039,64.01900113341111
104,70.99067435826919,64.00007515119029
104,71.01081896520253,63.980146005825844
104,70.98608915571658,63.98505492986282
104,70.99373539757855,64.00013805046474
104,70.99909521112009,63.98688075028817
104,71.01355424279785,64.01321378066999
104,70.9866229665901,63.986548019388835
104,71.00017204909197,63.99057062885889
104,70.99442601144925,63.991489248137135
104,71.01911557795188,64.0116902136588
104,70.9846144070377,64.00305715795832
104,71.00206036741778,63.98288648159787
104,70.98395268397324,63.98782845301668
104,70.98608915571658,63.98505492986282
104,70.98580777118205,63.98616979911102
104,70.9978484843966,64.01917798560339
104,71.01134140961805,63.99978555719003
104,70.99909521112009,63.98688075028817
104,70.98559024820875,64.00771495049206
104,70.97855169589296,63.98865191908742
104,71.00412485472769,63.992732560260855
104,71.01657797459067,63.999772206179486
104,70.99186595107165,64.01575437458948
104,71.0011050620569,64.0170349488325
104,70.99276392311329,63.98590254646873
104,71.00695017725236,63.989715140373654
104,70.97923867530228,64.01052653085084
104,70.99457562974668,64.02338048610592
104,70.9989619063244,63.994162404318175
104,70.98223713850724,63.99107319922921
104,70.98537312504985,64.00287862350535
104,70.99348734414171,64.02245056728566
104,71.005539086045,64.0209175427367
104,71.01902410966582,63.99501115024594
104,71.0134674199141,64.00776796693363
104,70.98023223771006,63.98854427822952
104,70.99940441026513,64.0185373853176
104,71.00299231104204,64.01862154270893
104,71.00806646330972,63.97865058157759
104,71.00365895284368,64.01870369194255
104,71.00804998898488,64.02280549919536
104,70.98948828493198,64.00619671358356
104,70.99791517391641,64.01152257401127
104,71.00959401872227,64.02252348767333
104,70.97923867530228,64.01052653085084
104,71.00143646420744,63.978411064932224
104,71.01146513599039,63.99055013559311
105,70.99284426633446,64.01787339811352
105,71.01056937264443,63.98511225163726
105,70.97772703141857,64.00372668852144
105,70.9910944987561,64.00585262368485
105,71.00811988853782,63.989954158055134
105,70.98458519529345,63.995268106424525
105,71.02069416267739,63.988245096090694
105,71.01551861924901,64.00196209817301
105,70.9957237012447,64.00135271103623
105,70.98608915571658,63.98505492986282
105,71.00933682299663,64.0128105482609
105,71.00958045264173,64.01310480073336
105,70.99342765092898,64.00712834419096
105,70.99457707365838,63.99439225044856
105,70.99517614224952,64.01579330636982
105,70.9874746979379,63.99529631677947
105,70.99339544849137,63.98881828964373
105,70.98930132034165,64.00361057951635
105,71.01551861924901,64.00196209817301
105,70.98948828493198,64.00619671358356
105,71.01657797459067,63.999772206179486
105,70.98023223771006,63.98854427822952
105,70.98829144125148,63.99806061470055
105,71.00811988853782,63.989954158055134
105,70.98829144125148,63.99806061470055
105,70.99670910192305,63.979833812816906
105,71.0181661241937,63.99141243657839
105,71.01604545246039,64.01900113341111
105,71.0002930212015,64.01432497124772
105,71.01038150736893,63.987426725835675
105,70.9825657478771,63.99832915428066
105,71.01728236107807,63.995359022485104
105,70.98254154853713,64.00841393081768
105,70.99910993443035,64.02309843025965
105,70.98549871456113,63.98894321905628
105,71.01669192850234,63.9982731523859
105,71.01911557795188,64.0116902136588
105,70.99284426633446,64.01787339811352
105,71.00103733267089,63.98479205088349
105,71.01728236107807,63.995359022485104
105,70.98630923060173,64.00223257681138
105,71.00521480637838,63.98372050473778
105,71.00207696137905,63.987162453028446
105,71.0110664069523,64.0061275600481
105,70.9890038150825,64.00342254648814
105,70.98565220198383,63.997481669556436
105,71.02217094217183,63.99935542389008
105,71.00207696137905,63.987162453028446
105,71.02271955338598,63.992778217957444
105,71.01102227301728,64.01227015994164
105,71.00806646330972,63.97865058157759
105,71.01728236107807,63.995359022485104
105,70.99226100651465,63.9788049677387
105,70.99629819239101,64.01296427969578
105,70.99922199146798,63.97895132176667
105,71.01902410966582,63.99501115024594
105,70.98786406120031,64.01131005475317
105,71.0110664069523,64.0061275600481
105,70.9803373776441,64.00040421747131
106,70.99002683185746,63.98697044803746
106,71.01038150736893,63.987426725835675
106,70.99339544849137,63.98881828964373
106,70.98401565431864,63.98352105533865
106,71.00461004036066,64.0016466423417
106,70.99530651788517,64.018875100469
106,70.98537312504985,64.00287862350535
106,70.98829144125148,63.99806061470055
106,70.9988286929496,64.02420426842053
106,70.98537312504985,64.00287862350535
106,70.98930132034165,64.00361057951635
106,71.00338004850899,63.99047807498108
106,70.98023223771006,63.98854427822952
106,70.97918524056273,63.99099609009019
106,71.01551861924901,64.00196209817301
106,70.9874746979379,63.99529631677947
106,70.98298369042853,63.99887449303659
106,71.02049527874362,64.00155921237138
106,70.98254154853713,64.00841393081768
106,70.9874746979379,63.99529631677947
106,71.0110664069523,64.0061275600481
106,70.9825657478771,63.99832915428066
106,71.01604545246039,64.01900113341111
106,71.0249171856568,64.00118303480635
106,70.9874746979379,63.99529631677947
106,71.01875914944993,64.01374305843059
106,71.00695017725236,63.989715140373654
106,70.98324395894983,63.982654766561595
106,71.01471131120276,64.00514413276643
106,71.01722403527766,63.998795723756125
106,70.97877386505786,63.994802883946235
106,71.00365895284368,64.01870369194255
106,71.0157132886533,64.01335974256013
106,70.99284426633446,64.01787339811352
106,71.0249171856568,64.00118303480635
106,70.99530651788517,64.018875100469
106,71.0110664069523,64.0061275600481
106,70.98630923060173,64.00223257681138
106,70.99576249765147,63.98905958686892
106,70.99934061260223,63.99905253562506
106,70.99629819239101,64.01296427969578
106,70.99893522080535,64.00647645369641
106,70.98687538559584,63.991872709234066
106,71.01134140961805,63.99978555719003
106,70.98395268397324,63.98782845301668
106,70.98392074474405,63.98536958286666
106,70.99934061260223,63.99905253562506
106,70.9958812054192,63.97811852488495
106,70.99284426633446,64.01787339811352
106,70.97564634599497,64.00073319621521
106,71.01902410966582,63.99501115024594
106,71.00756147730499,64.0010796600119
106,71.02217094217183,63.99935542389008
106,70.9874746979379,63.99529631677947
106,70.98458519529345,63.995268106424525
106,70.98566501748073,64.00646930561683
106,71.00518442575662,64.0000576697194
106,71.00041388323619,63.97606124725136
106,70.98651483118795,64.0033427327496
106,70.99218825823567,63.98513689751923
106,70.9890038150825,64.00342254648814
106,71.01495850812306,64.0148535573156
106,71.02217094217183,63.99935542389008
106,70.98566501748073,64.00646930561683
106,71.00811988853782,63.989954158055134
106,71.01497849418455,63.997497488224404
106,71.02069416267739,63.988245096090694
106,71.01728236107807,63.995359022485104
106,70.98508736000683,64.00584300978198
106,70.97772703141857,64.00372668852144
106,71.01336660416952,64.02010119887059
106,70.99576249765147,63.98905958686892
106,71.00821671918004,63.99797554518523
106,71.01532498520162,64.00357531479263
106,70.98608915571658,63.98505492986282
106,70.99908008317625,63.99067335228065
106,71.01081896520253,63.980146005825844
106,70.99268109390977,64.01512619783549
106,70.97743871145589,64.00284700822702
106,70.97758003050095,64.00502301876982
106,70.98508736000683,64.00584300978198
106,70.98401565431864,63.98352105533865
106,71.01623932894341,64.00066751058657
106,70.99218825823567,63.98513689751923
106,70.98415227590107,63.98805184405767
106,71.00548724757654,63.993082607533864
106,70.98260353777809,64.01138371785034
106,71.00919287133519,64.00823900736398
106,71.0002930212015,64.01432497124772
106,71.0249171856568,64.00118303480635
106,70.97918524056273,63.99099609009019
106,71.00809700264608,64.0094837835013
106,71.01102227301728,64.01227015994164
106,71.00548724757654,63.993082607533864
106,70.9825657478771,63.99832915428066
106,70.98630923060173,64.00223257681138
106,71.00766702683954,64.00824902624275
106,71.0130007247263,63.98781291055015
106,71.02049527874362,64.00155921237138
107,70.99791517391641,64.01152257401127
107,71.00521480637838,63.98372050473778
107,71.02427030371217,63.996649361637935
107,71.00766702683954,64.00824902624275
107,71.0134674199141,64.00776796693363
107,71.00518442575662,64.0000576697194
107,70.9890038150825,64.00342254648814
107,71.02166794469986,63.992361726666424
107,71.01495850812306,64.0148535573156
107,70.97564634599497,64.00073319621521
107,70.97743871145589,64.00284700822702
107,71.00751066639616,63.97947528206637
107,71.00809700264608,64.0094837835013
108,71.01292447376238,64.01348677997562
108,70.99934676874184,64.01760194543188
108,70.97897381650787,64.00093134988526
108,71.01875914944993,64.01374305843059
108,71.00561393664131,64.01922087466468
108,71.00152752456778,64.00625683552245
108,70.99002683185746,63.98697044803746
108,70.99183515200222,64.00426552629263
108,70.9940826582084,63.984347723640255
108,70.99268109390977,64.01512619783549
108,70.98415227590107,63.98805184405767
108,70.9803373776441,64.00040421747131
108,70.98324395894983,63.982654766561595
108,70.98223713850724,63.99107319922921
108,70.98149586637061,63.999093954235114
108,70.98392074474405,63.98536958286666
108,71.01047409212414,63.99136405873279
108,71.00959401872227,64.02252348767333
108,70.98630923060173,64.00223257681138
108,71.01495850812306,64.0148535573156
108,70.99098964748417,63.99561415799867
108,71.01875914944993,64.01374305843059
108,71.00143646420744,63.978411064932224
108,70.99480882938464,63.987975218782324
108,70.99893522080535,64.00647645369641
108,70.99339544849137,63.98881828964373
108,71.01495850812306,64.0148535573156
108,71.00933682299663,64.0128105482609
108,71.01497849418455,63.997497488224404
108,70.99186595107165,64.01575437458948
108,71.00919287133519,64.00823900736398
108,70.99684798582224,63.98887195036369
108,70.99002683185746,63.98697044803746
108,70.99934676874184,64.01760194543188
108,70.9940826582084,63.984347723640255
108,70.99629819239101,64.01296427969578
108,71.00994593461168,64.00706964492001
108,70.99186595107165,64.01575437458948
108,71.00933682299663,64.0128105482609
108,70.97855169589296,63.98865191908742
108,71.00958045264173,64.01310480073336
108,71.01657797459067,63.999772206179486
108,70.9940826582084,63.984347723640255
108,70.9957237012447,64.00135271103623
108,71.00773487941217,64.01772155829308
108,71.00370923321094,63.99084702680325
108,70.98088360795388,63.98638422895742
108,71.0117425146062,63.99171808941867
108,70.98930132034165,64.00361057951635
109,71.01297085368827,64.01252918451621
109,71.00374207372101,64.00196839312673
109,70.99457707365838,63.99439225044856
109,71.01471131120276,64.00514413276643
109,70.97758003050095,64.00502301876982
109,70.99724097304387,63.97849583786079
109,70.98458519529345,63.995268106424525
109,71.00756147730499,64.0010796600119
109,71.00773487941217,64.01772155829308
109,71.0091370818107,63.987267331653406
109,70.98565220198383,63.997481669556436
109,71.00751066639616,63.97947528206637
109,71.02049527874362,64.00155921237138
109,70.99254198400486,64.01841171466708
109,70.99530651788517,64.018875100469
109,70.99188730563877,64.02167867333158
109,70.98580777118205,63.98616979911102
109,71.01604545246039,64.01900113341111
109,70.98580777118205,63.98616979911102
109,70.9866229665901,63.986548019388835
109,70.98559024820875,64.00771495049206
109,70.97918524056273,63.99099609009019
109,71.00600479761073,64.0089130409572
109,71.00751066639616,63.97947528206637
109,70.99339544849137,63.98881828964373
109,70.99927454566239,64.01511686525369
109,71.01146513599039,63.99055013559311
109,70.99252619126909,64.0161163867704
109,71.0134674199141,64.00776796693363
109,71.01355424279785,64.01321378066999
109,71.01532498520162,64.00357531479263
109,70.98395268397324,63.98782845301668
109,71.0117425146062,63.99171808941867
109,70.98088360795388,63.98638422895742
109,70.9807868589124,64.00752501023435
109,71.01669192850234,63.9982731523859
109,70.98786406120031,64.01131005475317
109,71.0014716496777,64.0156241894108
109,71.00338004850899,63.99047807498108
109,71.02049527874362,64.00155921237138
109,70.99338951850827,63.9980770557662
109,70.97918524056273,63.99099609009019
109,71.01413428749717,64.00933052722397
109,70.98088360795388,63.98638422895742
109,71.00312524257771,64.01892325720407
109,71.00600479761073,64.0089130409572
109,71.02271955338598,63.992778217957444
109,70.99002683185746,63.98697044803746
109,70.98508736000683,64.00584300978198
109,70.99775976604765,63.993739366826176
109,70.99775976604765,63.993739366826176
109,71.00994593461168,64.00706964492001
109,70.98696116028212,63.997794757639106
109,70.97772703141857,64.00372668852144
109,70.99910993443035,64.02309843025965
109,70.98413815046747,64.00217934891594
109,70.99268109390977,64.01512619783549
109,70.98687538559584,63.991872709234066
109,70.9890038150825,64.00342254648814
109,71.01704684489783,64.00544580746497
110,71.01495850812306,64.0148535573156
110,70.9922125142682,63.985393667782915
110,70.99927454566239,64.01511686525369
110,70.99682958422972,63.98695171440382
110,70.97855169589296,63.98865191908742
110,70.97897381650787,64.00093134988526
110,70.98401565431864,63.98352105533865
110,71.00695017725236,63.989715140373654
110,70.98254154853713,64.00841393081768
110,70.99191838213387,64.0144048054323
110,71.01047409212414,63.99136405873279
110,70.99338951850827,63.9980770557662
110,71.02271955338598,63.992778217957444
110,71.01911557795188,64.0116902136588
110,70.99576249765147,63.98905958686892
110,70.99028556901773,63.97880124013918
110,70.9988286929496,64.02420426842053
110,70.98413815046747,64.00217934891594
110,70.97743871145589,64.00284700822702
110,70.98170945288297,63.99646458566345
110,70.99348734414171,64.02245056728566
110,70.98829144125148,63.99806061470055
110,70.99254198400486,64.01841171466708
110,70.99893522080535,64.00647645369641
110,71.00994593461168,64.00706964492001
110,70.98023223771006,63.98854427822952
110,71.01902410966582,63.99501115024594
110,70.99457707365838,63.99439225044856
110,70.99775976604765,63.993739366826176
110,71.00461004036066,64.0016466423417
110,71.00152752456778,64.00625683552245
110,71.00821671918004,63.99797554518523
110,71.00809700264608,64.0094837835013
110,71.02049527874362,64.00155921237138
110,71.01604545246039,64.01900113341111
110,70.99670910192305,63.979833812816906
110,70.99098964748417,63.99561415799867
110,71.01081896520253,63.980146005825844
110,70.99517614224952,64.01579330636982
110,70.98687538559584,63.991872709234066
110,70.98223713850724,63.99107319922921
110,71.01604545246039,64.01900113341111
110,70.97923867530228,64.01052653085084
110,70.98170945288297,63.99646458566345
110,71.01413428749717,64.00933052722397
110,70.99934061260223,63.99905253562506
110,70.99338951850827,63.9980770557662
110,71.0157132886533,64.01335974256013
110,71.00338004850899,63.99047807498108
110,71.00206036741778,63.98288648159787
110,70.99342765092898,64.00712834419096
110,70.99373539757855,64.00013805046474
110,70.98565220198383,63.997481669556436
110,70.9803373776441,64.00040421747131
110,70.98786406120031,64.01131005475317
110,71.01146513599039,63.99055013559311
110,70.98930132034165,64.00361057951635
110,70.99480882938464,63.987975218782324
110,71.00919287133519,64.00823900736398
110,71.0249171856568,64.00118303480635
110,70.9958812054192,63.97811852488495
