gene,x,y
1,64.01901177062204,80.98803762401127
1,64.01182929267655,80.98971991745027
1,63.97638820338095,81.04226343068275
1,63.97897197121448,80.99173009611508
1,63.97631007200109,80.98205292914275
1,64.01147393951446,80.97576815339082
1,63.96565853261833,81.0193874508857
1,64.00013161544054,81.02867762210975
1,63.990685361137814,81.00918357778464
1,64.02186563880647,80.96135313273808
1,63.989137904964785,81.02937933660435
1,64.02537265853542,80.97724069961178
1,64.04181684616431,81.00050182878667
1,64.01804624029569,81.00355110423698
1,63.991293637342075,81.01018077986821
1,63.982226134949215,81.00243498348759
1,63.971270731279326,80.9810692653913
1,64.01744393486703,81.02493878738439
1,64.04087380292685,81.02192471919959
1,64.01100261967143,80.9541984247413
1,64.04831314003192,81.01163675686506
1,64.01457251217863,80.96030120192762
1,63.9625896931386,80.99868997868093
1,63.97115235548644,81.00518058287554
1,64.01948978807067,81.00522632515602
1,63.99186583108973,80.98273770646013
1,63.98824651030683,80.95716984151444
1,64.00448810374063,80.98830577224322
1,63.98625751825998,80.96900573005114
1,63.96382312058559,81.01651295792378
1,63.98033673759167,81.00261299359407
1,63.963525863969096,80.99521197010881
1,63.98685595073359,81.03298952447066
1,64.00293297909397,81.02175301463048
1,64.03512567664535,81.02588085870735
1,64.01570644169671,81.00028458354605
1,63.97790163953557,81.00771079890957
1,63.980589810415246,81.02337606297102
1,63.97739878145489,81.02897820429311
1,63.99386854249223,81.03265601594964
1,64.03973639520498,81.00626854916781
1,64.00214159542345,81.00169209780739
1,64.00617138421538,80.99121220152212
1,63.9697520202638,80.98420748067954
1,63.983133981265276,80.99772851067084
1,64.00036968305979,80.95491329758433
1,64.02797250049775,80.97211328858403
1,64.01553045981257,80.96540121602757
1,63.985738774094244,81.01310356882124
1,64.02434610295778,80.95748831882527
1,63.99727796333756,81.01357951430732
1,63.97531251932608,80.99755646092268
1,64.0206631255728,81.01645276424185
1,64.0082252376591,80.96834116543171
1,63.993075497334296,81.01554198036584
1,64.01602195423864,81.02120844446287
1,63.98054586229815,81.00616164256259
1,64.02563685589122,80.9633059695719
1,63.96253458064419,81.00391654060655
1,64.03143749753669,80.99368832928306
1,63.98818458844439,80.96863086458829
1,64.01759128891764,81.00726858948904
1,63.973620128873186,81.03331806563286
2,64.02791111075334,80.9865707332385
2,64.0118144420505,81.0215534685138
2,63.983057234394124,80.98648686918095
2,63.96159842382427,80.97816461818104
2,64.00904699247181,80.99316655389535
2,63.95654735826697,80.9883077317681
2,64.00209239816262,81.02438010895105
2,64.01448322852475,81.01336637295687
2,64.01544095200374,81.03157664861416
2,64.01169362383897,80.99808666532935
2,63.98113862532732,81.00896917404836
2,63.987602629797884,80.97520161036392
2,64.04342464329117,80.98894759316224
2,64.00586347251497,81.01651336170846
2,64.04456126958746,81.02037756382967
2,63.970539943822644,81.01358924728163
2,64.01458468427327,80.96753851637544
2,64.03797621600836,81.0259061801041
2,63.972184927836246,80.99211907168448
2,63.982717287736726,80.98021306071438
2,64.02732934491293,81.00206840618428
2,63.9909931924352,81.00457801626555
2,63.9844807902651,80.96673015136344
2,63.991021382474386,81.0193935728171
2,64.01418070732645,80.99055319398529
2,64.03229516503822,80.9925062774122
2,64.0169009744132,81.01779179978193
2,64.02096787138075,80.9939195117996
2,64.03608783364564,80.96909240857735
2,64.01476481506492,80.98384925004753
2,63.989944313097446,80.9756060627295
2,63.98443697892633,80.99274625245005
2,63.98686081435294,80.99618114085047
2,64.00483726968055,81.00772714464881
2,64.00273129915837,81.01344690481872
2,64.02673862125795,81.00272329443494
2,64.02797482717867,81.0251008253036
2,64.00909566230465,80.97078432320404
2,63.990641319581584,81.01774951110043
2,64.02519458888672,80.97585076663157
2,64.02368722556591,81.02502893039157
2,64.00258013378765,81.00954148118247
2,63.97744402571218,81.03108800110405
2,63.986627568117505,81.00529054449188
2,64.016302016825,81.02724399611738
2,64.04538523867383,80.98724502992572
2,63.998168638947206,81.02003805571707
2,63.96607222427664,81.03082819044249
2,63.97757410064689,80.98443175011745
2,64.01537429997195,80.95913768332916
2,64.00965735340927,81.00564821893299
2,63.986651207340316,80.97708438770843
2,64.00188852705816,81.01201895067872
2,63.98879299463921,81.00449219419039
2,64.01873422353859,81.03989668243744
2,63.98947067475705,80.99609546952072
2,64.01936845683665,81.02677524504588
2,63.99328331807095,80.95370819804431
2,63.97475321663242,81.00948373314898
2,64.02457756847602,81.00149851113243
2,64.01732353869345,81.00174373313476
2,63.96919360962678,80.97102037947721
2,63.9814851727337,80.98691787889464
2,64.0052631748052,81.01313797360491
2,64.01005875318425,81.03682146246211
2,64.00095360059402,80.99038837536426
2,64.01999441241016,81.0145169399242
2,64.01756179022699,81.00398106928223
2,63.97014907125682,80.98679140888493
2,64.00205485631503,81.02541326125906
2,63.995882485156834,80.97800155644582
2,63.986469102768964,81.01175058738912
2,64.04272176325823,81.01346792704656
2,63.99214116890347,80.98375806350262
2,63.97166317823296,81.00714221757379
2,63.99905445277303,80.99917285533765
2,64.00995477252152,80.97936463685804
2,64.01492971187257,80.9732654037072
2,64.01297425093898,80.97423948289777
2,64.00619927999698,80.96683107812818
2,63.981347926388175,80.97428777173135
2,64.00027643689484,81.0001109618261
2,64.0110496888536,80.99073667654221
2,63.98647745053237,81.0132370150548
2,64.02357760674428,80.98621438320416
2,64.00557998524124,80.99328868940334
2,63.9982440480972,81.01992994531521
2,64.0016181630291,80.97942213720275
2,64.00783426349946,80.99750610483608
2,63.99184614632333,81.0332487445769
2,63.99531503254705,80.99330952146352
2,64.01567705229463,81.02407568167062
3,63.992814964897455,81.01190938238773
3,63.9823690018055,81.00084025712152
3,64.03085791105747,80.98349237197414
3,64.00441576652837,81.02285752673923
3,63.95858490570268,80.9907748866408
3,63.98058749248791,80.97743564653119
3,64.0148299628648,81.01652692373978
3,63.994918638918854,80.98859380387817
3,64.0396989441842,80.97787519955455
3,63.98282591790767,81.0176849466568
3,63.98554833531074,81.03132203657249
3,63.98245521891274,80.9822577600626
3,63.98824010278965,80.9594977999931
3,64.01645511948328,80.96620002657603
3,63.989809674818076,81.0470517967691
3,64.01118655656703,81.03310085175362
3,63.97449402471144,81.03828807784785
3,64.0341103455336,80.98584375830742
3,64.02647283188558,81.04143945047642
3,63.964781658636305,81.01913995595626
3,63.97238593148099,80.97498512155506
3,64.0189815899092,80.99656730004317
3,63.9804725910915,81.04146501325202
3,63.98336525983309,81.04602765836752
3,64.03936891470032,80.98614285038389
3,63.98647745053237,81.0132370150548
3,64.04002599912378,80.98269213777385
3,64.01209663895176,80.9928839783862
3,63.95957983420221,80.98250552953903
3,63.99946508684562,80.97399611368675
3,64.01990310198089,80.95542175628819
3,64.03813464134763,81.01670737004233
3,63.99036238524437,80.97892557736269
3,63.97353566612231,81.01615722929647
3,63.99617626548464,80.96908879363588
3,64.01714950386472,80.98330053745029
3,64.00185932865205,80.99096215864874
3,63.998387684996246,81.03663551197613
3,63.99647564477984,81.02354597944728
3,64.02829245880639,80.97449734184829
3,63.98199981574921,81.01464764224282
3,63.955353332720215,81.01068193166411
3,63.98020509303189,80.99783468287694
3,64.04347430837316,80.97772618464498
3,63.972680459824446,80.96079473391359
3,63.98611367409954,81.01976395553002
3,63.990756240094285,80.99624124203737
3,63.98810358973441,81.01029147653277
3,63.999769773705864,81.00954240176621
3,64.00796362546826,80.97124277037192
3,64.0132379909347,80.99871980748439
3,64.00846250107226,80.97988222065526
3,64.04099694879541,80.98298153237478
3,63.99646611547218,81.03058703752866
3,63.98044684296549,80.96013132951065
3,63.95507513893864,80.98438781385941
3,63.9889947298357,81.02131596101022
3,63.992590241513646,81.02783651168934
3,63.99526849480349,80.96198649908696
3,63.97400402833875,81.03134908189607
3,63.991137665581896,81.00789829237829
3,64.01650710294005,80.97055958535996
3,63.99541555519404,80.99834182979622
3,63.99799080394492,80.9901932195692
3,63.99795463477873,81.0232079677888
3,63.97966589600549,80.97176556371805
3,63.99268697412689,80.96934925637407
3,64.00429848188988,80.99587084914414
3,63.99139432058186,80.9780807221043
3,64.04165380394997,81.02013453394964
3,63.96931540282821,80.96863264112105
3,64.00459647672025,80.9972373897083
3,63.98435415159028,80.9584044723423
3,63.97111087051921,81.00522437802123
3,63.988744621727484,81.04438356940864
3,64.03654246914024,81.01941760344204
3,64.01169362383897,80.99808666532935
3,64.04410309250628,80.99501832481845
3,63.99032199140369,80.982250047061
3,64.0048279487673,81.04575702469279
3,63.980141519636405,80.95994347615103
3,64.01165736774979,80.98213048504485
3,64.0132591702172,81.01619777298218
3,64.00977368817826,81.02933910743208
3,63.97691310226138,80.96174862177864
3,64.04363179665873,81.00884367474819
3,63.95924076426072,81.01716199167834
3,63.980646873984185,80.99977558860748
3,63.97424273883038,80.96245483859235
3,64.02165168497612,81.02836860669034
3,63.99240431026046,81.04274507346035
3,63.98872999896951,81.02232346599295
3,63.989834378601074,81.00695606225263
3,63.980358715476186,80.98065613887786
3,63.98351985557688,80.98915229229709
3,63.99300436062659,80.96440328793815
3,63.96542732975411,80.99551181717077
3,64.00858165061547,80.9810364939234
3,63.999141584392994,81.00874288586063
4,64.0143469002646,80.98323528135478
4,63.955128713503754,81.01958657703136
4,64.02314238718802,80.95989001459945
4,64.0086898410055,80.97459143965116
4,64.02016818439367,80.96106225782158
4,63.971292222955896,80.97951439809607
4,63.97869450491994,81.00193845516485
4,63.984883783541086,80.96751802910856
4,63.9591006464684,81.00523267622759
4,63.970780737273,81.01139881024368
4,63.97245913226318,81.01685380688913
4,64.03291353296059,81.0099835550597
4,64.01591804617844,81.00527525383946
4,64.00054363430434,80.98814227312292
4,63.969499401975334,80.96764717800991
4,64.0394496642796,81.02562481476755
4,63.99059189013072,81.03463614937871
4,64.0156557763502,81.03926344114232
4,64.03791590301746,80.99776596630011
4,64.01421352402946,81.02042912088193
4,63.98342182634499,81.00868234654624
4,64.01539862499487,80.9587617380311
4,63.96872391240886,80.98559906812264
4,64.00425872279335,81.01571375257178
4,64.03119973595412,81.03316683905176
4,63.996961958744045,81.00491536935832
4,63.989096408299424,81.00095038339033
4,63.965405926907465,80.9666841236647
4,64.00464665389589,80.95098688502121
4,63.992841655531784,81.01420663227586
4,63.977758686754804,81.04362308730985
4,64.01262355145602,80.96896270211533
4,63.965297527332936,81.02872008667899
4,63.98326313601256,80.9563575373884
4,64.01636772512215,81.02601399531233
4,64.01514681338381,80.96522123730388
4,64.02467039028691,81.02193910025987
4,64.02004068544925,81.02402419859473
4,63.98448988117758,81.01331146682203
4,63.97939482013574,81.01742014631068
4,63.993582275215374,80.95244039256538
4,64.02440676852241,80.98225797744298
4,63.970109111249975,80.97021551076445
4,63.99289664679228,81.01293154924609
4,63.97397334504051,81.00746935061291
4,63.98852989127513,81.01179178861597
4,64.01226524953367,81.01840609596714
4,64.04015901582856,80.98315698183342
4,64.00332227174275,81.03872742559285
4,64.04797055274099,80.99397493597021
4,63.98346075763607,81.03616937548661
4,64.00935994743305,80.97727243920886
4,64.03219718632072,80.98030644258934
4,63.978680700276186,80.98540915365186
4,64.01268183546054,80.98140424553011
4,64.03138152634378,81.02722593416495
4,64.03815006350375,80.99241489125363
4,63.985886018322454,81.01748162620638
4,64.01794996285973,81.02409533940096
4,63.99709752250348,81.00987560717512
4,63.96355253345568,81.00970408071024
4,64.02115127656361,81.00754303771994
4,64.04510628975773,80.98210035797854
4,63.996867086486084,80.98167047791493
4,64.02054278642377,81.02146020677542
4,63.984198250766795,81.02206279581905
4,64.00414088551881,80.97154274955788
4,63.99492442330742,81.01418594843787
4,64.00068802454817,80.96117284348566
4,63.99845447055493,80.95333583740653
4,63.98960858131621,80.95273331691077
4,63.999500475587894,80.99697941522788
4,63.9788061596216,81.02585631924062
4,64.00211768730387,80.99269748939334
4,64.00117483236329,80.96546621355594
4,63.98971438758102,80.98866251312523
4,63.98138323026239,80.96710370339395
4,64.03183737360384,81.02918601213612
4,64.01078088966248,81.00248271376336
4,64.00966788046674,80.98176804170029
4,63.987724028093005,81.0193453916586
4,63.98327571721671,80.98453308782949
4,63.992732034971525,81.0393375865767
4,63.96927534038744,81.03276465087096
4,63.97540094156488,80.98579685803838
4,64.00169975323178,81.00910326922866
4,64.03561610413131,80.99773155675528
4,64.0346658489833,80.99395758858583
4,64.03018472837991,81.00497593005056
4,64.02015802406547,80.99903017582962
4,63.990279856086275,81.00087166676258
4,64.02448673082624,80.98835387298745
4,63.98897825796244,81.00098853995684
4,63.99874375770837,81.01919407499058
4,64.0470098857858,81.00503176137188
4,64.01590344314656,81.03974382506047
4,63.98366898792278,80.95540767650543
4,63.96197872466415,80.97820804349342
4,63.963220313861285,80.982625845038
4,64.00623785124269,81.00105004606678
4,63.98629924827914,80.95664428974322
4,63.96349751086745,80.97509424039
4,63.99442748724642,80.96311651588542
5,63.95117282373004,80.99257091139762
5,64.00326586957036,81.0192549234849
5,64.01124525556307,80.98145797300383
5,63.97399885545627,80.96229327547655
5,64.02382330360516,81.03181306103724
5,63.998103665939816,81.03725217476011
5,63.9892570021719,81.0009785904493
5,64.00966131862805,80.98159919382122
5,63.967204472750346,80.986043002433
5,64.02732159007141,81.00081600221792
5,64.00667795547764,80.9984774646832
5,64.03307705653316,81.02167044583214
5,63.98818585923691,80.97238292651215
5,63.997829705474025,81.02952087394762
5,63.99441078640423,80.98853536750156
5,64.03921548380818,80.98543606219332
5,64.00780370071098,81.01661853397397
5,63.96562537369377,80.99581337615226
5,64.0238935711217,80.98136872357014
5,63.981540271646125,81.0412941310011
5,64.02761545741622,81.0108244376257
5,63.9660302768842,80.97721909205575
5,64.02183098383168,80.9986938547075
5,64.02879004354376,81.00853035317371
5,64.02395659709025,81.04179972225735
5,63.97745512122385,81.04274222391238
5,64.02061123822023,80.98646229189423
5,64.03390892848226,80.97575191400804
5,63.98154582922415,80.99894775094837
5,63.98822029374709,80.96209350831937
5,63.9545970119549,81.00532761167327
5,64.00963340930652,80.98692047082855
5,64.00087506883358,80.99351718077091
5,64.01484343706208,81.00958124422588
5,64.01816785825103,80.99931198372136
5,64.00987965597078,80.95626581709166
5,63.95242836191909,81.00256159957758
5,63.97916191144743,80.96235778797977
5,64.020560113882,80.98642501832067
5,64.00820007245811,81.02008008492358
5,64.03169074344845,80.96435139618539
5,64.00233322167628,81.02044516289521
5,63.97352497198547,81.02889693898189
5,63.99459397646487,81.03202820433086
5,64.01251566554353,81.03274386786646
5,64.02880333672928,80.97786976176656
5,64.00069881730506,81.00550967854696
5,63.95961412676751,80.98895100369606
5,63.966847076769135,81.02104077433053
5,63.996361773431744,80.96877652105884
5,63.97302008205365,80.98898257054368
5,64.02137495157137,80.98150763444606
5,63.986664196911796,81.025831994627
5,63.96401328370233,80.98583420253618
5,64.01637773619746,81.01127400614335
5,63.97897197121448,80.99173009611508
5,64.03470674633611,80.9905182791507
5,63.95713335142714,81.0069627022274
5,64.03522158207258,81.00573843159668
5,64.03669864916372,80.98307406217114
5,63.985646151981754,80.99465483554854
5,64.04438246962998,81.00903416877046
5,64.01510119255202,80.96337274325055
5,63.970927892228055,81.03706186715877
5,63.99031486299394,80.9978674956206
5,64.01192060053218,80.98063663043861
5,63.975571767068914,80.97026963278253
5,63.971771279761214,80.96921007497173
5,64.02247437731039,81.02909750299288
5,64.01677026661402,81.03509119119286
5,63.970129768082614,81.0362443032216
5,64.00404965901632,80.98308746868682
5,63.96706276362425,81.0132820978898
5,63.96643607089702,80.9997260735235
5,64.0000586059776,80.98291545354115
5,64.00369772847364,80.9788326643878
5,63.95553032409989,80.99740541332945
5,63.997764962160964,81.048041383145
5,64.0210782942192,80.95646817456262
5,64.03677458422875,80.9775394862768
5,63.99520138159545,81.00284946483774
5,64.01404781513206,81.01978464486702
5,64.0410334475336,80.98914500382935
5,64.01117676334398,81.02403034918453
5,63.96237528272206,80.97519261918634
5,64.03660031611071,81.01376007576997
5,64.01485501435013,80.97173955865544
5,63.997796273585095,81.01412103749777
5,64.00795020056177,81.03266526036363
5,63.99631527703949,81.01126211842465
5,63.977058365957475,81.00570731971196
5,63.95935282440069,81.0269908451423
5,64.01098736924426,80.97709742261775
5,63.965283893114034,80.96726553891321
5,64.00171072499347,81.00728142334695
5,63.99172252778152,81.02697490864252
5,63.99746221151483,81.04608058316985
5,63.99808215287297,80.97984495393095
5,63.97842334282652,80.99635506104524
5,63.98536762344685,80.95452383848345
5,64.00319028779742,81.02851865372477
5,63.95579415935364,81.00054308039384
5,63.97275324118869,80.99330458731221
5,63.963016319068394,81.0056973465838
5,63.96517984661945,80.99468166674927
5,63.96481233500116,80.99288266768654
5,63.98222070497973,81.03306424144398
5,64.01644176451218,81.02197786888004
5,63.99230389509716,81.01360189275
5,63.97492499479224,81.03086230690897
5,64.00984390865543,80.98294497008465
5,64.01630922820232,80.9837771884908
5,63.98411051427328,80.97832059232665
6,63.990614972815486,81.0075131631102
6,63.99648229151986,80.97454531604414
6,63.977822043072834,81.00877716845615
6,64.01131822236546,80.96339943478613
6,63.990374398226585,80.99604621463025
6,64.03722948747176,81.02013129846263
6,64.0081868137984,81.02981685985537
6,64.01813500236626,81.02980458883908
6,64.00618647425914,81.0071896846161
6,64.01561026726243,81.01081777499199
6,64.04431187097559,80.99528042860456
6,64.00289354454588,81.01819067464032
6,63.98704571517566,80.97073647774792
6,64.00681749364801,80.98868189696736
6,63.97999959120128,80.97504544878063
6,63.989096408299424,81.00095038339033
6,64.00352679633595,80.96877414831192
6,64.02304270425765,80.99286896426874
6,63.96342771793045,80.987002756563
6,64.02327262803642,80.98359409069386
6,63.998314598252264,80.99761620213508
6,64.02853109418743,80.98380289067063
6,63.98778707336898,81.00325479765137
6,63.99359405190288,80.98164338552715
6,64.02573827481433,81.00152398245885
6,63.99404555650588,80.99265680541002
6,64.03150411921271,80.97650624305135
6,63.98481731565913,81.02539101300533
6,63.97249689845852,81.01733414499772
6,64.00806921184781,80.96091004890557
6,64.00852908492966,81.0092045567793
6,63.959483156193514,81.00528050318046
6,64.01813415093623,80.99360820868621
6,64.00134558961386,81.03351854790297
6,63.988463974679064,81.01016774026056
6,63.98817774329364,80.99444068020036
6,64.00824664484662,81.01348276960731
6,64.01121838921284,80.9848408233547
6,63.99089236554607,80.9800902163594
6,64.0032643957814,80.95803543699385
6,64.03694125878744,80.98733817181902
6,64.02759382998369,81.0086761539381
6,64.01262956081364,81.00603082082947
6,64.01921588339161,80.98003739860317
6,64.04218537377535,81.00919268915189
6,63.97705763785767,81.04373384775006
6,64.0153477565844,81.0331006320768
6,64.03857531537783,81.0310538687183
6,63.972242048895744,81.00980103711146
6,64.02045710071202,80.99328785322965
6,64.02245261811403,80.98549609733125
6,64.02914677069367,81.01610169880607
6,63.99451021736729,80.95804578500871
6,64.02168757781452,81.01999001224253
6,64.00613548387581,80.98434350125358
6,63.969299151127665,81.03518574187908
6,64.01250177316494,80.97345734828197
6,64.00307842889195,81.0056172934319
6,63.99368576942709,81.01089399769451
6,64.00832567726522,81.01514591506977
6,64.00133040019485,81.0161561021885
7,64.0132379909347,80.99871980748439
7,64.02401326721073,80.98390859585635
7,63.992217908861605,81.0324569186221
7,63.98667708376733,80.9641488325324
7,64.00323787696574,80.9571843658087
7,64.01334749675262,81.00017440429748
7,64.00145757961596,81.02349048975077
7,63.97317734702224,81.01100670369806
7,63.985566019797695,80.98544658633848
7,63.99037113951045,80.99216464520288
7,64.02404083985212,80.99136498803568
7,64.007368782673,81.04286508002097
8,63.990008119184516,80.9920073283782
8,63.98303378122925,81.04136122118386
8,64.03378477782711,81.03671116070255
8,64.00750674316959,81.01522643357156
8,64.00899748074374,80.99083086808507
8,63.99590021994654,81.01615087944414
8,63.987747817767726,81.00555783537573
8,63.99010393950292,80.98982657543623
8,64.03793644999139,80.99883214667102
8,64.02930563883079,81.01797265259539
8,64.00918507447038,80.9791286709369
8,63.97790163953557,81.00771079890957
8,63.995882485156834,80.97800155644582
8,63.97370155482796,80.99421493610133
8,63.996075066044604,80.9790050525473
8,64.03255569792793,81.03197168141364
8,64.03449533589213,80.96672486478157
8,63.96508381255159,80.97996991096282
8,63.98419524128712,80.95989724572023
8,63.99827488394379,80.98911207914315
8,64.0081890449761,80.96782210877561
8,64.0094129197093,81.01533919848383
8,63.98540319037379,80.99062210433975
8,63.992137063539396,80.99476924125416
8,64.01635887137948,81.03163648725622
8,64.04611822118119,81.01529632948841
8,63.98926140551448,80.95687434324405
8,63.96659739064947,81.00967380366477
8,64.01698292024695,81.00309455863764
8,64.01450676016779,81.03706113302786
8,63.99564900336014,81.01380309952128
8,64.03090834513114,80.96335891765855
8,64.01235658733181,80.98770187306064
8,64.04565258155742,80.99356687403872
8,63.95946281284552,81.00364842191125
8,64.04293204022899,81.00970491074015
8,63.97497050350233,80.99173546031797
8,64.01466192534063,80.97937937845656
8,63.99691734006571,81.02653502288238
8,63.987343385634304,80.99333242144004
8,64.03926673784055,80.98014072963501
8,63.99177545462128,81.02821057260952
8,63.951084855108824,81.00262993706633
8,64.0275796088091,81.01107778267334
8,63.98223597074567,80.96187538208449
8,64.02099342299564,80.9923099262686
8,64.00118068797141,81.02593903280395
8,63.95554131169804,81.0093971076514
8,64.02161269028653,80.99037093419248
8,63.986575425101094,81.00391355480423
8,64.01837972443934,81.0195398078756
8,63.9871442739622,81.01203063970495
8,64.00794098430147,81.0260860162852
8,64.027030635858,80.97101663864915
8,63.99492442330742,81.01418594843787
8,64.02749446443286,80.9639060926532
8,64.04669939835516,80.99170681531498
8,64.02469145197664,81.01875410020004
8,64.0250404480558,81.03366665815504
8,63.98070304196667,80.96369618730604
8,63.98595530459115,80.9821647580373
8,63.994038527977295,80.96599767182498
8,64.01007844770662,81.00362299943082
8,63.96327489271648,81.0212094666178
8,64.01614421721533,81.00279173598193
8,64.02089184188048,81.03447581193822
8,63.98778972369384,81.01137413199784
8,63.99156015871716,81.03838654532707
8,63.99824529581877,81.04962406401627
9,63.970003740930125,80.99618887076144
9,63.996798368212595,80.96183193068836
9,64.03202640953873,81.0377142283389
9,64.0019557777344,81.0436940301301
9,64.03816864209425,81.01315666571392
9,63.974240476912215,80.96549836427573
9,63.97640818747728,81.04405786506844
9,63.98761494623081,81.03275220210013
9,64.04228153477251,81.00751504617229
9,64.01955504910833,80.99246579538782
9,64.01172976874733,80.95927989212092
9,64.01831254892039,81.0352449748346
9,64.00786719810814,80.98421655449253
9,64.03172353353419,80.99745562504062
9,63.96900652974175,80.99286652976308
10,64.00005835962239,80.97361524639088
10,64.01347280987503,81.01312965649002
10,64.00379042309315,80.95580721277231
10,63.98593022032165,81.02435784074967
10,63.987300094395486,81.00839204621845
10,64.00137716349396,80.98149049289971
10,63.98052024779126,80.95527274916718
10,63.9965560358472,81.00005922022643
10,63.99839969986173,81.00908767469605
10,63.97477768476418,81.0148772462552
10,64.01287716164097,81.00377840947256
10,64.00539664401235,80.99721475861485
10,63.995966336377734,80.9973096862077
10,63.99686485672949,81.01567629510296
10,63.98632075546607,80.96808507343884
10,63.985521854955564,81.01376419542349
10,64.00884365925158,80.99578463225005
10,64.01248248345904,80.98204169318062
10,63.9641770763563,80.9877297549618
10,63.97936848463831,81.00969472294683
10,64.0130599390322,81.04286667430976
10,63.988232677952105,80.98529725719199
10,64.00997484234402,81.03073351779028
10,64.02128025658763,80.968642303226
10,64.00332227174275,81.03872742559285
10,64.03319359421945,81.00012316043026
10,64.0111211609208,81.00098453577198
10,64.00582304784507,81.03282754475418
10,63.99585646242787,80.99281800078543
10,64.02429123582438,81.01255041680294
10,63.998990178944474,81.01397700130417
10,63.98811053890205,80.99925643304931
10,64.0433119547874,80.99936695613168
10,63.95226264165969,81.00238739705951
10,63.96127767977228,81.02386598482481
10,64.01527536413725,81.01904338409622
10,64.00683247851067,80.9681050601458
10,63.99644409801139,81.00584441192619
10,63.96401328370233,80.98583420253618
10,64.00549484606685,81.04418969847102
10,64.00557656875898,81.01127293835462
10,63.992839593476376,81.01311007515132
10,63.98833949163676,80.98221962489362
10,64.00192578987915,80.98369237166156
10,64.01363488988405,81.00982958816554
10,63.984273529491965,81.02682062950419
10,64.01352675439699,80.98167240471359
10,64.01054622309165,81.00484443012631
10,64.0122417312206,81.02278121998285
10,64.00642486861942,81.01687549579844
10,64.00972226467968,80.977095257452
10,64.0198024740014,80.99475068100318
10,64.01407324531738,80.98088917246389
10,64.01044823327598,80.98110916016665
10,64.02086127961213,81.02619671320741
10,64.00703047128049,81.00904364837967
10,64.00097640952733,81.00819547271986
10,63.95610727451199,80.98581983653771
10,64.00063317313699,80.9967973529349
10,63.98960814127819,80.95754017617938
10,63.980674209806615,81.01288452963627
10,63.96279167237775,80.98795032423035
10,64.00190428282725,80.9706918223838
10,63.98323519980076,81.01813551647543
10,63.98989663608053,81.00354237520104
10,64.01930115336556,81.0157591919854
10,64.01216885898528,81.01725222222652
10,64.00525816036341,81.00769610508954
10,64.02318449752397,81.00712991149949
10,64.01136586521508,81.00981666281913
10,63.97532451960908,81.00180131930276
10,64.0079939679166,80.9860505363833
10,64.02375000262249,81.00253496385996
10,63.96806523080121,80.9895030289322
10,64.04630893498172,81.0068230109991
10,63.95582461028635,80.99668797211159
10,64.01790776262096,81.00978457182333
10,63.968954379726725,81.03187510669468
10,63.984767938277905,81.01273355900916
10,63.98227580381851,81.00643414712422
10,64.00615437758329,80.98149860904834
10,64.00879511523485,81.01202179299446
10,64.0335430063686,81.0210703449472
10,64.0068469108006,81.01426119446414
10,64.00335326546217,81.01973012040496
10,63.99110119009361,80.99734475902744
10,63.98210080589356,80.98985890197802
10,64.0227413220134,80.99040644688169
10,64.04942274828419,81.00406772909272
10,64.00428872955919,81.02012225509995
10,64.00548950627758,80.99817001050792
10,63.965950881183566,81.02282981124897
10,64.00813656939134,81.01573684263762
10,64.00887792058707,80.9847209703448
10,64.0079800755133,80.9938369095196
10,63.97361820170818,80.9761463457491
10,64.00517285574412,80.99722564674845
10,64.00547989024878,80.96794593752784
10,64.00509480647548,80.99854626308856
10,64.00958381079374,81.00473892698908
10,63.99297687014899,81.00615990657406
10,63.967490064130104,81.03218780443208
10,64.00204065619774,80.98864110703896
10,64.00211768730387,80.99269748939334
10,64.0028917502901,81.03832560614288
10,64.01586622723669,80.99383107189786
10,64.01850037323896,80.98892639762036
10,63.99405439722156,80.97050085570511
10,64.01648415259886,81.01271330961754
10,63.98367198598539,80.98253545688044
10,63.96187885621001,80.96921102246503
10,64.00069906764858,81.00351921944758
10,64.00206530756417,80.99956837175279
10,64.04486332765808,81.00243192262386
11,64.00412669615743,80.98560467241558
11,64.00370064950263,81.01616478416493
11,63.976356327906494,81.00878270023405
11,64.0183943057399,80.97392460474819
11,64.03981347142823,80.99923405861524
11,64.02613553676662,81.0121907740364
11,63.96857438220018,81.01049475607593
11,64.00128191567794,80.97479976595174
11,63.98196403287269,80.97931023652676
11,63.98722164076282,81.02078659170675
11,64.03270206165023,81.01325842379266
11,64.04091049901174,80.97463564336819
11,63.95614117353324,81.02365900982467
11,63.98512214735037,81.03395768828581
11,63.96415378997457,80.98105610464994
11,63.9971785966218,80.9771613791244
11,64.01605974757858,80.98872750252184
11,63.96292432224667,81.00107095276255
11,64.04616447351619,81.01239140013287
11,63.95048618956406,81.0024296517761
11,64.0082827289234,81.0039049101583
11,64.02005360678419,80.95516322139254
11,64.0385436558061,81.0015490085702
11,64.03951630855674,80.98429844117119
11,64.01997439076001,81.01282379572066
11,64.02718514571727,81.01228539444833
11,63.99803323983692,80.98762346982669
11,63.988706934603016,80.98215333718284
11,63.9811068859632,80.98387026680163
11,64.0159457786063,80.98897110979831
11,63.9957239044221,80.9900848733264
11,63.99882901561508,81.01840378264025
11,64.00303524161642,81.00471354560653
11,63.98069019754867,80.9589851594525
11,63.9575373238972,81.02077685346399
11,64.0032155646397,80.9987466903311
11,63.9588072729586,81.00601974533032
11,64.01542190185856,80.99285845343333
11,64.0297548759463,80.99485209955078
11,64.00660897434065,80.98486142777945
11,64.01223529531586,81.01670085375207
11,64.00236881745676,81.00122144326465
11,63.9749814899143,81.00422394667521
11,63.99155261220221,80.9974077984323
11,64.01078545513809,80.98101184407996
11,64.01894731798566,81.01628145805216
11,63.978420908263956,80.98718530969592
11,64.04061144215217,81.01349126324934
11,63.9806761806068,80.99521669323661
11,64.02605706481577,80.96208693279138
11,63.996288329621734,80.99021234232174
11,64.03563230023617,81.02240192130506
11,64.03754226169897,81.01775506458893
11,64.04211407893119,81.00102555221292
11,63.96617298029847,81.03645358760603
11,64.00334281027762,80.95437832601134
11,64.01238467284419,80.9990674746583
11,64.03559863701281,81.02895354215958
11,63.964875076736206,81.00541886765944
11,63.96348191371843,81.00245246407421
11,64.02134517555062,81.01199869229578
11,63.959059464573436,81.01395334404157
11,64.01648415259886,81.01271330961754
11,63.996098818573714,81.01464201992187
11,63.984203922881605,81.03166177608276
11,63.97814487540837,80.97546768835112
11,64.03603983639648,80.98601032944893
11,63.96815030055019,81.01866941250927
11,64.01739358223878,81.0268149890546
11,63.98061220021684,80.98647060621775
11,63.971227075844666,81.03618364711855
11,64.02123095444077,81.04130750363409
11,64.00568620380952,81.03058165648832
11,64.04527408266132,80.99210425111309
11,64.02247437731039,81.02909750299288
11,64.01349854018794,81.00839531210048
11,64.01288681025932,80.99659178612875
11,63.99231907914892,81.00235658870497
11,64.01155722447479,80.98023193067161
11,64.00149792984621,80.98429192390478
11,63.97381012398261,81.01361427204341
11,63.99623354521633,81.04477090308008
11,64.03330078812567,81.02891335916279
11,64.03036140526112,80.9795071639518
11,64.03113338262054,80.96528073989514
11,64.00973470569278,81.03225991090827
11,63.987381846892774,80.99884670555141
11,63.96739249434656,80.96448006521166
11,63.97628548669243,80.96701799118686
11,64.02991450704522,80.973486981547
11,64.01614633059124,81.04678463724123
11,64.00153053599058,80.97155283106015
11,64.03596911338249,81.02924011516698
11,64.01825309364291,81.0172692369115
11,64.01561026726243,81.01081777499199
11,64.00688384574154,80.97388143931234
11,63.97745934744774,80.96541934865635
11,63.976698629624664,80.98798295365515
11,64.01999848440727,81.02070400342109
11,63.99656499763163,80.96962245821614
11,63.98540875328248,81.00147887459507
11,63.975850737779545,80.97878870369341
11,63.98905445603554,81.00953311253365
11,63.96504150803439,80.96553086749464
11,64.0300874759691,80.96585738834968
11,64.02544811660685,80.97377746714457
12,64.00199122518036,80.9989496304816
12,64.01168043071348,80.97226758458764
12,63.96006924326005,81.00180515831926
12,63.97492499479224,81.03086230690897
12,63.99812443685225,81.00240598556671
12,63.9974375768569,80.97142653338605
12,64.03980560515906,80.99986419401506
12,63.999668808005154,81.03808803199607
12,64.04644032229136,81.00916495536067
12,63.966595731376756,81.00145364769509
12,64.02062409205523,80.97897362765445
12,64.0279294146871,81.01935164432417
12,64.02727839905985,81.02509590529776
12,63.9922501557509,80.99126900151798
12,63.97056205132115,80.98756545211027
12,64.00020680300254,81.00735003482744
12,64.01473357233606,81.0264723786204
12,64.04662997604214,81.01478440461445
12,63.96784203688239,81.01655128523352
12,63.973055031817026,80.99429171916086
12,63.982029575743645,81.01433823201141
12,64.0085945449602,81.00618008123757
12,64.02096946491477,81.00427666408899
12,64.03910629598718,81.01346634139551
12,63.96960800776949,81.01911728578686
12,64.02483893325277,81.005115151554
12,64.01649387403319,80.99528662858651
12,64.03336962004684,81.03521955741536
12,64.03846409196966,81.0008734560373
12,63.996890934150244,81.01365197984171
12,64.00909566230465,80.97078432320404
12,63.95436353199584,80.9893493001031
12,63.98423747204053,81.04229223142057
12,64.00295698738555,81.04040628522533
12,64.01099974991651,81.00255021732984
12,63.97135302061016,80.96085891878211
12,63.98869702818077,81.04351214692676
12,63.98202907344107,81.03199491374129
12,64.01237623366241,80.99816808267003
12,64.02154942072174,81.0080746368005
12,63.96071549215707,81.02949067857607
12,63.982796465715545,81.00116677844575
12,64.01017779319304,81.01167612585354
12,63.996658051064024,81.01491936917371
12,64.01713632878389,81.0087231641772
12,63.96102024795425,81.00727728094732
12,64.01849092127253,80.99228294197847
12,64.0290199952584,81.00081283101132
12,64.01336018139378,80.99673831449041
12,64.01154756080292,80.99666080673165
12,64.01618992903181,80.99295803636113
12,63.98947557456291,80.96032845426554
12,64.01125215444044,81.04318945879015
12,64.0183796049982,81.03880122581234
12,63.97542060281125,81.01322499739635
12,63.952646412507406,81.0083880185249
12,63.99352344149864,81.01961910831061
12,63.9719435837986,81.01254515982644
12,63.98403370469603,81.00927962094067
12,63.97375994776331,81.02369783660204
12,64.00350555181434,81.00409859421127
12,63.99456451942908,81.0077445361249
12,64.0106074968928,81.0087405757991
12,64.02498988148085,81.0278582809099
12,63.974558608632755,80.95793215377687
12,64.03763698521543,81.02157882924777
12,64.0342801850847,81.02516090736401
12,64.00086672474484,81.02319888619512
12,63.9924859582524,80.96197600100204
12,64.0301572489886,80.96207926922787
12,63.97698797860703,80.96792326216946
12,64.00991485633327,81.00560379676023
12,64.01199425639949,81.0077122800269
12,64.03323013859905,80.99146779587747
12,64.04218727887398,81.000719182587
12,63.98280091870182,80.98937106095214
12,63.99995527721247,81.0020033993397
12,63.99693877411005,80.97113266904171
12,64.00599128266163,80.96292823267108
12,63.98037203707339,81.03615551830934
12,64.00645187196046,80.98202054517725
12,63.97091746732272,80.97967900548382
12,63.99215982311188,81.00961144646068
12,63.996956198791025,80.98875842856367
12,63.99236751598035,80.96886492651942
12,63.99264916864877,81.02009689539614
12,64.01443311354468,81.03077450282204
12,63.99725794245132,80.9998530247198
12,63.995578381951525,80.98936644688234
12,64.01057805236198,81.01548801768125
12,64.03169074344845,80.96435139618539
12,63.99650515840745,80.98565759682751
12,63.969857056962105,81.0373723120207
12,64.02394354172661,80.96988196865773
12,63.99338246592955,81.01573806118876
12,64.01112173363138,80.96142759061843
12,64.00829554303624,80.97422414894952
12,64.01953172611746,81.01632207487235
12,64.03466424662223,80.99407282234871
12,63.965210408500006,80.96624429092512
12,63.96394058057363,81.00113000087157
12,64.01689734472839,81.03104300622749
13,64.00212678138944,80.99740724482932
13,64.03880452905233,81.01768235498324
13,63.968402244592404,81.00966386915567
13,63.971712347618244,80.9628916358424
13,64.02202733266148,81.00231064024382
13,64.03621283172689,81.03178699558772
13,63.97427732328013,81.04027526834473
13,63.97860948537871,81.00255103274506
13,63.97265028669198,80.97994552546797
13,64.02591149070128,81.00288511020271
13,64.02131969505683,81.00123586279243
13,64.0104775152244,81.0238791664613
13,63.96469084036302,81.02299779342292
13,64.02768637180397,81.04074383947577
13,64.01424617494843,81.00898511528425
13,63.96387902550548,81.00843907894482
13,64.01825721484776,80.9602486514624
13,63.96598406719271,80.97934770846811
13,63.96352232287592,81.02391300943468
13,63.96424008148893,80.98525144452711
13,64.00795920063817,81.01420961576035
13,63.98731808137552,80.96273401386546
13,63.99042005734388,81.02096585586419
13,64.02276696485852,80.9968406999608
13,63.9841170304693,80.98692110854336
13,63.98531526508591,80.99304907334894
13,64.00264971130366,80.98026556961773
13,63.960047123519985,80.9858599648931
13,63.95988680583315,80.99574634864616
13,64.01474409951668,80.98687571688573
13,63.987658441329124,81.0480625714154
13,64.02973722162591,80.98130129077424
13,64.02775886237012,80.98952948468218
13,63.9519116079578,81.00957068942601
13,64.02889683615,81.02920795552198
13,63.97542561968425,80.97921343514504
13,63.98790276101052,81.00011717665508
13,63.978735510205546,80.97363001619955
13,64.01893393417492,80.98855374811671
13,63.997845277263266,81.01029844612242
13,63.98454799549088,81.01428717269944
13,64.02219995873557,81.0233179296225
13,64.0234287940834,81.00489514194855
13,64.01843084724757,80.96226133647325
13,64.03354434571705,81.02679547772404
13,64.00368465445048,81.03369756044565
13,64.03817782914628,80.9809070312361
13,64.0339246158551,81.03450398015437
13,64.013998771272,81.04037595093403
13,64.00795083827208,80.96156636664585
13,64.01681342035513,80.96483412131222
13,64.00076106645358,80.9658179084952
13,64.04183634281618,81.01899740202144
13,64.00695012012964,81.02173375058817
13,64.04221646901166,80.9760561032465
13,64.00611891499041,80.994041960094
13,64.00412669615743,80.98560467241558
13,64.02379527411387,80.9738273143373
13,64.00140017057828,80.99168990102612
13,64.02268116150546,80.96015088912853
13,63.98285133466182,80.99606903662041
13,64.02858886726533,80.96479109047898
13,64.04269686895577,80.98268257748988
13,64.0119111433216,80.97301241382796
13,64.02433036460663,81.01253526667824
13,64.00744057907998,80.9987079508382
13,63.9536944742513,80.99170885524694
13,63.957696304805474,81.0116095553998
13,64.0276505310412,80.99910241698504
13,64.01515593484982,81.00723654419143
13,63.98786155731219,81.02546697833677
13,63.98658256226645,80.98970633008452
13,64.0209357467098,80.97022316109795
13,64.01243897160799,81.02591100951524
13,63.99846244933131,81.00399128731185
13,64.00513919195814,80.98062055540822
13,63.98136949921408,81.00680113024221
13,64.01304185353406,81.01027067326308
13,63.98979833078826,81.03265484396299
13,64.00755690077537,81.01858592135734
13,64.03430582960523,81.03083993686025
13,63.96626569244541,81.02668075462412
13,63.98777780697254,81.02365669441407
13,64.01709665278995,80.99631795129635
13,63.95401257763526,81.01506901106501
13,64.01552377340519,81.00372072130556
13,63.97667686289599,80.97484627187059
13,64.01219803991854,80.98183024200031
13,64.01621087353308,80.9675821890781
13,64.01823251666877,80.98793486328712
13,63.957731571689536,81.02445142579542
13,64.00465104726187,81.01124821742569
13,63.994477479235634,80.98627855911165
13,63.95871513991075,81.02631513719281
13,63.99331263223316,80.97449234295651
13,64.00745609519718,80.97088004409703
13,64.02767005318135,80.96070465768464
13,63.96009617940934,80.97299163741366
13,63.980681316009345,81.01192622661345
13,64.02387304933033,81.00404530383007
13,64.034238914004,80.97495404480514
13,64.01974024028858,80.98955605947755
13,64.03599927338435,80.99092167009081
13,63.97601885775202,81.0311870983451
14,63.98510882370414,81.04114413722509
14,63.99008253977935,81.03823120567898
14,63.9817011001732,81.01408337977216
14,64.01229808241912,81.00601756996556
14,64.02487484165539,80.99884930133511
14,64.03911959695606,81.01005428304144
14,63.97774468944636,80.98205803318685
14,63.96244324111905,81.0300564180435
14,64.02031886743627,81.02979705300042
14,63.99854346538774,80.95185778941675
14,64.00496663310479,81.02159498639304
14,64.03402612624562,80.987908954917
14,63.95696267389021,81.01538562618427
14,63.989192050361,81.03821969882016
14,63.99036657425985,81.02435378911326
14,64.00615409197876,81.00249602917913
14,64.01191846191915,81.01945017287136
14,63.981902711825285,81.03634292925376
14,63.97421883528359,80.95832136473906
14,63.96343822135072,80.99339535351322
14,63.972698564535875,81.00396267014993
14,64.00555974509265,80.97256411693365
14,63.98235419905169,81.00215824113003
14,63.98156695933886,80.95667988938038
14,64.00596139802822,81.04064819708582
14,64.01407054420294,81.03117508385006
14,64.01599450033994,80.99312533396815
14,63.99097443011876,80.98806887907914
14,64.00796633126991,80.98531240817984
14,63.9632216208906,81.02601025784669
14,63.97033658155034,81.0214677925065
14,64.02635392964706,81.03708083095908
14,64.00304359669981,80.98578442892082
14,64.01646176095294,80.95929847269207
14,63.998883103378766,80.97766593664758
14,64.01106267090654,81.02148304194463
14,64.01990257583033,81.01154725649945
14,64.0055645255649,80.98192351898521
14,63.98490995624389,80.96493688048331
14,64.01843024945119,81.00827533970418
14,64.0200124320687,81.00067722239288
14,64.04280062901115,80.97703654336264
14,64.03395361571839,81.01410598407212
14,64.0044462071109,80.98494404668601
14,63.994370869791986,80.99087272470561
14,64.02445660109424,81.02824485590999
14,64.03955131991209,81.02420218020937
14,63.962189029339655,80.98394146749956
14,64.04373291284352,80.99503351820101
14,63.986862550937005,80.99154613200248
14,64.01020440097227,81.0047296239819
14,63.97786359749517,80.9763459845039
14,64.01883597901146,81.02404997466716
14,64.01040783628194,80.96160860344891
14,63.99596126308578,80.99100646011266
14,64.00285595657441,81.0344268958192
14,64.00655620639716,81.03710447731373
14,63.98577142837959,80.96371432203244
14,64.01892798067261,80.96192998726525
14,64.0396989441842,80.97787519955455
14,64.01658159251859,81.00629014588966
14,64.00484944636665,80.98087092139569
14,64.01019722481124,81.04454572396858
14,64.00744473048647,80.98266529478404
14,63.98432015226697,81.01877818998695
14,63.966058992091554,81.0334994052954
14,64.02226499485683,81.00877842017697
14,64.02784614797511,80.99720190188788
14,64.01751719121845,81.02652288347961
14,63.96576509486604,81.03102690744397
14,63.99550472965411,81.03114364876578
14,63.953263983363236,81.00014487428837
14,63.988244738868616,80.95406995127863
14,63.99967472140693,81.0210683310638
14,64.01688625558066,80.96526945266068
14,63.98165911216854,81.00715928575474
14,64.01799630231271,81.00335607020435
14,64.00712087371792,81.00809822231899
14,64.01762345790378,81.02740635703597
14,64.03252188999244,80.99298531099541
14,63.982290116292695,80.97457024872402
14,63.980561964181796,81.00086616704533
14,63.99459397646487,81.03202820433086
14,64.0034193715737,81.04637160957623
14,63.9817051457548,81.02226337478734
14,63.95849350160142,81.01966092662416
14,64.01400910915977,80.97322070486983
14,63.9899338092063,81.01529597998034
14,63.96897179382394,80.99858271548449
14,64.03732337361515,80.97877660004596
14,64.02247878145329,80.98999677154671
14,64.0104452965929,80.98141637061758
14,63.98235103327754,81.01633662749212
14,64.02569121743801,80.98531917220275
14,64.0249534291775,81.0015197654874
14,64.0325690216645,81.02293430397762
14,64.01533304859552,80.9664894817873
14,63.97877530223745,80.97413943172192
14,63.9674990759602,80.964798941232
14,63.970485938916575,81.01078235991069
14,64.00965702812813,81.00998761770714
14,64.02880285093691,80.98006567327722
14,64.02412090027391,80.96494335174154
14,64.01959109755497,80.97281777265465
14,64.0207543790734,81.03508008037944
14,63.957764829794165,80.98871195254132
14,63.99227804069752,80.96248050169069
14,64.03373295748531,80.97024915531678
14,64.0088547073292,81.00894926964777
15,63.96313597784792,80.98232555989743
15,64.01701118273412,81.02361086036662
15,64.00499860367535,80.99280177538371
15,64.04176774645092,80.99674472876244
15,64.01288481255934,80.99431679114839
15,64.00285078497416,80.9955764250353
15,63.96825471680553,81.02396532467009
15,64.0420799644294,81.0201053479582
15,64.0085945449602,81.00618008123757
15,63.99311469636108,81.0049179227546
15,64.00635709460718,81.03493285482693
15,63.98398189526728,81.01002302366258
15,63.97217836412327,80.96364460247403
15,64.00799384553731,80.95606027088056
15,64.01675309420733,80.98447352028467
15,63.972102050230596,80.97626081803745
15,63.97745948250984,81.03769745436965
16,63.97757597183246,80.97321740198556
16,63.996631825536106,81.03046369375392
16,63.95972200676706,81.00246558897977
16,63.99945279848679,80.98467674589222
16,64.0003552435015,80.96739786785159
16,64.03858480035318,81.02265189402495
16,63.96512843169958,80.99395737511858
16,63.96545611965429,81.0335562651578
16,64.0107670851785,81.01630002870841
16,63.99448118700171,81.03529296133684
16,64.0197269906246,81.03601078389903
16,63.97891299783041,81.02512581078271
16,63.98953910189564,81.0022777577281
16,63.988728655454985,80.99630314599388
16,64.01741502949693,81.02974262784791
16,64.01431686370042,80.96768538758724
16,63.99430890800016,81.0351919727152
16,63.98575269076393,80.98996724604415
16,63.9603233169151,81.01717582696777
16,63.984847699317974,80.99351590061455
16,63.99819830230963,81.00397344741171
16,63.990674934589485,81.03275050449255
16,64.00404567248269,80.95361357765049
16,64.00005392929349,81.03362076070769
16,64.00205608185995,81.00828835888402
16,64.04656282823647,81.00275999210282
16,63.96751091304186,81.01175009603654
16,63.978978446345046,80.99619397276209
16,64.00058388119645,80.98065091860803
16,63.99666812971738,81.00880333192194
16,64.04077513464354,80.99089150456322
16,64.04026863509459,81.02199868597265
16,63.999193763234345,81.01744141400638
16,64.01831597696889,80.98059794382469
16,64.0102555834237,81.00018390000591
16,63.95821236774481,81.01324799571977
16,63.987348477297964,81.02035382080797
16,64.0013519591249,80.97010465568083
16,64.00744473048647,80.98266529478404
16,64.02498022431818,80.97806088825187
16,63.97406466031706,81.03320594707183
16,63.97505502297933,80.98738353820683
16,63.969202137794746,81.03417297220437
16,64.0381392483963,80.97975126366346
16,64.01356606341459,80.98772324401166
16,64.01641904804471,81.04278972721073
16,63.99113942430414,80.96900457849362
16,63.97741181496789,80.98428495114698
16,63.96978830508544,81.0033713794592
16,63.971771279761214,80.96921007497173
16,63.97804990904853,81.0246564581017
16,63.994049988140375,80.99594725782832
16,64.01599450033994,80.99312533396815
16,63.96730190212747,81.0108811873769
16,64.0207543790734,81.03508008037944
16,64.00939322958037,80.98505909238514
16,63.98077445216458,81.04546349564487
16,64.02285652910658,81.004827965144
16,64.0371724344541,81.01164942236912
16,63.99952680432621,81.01926015511566
16,63.98158392550318,81.04401867964143
16,63.96314049848389,81.02450266453275
16,64.00387273925622,81.04709048248628
16,63.98858472892386,81.0443720578925
16,64.00154636163045,80.96519583617155
16,63.9812912063133,81.0221506370798
16,63.984796109400996,80.98277265540361
16,64.03618683971925,80.98455212636618
16,63.95600723225206,81.01477718457322
16,64.0268225486215,80.98688413467447
16,64.0072771946197,80.99357727763413
16,63.99331229650176,80.97595903488354
16,64.0051645013677,80.98349675675014
16,63.99231627074874,81.04151022345137
16,64.00355439557721,80.98771844601303
16,64.04443121971065,80.99331244143592
16,64.01565197531521,81.00219773212132
16,63.98569055182286,80.95467151295091
16,64.03160137183643,80.96738014619615
16,64.03728196511003,81.01973728395069
16,63.99049940303011,80.95176342098092
16,63.99007025189205,80.9790694918934
16,64.02348068010653,81.01482091295566
16,64.00916657687206,81.02654781218703
16,63.96077836283001,81.01218240079035
16,64.00417882257601,80.97815986726802
16,64.00598207545326,80.96863426761556
16,64.02087304488148,80.99659177648472
16,63.97386251843156,81.02803800900772
16,64.0028444934809,81.02388197956029
17,63.980881250901845,81.0251643113285
17,64.0400567816681,81.01046274589588
17,64.00470828248967,80.96384082510217
17,63.998309730297365,80.96830653172815
17,63.98101369996138,80.98772739553904
17,63.98108793716508,81.03749639300445
17,64.04595822751047,80.98579734445075
17,63.999679336437026,81.0048640711013
17,64.02148332123917,80.99628209286763
17,64.00637512384883,80.98104624715171
17,63.97804990904853,81.0246564581017
17,64.0237983390475,80.99724900979716
17,64.01825309364291,81.0172692369115
17,63.951277262312374,80.9993267502559
17,64.02694485320661,80.98252747031356
17,64.0152355999909,80.96278568364724
17,64.03789958361169,80.99390300474195
18,64.00949852684927,81.01801805852877
18,63.969221239186645,81.01767838657274
18,63.972809804337714,81.01619610101021
18,63.98382950710426,80.98264227153527
18,63.96632463135749,81.02882583236861
18,64.03149282109689,80.9934469462395
18,64.03691209798043,80.98342777021611
18,63.972241129308934,80.97938945537923
18,63.969320697518576,81.01914779693863
18,64.02350931339471,80.9770430872136
18,64.01570429023009,80.99371629537269
18,63.9984837120961,81.00373139790754
18,63.99440598973618,81.02854731297717
18,63.999444302639375,81.00442971862728
18,63.95095184184283,81.00757309296124
18,64.03996867224822,81.02587437340898
18,63.97077509122916,81.02843224250527
18,64.00768352588113,80.96130628852237
18,63.963638773052516,81.00517949851728
18,63.963395036792924,80.997221779422
18,64.01083233603806,80.99379839118227
18,64.00736292277037,80.99300463408629
18,63.97956174518834,81.01401126984214
18,63.98814102416027,81.03345049019788
18,64.01540759226064,80.99650105230887
18,64.00953944376812,81.02355094574781
18,64.01273926239342,81.01230442445765
18,64.04324027451142,80.97800786965034
18,64.02001481130296,80.99493923551766
18,64.04132818864429,80.98073765328735
18,63.99311469636108,81.0049179227546
18,64.03224692351904,80.96722008381673
18,64.01292812061126,81.02048590202133
18,63.980836780357414,81.02069730288072
18,64.01138185766116,81.02705844472374
18,63.99316034538084,81.0431005421268
18,63.957103106135825,80.97751799355828
18,63.99755428311585,81.00358444731408
18,63.966360061575934,81.03426104671506
18,64.00034122904856,80.96578246172757
18,63.99089580777462,80.99559758432947
18,64.01086683282517,81.03906774272073
18,64.01550215458188,80.96991658208165
18,63.98225976772562,81.01869539821489
18,64.03845988110793,81.02242589709387
18,63.95224776086228,80.99658632383164
18,63.98533194154045,80.96842682021858
18,63.99786967070401,80.96999650074122
18,64.02351251232935,81.00262635350487
18,64.03459523277779,80.96915188159167
18,64.01142938792633,81.01948466027333
18,64.02810275627581,81.00833408312612
18,63.99583929225927,81.0019978209019
18,63.98177704810437,81.0113173068938
18,64.00011148174522,80.99973050653544
18,63.98897256097276,81.01222814227594
18,63.98452616689689,81.04336137158249
18,63.99441314568202,80.95732491858253
18,64.01665539674663,81.01428784884041
18,64.02303631209136,81.0140790325415
18,64.0162327808111,81.0092248168392
18,64.00194689101923,81.01690481157013
18,63.958051120882814,80.98020740669607
18,64.02964367581592,80.96369730579443
18,64.00092743050519,81.0268274788512
18,64.02892426493993,81.01907068869703
18,64.03764659017476,81.02977945920493
18,63.998372421545064,80.99815509020684
18,63.99375704074557,81.00119544795442
18,63.99789388478583,80.97144056960273
18,63.955083682522414,81.01510279312437
18,64.01869807311424,81.01301164064073
18,63.985216150530036,81.02715866386973
18,63.9987628561374,80.96268671431307
18,64.02826548707505,80.9791788759998
18,64.00064634662924,81.04631049403605
18,63.95504966506813,81.00930499652203
18,64.00228772777153,80.99076135024092
18,63.97377455737374,81.02624968629392
18,64.02951687955209,80.97090482473011
18,63.96829720636383,81.01792912785352
18,64.01317733891042,80.98685599157119
18,63.95850071772893,81.0049929374199
18,63.9680675672221,81.02061765005622
18,64.002668192883,81.03421519992726
18,63.994437426550235,80.95948176276113
18,64.0126546394924,81.0129813911843
18,64.00930461262848,80.99536605767022
18,64.00026901854653,81.01581732075044
18,63.98188771220042,80.9954792745321
18,63.972334354976866,80.9729716685635
18,64.01819631424348,80.98609718717326
18,64.02971915905327,80.99965882580248
18,63.98368112751256,80.97218273579008
18,64.02560931717397,81.03075862659783
18,63.96893691088388,80.98884938789094
18,64.00736292277037,80.99300463408629
18,64.01962661711885,81.0005752490078
18,63.97925448361643,80.98910542980137
18,64.00892072652525,81.03886253191128
18,63.98482245907,81.01573091069541
18,63.990961160067194,81.00467103265933
18,64.00821790304164,81.0184533088281
18,63.9929043886504,81.01764590605482
18,63.964732106930526,81.02729824413275
18,63.958114094771965,81.02697121410489
18,63.978360865986026,80.95554129765468
18,63.96937663286126,81.02505730565977
19,64.03596172072903,80.98558099605796
19,64.00980083958181,81.00298801929895
19,64.02821980636362,80.99497547341447
19,63.99449573332282,81.0078490792594
19,63.977736366488635,81.01627296978405
19,63.990050223839546,81.01441127916866
19,64.0280074619279,81.025803736988
19,63.97539264042432,81.03927768451592
19,64.03265403612122,80.98375437850942
19,64.00023357862712,81.00750113506534
19,64.0322836935692,81.03156842341134
19,64.02798682975944,80.99067142053963
19,64.00105511863508,80.95180783040495
19,64.03130690642196,80.99810647546674
19,63.991784811513604,81.01449813193966
19,63.983744493344496,80.98964473420337
19,64.02062693242367,80.98382936361902
19,63.98266985763448,80.98367199933327
19,64.01096012689328,80.98164099695143
19,64.00124848124891,80.97060576957949
19,64.02563408380819,81.01099572641962
19,64.01788397574846,81.02035893281837
19,64.0208241779977,80.9953910496211
19,63.96233822898853,80.99409640913727
19,63.96441344516811,81.01046034510557
19,64.00588232808695,80.98244234029481
19,64.01068519349494,80.98318809443343
19,64.00856426260555,80.96655794393004
19,63.98879361328531,80.96286759651115
19,63.95901206865379,80.98521965257854
19,64.00941934912888,80.99847580660672
19,63.989430081388036,81.00675652355847
19,63.99664368564218,81.04184313628441
19,63.99128883829567,81.01004084278038
19,64.01732280684234,80.9799826604052
19,64.01907340546049,81.00114126413092
19,64.02096808541249,80.96106987813667
19,64.00930226145212,81.0324771134109
19,63.998152881574526,81.02013865406383
19,64.03324895876723,80.98984240430094
19,63.98413052617984,80.97647174283743
19,63.979550380053766,80.97491657528793
19,63.99745754045037,81.00934260605119
19,64.00507098808471,81.02145298853424
19,63.97028912231729,80.98763508111767
19,63.98456255447266,81.01013822789034
19,64.0173492211146,81.00407478061011
19,63.986597529749446,81.01760974415916
19,64.00215506641511,80.98456466087386
19,64.00240068129916,80.99668473652616
19,63.974842526749576,80.97847342482522
19,64.0116461438815,81.01556450276811
19,64.01844479892374,81.03999228864605
19,63.98303678529708,81.02697450857367
19,64.00449850296592,80.99721097344919
19,64.0239760864395,80.96513780060252
19,64.02167550795443,81.01963535187663
19,63.97989481403015,80.9636870600955
19,63.99723575683115,80.96910399847152
19,63.9853091411685,81.0227157521479
19,63.99169609912905,80.99031456300347
19,64.01365071747398,80.96944524571192
19,64.02617532219745,81.00713497288015
19,63.996925642804236,80.95323296327498
19,63.983057234394124,80.98648686918095
19,63.98785201495751,80.98385701401328
19,64.00239102088861,81.00814134423639
19,64.01516739199447,80.9930608929158
19,64.00083619017131,81.01191088682381
19,63.95910599727155,81.02017095599588
19,63.976954273032575,80.98905784258575
19,63.988459146765486,80.96737186752388
19,63.981384238968175,81.02081248691275
19,63.983783131000024,80.97313963017722
19,63.99746221151483,81.04608058316985
19,63.99208002598157,81.01270429445826
19,64.00126253376624,80.98863592568593
19,64.01865075527397,81.02577384200019
19,63.9964095574322,81.00461082860024
19,64.03823284447985,80.97439311357243
19,64.0202384923828,80.98395260627912
19,64.01727358382851,81.01994123315721
19,63.99079540211754,80.99383119984331
19,64.02732934491293,81.00206840618428
19,64.00829556583388,80.99239782390255
19,64.02657403021175,80.97042010993755
19,63.955634671038744,81.00146648423421
19,64.03212980932696,80.99191169095756
19,64.02773610952129,80.9799038847059
19,63.963516325213824,80.989860903299
19,64.02419471590292,81.01985689531134
19,63.9604744034887,80.97676058137118
19,63.974551170826615,81.01382938719578
19,64.01425735648564,81.00722833678205
19,63.96610975374613,80.9786016885111
19,63.98907929761249,80.9804290530668
19,64.00370103485044,80.96608580896637
19,64.02210010614104,80.99977728105046
19,64.02855317411172,80.99956281157561
19,64.00099029353416,80.97226866962254
19,63.977126953851226,81.00989465637906
19,64.00220777211939,80.99793279371372
20,64.00227885167561,80.99082630210805
20,63.98928290222675,80.99671344512483
20,64.01125536241646,81.0196022988348
20,63.95821489487491,80.9773096824744
20,63.99035117553838,81.01604843983702
20,63.982481560778155,80.99419363339962
20,63.99510320056524,80.97997190008931
20,64.00668101621348,81.04362752822317
20,64.01341016412069,81.00657137386224
20,63.98441045169084,80.96066421361799
20,63.962985303538176,81.02775990096262
20,63.96937663286126,81.02505730565977
20,64.0406427815387,81.027113696618
20,64.04080847322517,81.00640247211585
20,64.01538386224807,81.02713191101843
20,64.00998467237874,81.03783922333494
20,63.98447787550201,81.03301249435526
20,63.99420704162753,80.95065758352109
20,64.01044784410824,80.98441596148265
21,64.01292812061126,81.02048590202133
21,64.02230237574103,81.00397574351987
21,63.984195892522486,80.9720653112556
21,63.95703365666078,80.98094843179395
21,64.03649686387382,81.00690216445999
21,63.97063881008138,80.98598690174624
21,64.00188146635294,81.01836079244791
21,64.03831637180885,81.00525462089183
21,64.00047155349328,80.95320889349202
21,63.97422711141464,80.96514979760575
21,64.00860907693665,81.04301796172078
21,63.994173853738076,80.99786063010967
21,64.01795838986885,81.03424684296878
21,64.0008646786216,81.0313729781266
21,63.95715150149275,80.97638441609942
21,63.9852023035565,80.96416265018362
21,63.99124512945509,80.96181683892956
21,64.00337504864058,81.00485131362102
21,63.99643613869316,80.99671508640834
21,64.008158772845,80.98127942348653
21,63.95775053726144,80.98004552522269
21,63.96125899054395,81.00371571362035
21,64.01366206664996,81.01573373066125
21,64.01019102375136,81.00565745101062
21,64.00754813886597,81.00682442003561
21,64.0247161290503,80.96964767704158
21,64.01643569749557,81.01711306473726
21,64.04137812287775,81.0237418174882
21,63.985877034044094,80.97686481643998
21,63.98256238288873,80.99870365450985
21,63.996993949634735,80.99675127141683
21,64.00252941411476,80.98127387057347
21,64.02847521348814,80.96627002925632
21,64.00822563176553,80.97797349562879
21,63.99726210229623,80.95576697717023
21,63.977352665015864,80.9887166915102
21,63.99333434585657,81.01850558437056
21,63.96960800776949,81.01911728578686
21,64.0381272150568,81.01046362874125
21,64.01611215186641,81.01615771805659
21,64.03628703783713,80.97577942605298
21,63.983515021538096,80.98004352781565
21,63.95646881181,80.98488204151117
21,64.02150822869713,81.03973669538979
21,64.00648712092953,81.04014397036323
21,63.982191675578356,80.98801098404365
21,63.975989619477765,81.00031959814049
21,63.97838249602113,81.03011089612532
21,64.03683045804446,80.98187871321213
21,64.03423897365955,80.96496660238132
21,64.04248092314701,80.99286018617926
21,63.99414762074346,80.9823120446038
21,64.02861527394705,81.03686815864747
21,63.96909634560602,81.01333191845171
21,64.01544092430343,80.96376455260675
21,64.01909487735365,81.03107538509128
21,64.0273603676124,81.0047147992246
21,63.98739657250562,81.02251703604878
21,64.04091629014707,81.02043601059356
21,64.0482626086101,80.99375889925625
21,64.01704389173534,80.97142293007289
21,63.97234047092193,80.98743311360886
21,63.99531539303094,81.02302282045493
21,64.02079879673754,80.97168399801421
21,63.977495202493905,81.02151780508007
21,63.96721625575827,80.97556748875049
21,63.97980311939266,80.95916607587161
21,63.98605845072671,80.98773849617582
21,64.0141666924057,80.98173599750842
21,63.98705121317166,81.00912454433966
21,64.00425980564891,81.02279443686949
21,63.99114638126035,80.96430739913716
21,64.04225663044782,81.02116927714263
21,64.03559455560082,80.97956781253613
21,64.02955667324096,80.98952607273176
21,64.00703182275691,80.9886471947792
21,64.04128417933498,80.9955935133877
21,64.04585926418301,81.00454937023616
21,63.96715755465176,81.01690335113899
21,63.97658756556544,81.01245871724032
21,63.984284961554415,80.98482522359303
21,63.977472000468254,81.03827384347119
21,64.0117273728064,80.96517216693405
21,64.00315801394072,80.98749432809277
21,64.0134896268415,80.97877130783337
21,64.02278322253996,81.01559680545813
21,63.964156621895924,80.97381617836585
21,64.0200461656579,81.03267042575912
21,63.966279828561454,80.98693859494799
21,64.00492016059724,80.97960112957827
21,63.996338110153076,80.9733649553731
21,64.00190428282725,80.9706918223838
21,64.00562365005139,80.99539565847152
21,63.99715146302837,81.02936829405593
21,64.00978022097726,81.03994804013175
21,63.98816062585904,81.01586802224237
21,63.964100721881415,81.02152474655661
21,64.02544095739464,81.0045683644995
21,63.95632618368332,81.00069107898496
21,63.968775953490955,80.9662471457714
21,63.98283601935631,80.99005554646565
22,63.98434055444519,80.99792059324616
22,63.99203391081889,81.02742590416057
22,64.02804366772745,80.9796276661013
22,64.00400652981318,81.04792438715856
22,63.965905273185136,81.01347095093838
22,64.01636534808225,81.0051173378421
22,63.984412383617496,80.96162847443473
22,63.99159282596032,81.02967953430172
22,63.99889388506366,80.97554643169035
22,63.966830145131695,81.00200022774624
22,64.00965188986629,80.97303046457867
22,64.01962990166686,80.96700908825164
22,63.991930071283825,81.0009163526455
22,63.98533525285647,81.01508763024815
22,64.03104300119259,80.99189470640455
22,63.97358031173484,80.97672461010822
22,64.01716103482528,81.00841577222262
22,64.00123478279004,80.99818708056132
22,63.9642281764208,81.00076005355962
22,63.984745833954115,81.01073208299375
22,63.974331682867685,81.04224494820397
22,64.00159362367879,81.04215243960378
22,63.98124539891531,81.03144195208931
22,63.95342386037503,80.99504525008525
22,64.04488397857145,81.0052215139648
22,64.03969270941012,80.99592826970456
22,64.0274255764752,81.03797223293208
22,64.01936090970963,81.00776504629538
22,64.01452976813522,80.99524833023519
22,64.03101381709621,80.96660098922614
22,63.9675821613518,81.00332672632122
22,64.00452654750907,81.02163208773072
22,63.989903570742065,81.00896162970932
22,63.97301306781105,81.00177478076712
22,63.98920021696161,80.99471080681097
22,63.980141519636405,80.95994347615103
22,63.96653573887429,81.02535311858708
22,64.002380039986,81.02070422703312
22,63.97885944859419,81.00915340967073
22,64.03574096266871,80.98049887740183
22,63.96420831407382,81.02399644575627
22,63.99781611696778,80.98702281618164
22,64.03330078812567,81.02891335916279
22,63.999361949771995,81.04804049541167
22,64.02532217602646,80.96476077088431
22,63.98466059594734,81.02974329715211
22,64.002036933726,80.95104200374664
22,64.02905034464182,81.00985788881259
22,64.03152101802455,80.9994106992768
22,63.95578943458841,81.00861921804162
22,63.98578946196459,81.03701231747422
22,63.988508262000124,81.0255801539751
22,63.98973504368923,80.97253738539852
22,63.96446444157602,80.98326604006431
22,63.978360865986026,80.95554129765468
22,64.00252941411476,80.98127387057347
22,64.00658499637684,81.01320325957295
22,64.02707679970547,80.9828413354136
22,64.00556366051292,81.01078244802736
23,63.999879922569676,80.95610096166344
23,64.03536455564529,81.02972732204151
23,64.0229347737813,81.00385470989411
23,64.02678180770049,80.9918005407854
23,64.0347635958374,80.96611135150758
23,63.99976186947374,81.03189872902382
23,63.98230629855237,80.97340718966004
23,63.96655443023315,80.99785827964043
23,64.03760060082492,80.97062821355986
23,63.97755688110058,81.01046444488932
23,63.97065507232475,81.03982089592228
23,64.00609774848678,80.97057080093357
23,64.04616619456371,81.01118562191806
23,64.01817180810079,80.95434388270908
23,64.04127148914655,80.98704528326917
23,64.01182234624864,81.0026128330294
23,64.03458110224594,81.01070485427871
23,63.98061220021684,80.98647060621775
23,63.991198873250426,80.99212508014196
23,64.00113947560484,81.01796965025032
23,64.04023746907237,80.99543646888924
23,64.01146859671024,81.008176415632
23,63.99233178646785,80.95377731814607
23,63.995022011348595,81.01701640053825
23,63.96894095812154,81.00597245477154
23,64.00133040019485,81.0161561021885
23,64.0065961119464,80.98846743073298
23,64.02855089006765,81.0068131411514
23,64.03839945485075,81.02121743492673
23,63.98709683216098,80.95734863417665
23,64.02419104329634,81.01425071636974
23,64.00262990539524,81.00727631263011
23,63.972902988892564,80.96119189435906
23,64.01733185162675,80.97444760509983
23,64.02837396558412,80.97728935399947
23,64.0147956417306,81.00759381604257
23,63.99235589624001,80.96001742281933
23,63.99126266259945,80.97955355379217
23,64.03998913053401,81.01944731147142
23,63.986469102768964,81.01175058738912
23,63.98631747147219,80.96807924422758
23,64.02327147960331,80.96755566369356
23,64.02474822089408,81.02569508547414
23,64.01269765340284,81.007602409527
23,63.956063783298255,81.0030372333644
23,63.99861068957994,81.00535180540322
23,64.03486442526358,80.97207239654796
23,64.02019694061104,81.00689744252297
23,63.999815282265615,80.96574051343127
23,64.00187831332809,80.99025995118578
23,63.98828573488391,81.02024439692809
23,63.9534853260211,80.98317290442314
23,63.9558538187954,81.01306597365323
23,64.02950322727746,80.98966175328881
23,63.95710828180208,81.01117727959205
23,64.02789549502646,81.00221887629479
23,63.99486165947745,81.00403113169556
23,63.995822089266575,80.98847476952643
23,64.03266004646228,80.97781598868032
23,64.00217015302799,80.95800169088535
23,63.97481129600958,80.96288748650579
23,64.02222226313864,80.98539926066529
23,64.00741195096114,80.99672437566868
23,63.98790276101052,81.00011717665508
23,64.03701696378177,80.97285886201855
23,63.965595458302175,81.01505783409863
23,64.00725541272537,80.97697680070782
23,64.0053673340812,80.99589372171889
23,64.02595554002532,81.02197924223974
23,64.02358924721649,80.99108664140839
23,63.953961478277485,81.0168375970223
23,63.99776099569439,80.98135018487606
23,64.0339157835475,81.01986199120648
23,63.993937635736955,81.00724073653579
23,64.00765489096965,80.99096176999123
23,64.01539862499487,80.9587617380311
23,63.98860899907721,80.97470703892886
23,63.98187292521464,80.99166583148393
23,63.977095253298685,81.0027943064265
23,63.99884276135568,80.95878430465382
24,63.999901252159894,81.04636100633343
24,64.04851179857678,80.99599110338715
24,64.01118317061159,81.0111826226217
24,64.01726771524184,80.98869269737999
24,64.01711934715831,81.01069498092468
24,64.02524291636274,81.01497337283296
24,63.985557953287476,80.98592517467682
24,64.00628299974453,81.02941006902698
24,63.98255916604909,80.95669406548346
24,64.01495830320434,80.98854924522567
24,63.98004374954828,80.95876303637688
24,64.02112498933377,81.01769455929274
24,63.99987495752109,80.9656419847098
24,63.98664751144973,81.02034369431826
24,64.00772318564083,80.99043033365514
24,63.97747288813041,80.98194776118808
24,64.01418070732645,80.99055319398529
24,63.989366656519664,81.03806231920498
24,64.02584289584209,81.00573952024847
24,64.0250447435062,80.95967501491573
24,63.97410753468456,80.98704709922814
24,64.01977521129827,80.95687106173206
24,63.998342991089075,80.95495388553219
24,63.982242524406615,81.03285187755819
24,63.97535111161153,81.03886185036083
24,63.968815384482525,80.97422798804389
24,63.98517274123503,80.97526303242496
24,64.02405444440187,80.95990920697763
24,63.99147842661016,80.96552855446534
24,63.97896096702801,80.9608848327539
24,64.03549392603875,80.99260032700373
24,63.97552242483019,81.01943157652379
24,64.02110700541269,81.00094175120647
24,63.99580453113645,81.03393991761709
24,63.998279974797605,80.98547669769785
24,64.00735877035977,80.97593704978716
24,64.01044392286065,80.98952860624694
24,63.98896458077899,80.99210745762824
24,63.99821495674143,81.03840940540765
24,63.991135940175035,81.03182721086202
24,64.0359873764051,80.98637308103389
24,63.97221555754072,80.97542024924364
24,63.98280870813059,81.02815156857869
25,63.98978959054649,80.98644681380452
25,63.98739826927636,80.97519370280699
25,63.99652910804033,80.96716394004154
25,63.96543957542894,81.01831799241054
25,64.00636816978066,81.04665591312971
25,64.01602192498318,81.00519005204131
25,63.98234849025469,81.04108741271776
25,63.95567749643279,81.01219070794484
25,63.95326283332626,81.00076760124321
25,63.992777031259166,81.01976023193842
25,64.02307322566361,81.01911420069565
25,64.01618992903181,80.99295803636113
25,63.997305494217194,80.95662436038867
25,64.03924638653751,80.99920372739145
25,64.00967871710749,80.98201690939547
25,64.00314933115152,80.97655885726368
25,63.97824636350067,81.03269663765218
25,64.01727874690472,81.00353731466302
25,64.01959837597035,80.98473862451756
25,63.97742323702385,81.01910377199184
25,63.975069078927824,81.00048356740353
25,63.992978801125815,80.98658133555455
25,63.984685597801125,80.99820386752499
25,64.02305978491113,81.00531507504814
25,63.986503181519765,81.03465500500891
25,64.02682834426315,80.96750128910593
25,64.01419045255888,81.00982516145724
25,64.04383235759609,80.9809454741346
25,64.04947429876991,80.99567922504667
25,64.02514985029961,80.97383249147917
25,64.01179618576919,81.02837013821944
25,64.02104567492346,81.00440818722099
25,64.01098588263825,81.00533948629877
25,64.04571850741975,80.99653603723536
25,63.9850928990603,81.00324552944731
25,63.9716108551418,80.99855774948426
25,64.0059366760917,80.98747242543482
25,64.00121164867102,81.03973139730915
25,63.95486562357474,80.99518810859927
25,63.97052419369577,80.99985483135576
25,63.98136340710822,81.01093778302636
25,64.01291716951688,80.99517159993485
25,63.98260609490035,81.02576034285241
25,64.026362837311,81.01968648016555
25,63.99270067688505,81.00039287294621
25,63.96717280341469,80.99418350089817
25,64.00946607497264,81.00485825051719
25,64.02188901793104,81.01014104624637
25,64.00768352588113,80.96130628852237
25,63.97851405228413,80.97291758516215
25,64.00714054876325,81.04315717216693
25,63.98512482778821,80.97991650294249
25,64.02462478755831,80.97218009438593
25,64.03427525278602,80.97147418704968
25,63.97142069075611,81.00498316287324
25,64.00036004886408,80.98893649173907
25,63.951784669235494,80.99095586567056
25,63.97887273909,81.04296192733482
25,64.02349484522787,80.99749589065983
25,63.992113285317984,81.04644489147941
25,63.95472720176989,81.01379869017502
25,64.00507098808471,81.02145298853424
25,63.992450830297194,80.97263046696193
25,64.00519028275146,80.96823629191539
25,63.996841281757455,80.98990131577511
25,64.01585432884934,80.9772248892909
25,64.0028321275269,81.03710692281257
25,63.99360965022409,81.01325048917164
25,64.00884458105206,81.02301525358078
25,64.01469628887482,80.99448782894477
25,64.02702983915589,81.01271391665064
25,63.96806523080121,80.9895030289322
25,64.00666412025211,81.03744332956805
25,64.02110889179833,80.98608732429349
26,63.97946098771506,81.02884149286069
26,63.97108521698144,81.02950892285696
26,63.98427299986026,80.98630132266395
26,63.99271403404784,80.99802993738331
26,64.02669301169433,81.00610752455054
26,64.02204998047009,80.96351264675368
26,64.01583669793362,81.0431848979024
26,64.00953425413589,81.01172155189465
26,63.96512031889627,80.96948925678579
26,63.972760813963,80.96406316941535
26,64.0001123007366,80.98097922126725
26,63.95276969524722,80.98643829712442
26,63.96834106895906,80.97961054771335
26,64.00245666971055,81.00573951919606
26,63.96975944157645,80.99714938342343
26,63.978757475657595,80.9938569656719
26,63.97981192913694,81.00036070362385
26,63.99559875654835,81.03603604270032
26,64.0013519591249,80.97010465568083
26,63.98859070577688,81.02039050723359
26,64.02175705075007,81.01665756503675
26,63.97128793884015,80.97487376837756
26,64.03540813306874,80.99905665734975
26,64.0123048668892,80.96261712659265
26,63.97143714205285,80.97281353022908
26,64.02503948416941,80.97247517306162
26,63.98512902085209,81.01931900764298
26,63.981285818931035,81.02549074698463
26,64.03092890896465,81.01773902058562
26,63.97080337275859,80.96255137867328
26,64.0168626834957,80.95309297639433
26,64.00201427303045,80.9803283294849
26,64.01227375140388,81.02327854971438
26,63.99955839123314,80.98200638579723
26,64.01789943232598,80.99490985951424
26,63.963900554147,81.0206800293243
26,64.00276896797708,80.96119269019762
26,64.01802941137724,81.00848272379841
26,64.00420785363615,81.0032861541072
26,64.04011171863858,80.9748683294836
26,63.96892868772551,80.99480274300205
26,63.981266421983065,81.03946062765677
26,64.01419045255888,81.00982516145724
26,64.00000380287588,80.99691397875448
26,64.04122330066949,80.97524623272191
26,63.99686174212828,81.00349645127868
26,64.00658852527597,81.02461513507033
26,64.02286174905632,81.01188194683598
26,63.994245723019446,81.0193507836041
26,64.02579459587398,81.03322042589107
26,63.96536369707597,81.01897572337676
26,64.02442310562931,80.99877366260202
26,63.97820725809275,80.99185668706559
26,63.96666756506874,81.02895250793327
26,63.98903557159056,81.00553128671544
26,64.03522256217087,80.97640954481308
26,63.996990339462926,81.03597490715515
26,63.98496396768465,81.04518902117228
26,64.01829468646794,80.96577555961868
26,63.981118270783405,80.99323664256615
26,63.98441045169084,80.96066421361799
26,64.01058842279892,81.00412518980883
26,63.99400543094956,81.04243903362448
26,64.04846547861652,80.99533815254307
26,63.99372298310712,80.9964800455591
26,63.99329422752254,80.97688290115273
26,64.01773307421408,81.03599372204336
26,64.03656167958141,80.98636298996608
26,63.98941875353502,80.95925703019941
26,64.00695881864473,81.01972551459792
26,63.95708084371994,80.97482334641478
26,63.980150797508365,80.96317289140761
26,63.99620360187785,80.98445930448835
26,64.01738299606636,80.99256501836052
27,64.00942815170289,81.00123063156205
27,64.0414252927258,81.01416805819258
27,63.97740405255874,80.98477982222947
27,64.00640614913414,80.97867733406065
27,64.02835274329117,80.9984517946335
27,63.990185273427095,80.97714615664222
27,63.972943186448035,80.96683378059235
27,64.01479575481758,81.03285942107428
27,64.03386681354203,81.02190968178203
27,64.04807436348968,80.99330005387338
27,63.9540631180085,81.01830529038797
27,64.00474682051892,81.01385085385921
27,63.98341241530979,80.97013634599594
27,64.00335326546217,81.01973012040496
27,64.0052968526325,81.01752707719947
27,63.994894206481966,81.01815793615162
27,64.003193516064,80.95076468111466
27,64.00023357862712,81.00750113506534
27,64.048880036615,81.00044042429134
27,64.01560281992707,81.0393686125626
27,63.97618908209908,80.97666131102474
27,64.0020303616439,80.96106318698622
27,64.02535267745664,81.01607030081931
27,63.970582078023504,80.9713987989546
27,63.99261429338345,80.97528410871095
27,63.980750973502715,80.99105344981604
27,64.02260601046012,80.96442482550825
27,63.959099533031846,80.97756041341518
27,64.00228745640345,80.95996770571648
27,63.99075679602083,81.0474646481264
27,64.03769172999057,81.02693298063113
27,64.00350614567814,81.01687308563382
27,64.00918507447038,80.9791286709369
27,63.977078356656406,80.97523849823662
27,64.04287536958397,81.02332258119822
27,63.992246119288026,81.03156793994792
27,63.99388965000835,81.04053874080415
27,64.0192820868656,81.00870425641372
27,64.01969160472126,80.96243392923195
27,64.02232268053422,80.96222411775484
27,64.01892093591826,80.98426784196452
27,63.99301304274206,81.02628258294874
27,63.99660443845281,80.99429230936707
27,63.98930739774763,80.96733774188974
27,63.988834181352104,81.01979571424188
27,64.00535205436302,81.03585925986903
27,63.960270472553916,80.99133633059874
27,64.00451002015953,80.99303076531065
27,64.04247856991239,81.01441521429311
27,64.0256993920277,80.97589941739643
27,63.97596316313196,80.98343471753923
27,63.972491617805254,80.96501052788496
27,64.01494689946053,80.97873548955657
27,63.99181095313515,80.98112946818405
27,64.00826331197808,81.01103865813558
27,63.99558192081203,81.0064720069202
27,63.97446946534416,81.04020186018643
27,63.98668022469419,81.01928683756826
27,64.0222857945582,80.97862634932109
27,64.00678200349229,81.04743604961253
27,63.979934455814224,81.00735186465744
27,63.997600569451976,81.04157033387007
27,64.0088547073292,81.00894926964777
27,64.01503658764811,80.9677848045146
27,64.01385743464486,81.03299273317617
27,63.98883609282986,81.00175871525084
27,63.99019201741193,81.02993444762738
27,64.00636253711284,80.97231838557872
27,64.01933304789455,80.98040756273829
27,64.00007734744241,81.04200194987428
27,63.96897103882537,81.00294759338486
27,63.973782871679674,80.95788460028625
27,63.99910442909057,80.95703202940321
27,63.980010763200376,80.98248573288453
27,64.00821781052078,80.9839343605641
27,64.01072332899527,81.02790900149164
27,63.96914561559853,81.03664024934086
27,64.00738398574565,80.99936099945121
27,64.01692819586275,81.03495439034782
27,63.99604903370046,81.03839276188398
27,64.02219486216025,81.00188547975822
27,64.00233247949598,81.00791058868086
27,64.02943391922771,81.02183195748661
27,64.01855481453799,80.99931622893574
27,64.02841990932568,81.02257026918872
27,63.98646505684813,80.9830573326758
27,64.0099289331073,80.99525604705788
27,64.01423344448499,80.97216004077268
27,64.00301430074302,81.04669706480965
27,63.99725794245132,80.9998530247198
27,63.98812801958533,81.04688256952733
27,64.00012781220424,81.00556618960557
27,63.98957429904473,81.02806669740966
27,64.00279904569297,80.95243786268195
27,64.00363724887501,81.0036703297941
27,63.991779983591954,81.00958990668717
27,64.01039556061332,80.9623816366928
27,64.0395206238591,81.00398892236579
27,64.01201733361816,81.01487239521438
27,64.04248075030198,81.01449671116187
27,63.994371417144336,81.03985661428757
27,64.01935597811571,81.04192086043207
27,64.00872024429852,80.96276383419075
28,64.02287862053022,81.0300439745772
28,63.980138172555755,80.9752499808403
28,63.99672628582484,80.9563546215278
28,63.98757390801822,80.96027458173378
28,63.98680156551559,80.99025400095432
28,64.03672537491146,80.96747647301494
28,63.99656498102003,80.97558617594062
28,63.96445600958492,81.00334998479444
28,63.979994804158146,80.98245747051172
28,63.98426135725277,81.04486940934072
28,64.01788611248746,80.99375398550882
28,63.97963729107626,80.99406947993512
28,63.990674934589485,81.03275050449255
28,64.04347430837316,80.97772618464498
28,63.9514944517209,81.00095486106905
28,63.983721848277405,80.98046125614103
28,63.98176566763366,80.97977973512639
28,63.98347735784534,80.97574518878253
28,63.97372995055514,81.01175849039538
28,63.98348410967052,80.98829133822757
28,63.96713654499456,81.00189829395967
28,63.98709683216098,80.95734863417665
28,63.957059692164705,80.97474898487583
28,64.02349413263408,81.01658369503761
28,64.01156876623449,81.02290354147954
28,64.01561877237712,80.96494326483007
28,63.96815463777559,80.99556074829832
28,64.03705950753339,80.99419692734062
28,63.990957118695114,80.98181955235337
28,63.99478953334824,80.95583187126776
28,64.03827876022686,81.00512354377055
28,64.03264582781719,81.0001550156422
28,64.01772304903501,80.96138154603975
28,63.982570657065736,80.95967287973258
28,64.0475425475563,81.01277903939824
28,63.95500152276692,81.00718147129446
28,64.00824562505179,81.03797623693818
28,63.990015169998316,80.96287616563947
28,63.956468542323584,80.98468894546156
28,63.99890607801899,80.993086196334
28,64.018281294207,80.98829069895565
28,64.00597682089774,81.04017148918356
28,63.96672323611664,81.01534876703926
28,63.977451685597266,80.96009099640455
28,63.977285137692405,81.03403106066716
28,63.991297075384374,80.95127090614942
28,63.98659836927004,81.01323404318376
28,64.04430583268298,81.00991986152064
28,64.0315928125908,80.97256038389523
28,63.97989754059431,81.00581489468391
28,64.02315897840897,80.96712810092987
28,64.01119971800972,81.01226082305041
28,64.01913071531187,81.01063099496541
28,63.95399022384159,81.00833077529121
28,64.01875986312346,81.00754373690228
28,64.00764193896549,81.00484978657356
28,63.97498720001585,81.02167212033736
28,64.02227088693519,81.00851253924574
28,63.95657279546567,80.99627539992467
28,63.97160261223825,81.00617348311934
28,64.01173097444976,81.02227088642633
28,63.988065679048226,80.99839404035038
28,64.04166471620529,80.99105371284352
28,64.04043002511895,80.97577106175083
28,63.98708711942166,81.00457168949261
28,63.97885944859419,81.00915340967073
28,63.98818598971197,81.01776585365762
28,63.97090635813993,80.96965643851044
28,64.01948804618617,80.9629872176878
28,64.01422941973297,81.04149508967294
28,63.98831147229479,81.00096790243732
28,64.01294797565566,81.00292748364967
28,64.01245761592928,80.99390553908576
28,64.00363853245213,81.01337110604729
28,63.99691195776248,81.02450054398342
28,63.981281759521124,80.99827089098453
28,64.02936765817891,81.00088295819961
28,64.02566516139692,81.04010251157139
29,63.965784360956924,81.00155224367856
29,63.975931943471366,81.03070136473559
29,63.995513429378555,81.02922292052428
29,64.0362159098877,81.02892010838336
29,63.988717204907346,81.0451434660931
29,63.977901998573856,81.00358506054792
29,63.99139253167256,81.02493054508497
29,64.02720393581998,81.0389411029521
29,64.03822312139516,80.97407670655986
29,64.0476215215495,80.98987178607652
29,64.02523341369822,80.96531753571112
29,63.987496280533925,80.95422587666586
29,64.0111632209815,80.99898975983349
29,63.96317836312329,80.99956499037145
29,63.97779524672184,81.00965049344427
29,63.98972199726935,81.0485815676771
29,64.02161238337503,81.0131641274372
29,64.00599272751029,80.96901049907459
29,63.989013631133105,80.98019010737646
29,64.00648849938527,81.01546750438342
29,64.02572866746573,80.96798224862418
29,63.971499362621145,80.97296838835692
29,64.03134846874472,80.98891824408888
29,63.97835253339061,80.96867079647666
29,63.975507659227446,80.9759941664491
29,63.98696018341146,81.0238027105601
29,64.04245833753458,81.01095597962934
29,64.03756775190953,80.9781544317496
29,63.99099328907179,80.9908394232276
29,63.9680654170337,81.0059855655269
29,64.02082661493995,80.95820650147589
29,64.03524210727988,80.99672772812387
29,63.95695925015407,81.00582717215154
29,64.02814976211202,81.01861062392098
29,63.988065679048226,80.99839404035038
29,63.97567455946689,80.98645880612506
29,63.99062091777579,80.95393881420352
29,63.97802730455897,80.96927636724715
29,63.97666334457836,81.01458932566766
29,63.978110455455706,81.03563450902426
29,63.9970427117221,80.9592217326308
29,64.00224270679779,81.01889629414099
29,64.03325253779126,80.96947617575177
29,63.973823254260424,80.99174384812174
29,63.95560354046798,81.00211375036247
29,64.00265920808937,81.01474248607151
29,64.000420776821,81.00116443712503
29,63.983147304339475,80.9619383613337
29,64.00254485367957,80.95241561105719
29,64.02850637540084,80.96585301593663
29,63.97689542649523,80.99358182653047
29,64.00427579837486,80.95181842146775
29,63.9613399751455,80.99541329597454
29,64.00728617007785,80.96535637723619
29,63.98347379467773,80.96708786912991
29,64.03846898785226,80.99490299327758
29,64.02279424505072,81.01942787104085
29,64.02913729737115,81.02373115955128
29,64.03051407433745,80.96907025732509
29,63.966440752236075,80.98407197447048
29,64.00487504653923,81.00894090044658
29,64.02467138304091,81.00206302872465
29,63.96227394899254,81.00393124910521
29,64.04068153478127,80.98074379542518
29,63.968551163639525,80.96383060226405
29,63.96139001919964,81.02778001812095
29,64.0066803860688,80.99959718666837
29,64.04806412033845,81.00274688092411
29,63.99628296604404,80.9801462900871
29,64.00783945743058,80.96788329878883
30,64.02227088693519,81.00851253924574
30,64.0233923145727,80.99380439640885
30,64.0012657949604,80.96032914735488
30,64.0039010251733,80.98982626684514
30,63.996764147764445,81.02571149705224
30,64.01613815978203,81.03779773528392
30,64.01639703390182,81.00444910411126
30,64.02011394874344,80.96355882887883
30,64.0011470100899,81.02343959474824
30,64.03914006539671,80.98491381225406
30,63.97092622690314,81.01944325688258
30,63.957709882615866,81.01247050672693
30,63.96100245098432,80.9719771780461
30,63.98301451357495,80.95600664874188
30,64.00360509054372,81.03892948965083
30,63.98132679083302,80.98635318859294
30,64.00341229442469,80.95964525098476
30,63.967355007853556,81.00529654876219
30,64.00639180524871,81.01844566753051
30,64.03836703681553,80.98266562956465
30,63.99564117048404,81.01144105735713
30,63.98694158607868,80.96076558139711
30,63.98118894639483,81.03490455216131
30,63.99576304727514,80.99904670919787
30,63.965012045335385,80.99775031398762
30,63.99465352319476,80.98146249656988
30,63.95350530900185,81.00889076631383
30,64.00982867174112,80.9627602592514
30,63.95495310774008,81.00813995981864
30,63.986607107723266,80.96271227383568
30,63.958141933608545,81.00375864911959
30,64.01701165029716,80.97532272423105
30,64.02403835668613,81.00929908757965
30,63.95104583562377,80.99986027354025
30,64.00076153840041,81.02357600304909
30,63.98878622016763,80.96689452520421
30,63.97193101020842,80.98575249578008
30,64.04136460873919,81.02607231477778
30,64.01377737607514,81.02904749759853
30,63.961725607558854,80.98783825564125
30,64.02832237846926,81.00634362288055
30,64.02451569109043,80.98475526492915
30,64.01131736009108,80.95375813442281
30,64.00523047155882,80.98083537229074
30,64.02898360911128,81.01542435091768
30,63.98071714688974,81.02535145559672
30,63.98889088044668,80.99261770689257
30,64.03415864865069,81.0080505331761
30,63.98749348456537,80.99185458932618
30,63.963723112612485,80.97185662144017
30,63.991550114312474,81.04222807258382
30,63.99405439722156,80.97050085570511
30,63.998624788213135,80.97575703370337
30,64.01263543735978,80.95170086471816
30,64.04391978667962,80.9838053825572
30,63.99025699055008,81.01371357959212
30,63.99641993085794,80.98902321850441
30,63.98393699928807,80.98343757002003
30,64.00538495476168,81.01050401486553
30,64.02225974900014,80.9957889301695
30,64.02262755614147,80.97703546502072
30,63.98721867287424,80.98625008734489
30,63.95123382331526,81.01061899136236
30,63.98184248132685,81.03655471002284
30,63.980561964181796,81.00086616704533
30,63.98838564558868,81.02182003548818
30,64.02070540036024,81.04198133155474
30,63.98364194288869,81.0363455120562
30,64.0010620015652,81.0335914418064
30,64.00123478279004,80.99818708056132
30,63.99026975862653,81.01085488057332
30,64.01894731798566,81.01628145805216
30,63.99502894401739,81.0286508877657
30,63.99034532680443,81.0214634469295
30,64.01439543451096,80.99653475350993
30,64.03867722165202,80.98407387144846
30,64.00161161558974,81.00648611686266
30,64.01000354595027,80.98333571237991
30,64.01887135415163,80.98867903193121
30,64.00027643689484,81.0001109618261
30,64.00256683527955,81.02794016192021
30,63.96957675609862,80.99569807104977
30,63.981390819101534,81.04088691046337
30,63.98140172382176,81.0082986862694
30,64.01437969346087,81.04750510166579
30,63.99083952729392,81.0073560153029
30,64.01968985843222,80.97670578052015
30,63.98856543001904,80.993157804887
30,64.02102761931322,81.00878545554437
30,63.97918818065647,81.03355892125468
30,63.9781591279563,81.0100444478801
30,64.00007025487274,81.04726812068435
30,64.0043474786726,81.02651482056544
30,64.00723639008605,80.96250196610737
30,64.04909843057933,80.99563609921901
30,64.02966627824652,80.98165394516036
30,64.02571359117063,81.03959034321304
30,63.97546949826677,80.97699637767023
31,63.99214116890347,80.98375806350262
31,64.04823646068832,81.01220652834446
31,63.998387684996246,81.03663551197613
31,63.98426370954195,80.98884457691155
31,64.01269622270725,81.0434520269366
31,64.00676884642813,80.95624346732387
31,63.99502155773518,80.95200198191078
31,63.99647853635345,81.01268177137781
32,64.01528059127159,81.00298268597537
32,63.97148154871226,81.03602776393554
32,64.00964048793068,81.025601861391
32,64.04274229336777,81.00719165524573
32,63.97399437202006,80.96893680871683
32,64.02439917438664,80.96182607851986
32,64.01794448904457,81.03540031801765
32,64.03247216289458,80.97519220172123
32,64.01831884112629,81.03083219671363
32,64.00296362895715,81.02210330056786
32,64.01213941402885,81.02458337355999
32,63.98388414491772,81.0203680821824
32,64.03993237323098,81.01544240825905
32,64.04542975293862,80.99505266885436
32,64.01487244758728,80.97349895997432
33,63.97085237086219,81.01729664410584
33,64.0199083743786,81.02587627031308
33,63.97725831248592,81.0422586048512
33,63.96471803375097,80.9706346102465
33,64.03355305966691,81.02608049566234
33,63.9592627866396,80.98772947238135
33,63.966286943279066,80.9644473275865
33,64.00549429343464,80.95713411129657
33,64.00815712893322,81.02992477984166
33,63.98466114550073,80.98375539714705
33,63.965275351663635,80.967502821813
33,63.98555632347624,80.9663484814372
33,64.02584128325111,81.03279193060375
33,64.02898099466692,80.98451987708405
33,64.04140609581307,80.99552765755669
33,63.99514664319512,81.04762990050514
33,64.01626916901388,81.03365890300486
33,63.99097144812598,81.04413891121017
33,63.954687669353675,81.00353419068956
33,63.96917322439055,81.02204885314013
33,63.97716419590259,81.00683199299804
33,64.02191066838847,80.97517918760687
33,63.97252169611633,80.9999543873599
33,63.96526334321811,81.02345256104962
33,64.02098799097578,80.96576461154228
33,63.98333173078634,80.99060849435479
33,63.960651697054466,80.99772580550632
33,63.97257326537974,81.0409101515501
33,63.97127706884023,80.99934443684903
33,64.01398797389655,81.0008807720741
33,63.96238437140525,81.02649222124462
33,63.98018191913828,80.95498058076878
33,63.95242397831432,80.99629203788032
33,64.00201092334473,81.01166784654012
33,63.992378234071744,81.03460255494083
33,64.0085827803968,81.0111355401711
33,63.98797320093594,80.99542324104758
33,63.97628917540848,81.02902903885956
33,64.02407784093458,81.00612894469536
33,64.04204135749488,81.01227597290163
33,64.01253996563182,81.01881006974439
33,64.0050170513231,81.04614988323837
33,64.0219298318463,80.99708635630847
33,64.00591233056257,80.96156125152483
33,63.98153257954729,81.003193075566
33,63.99646709647329,81.03641433503604
33,63.964319798227905,81.0023817848344
33,63.992437502382614,81.02979405705098
33,64.04549823843301,80.99530640263826
33,63.96925156734542,81.01442561749185
33,64.01029323902084,80.9568939328193
33,64.01119971800972,81.01226082305041
33,64.00366644773834,80.95689705786363
33,64.01964500786252,80.9938726486956
33,64.01497313998138,80.99251269539465
33,63.97790100439064,80.99581246434815
33,63.9636700181488,80.9752077029788
33,63.989860623519725,81.01270382453846
33,64.02902561951664,81.01065362261782
33,63.995043493791364,80.97972198591138
33,64.00844228613695,80.98290013861036
33,64.03032978887938,80.9722138606784
33,63.980164479432524,80.9762961993685
33,64.03108501815365,81.02464671168605
33,64.00500588322907,80.96389370613996
33,64.0423269249671,80.97869882515882
33,64.03047757464141,81.00033967183327
33,64.03004235990092,81.02832743305002
33,64.00197420583534,81.00832076050435
33,64.04082962871284,80.9759980553166
33,64.00068462046005,81.04525247597846
33,64.03346703598251,81.00793982673576
33,64.03909567912626,81.02019070841986
33,64.0390538988602,80.98038949936863
33,63.98396465635688,81.0325982495565
33,63.97217849972757,80.97228931107222
33,64.00427579837486,80.95181842146775
33,64.01387923958193,81.03324199352981
33,63.9861751060907,81.00772852322217
33,63.9574375948794,81.00954081283622
33,63.97101551189923,81.02796809803192
33,64.02700699187477,80.96484326996071
33,63.98897226287352,81.03740398449713
33,63.984677892775025,80.99715995535699
33,63.99044286685337,81.01897441766187
33,63.987273410951644,80.95278559872447
33,63.95767549656682,80.97605188095069
33,64.04856990792088,81.01038394729389
33,63.99449388825776,80.95670018826556
33,64.02454336047445,81.03050483609557
33,64.03224281859829,81.03336847641597
33,64.00107189335692,80.99395097552586
33,63.998647054825035,80.9952725592114
33,64.00626693817037,80.9793813902546
33,63.99973409710458,81.02790031869553
33,63.971292222955896,80.97951439809607
33,63.98208515852482,80.99847002192915
33,64.0049822238919,81.02419041180386
33,64.01076852315339,80.99674957612062
33,63.96462339278579,81.01301764828152
33,64.01420320868841,81.03106602361694
33,64.00439013927065,80.96356720784246
33,63.98043805324466,80.97316927256533
33,64.01042873088895,81.02526137714919
33,63.98513894555575,80.99097014894481
33,64.00614932991698,80.99304255302874
33,63.95640855815495,81.01495188098453
33,63.99838696660275,80.97944936591315
33,64.01693630568906,81.00412665710904
33,64.04228153477251,81.00751504617229
33,64.03441186778286,80.99099817550055
33,64.03562630989171,81.00126398971425
33,64.02949249976105,80.96293518383332
33,63.99083952729392,81.0073560153029
33,63.96983724770774,80.9712727156166
33,64.04000268816516,80.97218873498814
33,63.97975152025351,81.00126358040364
33,63.96448978237946,80.98406785350903
34,63.975751134588,80.99933019073401
34,64.01588914766971,81.01634498865715
34,64.03496706123035,81.03439036211165
34,64.02233631721533,80.99939129223353
34,63.96299497509557,80.98972265910173
34,63.99271403404784,80.99802993738331
34,63.999158769293636,81.00605379575607
34,64.00639792037514,81.00792879911963
34,64.04286438809808,80.98155156695401
34,63.97010345929009,80.96911693372681
34,63.983886708442995,81.00718510007907
34,63.999019609525405,80.97690302488876
34,63.96224212002516,81.00645290223176
34,64.01288681025932,80.99659178612875
34,63.98518413973294,81.03430954339544
34,63.96717224261926,81.02909297018128
34,63.99506619331583,81.00707132700863
34,64.02361753024441,80.98446350804163
34,64.03643894333925,81.02034186405356
34,63.979037571044465,81.02959576699921
34,63.98020202410398,80.99084422144486
34,64.03426409099002,80.9654349567135
34,63.982527054960244,80.99096366606472
34,63.974212874390886,81.00421389387535
34,64.03903219500307,81.02443637531195
34,63.995013116811165,80.99936501937806
34,63.961116355732095,80.98237909409343
34,64.00588891858293,80.98789843263702
34,64.00294170255748,80.97158256291777
34,64.00468305900054,80.99484830147688
34,63.965758581158916,80.98739159483196
34,63.983867944753705,80.98661466381826
34,63.99105346508451,81.0074529257564
34,64.02076789210037,81.00295946498406
34,63.99557265971439,80.99020117185913
34,63.973658125811085,80.95784077728659
34,63.98794836589226,81.03259784501871
34,63.9902956233562,80.99461275710497
34,64.00555920636484,81.00261609877678
34,64.0417873746665,81.02603727994597
34,63.97829908919255,80.98011908602929
34,63.964328168799106,81.01319449813272
34,63.985550021780966,80.9527974520683
34,64.04158599401548,80.9820699366762
34,64.00242368132778,81.04833608405899
34,64.03342376849821,81.02676965028914
34,63.966834630277255,81.03295956204006
34,64.04111333463477,81.00526372194207
34,63.982007649318255,80.99475423419369
34,63.99846831273129,80.98442542495334
34,64.02444517693598,81.02674706791348
34,63.99820240527305,80.99476619732444
34,63.98243045001429,80.98727673658875
34,63.99041263565607,81.02008488465795
34,63.97735395488384,81.02006134035213
34,63.97888724097451,80.98604309356038
34,63.983697315372694,80.98649280453829
34,63.996926825109256,80.97857662684426
34,63.97443428165284,80.9874350377209
34,63.958538110417955,81.0041090480209
34,64.00339376702125,81.03282596470915
34,64.04560062882865,81.01368836609507
34,63.984420370443914,80.96163497981082
34,63.975858563970306,80.96785077565815
34,63.993346678878275,81.00821924293105
34,63.99548903021559,80.97563662120271
34,63.952060017556796,80.99391877978678
34,63.99276814341448,81.04723715997244
34,63.96566413431255,80.99275977455895
34,64.01764352338414,81.00410721166057
34,64.00591001883313,81.01293674316479
34,64.00744057907998,80.9987079508382
34,63.99389140697855,81.01037647010527
34,64.00493110678305,81.04502452557743
34,63.979299252087465,81.00128313912533
34,64.002321793334,80.99147817061271
34,64.03518146788592,81.0321388217949
34,64.00112573299864,81.03300593274288
34,64.00190892136126,81.0167410624298
34,64.01021869422567,81.01550585347296
34,64.00165150719197,80.98099849239331
34,63.951831576728786,80.99650037380009
34,63.97426530608052,80.98490124774389
34,63.99521577023813,80.97644698118904
34,63.95420163600924,81.00453114789227
34,64.03088695369748,80.96877099686229
34,63.97536184107878,80.9929376430863
34,64.02259152717727,81.04296005468245
34,64.00987326660919,80.98229807813988
34,64.03325434444808,81.01031832025755
34,63.98267105226894,81.02222131737385
34,64.01071046730405,80.9642357267996
34,64.02794225978901,80.98332816767531
34,63.95346578312987,81.00415600548988
34,63.96739601027576,81.02561262837538
34,63.970422010607045,80.99622190331515
34,64.01487505414934,80.95907116442385
35,63.99750971892489,81.01384419371455
35,63.97649213747528,80.96994583776484
35,63.953793877767644,81.01703969326374
35,64.03017936705199,80.97905055720479
35,63.98625317524579,80.96356039132023
35,63.98370366458647,80.98887983505665
35,63.96501263489415,81.00128566505965
35,64.0186163915113,81.03121803287058
35,63.99985070887239,80.97630869191504
35,64.03366401818894,81.03224741252224
35,64.04558269682607,81.00276312649056
35,63.97698453640914,80.9937012491904
35,63.9679531515959,80.96697877908937
35,63.9627771603846,81.00674544234195
35,64.00685613245665,80.9567135478524
35,63.99197821617563,81.00697051367301
35,63.954391492361964,81.0083038091221
35,63.98179085645803,81.01947481354478
35,64.02589685356477,81.00237655591167
35,63.97333489788212,80.98821665602485
35,64.00099238155971,81.03721969812871
35,64.02809934391729,80.96145305820049
35,64.01170196600349,81.00742494124547
35,63.97909345281456,81.03899379293992
35,64.0129374861992,81.02812326994008
35,64.01118317061159,81.0111826226217
35,64.01450676016779,81.03706113302786
35,64.04049445101866,81.00984816731794
35,64.00518182188823,80.98416233833923
35,63.96845135679063,81.01047165676682
35,63.98984820698527,81.01368320311182
35,64.00679490456531,80.95826621738334
35,63.97429341539637,81.0270418349962
35,63.96292999970709,80.97283544766205
35,63.97057509829543,81.00159114189431
35,64.0047951400331,81.04780629488785
35,64.02145826260005,81.01534782577173
35,63.993980722924675,80.97606887469937
35,64.00774827470173,80.98476829448083
35,63.99439446623707,81.0421891178816
35,64.01184004929694,80.99014955700821
35,64.03932683644477,80.97501786069031
35,63.97389572413933,81.01484812002883
35,63.979598612108326,81.03455205592088
35,63.98763169919912,81.00119706583847
35,64.0046749547091,81.04501145550168
35,64.02707555871473,80.97951641554701
35,64.02890095984618,80.99509195212298
35,64.00472114995375,81.00496555850843
35,63.97343797925633,80.98744466690245
35,63.956092779784434,81.00243714727736
35,63.977972283118724,80.97192207734695
35,63.960541344371634,81.02261165670605
35,63.98325042940845,80.99773656711673
35,64.02546158978188,80.99421453943994
35,63.97011735518857,80.97741939526385
35,63.9518789481131,80.98933181517525
35,63.99601430413702,81.01481754982653
35,64.00371102581282,80.99929630438027
35,64.0113008656,81.03425378834912
35,63.96123042884134,80.96880217253889
36,63.96173128504999,81.03161103869108
36,63.972077266642586,81.01413416306741
36,63.978992604975,80.95572236193676
36,63.974736224149474,80.987587003871
36,64.03640515454542,80.99810464409545
36,64.0212075829059,80.9563843888081
36,63.97808758968429,80.98064168684509
36,63.968907453108436,81.00739415378789
36,64.01366050728677,81.01978261149817
36,64.00160968493164,80.98078928501474
36,64.01416202897227,80.96324935381689
36,63.96250558277663,80.97844981674864
36,63.97010789837663,80.96517503930194
36,64.02637990230183,80.97633404837987
36,63.95302393230577,81.00329188044519
36,63.98771753862976,80.95170386049601
36,63.97239661219061,80.96218338401737
36,64.02220668013118,80.98756090303522
36,64.00421998706277,81.0461053765286
36,63.97759856001956,81.0075812239094
36,64.00842046360493,81.03224699195249
36,64.0093080282256,81.00416833869713
36,64.01852667001758,81.03549503868129
36,63.97618623209876,81.01224495264249
36,63.966834125054,80.98413643746576
36,64.01768893434655,80.96808654453756
36,63.9717937616084,80.96280726072203
36,64.03884972218218,80.96876766334854
36,64.0334882620437,80.9989822717115
36,64.0217043781551,80.95641731462511
36,63.981118270783405,80.99323664256615
36,64.03328225681116,80.98634046920904
36,64.02102999245434,81.01128815123552
36,64.02616516644615,80.98082896614555
36,64.00228745640345,80.95996770571648
36,63.988752130233465,81.00775994382509
36,63.970105118863586,80.96857143869948
36,63.97132858383761,80.99751822383249
36,63.97338421530008,80.96863351265004
36,64.0139554442112,80.96098823775374
36,63.996541835032765,81.01884218972623
36,64.0237790146513,80.98894839686076
36,63.98374960086443,81.01154788814539
36,63.97889583115726,80.98343154544426
36,63.99552309024971,81.01239460553508
36,64.0234906449698,80.96934882491021
36,63.96949791544712,81.01598958608092
36,64.00392970389868,81.00755109809944
36,63.98869581517283,80.98289455176045
36,64.0070078893863,81.00599360345163
36,63.98303708545792,81.01453082790343
36,64.03315729242755,81.01573260559594
36,64.02318024969385,81.03841122043458
36,64.01733370113864,81.02794861684586
36,64.00377757144611,81.04497250790716
36,63.9988622617493,80.96321124385761
36,63.99324444843627,80.99881176592382
36,63.987660927949605,80.99726510052294
36,64.00019766761055,81.04953304131162
36,63.99036979781992,81.01446791108569
36,64.02660616854627,81.04061057984323
36,63.96424787295638,80.9838352164737
36,63.990261482013494,81.00381219034065
36,63.97436779444166,80.98913076319457
36,63.99425981768998,81.0102978930812
36,64.00209552588169,81.01910650731772
36,63.959767757251846,81.01673868675026
36,63.991440194786534,81.02576513496493
36,64.01215267465312,80.99814954058021
36,64.02114192855117,81.02606242542626
36,63.988812809972686,81.0248303642903
36,63.99256571494133,80.99207236983776
36,63.97877598376612,81.04215844568341
36,63.97867317575082,81.02864029497142
36,64.0029463308047,81.02610286690206
36,64.04388528091533,81.01321304009352
36,63.994894206481966,81.01815793615162
36,64.00163194830735,80.95806747504268
36,63.95821634810334,81.02675585606265
36,64.01471553395426,80.99468118483384
37,63.98143274752086,81.03725577241208
37,63.97295125762897,80.98606935683
37,63.985779630033555,81.01007312254013
37,64.02422978666773,81.01955960166606
37,64.01831676117047,81.0081172347728
37,63.99432772020729,80.99409970725372
37,64.04016830386001,81.02684512772517
37,63.99622858069239,80.9858256332657
37,64.00159190644186,81.00633655238191
37,63.99678463192829,81.0187610636963
37,63.98611367409954,81.01976395553002
37,63.95938604024135,81.02421120919949
37,64.04027967608887,81.0194313002962
37,63.9791907067636,80.98659717220302
37,63.99129775364125,81.00487688657203
37,64.03061091573113,80.98981785567338
37,64.04510206474252,80.97940158002858
37,64.02012818393979,80.96201826568782
37,63.98566167279585,80.9596156218753
37,63.98234662266617,80.97757816302254
37,64.0014183747219,80.96822233330471
37,63.9615187711984,80.96852919745886
37,64.00513919195814,80.98062055540822
37,63.992772553494405,80.97681015701463
37,64.02150769754567,80.95583268384401
37,63.962597937425336,81.02312895281456
37,63.9869017048755,81.00135924822905
37,64.03200503252582,80.96510723339915
37,63.978688609193135,81.001731441878
37,63.98075741920476,80.99941827285723
37,64.04246959772684,80.9784582419708
37,64.02136406655175,80.96054583575479
37,63.99980897012736,81.02437695012631
37,63.994245723019446,81.0193507836041
37,64.00744473048647,80.98266529478404
37,63.96615438175005,81.02400066509516
37,64.03802584567951,81.00598327064775
37,64.02753082534238,80.99829425555677
37,63.96166282408707,81.01978313922032
37,63.989933981247624,81.0038058294108
37,64.01706586365769,81.01892444057759
37,63.99175209524234,80.97724819954804
37,64.00011115896372,80.99455035419933
37,64.02182242205501,81.04416173098146
37,64.00045025340616,80.99561221506654
37,64.03646068506946,81.02893329810928
37,64.0103794724558,81.02185439025436
37,63.96192113599458,81.02257012629978
37,64.02839637633328,80.99706583518069
37,63.97750099996293,80.99942194324832
37,64.00617320402351,81.0490542841074
37,64.00611193113384,81.01024276176075
37,64.01285313930833,81.03430854930718
37,64.00726866494486,80.9940917463458
37,64.00421508379314,80.95358085610654
37,64.02448687302784,80.95977210663426
37,63.99446158534726,80.97057748063779
37,63.988581236602954,80.96530380589235
37,64.03730900949559,81.0199269204239
37,63.95831715818169,80.98027363063731
37,63.99903710010008,81.01815166705023
38,63.997635958797154,80.99622261366959
38,63.97425011217464,80.97734510339698
38,64.00889638224814,81.02767456801774
38,64.00887659270467,81.03224515158396
38,63.98052237894241,81.0343408220093
38,63.96180011867197,81.01628060060781
38,63.97789864701123,81.02925832858011
38,63.99356620095235,80.97815220978967
38,63.98114110645784,80.99915800155476
38,63.987198063508984,81.0018954101954
38,63.99967472140693,81.0210683310638
38,64.01970667567595,81.01292905441613
38,63.98478469925345,80.9993465888675
38,64.00149792984621,80.98429192390478
38,64.01597673983734,80.9725363212618
38,63.96105697027887,80.98943284455122
38,63.99006982627067,80.95225384125688
38,64.01643506399905,80.98821712670113
38,63.97518329442706,81.03866262547649
38,63.99973973545848,80.98369892377661
38,64.02131272016665,80.96178406972061
38,64.02513231699062,81.02228791479419
38,63.96169559342581,81.02314159373688
38,63.99515497301643,80.97329695089851
38,64.02065113965025,80.98356856400166
38,64.01792885660875,80.97856945561057
38,63.95224776086228,80.99658632383164
38,64.0156557763502,81.03926344114232
38,63.982570657065736,80.95967287973258
38,64.0154682174561,81.03804605861701
38,64.00547397056366,81.00408484642479
38,64.01586466783466,80.98636007122062
38,64.02371016405486,80.96633136714698
38,64.04394424062014,80.97777493437056
38,63.95721318827226,81.00794550160678
38,64.00719066212334,80.9599796755376
38,64.01887688274827,80.99807408695459
38,63.99133786686081,80.99007886245316
38,63.98067820556547,81.02806310881805
38,64.03250964486261,80.9944598269474
38,63.9762845973253,81.04317115338624
38,64.01361317644452,80.96194143444558
38,64.0148197304195,81.0141894508389
38,64.04448975650976,80.97986273787544
38,63.97909216588176,80.98462821610596
38,64.00131274934013,80.95807671014207
38,63.975932864285504,81.03922210965479
38,64.01503668578957,81.00324223707881
38,64.0230636017961,80.99739426133392
38,64.03684936013609,81.02557260857672
38,63.99200415424016,80.99245379956815
38,64.00391361786379,80.97457514178082
38,64.00725806618719,80.95703386460521
38,64.02446233315567,81.01081429333952
38,64.02937582712391,81.00653700860728
38,64.03817756732248,80.99313688068102
38,64.00158266168799,81.012196349758
38,63.984840673336166,81.02190247703679
38,64.03616431416431,81.02394040013385
38,63.982235355800526,81.0158369427031
38,64.00076153840041,81.02357600304909
38,63.977325394656,81.0118800583155
38,63.98675952982917,81.00458992134863
38,64.04224092216035,80.97543807384758
38,64.02014507138416,81.03488574717764
38,64.02629238608066,81.00974222656788
38,63.96625835359885,80.99011268241202
38,64.01161385501581,81.03074539316447
38,63.97742830610706,80.964912987193
38,64.00102640643533,81.01972948937527
38,64.01722931814804,81.03679782300894
38,63.96692474028061,81.01879370778575
38,63.99546926357674,81.0127690090091
38,64.02538450778341,80.960801467359
38,63.95880612778036,80.9925834714654
38,63.98012830595332,81.01142391219871
38,63.95920111271139,80.98418655749268
38,64.00064417759846,81.03352344631385
38,64.00086672474484,81.02319888619512
38,64.02997782355727,80.99066910416823
38,63.974490308069086,80.95846314098169
38,64.03583839551484,80.97662723313641
38,64.0019575182817,81.0233869096616
38,64.01466192534063,80.97937937845656
38,63.999800760662,81.00791028970193
38,63.9756977897563,80.97298850450127
38,64.02195248117451,80.9847114749751
38,64.00525038609949,81.01358206656136
38,64.02258543054944,80.98813820565958
38,63.99343744508933,81.03591032208166
38,64.01782577293577,81.03950458773869
38,64.01383538877471,80.99102724270129
38,64.0372830643914,80.98523200280995
38,64.00172541930075,80.98219605984166
38,63.97319207125601,81.03801015760929
38,64.01450222031106,80.95816961452398
38,63.99224210972053,80.98677035292245
38,63.99232894155159,81.0307567721093
38,63.981620314663346,80.98745084830573
38,63.98070304196667,80.96369618730604
38,63.99832741463157,80.96894928146735
38,64.01373429996865,80.98838480584216
38,64.02627552687663,81.02789761370398
38,63.96576509486604,81.03102690744397
38,63.968181214461616,80.97171801458894
38,63.99067736292104,80.96956380135303
38,64.03834276071478,81.00242728737378
38,64.01137578408937,81.01394118287631
38,64.01596669704973,81.04153548910179
38,63.95751053332437,81.01908359968051
38,64.01668831229333,81.014096168377
38,63.9556681089097,81.00610084923893
38,63.98391065506429,80.95359334945985
38,64.02705982309358,80.97182697485876
38,63.9823390458962,80.98230063625057
38,64.03626599255469,81.00119672911038
38,64.00160428230787,80.97138263727985
38,63.99145357941446,80.99462032196901
38,64.00380951582967,81.00251120738706
38,64.00255459958002,80.95389492056762
38,63.98990708852142,81.03875979599931
38,63.97775103656071,80.98165500847533
38,63.97987322514392,80.96743937491881
38,64.03464875315473,81.0179392221012
38,63.9655652925939,81.030449942104
38,63.97733933584029,81.03920045176731
38,64.04528470934093,80.99122513606578
38,64.00570004143336,81.00195362182608
38,63.99639360378191,80.98880446315293
38,63.983248717530266,81.02183931182536
38,64.00322274084154,80.98384686467278
39,64.02704636442282,81.01351892422832
39,64.03006837438416,81.01390768119316
39,63.98140317428955,80.98297467931255
39,64.0144663562271,81.01753161609321
39,64.03522158207258,81.00573843159668
39,63.967293890103896,80.99077223996886
39,64.00555773804773,81.02674432626618
39,64.01478287825194,81.00486173547719
39,63.961409132794515,81.02096272337262
39,64.02413506898414,80.9904749695602
39,64.03793303262205,81.00894372386037
39,63.96385419692621,81.00781538522487
39,64.02454356282774,81.00464679634051
39,64.03633531584535,80.97435203056425
39,64.00431877691852,80.98662694940322
40,63.990634573198015,80.99322213906495
40,63.98373326291218,81.01973753196768
40,63.978366028979934,80.99375562376349
40,63.984885531278444,81.01371866728081
40,63.96496907403097,80.96538337869202
40,64.01749296506374,80.98811476441368
40,63.9528867810377,80.9838623561636
40,64.01343638426872,81.01297570674204
40,64.01331844367863,80.98490935962212
40,63.95319590940658,81.01160585348849
40,63.9685090454056,81.00915455415283
40,64.0455671927347,81.0021997904754
40,63.9796004482223,80.9621496452491
40,63.95674750910376,80.98671783195913
40,63.99629973378479,80.98020447534981
40,64.0200124320687,81.00067722239288
40,64.04130714606701,81.02218109996039
40,63.9976804678994,80.98121854800534
40,64.04257349508713,80.98820137704159
40,63.98064164781363,81.03277041452235
40,63.99129000900871,80.99152006924916
40,64.03522158207258,81.00573843159668
40,64.01410808561194,81.02307624575015
40,64.00977786123111,80.97269780161592
40,64.00944285450802,80.95216997378827
40,63.98843098729292,81.0313140496086
40,64.00703810852765,81.01009726447279
40,63.966341494900085,81.01729868760626
40,63.98243645521909,80.98116883975197
40,64.04103456743798,80.9982589677204
40,63.97908250575892,81.00159931949226
40,63.97740227252943,81.02135617266609
40,64.03704204747842,80.9784143557179
40,64.0407954820247,81.00561748349566
40,64.04369664252116,81.01593032146216
40,64.02561639854613,81.03158558350327
40,63.97430277067136,81.0281253977637
40,64.02354015610148,80.99663619893113
40,64.03781552641006,80.99528777304597
40,63.96829633010529,81.02515030914725
40,63.98604790085257,80.98428309276291
40,63.98574090381224,80.9576937021154
40,64.0373826890355,80.9815990358778
40,63.99772606308156,80.96359765028096
40,64.01900273417596,81.02109528077652
40,64.01245705755238,80.9734601895459
40,64.01292154957625,81.00102667627094
40,63.98659836927004,81.01323404318376
40,64.00695881864473,81.01972551459792
40,64.0229007016238,80.95754656488879
40,64.0202222149392,81.02744824591133
40,63.957873828660865,80.98787092131576
40,63.979469835929265,80.99021743491058
40,63.9606707030311,80.9790644191637
40,64.01435539356262,80.98035678557478
40,64.04242006724847,81.0063061282802
40,64.00120696049679,80.95119155899087
40,64.00392970389868,81.00755109809944
40,64.01099917646226,81.02437819413016
40,64.03032728549779,80.97264186517125
41,64.01001746415382,81.02968823357136
41,64.02573666215815,80.98148771672561
41,63.987177190050886,80.97436629984082
41,64.00526770403074,80.9964376671119
41,63.98268470046283,81.02469166922452
41,64.02584970749204,81.04279039708285
41,64.03267891905205,80.98288032396009
41,63.99381954850044,81.02118349891919
41,63.97945416080989,81.00535698331424
41,63.97099220875513,80.9731391592634
41,64.00140017057828,80.99168990102612
41,63.99724443773359,81.00828990918131
41,64.04309636737875,80.99909056006223
41,63.99840485926705,80.96298063463709
41,64.00757301232417,80.99158754789683
41,64.00518182188823,80.98416233833923
41,64.03674539156351,80.97840452190063
41,63.96508381255159,80.97996991096282
41,64.01420320868841,81.03106602361694
41,64.03001399497201,80.98975934877595
41,63.99324573198989,80.99396878971783
41,63.9941990036149,81.00603099853491
41,64.01041933592924,81.00962589443621
41,63.97609353454868,81.0188468566195
41,64.03854231845506,80.97166744419104
41,64.02362893025358,80.99102735016496
41,63.991837766246654,81.03911387728274
41,64.00940687279773,80.97410225695134
41,64.01557155015435,80.975268319434
41,64.01031569993718,81.00838236436617
41,64.00611891499041,80.994041960094
41,64.0456893701234,81.01552997861938
41,63.99274754197668,80.97335115018201
41,63.98638586992053,81.03909287943611
41,64.02663668123998,81.02500585380565
41,63.96793663018494,80.98279998873343
41,63.98575659166953,81.02766395837772
41,64.02433036460663,81.01253526667824
41,64.01311086195193,80.98378153325999
41,63.95498198444081,80.99125078675742
41,64.030583263129,80.98263708420109
41,63.973658125811085,80.95784077728659
41,64.0125533899382,81.02505644701344
41,64.00965735340927,81.00564821893299
41,64.02712733100361,80.978304172434
41,64.0319305771523,81.02215794040814
41,64.01734915391472,80.95449745975783
41,64.00967173878439,81.01229460246633
41,63.992744730318776,80.96372752033973
41,64.03782853624615,81.02195959330236
41,64.03132710644552,80.98318525802436
41,63.97897859608163,80.99151897287179
41,64.0088734890482,81.03787942526662
41,64.01970092784047,81.03275666120629
41,63.98678583081529,80.99293104933858
41,64.02374512862045,80.98360846380078
41,64.00329774205082,81.0273211688993
41,63.96418743899313,81.0145954003699
41,63.990941873105264,80.9936270525492
41,64.00452913863407,80.9525381862049
41,63.9987345167076,80.98482130589575
41,63.97314763334554,81.03191095787591
41,63.96651113152086,81.02520570208986
41,63.98845753678503,80.9750634335059
41,63.9831878792726,80.98378751137687
41,63.99170004228649,81.02402831967893
41,63.973673803822,80.95753509300224
41,63.983937617071,81.03651146968717
41,63.97485280972592,80.99657678102419
41,63.951965198974186,81.0029085508325
41,63.972102050230596,80.97626081803745
41,64.01780629503587,81.01909497426281
41,63.99196959509376,80.99398036095432
41,64.00996372392898,81.01439406398283
41,63.997662925922654,80.99638178431607
41,64.03124805833474,81.02643773288034
41,63.97845131389846,80.99599713789225
41,63.98494721624812,80.95786444564968
41,63.973125476026716,81.03257307060775
42,63.959230615352695,80.9940583082504
42,64.01163767632995,81.01081462990815
42,64.02037777374363,80.96946639397909
42,63.97985052615592,80.9945163090748
42,64.00993720911676,81.046972246894
42,63.96332864478426,81.0179010437036
42,63.988308517368296,81.00113025351035
42,63.99407039890936,81.00409666286122
42,63.9928136605293,81.02459495005377
42,63.980428016864046,81.00707181748867
42,63.98303109211097,80.95436667927576
42,64.01834510531015,80.96867219052147
42,64.00124848124891,80.97060576957949
42,64.0251772518096,80.99802209866776
42,63.99486950097337,81.03560357111756
42,64.04027237965303,81.02002891296176
42,63.99112050086088,80.9928153166992
42,63.972633347492064,80.97119776099768
42,64.00564309463829,80.96630402623279
42,64.0139515165152,80.97602465093753
42,63.990841181899555,81.03095250557037
42,63.989960047248125,81.03743088701522
42,64.0291185635986,80.98654276871065
42,64.00453760243498,81.00804633210453
42,64.03993237323098,81.01544240825905
42,64.04089056763523,81.00009110289155
42,63.98876228100449,81.00503906844835
42,64.00428906380776,80.95899699567737
42,63.982452725949315,81.02644892519373
42,63.99725794245132,80.9998530247198
42,63.977380990359705,80.98105659605015
42,63.9967606756473,81.04149857970054
42,63.99472791633616,80.9972208023233
42,63.97842334282652,80.99635506104524
42,63.997124064660966,80.96480664862287
42,64.02396760130337,81.0048730148608
42,63.96996540600539,81.03744453218546
42,64.02672599431443,81.04068913779294
42,63.977500361858326,81.02416703621564
42,64.03746495444885,81.00874217053098
42,64.02190047942327,81.00868745952184
42,64.02636343904436,80.96964138903788
42,63.97658756556544,81.01245871724032
42,64.01136740432587,80.99765077618905
42,64.0182340284073,80.966718636639
42,64.01025276406689,81.03757476950221
42,64.03211689514706,80.96416629510574
42,63.9577931768737,80.97856635522625
42,64.04567095273981,81.00893451257329
42,63.987955170737166,81.02842035346563
42,63.9850928990603,81.00324552944731
42,63.9877613050018,80.98492861697903
42,63.99208814444778,80.97857643547816
42,64.03181029486412,81.01336771052615
42,63.97905321121885,80.99766129598703
42,63.96901621187004,81.02938155702272
42,64.00081681824796,80.98657249709831
42,64.00471439327458,80.97910495748353
42,63.984253221681946,80.96679565506003
42,63.955972905311434,81.01955585159213
42,63.96099421626194,81.02726653530488
42,63.990948359508984,80.99259969280016
42,63.961425642996055,81.01673807363395
42,63.95630105943728,81.00692314558513
42,64.0026223849341,81.03142036281011
42,63.97320901607493,80.99953228192975
42,63.952914409447956,81.00877290028718
42,63.96810347629189,80.98775145801818
42,63.9672739612923,81.02307565434853
42,64.00350192623692,81.00586448357834
42,63.97996519620948,81.02626134699776
42,64.01745860659081,81.00448229301885
42,64.04446705634022,80.99258703624677
42,63.993548067089314,80.98402583935213
42,64.02321534736356,81.01983438780084
42,64.0003472470943,80.9907167420699
42,63.975221763252144,80.9643344715121
42,64.0128615115151,80.99966701685689
42,64.00417026019808,80.99441561501908
42,63.98453327286734,81.0255372060222
42,64.01031976693166,81.00077194041938
42,63.981070992216836,81.03058371058697
42,64.04794469524735,80.98620607385725
42,63.95745898969349,81.00438212076277
42,63.99244652277372,80.96064185513924
42,64.047346959317,80.98403786166388
42,63.96260120715227,81.03062795750795
42,63.977075923896,81.0130157194546
42,64.0271829157747,81.01670316320767
42,63.96394314285569,80.98247920548948
42,63.978142789667636,80.98500847682637
42,63.98278908498059,80.96814296845099
42,63.99034723740281,81.0087142246907
42,63.991449882600534,81.02313109235166
42,64.0284574890873,81.02079852684015
42,63.993498324617725,80.98809021676928
42,63.96407913695458,81.00530179439959
42,64.00519425705032,81.03987432513567
42,64.00346989461151,80.98013982863922
42,63.99972401476405,80.95772231579963
42,63.96193220918737,80.98584402571086
43,63.97759856001956,81.0075812239094
43,64.00664393234472,80.98353553985139
43,63.97085847049731,80.98070965203644
43,64.0039614790313,80.98158448782596
43,63.99341492509022,80.9880251925079
43,64.01860468571019,80.96303164065493
43,64.02100200588596,81.00128701937336
43,64.00148643938697,80.95694654274794
43,63.98577142837959,80.96371432203244
43,63.982183269134886,80.98969450409645
43,63.99945362704132,80.98715342949662
43,64.00117645089414,81.01208851731167
43,63.981363223292384,81.04626502514948
43,64.02168941412457,80.99222482887177
43,63.99686471353122,80.98826010992718
43,63.96510433448213,81.00543039460966
43,63.954677703780185,80.9892955008482
43,64.00833216183374,80.96167436482447
43,63.99064497855529,81.03209476807817
43,63.976106161253576,80.99616118386507
43,64.00804385475507,80.96379712340692
43,64.00387091928833,81.01621461387148
43,63.99900792029926,81.00582385089209
43,63.96393585057005,81.0197598030299
43,64.02360440943161,81.02748489112427
43,64.0417869926313,81.00293541531616
43,64.00100109424137,80.99732039419855
43,64.01362253403782,81.009643378176
43,63.98798630132203,81.00163919900449
43,64.02400483699824,81.00404213552828
43,64.00102640643533,81.01972948937527
43,63.978187985117295,80.96343961962125
43,64.00452913863407,80.9525381862049
43,63.977438454680936,81.01398010218459
43,63.998387684996246,81.03663551197613
43,63.96236795452246,81.02948144265433
43,63.99652963521232,81.0476674888607
43,64.01668811638976,80.9945068024806
43,63.994098380354515,80.96614988521131
43,64.01958060661904,81.01152558120857
43,63.97629366327599,80.98555945882221
43,64.02944484214503,81.00886444866113
43,63.952995529133474,80.98497670028878
43,64.01551792750631,81.00131493657389
43,63.95384705710833,80.98143733659552
43,64.0106645962421,80.99588587518255
43,63.964760563397974,80.9760578567329
43,63.97059276234847,80.96622415973084
43,64.03634479270342,80.98527190088436
43,63.988661086509104,80.99229827031408
43,63.975571767068914,80.97026963278253
43,64.02062658213565,81.01916136452357
43,64.00615437758329,80.98149860904834
43,63.97571691499181,81.02445330264221
43,64.02524294640688,81.00044321215967
43,63.98976821094358,81.03940390612458
43,64.01281610841616,80.98772398701247
43,63.978671007838706,80.99701829583417
43,64.03233209259135,80.99259752202872
43,64.03197588571103,80.96448285770079
43,63.99054073918818,81.03218579090466
43,63.99203200149365,80.96518238587346
43,64.04609186534573,80.98230295060571
43,63.99351743899375,81.01327233044094
43,63.98067907817645,81.03017435546717
43,64.03508175366791,81.02497891206662
43,63.99228451865923,80.96085310269521
43,64.03951966367593,80.99260163651985
43,64.02065158632273,81.01200141865692
43,64.01610215059738,81.01035612981538
43,64.03846898785226,80.99490299327758
43,64.02354365439032,81.00698823523726
44,64.0125973367521,81.02507923272321
44,64.03838733053314,80.97067968269273
44,64.0358236169111,81.00709017034767
44,63.975930417272295,81.00601379677565
44,64.00010940512558,81.01081310648806
44,63.98215962799825,81.01950064613186
44,64.02709259430159,80.96847015230469
44,63.99348542460751,81.0003972096972
44,63.99970605203534,81.03868263605105
44,64.03060229306882,80.97703512218692
44,64.00256683527955,81.02794016192021
44,64.0088734890482,81.03787942526662
44,63.96718321550716,80.98076767595208
44,63.96416498878689,81.00366682970913
44,63.977567223155646,81.01271905781745
44,64.01083278854459,81.01863730559683
44,63.993603597051354,80.98011013829895
44,63.96978830508544,81.0033713794592
44,63.960859011804864,81.02625080656054
44,63.96987705644706,81.02336432990688
44,63.98132128867358,81.02773836969153
44,63.962070724882906,80.98724173881673
44,64.01404781513206,81.01978464486702
44,63.96872531319799,80.99163713071867
44,63.97283293280189,81.00664523022019
44,63.9945940735591,81.00053334065665
44,63.98663949722927,81.01011709810498
44,64.01589376440306,80.96283564966537
44,64.03788646089293,80.98883395161512
44,63.958298331224164,81.01652245212856
44,63.96140803468028,80.97593120543941
44,63.99479567032277,80.98502707004475
44,64.00387900223568,80.98401084472117
44,63.98771313427936,81.02370888163347
44,63.96347626431028,80.96923320437287
44,64.00902612387758,81.01721371956955
44,63.99015483360902,81.01100501723859
44,64.02223855092252,80.9955601643768
44,64.01537121501337,80.99845064219681
44,64.00583165492371,80.98776746346839
44,64.00154351451995,80.98490908796317
44,63.979960542372886,80.97920923642631
44,64.0340680987606,81.00519943047759
44,63.99430890536626,80.98937523704066
44,63.97427973486482,81.03572399996402
44,63.99249067199342,80.984650483786
44,64.02023703702652,81.0308837567427
44,63.973244372167194,81.02563480626081
44,63.98889992276041,81.04223802142012
44,64.03384896457034,80.97511391548818
44,63.99422839243682,81.00412479618028
44,63.98324597032059,80.9536237227121
44,64.00689940737408,81.00003489914639
44,64.04753894648569,81.01326818151638
44,64.02496664312557,81.02482650492354
44,63.98803209823474,80.98643506963205
44,64.00630172775844,80.98553857634069
44,64.0400794964507,81.02432138808321
44,64.00128196096108,80.99193641718473
45,64.01752197215878,81.02269368262405
45,64.03324962587715,80.99447884914287
45,63.953326355157586,80.98357420477048
45,64.01805609340417,81.00608340446387
45,64.02239777569422,80.98241851343163
45,64.008676625501,80.98810468297388
45,64.03163933870844,81.02029628126454
45,64.02228714949668,81.01755711439867
45,64.00947012463014,81.00865444364972
45,63.952437399179644,80.98622252742875
45,63.969584578555384,80.98626076488492
45,64.00603228700369,81.03735010149873
45,63.965210408500006,80.96624429092512
45,63.97797314996405,80.98302199736563
45,63.98011957851742,80.97342968503627
45,63.990263710921475,80.97754237099032
45,64.01328917221309,81.00474298581055
45,64.02385536865232,81.03628863867854
45,64.02883500385607,80.97398056634033
45,63.95557686291665,80.99651993863397
45,64.0241817119353,80.97799229813467
45,63.96118220017825,80.99021940231056
45,64.01267938752534,80.98954097070241
45,63.98740169528257,81.03229808569935
45,63.9601793446127,81.00874144639556
45,64.04708754690567,81.00460996271948
45,63.958297596054265,80.99571159929926
45,64.01906395877062,80.99645165855247
45,63.99830530337025,81.02214748758043
45,64.0321511335102,80.98281710425918
45,63.97508901647971,80.96450575319103
45,64.03980560515906,80.99986419401506
45,64.0482964953822,81.00726619759604
45,64.01905886729186,81.00055196427107
45,63.98442354118157,80.96075799893366
45,63.98675599699199,80.96199998307672
45,63.97234693504642,81.02187954534685
45,64.02215632900749,80.97139574296227
45,64.03202340444635,80.99895974979205
45,64.03291395355582,80.9864663959674
45,63.968438408435965,81.0066168304401
45,63.98694555662651,80.98018392606717
45,63.97768062949724,81.0335531705156
45,63.99821193214016,81.0233008755232
45,64.04775442821762,80.98589297295699
45,63.966674788289325,81.00815678401882
45,64.03870773009031,80.98618210747489
45,63.99849511881574,81.02401391626789
45,64.03137906604368,81.01473003883798
45,64.02739284322378,80.96022872989573
45,63.97896096702801,80.9608848327539
45,64.02206200511279,81.0072453000594
45,64.00222760899578,81.03825599590196
45,63.97574355100883,81.0218300543355
45,64.03957047547662,80.97321476654992
45,64.02494490142776,81.02899906598466
45,64.00859695885141,81.03062998373238
45,63.980961626045904,80.99203784330733
45,63.985640617950175,80.96952730733315
45,63.95435419996332,81.01641909130784
45,64.01977318625507,81.0270877666423
45,63.99858645284775,80.98845884640055
45,63.95871137126782,80.99259781760426
45,64.01775953475791,80.95410788134913
45,64.00482496930093,81.01719638666326
45,64.02929150880885,80.99469110403076
45,63.97746431544087,80.99076962416972
45,63.98380633763463,80.99912627302245
45,64.02764547704368,81.02339763237578
45,64.01017326763078,80.97905397722819
45,64.01416067238553,80.9859578406386
45,64.00633562552156,80.96961921635955
45,63.973770119798395,80.96998915145585
45,64.03196915439675,81.01291511599871
45,64.01431178134514,81.00654192495803
45,64.02079966439129,81.02959476465303
45,63.981382281415975,81.00540059306651
45,64.03504349329792,80.98494482382169
45,63.97912708353361,80.98022199311495
45,63.99432519185039,80.9944917367016
45,64.0024190402543,80.99031981356691
45,63.97100705403241,80.99380076844935
45,64.01678146513963,81.00737443564472
45,64.02343749603146,80.96107085036064
46,64.01431686370042,80.96768538758724
46,63.96970857352537,81.00677217237876
46,63.99547832867794,81.04943518281213
46,64.03034808356357,80.99518438410614
46,63.99774137833434,80.98269276135802
46,63.99812976422546,81.00695340245264
46,64.04122736643119,81.00902004710781
46,64.03318468352464,81.03257351226964
46,64.03509724753745,81.02128925418907
46,63.96968558783705,80.96287131494014
46,63.99127762611304,81.01574453960747
47,64.0342763209194,81.02976640534716
47,64.00439845005938,80.98989686885555
47,64.0057546218532,81.00896389334801
47,63.984976236532205,81.04311949572862
47,64.00358804517519,80.99450940266091
47,63.97209062128038,81.02890370022023
47,64.00533616603117,81.04549659896621
47,63.99859070402996,80.96799875130355
47,63.96475610521517,80.98190179165985
47,64.0289857617593,80.98980302444389
47,64.01289595423556,80.98719073882224
47,63.996867086486084,80.98167047791493
47,63.98430980534282,81.00800914115528
47,64.02986852491001,80.97007022760322
47,64.013443497317,81.0127775152699
47,63.974539147325515,80.97775214454958
47,64.03692392211663,80.99282987356715
47,64.03701389894515,81.00843842134111
47,63.97737833409986,80.99017348999568
47,63.96678024244532,81.00933081492254
47,64.04579568027714,80.9882666579066
47,63.974660767633786,80.98061045944452
47,63.9608689327546,80.99777332350686
47,64.01041967894012,81.00850454860469
47,64.00279659435955,80.98582652728886
47,64.01571401104674,80.96260812315838
47,63.96423016773703,80.97150947083124
47,64.0353112081999,81.00259293116949
47,64.02995035466023,81.0371364438747
47,63.96585752249806,81.0174359510779
47,63.97635265405215,81.00045234391963
47,64.01010855982837,81.03270050366726
47,64.01273926239342,81.01230442445765
47,63.978404135887565,80.98546308683285
47,64.03205503066894,80.98592161290918
47,64.04064192807598,81.02336428537731
47,63.98512644396014,81.03715509412359
47,63.97877598376612,81.04215844568341
47,63.98960530546001,80.98893692707124
47,64.00292186527369,80.9592213890583
47,63.99330162614306,81.041132360608
47,63.99727610930757,80.95729471407236
47,64.02787568333429,80.97319466358192
47,64.01009547626155,80.95915783888603
47,64.01259330517269,81.03614043941559
47,64.01292812061126,81.02048590202133
47,64.03347437013967,81.02894037189846
47,64.00645187196046,80.98202054517725
47,64.02410057938744,80.97517468364941
47,64.0229865919985,80.95587063958024
47,64.03701696378177,80.97285886201855
47,63.99426623286565,80.97364394597453
47,63.97397334504051,81.00746935061291
47,64.02013512020186,80.99391521319086
47,63.96466774666956,80.97742636373208
47,63.960483767300076,80.97389592746717
47,63.98644780007558,81.02212064072744
47,63.98027473394984,80.96628979745044
47,64.02688185731799,80.96577423795159
47,63.98421838648703,80.99345661172785
47,63.99308670098026,80.98511826256679
47,63.98702737830963,80.96748597440732
47,64.02827087971627,81.01120804736853
47,63.980723339883376,80.99992686353562
47,64.02477382192964,81.01233389592056
47,64.00601673753098,81.0105460329739
47,63.97539348992946,81.0009083416627
47,63.99139252980724,81.04226662804687
47,64.00104715988377,81.0189991626612
47,63.99244498263599,81.02114234159225
47,64.01269326932832,80.97711217372873
47,64.04086112354386,81.02282123029869
47,63.99509165821241,81.03640991600464
47,63.99581432119139,81.03007546566492
47,64.02239705077223,80.98971532839391
47,64.00564068908058,80.9914202233045
47,64.03981099989028,80.98733432181896
47,64.03137629701507,80.99949026591486
47,64.0071297179047,80.99074799747804
47,63.95250169775519,80.99393699054656
47,64.01695052479626,81.0033179570287
47,63.97649213747528,80.96994583776484
47,63.996320730034256,80.9743206401394
47,63.964996417610635,81.00810896366195
47,64.02604956917732,80.96575044737308
47,64.02161269028653,80.99037093419248
47,63.97162720658069,81.00109269622351
47,64.02251717968558,81.00596582646575
47,63.99086017361847,81.00767525495746
47,63.99382026223663,80.980043459874
47,64.01269326932832,80.97711217372873
47,63.98985041347572,81.04360327209915
47,64.01037674701537,80.97036178546405
47,63.989429953021805,81.0024616628259
47,64.04849581327764,80.9916031709488
47,64.00652770261856,80.97501329860188
47,64.02989309785809,81.00970945585462
47,63.98743711667355,80.9552228085498
47,64.04044089113631,81.02300245781974
47,63.969600620515926,81.03926495724244
47,64.00471760964184,81.02437332504932
47,64.03930802678002,80.9719670099234
47,64.00104715988377,81.0189991626612
47,63.997190705963284,81.01392681468194
47,64.03419085908469,81.03376758435108
48,63.9688931372197,80.98539567260224
48,64.02109091343141,81.01503594426727
48,64.03817782914628,80.9809070312361
48,64.01486191058491,80.96509440453373
48,64.03239448105181,81.01406215909414
48,64.02145795125219,81.03099903614208
48,63.98248168514525,80.99409739812616
48,63.986988885858125,81.02778749789186
48,64.00421508379314,80.95358085610654
48,64.02262513973969,80.97115967060164
48,63.99814165967217,80.97635461867266
48,64.01658338614075,80.97752558584138
48,63.95816634143078,80.99427218755638
48,63.9953097873245,81.02657643655348
48,64.00151909782882,81.0123059267398
48,64.013155323395,81.03151157106977
48,63.981560872681854,81.04032040164974
48,63.99040543990313,81.01089532333279
48,63.998738134658055,81.0408620714081
48,63.972009708322005,80.97878645277031
48,63.987959687043286,80.99406807113424
48,63.97138826325211,81.00649964308288
48,64.03193576019112,81.03778585935862
48,63.978900118210525,80.97424517936011
48,63.9618094255579,81.0119565122183
48,63.974878548250594,81.02186826039794
48,63.968471823740046,81.00246604696437
48,64.0141687418617,80.98767909273177
48,64.02410057938744,80.97517468364941
48,64.00273129915837,81.01344690481872
48,63.98409548662604,81.02049496296982
48,64.04913337663936,81.00775621936856
48,64.0227699776937,80.97769384829499
48,63.98351985557688,80.98915229229709
48,63.99812443685225,81.00240598556671
48,63.95953891579586,80.98547367734213
48,63.98271039751184,81.04473956818805
48,63.970039999105666,80.9669837915527
48,64.0215251987901,80.96499158983588
48,64.01873314513561,80.97594613576341
48,63.96351550632045,80.98243265215442
48,63.96909634560602,81.01333191845171
48,64.02911686167263,81.02024765966283
48,63.97554372722156,80.98319402594078
48,63.987273410951644,80.95278559872447
48,64.00902638855541,81.00378809287966
48,63.97234047092193,80.98743311360886
48,64.02250800434136,81.00762390866758
48,64.0043474786726,81.02651482056544
48,64.02965854856784,81.0268247704548
48,64.04604777223349,81.0115678261651
48,64.00408324168993,80.98274214386593
48,63.969584350306334,80.96088145387458
48,64.04719836990014,80.9905881518487
48,64.01192218944658,81.00427826512012
48,63.96999827859176,81.01197992945703
48,64.00124200128899,81.01125597019193
48,63.99088364823374,81.03302819287218
48,63.977402536844444,80.9992369876423
48,63.98610126820497,81.04434798758984
48,63.96579405424422,80.99498355895646
48,63.99109242838154,80.96301695113972
48,63.97162968339503,80.96458348697027
48,63.99063408438593,81.03436968357646
48,64.03062697434319,80.98234839997401
48,63.9621641170404,80.99763849191447
48,64.02203269402833,81.03871734979404
48,63.964358982301526,81.01290171987603
48,64.00652874460667,80.98613415746576
48,64.00739409875139,80.98930944548935
48,63.986186903414236,81.03307062752323
48,64.03419085908469,81.03376758435108
48,63.99514738639172,81.02459075681517
48,64.01112453718595,81.02063645007071
48,63.98975913716758,81.02297630854528
48,64.02038547484257,80.9742671633317
49,64.00785688711954,80.9804648984001
49,63.98776887245206,81.01332702386865
49,63.96966870462231,80.99134467241409
49,64.00615826078153,81.0217625684698
49,64.00430201805123,81.00716555681714
49,63.98207332434942,81.00831389104286
49,63.972507819604026,81.00839902185743
49,63.98241849247191,81.01987519553373
49,63.969470412396944,80.99753292191627
49,63.97847059677357,80.9569869708549
49,64.01427363064649,81.00679416723202
49,64.01658632798818,80.99412912003679
49,63.97817014736083,81.00308656377192
49,63.96074973836944,80.9693501308676
49,63.97216806950563,80.96812484145002
49,63.959690665898094,80.97746305159347
49,63.98701581802871,80.98477887736253
49,63.986700663979974,80.97394992617565
49,63.987930630485074,81.00401945878782
49,64.00668101621348,81.04362752822317
49,63.99433376849255,80.95356262576114
49,63.99880653420274,80.98778556515218
49,64.02370397549038,81.00837261618177
49,63.994106267155836,80.97808987545062
49,64.0452677651479,80.98976172695899
49,64.01619499507827,81.03576344361575
49,63.97995505755832,81.00028854111113
49,63.96302995425704,80.96751421483489
49,63.96176570696221,80.97189241112864
49,63.96929370635605,80.97321723873725
49,63.99755256789862,80.95761027393657
49,64.03846898785226,80.99490299327758
49,64.01337543454189,80.95662495593962
49,63.98427366802642,80.975982841178
49,64.01422692782312,80.96392634450442
49,63.986713621580826,81.04782806887162
49,63.99755037054736,80.9856251839401
49,63.97162713598127,80.99865699751844
49,63.9903056183461,80.96947655497446
49,64.04573204424123,80.9990151359023
49,64.04077346705778,80.99689141946612
49,63.97825505589428,80.9964661899051
49,64.00949473336797,80.95316524529036
49,64.04399014606538,81.01678184929952
49,64.0186283009413,80.99063485279926
49,63.97681542859175,81.03752428927538
49,63.99380337954113,81.00797469328432
49,64.03053802701133,80.97271696986043
49,64.03200990210973,81.02734467770466
49,64.00288756246599,80.98683330582071
49,64.00858800965325,81.00808441116023
49,64.0426530282055,81.01605281892893
49,63.96042309103203,81.00891402614621
49,63.97439879108717,81.0251361629824
49,63.97091900089148,81.02636714089459
49,64.0136774605501,81.0297695007172
49,64.01380317191332,80.9669873610726
49,64.00790229654898,81.03664645985138
49,63.97632573380056,81.017566249003
49,64.01662174952406,80.98157306810951
49,64.04083298091652,80.9825459215411
49,63.999884633475894,80.97058920926244
49,64.00107492248044,80.96157637031595
49,64.00531945898648,80.98599798178267
49,64.01749932840046,81.02671710167857
49,64.02434610295778,80.95748831882527
49,64.00058913935901,81.04826142759553
49,64.04686388357555,81.01242266247887
49,64.02598975660437,81.00183134699917
49,63.97198904790916,80.96625939925234
49,63.9989686713743,81.01702149508361
49,64.03066407672986,81.01331283945419
49,63.97584579431342,80.9759592871435
49,64.01958732926668,80.95878826130382
49,63.9590391007958,80.99844476020472
49,63.992732034971525,81.0393375865767
49,63.980681316009345,81.01192622661345
49,63.96564301263475,80.99210710062682
49,63.98627134955402,80.9799079471729
49,64.01384283380924,81.04347290144393
49,64.03407015671164,80.97282250855507
49,64.00568385189936,80.99176588604081
49,63.97629036229943,80.97247921402725
49,63.962689384244314,80.99061573316533
49,63.9731922912118,81.03864098788637
49,64.04100151757466,80.98291845072104
49,64.03994282892741,80.97468877493854
49,63.96089901420076,80.9822284010332
49,63.997558220443445,81.00723373958007
49,63.98215118845871,81.0243434578666
49,63.95999987230809,81.0197849572201
50,63.99798501695147,81.03124962837785
50,64.02991071544899,80.96743634962385
50,64.01944030376124,81.03558359904184
50,64.02616989271827,81.03643352412523
50,64.01816785825103,80.99931198372136
50,63.9933040985808,80.99188842345914
50,63.98627134955402,80.9799079471729
50,63.98467793903925,80.97667656599714
50,63.96604543195291,80.99906235350656
50,64.03278960463894,81.01656118586246
50,64.00748288466909,81.04915504621472
50,64.00200434454719,81.04955366624044
50,64.01338757888735,81.04465516352356
50,64.0064387163153,80.96351503148445
50,63.98484871541479,81.00784175218244
50,63.95667881434292,81.017198610249
50,64.00897103015939,81.01033081307592
50,64.03769344959412,81.02737477219749
50,64.0215177550971,80.96737532767506
50,63.99472791633616,80.9972208023233
50,64.01369517997922,80.98473823226792
50,64.03148601616842,80.9656061485212
50,63.955738188863315,80.98439070000292
50,64.01571401104674,80.96260812315838
50,63.97361201559084,81.00254733580425
50,63.96800285661732,81.01281697827125
50,63.98380350371561,81.02322692074229
50,64.02963713975358,80.96868787064155
50,64.01947864357774,81.00820358452468
50,64.00207150637038,80.95301127429424
50,64.00350192623692,81.00586448357834
50,64.00124352806118,80.98166914961809
50,63.978033796590225,80.95824252692586
50,63.99351896160293,80.95164820105828
50,64.02218088832888,80.99181171197912
50,64.00652236211714,80.99432890138172
50,64.00531133577398,81.02367517846106
50,63.98544975871157,80.98188897561415
50,63.962188953481174,81.02395473837173
50,63.98035932114733,81.03355933755981
50,64.04131313685421,80.9821299685317
50,63.98277098283173,80.97025962716558
50,63.98551263575393,80.97837792727545
50,63.9973610987277,81.01031904694919
50,63.9732637373547,80.9587035348062
50,63.965759815143734,81.02266585425456
50,64.00902320500363,80.97294749855621
50,64.02016581653838,80.98619276329504
50,63.992666937633416,80.9508389385633
50,64.04158066471618,81.0238602579849
50,63.96140803468028,80.97593120543941
50,64.00741930327668,80.9884586318894
50,63.990614972815486,81.0075131631102
50,63.97472456696632,81.00038842014087
50,64.03653091290576,80.98218466177042
50,64.0090101708219,80.97687689964987
50,63.984547194514114,81.0038438154148
50,63.99824162435764,80.98781083316317
50,64.00092743050519,81.0268274788512
50,63.99912852528112,81.02253625612722
50,64.0013817461973,81.01847410332454
50,63.97480773854583,80.98797886259075
50,63.96865565983861,81.03022437844267
50,64.02498279249096,80.96482592939975
50,64.02450974568872,80.9848196109875
50,63.97422827142045,80.97095978412995
50,64.00617996146792,80.963922497607
51,64.04683856926682,80.98444201615375
51,64.0132591702172,81.01619777298218
51,64.03965359703503,81.01637772883834
51,63.977537160888815,81.00961254224617
51,64.00014285703682,81.00164871288392
51,63.99951663313542,80.98082198887796
51,64.04260149871659,80.99928231650675
51,63.99379409869208,80.96350457712718
51,63.97306737802383,81.00060741776106
51,64.03251825642992,80.97398736525508
51,64.01114865896652,80.9888921569987
51,64.02943391922771,81.02183195748661
51,63.99453605319142,80.95700590668514
51,63.995767896900404,80.97605808187143
51,63.98905844334086,81.03529422828673
51,64.03646068506946,81.02893329810928
51,63.98581582369894,80.96862831165804
51,64.00864165700517,81.00347698352562
51,64.00210117798069,81.00544471495502
51,64.02696010154627,80.9686559438032
51,64.00352353619776,81.0138406658029
51,63.97742830610706,80.964912987193
51,63.97474055407756,81.04213014876201
51,64.02398987072779,81.04323258656831
51,64.04013724506983,80.9712125011382
51,64.01015401616365,81.01789056331859
51,63.97833870848259,80.98716140985664
51,64.00224901795329,80.98569395872146
51,64.00728266837409,81.01574281460886
51,64.00951779844108,80.98678026704465
51,64.03531949990979,81.0128020139251
51,63.96807956150309,80.99221079891652
51,63.970604270574775,80.97923320129918
51,64.03568185548298,80.98045804530885
51,64.01334013960472,80.97007415673608
51,63.989028542079346,81.04820133457352
51,63.967736777484056,80.98749797630036
51,64.00282634026094,81.02455315860847
51,64.02572998974246,80.99986973389792
51,63.955578864059014,80.9946390581099
51,64.01028423327341,80.98236445456993
51,64.00036733313115,81.01647824924912
51,63.97325069582096,80.98027358633084
51,63.99450872906838,81.04271517360861
51,63.982235355800526,81.0158369427031
51,64.04210192573679,80.98598551391349
51,64.03616013278197,80.96918483908327
51,63.9766409805556,81.04247754836776
52,64.03215361453665,81.0007032041315
52,64.02777059466169,81.0039718063393
52,63.981217745596695,81.00892691915232
52,64.02553180511401,80.99170581972764
52,63.98220241865385,80.96227579014241
52,64.00556247521611,81.00057125367358
52,63.98874081609445,80.99106442818533
52,63.961364783403106,81.00214322979045
52,64.01734132715731,80.9775095932875
52,64.0290555593949,80.96126208120667
52,64.02539489908453,80.989588787799
52,63.97098349316205,81.00248261200451
52,63.97721728008369,81.01853156877519
52,64.02632547368486,81.00657663526381
52,63.95803062011437,81.01124146234697
52,63.988716817432625,81.04741455720172
52,64.03800071630019,80.97326740121431
52,64.00811269593432,80.99315046270513
52,63.96292432224667,81.00107095276255
52,63.96516002381634,80.99062213168004
52,64.00998467237874,81.03783922333494
52,64.01639036110483,81.00578272198206
52,63.986892695633465,81.02693067871407
52,63.984219230397,81.03066973836346
52,63.99646611547218,81.03058703752866
52,64.00635400255233,81.01420413137679
52,63.986774694585044,81.01748339104121
52,64.01668078725342,81.0080437574303
52,63.95592536632661,80.98818598400293
52,63.98805411803388,81.04046167431576
52,64.00876632084277,81.02012713560897
52,64.02434286434713,81.0236019369669
52,64.01179618576919,81.02837013821944
52,64.01333468333013,80.96128395820315
52,63.97009175519081,80.98478448825297
52,63.99923078092889,80.9807003541585
52,63.95822176161488,80.98540127088874
52,64.00330824137481,80.99255384211015
52,64.00771562797532,80.99230542454129
52,64.0085692325127,81.00105531794976
52,64.01586956470462,80.99543600614679
52,64.0243563817589,80.98023744035464
52,64.01297768255701,80.96751854438808
52,64.01327425749331,81.01440529409196
52,63.999564371813676,81.0014892847555
52,64.01485764556452,80.97807571775103
52,63.95621800717678,81.0041312146758
52,63.97928657145033,81.0003280764615
52,64.00376904011375,81.04185327835785
52,64.00969717057328,80.9609958065906
52,64.01197106005019,80.97846038008487
52,64.00115277442816,80.98164949888151
52,64.01792041707519,80.95401375032431
52,63.98283601935631,80.99005554646565
52,64.03572052459803,81.0321795079164
52,63.97104428577565,81.01760802172322
52,64.02777768427747,81.00510180643917
52,63.995186677385455,80.98829596897431
52,64.02031886743627,81.02979705300042
52,64.00145006869559,80.96529430664121
52,64.03296259997732,80.97404080092262
52,63.98105727774614,81.03021784483124
52,64.02966026396523,81.02955441399192
52,63.95746907438506,80.97824005403004
52,63.987852640309015,80.98924018738316
52,64.04609807026631,81.016008983428
52,64.00371763979142,80.95444272836184
52,64.01225443098717,81.02553702250754
52,63.9589768879685,81.02307001088921
52,63.975365989659686,80.9941509688935
52,63.98477307306117,81.00751695799141
52,63.986724734799004,80.95730225643196
52,64.02637624128279,81.0190513965654
52,63.96553252122094,81.00203238314897
52,63.995938926633436,81.00387205142563
52,64.01947105096987,81.00678421760382
52,63.952008692417344,81.00432396429872
52,63.975490399472335,81.00292817622875
52,64.04239164392303,81.021056745671
52,63.986000807861856,80.97493773225919
52,64.023605178081,81.02723017716642
52,63.9685926256216,81.03457257223653
52,63.98634985735033,80.99351642195077
52,63.97470258756563,81.0207739507533
52,64.02766772264602,80.96596353315252
52,63.96530750900802,81.01173522722358
52,64.01280864897153,80.98646115522865
52,64.01636546187147,80.95865782618225
52,64.02486959098209,80.96312186872733
52,63.96335694722604,80.97648028405607
52,63.98843098729292,81.0313140496086
52,64.01702789636524,81.0082834905577
52,63.999361949771995,81.04804049541167
52,63.98017456492317,80.95814898242409
52,64.01993529947947,80.98015237711925
52,64.00902423809939,81.03026994289905
52,64.04819978631019,81.00433624622882
52,64.00173416801006,80.9955722748313
52,63.9981499535697,81.00661624539752
52,63.99167802685891,80.98143534569066
52,63.969573005926165,80.988465790393
52,63.97325099725995,81.02249409308723
52,64.00356289572949,80.9756129533227
52,63.9724563087886,81.02920872234905
52,63.99455515907779,80.98273921132107
52,64.0098098000653,81.01748336613632
52,64.0209518232339,80.99399656797966
52,64.00263929338406,81.03752299982482
52,64.00708589141286,81.03941390173709
52,63.958511258765114,80.99879939773872
52,64.02789497881064,81.01812023549664
52,63.95305303442323,80.98296242251052
52,64.01556981296983,81.01331820885807
52,63.97725290389813,81.02470137615803
52,64.0345717509009,81.01815188135942
52,64.02345496608625,80.95791430881631
52,63.988687331459396,81.00837172118639
52,63.97666904095836,80.98236170555286
52,63.97934926661815,80.99512356958607
52,64.00466500626865,80.95400910636438
52,64.0011935087738,80.99876762046571
52,63.99514180132176,81.02913549246732
52,64.00150551976633,80.96736066125023
52,64.00808314896499,80.9762437656152
52,63.98628548830281,80.96044272504433
52,63.99309642924245,81.00175851529224
52,64.03275521839115,80.97780530074839
53,63.95836960425141,81.02065124737187
53,64.00100225018312,81.02631520368966
53,64.02218164617192,80.97838513169863
53,63.962308693840086,81.02125212845051
53,63.981217294996306,81.02647068428568
53,64.03971271542035,80.9824650660605
53,64.0000270795718,80.99154220116982
53,63.99932335382796,80.9838651316278
53,63.95763271389681,80.99550695981762
53,64.01310697809502,81.0441393138454
53,64.02158984083482,81.04292520846236
53,63.96996505549246,80.99939584467694
53,64.01959484175774,81.00184195308702
53,63.977684683864105,80.96378589223224
53,63.998627527183814,80.98196376728998
53,63.99030448452044,81.02214531090524
53,63.95794916542336,81.01774335383291
53,64.04217451534198,80.97603190736345
53,64.04086595522548,81.01695351664473
53,63.96896481709322,81.0384972134914
53,63.96556926224357,81.01087042148201
53,64.0054386123997,80.99789042788744
53,64.01184584035586,80.98634524831292
53,63.99297978839521,80.982854348869
53,64.0289178751221,81.03424116985364
53,63.98678335278009,81.00539030006722
53,64.00377253391748,81.04208092501756
53,63.99935467441891,80.9993193569015
53,63.99089784218849,80.95749408097844
53,63.98206982831646,80.9819237593648
53,63.998611490052454,81.00263494091367
53,64.01804624029569,81.00355110423698
53,63.979857800007736,80.9958331751739
53,63.975595541449366,80.99594779475389
53,64.01947105096987,81.00678421760382
53,63.99231907914892,81.00235658870497
53,64.02565839523247,80.97929447675027
53,64.044431666899,80.97867084608781
53,64.0404942080313,80.97449492034555
53,63.99771053453792,81.03602985316738
53,64.00048949671789,81.00766650702919
53,64.01584370884798,81.01593642632824
53,64.0024190402543,80.99031981356691
53,63.98152403431506,80.98223874476115
53,64.02795093295182,80.96932285007072
53,64.02198506284832,81.01702644685551
53,63.980847527719796,80.95612599086385
53,63.99197821617563,81.00697051367301
53,63.995382759905304,80.96140731761378
53,64.00103459362457,80.9806555399757
53,63.96340816970599,81.02742060368024
53,63.996247104479664,80.96590134155305
53,64.00742268870572,81.02870625726403
53,64.02113869510889,81.00312515553085
53,63.99631732437751,80.97596639934035
53,63.95881153089646,81.00332372472407
53,63.970290329190924,80.96146250459202
53,64.04367735810956,81.01374969045749
53,64.0231784761268,80.9648747755315
53,63.95027636860646,80.99829133844368
53,63.99469482357081,81.04948295614719
53,63.971169469231285,81.0172409721402
53,63.996756422311684,81.04503529918468
53,64.02046480978618,80.99146886432277
53,64.0078245993904,81.01022171281228
53,64.00519028275146,80.96823629191539
53,63.98240278099035,81.04522460377338
53,63.986479962115084,81.01812841315457
53,64.03107790791476,80.9623332611834
53,64.01125536241646,81.0196022988348
53,63.99695811229918,80.97586528717791
53,64.03515324535572,80.98116710069606
53,64.02902382982236,81.03694171128716
53,63.976082349887825,81.02306314731457
53,63.99129033803851,80.97640370808077
53,63.95381364125401,81.0028081302844
53,64.00790138781106,80.99716387844488
53,63.99754511228644,80.97925570793063
53,63.9808802859283,80.9757701948116
53,64.00169077788834,81.02419586749849
53,63.98850352572275,80.98752254850109
53,64.0004187361436,81.04268392868471
53,63.97811838901905,81.03073783278917
53,64.00422217385086,81.03932373863564
53,64.00839550103095,81.01843888270173
53,64.00034132613247,80.95680098725451
53,63.98603397839974,80.99892590433859
53,64.01914129131148,80.99807266244932
53,63.974707642899205,81.00330314951351
53,63.971881247616174,80.96204818801921
53,63.997349915469044,80.95381984008392
53,63.98774724312719,81.03930032162434
53,64.0412407717939,80.98102008235827
53,63.96519554557209,81.0100589042824
53,64.01247310203351,81.00177646863645
53,63.99327398970562,81.01408978789098
53,63.9676060170335,81.00838940633929
53,64.00024955967233,81.03346179770625
53,63.9640232650495,81.00143465523215
53,63.99140103510611,81.04868607780227
53,64.04692738996768,81.00685878387448
53,63.99461283047633,81.04796264078541
53,63.969753159511484,81.02886261418622
53,63.95983009518028,80.97490375077241
53,64.03237368728645,80.96611304714517
53,64.0278288389393,81.0226220637433
53,64.01750476408151,81.0451253239887
53,63.99485672604082,80.98428833497631
53,64.00217402009928,80.9898394694442
53,64.00311973802394,81.04686048929715
53,64.03766699136068,80.99011389615289
53,63.99946275941729,81.04430575707894
53,63.989747623676266,81.02605265852524
53,63.99800338540011,81.02457378641499
53,63.99322152463813,80.98245064321756
53,64.0258880346847,81.01141465772682
53,64.02176165560105,80.98454414468515
53,64.02306916136878,80.9833187782519
53,64.03476470560712,81.00552009855002
54,63.977483426492725,81.02822732637777
54,64.03562411504255,80.96686064145743
54,64.03609832547478,80.99459469739854
54,64.0058158043624,81.04533659056544
54,64.01399135636163,81.04169190596744
54,63.99490569066381,81.00111018355729
54,63.981027369393715,80.99233250201429
54,64.01899921688398,81.03043957579766
54,63.95474300039887,80.99834223002802
54,64.01410808561194,81.02307624575015
54,63.99036312009938,81.02379337089826
54,64.02579459587398,81.03322042589107
54,63.972098994905274,80.99372526269852
54,64.00720288704024,80.98285559522562
54,63.97293379901919,81.02730393072356
54,63.99683434220732,80.99510914507302
54,64.04565258155742,80.99356687403872
54,63.951080784311316,80.99651325511726
54,64.01971156759475,80.99298209384376
54,63.98815101093434,80.969858042687
54,63.984928285977205,80.96904368005968
54,64.00273765930726,81.0322247708211
54,63.99465496069038,80.9992547392483
54,63.99449880165575,80.97253367606085
54,63.985591168992165,80.97957072823768
54,64.02294566734818,80.9993451400245
54,63.9838230005417,80.96440550419715
54,64.01853642852521,81.03871504751913
54,63.967177521809425,80.97255577493894
54,63.98044083454549,80.9997536108218
54,64.01383534335383,81.00044036490846
54,64.03084256705341,81.03357751360512
54,63.99564191884714,80.99362678768378
54,64.03915473305275,80.98466468167601
54,63.99033571800485,81.00534023128334
54,63.98773360825379,80.9853290735158
54,63.982316829405804,80.98102972458875
54,64.02034534067487,81.03568857285498
54,64.03133472330224,81.01439291985399
54,63.994092755375576,80.9789092905542
54,64.00456336916712,80.95674521164887
54,64.04170371578955,80.98309209249233
54,63.99129033803851,80.97640370808077
54,63.976427068192386,80.98908987205499
54,64.04326611632095,80.99977522361638
54,63.989622536524166,80.98544272711302
54,63.979875727646075,80.98429776247907
54,63.95972739525718,80.97310541977393
54,64.01933704358957,80.96234225167517
54,64.01590190775522,81.03013191051676
54,63.97996211525504,80.99239799543545
54,64.04046915850236,80.99530318190718
54,64.0022427159983,80.99044087330071
54,63.97152944719597,80.98771724455686
54,64.00969034506949,80.96542997439084
54,64.00098934525144,81.03140651287673
54,64.02049715079363,80.97490560979891
54,63.97997982466734,81.03123596818992
54,64.00358088940716,80.9823560969016
54,64.01514737632137,81.03629145194081
54,63.951989474542046,81.00279674095319
54,64.0155035035417,81.02560594391687
54,64.00089617257063,80.97673450248216
54,63.978089239078685,81.03687542153466
54,64.03078190305628,80.96462830251477
54,63.98972747711221,81.02484988586656
54,63.98915812237498,81.0191492319718
54,64.00904027948798,81.00942883054634
54,63.99222434468533,80.95771726621727
54,64.0128995456931,81.00884023620438
54,64.02584827509011,80.97787397282147
54,64.03684936013609,81.02557260857672
54,63.96108608638256,80.9932798542297
54,64.02016211315853,80.9886708928746
54,63.995852638493254,81.01863153142826
54,64.0133393354605,81.02853121348943
54,63.96902783924334,80.97845653353733
54,63.96791299959645,80.9649353043575
54,63.99189794847075,80.98674829293951
54,64.00503783685336,81.00174725585521
54,64.00746086685555,80.99279892501401
54,64.00559264671747,80.99702506167354
54,63.97176015187767,80.99877219461173
54,64.01417903609448,81.01003883529461
54,64.0363895824608,80.99460153414029
54,64.00757301232417,80.99158754789683
54,63.99110434121187,81.00908799992574
54,63.99803659009658,81.03255270386614
54,63.975130565493274,80.96475288083914
54,63.96440408180661,80.98479493625183
54,63.998110344276874,81.02090928755909
54,63.998365734448626,80.9585156785116
54,63.96576705883659,81.02357472752489
54,63.989087571799494,81.04043166908659
54,63.98726517479797,80.99858310375501
54,64.02150681795939,81.00837469096366
54,64.00769915845501,80.98010225740354
54,63.984078032747504,81.03921140175763
54,64.00194271229796,80.98154033992707
54,63.97244950107075,81.0102073448062
54,63.986210498124585,81.0388984427875
54,64.01348119350536,81.02935806680938
54,63.993380923128285,80.97870026375014
54,64.02140487197593,80.9955665630611
54,64.0399355680895,80.99102676411323
54,63.988463974679064,81.01016774026056
55,64.02561765996501,80.96558615412289
55,64.02584289584209,81.00573952024847
55,64.02016261748814,80.95431287250597
55,64.04806029647467,80.99907336505221
55,63.96299223548361,81.00024054566602
55,63.99133589752052,80.97164353448511
55,64.0141666924057,80.98173599750842
55,63.963370798255646,81.02227162162495
55,63.96530692130255,81.00037948532736
55,64.02261749976323,81.0115359525879
55,64.01708650056366,81.0454099509248
55,63.99158738177774,80.96337444657554
55,64.00924305580999,81.04198439723527
55,63.99223278676378,80.96229487736746
55,63.9887414944613,81.042741125712
55,63.9950721070937,80.96088058706133
55,64.03742028921664,80.97760949562408
55,64.01430323125928,80.95327124177008
55,63.981360053945636,80.95594422862534
55,63.95437600429009,80.98816942344575
55,64.01746061570365,80.96136821759835
55,63.98425918804079,80.97065141413012
55,63.9761047169128,81.01615432987882
55,64.02150681795939,81.00837469096366
55,64.02892777145432,80.98063573004724
55,64.00599120434026,81.00781830461158
55,63.963516325213824,80.989860903299
55,63.9664350985669,80.96340526046582
55,63.998020591629945,81.01063186910316
55,63.98123814469245,80.9929367194544
55,63.96797169182024,80.96845654355378
55,63.987939754398745,80.98222035351458
55,64.04401919592364,81.01224499263411
55,64.0198844750368,80.98283272877487
55,64.01907403487165,81.04561198328162
55,64.00435473501204,81.04436758379843
55,63.97881597689731,80.97541897620756
55,63.96362200126749,81.03415725460665
55,64.04080847322517,81.00640247211585
55,64.01216819078165,81.00403210863692
55,64.00114744300453,80.95393987573854
55,63.98934939855568,81.0061720941299
55,64.00940207255404,81.02880549020507
55,64.01809577785109,80.96664098295511
55,64.01001765048994,81.04358188520419
55,63.96434991994412,80.9863991929115
55,63.96530800149627,81.0051798478705
55,64.00292489356706,81.01844092593316
55,64.0007934910157,80.98192855928204
55,64.026265979332,81.04124909709562
55,64.01904476258325,81.01527389950064
55,64.01088224899173,81.00014908020992
55,63.96206868009859,80.98357946129552
55,63.97252627362039,81.01092267226886
55,63.96914514481448,80.97523035632314
55,63.97788262305457,81.00912151941777
55,63.961163136978264,81.00361883096717
55,63.968121277862,80.99512224461037
55,64.01692501265542,81.00994192411426
55,63.99177273073782,81.04366343514187
55,64.02377339866905,81.03404744150734
55,64.0331336454527,80.97401009757294
55,63.994734566455676,80.98616942061828
55,63.990814520003745,81.03269693749827
55,63.98830904012356,81.0151674994026
55,63.96152722225682,80.99792830099186
55,63.95872947743628,80.9995162264369
55,64.02817759519542,81.00168003171808
55,63.99627279945587,80.98665576321882
55,63.96660541550311,81.03647670347063
55,64.02591149070128,81.00288511020271
55,64.02901170043457,80.97536689238997
55,63.96250015337479,80.97429441954726
55,64.022495232013,80.99388917956145
55,63.9749882946474,81.01839565448648
55,63.998734036118115,80.95693191864932
55,63.95770444858362,80.99899933639234
55,64.01468083039286,81.01718156190051
55,63.96987705644706,81.02336432990688
55,64.00404934312063,80.99762127409655
55,63.99077127837403,81.02452209968469
55,63.995459482668544,80.97621292318577
55,63.96984215909325,81.02994679460579
55,64.02166855057645,81.01258921439431
55,63.998824147008015,80.98418583099091
55,64.00161855201308,80.98910428027855
55,64.0066281100219,80.95860306621998
55,64.01387923958193,81.03324199352981
55,64.00779147524746,81.00467708843374
55,63.995949439857434,81.01890670997965
55,63.95847200288086,81.01910880543774
55,63.99369948438955,81.04281011782946
56,64.04683856926682,80.98444201615375
56,64.02477863417157,80.96223307004234
56,63.962396647240574,80.99984519613007
56,63.99151395671353,81.0022787810973
56,64.02443893907832,80.99548894498754
56,64.01527727027668,80.9884630678054
56,64.00970019264035,80.95980596999328
56,63.97829247940028,80.98163960869148
56,64.00958586319187,81.03716223271662
56,64.00101729276402,80.9871243530326
56,64.04115295102042,81.00327206755638
56,63.95516779923026,80.98463242735104
56,64.0335900867193,80.9944185583978
56,63.984885531278444,81.01371866728081
56,63.98506377838079,80.97655081752026
56,63.98246207185815,81.03931414809412
56,63.95967441665954,81.01906064567692
56,64.02532217602646,80.96476077088431
56,64.03873934122355,80.97561046208124
56,64.00539202384887,80.99398417095733
56,64.02613493934152,81.02485063306149
56,63.97457407493484,80.98200568414163
56,63.99065961789648,81.04081355241907
56,64.04619678779548,80.98406470958092
56,63.98825417165503,80.97193733752985
56,64.03601598891946,81.00522257324967
56,64.00550663824235,81.01222769921404
56,64.02609644575041,80.99987636063798
56,63.9994022821867,80.9838604150735
56,63.984345696193614,81.04024349299223
56,63.9715970815138,80.99291921386062
56,63.96136188153336,81.03116722299006
56,63.96678423872938,80.99663862352848
56,64.02023663774203,80.96133980866816
56,63.9823964929477,81.04560159553381
56,63.993731458625334,81.0226518206743
56,63.952037294627715,81.00235119841311
56,63.997528675852855,80.968664350958
56,64.00045312597129,80.96915910477728
56,63.97473914145349,80.99203213666318
56,63.97216065278516,80.95916800035961
56,64.02051231481458,81.0099880067414
56,63.98581582369894,80.96862831165804
56,64.00376357391083,80.99065807453007
56,63.99820137929396,80.96617340960655
56,64.03539131602741,80.9913621050294
56,64.01943695381784,80.97030711515721
56,64.00437498371019,81.02621826959138
56,64.00468017432951,81.03419666234778
56,64.00611891499041,80.994041960094
56,63.99550875309826,81.02350077627324
56,64.01807682678013,80.9880453943323
56,64.01031915156523,81.03895874914416
56,64.02647624893896,80.99097943736466
56,63.99440598973618,81.02854731297717
56,64.01356265157592,81.04719001091405
56,64.01096154202857,81.04347384197152
56,64.03215361453665,81.0007032041315
56,64.02868461222634,80.99779819205975
56,63.99080417836925,81.02269717647233
56,63.95711556767229,81.02396661596926
56,64.03297489368487,81.01233859081592
56,63.9796526063452,80.95477983756544
56,64.02291265184843,81.0356953641489
56,64.01637939451574,80.98898001078253
56,64.04188421222848,80.97553037079075
56,64.04906013542231,81.0023963922269
56,63.98786155731219,81.02546697833677
56,64.03241241928076,81.02671701957496
56,64.00103338222523,80.9842307385946
56,64.01058053357882,81.03798801301254
56,63.9667585046435,81.01312575489708
56,63.96442397073107,81.0052712090166
56,63.97896601541178,81.03493237816032
56,63.97467307406633,80.98119484365478
56,64.01471553395426,80.99468118483384
57,64.0421399046768,81.02030983898413
57,63.97208432865717,80.99787127396019
57,64.00225574030821,80.95070516635593
57,64.02090397113777,81.03251138727691
57,63.988878741126975,81.04475524967931
57,63.999809668678914,80.97726299788847
57,63.96225049913868,81.01605286373824
57,64.00067733965778,81.00673550443312
57,64.02405241266051,80.95679727192638
57,63.966040372014646,80.97399099049906
57,64.01582855292608,81.02464291177783
57,63.99688233958977,80.99484464754183
57,63.99342893004909,81.00336389041024
57,64.01561007583389,80.95341696342086
57,63.971133094195224,80.99066402788159
57,63.9732421135419,81.01255481025375
57,64.02183264208479,80.99430402974959
57,63.97822985823825,81.03900432193421
57,64.02613969551416,80.96723050921109
57,63.98814132632731,80.97842818330031
57,63.98161530843495,81.04426778688013
57,64.04213160068757,80.98134443302156
57,63.95505391682826,81.00025118466688
57,63.96509208445991,80.97332408191214
57,63.98848603638327,80.97976694000803
57,63.97676322895655,80.96863156469162
57,63.9772312274199,81.02876135895923
57,64.00142960670644,80.9872968970608
57,64.03127029177209,80.97975390554922
57,63.965039033765514,81.00871027367246
57,63.988717204907346,81.0451434660931
57,63.98414421276168,81.03256343052043
57,64.04245363706347,80.99439063474472
57,64.00448810374063,80.98830577224322
57,64.03344927809603,81.01328973498639
57,64.04448047269496,81.00168637017852
57,63.98845753678503,80.9750634335059
57,63.985106568638265,80.98274123988591
57,64.02757277618682,81.0215528452356
57,64.0293915094229,80.97528544706427
57,64.03522795377576,80.96534155902928
57,64.00433343389096,80.99004104284566
57,64.02271027100291,80.99318881030632
57,63.97518295299036,81.01862461226257
57,64.04217250978257,80.98520427264279
57,64.02085500963148,81.02533096680153
57,64.03291100188727,81.00615733637436
57,63.97086008718529,80.98780976339083
57,63.95420393723633,80.99652450434854
57,64.00556788436207,80.99107739500351
57,64.00025006492923,80.97682307818583
57,64.02412385689263,80.99514318946302
57,63.99900372057839,81.01415750718941
57,64.03175047198889,80.99216661862741
57,64.02474990652121,81.04275412314159
57,64.0196594644058,80.97584736313327
57,64.01094183869047,80.98300130680154
57,64.02592598596962,80.9606136618929
57,64.02253085852728,80.97942312436084
57,63.97644244147038,80.99286982575202
57,63.97870925015378,80.99375700277022
57,64.02891594295349,80.95960920861391
57,64.01427258548571,80.97711787693996
57,64.0422520708637,80.98438838981707
57,64.01827570725321,81.00484609862103
57,64.0248485879385,80.97509290798706
57,63.98311465691234,81.01550316418339
57,64.01209292152603,81.02635759023147
57,64.02126901276306,81.01988911315185
57,64.03398762999674,81.03066777854693
57,63.982439542866494,80.98845482853137
57,63.97007825093759,81.02722038036383
57,64.04845623479098,81.00957554872586
57,63.985304902141294,80.96891534965681
57,63.96502509499714,81.02899229061819
57,64.00206161621952,80.9777279238102
57,64.00819577416237,80.97881766326412
57,63.98540319037379,80.99062210433975
57,64.00044025205835,80.97972715345084
57,64.02941547146692,80.96280820891882
57,64.0026577724045,81.0456246419437
57,63.99890460691649,80.99995616414584
57,64.00921301420762,80.99352698362966
57,63.9842149164591,81.03207704049346
57,63.997746720000336,81.00222122468547
57,63.985209762089,81.00184753917252
57,63.99352056283013,80.97056509498643
57,63.97804420288375,81.01095234393915
57,63.958872948294065,81.00804810794914
57,63.957228209672294,80.98249096552827
57,63.99203200149365,80.96518238587346
57,64.00813656939134,81.01573684263762
57,63.96154592755888,80.99128766646896
57,64.03148601616842,80.9656061485212
57,64.02390773097262,80.98642383493635
57,64.04265265866452,81.02499606374239
57,63.98611744825551,81.01178225060211
57,63.986153192735024,81.00798568034054
57,64.01304266298584,80.99898605857781
57,64.04113028871919,80.99017401977328
57,63.994753497490166,80.98642146056596
57,63.96516364276101,80.98683115977364
57,63.98140710775667,81.01395188486228
57,64.00256051064628,81.04287702182592
57,64.02238725899795,80.99498832402813
57,63.999311077551845,80.96190847330543
57,64.01695992781892,80.95619108721245
57,64.04027237965303,81.02002891296176
57,64.01091491653602,80.95640489880876
57,64.01913071531187,81.01063099496541
57,63.96696944918722,80.9827446824183
57,64.01001765048994,81.04358188520419
57,64.03624270292846,80.96878224703568
57,64.02372906193409,81.00294973705493
57,64.04313737215429,80.9902116229846
57,64.02538450778341,80.960801467359
57,64.02005542504443,80.95639526361089
57,64.02547035715725,80.96537997338855
57,63.98345001382014,81.03175805498607
57,64.01413877040694,80.98242913736019
57,63.99601946541317,80.98089596721296
57,64.03600744321612,81.00519059940152
58,64.02991215975982,81.02049919050201
58,63.98984471616378,81.00426422237187
58,64.03621941231657,81.02209293571808
58,63.97735895326815,81.00166330687141
58,64.01338305961261,80.9967900405244
58,63.97788262305457,81.00912151941777
58,63.99738722076092,80.97672444924785
58,63.985738403826936,80.99566302192432
58,63.99309772357128,81.00716618925671
58,63.980728805079266,81.02134546522831
58,63.976864489308056,80.95815726150398
58,64.0167978983539,81.04428150119008
58,64.0222676508854,80.99347721312685
58,64.03221217147986,81.013486981994
58,63.98828262884893,81.01364536056812
58,64.00214159542345,81.00169209780739
58,64.02879004354376,81.00853035317371
58,63.999381724655265,80.99853890008329
58,63.98544377166989,80.9717794266846
58,63.99186426962334,81.01826008927907
58,64.04264401969299,80.98762022934062
58,64.04789033817374,81.01058622412609
58,63.97461583775543,80.98398987966617
58,64.01887135415163,80.98867903193121
58,64.02806325849758,80.97045124680774
58,63.9955443508582,81.00019243399268
58,63.975180658530356,81.00142682134154
58,63.978337438400246,81.02421725896252
58,64.04220204266188,81.00803496385373
58,63.96601373903151,81.02579255236066
58,64.00759463266397,80.9913526810208
58,64.01464530924974,80.99590652762048
58,64.04751751361988,81.01388431878163
58,63.97664439174071,81.01610158073537
58,64.02299565073896,80.98499438607183
58,63.97591748865652,81.0375963809562
58,63.993295401385176,80.95509254560986
58,63.984284961554415,80.98482522359303
58,64.00858165061547,80.9810364939234
58,63.98326721010214,81.01168156039688
58,63.96562594370217,81.02076022190708
58,63.97963729107626,80.99406947993512
58,64.01685446824123,80.96108637878123
58,64.0241830222218,80.9616343074089
58,63.95911231980858,81.00367597529998
58,64.02303380051197,80.99458234805944
58,64.02019206471283,80.9999483739229
58,64.02038165844361,80.95534734006064
58,64.04061144215217,81.01349126324934
58,63.97287126871001,80.99780899410506
58,64.0171506313541,81.03873553404505
58,63.975490399472335,81.00292817622875
58,64.02050211360346,81.00454858517247
58,64.03146733832075,81.02887583054424
58,64.0382121690975,81.01004879080429
58,64.01094374920245,81.04462548657902
58,63.98511493171519,80.98073711619664
58,64.03682856019859,80.9686306584704
58,64.00611193113384,81.01024276176075
58,64.01404781513206,81.01978464486702
58,63.97016016595616,81.02295165050013
58,63.98823742207448,80.99903873658899
58,64.01250209547091,81.03006486608466
58,63.99644409801139,81.00584441192619
58,64.01476931925559,81.0454826045094
58,63.96059502997244,81.0009476081151
58,63.99585508925479,80.9559661041671
58,64.00860855698363,80.98478003449507
58,63.989156670984265,80.9909619335031
58,64.00983247188915,81.0115721249999
58,64.01906923130775,80.96923313657487
58,63.99265637917748,81.04202105926096
58,64.02906005110204,80.96523018970338
58,63.99361575352178,81.01046261769073
58,63.97070378146915,81.00576755418291
58,64.02847731653377,80.98790289568355
58,64.03435849466837,81.0052848944778
58,64.00712634330594,81.00699929395888
58,63.95803062011437,81.01124146234697
58,64.00856319196197,81.00254120502046
58,64.00035514470268,81.0294039390984
58,64.00938576425541,81.04003022306095
58,63.98048280589703,81.01726491105133
58,64.01120677790585,80.96208474353028
58,63.99301993589585,81.01670046670546
58,64.02161269028653,80.99037093419248
58,63.99033571800485,81.00534023128334
58,64.0261711687484,80.9725736695071
58,63.98016446377533,80.96664462882042
58,63.97369787881585,81.0129806697257
58,63.994973220799594,80.95793062695971
59,64.01263882349147,81.00749079541042
59,64.04329883876164,81.00955278034183
59,63.991149826524484,80.97711774734688
59,64.02278790116382,80.96488308242567
59,63.979817038972556,81.04127214574974
59,63.98400637966569,81.03233645094917
59,63.958074104080374,80.98884762812648
59,63.99590021994654,81.01615087944414
59,63.976507649269266,80.99449694342229
59,63.97661806871488,81.00171790272788
59,63.975065786144654,81.00566212329625
59,63.99795463477873,81.0232079677888
59,63.999440149997795,81.02832610225289
59,63.99901826664986,81.03466325050165
59,64.0312627898938,80.98162277348578
59,63.982837198303294,81.03585316239032
59,63.96584619000258,80.99556656206448
59,63.9877978977663,81.01116114904791
59,63.969400968559896,80.99723366986065
59,63.956912172340076,81.00717939185894
59,64.02121214945964,81.04313044680923
59,64.00280657736253,81.026496469225
59,64.02888012759087,80.96931211727268
59,63.97739878145489,81.02897820429311
59,63.99637498557095,80.99912265413931
59,63.972077266642586,81.01413416306741
59,63.99687309192367,81.02571731814947
59,63.98328582751748,80.97993965922186
59,63.99140103510611,81.04868607780227
59,63.984124096202905,80.96376885706042
59,64.00963340930652,80.98692047082855
59,63.989860623519725,81.01270382453846
59,64.03931892254673,80.97845796818957
59,64.02791410726175,80.97551329532634
59,64.01097527925953,81.02475423628526
59,64.00164545713282,81.0030134439342
59,64.01740406690166,80.99358910729971
59,64.02270994954901,81.01112503932912
59,64.01175084903767,80.98430273440768
59,64.0156120895827,80.97071855881053
59,64.04121526491025,81.02405906603477
59,63.998200469361315,80.97882859365843
59,64.0184588512675,80.97774849729026
59,64.00719640795901,80.97241164168254
59,64.00597682089774,81.04017148918356
59,64.01590411006914,80.96841325706333
59,64.03226654464163,80.98995349880063
59,63.98523084196735,81.01745273309159
59,64.00509053337214,80.96263599421827
59,63.98108207808794,81.00806804905436
59,64.02386764360712,80.97386866586986
59,63.97976867753513,81.02319104810832
59,63.96653179440067,81.02696107312968
59,63.99255927151802,80.98430048326031
59,63.98087595408035,81.03396316840318
59,63.999712593200236,81.0423332229632
59,64.0173032222664,81.02875508704365
59,63.97679870873775,80.95787289382316
59,64.00149801900778,80.97683346655647
59,64.0249391340496,80.96793761310305
59,63.994250811124466,81.01133336317001
59,64.0428768812392,80.99053558149878
59,64.01099917646226,81.02437819413016
59,63.993422810208074,81.02202516764626
59,64.04008940334636,81.0007452751114
59,63.97432761751803,81.03354375667057
59,64.04195038161437,80.99273429606036
59,63.96694830316908,81.03219053415535
59,63.96870573079319,81.03021709564455
59,63.96980090246682,80.99130834362042
59,64.01853542158607,81.0130912156632
59,64.04591816711067,81.00304260773979
59,64.03032728549779,80.97264186517125
59,64.03277112836284,80.98213140294799
59,64.04079778005189,81.02276141780497
59,63.99885197412902,81.02594823328548
59,63.96212733827302,81.00449921247932
59,64.01263476985079,81.00545163359106
59,64.03691209798043,80.98342777021611
59,64.01844215978286,81.00266297457269
59,63.96503454356066,81.0091025158733
59,64.02109131965078,81.01041114695525
59,64.01136586521508,81.00981666281913
59,64.03152920720458,81.02532973635766
59,64.02508037450269,81.02638351593156
59,64.01595554831911,80.9608974781957
59,64.0047951400331,81.04780629488785
59,64.01741972676615,81.01106097026899
59,64.02698961559207,80.98473013143668
59,64.01309726098471,81.01878529595743
59,63.98572067364079,80.9579959554159
59,64.0462835766149,80.98967291559431
59,64.0344026567631,80.97093166195948
59,64.00359648158404,80.98716028406452
59,63.97054355093049,81.02507170881279
59,63.987433527761766,81.03294262628414
59,63.99080417836925,81.02269717647233
59,63.98922468654649,81.01787897406338
59,63.99387489451716,81.04294388963316
59,63.9718971833273,80.9724870843963
59,63.97671083220568,81.04311139229823
59,63.96375323153256,80.97408885517237
59,63.969049748717254,81.02640194206747
59,63.981889186421874,80.95460870139874
59,64.01314344611518,80.98304735214477
59,64.01246865750518,81.04220923404118
60,64.01611151288438,81.04172305568066
60,63.96126956486645,81.0302484455556
60,64.00184412086547,81.00306226564335
60,63.98972369343192,80.9985496892431
60,64.0086898410055,80.97459143965116
60,64.03630746534559,81.00590536828336
60,63.98999355068714,80.95722886917119
60,63.97609575269195,81.02558461845065
60,63.98129949015934,80.98535470865362
60,63.9831878792726,80.98378751137687
60,63.96598772392498,81.0303236358034
60,64.02929672114294,80.98538066769271
60,64.0392806654511,80.97066334562071
60,64.02380932068166,80.97165138581376
60,64.04616772345994,81.0134225272587
60,63.974736224149474,80.987587003871
60,64.01842814530087,81.02585097438413
60,63.969854367795,80.98992504337602
60,63.97344990798045,81.01878362865021
60,63.98109606205991,81.01564748551546
60,63.982007649318255,80.99475423419369
60,63.99678311568878,81.02352990122506
60,64.02534287083226,80.96389511973356
60,63.976197860537845,80.99351584512863
60,64.00355550019734,81.03426205096035
60,64.02256623748438,80.96258175250522
60,63.957649135754785,80.98763259382491
60,63.98016287492042,80.9697007759835
60,63.98686654771204,81.04388423841606
60,64.0094383921921,81.03058554173013
60,64.01136903285074,81.00760013325608
60,63.98706054836078,80.99465937812978
60,64.00012781220424,81.00556618960557
60,64.00604495237995,80.9791160474373
60,64.00479051991432,80.9643574355977
60,64.0199880137065,80.97891974939448
60,63.9948400542787,81.02441220378986
60,64.01587277107029,80.99418792920197
60,64.02408957513217,81.02427765553914
60,64.01071395471018,81.03368881663503
60,63.961420513004136,81.00103433303758
60,64.00216652258555,81.03018673176346
60,63.99337086438942,80.96347159565967
61,64.01772449496187,81.00241752267738
61,63.976924459256374,81.00091271495384
61,63.97977835386135,80.99297597759163
61,63.96621583329273,80.97534802643509
61,64.00715325782585,81.03487730835243
61,64.0130901496831,80.95590482700248
61,64.02481590889617,80.97635449998877
61,63.95836960425141,81.02065124737187
61,63.99235589624001,80.96001742281933
61,64.0112297073015,80.99231752844344
61,63.9976804678994,80.98121854800534
61,64.04248092314701,80.99286018617926
61,64.02912292633351,81.01392135784099
61,64.0085376935949,81.04506792813024
61,63.988604653763566,81.00872464247999
61,63.98971438758102,80.98866251312523
61,63.97279424945887,80.97827971287862
61,63.99123400271079,80.95478505870365
61,63.9933040985808,80.99188842345914
61,63.968592090510334,81.02114976045739
61,64.0013612065524,81.02110035225985
61,64.01204191472038,80.97350159752358
61,64.01670073517317,81.00203472128108
61,63.99959932878187,80.95391280945228
61,64.02335906591983,81.03616733920451
61,63.962817550866355,80.98811743222626
61,63.990755273648894,80.98888305012336
61,63.990137527532255,80.97642364834091
61,64.03324790734094,81.01878921852828
61,64.04023963480691,81.02505516474542
61,64.04433889727062,80.99710716676988
61,64.03268616536806,80.97611755752699
61,63.99653862796839,81.02417050985147
61,63.97125265701966,80.96950079278385
61,63.96927534038744,81.03276465087096
61,64.02613525093417,80.95980594043915
61,64.01689734472839,81.03104300622749
61,63.99359960829171,81.01450332636821
61,63.9998229623103,80.95541680156846
61,64.00510090180167,80.99743883892745
61,63.981196321005996,80.9944274893207
61,63.996649357573894,81.00942760539407
61,63.993818893602324,80.96282245561036
61,63.99105793999483,81.00478950201824
61,63.99204141346368,80.99816381899345
61,64.01465604123014,81.03179810491685
61,64.03700344333438,80.9905259865532
61,63.97888863590617,80.9932197390789
61,63.96364397636953,81.03349635877903
61,64.02082661493995,80.95820650147589
61,63.97009347128957,80.96345759486248
61,63.980565678088816,80.96478565928302
61,64.02309009708631,80.99123019977509
61,63.976974605908445,81.01242153758244
61,63.97732986118497,80.9996206062867
61,63.99241680141302,81.00245593298209
61,64.00969717057328,80.9609958065906
61,64.00921046618896,81.03326898508975
61,63.99442875775486,81.02341222562468
61,63.987094640820395,81.04317170956953
61,63.97103860118076,81.02892110354439
61,64.00385915508569,81.01480276811841
61,64.03669068352286,81.00504765370538
61,63.96385678135875,81.01920023219007
61,63.98568117822093,81.01334256804192
61,64.04261864780783,81.0018126638694
61,64.02001293459392,81.01574558263029
61,63.96618193997703,81.0299098047179
61,63.98458303778283,81.02480857574795
61,64.02051758086077,80.96981317853245
61,63.955738188863315,80.98439070000292
61,64.01109336223942,80.99876468768923
61,63.97183655598548,80.98862918150058
61,63.992978801125815,80.98658133555455
61,63.98490384024112,81.00938935670793
61,64.03162593290598,80.97320117828217
61,64.0273011118496,81.03010812644472
61,64.02872939241294,81.00419991880531
61,64.01356776910764,80.99037288897078
61,64.00440718641346,81.01765584325214
61,64.04726883831611,81.01460887225018
61,64.00228772777153,80.99076135024092
61,63.993449939750725,80.98855753744702
61,63.965403443952844,80.97577313832123
61,63.98430692028345,80.95714589227445
61,63.99162180071475,81.00207034614397
61,63.999910274573985,81.03541714543893
61,64.01336018139378,80.99673831449041
61,63.992924606411826,80.99545396572717
61,63.97603362217918,81.03238115298203
61,63.985216150530036,81.02715866386973
61,63.97508901647971,80.96450575319103
61,64.02835274329117,80.9984517946335
61,63.98507408185296,81.00522303070909
61,64.01481185937344,80.96695175127975
61,63.99213165701355,81.00335667385966
61,63.99526379144422,81.01509800828524
61,64.01794356538588,80.98042241843055
61,63.97722279011319,80.98974290849623
61,64.01429895497688,80.99569467627725
61,64.02704561602921,80.97269714412442
61,63.977815408675056,80.99256495995002
61,64.01486191058491,80.96509440453373
61,63.99874078327899,80.9885725118176
62,64.01931391188957,80.9628598009721
62,64.01544369825587,81.02490089672825
62,64.00857776318003,80.99385481758937
62,64.02838955181608,80.98444409709494
62,64.03676176506109,81.01154670209635
62,63.980607552313415,81.01728702894059
62,63.96896622822394,81.01545016614892
62,64.00643403712401,80.99844204703567
62,64.00988109307731,80.98258558240005
62,63.9637501022333,80.97834850421842
62,63.96634459600364,80.99554876334098
62,63.95357011245727,80.9845430312174
62,63.987119741605945,81.0100806231612
62,63.95935282440069,81.0269908451423
62,63.996571198004574,81.0002554733977
62,64.03311723255553,81.00061135598641
62,63.97846487057001,81.0417115103059
62,64.01949205559418,80.98502442034984
62,63.996077655421615,81.00672470513298
62,64.01301076424029,80.96592231289218
62,64.04184858758401,81.01979554918303
62,63.961320878526514,80.9792081417443
62,63.98705241168821,80.99521985432037
62,63.97808298637511,80.96054901085566
62,64.02265657124512,80.96041213440509
62,63.993613099754285,81.00605373510678
62,64.02405433187478,81.03797897964553
62,64.02035368114281,81.02272552112947
62,64.00225181002266,81.00540045278116
62,63.987171885702,81.03553692126738
62,63.977358659501064,80.98297090983786
62,63.99118475394508,80.95577116429166
62,64.02921889754907,80.96292934632802
62,64.00191103758436,80.96389459550826
62,63.9732419688847,81.02922693713556
62,63.990170775308876,81.01624085780655
62,64.04401564005347,81.01926287281881
62,63.99229756764223,81.04649399095011
62,63.96847528981861,81.00893573600729
62,63.99381954850044,81.02118349891919
62,64.01661977516743,81.0142132008296
62,63.9684177496299,81.0281301755385
62,63.9858343415885,80.97317772301302
62,63.983515021538096,80.98004352781565
62,63.96932464798806,81.01935604447142
62,64.04895486290081,80.99933678587375
62,63.984491084980064,80.98364472214146
62,64.02617168388755,80.99775034264574
62,64.01491641035032,81.04753610325035
62,63.9973610987277,81.01031904694919
62,63.99068288494923,80.99028499883742
62,63.96148642563212,81.02022660765574
62,64.03261532401363,81.02682621471679
62,63.96349618642685,81.00920916812744
62,64.01995890579214,80.97119684659326
62,64.04361568174666,80.99528338925195
62,63.98733595769331,80.99036754722185
62,63.96228808341962,81.00106298397553
62,64.01400440426895,80.983402544086
62,64.01945385405796,81.00719411679245
62,64.0022738145542,80.97387128463852
62,63.95439332064785,81.01570068923009
62,64.01780683365357,81.02746585239365
62,64.00448009976648,80.95807887320102
62,64.01395917535228,81.02375253353439
62,63.967620462269146,81.03627823968478
62,64.03569511579182,80.98139757290107
62,64.01323447197629,81.02331224251205
62,63.996320730034256,80.9743206401394
62,63.9591791965197,81.02171434585509
62,63.99221631252047,80.99096342007958
62,63.98798011237342,80.95228857740544
62,63.968209582109125,80.98942852031252
62,63.95827266149522,81.01603551349034
62,63.955201622952394,81.01699525952529
62,64.01186326249743,80.99749852111917
62,63.96942201095974,80.98333303066913
62,63.987381846892774,80.99884670555141
62,64.03458191529037,80.96515028627522
62,64.02553217619669,80.97865521368487
62,64.01642398393483,81.00706781710309
62,64.0193140310263,81.03320260428072
62,63.98559997961576,81.02693484747434
62,63.975240983747,81.00083961554894
62,63.961070431892374,80.98934297301028
63,63.978139249703304,80.99623495636739
63,63.999285415818015,80.95858501835994
63,63.983577936545004,80.97704096585761
63,64.01219928184092,81.01833792736723
63,63.955567508537975,80.98482001627568
63,63.97086793732724,80.99553090425334
63,63.988954163245644,80.98875050103976
63,63.98701581802871,80.98477887736253
63,64.03212071454223,81.01630691273031
63,64.02366058593441,80.98640661250681
63,64.01554255708491,81.0443582886312
63,63.99883774983628,80.97806063995871
63,63.98522610141222,80.98426658600114
63,64.0335430063686,81.0210703449472
63,63.999186748240476,81.0249161460747
63,64.03055784372805,80.9789900563001
63,63.978406464222694,80.9861182397464
63,64.04003606046034,80.9806642715193
63,64.02281436969261,81.00543333122388
63,63.95644667508326,80.99671319335712
63,64.00980480420746,80.99100675207912
63,63.984215542657964,80.9656069950644
63,63.96962615385795,80.99980043348918
63,63.994683702144094,81.04332332617264
63,64.01086144240638,80.9529671091228
63,63.97480773854583,80.98797886259075
63,64.00667784751344,80.96876730734878
63,64.03152159832113,81.01593814302636
63,64.02521000678638,81.01839994441325
63,64.00903587403218,81.00105088216199
63,63.99083952729392,81.0073560153029
63,63.9814089433481,81.01180762502192
63,63.98287145850954,80.98252150732932
63,63.99599553551563,80.95750128486112
63,64.0370984101578,80.9916837784724
63,64.0138885521036,80.9994074941616
63,64.0143088327855,81.01529686162331
63,63.980285164068995,80.99981719045041
63,63.96122586742393,81.00187557280633
63,64.0261711687484,80.9725736695071
63,64.03211820019418,81.03548461382657
63,63.987856512000626,80.98197680221095
63,64.00899486317678,80.97325607145949
63,64.01175353314137,81.01580616309322
63,63.9703288302988,81.03004243833132
63,64.02608865923419,80.9845144530569
63,63.968555728239004,80.99683094718735
63,63.9599301733686,80.9704659182378
63,63.98079755318718,80.9859951255228
63,63.95462719550777,80.98865444229814
63,64.00714272685816,81.01570276585501
63,63.970774658007805,80.96221496253186
63,64.0070733044041,81.00018004943284
63,63.98279075867428,80.99370780666894
63,63.973236082657735,80.9972576762653
63,64.02881810564259,80.98527523526293
63,63.98245521891274,80.9822577600626
63,64.00701571362978,81.0452630911162
63,63.99856015316397,81.01310294831273
63,64.01794996285973,81.02409533940096
63,64.01630859687312,81.00646115166458
63,63.98071390342409,80.97452567557812
63,63.974983947423716,80.97264229108964
63,63.999214794464386,81.04939148202355
63,64.02333143576764,80.96144196826742
63,64.00411838526891,80.9729058157196
63,63.973673803822,80.95753509300224
63,64.0069231331741,81.02270606415327
63,63.99291757663964,81.00615362147039
63,64.01343474331614,81.04642090071593
63,64.03006589143037,80.96848048280813
63,64.0270975263857,80.99476246308781
63,64.02551269371612,80.9874977759398
63,63.99489982172015,80.96320184459739
63,64.03618596017338,81.02707645538558
63,64.01054145397234,81.0083300196819
63,63.96921876389224,81.03900073632018
63,64.01569250540352,81.03513764438874
63,63.96016461451028,80.98293124256223
63,63.99009872194046,81.00666799933398
63,64.00541393896353,81.02821009325613
63,64.01484694376933,81.02696629311752
63,64.00790138781106,80.99716387844488
63,64.01905886729186,81.00055196427107
63,64.02953704509825,80.98962955490595
63,64.03763545170939,81.00823210638511
63,63.991553579846745,80.98394326016506
63,64.01427932249366,80.95822619230073
63,63.98473386987753,80.9946399616445
63,64.02325204712574,80.97659460208372
63,64.02776888603661,81.04083488127968
63,63.9783217384263,81.04044342264642
63,64.01441744686542,81.00716595563831
63,64.02910507185997,80.97310906389279
63,63.99884276135568,80.95878430465382
63,64.0275023301051,80.96590137048939
63,63.98479579984414,80.97526353625672
63,64.00719066212334,80.9599796755376
63,64.01786073662556,80.99817316779536
63,64.00210680266568,81.00089076049683
63,63.975394935845664,81.00298366340658
63,64.01989595650083,81.02635874657493
63,64.027294764712,81.01765695207595
63,63.99918263342434,80.98279138182141
63,63.972809804337714,81.01619610101021
63,64.01565588043663,80.9917604378895
63,64.02014161366213,80.97850085301233
63,64.00795678788552,80.98916145608648
63,63.97866711048409,81.03642149806065
63,63.95384854590242,80.98105608030934
63,63.99628296604404,80.9801462900871
63,63.96275710693376,80.97473356462197
63,64.00584306187106,80.96141434348435
64,63.95735444014413,81.00146853669926
64,63.96893920573127,80.96592836876034
64,63.96889532778841,81.03476444364959
64,64.02844055535505,80.99883928603856
64,64.03522417322411,81.01244240495984
64,63.966801905748994,80.99911406132831
64,64.00302305411537,80.98252796436446
64,64.02434985218923,81.02728002409962
64,63.9940806701904,80.9819343115735
64,64.0058544535148,80.99736152761443
64,63.95829984811103,81.02076690754353
64,63.96931988138218,80.99391327486538
64,63.96366175798762,81.01280033659496
64,64.00762213027069,80.98355153647407
64,64.02963181860962,80.97878218771116
64,64.04185798890526,81.00511285291094
64,63.98966375371693,80.97107420608528
64,63.989081999388944,81.01136085356603
64,63.9987580473559,81.01275951718718
64,64.04404421105265,80.9824834295697
64,64.04166198170181,80.9897568569977
64,64.00406862323888,80.95069793577228
64,64.01620586669377,80.9973217958993
64,64.01766705434457,80.97708271530708
64,63.99638890251356,81.02545507295125
64,63.99079339303739,80.95339626039132
64,63.95622080119186,80.98508161380293
64,63.96436449372171,80.97295842020854
64,63.9817051457548,81.02226337478734
64,64.01701859541684,81.00271934236419
64,64.03954050955583,80.99073869462421
64,63.97756902650482,81.03030665549775
64,63.977472000468254,81.03827384347119
64,63.996676372624066,80.97054327989036
64,63.98350733889939,81.0272582860699
64,63.98869702818077,81.04351214692676
64,64.03247108171311,81.02154690371891
64,63.99379308211244,80.99446320054564
64,63.994445006000106,81.038512967842
64,63.95461913572808,81.0077469883819
64,63.97679667579267,80.9938900974234
64,64.04997629430748,81.00141337153961
64,64.03295644961531,80.99441326686947
64,64.01789200883289,80.95992146738503
64,64.00554046844935,80.97722653244182
64,64.02140487197593,80.9955665630611
64,63.97698417230795,81.01700250463003
64,64.02156563277386,80.98940422987799
64,64.02700683370884,81.01332148777126
64,64.00024245129265,80.97328089433738
64,64.03001075961657,81.03665691514456
64,63.97444434783454,80.96171757826431
64,63.997209520617616,81.01253723743183
64,63.996814683919595,80.99933025071522
64,63.989125778373634,81.012503860196
64,64.01244994725036,80.97894439911407
64,64.01948978807067,81.00522632515602
64,63.996676372624066,80.97054327989036
64,64.02462410873406,80.99147114360747
64,64.04507699492564,81.01062741220986
64,64.04023630585029,80.99708001623416
64,64.01096243456891,80.95515584129538
64,63.95553138551196,80.98109060686667
64,63.97229353035709,81.01589488166489
64,64.02222604156546,80.981840896298
64,64.00659346137589,80.9587393613351
64,64.02196156022232,80.96273854449085
64,64.01565359163178,81.0016020259701
64,63.978701814977136,80.99872311179612
64,63.996143336844405,81.02846704767254
64,63.99640757837341,81.0004052663715
64,64.0242492981129,81.0013742219606
64,63.970731521152096,81.01409107365559
64,64.01150978687262,81.02363319591936
64,64.03227850915638,80.97033359081371
64,63.96333459417937,80.99963739612603
64,63.96082143091244,81.02155990230649
64,64.01458781077052,81.02892686992396
64,63.98550450091362,81.03664903090545
64,64.02412633681206,81.01741330176426
64,64.01267769879264,81.00622820452733
64,63.99853318952461,81.01290732936067
64,64.0406746664823,81.02050817565528
64,64.02114192855117,81.02606242542626
64,63.990674934589485,81.03275050449255
64,64.04269686895577,80.98268257748988
64,63.984030906352345,81.01512011638256
64,64.00958726600479,81.04264917883341
64,63.991378439257886,81.02328777471861
64,63.9779587522112,80.97577998672331
64,63.97420601704637,81.01786318904395
64,64.00571793611715,80.95268580756449
64,63.98257304384795,80.98887616581503
64,64.01727368072153,81.04372801996699
64,64.01420489537084,80.99568145716296
64,63.97906215804467,80.96311955220209
64,64.00933022141736,81.02909638690518
64,63.95721318827226,81.00794550160678
64,63.96561874532246,81.01884642737988
64,63.98272998401397,81.01314189811525
64,64.02126901276306,81.01988911315185
64,63.96652382711896,80.98490796146643
64,64.03421426645393,80.98924639470361
64,64.01824588474162,80.98891375915989
64,63.9874674521568,81.04806806620955
64,64.01843505973045,80.97111467342773
64,63.95260605669926,81.01346542235602
64,64.03575592174025,81.02264019103151
64,63.987801356176924,81.0126209142128
64,64.03539206631712,80.99397116180288
64,64.0038056268045,80.99611364352405
64,63.96391171319114,80.97266405500429
64,63.95960868798039,81.0171497526351
65,64.01117676334398,81.02403034918453
65,64.03426195429103,81.00570601325038
65,63.994147850280385,81.04822316592023
65,63.95340019157012,81.0033319279813
65,63.979713771074266,80.96277162788431
65,64.03017871719467,80.97532473908316
65,63.993604247646644,80.9853812882194
65,64.01402024663244,81.0236481221679
65,63.989109457212614,81.0346563513208
65,64.03893725901754,80.97218018066037
65,64.01456233749808,81.01516115978569
65,63.97411844407275,81.0093582424017
65,64.00232259384876,80.99418927456887
65,64.0081602359467,80.95289959377538
65,64.01907403487165,81.04561198328162
65,64.04660012773749,81.00280294055777
65,63.975456799431704,80.99135433859936
65,63.979182605835966,81.03344828496563
65,64.00723936866324,81.01950861482999
65,63.9936231610939,80.97833842029628
65,63.96807956150309,80.99221079891652
65,63.994997716593964,80.96607742062824
65,63.98022768659839,80.99284742001392
65,63.97450089976025,81.02440672735142
65,64.01985198078326,81.01535690022283
65,63.969879632409544,81.03951526232052
65,64.01444781546394,80.99573347521037
65,64.04878274021448,80.99088936774088
65,64.02602672798425,80.97638458755681
65,64.01876175660065,81.0036940832131
65,63.96974115676273,81.017978271047
65,64.02082661493995,80.95820650147589
65,63.99020888192677,80.982229722515
65,63.96299223548361,81.00024054566602
65,64.01605974757858,80.98872750252184
65,63.99352344149864,81.01961910831061
65,64.00859149674223,80.97520674741247
65,64.02822689673295,80.99648304084812
65,64.0071613850687,80.9958658941995
65,64.03486606200723,81.01864246778663
65,63.96661668938268,80.98536416309533
65,63.98575269076393,80.98996724604415
65,63.97313463753468,80.95862164849898
65,64.00419366052616,81.00321055749362
65,63.96351550632045,80.98243265215442
65,64.01993818020378,80.99998193701748
65,63.97503650434654,81.01744373055074
65,64.01354879787021,80.98228540258948
65,64.01048526273267,80.96575170672024
65,64.01573271635088,81.01039545414689
65,63.97071377420859,80.97598283692709
65,64.03007436777337,81.03066857676093
65,63.95640924733699,80.99078368479228
65,64.01174827312687,81.01811138042738
65,64.00758980696364,81.01944815177026
65,64.00879511523485,81.01202179299446
65,64.01042190356934,80.9783046260053
65,63.99866131720372,81.00085012942047
65,63.98139692974745,80.96417122681805
65,63.99091014669012,81.03975579363556
65,63.976456369014926,80.98264780798233
65,64.0082252376591,80.96834116543171
65,64.01780070730317,80.98871997906993
65,63.995966336377734,80.9973096862077
65,63.99752982180402,81.03106329478554
65,63.96057635624452,81.00028549597178
65,64.01577286964886,80.99324185930514
65,63.97014103415763,81.03614418039669
65,64.0331120249826,80.96712433174514
65,64.02199983898981,81.03691033576301
65,64.04105754731715,80.98733910442914
65,63.959174593060226,80.9825588863845
65,64.02256623748438,80.96258175250522
65,63.97373864430437,80.97921649046422
65,63.980939581246545,81.01537561423282
65,63.97572391686176,81.03005159840482
65,64.0176662699408,81.02051430195002
65,64.02843140093887,80.97828533295423
65,63.972574145392464,81.02159831786237
66,63.96257273687949,81.01929917164597
66,63.993613099754285,81.00605373510678
66,63.99375639812949,80.96386259524824
66,64.04293564459459,81.00500940694292
66,64.0209895267843,81.03013137097739
66,63.98391744859604,81.03712942502955
66,64.0005469306516,80.9798155374895
66,64.00778532782664,81.01243464805496
66,64.01572547478305,80.989520293977
66,64.02538450778341,80.960801467359
66,63.978668265182456,80.99874619166104
66,64.03780850812052,81.03057252130533
66,63.99672846183045,81.01324103334528
66,64.01610314844008,80.98438312044233
66,64.00363491189013,80.99696088543487
66,63.96598285783879,81.02557133471552
66,63.99007609801047,80.98131829064617
66,63.97477452357252,81.02652344886702
66,63.96853080256386,80.96525048382499
66,64.00068462046005,81.04525247597846
66,64.00493258605337,80.96096175538821
66,64.03368979390812,81.02456829220675
66,63.9890890317699,80.96560967708615
66,63.971955114381444,81.03937239067757
66,63.99883652339375,80.9532251541768
66,63.99322140920151,81.01507756607933
66,64.01241721395829,80.99014673112993
66,64.00304321498595,81.02078123706484
66,64.00774827470173,80.98476829448083
66,63.9784431954154,81.04092729046737
66,63.96912819833882,81.01393556761786
66,63.9913309234977,81.03447663709231
66,64.02243781959336,80.95928706842209
66,63.9786766369919,81.0091125178141
66,63.96957734929475,81.01667192751142
66,64.00603705303656,80.97058023146377
66,63.98039684229593,81.03419237163003
66,63.993165991201344,80.95657821220662
66,63.98387664073671,80.96498390431925
66,64.02892918047326,80.9683138006742
66,63.987450191925674,80.98065090244837
66,64.00557655228715,81.00353606746494
66,64.0008877229331,81.03972275942151
66,64.03628560952478,81.03394603932902
66,63.985475297171575,81.01583297730345
66,63.990139176165236,81.0208291029
66,64.03967033180619,80.98912257123035
66,63.956635452163546,81.0130774727268
66,63.97689542649523,80.99358182653047
66,63.96427824162203,81.01466870697716
66,63.964547730473285,80.97719592128047
66,64.00552566718748,81.01749155708768
66,63.99635346384876,80.99688922614804
66,63.974908724688525,80.97087150129506
66,64.00109488781042,80.98655966178944
66,64.02121737281308,81.01316474623394
66,63.97794905339065,80.95778138057028
66,64.038427889402,80.98216627292815
66,64.00713889324578,80.98381250932258
66,63.968128556894584,81.00957734042014
66,64.03748938272687,80.99078992197293
66,63.975529771496,80.97732376025732
66,63.994741366593544,80.99855411174218
66,63.981402730992244,80.96777556762487
66,63.99283448258222,81.00739624383392
66,63.97840050258029,80.95593418986293
66,64.04519856112049,80.98567157452568
67,64.02412824660308,80.98560245378145
67,63.968808961375125,81.02109718870412
67,63.99520022435951,80.95629233611601
67,64.00810183423597,80.95868006594796
67,63.98679623055512,81.0068687009395
67,64.00741970670589,81.01900144144173
67,64.02941655112865,81.00145892596686
67,64.03988911296044,80.99680757405783
67,63.97283293280189,81.00664523022019
67,63.99204141346368,80.99816381899345
67,64.00257618028263,81.0159367401485
67,64.01741276156599,81.03668633751322
67,63.99958793278707,81.03075646934201
67,64.00730872606643,81.01890667192653
67,64.03874812141473,81.00360318044501
67,64.02362635760905,81.03166911726134
67,64.01578512183212,80.98708052427669
67,63.97922578510562,81.03919703814417
67,63.99316820251059,81.03718207852909
67,63.98298549372419,81.04316943621019
67,63.99032073208195,81.0107969714394
67,63.9556914513422,80.99586681575215
67,64.00003449234697,81.0186722687801
67,63.969722485870754,81.0326622376563
67,63.99955456030744,80.98959365350525
67,63.976568154286625,80.97752241327596
67,64.01363223969979,80.98316459421984
67,63.99066852973252,81.0032432659745
67,64.0030662061196,80.98087061082916
67,64.0398630913079,81.01350756870761
67,64.03942150572162,80.99404603464714
67,64.01351885996644,80.99928878491069
67,63.997306336291246,81.0013366975275
67,64.01062335680676,80.99485017920617
67,63.99474698446824,81.01785592466157
67,63.99133786686081,80.99007886245316
67,63.99623224088391,80.9888014206807
67,63.977030557470904,81.0301589875899
67,64.0080040486622,80.97562356251598
67,64.02498103672582,81.03014751150748
67,64.01253436000825,80.97458114696202
67,63.99097835482876,80.9643815634081
67,64.00239770261945,81.01309852411065
67,63.96571466307108,80.97319930277538
67,63.96987255517372,80.98095069165643
67,64.03991671012402,80.9797356830918
67,64.00183352865291,81.0068232136545
67,63.96382308044808,80.97257911937162
67,64.01800234828669,80.96391311863724
67,63.99932335382796,80.9838651316278
67,64.01377517862477,80.98119443023639
67,64.01505424659484,81.04106035924995
67,63.99399328089657,80.95599680992922
67,64.01367283835171,81.03843478452742
67,64.02191066838847,80.97517918760687
67,64.02480447301183,80.99775486029817
67,63.99786789198737,80.98445989605952
67,64.0473599106741,81.01091314069832
67,63.98828573488391,81.02024439692809
67,63.98185894778095,81.04224430524275
67,63.98216765162977,81.00051033907413
67,64.00400654954714,81.00906484672966
67,64.00892485901699,81.04259143716614
67,63.97386570685011,81.01813313795147
67,64.01718698308855,80.95666246407008
67,63.9618849954351,80.9786159424166
67,64.00459965153551,81.0400679932143
67,64.02277646765901,80.97171559192333
67,63.96952970229195,81.03915150427791
67,63.98491068742061,80.97770763919765
67,63.97399437202006,80.96893680871683
67,64.00723103065786,81.04336056000163
67,64.03001908943361,80.99573962786395
67,64.0097488743017,81.00493920158037
67,64.03173308415055,81.00288671036512
67,63.996281392837,80.98189377110552
67,64.0185163692254,80.9860176777249
67,64.03587116035324,80.97858695202473
67,63.98544975871157,80.98188897561415
67,64.0012657949604,80.96032914735488
67,64.02339087541137,80.9593278916257
67,63.992978801125815,80.98658133555455
67,63.98929986384622,81.02956600294307
67,63.995867184126475,81.00535961247043
67,63.994389292962964,81.01209797699666
67,64.00915287301733,81.03663032413738
67,63.95973806622621,81.01836972406862
67,63.99330485290201,81.00288715440364
67,64.00704171583774,80.99687548508588
67,64.0323909899772,81.0279806829071
67,63.98972624339818,80.96542950014025
67,63.98457932798041,80.98617032821653
67,63.99036238524437,80.97892557736269
67,63.9888655151786,80.99242935808626
67,63.98159219435824,81.00467512615515
67,63.972364990199544,80.99701178776343
68,63.95338331550364,81.00025974717889
68,63.99756071647312,80.99010665476267
68,63.97030727824984,80.96881597729262
68,63.98412414827494,80.99470029179186
68,64.02646077761847,80.97877957128921
68,64.00750331023175,80.98716501319237
68,63.988132952111016,81.0357821308922
68,64.02368129508245,80.96383995650169
68,64.00259064064646,80.96123577569955
68,64.04029471607714,80.97102456567772
68,64.02764003200537,81.02323069882881
68,63.97498226242424,80.99976310378256
68,63.98694471324587,80.99880584994075
68,63.990650165880176,81.02381019329796
68,63.99568424607679,80.97803432581301
68,63.99276814341448,81.04723715997244
68,63.98775152514008,80.9770542951513
68,64.0159642450761,80.99743110094957
68,64.0275796088091,81.01107778267334
68,64.04032496444594,81.00728374978057
68,63.995319155246,80.99035154021244
68,64.02653744059292,80.99182341231209
68,63.99985592751445,81.03283801845629
68,64.01970667567595,81.01292905441613
68,64.00510224867878,80.96777667211633
68,64.03353171893075,80.98465746425704
68,64.01323661032654,80.97108311870076
68,64.0075603715425,81.03373626624003
68,63.99206688435576,80.96980718979762
68,64.02922877747625,81.03931278406432
68,63.97926676889402,81.02624827738774
68,64.00363724887501,81.0036703297941
68,63.990734696508916,80.9861848155019
68,64.0346339467923,81.00083121671024
68,64.0248897538678,81.0241721001616
68,63.99367028391938,81.003093311344
68,63.997446889785856,80.98650338459363
68,63.97692362056322,81.00497999064923
68,63.99610418550818,81.04797295502898
68,64.01322787921426,81.04479861785893
68,63.98383426621203,80.9873961698084
68,64.00803579239144,81.03683465449663
68,63.995608965997285,81.01703685419946
68,63.97103314459678,81.02095254136832
68,63.974514497733225,81.01881631747216
68,64.04361720060886,80.98505577738234
68,64.00410900100452,80.99639005582306
68,63.96184199542189,81.02353428972793
68,64.00209239816262,81.02438010895105
68,63.97445580364054,80.97719719497327
68,63.96348212087871,81.02229709151153
68,64.02691517347338,80.96980728931466
68,63.99669085472313,81.01589546963578
68,64.03771276424982,81.03018608844184
68,63.988119421092044,80.97840225319449
68,63.98200999894751,80.97178606739106
68,64.01072762092994,80.9542615813671
68,63.99245649498079,81.03535708922341
68,64.01251106294929,80.99476412129135
68,63.980901503061915,81.02339322095443
68,63.999341913473415,80.99733205451312
68,64.01777451820074,80.99739393612067
68,64.01631673999549,81.00257565149978
68,63.95387686056941,81.00313551239552
68,64.00545259487038,81.02841716510713
68,64.04298846648061,80.97925175280747
68,64.002876321323,81.03636861078749
68,63.95200672721761,80.99294346098604
68,63.99146290509922,81.03317475102587
68,64.01156374846863,81.04751698265785
68,64.0241085902689,81.0106064803997
68,64.00561698565119,81.04581637569358
68,64.03754725592844,80.97692240549108
68,63.98280483168451,80.99908378483318
68,64.02371188416623,80.99869767290056
68,64.04603563016268,81.01175273588436
68,63.98751576098096,81.04481762357278
68,64.02306882607584,81.03561241169247
68,64.00187831332809,80.99025995118578
68,64.00315384300181,80.98651413626196
68,64.04912428422158,80.99844208584662
69,64.00010935697959,81.00519072707588
69,63.988661086509104,80.99229827031408
69,64.04140609581307,80.99552765755669
69,63.98951323392585,81.0330837204977
69,64.00937700896768,80.97638347605815
69,63.97834650631616,81.03536414494931
69,63.97607802187157,80.97708470759127
69,63.97676322895655,80.96863156469162
69,63.99917213374002,81.03472892752329
69,64.02573827481433,81.00152398245885
69,63.967216666012995,80.9765765551368
69,64.04560799926405,81.00339047170921
69,64.01270110786278,80.99206593258245
69,63.98261240358691,80.97311354109517
69,64.01736202438161,80.96115109762825
69,64.01083278854459,81.01863730559683
69,63.97493778213856,81.03469889502801
69,64.0174791758047,80.97141366923805
69,64.00116465379763,81.00439854671971
69,64.03311147668803,80.98630067042231
69,63.95389340427619,81.00062558503511
69,64.03196533674883,81.02208247691637
69,64.00254215854314,81.04243834094736
69,63.96652382711896,80.98490796146643
69,63.96761146472005,80.98037619123183
69,64.0195860727012,80.99038983000014
69,64.03327972569463,80.9865303241079
69,63.99837454599416,80.97982146152279
69,63.95680188398305,80.99848758219234
69,63.99958793278707,81.03075646934201
69,64.04008940334636,81.0007452751114
69,64.00204824196315,80.96635032752357
69,63.98664751144973,81.02034369431826
69,64.01811178439893,81.01291274483512
69,64.01631277344792,80.97207379984745
69,64.02429387679143,81.01605306785655
69,63.95607873691954,81.01643860337569
69,64.00528404856328,81.01893238051565
69,64.03063794745337,81.03311151741282
69,64.03282830526757,81.03140284275686
69,64.00246635826619,81.02902648808148
69,63.988596279720724,80.98265896094823
69,63.9526697245378,81.00850596997363
70,64.02475024333191,81.02711272134738
70,63.99725541730218,80.99601548065526
70,63.97467307406633,80.98119484365478
70,64.03124793439416,80.98821247199878
70,63.978468565132836,80.99386932501672
70,63.976963502927376,80.97846286263602
70,63.98477385355682,80.9663683438614
70,64.0028970246297,81.0139518223809
70,64.00831855931705,80.97616169738372
70,64.04634168186644,81.01306861784278
70,63.992358545318865,80.96915402682295
70,64.00395661014348,80.98241936217512
70,64.03396053619996,80.96874443162652
70,64.00541205181773,80.99442759325987
70,64.02843027855289,80.9918339508673
70,64.00411814931239,80.97762244333798
70,64.01640804845644,81.01775362711359
70,63.997090497344374,81.04326335677597
70,63.969747164710974,80.97459549282104
70,63.98585197487549,81.01283216363446
70,63.97262618016405,80.97241604306578
70,63.96504150803439,80.96553086749464
70,63.99038671558147,81.01932236771708
70,64.0120093505363,81.04109690902905
70,63.998372421545064,80.99815509020684
70,63.976366672625495,80.98252338126778
70,63.95556008417758,81.01298464570804
70,63.972242048895744,81.00980103711146
70,64.01381402644887,81.02509393148227
70,64.00924502653058,80.99612493214339
70,64.02780268818583,81.03413268661433
70,64.02366030897306,80.97426260018274
70,64.03047757464141,81.00033967183327
70,64.01743836080473,80.96930364318364
70,63.98826939067946,80.9791929567267
70,64.01879652343943,81.03307415863375
70,63.99262677851589,81.03882371686562
70,63.977129654858224,81.02829508552493
70,64.0084447379059,80.97985814059332
70,63.96935335791672,80.97032791423382
70,63.9548327097862,80.99520114752552
70,63.976996637943564,81.02479796529713
70,63.99613708448904,80.97803572979981
70,64.03663863931504,80.99643015184922
70,63.992602883000956,81.00143684861752
70,63.98002236848461,81.02831270062804
70,63.955205923211274,81.01451971785893
70,63.99146272624724,81.02043037255291
70,64.03210809317942,81.01698652853423
70,63.96565853261833,81.0193874508857
70,64.02003932220411,81.02142892400306
70,64.01526890980175,80.95296624082484
70,63.98640801186381,81.03470639272376
70,63.98286513798837,81.00302939913321
70,64.03851108010782,80.97828758671052
70,64.03138152634378,81.02722593416495
70,63.979916693486686,80.98969956563367
70,63.986020877711844,81.00543988717136
70,64.01286599721088,80.98905229037089
70,63.98788598381613,80.97290307123022
70,64.02068657622283,81.04460009075157
70,64.03588014224755,80.99734675722773
70,63.97416047398229,81.00867728797404
70,63.998659774807656,80.9679152314441
70,63.999247102561675,81.03862274291863
70,63.991348668002836,81.02584920151658
70,64.04005834408576,80.97891265396073
70,64.01783284508802,81.01970229880955
70,63.986469102768964,81.01175058738912
70,64.02688584864936,80.96387187001928
71,63.978023412239835,80.99157742329693
71,63.95779762040179,80.99182436856299
71,63.95703476808909,80.9843742336976
71,64.01210061920521,81.03939022591837
71,64.02210010614104,80.99977728105046
71,63.97335453571228,80.99806381447567
71,64.00396647891536,81.01054506059516
71,64.01091066646836,80.99865152589588
71,63.99967472140693,81.0210683310638
71,63.95833026189563,81.00060128828574
71,64.02391576729339,80.97882359607968
71,64.02948385527061,80.97049109763236
71,64.01062543263555,80.97064078027609
71,63.97753625440274,80.97147103899533
71,63.95713179198576,81.00642896163276
71,63.99787377336395,80.9511813176011
71,63.972466727307314,80.9807377583272
71,63.99466529130557,81.04965830904497
71,63.97540420576738,80.99712819194107
71,64.01312218757748,81.0294731610486
71,64.0253644831128,80.98888491810682
71,64.00756132509112,81.02605867122857
71,64.04042061497007,80.99783042087452
71,64.02180123184648,81.04433255430993
71,63.9894363997058,81.02637165506711
71,63.97647297736174,81.00272591259699
71,64.00518213944366,80.98969624200912
71,64.01453073109793,81.04630893417459
71,64.03991212564294,80.97393691463445
71,63.97115384569972,80.96632156338063
71,63.98727759792266,81.02550572268557
71,64.00011148174522,80.99973050653544
71,63.96111561815771,81.03126439117635
71,63.99533356916511,81.004256339911
71,63.98233918343672,81.0385200908574
71,63.98325042940845,80.99773656711673
71,64.03091432822883,81.03866981931901
71,64.0082714089191,81.01036464713944
71,64.01100830014188,80.98361132633507
71,64.04263639726238,80.97652419175097
71,63.992919356716726,80.96013656083792
71,63.96543784975586,81.00911544389064
71,64.00872981239868,81.03544208510444
71,64.00871603002275,81.02880812106523
71,63.97735395488384,81.02006134035213
71,63.99261429338345,80.97528410871095
71,64.01464530924974,80.99590652762048
71,63.9567610578032,81.01795338198123
71,64.00548825813343,81.0107411976352
71,63.98253633348112,81.00915989807835
71,64.01996557331167,81.01372870074596
71,64.01698669207815,81.03465035027229
71,63.99795940287896,81.02911189457618
71,63.99763505311974,80.99248200478742
71,63.99902114562898,81.03408696640847
71,64.0233429267909,80.97005030523948
71,63.96464658729724,80.97436374985783
71,63.982762436809224,81.03159339785823
71,64.00746092596677,80.9518708640744
71,63.99709830821486,81.0288363237591
71,63.99532731106404,81.04856429959838
71,63.978680700276186,80.98540915365186
71,63.96002335207391,81.01645783980194
71,63.98979830361347,80.98968937878048
71,64.00847826918549,80.95312196554275
71,63.989434720550165,81.0093094209113
71,64.02333234976228,81.00628181251108
71,63.978443164960275,80.96786174490894
71,63.975100381674935,80.97763569973205
71,63.95710828180208,81.01117727959205
71,64.03148798356848,81.03759001718298
71,64.01507875664299,80.98827233961482
71,64.01693059515244,80.99331837959255
71,63.951951021043826,80.98754567202931
71,64.00947780579499,80.9616733415939
71,63.98216246163871,81.00041957939808
71,64.04339361044586,80.99183834407647
71,64.03124807652496,81.03822994719097
71,64.04313737215429,80.9902116229846
71,64.00725217219636,80.97873941329051
71,64.0176917293598,80.9917126580988
71,64.00556531001685,81.00121220205928
71,64.02456767723228,81.03157537302927
71,64.02978567465753,80.98299397271056
71,63.992137063539396,80.99476924125416
71,63.98075444676075,81.02331356469786
71,63.972460287323976,80.97919554331963
71,63.97714777424369,81.0090675148385
71,63.9855069889929,81.03004219868701
71,63.99215923143386,81.01408946835656
71,63.99002235934134,80.98990068184885
71,64.0241727450193,80.99133912536976
71,63.98398189526728,81.01002302366258
72,63.995013116811165,80.99936501937806
72,64.02145574979933,81.00632870764689
72,64.03499073355378,80.99345247542507
72,64.00224841230363,80.98301900206434
72,64.02887237230873,81.04064242226048
72,64.0004187361436,81.04268392868471
72,64.04695904082747,80.9962112255436
72,63.98187577919307,80.98063290820318
72,63.967335386424836,80.96826397905167
72,63.95807543853553,81.01374647164201
72,64.01860001619596,80.96780635094535
72,64.00525273693795,80.97723864827609
72,64.01712823526614,80.96866675020298
72,63.99426642763566,81.0008030555855
72,63.99252582482051,81.00338242817286
72,64.00370064950263,81.01616478416493
72,63.982897302967075,81.02827283851455
72,64.00682955051904,80.95847356765182
72,63.98704522216477,81.01174745091119
72,64.02023491030124,80.97220390079734
72,64.03581065633601,81.00784700457821
72,63.98384277751662,80.99174149715732
72,64.0238238506136,80.97921118283207
72,63.97583575213774,80.97895360004313
72,63.9852023035565,80.96416265018362
72,63.97691310226138,80.96174862177864
72,63.99865225393841,80.99030265318586
72,63.992013452950594,81.03486857636925
72,63.965403443952844,80.97577313832123
72,64.0234651783194,81.03727146076751
72,63.98153190384753,81.02687336046507
72,63.96420831407382,81.02399644575627
72,63.987742526954044,80.9837145851526
72,64.0343690487804,81.00900173283055
72,64.03687658081407,81.02451364422366
72,63.95882918017176,80.99085940229342
72,63.96276099870419,81.02814453823044
72,64.02928968763605,80.9742415651566
72,63.99726392864094,80.96037682389634
72,64.03966038490954,80.98571387990349
72,63.992079680618666,81.03915311088912
72,64.00740965853907,81.01548065233767
72,64.01790066707554,80.98828224684503
72,64.04003606046034,80.9806642715193
72,63.992165738336325,80.97373456168626
72,63.997377156856274,80.9976961311897
72,64.0456893701234,81.01552997861938
72,63.975976419971026,80.99041200865634
72,63.968691907551964,81.033588372416
72,63.979659869805936,81.0069921493092
72,64.00557998524124,80.99328868940334
72,64.02005844686931,80.96769149421907
72,63.98082882306434,81.0047095678379
72,64.00733842614291,81.04545042036105
72,63.9861751060907,81.00772852322217
72,63.96790017588652,81.0189979045856
72,63.96984853052211,80.98799439329284
72,63.99231415963292,81.01333957087417
72,64.00339206686834,81.00949997928065
72,63.98382436510128,81.0004525264892
72,63.98257416661042,80.96637928676753
72,64.01031915156523,81.03895874914416
72,64.00733842614291,81.04545042036105
72,63.98784406939372,80.98587829621974
72,63.96093721172236,80.99850128831714
72,64.01288867356706,81.00318307614002
72,63.98472272151193,80.96459533214016
72,63.995657376514266,80.97039692059637
72,63.99626707832465,80.98350609690749
72,63.96917585177775,81.01978719580936
72,63.99275735264238,81.0046208285019
72,64.02114555659706,80.95854164280665
72,63.991469012894825,81.01941953206813
72,64.00007734744241,81.04200194987428
72,64.01484343706208,81.00958124422588
72,64.01472913180717,80.96511129734718
72,64.01031889728307,80.98230469312168
72,64.00417912039819,81.014363157629
72,64.00268155777657,80.96824035604469
72,64.00816146070835,81.04177898200753
72,63.98878622016763,80.96689452520421
72,63.963986241239574,81.02584616561043
72,64.00182575125025,80.99820900114942
72,63.99264958879833,80.9682410661933
72,64.0287477530717,81.0115041839722
72,63.95713335142714,81.0069627022274
72,64.03234314580916,80.97260214467319
72,63.9644784173581,80.97059806744383
72,64.03051764968076,80.96426474311689
72,63.9834259233286,80.96614460208758
72,64.00723936866324,81.01950861482999
72,64.0315818573369,81.00115026493434
72,63.99175939538012,81.03146307248163
72,64.01928210012419,80.98946499452386
72,64.01237623366241,80.99816808267003
72,64.01467618784162,80.99020224750889
72,63.99863046448901,80.99881292628328
72,64.02887237230873,81.04064242226048
72,64.02656223354846,80.99106950367657
73,63.98636998364007,80.95721262134295
73,63.99638283112363,80.97756266004875
73,64.00961547366545,80.97276801214736
73,64.01604101573557,81.0073844427832
73,63.96571485221952,80.97902787333486
73,63.964770038614866,80.98469162543036
73,64.0099289331073,80.99525604705788
73,63.98972199726935,81.0485815676771
73,64.00050829791681,81.04936677633799
73,64.0040513774839,80.96603908918637
73,64.01109336223942,80.99876468768923
73,64.01485236284324,81.02646802715583
73,63.988701070511894,81.03553800293199
73,64.01065505481897,81.00417742254811
73,64.023956822194,80.99802432040894
73,63.98342113847847,81.00754980775243
73,64.0091083793307,81.02389128285607
73,64.03971416808328,80.98479401975868
73,64.03364641547054,80.9744727084461
73,63.95803062011437,81.01124146234697
73,63.97797346998835,81.03202567821653
73,63.98173028753987,80.98775407992588
73,64.001756823208,80.96466660434187
73,63.99946231907764,80.99333938643647
73,64.03132497567945,80.96104348449589
73,63.9778444777144,81.00107353173362
73,63.974267484499485,81.0151169876997
73,64.04118359077289,80.9828995998585
73,63.96684511355368,80.96800058035863
74,63.99462971354613,81.01751697248602
74,64.02747191289937,80.97263302051219
74,63.981425453193836,81.01031322560371
74,64.03422449781621,80.97530128086002
74,64.04288751924716,80.98480573874038
74,63.981090189051585,81.00849300344572
74,63.97714777424369,81.0090675148385
74,63.973628725854496,80.99840239944089
74,64.0280586902877,80.97619605585263
74,64.00243567080996,81.01055268852059
74,63.99550117072703,81.01205196846885
74,64.02236721457288,80.98012512411802
74,63.97007825093759,81.02722038036383
74,63.98785195104608,81.00781824203239
74,64.02166481742384,80.98927518718911
74,63.97814950798908,81.03402408956023
74,63.98970564056268,80.95265508401113
74,63.97639519789895,81.04160413163362
74,64.0114301774291,80.98699077919332
74,64.001658061468,80.97964466835688
74,64.01243897160799,81.02591100951524
74,64.01856175272935,81.03050221091384
74,63.974468139801466,80.96986408545467
74,64.00489883792471,81.00431014741528
74,63.997338995401385,80.97580522417405
74,63.96830842061765,81.03560681713003
74,63.96490826581071,80.96451668853396
74,64.012270632997,81.0467910258616
74,63.95137166231675,81.00060265792914
74,64.01182581660478,81.02897674010137
74,64.01060934056633,80.98041987509372
74,63.97011592204625,81.02597862860792
74,64.02405185053199,81.0162251343
74,64.02272924222095,81.00673625481761
74,64.02063534819334,81.02144592289541
74,64.04925291881153,81.00676290487422
74,63.99457434813143,81.02855766844522
74,64.00170019846279,80.97632447603213
74,63.992013452950594,81.03486857636925
74,64.008312602719,81.00170664250786
74,64.02991254249363,80.97508497825845
74,63.988331885069464,81.00780693188204
74,64.02511315112768,81.00951470867048
74,64.01695043183895,81.03351801195457
74,64.01830828582536,81.04253983871263
74,64.04330947791412,81.00859779823193
74,63.98412791817421,81.03844323693455
74,64.00720288704024,80.98285559522562
74,64.01691922749973,80.99211905517922
74,64.04300474122513,80.98609324090829
74,63.968173292761136,80.97250386937877
74,64.01231647664521,80.95402936814452
74,63.99566184968772,80.9862390081183
74,64.04416695500389,80.98840722752556
74,63.984547194514114,81.0038438154148
74,63.969400968559896,80.99723366986065
74,63.95739135365863,80.99269779446702
74,64.00751455602507,81.04922937188405
74,63.97100126502033,81.02044037353025
74,63.9661285206883,80.97215044501424
74,63.977778047319106,80.9970651674669
74,63.99240103657169,81.03970326471635
74,63.98257416661042,80.96637928676753
74,64.01468083039286,81.01718156190051
74,63.997637146633444,80.95292764543538
74,64.01550031109683,80.9680152044664
74,64.02931290881337,81.01357134053097
74,63.9866514654534,80.98000695869266
74,63.98227613721229,80.98602355585919
74,63.957144968276396,81.01488795754537
74,63.95732414303271,80.99704993165746
74,63.95975954190026,81.00352270639488
74,64.02611054339943,81.00381014461134
74,63.986851623490736,81.04259138687932
74,64.01411857566201,81.03578976625347
74,64.02320482869146,81.0350830770631
75,63.99301787148939,80.950801977954
75,64.01859497187107,81.02927070048432
75,63.97489594203827,81.02161081249578
75,64.00779952613341,81.01682239767871
75,63.978664930056205,81.04277593522687
75,64.00575931682701,81.01087688657707
75,63.992983356628585,80.95273607210878
75,64.0185559263518,80.98634730910726
75,63.983710623579896,80.97430067675153
75,64.01955460853198,80.9977679737312
75,64.00626693817037,80.9793813902546
75,64.04386369372959,80.99639131933236
75,64.00444677052197,80.98476625975012
75,63.977767649104706,81.04165631821029
75,64.03553257417298,80.98124387349425
75,63.99136386529734,81.03647467024135
75,64.00970290185944,80.99840432768998
75,63.95983674341122,81.01993365709676
75,63.96624333607013,80.96590141024915
75,63.99330162614306,81.041132360608
75,63.987066253662945,80.96668012882408
75,64.00628394751762,80.98914539186703
75,64.0102998221671,80.96827010079406
75,63.99147484968804,80.99393138131887
75,64.03715118683859,80.98376745625775
75,63.96423016773703,80.97150947083124
75,63.990961160067194,81.00467103265933
75,64.00485210761647,80.9992430905762
75,64.02090776429093,81.01765960215926
75,63.96867087976064,80.97158525664902
75,64.01473118915007,81.01790622851487
75,64.01300480873068,81.00732275478495
75,64.04378661214544,80.98751172865873
75,63.97271699137097,80.96365480134408
75,64.02974090846949,80.96106912368137
75,63.96376525853807,81.01023808987219
75,63.990828389021125,80.95704530284841
75,64.00789105355702,80.9847055356198
75,64.01269191314476,81.01249746513349
75,64.00610830018144,80.96699236897143
75,64.04176134375261,81.01354673556254
75,64.00106270213561,80.95180493834752
75,64.02752318477602,81.0021415949959
75,64.00727500888166,80.97267931170842
75,64.02447324736298,80.99627349747192
75,64.02429387679143,81.01605306785655
75,63.95983166032405,80.97426498997669
75,64.03587116035324,80.97858695202473
75,63.97589962762027,81.00778859528391
75,64.00504356803614,81.03794725469987
75,64.03426587662709,80.96557036109266
75,63.99205865592119,80.960193617803
75,64.0040936840505,80.99632714344979
75,63.965385926829654,81.02360862053843
75,64.00547872877786,81.03829396573585
75,64.01047141335424,80.98545673261721
75,64.00294464787562,81.04810618068471
75,64.0220567466143,81.00758083196934
75,64.01709307152439,81.00448473950243
75,63.98795049477102,81.02566903587781
75,63.95803872484943,80.98255674437897
75,63.990948359508984,80.99259969280016
75,63.972995032283386,80.9835022941567
75,63.9586453104112,80.97679736421506
75,63.99971065173455,81.01890361892646
75,64.02304249709103,81.01419853392487
75,63.98602322557312,80.9661355567557
75,64.00866321642539,81.02205562831546
75,64.04686388357555,81.01242266247887
75,63.99984437113991,81.03641138706267
75,63.98908012284392,80.98151364188764
75,64.00965702812813,81.00998761770714
75,64.01777905852298,81.04614994364414
75,64.00105099270938,80.95643926763287
75,64.00857008930042,81.03915173191865
75,64.01105597470772,80.95125599499468
75,64.00417414023458,80.96680622092437
75,63.98449173678345,80.99219206587237
75,63.97344932772279,81.00315397560844
75,64.00425970488884,80.97857811615366
75,63.989096408299424,81.00095038339033
75,64.0117273728064,80.96517216693405
75,63.98106631808515,81.03299762542869
75,63.982290116292695,80.97457024872402
75,63.970460759319614,80.96451664988058
75,64.02892739351117,80.99216180552885
75,64.02086933339625,81.02374490110525
75,64.03152920720458,81.02532973635766
75,64.00869474299279,80.97059909526999
75,63.99094814367187,81.00307910055027
75,64.02167363269922,81.00163577007783
75,63.981015496956864,81.03616798763578
75,63.97079596826735,81.01076142520284
75,63.96999777827351,81.03363419109911
75,63.95298004844728,80.99969890674795
75,63.96784238246632,80.96426808196007
75,64.02460679712362,81.0404004240766
75,64.0133101439158,80.96513665151178
75,64.00175324347012,81.01286912417174
75,64.01563104789695,80.95790293834939
75,64.00779952613341,81.01682239767871
75,63.98361784878926,80.96416822256738
75,63.99504764660638,81.04186082623065
75,64.00731120849206,81.03729376090268
75,63.99327008799542,80.97282939233396
75,63.95664277214069,80.98002726268066
75,64.04723011246048,81.01532088872773
75,63.98735678700188,81.0194974748043
75,64.01906822794332,81.00972558637501
75,64.04478942684561,80.98709104059434
75,63.98815405387365,81.02491530399917
75,64.0255713618727,81.03826176145947
75,64.0159457786063,80.98897110979831
76,64.01441503301811,80.96297151811865
76,64.01619754526426,81.00504624015375
76,64.01392859251588,81.008850051418
76,64.0081602359467,80.95289959377538
76,63.97534121026944,81.01287163685005
76,64.02653494376614,80.97278503769469
76,64.00437156093092,81.04912157495572
76,63.96908943805164,81.00855559518835
76,63.98951227467985,80.95161201466102
76,64.01526498183148,80.98811711938411
76,64.03200990210973,81.02734467770466
76,63.99800022642228,80.96440139940567
76,63.9618909491381,80.98044003231976
76,63.990666563152246,80.96887915886646
76,64.0189749456272,81.03165716461477
76,63.95987501314809,81.00296460167498
76,63.97921533858885,80.9757569780074
76,64.0029919138322,81.0061879011718
76,64.00186001756144,80.990101377008
76,64.00786616680473,81.00824403168282
76,64.02845668247167,80.9829981161849
76,64.0011935087738,80.99876762046571
76,63.98685595073359,81.03298952447066
76,64.01465872035317,80.9529478890949
76,63.99857009410061,80.9642808791896
76,63.995608965997285,81.01703685419946
76,63.97237639934038,80.99003936849697
76,63.978090583105775,80.99144105875365
76,64.00630524474595,81.00140336244029
76,63.98922567226693,80.97544438893686
76,63.97897197121448,80.99173009611508
76,64.03520836953894,80.96644704995278
77,64.00841592350264,80.95177414823411
77,64.03919940225026,81.0149531933651
77,63.999486875698004,81.01133594934275
77,63.98930739774763,80.96733774188974
77,64.00505524178911,80.97175702483086
77,63.959009124035184,81.02320427969649
77,63.986413154363156,81.03278135548327
77,64.03022366548558,81.02155075555874
77,63.97636772098551,80.96535226911745
77,63.981526990287584,81.00559970965227
77,64.01499656105504,81.01302852300287
77,63.95974162641815,80.99817037029136
77,64.01332427210798,81.01036334785582
77,64.04475206693213,81.01542387236604
77,64.00615298397783,80.96155548836654
77,63.995414852268084,81.00982325164719
77,63.99890607801899,80.993086196334
77,64.0093794509638,80.96972418467456
77,64.03230439173738,80.98980527506052
77,64.04282865754455,81.02421898157048
77,63.963044176458915,80.99036582244561
77,63.99554900414307,81.0327855114855
77,63.98020648300837,81.02950241079644
77,63.96503918454086,81.00005635982491
77,64.01508779137842,80.95707944995112
77,63.98499418526374,81.01751405512596
77,64.00560534214273,81.00921093368389
77,63.9566350573677,81.01303838742828
77,64.005867286801,81.01984899617047
77,63.953081601001394,80.9999873667526
77,63.98223523980944,80.95361528915701
77,64.00830376704502,80.97832989264396
77,64.03348603951476,81.00524895944824
77,63.99240431026046,81.04274507346035
77,64.00967662092397,80.99392804907751
77,64.04488397857145,81.0052215139648
77,63.96533356180758,80.97710814887199
77,64.0208431017574,81.04456871032782
77,63.97196168578737,80.97589338229318
77,63.971668864001096,80.98796453203282
77,63.99213209479656,81.02270896290824
77,64.01469540674444,81.00997579514349
77,63.98858039503461,81.00474613389092
77,63.9618849954351,80.9786159424166
77,64.00769875965092,80.95488762224946
77,64.01146103498883,80.95534579021682
77,64.0220484348696,81.00802481673344
77,64.04031140226756,81.02634576878441
77,63.968537275275345,80.974568437316
77,64.0037657857372,81.03763359510259
77,64.02458721661274,81.03068734018805
77,64.01363223969979,80.98316459421984
77,64.00370536481645,81.01744734093087
77,63.97626566432401,80.97793593035804
77,64.01809089105559,80.96568434632472
77,63.97691463275692,80.9693904276105
77,64.0267049972867,80.97062736691413
77,64.03021430984272,81.00128964652357
77,64.02874194150793,80.97712134796231
77,63.98980393510447,80.9865521250551
77,63.973708767369914,80.98737045275017
77,64.02268379420754,81.04250894254875
77,64.03248297936449,81.02438610225215
77,63.97917657464784,80.99297267640611
77,63.97166754298425,81.01334097787269
77,64.04389743426145,80.98755974284882
77,63.996633411820945,80.97640404245207
77,63.99340332995419,81.02266797360555
77,64.00170801193856,81.01285144323606
77,63.98374227089294,81.00852451670556
77,64.03385547153398,80.97229773739117
77,64.04393982493515,81.00970974479054
77,63.96773201100926,81.03662660430271
77,64.02837396558412,80.97728935399947
77,64.01338136917786,80.98314847068528
77,64.00117032414377,81.01785840350634
77,63.983248717530266,81.02183931182536
77,64.0371214346557,80.99099240761926
77,63.9814502818169,81.00338367706308
77,63.972080439805524,80.99923629927882
77,63.95953891579586,80.98547367734213
77,63.9988519818729,80.97767808727109
77,64.04161269226026,80.98760758279265
77,63.95148995798657,80.99940557422156
77,63.999749735125064,80.95233560317612
77,63.97504052513733,80.95785456762027
77,64.00011148174522,80.99973050653544
77,64.02108151596089,80.99749402447196
77,64.01905618675188,81.03875276482275
77,64.00805818198107,80.95999343446516
77,63.97223031566803,81.00669716531594
77,64.02272983293118,80.96967346205284
77,63.95231167659628,80.99245369775075
77,64.0167840748643,81.01989552545176
77,63.967759941682154,80.96591055378273
77,64.01419045255888,81.00982516145724
77,63.990322182480604,80.98666826628407
77,63.95651292803523,81.02436808946612
77,63.95951711281919,81.00225527812535
77,64.0112432673702,81.00376437096797
77,64.01627936017552,81.00770636156652
78,64.0393851179735,81.01202260025076
78,64.01118655656703,81.03310085175362
78,63.95234545979631,80.98979202950153
78,63.988852823614685,80.95456607146592
78,63.97723668167089,81.02484600889436
78,64.02132954148564,80.99186878644609
78,63.99471307770452,80.96094892350781
78,64.0110816708424,80.99940027490162
78,63.96786907415194,81.00852735428644
78,63.99230389509716,81.01360189275
78,63.95305414523148,80.99069805115376
78,63.99387526822675,80.97871127244099
78,64.0384082862814,81.00146170753948
78,63.97475607915778,81.00966446093541
78,64.00866321642539,81.02205562831546
78,64.01255553991462,81.03617703988337
78,63.97390858256798,81.0182828252049
78,63.98318746383452,81.02981048336468
78,64.0452677651479,80.98976172695899
78,64.0013612065524,81.02110035225985
78,63.986479962115084,81.01812841315457
78,64.04760097135001,80.99036377126303
78,63.96757058897502,81.02078812759986
78,63.9799855204708,81.00193993051546
78,64.00001708046644,81.02431399344471
78,64.03835527767905,80.98147960622278
78,64.02121897404977,80.97887031510686
78,64.0080515987231,80.98989273108552
78,64.01256344034985,80.99394790765548
78,64.01035824588647,80.98850492134318
78,63.99539883516158,81.01884220495458
78,64.0166647748945,80.99013738660518
78,63.95932499816404,81.01168956856843
78,64.01616610644912,80.98053582145161
78,63.95645269988081,80.9952144329989
78,64.01427258548571,80.97711787693996
78,64.03096689207183,81.02676993308164
78,64.01803070628488,81.02498608703286
78,63.98802656027942,81.01967718245707
78,64.00156784901557,81.03375801580829
78,64.03726917113657,81.02589291679172
78,64.00543356827714,80.9585730349973
78,64.03575168524235,80.98238476788255
78,63.98575659166953,81.02766395837772
78,64.00097839793565,80.99370462054037
78,63.98660937190456,80.97516270463046
78,64.00076203859103,81.02942268656656
78,63.98899647571187,80.98067291009662
78,63.970796714160144,81.0201650377622
78,63.97272169490978,81.00755456359566
78,63.970932796505785,81.00156376930856
78,63.966350734330405,80.99955765629096
78,64.00008386866241,80.99248492264707
78,63.99629869933871,80.96356425729091
78,63.9892570021719,81.0009785904493
78,63.974016327674086,80.99431681227871
78,63.993309382412754,80.95348181751537
78,63.971975182649864,80.98789738376043
78,64.00221472080942,80.9636223058555
78,64.01259675314742,81.03662566489223
78,64.03898084879292,81.02947587899742
78,63.95343950269838,81.01766044839796
78,63.99614070975021,80.98060596231365
78,64.00953425413589,81.01172155189465
78,64.04296463291202,80.98302182643975
78,64.01550031109683,80.9680152044664
78,64.02488229401567,81.00972072331167
78,63.9850207685741,81.00235796741573
78,63.956623907863566,80.99271237276724
78,64.01811393500014,80.95567879984773
78,64.0210663192616,81.00481409530823
78,63.957471607613186,81.00460694820602
78,63.99600186118079,81.01146714018759
78,64.02414488647469,81.01429250642836
78,64.03138114484514,80.96869873575652
78,64.03410645363074,80.98526447220722
78,63.97692362056322,81.00497999064923
78,63.993467495855135,80.9866518689543
78,63.99724028841137,81.00075873949228
78,64.021029728853,80.97478896164974
78,63.96363393314731,80.97959856724076
78,64.01370243098742,81.00725537591147
78,64.00921301420762,80.99352698362966
78,63.97873184980358,81.01255004759801
78,64.0405749596215,80.97441116487475
78,63.97165447901149,80.98583020843543
78,63.98755325903918,81.02122364348554
78,63.9875209966985,80.97722107633794
78,63.966335991099385,81.03522896324623
78,63.99590392441321,81.00292414178188
78,64.02113869510889,81.00312515553085
78,64.04379068108474,81.02356483910405
78,64.01150256713474,81.03944824334332
78,63.99583250220594,81.0101283746179
78,63.99630355232283,81.03403719116353
78,64.01642859480116,81.00569138775978
78,63.99539883516158,81.01884220495458
78,63.950939016185096,80.99621909815812
78,63.99670729116657,81.04146944528559
78,64.00377081451889,81.04708153794772
78,64.04466556601885,81.00102291424125
78,64.03011556843765,81.01944351737261
78,63.99940681739053,81.04701503847197
78,64.01781103114466,81.0030757468468
78,64.00558262954281,81.00829456075014
78,63.968649738671346,81.03656672450326
78,63.970489800366884,80.9620901090252
78,64.0004673194128,81.00488412897958
78,64.01042193624187,80.97660746776432
78,63.97366434183917,80.98259714853633
78,63.9800956319368,80.96397863554336
79,64.02376547949162,80.99637776573522
79,64.03205033862848,80.98730450266942
79,64.02377339866905,81.03404744150734
79,63.959977460025826,80.98415697241087
79,63.98485485465035,80.97192958789573
79,64.02791111075334,80.9865707332385
79,64.01309726098471,81.01878529595743
79,63.976003737338885,80.97022358185433
79,63.98651477343443,81.00819817532428
79,63.998512536004036,81.04810456093556
79,64.013443497317,81.0127775152699
79,63.99065961789648,81.04081355241907
79,63.99772952865665,81.03175422299054
79,64.02471688748217,81.0178045478918
80,63.99449658873217,80.99074702278129
80,63.97692897295854,81.02164153994042
80,63.97582457497634,81.03554371709222
80,63.97926163206677,80.99034792606173
80,64.01427932249366,80.95822619230073
80,63.990618996503414,81.02053829218735
80,63.969135366461124,80.99554256807686
80,64.02338840306781,80.99518983768013
80,63.969710024859694,81.0341173744999
80,64.0352665312032,80.98521812579007
80,63.98325042940845,80.99773656711673
80,64.01460706170262,81.00654452621237
80,64.00133825472311,80.99887500755361
80,63.98380350371561,81.02322692074229
80,63.995625280933176,80.9925613494103
80,63.996724081396884,81.03294130706932
80,63.954182789422454,80.98308269546222
80,63.99455449897279,80.99505710824033
80,64.01063936831825,81.01673435810703
80,64.0140165450408,80.99817613904368
80,63.986448157656255,80.99644219887512
80,63.97660975507471,81.01424349541031
80,64.012481956864,80.97083508946581
80,64.03546441229582,81.02900938197385
80,63.96787322290652,81.02291344350049
80,63.99465443862378,80.97360891038807
80,64.03405339742712,81.03300634202142
80,64.02872220365462,81.00972533919276
80,64.00538495476168,81.01050401486553
80,63.96183819868972,81.02416805778257
80,63.97508192625055,80.99640461538003
80,63.953408337363626,81.00241811254686
80,64.02119081038704,80.97716732156873
80,64.02291700535814,80.98799701293143
80,64.01606681128018,81.02416550035508
80,64.00104170420298,80.9923213445577
80,63.98806043447824,81.01200441797369
80,63.98603397839974,80.99892590433859
80,64.00461309744472,81.04742086164858
81,64.00379042309315,80.95580721277231
81,64.02950943828833,81.02017934757158
81,64.01266440993656,80.98089775632133
81,64.02016467267671,81.00666773288741
81,63.99581597516023,80.99458240455108
81,63.97186455834839,80.97804515747535
81,64.01459571545038,81.03001685978785
81,63.97541994883455,80.97746326544164
81,64.00362077215529,80.96759277904648
81,63.99705919163109,80.95521283550836
81,63.9987580473559,81.01275951718718
81,64.03639707803406,80.98648030293144
81,63.98303370915487,80.95472100024098
81,63.9849631474934,80.96771728420751
81,64.03996867224822,81.02587437340898
81,63.98926206378594,81.01476219593452
81,64.00668946087293,80.98028640978303
81,63.96261417067061,80.9874796611237
81,64.01681427313082,80.98968370746607
81,64.02651582243682,80.99871766440376
81,63.99216362695334,81.00952286986721
81,64.0130754633944,81.02017919734331
81,64.00535541786758,80.96972741645973
81,64.00514017682387,81.03830858555004
81,64.02733419952698,81.02067573780803
81,63.98067339493088,80.97683107881747
81,63.98762223725105,81.00692162746662
81,64.03180917817876,81.0358766776031
81,63.953540717989846,80.99752259018148
81,63.97584579431342,80.9759592871435
81,64.00469292069197,80.95874735670193
81,64.02023304939037,81.00259889602455
81,64.01979477072099,80.96917444515793
81,64.02954751228057,81.0302511469172
81,63.974373366003505,81.00569834162583
81,64.00045137675468,81.039518391808
81,64.03997553909268,80.97520667529936
81,63.98230629855237,80.97340718966004
81,64.02747552632829,80.99267430386871
81,64.02187688380482,81.03107021844639
81,63.981303137393674,80.98621063015162
81,63.980948136121725,80.95976289066685
81,64.01550031109683,80.9680152044664
81,63.984199455457656,81.01359618301446
81,64.03094545824976,80.9612155975982
81,64.02658176749726,81.0008429172548
81,63.97666063667399,81.0305570070672
81,64.02343629739444,81.00980443862518
81,63.96050478846856,80.98611622366379
81,64.00492671934694,81.00175813429121
81,64.04449751329182,81.00041883373028
81,63.970847820631555,81.03077801502356
81,64.00371652562076,81.04105819737433
81,63.9890147820783,81.02172341756282
82,64.02061044456711,81.00900695388978
82,64.0023077221138,80.98948566382718
82,63.99636434793218,80.96866743062841
82,63.97800522183101,81.00399434954512
82,64.0145556963109,80.99509737630115
82,63.97766008878853,81.02202649236055
82,64.03186404598377,80.98577426983985
82,64.01211247737585,81.00967648734301
82,64.0344978162604,81.0173081455691
82,63.97458121821071,81.00913442516604
82,63.970344393123085,81.01440113168132
82,64.00746053131665,80.99411062117493
82,63.964295938406686,80.99342554661932
82,64.04054423460398,81.02443199491232
82,63.96250015337479,80.97429441954726
82,64.0130225981944,81.00949747589996
82,64.00723103065786,81.04336056000163
82,64.01286774307823,80.97264970716174
82,63.98298430698797,81.01463235937007
82,63.994556867199044,81.02404276571419
82,64.00706910338933,80.9787701352617
82,63.9538311648263,81.00354161939009
82,63.97656996686936,81.03455122440239
82,63.96935335791672,80.97032791423382
82,63.987414149313985,81.02153498997694
82,63.959536852389256,80.98551031690478
82,64.0050896107383,81.01071480161589
82,63.98181334587899,81.04507021793555
82,63.96321076964007,81.02894579126165
82,64.01438759823488,81.01684939798004
82,64.04579643091672,81.0174542229702
82,63.985663415359646,80.99761583704982
82,64.00107492248044,80.96157637031595
82,64.02993619252342,80.966121441321
82,63.992008013347935,81.00703069054381
82,63.99475945555438,80.99068701565585
82,64.04069110983131,80.99042279371999
82,64.00393242469882,80.99842258411887
82,63.989691142494266,80.96581849614421
82,64.02069570122563,81.03719769110246
82,64.00543444404529,81.01272616556687
82,63.991364197178385,80.97780914937563
82,64.03092890896465,81.01773902058562
82,63.97228469763207,80.9942752936278
82,63.96087529792317,80.97059733155898
82,63.97720446662838,80.99543846644242
82,63.961365446993405,81.03165921396618
82,63.97748348362518,80.99910349256542
82,63.982857239692024,81.01317834089404
82,63.98486767748654,80.99760905241398
82,64.0318853611891,81.01773787577078
82,63.97963130284422,81.03015994101649
82,63.961710453985596,80.97467456465995
82,63.983765655979745,81.0176251727403
82,64.03586534747546,80.99691189008239
82,63.994651376654204,81.03516569718956
82,63.957106080646255,80.9991066953681
82,63.976845578160265,80.98886846333728
82,64.00741970670589,81.01900144144173
82,64.0234811626099,81.01013298127756
82,64.01149727022495,80.96636495927814
82,63.98264297569289,80.95506474169358
82,63.99623354521633,81.04477090308008
82,63.9889947298357,81.02131596101022
82,63.96348212087871,81.02229709151153
82,64.02034534067487,81.03568857285498
82,63.952206052408066,80.98872055478314
82,64.04604811493844,81.01201063231818
82,64.01431178134514,81.00654192495803
82,64.03230798025332,81.03541203931879
82,63.98010230734128,80.98880854042437
82,63.99606438998114,80.99463405774678
82,64.01093414453678,80.96749929985141
82,64.02675442472159,81.04199419016912
82,63.97080337275859,80.96255137867328
82,64.0410334475336,80.98914500382935
82,64.00728266837409,81.01574281460886
82,63.982731669996994,81.03808081217342
82,63.96865822946344,81.01970446455597
82,64.0373272536302,80.9809018263759
82,63.98503223208999,80.99532155841167
82,64.0150652018339,81.03349954632964
82,63.985542093356145,80.96856488702717
82,63.96076355783536,80.98009039965814
82,63.98726862570548,81.01851265935427
82,63.97422052274321,81.01895269854292
82,63.98840935888399,81.03446608733364
82,63.95331433684443,81.00476743870938
82,64.03497354977772,81.0336619446948
82,64.00027643689484,81.0001109618261
82,64.00760220328843,80.9915699379347
82,63.98533525285647,81.01508763024815
82,64.01577629668995,80.97183241737828
82,64.00403714874659,81.03174598368213
82,63.975744726680496,80.97198348716121
82,63.95469130887194,80.9861150177199
82,64.02606467394793,81.02834832938129
82,64.03748469560053,81.01274646686682
82,64.00238868662204,81.0371321590267
82,63.994812557018896,80.98445747925999
82,64.00704322297362,81.00118658725884
83,63.991784811513604,81.01449813193966
83,64.00616335960848,81.02061287214835
83,64.00027052756653,81.04073516581393
83,64.01382519202029,80.98875826415545
83,64.00520908364477,81.02442782896043
83,63.99474698794986,81.0062502727803
83,63.973676450856416,80.97676485720977
83,64.0270242699718,80.98005462579327
83,63.96793489131931,80.988997486191
83,64.02268379420754,81.04250894254875
83,64.00009456824671,80.96013874849345
83,64.00052258454878,81.0498439181625
83,64.02227960539476,80.96531650968934
83,63.95349014413985,81.01261898673219
83,64.04300908977085,80.97863344950169
83,64.01092392471458,80.98854957297341
83,63.97969723845818,81.01944765897129
83,63.997619654909535,80.99903338327269
83,64.00623422541703,80.97518953168158
83,64.02363115916008,81.00744316558583
83,64.00214525951236,81.02515982937395
83,63.965053590218474,81.00932583455081
83,64.03210373698326,80.97424026576829
83,63.97830757248852,81.01229177655294
83,63.993226332660385,80.97953251986044
83,63.96462339278579,81.01301764828152
83,64.02052393360174,81.02153760577077
83,64.00927425032155,80.96478204514277
83,64.00832073345616,81.04480446987222
83,63.96750524872048,81.01780634993133
83,63.98093033391991,80.98134541246391
83,64.01791857402092,81.01680348546054
83,63.98865197333358,80.97010531817797
83,63.98907929761249,80.9804290530668
83,64.02905683322544,81.02795096914421
83,63.98136157493913,80.99346659243533
83,64.01122658831703,81.00171108526966
83,63.98303972523999,81.00162274107625
83,64.01723997080907,81.01285950600347
83,64.0146623457236,80.9526333487126
83,64.04179781073837,81.01339980596272
83,63.99316820251059,81.03718207852909
83,64.0045008102146,80.95379879750242
83,63.99433278757902,80.97857341010523
83,64.03620325116083,80.97305610569039
83,63.9955343528552,80.98559332378706
83,64.01850114342857,81.0230932305072
83,63.99493253214743,81.00175363779067
83,63.97020278297709,80.98107134228212
83,64.03843521354896,81.01328195493181
83,63.990406013481504,81.00343066444381
83,63.97430348447335,81.02863588271566
83,63.99780859060869,81.00502919909941
83,64.01367223985092,81.03565155521567
83,64.00733872133601,81.03288866233673
83,64.02979823944612,80.99892243526017
83,63.988987081495615,80.95193616374196
83,64.00535018773591,81.01177789933065
83,63.97502338651246,81.0061657508647
83,64.00308325728635,80.98558920039886
83,63.968402244592404,81.00966386915567
83,64.01576956019109,81.01935223108865
83,63.9761878383123,80.99055170189682
83,63.99093384463542,81.02753634526509
83,63.99580831962234,81.02477050082676
83,64.01146859671024,81.008176415632
83,63.98586865063525,80.99356136272358
83,63.9632469790843,81.02435100953404
83,63.98437484349141,81.0233538734342
83,63.99033887017166,81.01559691781175
83,63.99978485477715,81.0218911697914
83,64.01184584035586,80.98634524831292
83,63.958547275801884,81.01940657398112
83,63.989185645161534,81.0263164578242
83,64.01334997882347,80.98670186096474
83,63.9778653222801,81.04293873667895
83,64.01173097444976,81.02227088642633
83,63.96239184120514,81.02582872156196
83,63.96601122885755,80.98561434382312
83,63.9646733588835,81.02025958900705
83,64.00569348276333,81.0394682689752
83,63.987600105276755,81.004969741726
83,63.99027353641666,80.96490529628097
83,63.981216084473154,80.95966281480943
83,63.99866866910227,80.99908021504211
84,63.97725062846125,80.97930381734278
84,63.9910103527518,80.99680119249705
84,63.96385411511136,81.02908961832313
84,64.0387873018642,80.97499486577452
84,63.99062091777579,80.95393881420352
84,64.03251323004812,81.02595342707609
84,64.03508175366791,81.02497891206662
84,64.02712295234673,80.96370207583864
84,64.04072023128539,80.9743459961878
84,64.01993635313566,81.04083034183977
84,64.03091524237699,81.02798327004317
84,63.985209762089,81.00184753917252
84,64.00410900100452,80.99639005582306
84,64.00630398584113,81.0199943110957
84,63.963272247881534,80.99406994115488
84,63.99514401814714,81.01886808653933
84,64.03643111866816,80.99654626026671
84,64.02115963904262,80.98346033178876
84,63.96606253797308,80.98707248652921
84,63.983570474091515,80.96166922507349
84,64.01199891834602,81.01046921416165
84,63.975669715774025,80.99451048994676
84,64.02232976797849,81.02421048595284
84,63.99280789687935,81.04810122935672
84,64.04131644324768,80.98958224457544
84,64.01905874860576,81.00478766858684
84,63.98876859628579,80.99925975639466
84,63.989561107412854,80.97296641534096
84,64.02670035130328,80.99829483311863
84,63.98693283164069,81.01799394827302
84,64.02040617198864,80.9960212733563
84,63.982897302967075,81.02827283851455
84,64.0111342463767,80.97403417621219
84,63.962513470198864,81.01688525895575
84,63.9655652925939,81.030449942104
84,64.03918186359475,81.02057323897932
84,63.99101670906911,80.9870667641846
84,64.00385389503904,81.03209495333137
84,63.98799497945314,80.99316975177223
84,63.98595440430818,80.98596196379647
84,63.966479038925904,80.96433847047354
84,63.98040682707269,80.97549133307986
84,63.967611720284616,81.02016166978947
84,64.02463628788036,81.04204814330365
84,64.03359982498256,80.97372226730778
84,63.999119453113046,80.99266281001779
84,63.99622858069239,80.9858256332657
84,63.980158226469,81.02365635638172
84,64.01037376809506,81.04363621151828
84,64.00763443038186,80.9506799585244
84,63.97689542649523,80.99358182653047
84,63.9670033285338,80.99445849305981
84,63.968763555509504,81.0054583393724
84,63.98318746383452,81.02981048336468
84,63.97820386195405,80.97776343206209
84,63.995042095433035,81.00410086653943
84,63.994707090346694,81.02710920823085
84,64.03346012656431,81.02977214491312
84,64.00341229442469,80.95964525098476
84,63.99525224513661,80.95620071774445
84,63.99146707646066,81.00659692985478
84,63.99870526262993,81.01393175605182
84,64.03651928177712,80.97008211217116
84,64.0139978891749,80.98944743241653
84,63.96809582905064,81.03180335220455
84,63.98769912830044,81.0105083902146
84,64.02396756571657,80.96466823984358
84,63.99913164507112,80.9999991874614
84,64.01462083136413,80.99234916936693
84,64.01582391865524,80.95384903013178
84,64.03610785055412,80.9748278885182
84,63.99254724160196,80.96180491064275
84,63.991742992419155,81.03621888114075
84,64.0432301916765,81.01278630939326
84,63.99846831273129,80.98442542495334
84,64.00473019069156,81.01143344005479
85,63.966040372014646,80.97399099049906
85,63.99262384643369,80.98121666748204
85,63.98800075527389,81.04082709903767
85,63.95990980474491,81.02861491570134
85,63.99275015002888,81.02493970116565
85,64.01572649239239,80.97568481307233
85,63.96664680619165,81.022953600409
85,63.96357687877749,81.00641572505941
85,64.04849581327764,80.9916031709488
85,63.9998229623103,80.95541680156846
85,64.04591763750526,81.01293382754731
85,64.04410130718534,80.98151089798101
85,63.9902837616738,80.9816139028307
85,63.96484515638946,81.01846947705235
85,64.0336144935816,80.96773168251809
85,63.992371805340944,80.98226193320782
85,64.04918447595443,81.00730620111648
85,63.98101785381556,81.0145463730075
85,64.02668100477845,81.03143096137426
85,64.01022805247472,80.9532205086639
85,63.953457248982765,80.99685313728502
85,64.00647991716745,80.9863451767524
85,63.95610772841538,80.98203542663946
85,64.00499340970073,81.01712651502108
85,64.02102761931322,81.00878545554437
85,64.03054514857399,80.99053379982426
85,63.99855275710784,80.9738009715511
85,64.02644288195538,80.96855489209673
85,63.976134456940166,80.99020069684335
85,63.975430892749294,80.99860259255169
85,64.01959837597035,80.98473862451756
85,64.0312616954022,81.01876922666733
85,64.01263476985079,81.00545163359106
85,64.00824298629492,80.97219398122442
85,64.04622872103346,81.0057931535658
85,64.01671317078737,80.96098983210935
85,64.03720940946626,80.98709514699286
85,63.98506377838079,80.97655081752026
85,63.97330812111771,80.99650035634596
85,64.01297768255701,80.96751854438808
85,63.98438271480832,80.9599402164728
85,63.993295401385176,80.95509254560986
85,63.96435828653381,81.02334292875989
85,63.97415512841908,80.99140573063491
85,64.01583750055478,81.02688654125718
85,64.00512471921692,81.0173415576563
85,63.991870789524754,81.03390106683678
85,63.98541577722342,81.00098014715881
85,63.96601268009591,80.99746879128472
85,63.97784951016243,81.00420405676162
85,64.01899324892251,81.04310743194249
85,64.03232404182462,81.00484353390678
85,64.00745566268047,80.95297418299674
85,63.99558192081203,81.0064720069202
85,64.02347073110357,80.98576838497982
85,63.95792315023699,81.0106175102492
85,64.03975682992719,81.01382769386629
85,64.03137714633392,81.00300099547793
85,63.989646773391314,80.98492775328494
85,63.97358031173484,80.97672461010822
86,64.00462075323627,80.99687779311508
86,63.964050428504486,80.99739154078117
86,64.01650256922177,81.00388678918105
86,64.02259426059535,80.95952412438878
86,64.0482964953822,81.00726619759604
86,64.01816785825103,80.99931198372136
86,64.02265520841397,80.99887960891577
86,63.96905747811128,80.96933002348754
86,63.98648397699204,81.03955070365397
86,63.981121292731686,81.00993527489211
86,64.03152151688455,81.03606982297947
86,63.99667019974535,81.02173826848023
86,63.99356620095235,80.97815220978967
86,64.02451721400685,80.96350144242571
86,63.98876744573501,81.03813937877948
86,64.04296463291202,80.98302182643975
86,64.00025233854127,81.04898531324037
86,63.967490064130104,81.03218780443208
86,63.97451625735393,80.99927441034448
86,63.9908709670986,80.98597587875035
86,64.00265992187884,81.0442489884517
86,64.01383334607418,81.01672570179977
86,64.00387239705573,81.03959217376739
86,63.96761946704717,80.9630758900129
86,63.98261947245205,80.97910099235483
86,63.98119848708166,81.04516846604791
86,64.01849092127253,80.99228294197847
86,63.99334558095846,81.00001482602488
86,64.00927858435618,80.99447473257871
86,64.00779346563165,80.96063305995877
86,64.03003394052939,80.9922875568242
86,63.96710130851101,80.97316505716262
86,64.0170436842439,81.00791106207387
86,63.97774006569447,80.98352279568195
86,63.963214483680936,81.00955524907421
86,63.99352344149864,81.01961910831061
86,64.02884373100864,80.9742239518514
86,64.01302794441501,80.9857267256038
86,63.978503894288814,81.00017102206625
86,63.999303781788676,81.03229928292193
86,64.01351885996644,80.99928878491069
86,63.99187074575513,80.97530238378926
86,64.01287716164097,81.00377840947256
86,63.976801195013074,80.9860325307146
86,64.03282981655019,81.00146340193437
86,63.96974115676273,81.017978271047
86,64.03651855488646,81.01897079897695
86,64.01786243138815,80.99630176708531
86,63.955064735264315,81.00810059930384
86,63.96333432759632,80.99721007714507
86,64.03371237741494,80.98349360279343
87,64.02954751228057,81.0302511469172
87,64.01155680677597,80.98044379152844
87,63.98993070774323,81.03222095997155
87,63.973044950910925,81.0111611887647
87,63.97032483769949,80.98149352331596
87,64.0491407550609,81.00816709933726
87,63.96740514617163,81.015065566067
87,64.02354975605483,80.99485551430695
87,64.02901519378509,81.01379245702314
87,63.97609575269195,81.02558461845065
87,64.01405024109101,81.01524189365392
87,64.02729722144687,81.03969753049752
87,64.01294560670974,80.95671411530061
87,63.98401928613212,81.01249501553349
87,63.97170715516161,81.0102273432055
87,63.99932780756965,80.99909649053751
87,64.0252347395378,81.003464196534
87,63.98001731692868,80.99465543764988
87,64.00845027226747,80.95255224064255
87,64.03125000659956,81.00765385375054
87,63.988042886512126,80.96130148934576
87,64.0040303640307,81.01228900774356
87,63.99902454869246,80.9855621731799
87,64.01905886729186,81.00055196427107
87,63.9689417146518,81.01739731417224
87,63.97188681058906,81.01528760589095
87,64.02524294640688,81.00044321215967
87,63.98207107597479,81.00998481689325
87,64.03631187479549,80.99770874926062
87,63.999452718665054,81.00621739115002
87,64.00876510873996,81.02624234314857
87,63.96686694648816,81.01794992546237
87,63.97323363746246,81.01411309584024
87,64.01609496107166,80.99655557489606
87,64.03252366871153,80.98695498812138
87,64.00921125079817,81.01459252989791
87,63.97308262576579,80.97892939956942
87,63.95921302902903,81.02015564913667
87,63.98353026668544,80.99946947171142
87,63.98025480456073,80.98973959386463
87,64.01269326932832,80.97711217372873
87,64.00561469919849,81.04335771788985
87,63.997637146633444,80.95292764543538
87,63.99079373041237,81.0393519367964
87,63.99010393950292,80.98982657543623
87,63.991427223277555,81.00448968008826
87,64.01966276460197,80.95731389313308
87,63.976263681956254,81.01816662548212
87,64.00371102581282,80.99929630438027
87,63.970824479512785,81.02862072878183
87,64.03180758708027,81.00360087190104
87,63.99375474245442,80.98709366955927
87,64.03719282881943,81.00197785752522
87,63.963220313861285,80.982625845038
87,63.96919360962678,80.97102037947721
87,64.02070577173441,80.97857051012988
87,64.03195650156114,80.9763759988175
87,64.01296442465485,80.96061397207183
87,64.01458468427327,80.96753851637544
87,64.01601359804864,81.0202813152881
87,64.02243866157039,81.0130166563336
87,64.01689310756743,81.02647434366222
87,63.9809240380698,81.0399423208747
87,63.963350505061946,81.00466959871915
87,63.99724837136319,81.01274475779582
87,64.00980506357303,81.00625704875767
87,63.954479023924264,81.01247941026953
87,64.00647991716745,80.9863451767524
87,63.95645081629778,81.0132914086262
87,64.02681740426007,81.03564407823491
87,64.04438246962998,81.00903416877046
87,64.04040519198995,81.01572911825153
87,63.97911774621505,81.01112873439861
87,63.97177427879111,81.03494029530953
87,63.969591867046816,80.98519793394209
87,63.979298532938614,80.99505700457563
87,64.00752428707804,80.96996451960412
87,63.966322868008575,81.02539363491782
88,64.02392733883535,80.95759231395327
88,64.02296985076295,80.99883491369799
88,63.96489272967473,81.03531128303423
88,63.99655647284765,81.04780276064757
88,64.04492162985771,80.97980507954455
88,64.00278084932002,80.98126010150459
88,63.96074581690532,81.01381642784112
88,64.04715848200739,80.9943600132423
88,64.00457009951205,81.0437789761346
88,63.96132559906654,80.97297006379343
88,63.97818818968138,80.99876885114695
88,63.96626480913011,80.98932535644386
88,64.02782655805683,81.03453915199732
88,63.99687099530199,80.97808440260677
88,63.988617820076904,81.03669794663087
88,64.04997715272356,81.00072727421477
88,64.01411975569034,80.98496775069641
88,64.02390819538302,81.02016724092816
88,63.97908250575892,81.00159931949226
88,63.999285415818015,80.95858501835994
88,63.95647496738929,81.00480160954528
88,64.02546467399328,80.99834473824158
88,64.01484343706208,81.00958124422588
88,64.04487956579304,81.01248674067854
88,63.993131566510115,81.01380515973777
88,64.02239893686364,80.95748281161886
88,64.00360509054372,81.03892948965083
88,63.99447389209234,81.01147576067414
88,64.04020295645753,80.98386593039149
88,64.00472954032551,80.99696708655524
88,63.99054772919231,81.01937078614996
88,63.96382312058559,81.01651295792378
88,64.03124346151314,80.96956252668718
88,63.95687166597773,80.99354704131125
88,63.96261491250401,81.01913203611643
88,63.97995826770023,80.98463978293167
88,64.02317898489783,81.03826273477517
88,63.983224011266,80.98087522937465
88,64.03970996591075,80.99276028309404
88,63.965018934708326,80.98379150874985
88,64.00598130506722,80.98251909085563
88,64.01366376048293,81.04766355074653
88,64.01415571413679,81.01261332507484
88,63.998611490052454,81.00263494091367
88,63.98343143627305,80.96721253558368
88,63.95929100698689,81.01254857520543
88,63.97484434746005,80.96662441442508
88,64.00027073042433,81.02794701173066
88,63.984411615765545,80.98238990844143
88,63.99352056283013,80.97056509498643
88,63.983398226798556,80.98602394951273
88,64.02382154914584,80.9649141852993
88,63.98441572848279,80.98570648894014
88,63.997815126754226,81.03443570691205
88,63.96499975896833,80.99705384388606
88,64.00194872666745,81.03601781600166
88,63.96606948595971,80.96879886706283
88,64.03134837128191,81.02738569593697
88,64.03748201702348,80.9729522218957
88,64.01784019224287,80.95609494835435
88,64.01321653523453,81.02084226658278
88,63.973655309356595,80.97578413867147
88,64.03233613056199,80.97242465657479
88,64.02854414991751,80.98653847919242
88,63.97301421812642,80.99407629739022
88,64.01561007583389,80.95341696342086
88,63.976806413736,80.96303228533912
88,63.97691001221722,80.96120725601865
88,64.02867457095712,80.97376704690058
88,63.96926341372788,81.01325767327099
88,63.990263710921475,80.97754237099032
88,63.96937663286126,81.02505730565977
88,63.97676322895655,80.96863156469162
88,63.962039916048916,80.99507072068009
88,64.00323787696574,80.9571843658087
88,64.0193243841505,81.0246665150161
88,63.95379764479267,80.99365355871235
88,63.96918286499127,80.98158615850546
88,63.9519871132323,81.01343291893652
88,63.990889845250216,80.97608633630202
88,64.00648672953615,80.99928015003196
88,64.0451278429909,80.99267654095212
88,63.98766827088337,81.00103745788547
88,63.99087295942072,81.03284772660291
88,64.00423705899019,81.04675639545677
88,64.00779444520795,81.02253743104487
88,64.01336018139378,80.99673831449041
88,64.01031900440911,80.96447535239872
88,63.9618643683323,80.97879422605696
88,64.01819629734604,80.95650552434434
88,64.0294508772086,80.97261794995948
88,63.99532433887537,80.95428493977236
88,63.97383942409693,80.99907721389599
88,64.02422978666773,81.01955960166606
88,64.006267129037,81.01510791462748
88,63.99132962546668,81.0460176827727
88,64.0414278018103,80.99789643207242
88,64.02880333672928,80.97786976176656
88,64.0127444621359,81.01092328427237
88,63.98405190084289,80.98097235388394
88,63.95843385634001,81.02021821029697
88,63.98785680996746,81.01534086529469
88,63.99676443864093,80.95459470973253
88,64.0084157920638,81.03761583453935
88,64.02552225313245,81.01737408678525
88,64.00210903097543,80.99513917228727
88,63.99558192081203,81.0064720069202
88,64.01270002162201,81.02123381988359
88,63.97484434746005,80.96662441442508
88,63.97960204921169,80.95927245018146
88,63.97425076905409,81.03386294591465
89,63.98920972810668,80.99883444231365
89,63.973823254260424,80.99174384812174
89,64.0372830643914,80.98523200280995
89,64.03499073355378,80.99345247542507
89,63.97709574948704,80.9646788170612
89,64.02587092781656,81.01988831020212
89,64.01637939451574,80.98898001078253
89,63.980713376635265,81.04501858734832
89,64.0109770756829,81.02249575865683
89,64.01970139158072,80.97001766871524
89,63.98817214938071,80.96655115307067
89,63.97542014544689,81.00320459309962
89,64.02366482962,81.00230734944854
89,63.993404873885005,81.02904788132338
89,64.0228978108073,81.0032323820057
89,63.970246614927774,81.02861193462589
89,64.0102938617941,81.021627061081
89,64.009769058518,81.02458091590937
89,63.96420006035277,81.01137637071285
89,64.01199705153253,80.99675956559346
89,63.98075030519098,81.01839393175987
89,64.00201312717809,81.01715709488329
89,63.96932013352697,80.96891057727858
89,64.01040783628194,80.96160860344891
89,63.982748797366604,81.04563135281595
89,63.98297144456416,80.9787977445728
89,63.98941182020753,80.98423579590273
89,64.01040783628194,80.96160860344891
89,63.967807202172345,80.98966342668332
89,63.97251422989824,81.03462708981232
89,63.9534572537768,80.99273448823013
89,64.0323712690358,81.03295441230544
89,63.981463566539,80.98126259159463
89,64.04030147236462,81.01113868357501
89,63.993215394306205,81.00327983960379
89,64.00305749321602,80.95223657660749
89,63.99104628783021,80.960558676215
89,64.01275199066559,80.99280171461976
89,63.980681316009345,81.01192622661345
89,64.01590411006914,80.96841325706333
89,64.00591140011642,80.97505817392788
89,64.0209269853569,80.99223528191123
89,64.02409476371872,80.99629920844505
89,63.99798628902971,81.01860342297947
89,63.95629943845958,80.97791954309868
89,64.0198629835934,81.02789107876526
89,64.01270110786278,80.99206593258245
89,64.01763528730193,80.97870304317433
89,63.95880461189688,81.00796306490268
89,63.99674410697979,81.02520541260333
89,63.97302008205365,80.98898257054368
89,63.97944280091219,81.00845858007132
89,64.03508977453156,81.01527285663502
89,63.97798731050894,80.99269911130985
89,64.03452068606583,80.98443204038792
89,64.00138556204061,80.99006516337512
89,64.0479946293025,80.98803625795792
89,63.95655792804322,81.00886147725363
89,63.99466718386165,81.01410913765862
89,63.96593081281913,80.97660557320522
89,63.998047170423405,81.00168433031779
89,63.9941438566291,80.9837259959089
89,64.01368645642778,80.95972433442981
89,64.04184858758401,81.01979554918303
89,64.00903800392075,80.9520661584695
89,64.02052480438314,80.95676742565637
89,63.98605756954861,81.00916977531762
89,63.99416721096759,81.04071897673782
89,64.0018183008851,81.01534941367858
89,63.96985334699989,80.97413279496897
89,63.98113560211807,80.95822397958752
89,63.99309892969469,81.01228371125464
89,64.01221943798771,80.96556046982923
89,64.02017473978762,81.00511110789955
89,63.994639145909005,80.9603123523993
89,63.96267392689749,80.9863022515513
89,64.00156287170903,81.00470265102177
89,63.989429351491495,81.01960793444574
89,64.00764709967565,80.99509660742591
89,64.0301608068564,80.9758099502358
89,63.971723096317376,80.97575884484542
89,63.96558122364912,80.96594593950732
89,64.00538495476168,81.01050401486553
89,64.02776136002062,80.98102813765654
89,63.97929030141672,81.01193345157331
89,64.0055587086529,81.00001743889761
89,63.988678399002794,80.97812748726231
89,63.97653804192579,80.98181417901964
89,64.01403430071653,81.03116432642415
89,64.01300480873068,81.00732275478495
89,63.981249699610515,81.01392203759572
89,64.01557243973343,80.96485491172635
89,63.99529173633628,81.019571200151
89,63.98243870798679,81.0006888826935
89,64.00034317141498,80.95156545019134
89,63.97718792130676,80.99246982288322
89,63.98824603551877,80.95200490882915
89,64.03603316272375,81.02204043373348
89,64.0160591087114,81.03131064292427
89,63.98788024957347,80.9611177379385
89,63.978207011303475,80.98352849794344
89,63.99660487058125,81.00670839189655
89,63.970851322942885,80.99522870622594
89,63.99109242838154,80.96301695113972
89,63.97842204288899,80.9806144975042
89,63.97136015874929,80.9907315968871
89,64.00454567348459,80.9720321084562
89,63.98765983722129,81.00203004594016
89,64.0138885521036,80.9994074941616
89,63.97699806972116,81.00178401146017
89,64.0086691229332,80.9799711480116
90,64.01074072079732,81.00498925010422
90,63.99875236431867,81.02107606800284
90,64.0152900136443,80.9849976471778
90,64.02701558707709,81.01022385431408
90,64.00599120434026,81.00781830461158
90,63.996993949634735,80.99675127141683
90,64.00164545713282,81.0030134439342
90,63.96204732447051,81.0100422277603
90,63.97740601507766,81.04039040058366
90,63.9994689333158,80.99041031459991
90,63.97176094779558,80.99095915857102
90,64.00685315996948,81.00405168503288
90,63.98897407136841,80.97221820085828
90,63.980961626045904,80.99203784330733
90,63.97344990798045,81.01878362865021
90,63.99169609912905,80.99031456300347
90,63.9568908226018,80.98032339824316
90,64.01262450101228,80.99794254129752
90,63.9636700181488,80.9752077029788
90,64.00699586791768,80.9686233094224
90,64.00781022782503,80.98285636062734
90,64.01842814530087,81.02585097438413
90,64.04336790243002,80.99840060457849
90,64.00278239706668,80.98028238861728
90,63.99252523937146,80.98947421617524
90,64.00362127717,80.9886008577441
90,63.990170775308876,81.01624085780655
90,64.0014665611022,80.98413147038733
90,64.00862204157275,80.98028710954777
90,64.00430913009161,80.96031697134792
90,64.03787062437738,80.98417281763847
90,64.0130599390322,81.04286667430976
90,63.99049956241321,81.01515334193569
90,64.00501269108408,80.96784408801193
90,63.97276544844318,80.96975664849016
90,63.98441988994147,80.99531394523878
90,63.97482410676256,80.97601080926724
90,64.01644270578525,81.0141312364222
90,63.99829959803991,80.9919326840667
90,63.97827352842091,81.00205261332616
90,64.03020598539969,80.9833448842641
90,63.98722164076282,81.02078659170675
90,64.02085210175169,80.96281832906276
90,64.01955460853198,80.9977679737312
90,63.983697315372694,80.98649280453829
90,63.98971438758102,80.98866251312523
90,64.02632956093436,81.01072904342607
90,64.01862151586613,80.99002554285592
90,63.99601102749693,80.98027529747105
90,63.986599732217186,81.00639250116724
90,63.992217908861605,81.0324569186221
90,64.01024815722866,81.01670991654211
90,64.00593535518809,80.99627025941642
90,64.01923920627729,80.98447506051178
90,63.98082670795273,80.95762825581856
90,64.01191846191915,81.01945017287136
90,64.01411857566201,81.03578976625347
90,64.01222635167416,81.01435031434461
90,64.03004235990092,81.02832743305002
90,64.01472388337717,81.01567537580681
90,64.02981747257033,81.03852284217548
90,63.98138031081817,80.9781018296283
90,64.01873072330488,81.0049256803335
90,64.02398167353464,80.97756916312319
90,63.95819613517475,81.00914451557279
90,64.02736892690068,80.95957362161025
90,63.981902711825285,81.03634292925376
90,63.97934839872898,80.99565229004862
90,64.01285997451585,81.04539028256637
90,63.98591637135061,80.99917704451792
90,63.98543448237641,80.99295619670245
90,64.00243604294262,80.984559959718
90,63.98940020203171,81.02515740819857
90,64.00619362925137,80.95313138364666
90,63.99738725156541,81.01204713999653
90,64.027030635858,80.97101663864915
90,63.96448366388481,81.03063448043521
90,64.00970986154636,81.0381742779527
90,63.96421549986239,80.97063727506075
90,64.03766163571278,80.98596932440262
90,64.01786747443023,80.99561691723369
90,64.03674539156351,80.97840452190063
90,63.958071029991096,80.99807909050395
90,64.03944202599762,80.99021006233629
90,64.0071762521187,81.03571815235104
90,64.0066143356357,81.03818471263567
90,63.98590052936824,80.96366354922853
90,63.976826944131446,81.03751803245063
90,64.00632692205522,80.95166340254346
90,63.971346253036735,81.0129384260291
90,64.01245262971469,81.0416880393367
90,64.01097995674866,80.9655521679654
90,63.99191218199285,80.97169117348163
90,63.977113558004916,80.97294052695833
90,63.99584889854412,81.012289427441
90,63.97371256275095,80.98284775970075
90,64.02807550114098,81.03073421475086
90,64.01701859541684,81.00271934236419
90,63.96650335018414,81.03693291771604
90,64.0136601396087,80.99780745842268
90,63.98038286784168,80.9743180122395
90,63.98399353614312,80.95850369961282
90,64.01981812596989,80.99913348551378
90,63.98637628395268,80.99245805067605
90,63.99557341632024,81.02866625612795
90,63.98995925296648,81.0299289653845
90,64.04310290466078,81.00696261630894
90,63.98084824589432,80.99174624976466
91,63.98755325903918,81.02122364348554
91,64.03639513993316,80.98890846491157
91,64.0244686479548,81.00343714933591
91,64.03325434444808,81.01031832025755
91,64.01199891834602,81.01046921416165
91,63.994605931723605,81.01650988963645
91,64.00209552588169,81.01910650731772
91,64.00613548387581,80.98434350125358
91,64.01533353977821,81.01640242990294
91,64.01809992430384,81.00150056390329
91,64.01876542592676,80.98223559367435
91,64.02041971066578,80.96923954221907
91,64.00521504096639,80.96959009675511
91,63.987450191925674,80.98065090244837
91,63.958298331224164,81.01652245212856
91,63.98540199194891,80.9752205009711
91,64.00695012012964,81.02173375058817
91,63.9743084494723,80.98900614216545
91,64.01868995212756,81.00950508180634
91,63.96939427593156,81.01403886738734
91,64.01181021058883,80.97874000539608
91,64.01115711269159,80.99813665056705
91,63.9999231714424,80.99368935827802
91,64.02895054090565,80.98169949020168
91,63.98140172382176,81.0082986862694
91,64.03370417632408,80.9688216531651
91,63.969927176724376,80.99380097579937
91,63.97815662817339,80.98435160206795
91,64.00728361863541,80.9944485807617
91,64.00172639396379,81.03843067179483
91,64.0329596208971,81.00030887100161
91,63.97153881576977,80.98486265117602
91,63.99709548409995,80.95698608537532
91,64.02862697219396,80.99575255319856
91,64.03608531381663,81.00554103774222
91,64.01199425639949,81.0077122800269
91,63.99959943360257,81.00699414791949
91,64.02744883835179,80.97254932983535
91,64.01171892287243,81.03928245590448
91,63.993346316729685,80.99252997797353
91,64.00327283439215,81.02824750782736
91,64.00201427303045,80.9803283294849
91,63.99617025831404,80.96117123487247
91,64.02766130443888,80.97909610737706
91,64.01799538773328,81.02492785322544
91,64.0173492211146,81.00407478061011
91,63.983338738285674,81.01392149313668
91,64.00711758127069,81.01445559723892
91,63.9901144967738,81.0141819580138
91,64.0024190402543,80.99031981356691
91,63.98276275679822,81.01396132283342
91,64.01229718426919,81.005190160882
91,64.02506659534428,81.01709959391597
91,64.00233609049654,81.01942934733262
91,64.0029123632902,81.0147680638385
91,64.00192218833054,80.98190026721275
91,64.0183353400432,81.0037145964547
91,63.99759188043838,80.96399726065421
91,64.0431636814663,81.02272440770716
91,63.99835473564726,80.97523317940137
91,64.04231214511897,81.01628366210299
91,63.99017512055801,80.98953536349758
91,63.993548067089314,80.98402583935213
91,63.99080417836925,81.02269717647233
91,64.00961547473307,81.01464102141637
91,63.980911886426604,80.98930058579336
91,63.99129657684459,81.00036445276794
91,64.02460902487653,80.99952304338119
91,63.98311989068845,81.02205821583932
91,64.03125902458606,80.96597343982718
91,63.995966336377734,80.9973096862077
91,63.995382759905304,80.96140731761378
91,63.97041003146163,81.0100672609825
91,63.97533713552747,80.99106519123237
91,63.974954038977444,80.98805451107076
91,64.01317153609882,81.00660632204165
91,63.982417793910585,80.98309093719568
91,63.96229036971431,81.0109045152999
91,63.97945623179517,81.0188405979939
91,64.02897579271688,81.0278028269855
91,63.99432902667449,80.98954079275873
91,64.0189815899092,80.99656730004317
91,63.96884443641953,80.97444387419762
91,64.00622455796729,81.0004746843834
91,63.98577226167182,81.00504155002037
91,64.00394337674399,80.98939368302453
91,63.99122818737331,81.00784457623327
91,64.00426445603956,81.04287220871049
91,63.97455245383435,81.00001295296829
91,63.997868756502896,81.0263756900229
91,63.96502264440787,80.9965966919578
91,64.01121550143077,81.0259033176679
91,64.01820334708366,81.02191819528232
91,63.9899835585105,80.9639157770127
91,63.98922567226693,80.97544438893686
91,64.01662976945444,80.97637527203138
91,64.02473424058498,80.99963640161766
91,63.982479941628704,81.02142256267831
91,63.97719506596286,81.00178884556827
91,64.03981434997847,80.97381146923419
91,63.99610624017109,81.01873396498213
91,63.99392879086361,81.0053413199881
91,64.02848970219448,80.98875481732416
91,63.97508689702725,80.98856359797111
91,64.01892753270859,81.00780017137237
91,63.95669563684114,81.01546750986061
91,63.98513312116783,80.98463673363565
92,64.04503275986886,81.00488221952301
92,63.9753246280244,81.03251533157633
92,63.98582254566634,81.0324627175531
92,64.00922069348958,81.04899663846528
92,64.03300425327855,81.0191256734437
92,63.99042324471355,81.01127675163677
92,63.96466828101111,80.9883121086671
92,64.02782967944948,80.99587909245533
92,64.01471798504943,80.99692562973081
92,64.0088547073292,81.00894926964777
92,64.00107497547673,81.01793957119173
92,63.99869267756033,80.9708767315431
92,64.04875830718002,81.00375226634412
92,64.02047846549614,81.00464388744975
92,63.99571531770679,80.98590142407788
92,63.994867802289235,81.00913398686009
92,64.01265919649099,81.0092600776839
92,63.980341308668805,80.99966528473617
92,63.97983231870617,81.02280556705647
92,64.02584827509011,80.97787397282147
92,63.981229087457606,81.01670642652283
92,63.9993686238356,81.00778317263847
92,64.01111728597525,80.98419238970706
92,63.9982989538038,80.96599575321142
92,63.99800022642228,80.96440139940567
92,63.98897407136841,80.97221820085828
92,64.00105099270938,80.95643926763287
92,63.98136428900525,81.01648201447878
92,63.99652629931778,80.99690270289301
92,64.0091192965183,80.98065507905793
92,64.00110621173727,81.00557309647637
92,64.02832338043913,81.01251887752403
92,63.98795223999078,80.98366336451635
92,63.98006959574891,81.02621407204363
92,63.975469374740115,81.00529655535726
92,63.995734087831686,80.98100692242252
92,64.01243897160799,81.02591100951524
92,63.95544818564159,81.01935244989593
92,63.998279974797605,80.98547669769785
92,64.02399225556138,80.95936937388593
92,64.02359933659372,81.02859050469284
92,63.972244529311645,80.96239045720579
92,64.00859067250967,81.01231792800124
92,63.97733373132563,80.99355332052772
92,63.969129914008626,80.98338011913512
92,64.01772076397711,80.98035570747423
92,63.99885197412902,81.02594823328548
92,63.95225489450302,80.99441519289634
92,64.02052393360174,81.02153760577077
92,64.00593173372378,80.9604253716922
92,63.96233822898853,80.99409640913727
92,64.02616023639396,80.98032438477699
92,64.00261947223493,80.9936611393752
92,63.991293637342075,81.01018077986821
92,64.00140017057828,80.99168990102612
92,64.00780554513821,81.0480311777948
92,64.00293658879073,80.97248720438326
92,63.99843161056688,80.9896600221834
92,64.02156563277386,80.98940422987799
93,64.04675948172007,80.9847148157965
93,63.97702480026639,80.99838550049348
93,63.970964026239876,80.99840482549831
93,63.99608734136768,80.95497235717409
93,64.0196006485331,81.0080426094151
93,63.99753351190359,80.95334011741306
93,63.97544368989275,80.97214314701608
93,63.98923169828235,80.99653309288284
93,63.994512003300386,81.04212307790384
93,64.02299319237834,81.0339441739266
93,64.0049428892344,81.0219499956263
93,64.03620460588226,80.99165120594711
93,63.974842526749576,80.97847342482522
93,64.0420035938874,81.02271947352574
93,63.98123140972226,80.97719806492951
93,63.99492442330742,81.01418594843787
93,63.96610975374613,80.9786016885111
93,64.00556531001685,81.00121220205928
93,63.9841170304693,80.98692110854336
93,64.02404117054805,81.03879257102655
93,64.00873840273944,80.96275976973553
93,63.9738268308389,81.03641412281073
93,63.96913781729952,80.96272995516706
93,63.959892657180106,80.99300645857228
93,64.04112988589347,81.00656382991025
93,64.02218776004986,81.0224801490549
93,64.00149106259934,81.02477277515439
93,63.98513894555575,80.99097014894481
93,63.97143714205285,80.97281353022908
93,63.96653179440067,81.02696107312968
93,64.02437162109513,80.98499991581357
93,64.00425200175422,81.00469298408738
93,64.0224001627119,80.96149839500643
93,63.96131644585056,80.99676775555842
93,64.00681356152121,81.0052633824355
93,63.983233363858666,80.95589960872145
93,63.9740594106167,81.0390425884511
93,64.01590138744669,81.01802168015588
93,64.03206037701554,80.9907118823763
93,63.958076398288156,81.01024475723207
93,63.979730428347416,80.99827020294643
93,63.99572360786935,80.9931220388235
93,63.965326930452264,81.03217150053219
93,63.972536028975505,81.0143006406927
93,64.03703708935375,80.97473041314855
93,64.02321534736356,81.01983438780084
93,64.00000055841569,80.9767162814437
93,63.975442972620975,81.03833176703205
93,64.01251566554353,81.03274386786646
93,64.02751620910857,81.02979495404774
93,63.96834062066628,81.0094397857727
93,63.9528164570865,80.98828209657165
93,64.00984026757048,81.03599921231591
94,63.97249483101692,80.9621275849884
94,63.98194012752121,80.99449528931078
94,63.97801853466038,80.95740914805414
94,64.04619678779548,80.98406470958092
94,64.01642398393483,81.00706781710309
94,63.96594795297259,81.00133614319633
94,64.02971983614789,80.96700567302136
94,63.97893626660326,81.0228354104659
94,63.981950549346195,80.9698252860155
94,64.02208553777083,80.96298942291597
94,64.02882854821958,80.9892033443616
94,63.98778785810767,81.02529016372684
94,63.964875076736206,81.00541886765944
94,64.03141036817041,81.01305190721381
94,63.964523737852204,80.96895453213745
94,64.03710905734157,80.9858347446496
94,63.955972905311434,81.01955585159213
94,64.04432123679833,81.01018763310815
94,63.994696670992546,80.98511131786745
94,63.972561860669344,80.9959034847622
94,63.99207248209345,81.04136803478038
94,63.98940828346027,80.95430688836579
94,63.98882252741636,81.0094700729809
94,63.981751860890924,81.01952836398698
94,63.99441315496867,81.00747037677098
94,63.98858039503461,81.00474613389092
94,64.00724170427152,81.01243755711964
94,63.992042554094745,81.00671967891171
94,63.97699679782504,80.99742997458036
94,64.01777763539047,80.97820846790452
94,63.97100857097089,81.03842417849759
94,64.01418896215742,80.9544606691963
94,63.980499202764264,81.01661778921088
94,63.979339335056395,81.00906767528082
94,63.97721728008369,81.01853156877519
94,63.97993085915455,81.00260270996807
94,64.03074076137575,81.00324812966515
94,63.99785616295144,80.99552014390292
94,64.00948348850821,80.97857877191528
94,63.99387597771712,80.95816904795967
94,64.02813560782953,80.96065817198858
94,64.00562306065322,81.01706076242857
94,64.03187448730064,80.97025956462541
94,64.01443787277823,81.02268008016237
94,63.9605281167694,80.98941445097087
94,64.00648672953615,80.99928015003196
94,64.0383979559389,80.97752513934984
94,64.0232397531948,80.99018096411616
94,63.98766696068692,81.03420493550975
94,63.95244145789003,80.99728238331927
94,64.03408902602693,80.9999538107637
94,64.04026645867272,80.97299280681767
94,63.99822463729356,81.02160429704062
94,64.00598130506722,80.98251909085563
94,63.98533194154045,80.96842682021858
94,63.9893399185404,80.9899421029305
94,64.00750359108663,81.00317272299579
94,64.01944811717702,80.95759256657873
94,63.96730190212747,81.0108811873769
94,64.02439770551072,81.04209505038067
94,63.989267916275345,81.01652667479846
94,64.04409653561207,80.99958286270505
94,63.998206801285676,81.00657755836706
94,64.02623817491975,81.00152400331852
94,64.04378728009414,81.01409422109602
94,64.00651551647807,80.95249107905678
94,63.960327894619475,81.02020564696824
94,63.99214803124842,81.00016593282979
94,63.980193280097865,81.02290525568095
94,63.96116542717251,81.02973716100581
94,64.02038760148743,80.9755537651101
94,63.97028449094448,80.98896559127682
94,64.02780897312307,81.0160963113124
94,63.99367028391938,81.003093311344
94,63.997485082279105,80.98250975758201
94,64.00706572858874,81.04121714915567
94,63.9816223295772,80.99284998390112
94,64.04329498895801,81.01477129390149
94,64.00681842065895,81.02266992788608
94,64.01210585019426,80.96492845701847
94,64.03248297936449,81.02438610225215
94,63.99063972351316,81.00129870804258
94,63.9686118738504,80.97823266043171
94,63.9916245680544,81.04246519877935
94,64.01781570668751,81.02715841447551
94,64.03743126818088,80.98472646147115
94,63.9982989538038,80.96599575321142
94,63.960828716135794,80.96945504254596
94,63.987519877279425,80.95843573688529
94,63.9865224838371,80.96392437233723
94,63.99557265971439,80.99020117185913
94,64.02837784701941,80.97207411559188
94,63.99401161477998,80.9604120617369
94,63.95858490570268,80.9907748866408
94,63.99255540410516,80.988032492314
94,63.97314908774073,81.0254564604449
94,64.02941539679611,81.02114355723077
94,64.04562510625495,81.01129540989056
94,63.97541972415219,81.00449779582046
94,63.983697315372694,80.98649280453829
94,63.97228830837057,81.03049206330998
94,64.00703047128049,81.00904364837967
94,64.00623809991073,81.011391760343
94,64.02519745320308,81.01785222317773
94,64.03792783938283,81.00577045083608
94,63.999017126002194,80.9639865735111
94,63.97716054511573,80.99154038577521
94,64.02607932360924,80.99835114732662
94,63.99273431378848,80.96210522739861
94,63.95140143997247,81.00070857550708
94,63.96446444157602,80.98326604006431
94,63.999045790182414,81.00151599627449
94,63.98582915355841,80.98675608867555
94,63.96836582873391,81.00180588685409
94,63.969709599050276,81.0081750385453
94,64.02247191774455,81.0020073357694
94,63.98887621876461,81.04842525993543
94,64.04818117408897,81.01022678508133
94,64.00645774831749,81.01547720511032
94,64.01511188436602,81.00875726477867
94,63.97255122909481,81.02835858853554
94,63.98398189526728,81.01002302366258
94,63.971174234821156,80.9886015056488
94,63.98444974623359,81.01592691876043
94,63.98062559584581,81.01710711254287
94,64.0167588456632,80.98562664403575
94,63.960822664410074,80.99524329308547
95,64.02278403193253,81.01885413674079
95,64.00244271859572,81.01500601318853
95,63.98528672377826,81.03595686459211
95,63.96176277721376,81.00788475423339
95,64.00417921026296,80.9553157849939
95,63.95680188398305,80.99848758219234
95,64.01801616052965,81.04532165234755
95,63.998798995872,80.96111963682311
95,64.0008164239117,81.04700771141945
95,63.99253736299354,80.97853581467757
95,63.995786267595896,81.03167572373401
95,63.99425811426188,80.95938718535437
95,64.00204812710864,80.99969071337416
95,64.02981285411603,80.98440247451336
95,64.0193767638726,80.9736905377985
95,63.98955041750092,80.96340076622944
95,64.00734285250158,80.95767803488467
95,63.97740601507766,81.04039040058366
95,63.966712510420905,81.01324792638373
95,64.01893506103578,81.02523944445572
95,64.03171530954396,81.0073578155124
95,64.02017473978762,81.00511110789955
95,64.014282947525,81.00602610136569
95,64.01847520687637,81.02381776360066
95,63.99631527703949,81.01126211842465
95,63.986093861290605,81.01227927562655
95,63.973391713751155,80.96340872298742
95,63.97843536043078,81.00019512906935
95,63.98824916076493,80.96158131714435
95,64.03181785145647,81.03599723682808
95,64.02409476371872,80.99629920844505
95,64.00725995582445,81.02120430333827
95,64.03411511497163,81.00171862089105
95,63.986813228888494,80.98307583222429
95,64.02616069912386,80.96066176501289
95,63.96205271028908,81.0235860121525
95,64.00592280588174,80.98620515305089
95,63.96190539162457,81.00242532156649
95,63.99614070975021,80.98060596231365
95,64.02323666703552,80.99756018537296
95,64.02177900126505,80.99877169093543
95,64.01184004929694,80.99014955700821
95,63.96897179382394,80.99858271548449
95,63.97948309155803,81.0086880180061
95,64.01526890980175,80.95296624082484
95,63.990980633011155,81.0466616211367
95,63.98241356527972,81.02640229636485
95,63.97641332768546,80.97306449852266
95,63.97911501706105,81.0422272592491
95,63.98852570243588,80.96665581117873
95,64.01694011671665,80.96541611134094
95,64.01338541139933,81.02372165645403
95,64.03693627508012,81.03092494090828
95,64.00440718641346,81.01765584325214
95,63.97918818065647,81.03355892125468
95,64.00171072499347,81.00728142334695
95,63.99348773316844,80.98186878923318
95,63.982324395716475,81.02448015459967
95,64.03789219216088,80.99285908937735
95,64.01936571701536,80.99135049081247
95,64.02494238275244,81.03036393800555
95,63.98421699626839,80.9852977337396
95,64.0453272862241,81.01671773207192
95,64.02146791334985,80.98581360705754
95,64.01359964862411,81.03398660650043
95,64.00778691821031,81.03624231211624
95,64.01834191692573,81.00095435691917
95,64.00074933404782,81.01999234591092
95,63.986411915149766,81.01656313954376
95,64.02368618640446,80.97327603113699
95,63.95488832765448,80.99453766324874
96,64.02657677450212,80.97469185949414
96,64.02812618084717,80.99966710195369
96,64.0224249662151,81.03249400903712
96,63.99141629679225,81.02169575605551
96,64.01749932840046,81.02671710167857
96,63.99634149088053,80.9609929115548
96,64.00018230599024,80.95674715535462
96,64.0363900137957,81.00946746139735
96,63.96768743004811,81.02922543508623
96,63.97009997059658,81.02291589166606
96,63.981416193886844,80.96019222704588
96,63.99639122805888,80.95320067140628
97,63.986432418229796,80.96245855802225
97,63.998942895050014,81.03621865745309
97,63.99233710140552,80.95687142895164
97,63.99502841870177,81.03540389141477
97,63.98606968633998,80.98959094489778
97,64.00112405142528,81.01430522875171
97,63.98374227089294,81.00852451670556
97,64.01069558746957,81.03197601691295
97,64.00951324946618,81.0064801440392
97,64.00092743050519,81.0268274788512
97,64.01327256778022,81.02595551912368
97,64.04347326902923,81.00985013908102
97,63.95585819271894,80.98304829130556
97,63.96772550036098,80.96502663164395
97,64.01269908891646,81.00012415506002
97,63.97942129826633,80.9844858856312
97,63.988668186827745,80.9582537162761
97,63.99620360187785,80.98445930448835
97,63.967137564840726,81.00595703934574
97,64.03992035609113,80.99621458647047
97,64.01139971933685,81.0107695354541
97,63.97626053971182,81.02410703758041
97,63.99517127866492,81.00712583477872
97,63.96559665075114,81.03578896489203
97,64.01313528703585,80.96433093874825
97,64.00811056036994,80.96070656502461
97,64.03908310358476,81.01868583765662
97,64.01578686995772,80.98816903414536
97,64.00287642856107,80.96112252118
97,63.984412383617496,80.96162847443473
97,63.99757684359693,81.02023724670374
97,64.02220054680885,81.0353524551338
97,63.99338195170025,80.98386714411836
97,63.99765950496761,81.04760564710925
97,63.958071029991096,80.99807909050395
97,64.0093799757678,81.00565737831263
97,64.0097287949096,80.98096863970494
97,64.03323013859905,80.99146779587747
97,63.97234658685568,80.96236271452187
97,63.99233105369656,81.00032995698855
97,64.000064963815,81.03732889305023
97,64.04475926171976,81.01750049597571
97,63.98796644361941,80.98464731815855
97,63.98796644361941,80.98464731815855
97,64.03721927427941,80.98335538964015
97,64.03205100840648,81.00420702923299
97,64.00517976543465,80.96445603767839
97,63.9706657945795,80.98162035391823
97,64.04191185799873,81.00214135599947
97,63.95771341787945,80.98362961914607
97,63.95398582553824,81.01181988576047
97,63.97797314996405,80.98302199736563
97,63.98373594564561,81.02685608777577
97,64.03771490448423,80.972874810665
97,63.999679336437026,81.0048640711013
97,63.956359782036984,81.02342125384119
97,64.01080640443611,80.97153940225724
98,63.978443164960275,80.96786174490894
98,64.03731564498564,81.02952571319553
98,64.03967003784886,81.01605536722631
98,63.98924241232869,80.96241008696241
98,63.9777526771082,81.02222708586356
98,63.967217191655116,81.01151546294386
98,63.96914514481448,80.97523035632314
98,64.01149031474993,81.01610358975447
98,63.988985535772315,80.96965963031721
98,63.98411295108647,81.0345791583639
98,63.963484766406424,81.02651487762019
98,63.957396029615445,80.98342202940856
98,63.98626738588778,81.02932135190876
98,64.0057242047793,81.01598424421974
98,63.987603525923305,81.00811151882995
98,64.00750578390597,81.02899314157848
98,64.0153597857616,81.03582585727922
98,64.0198999756003,81.00750819344763
98,63.977388478727576,80.97998380790017
98,64.03885775369817,80.99322861845636
98,64.03181785145647,81.03599723682808
98,64.0100650125321,80.98787985016519
98,64.01187464772917,81.01743094954062
98,63.984108753107,80.98629213809718
98,63.99922580057154,80.95130411869107
98,63.99950098785541,81.01858509336695
98,64.0161322490282,80.98850224232935
98,64.02742965051567,80.96713704616151
98,64.01475273961364,81.02012112499513
98,63.97976227374143,81.03185528576469
98,64.01783825954958,81.00627690290196
98,64.00104990629106,80.96349485650694
98,63.973625777310325,80.98949709394958
98,64.0220567466143,81.00758083196934
98,64.00539248667248,80.98659164454446
98,63.987859441023595,80.95321634797239
98,64.02880670040383,81.00003552006618
98,63.97896869798228,81.00472225809796
98,63.960308990075376,80.99843167870021
98,63.99458828531318,80.96475294693566
98,64.0002327585823,81.00388571399795
98,64.01370644870458,80.96645065495711
98,64.00310192194226,81.01079383258327
98,64.02707679970547,80.9828413354136
98,63.988850095361045,81.03606384835048
98,64.01850114342857,81.0230932305072
98,63.98470422044994,81.00672913477071
98,63.967131627140475,80.96572314848687
98,63.95717699423914,81.02219284855589
98,63.99397034265568,80.95294845711717
98,64.00518520523075,80.99471732037775
98,64.01191492375683,81.00105128667809
98,64.01232248308548,81.02768841499059
98,64.01137933233043,80.98814018977757
98,64.0230636017961,80.99739426133392
98,63.981275014919596,80.97911671573728
98,63.96753049939613,80.97217679974226
98,63.99587117552319,80.95729401609421
98,63.99867249989386,81.031988909914
98,64.02031886743627,81.02979705300042
98,64.0036594730947,81.03062282412633
98,64.02041786584567,80.96476958659922
98,64.01241721395829,80.99014673112993
98,64.0149385746865,80.95525932428218
98,64.0421700705204,80.99742472170857
98,64.03286812498295,80.99867700580783
98,63.96077085570252,81.00902351572047
98,63.95861230852687,81.01074693344947
98,63.98346075763607,81.03616937548661
98,64.02390919108197,80.97288858368324
98,64.03090795565053,81.0257755362083
99,64.00348436921279,81.04984496474958
99,63.977800029342646,80.99104281587607
99,64.01338541139933,81.02372165645403
99,64.00282125893598,81.04861866582931
99,64.0033515530432,81.01414192242115
99,63.98326721010214,81.01168156039688
99,64.04309467357916,81.02349081218142
99,64.01770166430619,80.97864966572959
99,63.99407039890936,81.00409666286122
99,63.988511481642455,80.96962302776525
99,64.0344625324592,80.98329613425237
99,63.95916259831718,81.00912532303893
99,63.964121884044914,81.01332453669374
99,64.02178479178833,80.96106937388576
99,64.03311621455927,81.02629327475955
99,63.995043493791364,80.97972198591138
99,64.0019467213459,80.9701645028211
99,64.01804624029569,81.00355110423698
99,64.03697562699837,81.02893650163982
99,63.95448205303286,81.00113283992648
99,64.01978640320823,81.00220817623466
99,63.96650449500001,80.97798902671438
99,63.967096902507826,80.96259725862664
99,63.96704621451327,80.97581298201413
99,64.03991529077818,80.99898569630811
99,63.996338110153076,80.9733649553731
99,64.00174951739984,81.02315611927354
99,64.027030635858,80.97101663864915
99,63.98818585923691,80.97238292651215
99,63.98724814646636,80.9537563972456
99,64.04817382710537,80.9941867314508
99,64.03778567198376,81.01972027046844
100,63.97642740592721,81.02746504116868
100,64.01626036056444,80.96298327398367
100,63.99558192081203,81.0064720069202
100,64.030275082356,80.96637163170354
100,63.95258905414909,80.99870967286688
100,63.98042355196046,81.01066522194935
100,64.0345800116839,80.99425420294087
100,63.97699679782504,80.99742997458036
100,64.00295994660905,80.97821243875126
100,64.03520836953894,80.96644704995278
100,63.96653573887429,81.02535311858708
100,63.991707246062354,81.01939211723727
100,63.968494585865194,80.9907045627524
100,64.01614633059124,81.04678463724123
100,63.99990178268784,81.02909525490438
100,63.99310041711728,81.04046413277415
100,63.995410590016355,81.03509175966308
100,64.02077511522127,81.00657220373365
100,64.04143293051916,81.02133275923927
100,64.01611828332865,81.01261784059577
100,63.97153847815569,80.98540761344833
100,63.98153955440824,81.0000197145394
100,64.01659644645999,80.98053877814644
100,63.992891148341094,81.01840146058665
100,63.97928624130955,81.01122377333716
100,64.04811104616655,80.99871743999165
100,63.98058500088872,80.957903150462
100,63.975952110557785,81.00089660410588
100,64.00221097025074,81.00294110673212
100,64.01769853406734,80.9986364748736
100,64.03660866890232,80.98987138026105
100,63.97571809967187,80.96814079700206
100,63.99353025860952,81.00280249178921
100,63.95831544441797,80.98414315147564
100,63.97739328856777,81.0154910774387
100,64.0165235808869,80.989845426364
100,63.99332135683035,81.02110943712454
100,63.980191673115876,81.0296261518914
100,64.02733503317188,80.98046845336322
100,64.00858282459657,80.97707843801686
100,64.02812618084717,80.99966710195369
100,64.00024527233214,80.97075858878092
100,63.96705045653203,81.01826098219915
100,63.986958222810294,81.00033474146485
100,63.99975645017265,80.95234096857962
100,63.97638028347468,80.97359342040471
100,63.99426680201042,81.01968428429261
100,63.975150474347174,81.04162296386203
100,64.02041872606819,81.03134348031156
100,63.996993949634735,80.99675127141683
100,64.00720848555979,80.9878471430745
100,64.00105148207861,80.98542672165937
100,63.99062489006652,80.95491558382045
100,64.03869864092415,81.01724315400712
100,63.9632216208906,81.02601025784669
100,64.03905792752198,80.98223044272841
100,64.01424830879567,80.97367663143143
100,64.01000956155934,80.97559073193433
100,64.00980506357303,81.00625704875767
100,64.03983235533013,80.9969748597042
100,63.98474162488336,80.99363793897244
100,64.0217580592762,81.00166810485551
100,64.02964479607745,80.99780618739321
100,64.01297425093898,80.97423948289777
100,64.02981562177597,80.99699386325533
100,63.99736362851972,81.01595134410647
100,63.99977028334754,81.01936825796548
100,63.98760543425242,81.00271628974
100,63.990510739773555,80.97780133164983
100,64.00326586957036,81.0192549234849
100,64.0262550219728,80.96149568115521
100,64.0344026567631,80.97093166195948
100,64.02884693653843,80.99851948718464
100,63.995406123502086,80.99695792887347
100,64.04401564005347,81.01926287281881
100,63.96109195294648,80.98801668195667
100,63.95444873165395,80.98873372816074
100,63.96829633010529,81.02515030914725
100,63.99732536682992,80.98723447438348
100,64.00579317083731,80.96574849197255
100,63.98352866196667,80.970731933997
100,63.972465651319915,81.03170286711138
100,64.0071762521187,81.03571815235104
100,64.02865764121532,80.998873632845
100,63.99041263565607,81.02008488465795
100,63.96576509486604,81.03102690744397
100,64.03813263112032,80.99114259545878
100,63.98899647571187,80.98067291009662
100,63.99968392402498,80.9795017735256
100,63.9796526063452,80.95477983756544
100,63.9890246764056,81.00069397138705
100,63.975808418275804,80.98991854150587
100,64.02041786584567,80.96476958659922
100,63.96823162923234,80.97029250673191
100,63.974669060881986,80.97173822423254
100,64.00778540962499,81.00994487261248
100,63.99543671095796,80.98220264300717
100,64.01673486125998,80.98686607805203
100,64.01389976944652,81.01975464960859
100,63.953392993139914,81.00502059070004
100,63.98971542005845,81.03258724045757
100,64.01335681360646,80.99578302381421
100,64.01869514836953,81.01117898815352
100,63.99913354833493,81.00082494056339
100,64.02904762601048,81.01654547335585
100,63.992961932325734,81.04245570361357
100,63.985051290030384,80.98781850415459
100,63.9640232650495,81.00143465523215
100,63.99024290565752,81.02138947339309
100,64.02097210600364,80.9565499181144
100,63.975010524459194,81.00939730610833
101,64.01928809103349,81.0175585551315
101,64.04091622111207,80.98180653580884
101,64.0176703568517,80.97656403284265
101,63.96894086691349,81.02401031595687
101,63.98550450091362,81.03664903090545
101,63.972143203101574,80.97481215537634
101,64.00992555156691,81.0025361405442
101,63.99458475123892,81.02992520648243
101,63.97289074803926,80.96684903195346
101,63.99891008429335,80.9936290179934
101,63.99932063768236,81.0498441294936
101,64.02402649350434,80.9884273777782
101,63.99580835142916,80.96776101090343
101,64.01489736528303,80.99428033439837
101,64.02372776936406,80.99345651163141
101,64.03556458894501,81.03155158550288
101,64.02916096542128,81.0337421484071
101,63.9971918822279,80.96471787020106
101,63.980498550624425,80.9964785042599
101,63.99339610651207,80.98246355571494
101,63.990324327201115,81.00817201537845
101,63.98752971213094,81.01532398675153
101,64.00332365847042,81.01136762241956
101,63.97377519986094,80.98069634624481
101,63.96180470615847,80.97297645330872
101,64.02571081900163,81.00212801174584
101,63.981970079053625,81.01493812917013
101,64.04164261474028,80.98128666640204
101,64.00145875483327,81.03845624118865
101,64.00760220328843,80.9915699379347
101,63.98212291102193,80.98366443185597
101,63.958071029991096,80.99807909050395
101,63.988030685265024,80.95953730737467
101,64.01741666481838,81.00020667592527
101,63.981197600231,80.98865406247923
101,63.95547282544526,80.98791928629085
101,64.02083639446147,81.00910147991506
101,63.98171069479974,80.98179424957634
101,63.98274300237987,81.03718583181143
101,63.99278894746986,80.95420406967463
101,64.01125765677915,81.00434254260045
101,63.9826291799035,81.01602293549989
101,64.01229270109071,80.96772283657347
101,63.95428665738437,80.98746336876721
101,64.01811714964172,81.01108550761539
101,63.98049522685195,80.97296727436901
101,64.04242544735746,81.00863836054808
101,64.02680934018196,81.03911862561857
101,63.9562716954033,80.98019186901564
101,64.0242500664873,80.97677854184562
101,64.01341388077387,80.9549825081324
101,64.04472823306213,80.98290316922872
101,64.04814337594802,81.00246040668041
101,64.01287065017145,80.96295424859389
101,64.01660512393582,80.96159902138353
101,63.981532506223026,81.01134517060426
101,63.98651020857677,80.9850872737351
101,63.99344061623839,80.9795056800809
101,64.03683045804446,80.98187871321213
101,64.03501089279493,81.00729106796801
101,64.0495052933226,81.00470147957958
101,64.02843027855289,80.9918339508673
101,63.98187401471111,81.00866594949068
101,64.027069793215,80.97829624868547
101,63.9642814097794,81.01785436923333
101,63.965199190226,81.00237558868656
101,64.04406399061845,81.00257422143761
101,63.96920841946648,80.98766149676489
101,64.00175324347012,81.01286912417174
101,64.01008514446468,80.97823073389041
101,63.999647623091455,81.011274169827
101,63.991378439257886,81.02328777471861
101,64.00488065695568,81.04017820982259
101,63.97719610671627,81.02140596608
101,64.03553257417298,80.98124387349425
101,64.01851071242297,80.9637728691959
101,64.02145795125219,81.03099903614208
101,63.97712977173252,80.97118436289718
101,64.01830374361226,81.00030974291477
101,64.0025725099115,80.98783105750067
101,64.02167363269922,81.00163577007783
101,64.02435717196968,81.00767233554171
101,63.95974266867113,80.98553743979427
101,64.03824566695094,80.99191448031303
101,64.0342763209194,81.02976640534716
101,64.04309650398555,80.97476843281085
101,63.99107083790574,80.97505406871952
102,63.987414149313985,81.02153498997694
102,64.02175928021941,81.02216812605417
102,64.02013342037398,81.01529211066965
102,63.99918051449644,81.01543792073302
102,63.99585646242787,80.99281800078543
102,63.97270782597229,80.96925913532641
102,63.98037996264444,81.01051006811396
102,63.99222679867554,81.02145768069227
102,63.975020242070414,81.00299485200988
102,63.983133981265276,80.99772851067084
102,64.00316051745975,81.04574841909924
102,63.99261565492177,80.9524107608934
102,64.01655943329939,80.98289850402038
102,64.03237140523188,80.98613122696952
102,64.00138031233936,81.03889043472424
102,64.0075765810204,81.02551369365284
102,63.96897669711437,81.03737164444375
102,64.00956928998069,81.00120667873648
102,63.96541565534062,81.03262852489371
102,63.97120839180441,81.03656038106567
102,64.00394660376705,81.00325955249576
102,64.00213745717043,80.97139996312075
102,63.99065370375189,81.01116034177485
102,63.97481387058249,80.97609723324865
102,63.9808558826018,80.99104705155108
102,63.96365685792259,80.98409942883545
102,64.00159903605562,81.01514121660558
102,64.0232762820054,81.03619748115733
102,63.99052737974868,80.95203933016074
102,64.01820921851919,81.04191969841062
102,63.990952720051695,81.03475995990179
102,63.99217048136062,81.04680402751889
102,64.04680439189858,81.00481753846834
102,63.99564797333283,80.98494940271877
102,63.980830573200066,80.9648913852651
102,64.00130456449787,80.96843052220038
102,63.97678851188077,81.00112238506718
102,64.02902190642845,81.03338785787197
102,64.01390502227038,80.98350730058621
102,64.03054666971745,81.0052979454996
102,64.03886958437329,81.00605217137323
102,64.00728361863541,80.9944485807617
102,64.01443084635586,81.01137655439918
102,63.96568411893954,81.03576186374814
102,64.03422851008233,80.97535382611939
102,64.02098605958606,81.00900699488844
102,64.00471439327458,80.97910495748353
102,63.987041561029244,80.99131148458999
102,63.97179525876477,81.00518572728738
102,64.03109232398597,80.9960776892661
102,64.01901950503928,80.99562840864422
102,63.99451046633525,80.97080692976677
102,64.00633851589404,81.04062578639535
102,63.979173622194075,80.9653163171606
102,64.02398987072779,81.04323258656831
102,63.959767757251846,81.01673868675026
102,63.96089470097149,80.97029442553229
102,64.04439121919586,81.0023011375903
102,64.00961148255767,81.02083972219921
102,63.96202174471149,80.97515316701245
102,63.97566017547191,80.96510490671201
102,64.03366674934985,80.98334240609442
102,63.986003883013396,81.01196534276777
102,64.02357901668894,80.9788082460539
102,63.967445317516464,80.99200824900299
102,64.0107424502308,81.01661815946905
102,63.98901066043606,81.00775054093492
102,63.98715574547099,81.04337259574254
102,63.9643701419735,80.97781896467141
102,63.99462512015541,80.9992352557802
102,63.9876536074166,81.0120146007283
102,64.00315541082603,80.95782454191792
102,64.01732651383004,80.9997785257427
102,63.99772952865665,81.03175422299054
102,63.997779237223334,81.00021729688449
102,64.01872364089715,81.02773434995405
102,63.9962721885144,81.01542028790779
103,64.00720572546584,81.04788490491254
103,64.01559029619173,80.9578422241189
103,64.02076789210037,81.00295946498406
103,63.975523653102165,81.03736712845244
103,64.03803967334717,80.97447106455398
103,63.99514951137442,80.97492233373974
103,63.95833224864924,80.9759463148382
103,63.994477479235634,80.98627855911165
103,63.98860176146389,80.99559520048307
103,64.02901251720955,80.99800617623761
103,64.01145329936773,80.98347237847824
103,64.0368064836605,80.99888843212769
103,63.98462860516663,80.9937980284068
103,64.03744028618421,81.03031955581042
103,63.98764342593981,80.96364355928276
103,63.97095257809387,81.01693311077072
103,63.9669060126767,81.03336668321127
103,63.98776473274368,81.00773347997084
103,64.03107790791476,80.9623332611834
103,64.00222587684415,80.99305868756264
103,64.00899212851957,80.98393803490576
103,63.99351743899375,81.01327233044094
103,64.01437969346087,81.04750510166579
103,64.0295036385606,81.01303058541608
103,63.98350602797914,81.04215596609801
103,63.99625548474917,80.97787628161747
103,64.02498103672582,81.03014751150748
103,63.968295006329846,81.00725525130508
103,63.972377544485504,80.95974969401337
103,64.00761123757967,81.02180209708501
103,64.0171381024672,81.01165398025624
103,64.03529507032049,81.00186025503477
103,63.995057214677175,81.02792798390146
103,64.01588354211734,80.99160099876197
103,64.02269776987654,81.03256390404154
103,63.96324807493459,81.01119423004855
103,63.978500548330885,81.02018020052707
103,64.00138556204061,80.99006516337512
103,64.01931118902978,80.96724747723573
103,64.02583329110446,81.02783705099479
103,63.98541154137437,80.9827890954219
103,64.01376189574783,81.04451297829743
103,63.99851693914001,80.96322398347851
103,64.02227960539476,80.96531650968934
103,63.996571198004574,81.0002554733977
103,63.99545773896701,81.036433180971
103,63.970974323518,81.03322598443101
103,64.03682631020864,80.97996470829274
103,64.0443156144674,80.98277829034349
103,63.99794180170789,81.02306113652928
103,63.997850820840036,80.99436756233825
103,63.97014103415763,81.03614418039669
103,63.9760447653446,80.97340211190951
103,63.95614631087786,80.99686875824212
103,64.00531885901371,80.99970905849824
103,63.997665279303945,80.9799933526862
103,63.98667629186749,80.99506400480787
103,64.0008164239117,81.04700771141945
103,63.98601421980316,81.03832988980422
103,63.97897859608163,80.99151897287179
103,63.99628296604404,80.9801462900871
103,63.996649357573894,81.00942760539407
103,64.04219141673305,81.02676544847048
103,64.00467305056804,81.00666105580733
103,64.00115979257836,81.00299235770596
103,63.97063881008138,80.98598690174624
103,63.979445905292124,80.98589695544051
103,64.00796941090923,80.9746638482656
103,63.9984551698864,81.04560717612614
103,63.96577079926864,81.02249043887436
103,63.99129210852028,80.99956715222994
103,63.99767471471366,80.9993563310078
103,64.02730286007163,81.02519450141476
103,64.03295246409503,81.03601944839528
103,64.00830075948947,80.98864022188268
103,64.00499063830318,80.99451715255988
103,63.9706657945795,80.98162035391823
103,64.00447353670765,80.98513723324331
104,64.00996934976651,81.01832338594089
104,63.99055214022298,81.04862456265559
104,63.95363941094062,81.01712549212596
104,63.971192086548406,81.01611787776423
104,64.03761589391299,80.99146494380793
104,64.02404117054805,81.03879257102655
104,63.988213955985664,80.96200040109507
104,64.00872731913806,81.02109042915528
104,63.99905042759061,81.01974836691124
104,64.04367179937316,80.98476586983111
104,63.987939754398745,80.98222035351458
104,63.96109195294648,80.98801668195667
104,64.00857776318003,80.99385481758937
104,63.987543203205824,80.9804573334956
104,63.99470736649991,81.0017658815926
104,63.96676842375905,81.00840706656035
104,64.00149690138879,80.98142884542132
104,64.00056910606305,80.99932446934443
104,63.97364990555227,80.99974390597053
104,63.990575143232796,80.96154875391474
104,63.99556178125376,80.95366434952194
104,64.01693630568906,81.00412665710904
104,63.99517525320743,80.99709794379349
104,64.02605469791588,80.97344644120463
104,63.966378931079795,80.99164041043402
104,64.02553217619669,80.97865521368487
104,63.989622536524166,80.98544272711302
104,64.01098255660312,80.97256655161097
104,63.964766030104784,81.00149284833232
104,64.02480447301183,80.99775486029817
104,63.99667824628321,80.9872727841502
104,63.958877592097686,81.01266701336115
104,63.99976725978989,80.95816400689334
104,63.97412778730176,81.03581838650331
104,63.99358869163316,81.02692557296632
104,63.95990980474491,81.02861491570134
104,64.03391460260545,81.02539900555914
104,64.03152228294681,80.99730269282716
104,63.98301572264756,81.0127648390941
104,63.99214382056822,81.01768126702747
104,64.02902264552179,81.00935233793196
104,63.96398918920432,81.01685256214303
104,64.0041108489717,81.02612334805569
104,63.985374753138444,80.97734885299766
104,64.01628637134107,81.03798083410626
104,64.01668824121982,80.9748930596226
104,63.9955391677902,80.9810450609603
104,64.00799384553731,80.95606027088056
104,64.00587973624742,81.01049223039357
104,63.98470146002243,81.01220363768776
104,63.98197012776466,81.01061606340842
104,63.981893968032594,81.01260996635192
104,63.96136698271014,81.00460362888195
104,64.01611362106944,81.01217121379881
104,64.02454336047445,81.03050483609557
104,63.96109481350544,80.98996732535434
104,63.9847743560029,81.00133170790605
104,64.01245761592928,80.99390553908576
104,63.996541219175526,80.96791521278814
104,64.0033675665226,81.02421006863577
104,63.98642964762815,80.95423041808213
104,64.02295960165952,81.03765896140231
104,63.99182297918331,81.01211001457243
104,64.02392757819341,80.95696300660529
104,63.96858239598664,81.00363105086926
104,63.999845599016524,81.02928279551264
104,63.99465467786034,80.98207786188671
104,63.998976335214216,81.00588119057852
105,64.00314933115152,80.97655885726368
105,64.02594671539364,80.99502077916587
105,63.99974660126509,81.046853778095
105,64.02808806275893,80.95918095890376
105,63.992288364192994,81.01802362404148
105,63.97028449094448,80.98896559127682
105,63.98209735319762,80.99330976647664
105,64.02354365439032,81.00698823523726
105,64.02821714781733,80.96221881604755
105,63.96455981490276,80.98188830540649
105,63.98775571123628,80.97390745436947
105,64.02941080878523,81.00542123411945
105,64.02692739759331,81.03290860274511
105,64.00680559305141,80.97545206835083
105,63.98647527245631,81.0388395444045
105,64.03434953604854,80.9781930270779
105,64.00740076099248,81.0155147443554
105,64.02597624809972,81.00573101835182
105,64.03907133786399,80.98544550871155
105,64.03398244540382,81.03216714557603
105,63.992086304105015,80.95522562158666
105,63.973569397710655,80.99599606211557
105,64.0138885521036,80.9994074941616
105,63.96991408474618,81.015537371703
105,63.98446326132497,80.99968788570055
105,64.03090457123676,81.0277788286929
105,63.9635759197215,80.97179805314765
105,64.04014124572527,81.01822033286189
105,64.03405860340843,80.99996237473329
105,63.95787702136129,81.00709494316463
105,64.00033163288373,81.01223356364586
105,63.98890923243026,81.03112220442807
105,63.98014647436064,80.96946874118265
105,63.98860409855147,80.99806825874133
105,63.96474088456958,81.03113013678144
105,64.04411124639043,81.00774642389874
105,63.96290078481418,81.00623292458197
105,64.01202374102819,81.00444135796118
105,64.03604529567107,80.96730702328648
105,64.00769385517471,80.9675527384911
105,64.04591816711067,81.00304260773979
105,63.98031319595924,81.00110064860196
105,63.98950826833439,80.9514535552117
105,64.04542975293862,80.99505266885436
105,63.990961160067194,81.00467103265933
105,64.00599229285471,81.02573418362512
105,64.01755926751501,81.00136733866248
105,64.04831314003192,81.01163675686506
105,64.00791057110206,81.00696151571209
105,63.99863620108978,81.00975565720672
105,64.00816146070835,81.04177898200753
105,63.965086590244915,81.01580835896388
105,63.99833069233707,80.97934574397912
105,63.996830226679236,81.01850442829429
105,63.993730466553835,81.0276409147347
105,63.98131485672943,80.99597222240756
105,64.01901299194395,81.00249886731987
105,63.96221927046324,81.02445178979524
105,63.98891764228887,80.96604317613914
105,64.0202677095705,80.99743497989012
105,64.00518182188823,80.98416233833923
105,64.00548262893948,81.0386166069099
105,64.00903800392075,80.9520661584695
105,64.0473599106741,81.01091314069832
105,63.99475945555438,80.99068701565585
105,64.0041321462395,80.96269548974007
105,64.0336948096936,80.97033234447024
105,63.98321367345928,81.01338921312203
105,63.98870443378825,80.98648109835729
105,63.97450507278873,81.03074777019093
105,63.972009708322005,80.97878645277031
105,64.01851431107175,80.98190580076395
105,63.99946669096808,80.9644140817849
105,63.96141305220533,80.97554948257205
105,64.00739979976132,81.01517591883523
105,64.00703342799488,80.96900885375784
105,63.97631391839608,80.98624079308823
105,64.02518106214636,80.99738528073516
105,64.0050896107383,81.01071480161589
105,63.99223716600991,80.97988623571062
106,64.00750331023175,80.98716501319237
106,63.997303116055456,80.98208810862015
106,64.03649686387382,81.00690216445999
106,64.0100650125321,80.98787985016519
106,63.991707246062354,81.01939211723727
106,64.01184584035586,80.98634524831292
106,64.03180408116701,81.00335826213264
106,64.03495158513785,81.02835245083023
106,64.00314368027834,81.02024789164197
106,63.97010789837663,80.96517503930194
106,63.993258308544455,80.96547297580811
106,63.99831557534642,80.95174028351609
106,64.03774519964179,81.02441034491956
106,63.9922501557509,80.99126900151798
106,64.00195001244461,81.00962797576182
106,63.95791521470201,80.9832595455756
106,64.00207806912222,80.96568186781839
106,64.04410518443854,80.99243436238469
106,64.04409653561207,80.99958286270505
106,64.04120470140056,80.97562561892289
106,63.95318952008419,81.00363184731681
106,63.977778047319106,80.9970651674669
106,64.0185976285201,81.04125524093736
106,63.9597198300374,80.99669837638896
106,63.99353025860952,81.00280249178921
106,63.95742471268428,81.00129127285093
106,63.985887945963924,80.9843261770446
106,64.01817802013647,81.04021569421663
106,63.9545447459364,81.00106971775939
106,63.98484871541479,81.00784175218244
106,64.02255986228991,80.9831976765602
106,63.98764342593981,80.96364355928276
106,64.00273129915837,81.01344690481872
106,64.00915024871334,80.95587694008134
106,63.956437827741965,80.99694251733334
106,63.994610341603405,81.02300110041931
106,63.955447651661096,80.98395929905128
106,63.973101815105245,81.01298940496554
106,64.01300473660513,81.04746611664038
106,63.96064214017324,81.02299741387282
106,63.96692663105403,81.03083011501433
106,64.01385743464486,81.03299273317617
106,63.98852005700477,80.9825807764467
106,64.0133265468948,80.97028655197786
106,64.03668928477225,81.01023323738247
106,64.03929296677909,81.01477484097572
106,63.990692061071265,81.04695584990917
106,64.02110700541269,81.00094175120647
106,63.98328559795432,81.04428846928234
106,64.02342702978643,81.0034364806356
106,63.9894363997058,81.02637165506711
106,63.98080172868989,80.96371327901926
106,64.0112240877625,81.00867642696385
106,64.0234287940834,81.00489514194855
106,64.04359619453133,80.98268182879914
106,64.01241801469168,80.97671105112944
106,63.96175123905414,80.96893568259068
106,63.97720036408458,80.97275534464073
106,63.99794180170789,81.02306113652928
106,64.01554624368636,80.98664735969874
106,63.955101789125806,80.99606343521954
106,63.95750313382677,80.9799754196744
106,64.00156237050601,81.0202660123047
106,64.03691209798043,80.98342777021611
106,64.0450456748784,81.01567863839436
106,64.00420510575417,80.99163084745496
106,64.00589000004696,81.03709685046434
107,64.01859105846485,81.00007126420763
107,64.00385608891186,81.01806790376565
107,63.964829371535274,81.03127704565013
107,64.00499005699261,81.02033649095485
107,63.98824992586045,80.9863619517423
107,63.99531539303094,81.02302282045493
107,63.97877598376612,81.04215844568341
107,63.97626566432401,80.97793593035804
107,63.99920276354362,80.95294043990212
107,63.99994386671262,81.0126976307973
107,63.96254605951344,80.9844348812551
107,64.00571578062437,81.00994323755387
107,63.9609217931635,81.01673043500438
107,64.00955774732465,80.9704446942405
107,63.97231155195144,81.00392588251208
107,64.02759728563777,80.97946430740478
107,64.0137699598489,81.00818569036302
107,64.00822276779851,81.01140568581918
107,64.0393347386801,80.97827504782676
107,64.03645088654729,81.01403459393583
107,64.000064963815,81.03732889305023
108,63.9623084629508,80.97301479016676
108,63.99026975862653,81.01085488057332
108,63.997221487383925,80.97541281182338
108,63.996861863134875,80.98175283475734
108,63.97412778730176,81.03581838650331
108,64.01431686370042,80.96768538758724
108,64.03685855764215,80.98796202520518
108,64.02518948490791,81.0273605052307
108,63.96514721886871,81.03555047274303
108,63.98409548662604,81.02049496296982
108,63.96401719383331,81.02805204139507
108,64.00252509133861,81.0016813354587
108,63.980141519636405,80.95994347615103
108,63.990543773042575,80.98461868851746
108,64.00269637258785,81.01704711081369
108,64.03571878703653,80.97208934103237
108,64.02528022351801,80.97348327826877
108,64.00699586791768,80.9686233094224
108,64.04145301229644,80.98539446887743
108,64.01553106978108,81.01592206385781
108,63.99333434585657,81.01850558437056
108,64.04330647758822,81.0026804151668
108,64.0352665312032,80.98521812579007
108,63.97478774706293,81.00709173553517
108,63.97066049314247,80.97084733765227
108,63.952330317231734,81.01165013918339
108,63.96535143116173,81.03367878630714
108,63.95944651566082,81.02078797900312
108,63.9989216592305,80.99816200941747
108,63.99422951023319,81.043413098042
108,63.96357873138219,81.01250692474252
108,64.00414130640392,80.98370417386317
108,64.00208989890555,80.98635986396735
108,63.96413030655941,80.98956050581431
108,64.02025751340916,80.97816650671155
108,63.994690319239076,80.97115756779499
108,63.9635759197215,80.97179805314765
108,63.99022167501095,80.99424707932349
108,64.021209105985,81.03653696443797
108,64.00350825488029,80.99414521166855
108,63.97872178132253,80.99092243404574
108,64.04156440432008,80.98336977008914
108,63.99668906724058,80.96209565786421
108,64.00200789491173,80.96429458238275
108,63.99640776622,80.97079993382488
108,63.99601946541317,80.98089596721296
108,64.00849719611277,81.00852699416883
108,64.00963460709691,80.96788196052393
108,64.025094910849,80.98064838141713
108,63.98202611855909,81.044730953244
108,63.977972069305245,80.968451559586
108,63.973198223683625,81.03187280896273
108,64.03181717682055,81.03336222237243
108,64.04140391987934,80.9864107604912
108,64.0287613996347,80.96339182301952
108,63.974345515280774,81.01255365147415
108,64.0014542305467,80.9670620187108
108,64.0064501290687,80.99617136482242
108,64.02168784213207,81.00468943361217
108,63.9835094747739,80.99856575446348
108,64.0050907043799,80.99647112747732
108,64.00314287910415,81.01293675345129
108,64.00170091998855,81.02581191498383
108,64.03526242636042,80.99332570024858
108,63.98695524080325,81.01496009560104
108,64.0050936899739,80.95953728256245
108,63.99229417738337,81.01661234722998
108,63.99465467786034,80.98207786188671
108,64.04034904977196,80.98688139706387
108,64.0265991511426,81.01192495550676
108,64.02621336316231,80.97029639592633
108,63.95398582553824,81.01181988576047
108,64.00913052439556,81.0265553260333
108,63.989760272885746,81.00598236901114
108,63.95577532862008,80.99443183462338
108,64.0182040337373,80.97916716253354
109,63.98081991469139,80.98677448337794
109,63.9946377227363,80.99906576081897
109,64.00434606562966,80.96007417105571
109,63.99994544360911,80.99498165128702
109,63.96020530887455,81.00493994851875
109,63.99314757136532,81.00325285122476
109,63.99795748167829,80.9786966145285
109,63.98872134392574,80.99458751746496
109,64.00967944348147,80.99761416453387
109,63.98873616411683,80.99775249730098
109,64.0105586642633,80.98737476584795
109,64.03846594102163,80.99357836028999
109,63.97897801174398,81.00194771325148
109,64.01017779319304,81.01167612585354
109,64.02871405246431,80.98518486775562
109,63.997805100488506,81.01264935710981
109,63.971011385276874,81.01637274852065
109,64.0219468183228,80.97728302994918
109,64.01181021058883,80.97874000539608
109,64.0421700705204,80.99742472170857
109,64.02504749621585,80.95886401949338
109,63.96342771793045,80.987002756563
109,63.986362678977876,81.00054814246678
109,64.01483184282439,80.99746992408328
109,63.98101443153083,81.04468193916807
109,64.04744863371688,81.00016749299289
109,64.00526770403074,80.9964376671119
110,63.95990174829098,80.97455453191452
110,64.04332237153666,81.01577730950383
110,64.02433892654965,81.03099063350271
110,64.01383534335383,81.00044036490846
110,64.03431876003161,80.964296779366
110,64.00968391784046,81.02078273571318
110,63.9955159712291,81.0475428903261
110,64.00703047128049,81.00904364837967
110,63.976299955828225,81.04128532909257
110,63.96103373708704,80.98287327560516
110,63.98589467528992,81.03876375575004
110,63.9757089907506,80.99644134766471
110,64.01754254159329,80.96358028631703
110,63.967996387943614,81.0045640622279
110,63.998262531642446,80.98121695967804
110,64.01111864402026,81.01428892215277
110,63.98898289052563,80.95875357120036
110,63.952914409447956,81.00877290028718
110,63.98468812104614,80.97240355258967
110,64.01389888658753,81.01624806661239
110,64.00875820293034,80.95246154552297
110,64.03805785736323,81.02103733676653
110,63.95779611019968,81.01446791395708
110,64.01632208996011,80.98940720916569
110,64.02473705308589,80.97919956090858
110,63.97291044897014,80.97400608129995
110,63.986317522671754,80.99814365117601
110,64.03830639568088,81.02290655921416
110,63.958071029991096,80.99807909050395
110,64.02003098084458,80.96428503046303
110,63.99884276135568,80.95878430465382
