gene,x,y
1,71.95217246717033,75.00215330096347
1,71.99718905782038,74.98552902091058
1,71.9949582823626,75.01292391367394
1,71.9911912275538,74.95478594012373
1,71.97798583546576,74.97694017116852
1,71.97061191929244,75.03012113267678
1,72.01004493144947,75.02223953524448
1,71.95807610613566,74.97292211316552
1,71.98533496884478,75.03355972415561
1,72.01952328519094,75.01090487233556
1,72.04765960724094,75.01064360674559
1,72.01582784319673,74.95522743767545
1,72.0314733203551,75.02983828179335
1,72.02529330474681,75.02222071084735
1,72.0311250111337,74.9868446588338
1,72.01975816219431,75.03752900721896
1,71.98028502456825,75.0439120856862
1,71.99170511050394,74.95181905031134
1,72.00536513194619,74.9734351964959
1,71.97115212956065,74.9619135377932
1,72.01272695839238,75.01786248229008
1,71.99474504380133,74.98727875224057
1,71.96683955155773,74.99228128812136
1,72.019797889505,75.03679406652931
1,72.01598107733558,74.98672575539992
1,72.00069446555298,75.005931962825
1,72.0493219886612,75.00250319398162
1,71.98520919855227,75.03750626422774
1,71.99724484594493,75.0239918866324
1,72.02579453213768,75.03204168679605
1,72.00535046546044,75.01105617201267
1,72.00942935015095,75.01155774336337
1,72.00349293304711,74.99800546112664
1,72.01678573749382,75.01819437897097
1,72.01106497457685,75.0063863315553
1,71.97901485370232,74.98101289743838
1,71.98752467579598,74.96338041211803
1,72.01866409765167,75.04188066509043
1,72.03208740757721,75.02662962112207
1,71.95879890817349,75.00247201625584
1,72.0115371349894,75.0008431044872
1,71.96436105892775,74.97560051705743
1,72.02997953780726,75.0160729261387
1,71.98192600798315,74.99032112737643
1,72.00814987098236,74.9952801086549
1,71.99360774260506,75.03049439869453
1,71.96738455493286,74.9935630808569
1,71.95970403054439,74.97340127718945
1,71.99726045072623,74.98326051988073
1,71.95562558155216,74.9797856856608
1,72.02030625731894,74.99279991378799
1,72.03789248280401,74.99074887891278
1,71.99360456649369,74.97921978743338
1,71.98887853875708,75.02222674006218
1,72.0018983196869,74.98426754895463
1,72.02033817510211,75.01666217076314
1,71.98477001227938,75.00133561168361
1,72.00924561947677,74.98992647320958
1,72.03209652433897,74.96248739967602
1,71.97834910100056,75.00864289326591
1,72.01806939244814,74.9776619501777
1,72.01271596142546,75.03730743826814
1,71.98222205871849,75.01059179618672
1,72.01451697035453,74.96546463367133
1,72.04070004446571,75.01169819226796
2,72.02605135081812,74.99850159022178
2,72.03191797145593,75.00625809049062
2,71.99828017754749,74.99386829610688
2,71.97114613250328,75.01771128750046
2,72.02304086256238,75.0178994988133
2,72.00833472515545,74.99505432499701
2,72.00834006049892,75.00850303878018
2,71.98547416348654,75.01917051141416
2,72.02190568856378,74.99179395588399
2,72.02124622465774,75.00793034700865
2,71.9870914167954,74.98829802481096
2,72.00337939018024,75.02271800672305
2,72.00255348779588,75.0197109282846
2,72.00140487218002,74.99363621799402
2,71.9728800788323,75.03351474405652
2,72.01035853558987,75.0097390947113
2,72.03827238245599,75.01027792979346
2,71.9701929186561,75.0337534954228
2,71.99306096295354,74.99128100492962
2,72.01516508532633,75.01915645925753
2,71.97037364050237,74.97276370179381
2,72.0203099120653,75.01371961590974
2,72.03458888163756,75.00033233552327
2,71.96417833574274,75.02527020499893
2,71.99050275581473,75.00158075020363
2,71.97994802823547,74.98078931242235
2,72.00020615556164,75.02330768860756
2,71.99819460062027,75.00326535984495
2,71.98499992254175,75.0010114662557
2,72.00789941376186,74.98420272673269
2,72.03246135434551,75.01494609744807
2,71.9714691092901,74.997152783624
2,72.02276625612588,74.99826725048229
2,71.99326540382584,75.03670276464155
2,71.97901167165362,75.00612918728707
2,72.00607917495758,75.02380850343218
2,72.00587348850918,74.99333809999688
2,72.0027384051559,75.00085193945218
2,72.0111488064852,74.97819942715714
2,71.99837992447081,74.96770807688826
2,72.00257405471889,75.00512252390858
2,72.00911521208275,74.99136919850098
2,72.02587560308145,74.97510506646542
2,71.99453329888198,74.98708877338392
2,72.01652334888816,74.98504488141175
2,72.03400202284952,75.02129616099124
2,71.99270446052694,75.0110288661394
2,71.97974930215503,74.96268310633006
2,71.9827375880874,75.03080142683976
2,72.006283430552,75.02611238111977
2,72.00593796347228,74.97713219418434
2,71.9763343532174,75.04106538375773
2,71.99783793740954,75.03502504606509
2,71.9939826078082,74.99568246573352
2,72.01176094694225,74.99805951299288
2,72.00959183181935,75.00089276046167
2,71.96745135423964,75.02433818970096
2,71.97842231707911,74.96131042529193
2,72.02984017477019,75.00747844442496
2,71.99614692484134,75.01357650887772
2,72.01555571797826,74.99387423087558
2,72.02231366056532,75.02709115904233
2,72.00704894909465,75.00964923662582
2,71.99858346048148,75.03257874926202
2,72.00858149081877,75.02298184715134
2,72.02917010112708,75.03401529475362
2,72.00469505752906,74.98887559968567
2,72.011088036813,75.04361817137499
2,72.0010083095858,74.99101196452276
2,72.01895930121579,75.02904575802792
2,71.97341402578915,75.02438423448383
2,71.99466761348314,75.00121604075649
2,71.98035965757795,74.98805289514478
2,71.99435710060622,74.9737179218973
2,71.9751696847771,75.0213206263378
2,71.97558015709988,75.0029181386816
2,71.98132201376971,74.96711986314087
2,71.978876835778,74.95807260534932
2,72.01645237410229,74.97616128454641
2,72.02598045819944,74.9751827579945
2,72.03086343979217,74.98868324528387
2,72.00832508130149,75.00685673311635
2,72.0276052108021,74.99759750592656
2,72.01904475787994,75.02456957680424
2,71.98038457501336,75.00004408651955
2,72.03535861742769,75.02338159520181
2,72.01421497243719,75.01084285603159
2,71.98987616292021,75.04014074951328
2,71.99397819167783,75.00849278736375
2,71.95909148988413,74.9798085855394
2,72.01398245179415,74.97703410397295
2,72.01993192512411,75.01233924973499
2,72.02061895184653,74.99752336205026
2,72.01425175732435,75.01429768329055
2,71.99886540316314,75.0108010342295
2,72.00235627346565,74.99415926822257
2,72.03600096840057,75.01711989907419
2,72.02875731299429,74.96501713216911
2,71.99081278241984,75.0057207521867
2,71.98179960858025,74.97675442462572
2,71.99776439769094,75.03497930170978
2,72.00597429151858,75.02906327222102
2,71.98004478867642,75.01153171210532
2,71.96296285864605,74.992814655833
2,72.03718826389647,75.02058595691557
2,72.02996016369222,74.97461254649606
2,71.98362367771269,74.99555358041029
2,71.99978931051119,75.03980581364435
3,71.99338973251851,75.0293882971828
3,72.01410826273315,75.01955266713607
3,72.02400124987957,75.0038129722657
3,71.9743467311861,75.00991692406798
3,72.01490700619607,75.00357764781849
3,71.98664287959396,75.04525758698226
3,72.02933503285199,74.9854828568889
3,71.96527737685496,75.00645729830238
3,71.96600757549739,75.00728117776696
3,71.99572248554725,75.01756498491407
3,72.03006765616365,75.00389418350451
3,72.01414576959684,75.01959831252985
3,71.96615526828481,74.98589442516155
3,72.02985945894122,74.97616811756596
3,71.98259852445057,75.00857715844894
3,72.04281341628882,75.01236580821374
3,72.03162555418328,74.97801376266202
3,72.03945388540532,75.01048074869831
3,71.98128557235269,75.00139202668181
3,71.98807649233026,75.0316808228753
3,72.01784775268719,74.963032082004
3,71.99108324560673,75.01954548673139
3,72.04760509382557,75.00258934013061
3,72.01128482390686,75.00116441082747
3,71.97756787460563,74.97510939389836
3,72.01728653402301,74.99865934800577
3,72.03184379788966,74.96399814583542
3,72.00743707481526,74.96393772465775
3,71.97581761660155,74.98761486533742
3,72.03541297070379,75.02471158299997
3,72.0144436182918,75.00953568958599
3,72.0283522518832,75.02313764400364
3,72.01097762832956,75.0138768779427
3,71.98766187313052,75.0424849311439
3,71.9886795935506,74.96976050967348
3,71.97890408702104,74.96962268825833
3,72.03828702897658,74.98105596862536
3,72.00506129835969,74.98069929670899
3,71.99499970828798,74.9982100699348
3,71.98584755734296,75.0227892817095
3,71.9806555109022,75.02070589353565
3,72.02202832050502,74.99222822169688
3,71.98352850177518,75.04026722212512
3,71.97782411854294,74.96314602700298
3,71.96863392041024,75.03673335114179
3,72.00780162881203,75.01251670875577
3,72.00558365354459,75.01440784731254
3,71.98931788550992,75.0158596163924
3,72.01638707782395,74.97755746490971
3,71.9949937204591,74.97516806514322
3,71.99745854632397,75.0143096628828
3,72.03112154750386,75.01751968825623
3,71.99745928706203,74.96153925542491
3,72.02212602031437,74.99995260249561
3,71.99511226176345,75.00828656251669
3,72.00530157715467,75.03722321803563
3,72.00216415947537,74.97740732006338
3,72.00769966368946,74.98294920744657
3,71.98303628243126,74.9728801519378
3,72.01276907735921,74.96895055928717
3,71.97987950968127,74.97317072667421
3,71.98544459032956,74.99093017081445
3,72.01746861075682,74.9828549745177
3,71.98123438890855,74.95751503197998
3,71.98383637730291,74.98581828164733
3,71.99810196338937,75.01511546451444
3,71.98181216514011,75.01420531462092
3,71.96998871854134,74.96342775705172
3,72.03080113067026,74.99427743618352
3,72.00371829506399,74.99831491508891
3,72.00133025220613,75.01709973575515
3,72.02848060486382,75.03053169491284
3,72.04004658944696,74.97740339244714
3,71.95921607546644,74.99093065768848
3,72.00600869291952,74.95834345551687
3,71.98932601533538,75.02675617631503
3,72.03530444779409,75.00328639590543
3,72.01177426892266,74.99399684201636
3,71.9975040294159,74.97337103149198
3,72.01509136708489,75.03465091496997
3,71.98167574764578,75.00426789815204
3,71.98248231971849,75.04309701644381
3,71.99117862480213,75.02548953570732
3,71.98789570187478,74.97422107287024
3,72.01337741313901,75.02486728299378
3,71.99959574497896,75.00479130053277
3,71.99753755643155,75.02837171242352
3,72.03494357221406,75.0284680146061
4,72.03379822219624,75.0005850095046
4,71.99538088606879,75.00700041339344
4,72.02387504600452,75.02806797752422
4,71.98066082093224,74.98138515454139
4,71.9956124034824,75.01215549914444
4,71.9879236851362,75.01101242425166
4,72.02670716474003,75.0156053886214
4,72.0077150285058,75.01372049975731
4,71.99081198949926,75.02730628309976
4,71.95939781784305,75.00867529625728
4,72.0089176128649,74.98707842178894
4,71.9824164206764,75.03623692623908
4,71.97095436708746,74.9971634485317
4,71.97382395153747,74.96963184652313
4,71.99423690182844,74.95586367081806
4,71.9717580460884,74.99139218229071
4,72.02878871541024,74.9810065183272
4,72.03414826695035,75.03248447317095
4,71.98603531593551,74.97896143490266
4,71.97907642975315,75.01364509698551
4,71.9961382051676,74.99185017258509
4,72.01265674494384,74.97919886095974
4,71.9643670820965,74.99491447834255
4,72.0178768424856,74.99152151592146
4,71.99152066851708,75.03598624099678
4,71.97676054959052,74.96830218305395
4,72.01219712055314,75.01339095002615
4,71.99075028537055,75.00593630516605
4,71.97858878030573,74.99832006224517
4,71.98866910347161,74.96507588043676
4,71.98120914378076,74.96898886872044
4,72.02192351695028,75.04143382278635
4,72.00826249653561,75.03526244054333
4,71.99971898839651,74.99804204921331
4,71.9909752254747,75.0041418399002
4,71.99164299064589,74.99133692101749
4,71.97222253435918,74.9631513253624
4,71.98768605861717,75.00081381672354
4,71.99657473342923,75.02924442277
4,71.96812934912163,75.03156902008045
4,71.97091108482262,74.97434915832613
4,71.98306747552785,75.04030054863311
4,71.99207576192599,75.00473789831956
4,71.97546611497636,74.98766687705064
4,72.000409866438,74.9692187100743
4,71.9685742368604,75.00526664056912
4,71.99089373213049,74.97708696848055
4,72.00855746235771,74.99179876944677
4,71.97367628674111,74.97643166111578
4,71.9844360878108,75.00408774406858
4,71.98094320482075,74.97667022701792
4,71.99029770873445,74.99716527925787
4,72.03498625822846,75.0138051869711
4,72.02709519249329,74.97711882133568
4,71.97829540092329,74.99911968964634
4,72.02601985688288,75.02600740005998
4,71.99751901053436,75.0293406822389
4,71.98443836607446,75.03187161455902
4,71.99352708823264,74.97108659516095
4,71.9657873289945,75.00143537654237
4,71.99297588180747,75.02389904944778
4,72.00614626168272,75.00598789892204
4,71.99436622420716,74.9973815918197
4,71.97692753625232,75.03738291731065
4,71.95408011998366,75.01930156312751
4,71.97873858954682,74.99223929671878
4,72.03060122219803,75.03296490827685
4,72.01188906715815,75.03792029499165
4,72.01233642222726,75.03374437124296
4,72.01891766650598,75.01365262010856
4,72.04834550256813,75.00695918278993
4,72.03114805971606,75.02186839311545
4,71.99446963941696,74.97444092069729
4,71.97481149398392,75.03590190672489
4,72.03929529615718,74.99515060508311
4,72.04078404983964,75.027040956053
4,71.96837160715829,74.97168711666289
4,71.99521329245225,74.97711544853959
4,72.0206605865866,74.98089113923189
4,72.01399885128144,75.02455525855378
4,72.03512553164141,75.02814152482499
4,72.01103809503824,74.99425223046283
4,72.02894998030978,75.01941243037253
4,71.99893641543187,74.99102682960732
4,71.99086632962224,74.97022427125259
4,72.0355076321346,74.99818111588107
5,72.01518981525848,75.01057200510338
5,72.0216894723622,74.95673687282962
5,71.99277593701433,74.96972187936996
5,71.9866292804761,74.96635954406122
5,72.02368498505876,74.95917864995391
5,72.0191416384671,74.98192174353791
5,72.00230613049652,74.98429201609284
5,72.02381463204371,75.01810632653446
5,71.98872111250783,74.99307667315946
5,72.04446649158778,75.00333804429283
5,72.03073752734824,75.00762115129379
5,71.96805565728381,74.9710168877156
5,72.00160537021087,75.03147384045991
5,71.99682985798155,74.96281965718039
5,71.96672277625163,74.9765755901984
5,72.0413286753103,75.01730564083844
5,72.02049269062141,75.04122635089638
5,71.98199320476942,74.99620286984543
5,71.99630392206987,74.95366662246776
5,72.01908780341978,75.00901284374586
5,71.99134085273478,74.97652670176214
5,72.02681287320326,74.96974388406899
5,72.02331113737672,74.95916911721383
5,72.02266711425766,75.027240097132
5,71.97277113101524,74.98356009726773
5,72.00735464685657,74.97783508342702
5,71.98574966222449,75.00051220955245
5,71.98080668755217,74.99240386643632
5,72.03500230733064,74.99437988955215
5,71.971729172258,74.97633401940938
5,71.9735568021091,75.01307419850119
5,71.96429055830039,75.03181960340456
5,71.96682142396043,75.01283895344447
5,71.9943835045532,74.99868001877837
5,72.01296653348895,74.9619376220656
5,72.01989635724765,74.96111166610727
5,71.98923963960144,75.04774661145701
5,72.02480014468044,75.03333518527856
5,72.00117285915161,74.99285810284726
5,71.99255100580149,75.00995279393075
5,72.03667169314205,75.03200814973522
5,72.02948909278956,74.97556247338015
5,71.98352282832771,75.02506090763838
5,71.9914468275866,74.95832048917151
5,72.01894095198627,74.97744655789771
5,72.00766570243478,74.97810805036865
5,71.98106346893945,74.96224630609217
5,72.01068931485064,75.02872794341843
5,71.95805864097393,75.02557841210101
5,71.99602318612514,74.95757205992702
5,72.01894821427906,75.0177163473368
5,71.9885192332356,74.96223906639526
5,71.99351952646954,75.03943905757603
5,72.04028980435973,75.01038727637695
5,72.02032595428439,75.00158003262948
5,72.00239167434809,75.04376741041617
5,71.97207105774028,75.01076738550394
5,71.96880571387779,74.97747091354942
5,71.98141660630063,74.98561753408099
5,71.99586364396966,75.03924617557796
5,71.9998661307342,74.98351454483782
5,71.9859161920658,74.99509053675011
5,71.98274987736706,74.96379902492124
5,71.98542610871925,75.00152290138038
5,71.9800448183144,75.03530606704116
5,71.96002446828263,75.01829204840955
5,71.99682120753629,75.0219003565869
5,72.03323025895502,74.98021018462859
5,71.98699997147465,74.99793389826485
5,72.02373042456618,75.03434414779358
5,71.97811327539587,74.96201283387904
5,71.97921784182907,74.96101307987239
5,71.95560946138023,75.01621823499697
5,72.01149711777136,75.00062855921112
5,72.044410527057,75.00284832157352
5,72.04260221073608,75.01133575573904
5,72.02472622191962,74.96530396979784
5,71.9827060525269,74.97079761473846
5,71.99507393239236,75.02397626858281
5,71.99789756331727,74.95289535967947
5,71.98963340887863,75.01823113424166
5,71.99435303340674,75.00520004173114
5,72.04038512853276,75.00526474028509
5,71.96215262823867,75.01249618423336
5,71.99986244935519,74.95039203350329
5,71.99215959313347,74.99251590933785
5,71.9867424202223,75.01548399394486
5,71.95524326495593,74.98228111919839
5,71.9860353001291,74.98728738459619
5,71.9946724709896,75.041908654082
5,71.97907642975315,75.01364509698551
5,71.95720883711662,74.97858181153424
5,72.00001349803303,75.04910393715045
5,71.99182312271093,74.97588224439507
5,72.01442485555154,74.95849263825934
5,71.96006614369904,75.01140495243527
6,72.02254178509548,75.03383174755085
6,72.02698345180433,75.0343065059015
6,71.97148589931102,75.01189582638342
6,72.01103809503824,74.99425223046283
6,72.00300319363441,74.98953785858205
6,71.98162824919362,75.02522619095336
6,71.98225196367943,75.01547233568314
6,72.01691538714344,74.98305206444688
6,71.98745504836717,75.02248208119437
6,71.99349653664454,75.02381424510665
6,71.98385393152233,75.00816673261946
6,71.99514872077087,74.97103208484093
6,71.97399201869457,75.02661890508769
6,72.01331994430834,74.99567115863135
6,72.01102391722493,74.97467398815232
6,72.00855746235771,74.99179876944677
6,72.03308125202553,74.96543737766899
6,71.99750733148962,75.00968056954967
6,72.00568094383078,75.00469903911235
6,71.9953709772656,74.99123860552191
6,71.99694466596162,75.01828679173903
6,72.01631462902894,74.98697116900617
6,71.98485004426963,75.01437296324697
6,71.98377078431946,75.01208050668006
6,72.00535046546044,75.01105617201267
6,71.97472306089388,74.99899737816314
6,71.97882830787077,74.99427454161429
7,71.967006851517,75.02073606091118
7,71.99834768922875,75.03924882540562
7,71.97547702875377,74.9847770285796
7,71.97174022691283,75.00718246946926
7,72.04569642551189,74.99903148518894
7,72.03670976140123,75.00136608799592
7,72.02199215614671,74.99095217077758
7,71.97809575856576,74.9941355545693
7,72.01337972681627,75.04806528494052
7,71.9652571168343,74.97836545266236
7,71.96560077220474,74.9842573672149
8,72.0010769287968,75.0337920729415
8,71.9651741741826,74.99518673103994
8,72.04928168413109,74.99728426797368
8,71.99559247138437,75.00822650732769
8,72.01621498829326,74.96958517984005
8,72.01252661836004,74.99659604962986
8,72.01308187146427,75.02096430433116
8,72.02124869641271,74.96214161237448
8,72.0127273667998,74.98262858742285
8,71.97528991725959,75.01080888315488
8,71.97070471873086,75.0152619968749
8,71.95397491474327,74.99093691758681
8,71.99051963775939,74.99221239575445
8,72.00703155044674,74.98485391779758
8,71.99758746322028,74.97558276998744
8,72.04611048545277,75.00519600325718
8,72.03028576623194,74.99804990053903
8,71.96905272117624,75.02295020584901
8,71.98007448949828,74.97676283482606
8,72.01657095362084,75.0122517089215
8,72.00495288428151,74.95981768642947
8,72.00701358592613,75.04252465387243
8,72.00805786808448,75.0064780987106
8,71.97830616187333,75.02023856389195
8,72.0470586955192,75.00511374326508
8,71.98458351867161,75.01946825043036
8,72.0071106718092,75.01365305323698
8,71.96991781112814,74.9981283048659
8,72.01093162854767,75.00949071531606
8,71.97397061913372,74.98766544933355
8,71.98382151355266,74.9833723817293
8,72.00787096787799,74.98681683570925
8,72.03222282366536,75.0346788879087
8,71.96925125862138,75.00587158141944
8,71.9572497166307,75.02058247320618
8,71.97441415855832,74.95830281147136
8,71.9957284032395,75.00429533578826
8,72.01248258367202,74.97456124550953
8,72.00378308764483,75.01223259841036
8,72.03220946697193,75.00239334848165
8,71.99358144375465,74.9694279416221
8,71.98643431667836,75.03524760079796
8,71.98896289107697,75.01885210728825
8,72.01411824510359,74.95683615813086
8,71.95847769889153,74.99521957508409
8,71.96989182444034,75.01190824972379
8,71.98507797737099,74.9959725518711
8,71.9828225770675,75.00155508948974
8,72.0185869511546,74.9945588358223
8,72.00638613991394,75.0353697433858
8,71.98593258450582,74.95608576736056
8,72.04893804308082,74.99875543444536
8,72.03704450906778,75.02738551795878
8,71.98785643358133,75.01509372058477
8,72.00576611462523,74.97333899205127
8,72.01154734897085,75.04735242053763
8,71.98349496162115,74.97403119302815
8,72.01925973219845,74.9853425577323
8,72.00652515681703,75.03008680494874
8,71.96581627950074,75.01244710474948
8,71.98863736844997,74.97292233508308
8,72.01690301376577,74.97166649502947
8,72.0143864279009,74.96647962871891
8,72.01278000438717,74.98909184910754
8,72.02268185518317,74.9963460765027
8,71.96866103820749,74.9712774589597
8,72.0137231192232,74.99768191651056
8,71.97914718988811,74.95966600087758
8,72.04257665630132,74.97578139916862
8,71.98709578123535,75.02720613948388
8,72.02140409701846,74.98180471888975
8,71.97000841502894,75.0229393912923
8,72.0172128992266,74.96360143015762
8,72.0123912161577,75.02510218442258
8,71.99341186883935,75.04450000958985
8,71.99247872469056,75.01050294411469
8,72.02136577860969,74.97257928018496
8,72.0303304202041,74.9952033907115
8,71.96321783254388,74.99113459367848
8,72.0278651553803,74.97516432662484
8,72.02915975225741,74.99004599837153
8,71.98801537445054,75.00042576360175
8,71.97649944443954,75.02251677915032
8,72.01024774216886,74.98116525574609
8,71.9716729867419,75.00246193994033
8,72.01961944879383,74.9982795754471
8,71.97168642557163,74.99756453011275
8,72.02326020225927,75.04115914639166
8,71.9947195176503,74.9930823346914
8,71.9874441447564,74.9870820100792
8,71.96313704709085,75.00191312070757
8,72.04751768261681,75.00288809697079
8,71.99966934971343,75.02442011228771
9,72.04066888684797,75.00649386564633
9,72.01436655929905,75.01035971029809
9,72.00002113334192,74.9911819668984
9,71.96524325859657,74.97472720160403
9,72.00665637906718,75.0088318657239
9,72.00870853383819,74.98322506189821
9,72.02670267799321,74.97476682330999
9,72.01798831675048,74.95521206444715
9,71.98072405552692,75.01450636960408
9,71.9922086051373,74.9564384504816
9,72.00046657544642,74.97084018558009
9,71.99504058813727,75.04291589985915
9,71.97526053413425,75.03285923042301
9,71.9781676712799,75.01156066398644
9,71.97479910757718,75.00275292423183
9,71.98582596578505,74.99301520390526
9,71.9993661337234,75.00656794180931
9,72.00132055650371,75.00651244775285
9,72.04689758308795,75.0168623819283
9,71.99125938663694,74.98343015356296
10,72.01586931896607,75.00504315356368
10,72.00574364049662,75.03170924401927
10,72.02099686699934,75.0000545171482
10,71.96392953885052,74.98814421524276
10,72.02802162182009,75.02578230191153
10,71.97829540092329,74.99911968964634
10,71.96266509097471,75.01171155125758
10,72.01786324485757,75.0408247281897
10,71.98920268013613,75.02032018362132
10,71.99408811915318,74.99942206865299
10,71.97013999319672,74.99861691124188
10,71.98673176138807,74.99869610024393
10,72.01476786776956,75.02400903409087
10,71.97164776956593,74.99344078742328
10,71.99228485653308,75.0322689450585
10,72.02581789368658,74.98263889209213
10,72.00450339202564,74.98698285099857
10,72.00710273536242,75.00082442847632
10,71.96940671101903,74.97309820739402
10,72.01909496330475,75.01144365833079
10,72.0138006124379,75.007985575122
10,71.99713613071987,75.00695694677678
10,72.01098279569808,75.00419981207422
10,72.02485669291237,75.01307167934804
10,72.01003851706177,75.00311605565604
10,71.9982375436486,74.99431796188355
10,71.99676456646323,74.9949634781163
10,71.9918758520116,74.99156331770114
10,71.99356906542084,75.03980896118989
10,71.97296182047155,74.99671235315152
10,72.02441610625623,75.00658273906954
10,72.03794905785843,75.01060343903174
10,72.01092979551714,74.99421735734404
10,72.0002890832844,74.96330558904424
10,72.01941519003633,75.0277023580161
10,71.9796239094868,75.01104119840711
10,71.95928368943015,75.01929443661427
10,71.96570943516275,75.0025301170011
10,71.97766481072914,75.0083798652621
10,71.99221378249307,75.02128051433213
10,72.04865335581758,75.00670823185212
10,71.99201439654892,75.00745440632484
10,71.96695165935735,75.03426816757657
10,71.9789672073726,75.02977151230061
10,71.98382151355266,74.9833723817293
10,71.96986263875631,74.97186587817075
10,71.99925151804403,75.03665528783544
10,71.9931550551785,74.98546708445737
10,72.02066154247129,74.99346022220818
10,72.00254137097328,75.01150612026252
10,72.0133013920866,74.96938868798864
10,72.01201157212056,75.03960684070549
10,71.97811327539587,74.96201283387904
10,72.03581897548806,74.97815826844597
10,71.96600757549739,75.00728117776696
10,72.00524865860909,74.9951073127138
10,72.00768083326906,74.96554095195933
10,71.97537428788134,75.00455945486479
10,72.02009267176798,74.99608893599641
10,72.00804861971311,74.99487001575862
10,72.00182119291267,75.01349915801032
10,71.99241093284321,75.00791754173889
10,72.02493040858693,74.98613703102271
10,71.98062735960721,74.99875212067495
10,72.02091573009274,75.00390213615711
10,72.00535305812552,75.03908762354517
10,71.96031937895197,75.02209144511832
10,71.9766338534509,75.01634697435817
10,72.03764886095071,74.9953053167962
10,72.00012358973643,74.98458536689044
10,72.00734522198763,74.99356660582315
10,72.01914082507709,75.0127778152127
10,72.0185904708929,75.025432274438
10,71.99300567542328,74.97620039738226
10,71.99968423300231,74.97441583074675
10,72.01510021934402,75.02058588877784
10,71.995732239141,74.99046246459832
10,72.03596139273105,74.9840037651236
10,72.03373902893468,75.0111581112426
10,72.01013416023669,74.98163325452036
10,72.00952844506564,74.95478570002932
10,72.0076145148673,74.99626654485056
10,71.9950149247611,74.99142343725269
10,72.000870731418,75.02021637107175
10,72.0027384051559,75.00085193945218
10,71.96546607270258,75.02678006749925
10,72.00883104501781,74.9940997237474
10,72.0138577609159,74.99155135809178
10,71.95973433657392,74.97240006351325
10,71.98232616605048,74.97063707477935
10,72.02668376598395,75.01072631622694
10,72.0233951858108,74.99060053847828
10,71.9900521711353,74.98804420515869
10,72.00390900897663,74.96985995128881
10,71.98032712071021,75.02111280799669
10,72.03402819879443,75.02723014248232
10,71.99637274974305,75.01965207323055
10,71.99360030146221,75.0114364088758
10,71.99297172021048,74.98565947154961
10,72.00106717884782,75.00143788431075
10,71.98739750543598,75.00307533336354
10,71.994296871822,75.01680565004119
10,71.98241006438715,75.0102410692863
10,72.02704642743485,74.97651630860013
10,71.9800131130315,74.99412368719479
10,71.97818065749208,75.00978972125912
10,72.01794584970986,74.98878859586831
10,71.97450817924077,74.98671902369722
10,72.0458522936892,74.99019093636497
10,72.00884668583785,75.03056980359231
10,71.99891130786213,74.97798221268329
10,72.00354720935813,74.9626197239064
10,71.9981336274707,75.02531983265686
10,71.9565763406913,75.00475853110893
10,72.01232775099923,74.96788400983563
10,71.99833813911792,75.0198763589988
10,72.00853114989135,75.02657708647334
10,72.01919233817027,75.00571643225105
10,71.99889344765873,74.97837803293712
11,71.99523643750479,74.96884294478322
11,72.00864471373349,74.95697728598607
11,72.02354383209043,75.01317296979065
11,71.99802008853212,75.02369834222328
11,72.00823239956343,75.02648225573235
11,72.04508958872887,74.98707520866137
11,72.03739445057629,75.0208896393556
11,72.03582949496794,74.98537414526977
11,72.04569561512278,75.01016255560161
11,71.9916397428936,74.9531580589062
11,71.97572896329706,75.03622642380391
11,71.95193520578997,75.00478112960722
11,71.99827868308758,75.03706994322384
11,72.01406030980155,74.95598573708085
11,71.98669669895422,74.9633618273769
11,72.0082192826073,74.97623010776127
11,72.0418851162715,74.97301170293315
11,71.9715487202963,74.96515844755709
11,71.98400335558159,75.01481344762935
11,72.01150796428603,74.96324260118324
11,72.02356401648123,75.01426910459051
11,71.9812552034999,75.04470565658244
11,72.0075896683748,74.97128491090189
11,71.98223431552178,75.0091761425517
11,72.02297462215158,74.97779961975625
11,72.03076573336381,75.00174934916075
11,71.9809535212965,75.00356227844759
11,72.02269703002737,75.00198061827282
11,71.95970800493045,75.02299336646283
11,71.98525110519408,75.03239789526242
11,71.98357641703467,75.0110984611035
11,71.99485880120447,75.0101380875408
11,71.98808794572055,75.04266714883234
11,72.04339238083864,74.97555563096228
11,71.96863655946336,75.02648551301347
11,72.0100479907425,74.95342056777577
11,71.98732351568094,75.02811891859785
11,72.00083820704249,74.97678376060689
11,72.01091600963201,74.97658151737512
11,71.95821598598874,75.01463224159214
11,72.00887782695872,74.99657964888134
11,72.01010403399918,74.99907109388681
11,71.96469010438143,74.97058417119327
11,71.99767446639139,75.00352352711953
11,72.0029172856939,74.98436304162638
11,72.04587388005977,74.99536546287634
11,71.98182409784285,74.99166639727095
11,72.02035084146907,75.03827079289397
11,71.98549543547098,74.98236750401334
11,71.97624404515378,75.0111330183432
11,72.01019140952171,74.99499137594204
11,71.98642244827884,74.98599302050287
11,72.02294243717182,75.02759901186099
11,72.02829919072721,75.02290025300216
11,71.99163614919239,74.95243577214383
11,71.98881102310048,74.98019850916168
11,72.00995392252058,75.02029541305795
11,71.9687710867787,75.02098529290481
11,72.04336659965355,74.97901445243028
11,72.00254430224189,74.98459317258548
11,71.97600823021388,75.03350889087164
11,71.98065153533058,75.03700624619103
11,72.03858702441185,75.02756111515852
11,72.01429180265563,74.99094968266705
11,72.02559974429187,74.97935727797925
11,71.97819789955693,75.00423112759348
11,71.96468258739513,75.01696278185403
11,71.9913029431933,74.97827312950517
11,72.0446215634355,75.0060834007921
11,71.99745854632397,75.0143096628828
11,72.02348851044056,74.97314174619838
11,71.97836416194986,74.95831003973178
11,72.02295435327693,75.02680102471447
11,72.03997284455299,74.98847376149325
11,71.97264939855751,74.95984387060209
11,72.01474775228907,74.95665643629908
11,71.99655774236435,75.03895732971701
11,72.0205606004207,75.0145368703252
11,71.98008642963144,74.99253489174585
11,71.98969468464472,75.01461914536377
11,71.97090465810369,74.98814260411005
11,72.0201203530315,75.03831828080803
11,72.01370258002098,75.03541163281007
11,72.03687112032766,74.99358523849034
11,71.96893606551838,75.02136414464181
11,71.99237477986853,74.9930059839757
11,72.02801004488242,75.03602902166926
11,72.0173566728074,74.96424757663554
11,71.99882997797982,75.01770058793919
11,71.9793138831838,75.0045743152286
11,71.9829648439808,74.9669538456178
11,72.00476425288119,74.9961890170456
11,72.046740388013,75.00692357956251
11,72.04918733196389,74.9930625645718
11,72.01915175867137,74.97418691349075
11,72.00122625509202,75.02224930645424
11,71.9789977661348,75.01953192666572
11,71.95320735001472,75.00103278060394
11,72.0080900402953,75.04518538558078
11,71.96435425923463,75.03335261604865
11,71.97057435293242,74.99529670019207
11,71.99804886664859,75.0446428729268
11,72.02409965327176,74.97791346590958
11,71.96381708158516,75.03061674288442
11,71.999316897929,75.00658545275022
11,72.001066885142,75.03968873539361
11,72.02104414172038,74.99923825629534
11,72.02237634350703,74.99802808058267
11,72.00374058758145,75.00134512511092
11,72.02953144306863,75.01493622430478
11,71.96131393758394,74.9894570011757
11,71.98929340738913,75.00703730119349
12,71.99128860951605,75.0150976419441
12,71.99084261454736,74.9937186880004
12,71.95283353950808,75.00681586488585
12,72.01943201836795,74.96227702546678
12,71.99017516944394,74.98258219393986
12,72.00058551439021,75.01881210653099
12,72.00170265766373,75.00428354908126
12,72.01334003121414,74.96971180470915
12,71.98559227477969,74.99918745317845
12,72.03739730294323,75.03069150410276
12,71.98550318747016,74.99517320773312
12,71.96185766021915,74.99700297321868
12,72.04398118360993,74.99561910708509
12,72.0287155259458,74.96734713330794
12,71.97021517358522,74.96197651593532
12,71.96530190102719,74.96903576716986
12,72.00712631632466,75.02489360997647
12,72.04573800292832,75.01916394803324
12,71.9958943676389,74.9976069996611
12,71.96703342897726,75.0265318203584
12,71.96287225699227,74.97050115628515
12,72.0407908611019,75.02122802185745
12,72.00630059515069,75.02671612664571
12,72.02320920800419,75.035976021402
12,72.00254802324052,74.96375396775709
12,71.99357176198629,74.98443301471802
12,71.95620044366332,74.98412168220187
12,72.00237838725272,74.98681595155227
12,71.98441637819849,74.98996144972523
12,72.04519233182155,75.01472615813393
12,72.00125688307807,74.97170841808294
12,71.97766981208301,75.0167741054591
12,72.02419779980602,75.02824715192226
12,72.01723032916559,75.01348358555246
12,72.00135940870378,74.9954577246601
12,71.97553992198938,74.9683274676713
12,72.01805079568949,74.99050264317563
12,71.99481256178485,74.97410960923617
12,71.98651997724971,75.03829327287984
12,71.9964013193547,74.97933713157578
12,72.0096905105065,75.04498822422568
12,71.98405771360459,74.98345916278436
12,71.97685878778158,74.96083103494689
12,72.01355014521836,75.00511689104067
12,72.00313116963764,75.02007513948924
12,72.01245420097474,74.95535901629432
12,72.00779557502915,75.03180919335813
12,72.01434470347023,75.02579812209548
12,71.99911931229538,75.04149083994619
12,72.01561202298599,74.9633016294147
12,71.99267644228395,75.04306904994796
12,72.01218431251253,74.99446960166844
12,71.95884883235556,75.02494084911854
12,72.0314090030533,74.99611412529515
12,72.02656734613399,74.97101657937219
12,72.00920039832741,74.96056214829287
12,72.01668260976871,74.98629459628809
12,71.99008019975582,75.00805459908288
12,72.01838012946317,75.01170308914217
12,71.97524890603962,74.96927882758985
12,71.95606795775731,75.00702391545721
12,71.98515311770443,74.99084911439147
12,72.01792577622702,74.99428621944563
12,71.96477550315036,74.9880415826138
12,72.0044174978027,75.00604207689184
12,71.95720883711662,74.97858181153424
12,71.9620306244141,74.99600762577293
12,72.00315889225551,75.00922461050264
12,71.98297619759819,75.03522858098567
12,72.02155356461323,75.01365735801029
12,71.97378047954102,75.03429632247916
12,71.99181621358161,75.04083969224608
12,72.01570329600463,75.00033652575054
12,71.97575641061975,74.98479140051235
12,71.98613208114432,75.02076170714761
12,72.01329485990462,75.0144414414937
12,71.98685454014687,74.96120745665617
12,71.97063436727913,74.98651467985738
12,71.98263407460108,75.03465771035393
12,71.99867318171212,74.99674363565681
12,72.01779212960435,75.02795866016652
12,71.95716656770698,74.9918392880534
12,71.9721569698176,75.02441681481008
12,72.03806036554586,74.96771740204062
12,72.01497860780839,75.03814054092591
12,71.96426923892429,75.03360905540093
12,71.98737099170485,75.03728036215465
12,72.00743707481526,74.96393772465775
13,71.98203998010322,74.98980998507781
13,72.04680450781211,75.01637560949241
13,72.00297374729348,74.95845960723491
13,72.02818732640209,74.9893451438469
13,72.03273805106092,74.98022369054688
13,72.04178253394271,74.97313520771313
13,71.98504748476772,74.96351470435587
13,72.0386547721893,75.0271297508044
13,71.9920942618997,74.99712776268657
13,71.97608977495817,75.03199098572344
13,72.00227105903214,75.04034286507338
13,71.97000841502894,75.0229393912923
13,72.03104621489736,74.98141660556173
13,71.9775230230938,75.00655743916384
13,71.97295926242751,75.03502675912326
13,71.96338631873661,74.97519639440327
13,71.95616880550092,75.00963354737281
13,72.01214380688874,74.99927478523482
13,72.00136363334755,75.03297128610375
13,71.99128109428443,74.95792348067546
13,72.02445567780183,74.97778257001605
13,71.98214346085801,75.02404101146618
13,71.98352734409103,74.95913099604218
13,72.02486793624631,75.02833165746472
13,71.97260768419557,75.01491205908846
13,72.01044249381238,75.0118127764173
13,72.0407908611019,75.02122802185745
13,72.00526930515404,74.98249793160426
13,71.969067079709,75.0147560989524
13,72.02591736701959,75.02358314346536
13,71.9626654780686,75.03311205611661
13,72.02818264005873,75.01383750439582
13,71.97520395366583,75.02833404664594
13,71.95305905826636,75.00488680629157
13,71.98525291959481,75.02124629440517
13,71.99883231909494,74.97920147775135
13,71.99138053648612,75.04533109534724
13,72.00086373588832,74.97765556188233
13,71.98844354766482,74.96192610334879
13,72.00055963043273,74.95799978501637
13,72.03278595400934,75.02764019165706
13,72.01558896850584,75.00120231475157
13,71.98521696086195,75.03644736002478
13,71.97247169041317,75.01009820244956
13,72.00416835385877,75.01268578096894
13,71.99185409032715,74.99012455220773
13,71.9609230498324,74.97002490593366
13,71.99817584858175,75.04091052242113
13,72.0446200378569,75.01233468501859
13,72.0172128992266,74.96360143015762
13,71.98549762610884,75.0439940768022
13,72.00255525070895,75.00218011789411
13,72.0146473134669,74.972068053003
13,71.96004355193494,74.9704563180212
13,71.99115318898278,74.97734573471065
13,72.0231854626152,74.99727017481209
13,71.98734114435275,74.98180196463117
13,71.98052854152888,74.98739590430003
13,72.03801194705838,75.00724386529684
13,72.04380546798416,75.02376105813778
13,72.03839567784873,74.99303503658633
13,72.01973461224125,75.01854332810338
13,72.02062594527935,74.96161690841897
13,72.01592468851985,75.02626860313784
13,72.02336780016586,74.99827484359666
13,72.01942106795765,75.02037787619784
13,72.04877741310415,74.99922819651142
13,72.04357534983724,75.01973696049451
13,72.03871697765226,75.00805003252167
13,71.95499993017714,74.97965176053562
13,72.01275184837004,75.004353735026
13,72.04251451734382,74.98113123432972
14,71.96336412811681,74.9696243567361
14,71.99397664998008,75.03379017048431
14,71.99402815245939,75.00398922971004
14,71.96778657067908,74.99623708633312
14,71.99667273153227,74.98347509907528
14,72.02589656213965,75.00387832052537
14,71.97432202726957,75.02383371935404
14,71.95141836268742,75.00633284440214
14,72.00101350852943,75.02171918304025
14,72.04529401930563,74.98685584660886
14,72.00779775001511,74.98521447715979
14,72.01023181125181,74.96074274398657
14,71.96462381817113,75.03375141168763
14,72.02929720284793,74.9663151251553
14,72.01231606259728,75.00884770549075
14,71.96274615680304,75.00697539358036
14,71.96430237658588,74.96936372206746
14,71.99044556215166,74.9958885488327
14,71.99214511117334,75.04528595265889
14,71.95948864175463,75.0109043198031
14,72.01003248151127,75.03588607101571
14,72.0348855083188,74.97763777981622
14,72.01303721515356,75.02306380446801
14,71.95895974068215,75.01406051881078
14,72.02062425529205,75.02931004455517
14,72.02900093108931,75.03000255346198
14,72.00006386958056,75.00677539264564
14,71.98477001227938,75.00133561168361
14,72.04198026641183,75.0253826236426
14,72.0009324358471,75.00218485620327
14,71.99554188390692,74.99598245709207
14,72.00505305936998,75.03216177284126
14,71.99902848156927,75.03945326625528
14,71.99234697905406,75.0191369427698
14,71.99728435644862,74.98086927112192
14,71.98841607555745,75.02077907876297
14,72.02422372601059,74.95787122892739
14,72.04379276956406,74.99828630158606
14,72.02828934325356,74.96223702214161
14,71.97914718988811,74.95966600087758
14,72.00749688316414,74.99078966968234
14,71.97333090172332,75.01478840080927
14,72.04122332812639,74.99814941029176
14,71.9911824796574,75.02155405307042
14,71.99602336900176,75.00723405476519
14,72.01150298634086,75.01822127036826
14,71.98663087596171,74.97916058637533
14,71.99472498373947,74.99226153818407
14,72.009929161508,74.96394347131255
14,72.01827221737949,74.99194350996385
14,71.97550815043184,74.99464489673895
14,71.98417637753755,75.01591465487822
14,71.99400193750647,74.98713503053919
14,71.95677252431834,75.01001683998759
14,72.01713563832904,75.04194228085245
14,71.98840106781905,74.97862698563107
14,72.01831658919595,74.99042631725497
14,71.99517863272722,75.01712972997166
14,72.01033173547299,75.00253008743469
14,72.04661775122426,75.01310264099644
14,71.96939191738086,75.01716112751055
14,71.97380000055169,74.98648959086893
14,72.01590403817451,75.04309317499573
14,72.01740026634893,74.97115836227047
14,71.9928747511637,74.95945428928212
14,72.0270588160833,75.01118253531719
14,71.98001141616673,75.04093678259942
14,71.99243136490844,74.972668289812
14,72.01376353055846,74.97142843430753
14,72.03397608799291,75.01634554575625
14,72.02087278213806,75.01234672566126
14,72.00492443195868,74.99137352434099
14,72.02176744281738,75.03587868494172
14,72.00586482829819,74.96874242824792
14,71.98621186213934,74.99970544240324
14,71.97136242232477,75.03025602046164
14,71.99572989572485,74.9799749350137
14,72.02080707853067,75.04134201744053
14,71.98948236697157,75.02508077198169
14,72.00188131808073,75.03452869100276
15,71.9820445369243,75.02527187933103
15,72.01084763362425,75.02177042695507
15,71.98605615774359,75.02958522947479
15,72.00530713980977,75.0092373515668
15,71.96499555062591,75.03176222662658
15,72.03593346276674,75.02782749586308
15,72.01756733069011,74.97062537204658
15,72.01276659039574,74.99268930357282
15,72.00688715316508,75.0046794668333
15,72.03473338717627,75.01813728668965
15,72.01518981525848,75.01057200510338
15,71.9725994784291,75.02696595653633
15,71.96219416680283,74.9780716258411
15,72.0225929878091,74.99531642757867
16,71.96660494458521,75.02047358532383
16,71.98303781401488,74.98292201133556
16,72.0183975404512,74.96069710172816
16,72.00022417684565,74.99630240938616
16,72.02656519154168,75.03214060300385
16,72.01921857760702,74.99167414474833
16,71.98728926344037,74.95509186369209
16,71.97750373654962,75.01027856301386
16,71.96540391823193,75.03139877869617
16,71.97741770012725,75.00002463101436
16,71.99426767496348,74.98395728818119
16,71.96121555201123,74.98182958162474
16,71.97572060787347,74.97824768538602
16,71.97952114761402,75.00052722287306
16,72.01567136488453,74.9779176825631
16,71.9894685842721,74.97888527737256
16,71.96665336112098,75.00225135980088
16,72.00304097409696,75.00280542129181
16,72.01752235716876,75.0311298205225
16,71.98891461338414,75.02626934460278
16,71.99888697741937,74.97596198786187
16,72.00595429494173,75.03321771323874
16,71.96693672447098,75.01428248871602
16,72.0264659326576,75.04054649939084
16,71.99017404435946,75.01758314887152
16,72.00601897080381,75.04352261764464
16,72.0442305770939,75.01357250587633
16,71.98443368180374,75.00835105555097
16,72.04281341628882,75.01236580821374
16,72.02518413463817,75.02825043827264
16,71.98656469380722,75.0251008093423
16,72.00671535263574,75.0291961459564
16,72.00550767879722,75.01841305817355
16,72.0144015527429,75.04724467067226
16,71.95848651169302,74.99467745845179
16,71.99988037225197,75.02399824002734
16,71.98472435867473,75.02901518163678
16,72.03219463556397,75.0099045912176
16,72.02203529760236,75.03484519227462
16,72.00718992830821,74.96080576939335
16,71.99965314304272,74.95360236164717
16,72.00393494374012,75.03646989522043
16,72.00293777909272,75.01834968421292
16,71.98913851181005,75.02164382742325
16,72.01333474002558,74.98640542277737
16,71.99021266434599,74.9675254288291
16,71.96213765935072,75.00125037710858
16,71.97036392007568,74.99333027452701
16,72.01463629339429,74.98621198719418
16,71.95742117758886,75.00591543320117
16,72.00398072124318,74.99511204537565
16,71.97152904147842,74.98546398893642
16,71.95669291877401,74.9967442070639
16,72.04534404639253,75.00815124775778
16,71.99850048997905,74.9965977949486
16,71.95239471372963,74.9887732819097
16,71.96272380116828,74.97652097420438
16,71.97897878987007,75.04343430262453
16,72.0390214530425,75.01541922808975
16,72.00907362318395,74.95425006255742
16,72.00621067454563,75.00709154173845
16,71.96914187553074,74.9880115715178
16,72.01379630610879,74.9713748124951
16,72.01916940691062,75.01839424158878
16,72.00393494374012,75.03646989522043
16,71.95713405845605,75.0142061853175
16,71.99778541784147,75.01220448027709
16,72.0179064051676,75.0463355474478
16,72.02271406052316,74.98066727174957
16,72.00851246994192,75.00951503793799
16,72.00063364454918,74.97772210563387
16,71.97046840319213,74.97056022386536
16,72.03200120393188,74.97308475053265
16,72.00299367977277,74.9813282988172
16,72.03929192305513,74.97446786401801
16,71.99474213626111,74.95857693463677
16,72.00901404762317,74.99017972939963
17,71.95928269310325,74.98616661800405
17,71.9833533816616,74.96804769564139
17,71.98113168771935,75.03022080211178
17,71.9849033132443,75.02204593806482
17,72.00328193790293,74.98928372321541
17,71.99957037493243,74.95301773617766
17,71.9730049783031,74.95888922799021
17,72.0458152116852,75.00438444777387
17,72.02541619086008,75.01548532233346
17,71.9650493167813,75.03110176634367
18,71.98584705180383,74.97259621959685
18,72.02920776284012,75.00051071085288
18,72.03671996178633,75.01273287798365
18,72.02298774600312,75.04325899943395
18,72.01363885780903,75.04541280359874
18,72.00570518866387,74.96814374054814
18,71.97249305401641,75.01595921111094
18,72.00128613403406,75.01455599826181
18,71.96591965499998,74.98017240625741
18,72.03779426965842,75.02982845193385
18,71.98183450528927,74.97581372873846
18,71.98965489559855,74.99864513112041
18,71.99617381926552,74.99385499140367
18,71.99074689599922,75.01179783961891
18,71.9986322955239,75.02982260980997
18,71.99564809917086,75.01812563502514
18,72.04452307648225,75.00341175433977
18,71.99872562822456,74.9518793941689
18,72.00459766728505,75.0126386191723
18,72.03691355778827,75.02325544480757
18,72.02956627313533,74.99533263764644
18,71.991848634235,74.9808906502962
18,72.00974825537052,75.02155611348657
18,72.04066867115036,74.99767861323345
18,71.9729850696305,74.97124168469499
18,71.98264609486586,74.96231044754572
18,72.03535861742769,75.02338159520181
18,72.02866398788001,74.99467275939222
18,71.95950436475141,74.97308866983025
18,72.01085713594686,74.97390786244084
18,72.00284762412151,74.97290733520511
18,72.00042710325556,75.00625502963709
18,71.97769116655466,74.98225000560062
18,71.9858343056721,74.99300014635469
18,72.01653604805796,75.00167394762433
18,72.02103725813805,74.97238069946063
18,72.021858297102,74.96454017465945
18,71.96687072470048,74.99477850677502
18,71.97770508583659,74.96988246201161
18,72.02303984884624,74.99499621865249
18,71.9879236851362,75.01101242425166
18,72.02857870031713,74.97002518343052
18,72.03113779037075,74.97614143664369
18,72.02469063137883,74.97896020496938
18,72.02176744281738,75.03587868494172
18,71.98234554733551,74.95692015495858
18,72.0390992635324,75.0036663176505
18,71.9824410915611,75.00149992732665
18,72.03360670614896,75.00175643714705
18,71.98115121268731,74.9704956998327
18,71.98574785953664,75.01564019951431
18,71.97824074188621,75.02604617112677
18,72.03396319245729,75.00347756493433
18,71.97439768733442,75.03651856644873
18,72.0033375232754,75.01585711586189
18,71.95989859379466,74.9735112848211
18,71.97536600515305,75.01977672959738
18,72.0210520375564,75.02894502998451
18,71.99079710417894,75.00285796475131
18,71.99261647900802,74.98422438219923
18,71.99308253371414,75.0415207347229
18,71.96986263875631,74.97186587817075
18,72.02135969265933,74.98561637658655
18,72.02036286510737,75.00399238568332
18,72.03213066246758,74.96822570457337
18,72.0188753313209,75.02870766977762
18,71.96774644208485,75.0284814516991
18,72.0082593162564,75.04326023336131
18,71.97955672183501,74.98104924508725
18,72.00171454073453,74.9862532338665
18,71.9860143778817,75.00059678873123
18,72.03972009437405,74.9923938509541
18,71.97569089275643,74.999560396181
18,72.0362443587427,74.99751150488287
18,71.95551890480183,75.02166539299677
18,71.96259338899176,75.01133003742238
18,72.00038024631279,74.97590878039512
18,71.97985238022413,74.97825425320374
18,71.98597555497375,74.97651566151367
18,71.99606391205573,75.00010364523378
18,72.02568132591936,75.01285516235822
18,72.00699657166847,75.01868797017505
18,72.01773455216704,74.95358503071701
18,71.98161318523194,75.01064978147824
18,71.98770330305113,75.01716604294838
18,71.99732992769466,75.02323653830884
18,72.04075601518578,74.99993351273741
18,71.95529673412787,75.01931128488329
18,72.04582299751313,75.0153590978985
18,71.98806189352368,75.01537583461736
18,72.01307814614918,75.03610883226033
18,72.02350246956186,75.00177836165491
18,71.98529715290208,74.95856731897392
18,71.98925705340257,74.95841978198433
18,72.01315290925692,74.99982790264077
18,72.01469523589435,74.97411875491976
18,72.03609812979563,74.98653821716316
18,71.99308139959821,75.03801874690355
18,71.98182772842108,75.02595245629203
18,72.0222380949007,74.98500193664714
19,72.0019198759522,75.04485080659653
19,72.00853589027209,74.96608850439999
19,72.02672079936438,75.00495294987918
19,72.0056126722496,74.99638099248588
19,72.04815710061035,74.99824155217526
19,72.01210347416499,75.03379654031224
19,72.01492584498776,74.98989414631922
19,71.9771016032558,75.02521024271928
19,71.96905565241508,74.99697123170303
19,71.98861219053101,74.991210117124
19,71.9773221688251,75.02742444713286
19,71.99730374266639,75.01432299894407
19,71.95980194543907,75.01781800258341
19,72.00132097228402,75.02308620416018
19,72.02821221599272,75.03700515963902
19,72.00877909981584,74.99527297074043
19,72.0068831769213,74.96928538833131
19,71.97162083934825,74.98778841215686
19,72.00589317889683,74.98712328027452
19,72.00324795858201,74.98400542468087
19,71.97988104281575,74.96492742807982
19,72.01587192612736,74.9856878509977
19,72.0142497436123,75.01868638568882
19,71.96183402380188,75.00278474355099
19,71.99975165676888,75.01337119821876
19,72.008289174639,74.9912744569314
19,72.00702674967312,74.98523672156311
19,72.00882675525976,75.03345698987772
19,71.9648275349556,74.98082277949945
19,71.96148748497009,75.01145228943743
19,71.97232280475588,74.97737465629102
19,72.01476230128839,75.01372248401104
19,72.02396772885254,74.99581280239356
19,71.96402049140455,75.02717917432584
19,71.99392675488177,75.00997434658323
19,71.97074131864306,74.97303486146855
19,72.01127850342101,74.984633084998
19,72.02094313104756,75.00060953332391
19,71.99244250451305,74.97392620154507
19,72.03455210254657,74.99930477030404
19,72.00163374709116,74.99274760416596
19,72.00016840057059,74.9986203552345
19,72.00985986661871,74.97157145753027
19,72.0021722730719,75.00874738763879
19,71.98557162741119,75.01642907452148
19,71.99725530713205,75.01378999785503
19,71.97482738853004,74.99826741402646
19,71.97567866160868,75.02233430249765
19,72.02098414009743,75.0182794208927
19,72.00618806103331,75.02914575583814
19,72.0071832969355,74.99124351669714
19,71.9776510922075,74.99065115730147
19,72.01244026948592,74.98958274109228
19,71.99087888927012,75.00473333222695
19,71.98569223480703,75.00735977101455
19,71.99562925060546,75.01895477219772
19,71.98496291006056,75.04226659128285
19,72.0022016378319,75.03622140231944
19,71.99406356283241,75.02583373302599
19,71.97595701637073,75.00179503374913
19,72.00738717868491,74.98852833121589
19,72.02472282340509,75.00593443450728
19,72.01409265162656,75.01053935766868
19,72.00711562127381,75.00763314142277
19,72.01550310738716,75.0256696760397
19,72.01660251311895,75.01338254782351
19,72.01269726966235,74.99437398191995
19,71.95384124235487,75.01658513967192
19,72.0053521151209,74.96392779296724
19,72.02550600589655,75.00654062509503
19,71.9985631726847,74.98441905936788
19,71.99217810861694,74.99879001469206
19,72.00401299077538,74.98708155210883
19,71.96304901124402,74.99151284123434
19,72.01061442641411,74.99855819801401
19,71.98958777049255,74.9848991821276
19,72.00636745343562,74.99255271582592
19,71.98335301984947,74.97110802484663
19,72.02435051846959,74.98821877028135
19,71.97358005741741,75.0025995760765
19,72.0301761061846,74.99345786267554
19,71.9848812744263,75.02658633235303
19,72.03632237844558,75.02487226549351
19,72.03198148720116,75.00156023478492
19,71.98705465161461,75.01176532941996
19,71.984570559954,74.97078367247637
19,71.96535957951767,74.97930970860168
19,71.98247877697258,75.00838112982326
19,72.01335035745024,74.96962288897322
19,71.99690767910965,74.97941737522741
19,71.99279593315157,74.98614104937694
19,72.03739155329458,75.01132074612894
19,72.00041396157953,75.01355113358004
19,71.97980877356558,74.9942238337132
19,71.98341148226244,74.98909938178817
19,72.02439247346558,74.99103839325468
19,71.97652715048793,74.99435860048233
19,71.98738537036377,75.00583895287158
19,72.0014965379553,74.99023323002282
19,71.99453329888198,74.98708877338392
19,71.99631928912264,75.00344046652616
19,72.01181242208315,75.01094569969457
19,72.02987317621744,74.98441819189797
19,71.9897918128152,75.00148702691182
19,72.00169257523777,74.97871695319472
19,72.0334723606977,74.99327696656715
19,71.99097822945305,74.97558792744722
19,71.98334075225723,74.98710880272903
19,72.01342191261071,74.99093475409933
19,71.97554647083957,75.01377662475889
19,71.96571460546701,74.99641916114476
19,72.01390945739256,75.01886096819479
19,71.9681608981715,75.03261111036774
19,72.01927719573699,75.00838310293433
19,72.00953283665784,75.04408906992016
19,71.99918278844757,75.04180861431438
19,72.02701544682753,74.99883722472318
19,72.02123696009899,75.0073949104552
19,72.01048534053534,74.9763975582499
19,72.01590451830513,75.015405463842
19,71.99709213724884,75.01813198791523
19,71.99552693117964,75.01887437234812
19,71.97580166344447,74.99615150945405
19,72.0298611389776,75.01812268515825
19,72.03319792565257,74.98122194926364
19,72.01590540689863,75.02246719600065
19,71.9999300324088,75.0182717028655
19,72.04255810912022,74.979871581048
20,72.00697640877308,74.97895589498032
20,71.97581683945175,75.03513467973644
20,71.9785964356473,75.04474705667626
20,72.02852668489031,75.01015752449693
20,71.97502039026892,75.01133354075938
20,71.9906715155117,74.97841964344478
20,71.99165443983352,75.00129816689615
20,72.01809488170679,75.00597763646071
20,71.99309903510127,75.01633253988312
20,71.98586159146268,74.9857553524731
20,71.98291334893302,74.95930627930895
20,72.03101025555421,75.03715090577302
20,72.00371813782341,75.0257084324656
20,71.98151417494935,75.04052107961469
20,71.99549598167411,75.00613089281174
20,71.98614966784766,75.04342473056691
21,72.00942056936694,74.95445520377947
21,72.03491909829184,75.01295552084083
21,71.98743929411322,74.96855125436875
21,71.96717345536455,74.98608756152748
21,71.99391675296519,75.0395146941983
21,72.00425693958867,74.97442754005381
21,72.03932151857842,74.97593619158441
21,72.01082667401282,75.0403656021876
21,72.00488313895036,74.97091143615954
21,71.99641394324975,74.95501225970743
21,71.98907004907701,74.9748226422098
21,72.0290583549179,74.97083868855238
21,72.00285878951128,75.03727937672565
21,71.97747093032449,74.981421962099
21,71.99143629163274,74.97160862167732
21,72.0151873303476,74.97140909126432
21,71.95365433797285,75.00799238247745
21,72.03721298870553,74.97860341968924
21,71.98201848417446,75.00887632962637
21,72.03111347154928,75.01441117076298
21,71.98644831212789,74.99100929202216
21,71.96618769943305,75.0156278181808
21,72.03706460578431,74.99835050090749
21,71.99507263113884,74.97824200667007
21,71.9643057279111,75.0317900289878
21,71.98746621690785,74.95652069325821
21,72.04706457181882,74.99014638019968
21,72.0147690809515,75.00884027277016
21,71.9721569698176,75.02441681481008
21,72.01513136757409,75.04463928949797
21,72.04692887233715,74.99727992349939
22,72.02922420948441,74.97774336182415
22,71.98983788123601,75.0368362110682
22,71.97043222806872,74.96829842372986
22,72.00217833843324,75.04420635249322
22,71.9577413671846,75.0030074303026
22,71.97687433926266,75.02296160105425
22,71.9630047329819,75.01377768281729
22,72.02015177804574,75.01428166701987
22,72.04724196160784,75.00504439855371
22,71.98401840812254,75.00718159908688
22,72.00277537767457,74.95465087769506
22,72.01047149172415,74.98547735071853
22,71.97087099046968,75.03047546595023
22,71.99810196338937,75.01511546451444
22,72.00788370029774,75.01543325073435
22,72.01755224175679,74.97073604881624
22,71.98615995909825,74.96052873935007
22,71.98285421645072,74.96882088817891
22,71.97866655663904,75.00179135402566
22,72.03513270174429,75.02608029201771
22,71.97561646670181,75.0107298484764
22,72.02027723877312,75.01070701399962
22,72.0146473134669,74.972068053003
22,71.98146977129788,75.00348438687742
22,71.99399249677761,74.96273515978885
22,72.02930348049024,75.03122790837158
22,72.01472935065951,74.98156652732453
22,72.0178324063604,74.9761094543752
22,72.0026971959115,74.98608406614834
22,72.00200980668414,75.01896377724466
22,71.96856241543358,74.97609705555269
22,72.04683446442549,74.98539223401404
22,72.04058694169066,75.01926223689404
22,71.98343028344658,74.97775487981475
22,72.03479169106915,74.96951849753516
22,72.01737476396585,75.01548666344006
22,71.9826180857108,74.97867963267639
22,72.01262132332664,75.00120603850192
22,72.00380400276863,75.00724248563967
22,72.03737399905256,75.0238932164483
22,72.0063310192338,75.03485778443076
22,72.00128798125448,74.98058909048297
22,72.01336799502046,75.0355098163336
22,71.98589801802153,74.9869518103985
22,72.02020587509904,75.00793060179501
22,71.99231677119461,74.98395502441176
22,71.9698972748214,74.96044885020342
22,71.95692429616156,75.01276508720882
22,71.98778528351686,74.98679647409415
22,71.97450303585637,75.00402349786673
22,72.02580428639142,75.03179921524344
22,71.97085552565888,75.02755712925877
22,71.98201448018003,75.02530865621256
22,72.04179469270026,75.00211342465687
22,72.01701374907172,74.98127362470152
22,71.97074441543737,75.02837313445522
22,72.01779144968917,75.01088155872708
22,71.97458309419261,74.98608236485522
22,71.99658089668118,74.99684497754959
22,72.02959981926328,75.0024751486772
22,71.98961915478081,74.96633747999667
22,71.9911220990219,75.01717550366094
22,72.0264502396015,74.96374116419746
22,71.99056150192202,75.00122490874028
22,71.99456914955344,75.01473408810591
22,71.99315799523319,75.00309245631895
22,72.03378234416408,74.9646330684846
22,71.97082795309969,74.96277973696125
22,71.99884909485122,74.96130505497375
22,72.01234243437688,75.04724272160473
22,72.04100983328965,75.01069063357102
22,72.00646731026372,74.98827126645277
22,72.0217720238678,74.98706679381742
22,72.0036394209126,74.99855459705789
22,71.96860467894683,74.98473878182082
22,71.99561034609587,74.98697979292544
22,72.00857347915858,74.99095890180936
22,72.01919350933314,74.97937697510437
22,72.02308473486134,74.97715183634593
22,71.97686720777045,75.00913231386619
22,72.0240522657281,75.00680375672813
22,71.97784941825508,74.9740949104721
22,71.96138489274105,75.02971795387472
22,72.00887498940705,75.01685467676822
22,71.98809307745927,75.01312449988619
22,71.99767392127063,75.02428232811114
22,72.01063398057191,74.95204197919338
22,71.99886983974949,74.96235047614543
22,71.99067259320415,74.9861040803781
22,71.99915856238889,75.03668747618747
22,71.97949032113651,75.03288438842245
22,71.9885716088646,75.02504571670744
22,72.04104756192466,75.00554581962078
22,72.0334291659735,75.03153299949523
22,72.0168168941514,75.03120817123175
22,72.03862278180597,75.01054280894895
22,72.03365426768795,75.00104985284499
22,71.9678811935471,75.0111801434819
22,72.03905643339165,74.98793462545295
22,71.98895473644029,75.01122488492052
22,71.9567662647929,75.00248565495144
22,71.98828846197826,74.98772599998848
22,72.00117474070248,74.97968726286045
22,72.01697551393039,75.04007379678161
22,71.96845450790785,74.9832124911494
22,72.04576028319478,74.99554868629878
22,71.9741391853498,74.96046537010102
22,72.01275184837004,75.004353735026
22,71.9858745047957,75.019115754793
22,71.9967149634864,75.01143452626759
22,71.97865063275796,75.03965749898683
22,72.0118929823448,74.9927522849215
22,71.99593877814834,75.0304789899418
22,71.9774710580381,74.98472325906823
22,72.03864115801899,74.9957092188593
22,72.0067263859451,74.97883744630361
22,72.03032811035968,74.99017234618132
22,71.99272283827261,75.0046358303489
23,72.01707899804327,74.9613228993914
23,72.00343472266401,74.96738472564614
23,72.01696952932565,75.0166771133288
23,72.00198826255223,75.02707357800176
23,71.99194218884121,75.03985152713503
23,71.9912697545346,74.97158755168722
23,71.98970668308971,75.03472791374395
23,72.01955300208297,75.04452213048009
23,71.97656590568025,75.01759107599186
23,71.9531982697313,75.0034034394569
23,71.97823347294971,75.03978005098784
23,71.99872539083778,75.02139264039367
23,71.98985118813545,74.98623105069156
23,72.02154581199845,75.02827775634076
23,71.9921159966328,74.97864348697934
23,72.02891352878207,74.98916585378741
23,71.97051082999947,74.96420397425432
23,71.9658454230644,74.99037257439286
23,72.00927933330303,74.98690786173995
23,71.99755924760015,75.04155431409626
23,72.03893739321308,74.99861244149436
23,72.03060280655015,74.98471162642
23,71.97354216930718,74.98031186193032
23,71.96809860644734,75.0337014807623
23,71.99878528670214,75.01522123098783
23,71.96986756235152,75.0069758424196
23,72.03739155329458,75.01132074612894
23,72.01877652382568,75.01205068117895
23,71.96777271023987,75.01768481193534
23,72.03817837263165,75.01331615057113
23,71.99627937997649,75.04781104395927
23,71.99283580959896,75.0269761791412
23,72.00731644757317,75.03724601174288
23,72.00230277035824,75.03870976857414
23,71.99083021352357,75.02624452440328
23,71.98880996602803,74.98902109889494
23,71.98696244738802,74.99963192427842
23,71.99083225672027,75.02938912238017
23,71.9758091517782,75.009759371969
23,71.9879901295761,74.9838152299907
23,72.03220444949706,74.97254112996951
23,71.95358991361604,74.9879299464009
23,72.00089214453524,74.98187432564474
23,72.00234914089194,74.99525243543604
23,71.97995471994639,74.97919101764818
23,72.00663440007318,74.99513892270488
23,72.02528760263091,75.0247391759412
23,72.0239834454839,74.95837177455056
23,71.99080789241212,75.03591979179284
23,71.96403804567224,75.02384389269034
23,71.967692039723,74.96727541350987
23,72.01501593147778,75.01086436876093
23,71.99522820875757,75.01822454571838
23,72.02180162170804,74.96727936475077
23,72.04152855231371,75.01099229771404
23,72.00023170443315,74.98428205702494
23,71.97688249712097,74.99098364614288
23,71.98918210190945,75.01716441598134
23,72.03406711137958,75.02881491162589
23,71.99228811183036,74.98198299495994
23,72.00141716775968,75.01685563890075
23,72.0070707383545,75.0137957845731
23,72.02852776587049,75.00038930978154
23,71.97645636011055,74.95843445666988
23,72.02204865452659,75.02850576357416
23,71.96536253571333,75.0156351001894
23,71.9818828132946,74.97920005544269
23,72.04153727461336,74.97831213981323
23,71.98092613311962,74.99967349908266
23,71.99625352081752,74.97034297016474
23,71.96569663146313,74.99241682274003
23,71.97428559845427,75.0310009444472
23,71.9734193160946,74.98942703675338
23,72.0126893472177,75.00730613253192
23,71.97176578980067,75.02426044880373
23,72.00383575060081,74.98674530405447
23,72.01089752854521,74.96541582070208
23,71.98872111250783,74.99307667315946
23,71.98160145901406,75.03428874837613
23,72.01055401710009,74.95384422289021
23,72.02457115968298,75.04021547739461
23,71.99148123845185,75.04502491432225
23,71.97582739649103,75.02078771137047
23,71.96991124806156,75.02985775982219
24,72.00445067297431,74.97505623168588
24,71.9821839979623,75.01283563837197
24,72.03164548310934,75.01765479952711
24,72.02385650493318,74.99637650714587
24,72.01980413065962,74.96927513829861
24,71.95317937875684,75.01436905331556
24,72.00926506019127,75.00484414372363
24,71.97055073920906,75.02312324990025
24,71.98285239131896,74.99950948987625
24,72.0167682894733,74.9980234602568
24,71.99664250881604,74.99624556793773
24,71.99037706519482,74.98625211678733
24,72.03932350983685,75.00145052652665
24,71.97397061913372,74.98766544933355
24,72.00161246411852,74.98928720040384
24,71.95208442142498,74.99525554464736
24,71.95442176269185,74.98993674195265
24,71.95620073035305,74.98702618672459
24,72.03332600648646,75.02126540367938
24,72.01550544290058,74.98405916322928
24,72.02324793217933,75.02696157975974
24,71.99472657959842,74.95974670369364
24,72.03555389557562,75.0024758888301
24,72.0201203530315,75.03831828080803
24,71.96257280345792,74.97361315924651
24,71.9835034116129,74.98480318138434
24,71.96714585121643,74.9628226680347
24,71.9847729650307,75.02228676720088
24,71.97732738820233,75.04162686612652
24,71.96418470146263,74.99130308783788
24,71.98775862415533,74.99647948854889
24,71.96959340420582,74.99241206425232
24,72.0331876651578,74.97604626905725
24,72.01690550704846,74.96476863099494
24,72.02601553743051,74.96215303569684
24,72.00220577262994,74.95190959239692
24,71.97073129980598,75.0290768650993
24,72.01399543789913,74.97486197866323
24,72.00927905807868,74.96440834000984
24,71.99363723360223,75.03714734903481
24,72.01172610849677,75.0315268568215
24,72.03969733173389,74.99380518654655
24,72.00386478871621,74.96451335592192
24,72.02023540757473,75.00847640816761
24,71.97737347248284,74.95810172156439
24,72.00094752744404,74.98909038189103
24,72.02596244272351,75.02563793988827
24,71.95809420784555,74.99725973469262
24,71.9595475137087,74.97390836374701
24,71.99736388715775,75.010869541402
24,72.01812522190491,75.00385597340153
24,71.9602717063876,74.98330897400425
24,72.02068133746062,74.99694125815546
24,72.00801648447037,75.02046901806479
24,71.98224161440498,74.98489809729297
24,71.98367547294345,74.97050318260298
24,72.02145847930407,74.97321130729553
24,71.95562533233193,75.00062612525873
24,71.98604769142044,75.04548007428198
24,72.03234795907996,74.97218371276172
25,71.99268404142629,75.04801724007761
25,71.96313720525727,74.9906638755946
25,71.97250604029509,75.02053799080282
25,71.95791914233021,75.02554555569883
25,71.98072094275487,74.96484719428592
25,72.0286702489373,74.98977494238748
25,72.01552460065777,74.99031750318791
25,71.99432734860655,75.02846062686386
25,71.98382245446446,75.00813865267263
25,72.00940932284065,74.9511942017375
25,72.00501940145344,75.02679359775608
25,71.99374512263232,75.02183020524467
25,71.9956041125439,74.98806928769044
25,71.99770651312184,74.97579018448373
25,72.00830925261731,75.04658086198711
25,71.97124672803432,74.97746364890612
25,71.99406222576442,75.01435897217685
25,71.98016136010807,75.00870306565889
25,72.03659006176105,74.98496261355841
25,72.00488930169094,74.97975319449118
25,72.00092936935482,75.00683789569479
25,71.98680065267037,74.99536228875334
25,72.01119819580555,75.00740919816757
25,71.9956138710975,74.97930479628738
25,72.01828460701417,74.96815938602634
25,71.9713868007564,75.02820484079234
25,72.03128177724007,75.03198118994511
25,71.99908641569907,75.02948908835377
25,71.99956059335763,74.98292545379519
25,71.96873289931769,75.00672568470543
25,72.0151459243974,74.96354341102268
25,72.00775024995097,74.976469558941
25,72.00321693437812,74.99562224738366
25,72.00894615887269,74.98383649543466
25,72.03705815756285,75.03149170961086
25,72.02409869339343,75.04312428583047
25,71.97325607843528,75.03804322224556
25,72.03546867854193,75.02173029126845
25,71.98478672565011,75.03586988864181
25,71.97425228493861,74.96839589858652
25,71.97513806891169,75.00134262485071
25,72.03427993202976,75.0191705517027
25,71.991848634235,74.9808906502962
25,71.9792551490671,74.95560276769314
25,72.03476990642181,74.98043332684938
25,71.96773708527401,74.98813529640418
25,72.01155800593095,74.96513297989995
25,72.01791341894078,74.95432546450621
25,72.012095458843,75.04650333602734
25,71.99233524851469,75.01390708617481
25,71.99085396029321,74.9645180469235
25,72.00094615749914,75.01802118937357
25,72.02269574502385,74.95840905375752
25,72.0279061458949,75.00235972343226
25,71.9861494131779,74.97957732190442
25,71.99788314917221,74.97488985798987
25,71.97526197617657,74.97318946137422
25,71.97341585094354,74.99417866950927
25,71.99103942136955,75.01304969906715
25,72.03258251582687,74.99083906728357
25,72.0094639809542,74.97187304540422
25,71.99019240874884,75.01865108586944
25,72.01217623148408,74.99176322146363
25,72.0263144919351,74.9901472033146
25,71.99306356786647,75.01132462192787
25,71.9876845346806,75.04282697784168
25,71.96531213257535,74.99573143101738
25,72.00859734290894,75.00870552191013
25,72.01944012912489,75.03623061104696
25,72.02586178597637,74.99687364460893
26,72.04477683079217,74.99444474204883
26,71.99731303844337,74.97862640126975
26,72.03108537893819,74.96227743617915
26,71.98636971845484,74.98450005496963
26,72.01359760192516,75.01770478726402
26,71.97018538447129,74.95993239954932
26,72.00447312077806,75.02377154952751
26,72.03050604050087,75.0113396296455
26,72.00051419120754,74.99788679385782
26,71.96149529243263,75.02329052610989
26,71.9740365410167,75.00228112126658
26,72.03442665345601,74.99072684173137
26,71.98747309359364,75.02446699620121
26,71.98700835323926,75.01466171569028
26,71.95576725212439,75.00785959904499
26,72.02134854874309,74.99473832685526
26,72.01353470595498,74.96516351687738
26,72.03419212554014,74.97752088013311
26,72.0216120215739,74.96055487820813
26,72.00395497181897,75.04232745951461
26,71.97397061913372,74.98766544933355
26,72.01021354669281,75.03311510075216
26,72.0243009946741,75.0409043756874
26,72.02170432023439,75.0227385958751
26,72.00922354515627,74.98618562165655
26,71.98194422681144,75.01291242509984
26,71.95827944957347,75.01005827010951
26,72.00725954164274,74.99712220179121
26,71.9608307664541,74.9786592747439
26,72.03533697083482,74.99192974807141
26,71.96896502712674,75.01096536739378
26,72.0074519474606,74.97787661279783
26,71.99461297272765,74.99408451976039
26,71.98188983698797,74.96739444064116
26,71.99040761511033,74.97970013628316
26,71.99320172556158,74.95313679796068
26,71.98700333847556,74.9614849924753
26,71.98975278016405,74.95239251163505
26,71.9859539437329,75.04562128788417
26,72.00883395203428,74.97062342641621
26,72.03799070536922,75.00077434030662
26,72.00169257523777,74.97871695319472
26,71.96875756324792,75.02312469328662
26,72.01217623148408,74.99176322146363
26,71.98636530289637,74.98786758477075
26,72.00963352956333,75.00636226391812
26,72.03073752734824,75.00762115129379
26,71.95557205322102,75.01989117959738
26,72.02272868867468,74.9562034246061
26,72.02897569478665,74.96399588162052
26,72.0249275749777,74.9717290867123
26,71.98128940704679,75.00350177764199
26,72.03462021016962,74.98847571229187
26,71.96842032205663,75.03729732167751
26,72.01965776931308,74.99745583890531
26,72.01174288729112,74.99119584399789
26,72.02926630771425,74.98078685078058
26,71.97923710302383,74.99033366441753
26,72.00893853090703,75.02892230751205
26,71.97454896428732,74.97131062240403
26,72.02472602512304,75.02556243681201
26,71.9805013426904,74.98496800950635
26,71.96382693022399,74.97180461146947
26,71.96560819612871,75.00188793650197
26,72.01391868226312,74.99630035843768
26,72.04099447274177,75.02827958573941
26,71.97127700950223,74.98049772620698
26,72.03074663463096,74.98345844998839
26,71.9862501106487,74.98197023595064
26,71.98020713838521,74.95739672150332
26,71.96366250293495,75.02510355882626
26,72.00311992010836,75.01970558833429
26,72.03716784844151,75.02095220705515
26,72.03504369060379,74.99627837570227
26,72.01052582622269,74.99113856231703
26,71.99082030239957,74.96410792869885
26,71.96138489274105,75.02971795387472
26,72.00116507624736,74.9594839717113
26,71.98696444359597,75.0038191068367
26,72.01143094280714,75.0110908758472
26,72.00502858351184,75.02014852288109
26,71.96109507343387,74.96869450116637
26,71.99066387209393,74.97980195193102
26,72.02690118312684,74.99489909259329
26,72.03086116367723,74.9904874744114
26,71.99749833386605,74.9825021811067
26,71.98390907352334,75.04458259454327
26,72.01355593864899,75.0215193625332
26,72.01926697389877,74.96464327797192
26,72.00065762931166,75.01890850172434
26,71.97693463116273,75.03794751169788
26,72.00916382422707,74.97362737086931
26,72.0266273489737,74.99825722130424
26,71.97688029487648,74.95614892044512
26,72.04027591687831,74.97631896917122
26,72.02437648758414,74.95699624938266
26,71.98465723980253,74.99731678557235
26,71.99289819768524,74.99807647583813
26,72.01348390258246,74.99220681737447
26,71.97476484378723,74.99711336750363
26,72.01713557748766,74.98214501799079
26,72.02552363474449,75.02756882295942
26,71.9802097994622,74.99410222858417
26,71.99295234526724,74.99881786860107
26,72.03293426661183,74.99704107563348
26,72.03561470969574,75.01450467800568
26,71.97636809079933,74.98530126827708
26,71.98037804367604,75.0249609947873
26,71.97119595404021,74.99025331307755
27,72.00647838773278,74.9896331533763
27,72.04358292147599,75.01847626181456
27,72.00885603004181,74.99146885246904
27,72.00549721595584,75.01166338295022
27,71.99507747920957,75.00236893827218
27,71.9901418898531,75.00722380171217
27,72.00139697224516,74.95387250085663
27,71.96788913007795,75.0331359681459
27,71.96342048560896,74.98879994836085
27,71.99399249677761,74.96273515978885
27,71.96612949119562,75.0253151762117
27,72.00455494720501,74.99645602616727
27,71.96860914213848,74.9851598051271
27,71.98773740041295,75.03222743376877
27,71.97896655145442,74.98938321152109
27,71.97641990733139,75.03448282829974
27,72.0135630590567,74.99948051819165
27,72.0019003210215,75.0039709587204
27,72.0219546423256,75.03749580410239
27,71.98766295400925,75.01489169836844
27,71.97767616625192,74.95864592316798
27,72.01427987046873,75.02923479453257
27,72.00665708440465,75.03529394444942
27,71.9895347082208,75.04571989532677
27,71.98195555434917,75.02223282455662
27,71.96115675397655,75.00080077474314
27,72.00292907401523,74.951670481258
27,71.99360030146221,75.0114364088758
27,71.99607613958995,74.95965780003907
27,71.98040595782471,75.01593857401478
27,72.01880698223447,74.99212727821858
27,71.97012174427213,75.00089635346855
27,71.96251426068969,75.010393653064
27,72.00720656315751,74.96309666639023
27,72.03771025098077,74.97266306218825
27,72.02294540419624,75.04212917880001
27,72.01240538107197,74.97292105305891
27,72.00889062614122,75.03617529981425
27,72.0062204220353,74.99251235572514
27,72.02257293948243,74.98695416401631
27,72.01523942066412,74.97671599522221
27,71.97984051360027,75.03693307331471
27,72.02494057790359,75.00011470932563
27,71.99696445692075,75.00822424356508
27,72.00089292757873,74.95356917964607
27,71.96118153008972,75.02817472848105
27,71.95379410615932,74.99968039933394
27,71.96672362472091,74.96854137111484
27,71.98928690477258,74.96861048559087
27,72.02374927658349,75.01260493920984
27,72.01845863547639,74.9627016259869
27,71.97607391813304,75.00037830395082
27,71.96426497239183,74.99617045550664
27,71.9753555108945,74.99501107200972
27,71.97217566144246,75.01600306904324
27,72.01820713679975,75.01895809722754
27,72.00741332771229,74.96787667907648
27,71.9927275517,75.02845852387614
27,72.03245888828563,75.00284610683877
27,71.98522862765151,75.0179115514603
27,71.98390178909605,74.9904792714316
27,71.95199051923989,75.00139622156274
27,71.96138416742802,75.01959757700011
27,71.99528197046546,74.97191006106345
27,72.01634857694016,74.96080000994444
27,71.97221868651617,74.98337138234896
27,72.01214199324984,74.98298757422393
27,71.99009374731659,74.95884707749843
27,72.01468536632927,74.97344386126316
27,71.97680259961385,74.95753782688345
27,72.03623249224763,74.97938857048376
27,71.9808706872108,74.98922570470812
27,71.98039168441925,74.96531977142901
27,72.00512938618118,74.99989110819413
27,72.01938792437454,74.96317460688014
27,71.97218059429764,74.9997274669985
27,71.98149630945815,74.97298207190222
27,71.98495194862981,74.95266583207565
27,71.95611466927899,75.01391347489658
27,72.02336409738615,74.96801318667801
27,72.04377226506946,74.9926439083049
27,71.96342362648126,75.03193695533587
27,72.03117565470693,74.99351478911105
27,71.96389535900626,75.02938133979734
27,71.99053960882311,74.96603577224913
27,71.96432135007667,74.98302766124435
27,72.03231016514724,74.96513566396528
27,71.9682138519638,75.02848048388134
27,72.00797618878627,75.00540130174231
27,71.96151483557357,74.97960091728758
27,72.03775259122283,75.03236699468101
27,72.0050075979605,74.98872283200048
27,72.00963437883308,75.04263089470405
27,72.04683446442549,74.98539223401404
27,71.97949225932435,74.99130849450187
27,72.00774618406325,74.97219143133893
27,71.95939431888429,74.97426203340326
27,71.95420227552455,75.00227022021384
27,72.03740446725818,75.02653448962724
27,71.99531707718077,75.03175554709624
27,71.97192381543887,74.9893151269388
27,71.98623489408165,75.02215528555452
27,72.02177422289242,74.9902376778108
27,72.02151817352049,74.97680805873881
27,72.0231519663261,74.98746017856669
27,71.99106739539064,74.96500497028006
27,71.96153575311598,74.98254456967432
27,71.96710080710405,74.99197647824275
27,71.9742159415933,74.96346254353043
28,72.04442135817003,74.99687728840438
28,72.03463482675005,74.97360502129249
28,72.01419888149827,74.96200953342573
28,72.01617268182825,74.98961107627936
28,71.9591387423614,74.97890720205079
28,72.00593092076114,75.02738352404569
28,72.00378499767827,74.99014310880365
28,72.02665982311025,74.98211357209081
28,71.9986399953181,74.95530718291448
28,71.99814563383117,74.9610156459835
28,71.99934924220281,74.9785705627947
28,72.02537248330435,75.01659529683394
28,71.97189765234826,75.00532503834326
28,72.036943024213,75.00579190950742
28,72.0324578692413,75.01258687832687
28,71.99739562185081,74.97017288200449
28,71.97520395366583,75.02833404664594
28,72.00658877698689,74.99773625713581
28,71.9966417467564,75.0111141557751
28,72.02954479500849,75.01779019110849
28,71.99552067276906,75.04522186786218
28,72.01755824038594,75.01346784911132
28,71.9852989599334,74.96959219233624
28,72.0310621082996,75.01293865369956
28,72.03091620893198,75.025386637428
28,71.99726045072623,74.98326051988073
28,72.02713465367583,75.0396376870009
28,71.99268464279129,75.04103857801094
28,72.03295040386726,74.99087672090393
28,72.01712367533848,75.0140980026857
28,72.01963735482035,74.98856760999112
28,71.99826344127317,75.02070048322022
28,71.96903261266878,75.02681263854267
28,72.02583143064528,74.98839845902822
28,72.01200128284717,74.98557208941227
28,72.030513640191,75.03106371039605
28,72.00419544718137,74.99055742269337
28,71.98778394584652,74.97953677169039
28,71.96891782218601,75.01265029137215
28,72.00789166816064,74.99660081254991
28,71.97577985635313,75.00167316767987
28,72.03442356276446,74.9862141400487
28,71.98165653161277,74.99681976274489
28,72.01626487313457,74.99895726593836
28,72.02992339728878,74.97502453401823
28,71.98827952794593,75.0110079499731
28,72.00303472433502,75.04040950337007
28,72.0171399679152,74.97429045595182
28,72.00683832550664,74.98928383405523
28,72.02146583675784,75.00226669878857
28,71.95858719359276,74.9773203157609
28,72.02434447036191,74.97282169381495
28,72.00635374665168,75.02428185251372
28,71.95168290643572,74.99414951593776
28,72.00679288601287,74.9726483066532
28,71.98311155792436,75.00113465532019
28,72.01864298821748,75.00644408876968
28,72.03931155758795,74.9816127685896
29,72.00955411368675,75.02640499786084
29,71.98627842544953,74.98281977663433
29,71.9829070910946,74.99154119171268
29,71.97513013938006,75.00704943090398
29,72.02434722331095,74.96247553893325
29,72.03575494820599,74.9794644266165
29,71.98889843110396,75.03341461520407
29,72.02871126935077,75.0329640468527
29,71.95689114522804,75.01515610868191
29,71.9833930615347,75.04039901169955
29,72.03006340237764,75.01074281935045
29,71.9994812181786,74.99517847050784
29,71.98666943253667,75.02955080354147
29,72.04022799212615,75.02427513742485
29,72.00526911665601,74.96325579592764
29,71.98161409952142,75.00890287534861
29,72.00526581325748,75.0454954130423
29,72.0399849492007,75.01081036372356
29,72.02570009667927,75.04033719715099
29,72.02180536637448,75.00536258437346
29,72.03263076640766,74.99734722381781
29,71.97447728223374,74.990795937599
29,72.02373201200498,75.01922781472935
29,72.01625661240655,75.01150687865707
29,71.99569833406309,75.04194164350136
29,71.97793239835093,74.98254919072977
29,71.97784067077495,75.03473220677999
29,72.04319447159982,75.0073916617686
29,72.03400995648903,74.98248919926206
29,71.99095858729083,74.99229102656605
29,71.9719549188208,75.00342085242877
29,71.99013336818429,75.00566493491277
29,72.02744189929702,75.0266428123209
29,71.9886000170038,75.03437537294643
29,72.0191414281476,75.0443861061012
29,72.00791477428291,75.02199438639913
29,71.97927947329443,74.98633519269116
29,72.01034569716532,75.01495477093505
29,71.96720868585714,75.03291271692665
29,72.04610449844775,75.00708525263451
29,72.01586922172052,74.97082544471822
29,72.00640244718608,75.0284564566586
29,72.02159481695233,74.97098592575098
29,71.97423692939684,75.00153915235983
29,71.96926193969189,75.02983907632122
29,72.0196136032542,74.983988964165
29,72.02718524431822,74.97975872577823
29,71.99132949617123,74.98019622948907
29,72.03670976140123,75.00136608799592
29,71.9908185386204,75.02734867833482
29,71.97184286792951,74.99998357200651
29,71.96787884385259,75.00749747690809
29,71.9628432910275,75.02071987490014
29,71.97600662861466,75.04157005407508
29,72.01700362201649,74.96829758357217
29,72.04412252739509,74.99285655000372
29,71.99191935053177,74.97308388913758
29,72.01931098934213,75.04109761335698
29,71.9844624696778,74.98661088511051
29,71.96927006168265,74.99794132175546
29,71.96253291642395,74.9806394086422
29,71.98445786585455,74.99277198489149
29,71.9689307794872,75.03146998523704
29,71.99468857157045,74.97584432902039
29,71.97374459427765,75.0023463232617
29,71.96579153040477,75.0132363058793
29,71.96077094010886,74.98151936632186
29,72.00282069888634,74.9938209090639
29,72.03513177688339,74.96523323142142
29,71.98618512880849,75.0160284420286
29,71.96399917574249,74.99696367963223
29,72.00301145890658,75.00454679022866
29,72.0065722437379,74.97022588862522
29,71.98393753261715,75.03766892363167
29,72.01118899889372,75.02527256075068
29,71.99921660981484,74.99599465744107
29,71.98993589294022,74.97700556646768
29,72.03267914987086,74.96592348611452
29,72.01671032476668,75.01778881872313
29,71.97631403432227,75.00160654200957
29,72.00372894988094,74.95127304163374
29,72.02844264592298,75.02029625361061
29,71.96952066090873,74.98123701213309
29,71.9935988826061,74.96197565657404
29,72.03981935072014,74.97818184549743
29,71.95939781784305,75.00867529625728
29,72.00663440007318,74.99513892270488
29,71.96085504786917,75.01390298091567
29,71.99957722585359,75.03332813363868
29,71.97625997174654,75.04129812484881
29,71.96388758644086,75.02303928055176
29,72.02609969979216,74.97408469428193
29,72.0289162307933,75.00745734961265
29,71.97667521224244,75.00798087702061
29,72.0397513847801,75.02110428123606
29,71.96535097338537,74.9826529591249
29,72.03631606228097,75.02413964346115
29,72.03365312723865,75.01108892793451
29,71.98813776021974,74.97101710219121
29,72.03587821412795,74.9680451691804
29,71.99657616968416,75.02190076747259
29,72.03095721622027,74.98706473090442
29,71.98106346893945,74.96224630609217
30,72.0060140589511,74.97369479090578
30,72.01014137609144,75.0287138169659
30,71.98611685718775,74.97060756579492
30,72.02340187392541,75.02090031699282
30,72.03212400077284,74.99862812474368
30,72.02036515842211,74.96395240236502
30,71.99080789241212,75.03591979179284
30,72.00915306871546,75.04105982384078
30,72.03873055714487,75.02884673426189
30,72.03230728300841,74.9869706410068
30,71.96293545000766,74.99596061710899
30,71.99207288047296,75.00617462200047
30,71.9853945348381,75.04509417759074
30,71.98772480068496,74.99620675128841
30,72.02257293948243,74.98695416401631
30,71.9926989474906,75.02175173028418
30,71.98686196764478,74.98972589154985
30,71.97148042025056,75.03387706321938
30,71.99053022840565,74.98141722646083
30,71.99024394648343,75.00621646724495
30,72.03139295959613,74.9847150372856
30,72.04443029921846,74.99251372581021
30,72.00517143208937,75.00995530641312
30,72.02309467900822,74.96645138470002
30,71.96060991223823,74.96932398161981
30,72.00965196747536,75.03337988357572
30,71.97551350796168,75.03722486916415
30,72.02829178929169,75.001466910575
30,72.03058760373479,74.97301313049402
30,72.00821318249925,74.9696559549833
30,72.04273310702973,74.99694979882506
30,71.97672229761457,74.98625414996076
30,72.01566883790778,74.9813449505582
30,71.98088375517435,75.03178691405996
30,72.00960560412983,75.02403075320119
30,71.98020890315502,74.98932880785009
30,71.99450725500843,75.02525550847703
30,71.99019861614029,75.03244374563032
30,71.99677566496865,75.0375918318015
30,71.98199700115809,75.00748126433199
30,71.9652053842192,75.01662761970285
30,71.99082377651317,74.98439603083261
30,71.952894503532,74.99046620661093
30,72.01091555840837,74.96136094947398
30,71.99222711400856,74.99749231719092
30,71.98311971023574,75.00140918205666
30,72.01286760986952,75.04417014736997
30,72.00106918563804,74.97724453828037
30,71.98194434399889,75.02053483062865
30,71.96558731908078,75.00810607629167
30,72.03411740946812,75.0067087247193
30,71.97195681153849,74.98452501711965
30,72.02088269122,74.99440168793615
30,71.98067771376088,74.98326918208052
30,71.96404892584403,75.03401788683065
30,71.98270879717239,74.96181940932094
30,72.00388028721656,75.01193731692872
30,71.99472601736053,75.02419208834054
30,71.98929880219728,75.00610136369824
30,72.03309787733959,75.02329066399618
30,71.95884611993839,74.99999671704073
30,71.97947699254759,74.97680116329711
30,71.97833803503565,74.98034161751768
30,72.02685715948263,74.96406534640039
30,71.99274481589087,74.95126198299488
30,72.01019835503163,74.99150346463674
30,72.01471936475234,74.99838226735072
30,72.02760760006132,75.0206400355858
30,71.99281895510143,74.95425332973466
30,72.03955513146411,75.0143644417515
30,72.00908240472847,74.97903150396616
30,72.0146473134669,74.972068053003
30,71.99395646562698,75.00754957039454
30,72.03779426965842,75.02982845193385
30,72.00616618050896,75.03550262539018
30,72.0339047251369,75.02950664111643
30,72.01316860999324,75.0133253934176
30,71.98230455393643,74.96687168859377
30,72.00234838019699,75.04716413313754
30,71.95686224670048,74.99290343386156
30,71.99920784214349,75.0323589112663
30,72.0422447997715,75.00420779091228
30,72.01277278312617,74.96680494102701
30,72.02037019713619,75.00646661140303
30,71.99218365140271,75.03119033690533
30,72.0084661973724,75.0048603716489
30,71.99523736874006,74.95023496352178
30,72.0067526642068,74.97696567571052
30,71.98256346496785,74.95483145391802
30,71.96698312437249,75.00049677264671
30,71.98946720108735,75.02396840587627
30,72.00883472279415,74.95089856382397
30,71.99030396720029,75.01509109764254
30,72.01017916513848,75.0410756388095
30,71.99374012641567,74.97291616560409
30,71.98507797737099,74.9959725518711
30,72.03108537893819,74.96227743617915
30,72.04903906353937,75.00268219340988
30,72.01385661756449,75.01639484007251
30,72.0209774735025,75.03978884078823
30,71.9606601502508,75.00561659406145
30,72.00612311095925,75.0041678275648
30,72.01832686732459,75.01686421980574
30,72.0255576034233,75.01728163615212
30,72.01397283856558,74.95377363429098
30,71.96774850418025,75.02361939321837
31,71.97636844485706,74.98252142129932
31,71.99204571357615,75.01794643030469
31,72.00855564126671,74.97909366835412
31,72.01477725649481,75.04428611096938
31,71.98330584296343,74.99220043082912
31,71.98348096046689,74.95674600410074
31,72.01163126940904,74.95419469970894
31,71.9819945157948,74.98257994860869
31,72.02048083368774,74.98379748753591
31,71.99254191661875,75.00678808875348
31,71.99738134038917,74.98324558714693
31,71.96858375651837,75.03290837428388
31,72.02777878883778,75.00592074583295
31,71.9949301770458,74.98658395067504
31,71.96505723772358,74.99014736819396
31,72.02529692681891,75.04049116403743
31,72.00253998386049,75.02542600703532
31,71.96250551073001,74.99009421552053
31,71.97472387023353,75.03174809978944
31,71.98699782211601,74.98896717155328
31,72.01832820565328,74.98869730667248
31,72.01557583280916,75.02325826313796
31,71.98363183850395,74.95583959306256
31,71.97382111507751,74.99062570699834
31,72.03034112985121,75.0383983766835
31,72.0353170177671,74.99641619598623
31,72.00768534925245,74.99082796706949
31,71.99165089033635,75.01605537523213
31,72.03173694271004,74.98068664688678
31,71.9884165121077,74.9665181629874
31,71.99034761578429,75.03387334539312
31,71.99750414648426,75.02745816515625
31,72.03309787733959,75.02329066399618
31,72.00163790139251,75.02559100985872
31,72.0099957266377,74.9994452901514
31,72.00580684882635,74.99986522410558
31,71.96415112330966,74.97680957099047
31,72.0026249267744,74.99860948383427
31,72.0238827948393,75.01662145658176
31,72.01239207303135,74.98115172393719
31,72.00680183518826,75.03756052619018
31,72.0182191470915,74.9757780140192
31,72.01860572527096,74.99188918709052
31,71.99873123203075,75.00746783302696
31,71.96099679895495,74.97753955969489
31,72.0007475455525,74.9819572509744
31,71.98692490428259,75.02176777937085
31,71.99870539542043,75.04686367349923
31,72.01358585998854,74.99050222092356
31,71.9914120251005,74.97099376577967
31,72.01127558906687,75.01708547288438
31,72.00702575240126,75.0463159520679
31,72.00550647832655,74.96318260777345
31,71.99347969898685,75.01141061518514
31,71.99391004778066,74.95103207691777
31,71.98299960313777,75.02378163635522
31,72.01325343085516,74.99989240762764
31,72.0313358242278,74.97522145791237
31,72.02949643433364,74.99540070723512
31,72.0155770575871,75.04633447376797
31,72.03416794690797,75.01124164552658
31,72.027429771089,75.01579070229076
31,72.00779600545037,75.03438300482819
31,71.98936548819289,75.00394470594735
31,71.98231501633073,75.01532584305099
31,71.97727562608526,74.97148302769699
31,71.99731610236122,75.04329327050708
31,72.02893784699427,74.99844875983017
31,72.00332903199859,74.9602611660009
31,72.00089364080559,74.95818873839303
31,72.02248032781749,75.02832188532771
31,72.02369459137837,74.98620659901225
31,71.99026063107122,75.03266419750787
31,71.99377854186031,75.02947036491929
31,71.98830829962164,74.96168911148474
31,71.9806555109022,75.02070589353565
31,72.03278942550148,74.97039521989186
31,72.03617497289055,75.02632948741237
31,71.96008686834922,75.00406706282865
31,72.01438655853175,74.95828644147464
31,71.97910081323388,75.01908770935462
31,72.0117634511176,75.03902515428199
31,71.99183837697387,75.00249493217787
31,71.98085037593913,75.03161924655626
31,71.9555637331893,74.99012192676147
31,71.98748474994082,75.00944410654705
31,72.02729360035939,75.04110767373226
31,71.9559635194493,74.99165156210141
31,71.96696028515002,74.9758933053951
31,72.01645374032775,74.97887141739531
31,71.98192600798315,74.99032112737643
31,72.04462390604536,74.99244175714098
31,72.0396740199241,75.02448117011106
31,72.00556850059824,74.99948273563636
31,71.96740928054142,75.0182933163965
31,72.01600916866103,75.00694450483589
32,72.01339285787682,74.9838721975947
32,71.97127872175406,74.99797037436406
32,71.96153575311598,74.98254456967432
32,72.00274200227669,75.01352178929193
32,71.9645873617378,74.98622527849534
32,72.04597732412864,74.98219535903571
32,71.9675751401192,74.9946737137112
32,71.97217566144246,75.01600306904324
32,71.99057632525039,74.99650014717075
32,71.96155362168,74.98981494205641
32,72.01846771783917,74.99653923647436
32,71.96169427591099,75.03025351320467
32,72.01385661756449,75.01639484007251
32,72.03161835967857,75.01824976144329
32,71.95997096796593,74.99659974655643
32,72.0036105429616,74.99092305552817
32,71.99204571357615,75.01794643030469
32,72.03548421763706,75.01208196637518
32,71.99998865855909,74.95541284857823
32,71.96019338204106,75.01625705530921
32,72.02444576854347,75.0138956267366
32,72.01823255807584,74.99783131641313
32,72.000438541953,74.99327450697315
32,72.00536219860368,75.04790777967168
32,72.00443843766651,75.03239585678926
32,71.9805013426904,74.98496800950635
32,71.95256366700616,74.99899723241026
32,72.01157153729378,74.97685425213051
32,71.99379578836229,75.03156933023534
32,72.01332769799977,75.0191838964751
32,71.99432204019492,75.02232456133298
32,72.00136769660728,74.95826866221387
32,71.98405771360459,74.98345916278436
32,72.02638543463576,75.01441966208955
32,71.97516259897041,75.02608868033934
32,71.97916050535764,74.98622122293081
32,71.96121555201123,74.98182958162474
32,72.04556655104474,74.98784029791439
32,71.99350749909226,75.04069508430126
32,71.9666453983483,74.98284626082283
33,71.96488651590315,75.00637676264071
33,72.01691511612663,75.02909024872203
33,72.0446200378569,75.01233468501859
33,71.9811759348154,75.02833493224666
33,71.98824475225881,75.04331947227195
33,72.02663599201279,75.0406884848561
33,71.9981815516582,74.9799713286625
33,72.03632442107913,75.03164764891302
33,72.00459075944875,74.98598049215926
33,72.00229290820971,75.03732213444844
33,72.04247153933943,75.00715912676539
33,71.9883498782705,75.0060361994199
33,71.98902601001402,75.01789182641446
33,72.02043090423342,74.99343339702826
33,71.99445170590202,75.04041156371166
33,71.9672408108144,75.00079435223786
33,71.96809021856947,74.97881469471078
33,72.02332552071668,74.98305501362962
33,71.96905272117624,75.02295020584901
33,72.02240241345703,74.97162954606951
33,72.01967311503299,74.96350228634279
33,72.0001438786177,74.96734738627575
33,71.99476035204847,74.9537482574145
33,71.99198262356174,75.04725124026776
33,72.02055820092313,74.99604685688571
33,71.98812173091909,74.9662365676632
33,72.01132437390048,75.03904013241313
33,71.98975107070633,74.97284490224988
33,71.9968020505835,75.0249555172204
33,72.02107020045995,74.96333652751012
33,71.96899779935819,75.0138255901198
33,71.98276622538982,75.04052762809611
33,72.00111525757806,75.00533104693154
33,71.98208781833266,75.04043086278166
33,71.99314621930921,75.03429930921614
33,71.96460542756512,74.98577863383966
33,72.04092675569332,74.9804537898021
33,72.00979380386656,75.01461877890021
33,72.00773303034218,75.00748321788018
33,72.00501940145344,75.02679359775608
33,72.0008636263596,75.03277542591405
33,71.9594135393389,75.02787512873651
33,71.98323154295913,75.0137943285673
33,71.98381464218826,74.97979869916497
33,72.0148215544148,74.9970041601341
33,72.03296300885917,75.00033795134111
33,71.98453923257752,74.95817653316668
33,72.00032180864284,75.01975719313407
33,72.04263910806645,75.02487638346737
33,72.03608434184913,75.00465424975413
33,71.98495750983214,75.01574027356142
33,72.00045187875162,75.00962543384198
33,72.00979225244082,75.01472048376148
33,71.99076069369981,74.98134448971655
33,72.01564839099407,74.97573761413726
33,72.01150796428603,74.96324260118324
33,71.98563490961828,74.98058255771484
33,72.02006042010028,74.9842449418855
33,72.01465987602242,75.01511566632102
33,72.02508304095703,75.0021308229466
33,72.00776871792904,75.04832364605404
33,72.01458756533741,75.00708413970396
33,71.98850425850883,74.96142478026097
33,72.03281595931335,74.99224101997235
33,72.03331553002165,75.00843961957494
33,72.02994815785034,74.96305789262378
33,72.03609021498184,74.99774842485624
33,72.01516443815233,74.99961396176631
33,72.01887127761768,74.98304854077975
33,72.00379944115497,75.01842725020263
33,71.99724062799532,74.95952380761585
33,72.03841025940095,74.99058725628322
33,72.03184641531318,74.98759751287534
33,71.99079710417894,75.00285796475131
33,72.0086489088396,74.98168317562278
33,72.00909438015817,74.95712659954961
33,71.96529268356458,74.97953795393103
33,72.00156333677292,74.95685154785293
33,72.01364082593254,75.0133237077703
33,72.00368316625068,75.03888899862076
33,71.9805329217397,75.0010508295803
33,71.98180731697016,75.0311998858381
33,71.98106935888079,75.00481809363416
33,72.0126291997304,74.98281636230081
33,72.03998541480229,74.9864759359041
33,72.03145768500629,75.00494360611968
33,72.01133636438297,74.96011688517933
33,71.98288287831353,75.03979088572854
33,72.04094762921005,75.00961347668144
33,71.98753420008961,75.00740048782436
33,71.97218112449227,74.9647926085088
33,72.03667130118522,75.03170383114207
33,71.99594335719239,75.02057313167747
33,71.9658973865286,75.00220669645448
33,71.99480724137472,75.0488945997202
33,71.98328104136,75.02539893823737
33,71.96086775657669,75.02351009984362
33,71.99614050432197,74.9897202017534
33,72.0241507490913,75.00013473181484
33,71.99257747238516,74.96242441843741
33,72.00260268732568,74.98976929581896
33,72.0008674874962,74.98004853879235
33,72.02377401643524,75.02811152204075
33,71.97770220436101,74.974725519061
33,72.00535162194674,75.00924986917589
33,72.04462952219232,74.99212911078202
33,72.04389363596547,74.97795242247348
33,72.00135940870378,74.9954577246601
33,72.0293834398675,75.01522470705744
33,72.03224617660207,75.0058573519978
33,71.95788879531553,74.99547460310082
33,71.97738844046316,74.9802781327129
33,72.03299111919617,75.02610647921834
33,72.01992204188468,75.0045824155699
33,72.02009025000541,74.97020401379433
33,71.99829559280519,74.98295987531851
33,71.97041818636447,74.9970553862113
33,72.02609969979216,74.97408469428193
33,72.03587375041542,74.98459926554804
33,71.98672522233933,74.98798640245799
33,71.99891536872714,75.01950658361645
33,72.03090781418189,75.00566789964701
33,71.9998456230885,74.99621619805559
33,72.02147892405776,74.98110493514017
33,72.02618789744655,75.0392888581568
33,72.03880502275148,74.98940562480566
33,72.00636884603615,74.9727896167179
33,71.97086866366973,74.97751783013597
33,71.9856908176873,75.0402851589324
33,72.02300344582166,74.9934135326814
33,71.98812676494015,74.98643991952598
33,72.0009526498756,74.95032133326288
33,71.97912118439417,75.00535174248421
33,72.04107146370227,74.99048032176263
33,71.98944784839088,75.04742200236193
33,72.04558597676035,74.98453572991231
34,72.04022799212615,75.02427513742485
34,71.97586554702433,74.98645632649526
34,72.01879717945764,75.03424305000594
34,71.98342206557825,74.98798255447885
34,71.99272176261412,75.01684704837439
34,71.9827060525269,74.97079761473846
34,71.95532525218326,74.98381054276207
34,71.9864578159925,75.00693874482847
34,72.02568132591936,75.01285516235822
34,72.01749937877668,75.01541516316551
34,72.00305531939907,75.01353481182527
34,71.98311155792436,75.00113465532019
34,71.96863655946336,75.02648551301347
34,72.01499977733323,75.00361439031305
34,72.04599741955231,74.99770449538354
34,71.96945434441753,75.02910775570413
34,71.99635844986422,75.01796231359594
34,72.03339358242211,74.98907585650339
34,71.9970187941266,75.00877897761455
34,72.02737151725717,74.97665154763547
34,71.9925000591154,75.02077179836441
34,71.9907672641687,74.95695371213272
34,72.00507575891478,75.00620453618589
34,72.0166986143904,75.01522287007701
34,71.99909054303112,74.98234541229778
34,72.00353602625071,75.00097575186011
34,72.0178057083909,74.98958753180801
34,72.00258717487834,74.95132957009095
34,71.9902340269626,75.03429862046606
34,71.99239453299143,75.01232888414114
34,71.99640464652234,75.03090108264563
34,72.0117568109733,75.00560140233813
34,71.99661534166414,75.0243759085737
34,72.04806450739505,74.99613466145892
34,71.99983537214086,74.96761346585858
34,72.02241605697442,75.00376371389055
34,72.01248723588522,74.9861574467598
34,72.00569420422929,74.98374722700342
34,71.9849076350437,75.04452474583333
34,72.04895977762858,74.99601686904525
34,72.01727535141018,74.97315796863768
34,71.99902433128956,75.00187492883734
34,72.01260590487219,75.04811670745696
34,72.01942106795765,75.02037787619784
34,72.00135965539229,74.96121994428715
34,72.00079224467406,74.99512155454431
34,71.98622424141126,74.99758971110559
34,72.02982543015851,74.96475914391151
34,72.02020056668981,75.00340762186437
34,71.9827060525269,74.97079761473846
34,72.00785704666532,74.98475290615323
34,71.99520240823523,75.01145733402164
34,71.97636885933822,74.98738561658998
34,71.98532078256184,74.95580356413333
34,72.02367373434079,75.03534177952713
34,72.0078358325801,74.9939253783
34,71.95512972597356,74.99751157315809
34,72.00634730665219,74.97454887377413
34,72.03347216882055,74.99814199532038
34,72.02259624964863,75.0141469821842
34,71.960414033236,75.00791682164913
34,71.98970834784204,75.00315161169965
34,72.01863307357414,75.01350872899218
34,71.97718506195416,75.01162872447236
34,72.02530875912025,74.98371778950583
34,72.0228493256095,75.03000457578823
34,72.01211439205817,75.003870276052
34,71.99254643231717,74.99781795422756
34,72.0224795039828,74.96854096722657
34,72.04292058481539,75.00381580309416
34,71.9674214813259,75.01634409256893
34,71.98572642598756,74.96890281245369
35,72.00007059791741,74.95585058746789
35,72.04017582494875,75.01109154279618
35,71.99040634631697,75.04853403134894
35,71.97563139366041,75.0385971313805
35,71.99592271842366,74.99751968801708
35,72.01837405337871,75.0066560036547
35,72.00107272494598,75.0347657993603
35,71.99921748591123,75.04390933328784
35,72.03905489411804,75.01434478737544
35,71.9727610549454,74.96101339042833
35,71.9978922829538,74.97175477818503
35,71.98754927568751,74.99922084073327
35,72.03467502646575,74.96535897061565
35,71.9883231625643,74.9561497119208
35,71.97743961203975,74.99977369290264
35,71.9577693810801,75.02239664846927
35,72.03493878868665,74.96669577969364
35,72.00833921934564,74.95232881415657
35,72.03214736593037,74.99792272373635
35,71.99744644863105,74.95157660342204
35,72.03290392981062,74.96379817785844
35,72.02051648521338,75.01370042731237
35,71.97262796104268,74.96278435726028
35,71.99129538571341,74.965079683753
35,71.9736424316824,75.0125142445638
35,71.96710004452098,75.03762403051158
35,71.9840420940064,74.98505904605037
35,72.02736641414387,75.00179381511457
35,72.02568163367869,74.98315411391786
35,71.99694220127795,75.00814098027018
35,72.03165428622623,74.98983082122604
35,72.01427232046288,74.9703742955578
35,71.97124066210989,75.0046769920245
35,71.9879384089126,74.97794196820706
35,71.99684693528502,75.00714543836648
35,72.01661613374615,74.97251876279611
35,71.96792104044634,75.02276875048123
35,71.99433646669492,74.98616973033008
35,71.98569490004284,74.98917622318137
35,72.02222946464764,74.97690958889467
35,72.02515091541989,74.95885039679737
35,71.99564809917086,75.01812563502514
35,71.97116102715832,74.97599405017081
35,71.99917429702273,74.98511510990818
35,72.0039583424001,75.01114438884983
35,72.03555228522833,74.97380658431396
35,71.99468219569427,75.02960707992281
35,71.98489414544214,75.00121192428438
35,72.04327268376711,74.99114396605388
35,71.98584958787457,75.03976691593819
35,72.01660835074944,74.99458351616988
35,72.01280014442156,75.0297397223173
35,71.96753117378567,75.01781409238886
35,72.01040817022472,75.03552621407664
35,72.01325733284709,74.95947787639699
35,71.99789756331727,74.95289535967947
35,72.00701857225215,75.01181165988766
35,71.9754391720716,74.97905323928072
35,71.97935716251386,74.98164533206469
35,71.97024519909729,75.00669818749283
35,72.02512872929131,75.0371155068685
35,71.99246235412664,74.95858640525684
35,71.99372887555097,75.02618058916222
35,71.981035224696,75.04095960528586
35,71.99220863411965,75.01650633300896
35,72.01191600292603,74.9658881408146
35,72.02044073015519,75.03314321425427
35,71.95710763195143,75.0184389902227
35,71.97834088901284,75.02400433273763
35,72.01250196240271,75.01961779640858
35,71.99075028537055,75.00593630516605
35,71.98995957153964,74.99895210495897
35,71.98683380835351,75.03912854380883
35,71.99283580959896,75.0269761791412
35,71.99950675944191,75.00642493071335
35,72.03319792565257,74.98122194926364
35,71.9981919555151,74.98548105997774
35,71.97943923605727,75.03606028524241
35,72.03791242857578,75.01980742650005
35,71.999315918929,75.04642257619545
36,71.96930445721549,75.03777597092373
36,72.0047439274126,75.02523936144652
36,71.99322658861048,75.02155768443566
36,72.01753098730842,75.00575856939446
36,71.96696700003127,74.99001530337513
36,72.03979472643438,74.98722663997276
36,72.02973897223315,74.99460722388834
36,71.97519641405677,74.9706247121697
36,71.98392388799405,75.00225112936717
36,72.00701613504758,75.01943752405718
36,72.02270406012487,74.95966920763928
36,71.99408077969882,75.03432130451885
36,72.00716060157453,74.98585578572693
36,71.9915958055273,75.00469601900046
36,71.97481149398392,75.03590190672489
36,71.97489293781001,75.02330575190165
36,72.00214750288278,74.97347624224277
36,71.99685887729183,74.99435825836235
36,72.01229161416653,74.97706334342807
36,71.98829780591647,74.97932655242988
36,72.0009214087209,74.9735429987307
36,71.99375492539855,74.98934819590188
36,72.04288618773968,74.97854583527031
36,72.04965917642716,75.00363204194487
36,72.00768822559014,75.02551479770437
36,71.97721963847,75.02717530639772
36,71.95555613657494,75.0084480781536
36,72.0495131893939,75.00262263437098
36,72.02274072542981,75.00568964789952
36,72.0298614411966,75.0315562796888
36,71.98935502913686,74.98259855555769
36,72.00192511550237,74.99728238053844
36,71.98730838619402,74.96590731985542
36,71.9699446063203,75.0189598721709
36,71.99804490971783,75.04674489547342
36,71.9775276116727,74.96502891540305
36,72.00137449250288,74.98281887043044
36,71.98808032868659,75.0153328912193
36,71.98726002977709,75.03620317993814
36,71.95964825053768,74.97657654324165
36,72.01433471864098,74.99378208115557
36,72.01718168270733,74.97851680560753
36,72.00838457261585,74.9635939087461
36,72.0235754469232,75.00731824632533
36,71.9900057784367,74.98095797397977
36,72.0264436006912,75.02934498634309
36,71.961648016553,75.00366531555956
36,71.99214102726303,75.01797383730388
36,72.0078932406048,75.04930142325689
36,71.9674341073674,75.03456422811557
36,71.95663031631675,74.99551956413303
36,72.02630245533221,75.00048621656224
36,71.98267363608896,75.01626716396785
36,72.0410561261859,75.01430857528347
36,72.03438468584342,75.00718056445875
36,72.02686983618425,75.00369775767176
36,71.96893918438086,75.00833661004572
36,72.02156465672944,74.96977856574716
36,71.98807445612314,75.00225829320863
36,72.00381437609927,75.04639960947395
36,71.97580550481958,74.98512659835514
36,72.00602308563232,74.95981436176109
36,72.00463287500583,74.98381813976232
36,72.00418647887784,74.95625466213536
36,71.97561309991926,75.01748867899153
36,71.97866409604583,75.00399143967289
36,72.01239846328255,74.97657980693567
36,72.01108750011167,74.99239196967973
36,72.02808602797286,74.98101112491074
36,71.99328206904104,74.9777454134922
36,72.01380465303795,74.99733884005671
36,71.99539770787095,75.00669950998433
37,71.98122099364362,75.0372745506288
37,72.04506294186343,74.99863723608799
37,72.04069815475796,74.98172927312883
37,72.0091072260536,74.96095541661202
37,72.03008956843505,74.99832362019261
37,71.97628269790025,75.02982050354798
37,71.96768774525938,75.02386239860073
37,72.02007497170723,75.04464733728466
37,71.97616947017299,75.0012381033251
37,71.99577287915392,74.98091091766038
37,71.95881506242624,75.0188195679023
37,72.03599281059255,75.02352686426323
37,72.01485039209376,74.9616842406813
37,72.03031321112339,74.96516734499639
37,72.04786530432598,74.98771104978512
37,71.97823874349379,75.02964694830479
37,71.98150402712386,75.00612514753237
37,72.00493929661194,74.99597480956965
37,71.98535913614892,74.98023306650163
37,72.01731268554697,75.03021454575313
37,71.98757082094876,74.96799955571872
37,72.01989952136176,74.98531873127783
37,71.96269759953734,75.0310825102106
37,72.01903908862042,75.00943427465204
37,72.02461646458804,75.03893176644124
37,71.98175038952812,74.99183189411079
37,71.9903216808386,74.97462497733741
37,72.00772646979728,74.99987765563316
37,72.01983520075571,74.99677164412685
37,71.97391861874678,74.96768039886132
37,72.00705163905765,74.98437410345502
37,71.96140113788758,75.00485046848277
37,71.96244054509951,74.9835851866933
37,72.00830924197882,74.95870834364864
37,72.03858546200547,74.97332978780004
37,71.98007077879747,74.99394468073429
37,71.989876601787,75.00962756900692
37,71.9886250064125,75.01572467610966
37,72.04424914029356,74.9829808500127
37,71.96378072034403,74.96681839502291
37,71.9589635940684,74.98579420637424
37,72.0410988932184,74.97672441309376
37,72.00464019687637,74.95393281539809
37,71.97472564577606,74.97648528642219
37,72.00990253608447,75.03484429843046
37,71.99728203615703,74.98650199418633
37,71.98656452709524,75.01269880177982
37,71.98562352640698,74.99504127000046
37,71.99901205941423,74.98372102340295
37,71.9922086051373,74.9564384504816
37,72.02862287393943,74.99923019266687
37,71.98988982957769,74.98449070679393
37,71.98688324662368,74.97415536527681
37,72.03586386782223,74.98375116721397
37,71.98916384832835,75.02927961792298
37,72.0452083512341,75.01343272547841
37,71.99831171015312,75.02261108690485
37,72.00606179986674,75.0403308624447
37,72.00955310951845,75.01028216136532
37,71.99393606935676,74.9819268275059
37,72.00730038344547,75.03882875928039
37,72.0188441423375,74.97356523106026
37,71.99773726925596,75.01890140109063
37,71.998961345862,74.98830759119465
37,72.01951190888437,75.02231826402232
38,71.99220052741092,75.03934546003423
38,71.98444342682625,74.95965881680085
38,72.02492247856145,75.0268530525155
38,71.98550286241642,75.03016123221875
38,71.95299156454249,75.01589353058901
38,71.99384378894426,75.02392972631613
38,72.00978780726109,74.95105764814761
38,72.02052863800225,74.97707478995214
38,71.97466863595336,74.98365821853142
38,72.03464240970814,75.0245764972654
38,71.98349344037703,74.97355123875806
38,72.00165572076452,74.9547956967663
38,71.9892305193785,75.03537158910525
38,71.98032981736347,75.01675735067546
38,72.02306564522138,75.0107734354908
38,72.02755805616242,75.00694162853755
38,71.98935888439638,74.9844903952303
38,71.98052464247115,74.98839960013171
38,71.97364628694676,74.97117813334411
38,72.0058696536647,75.021940921692
38,71.95401121766449,74.99236776055166
38,71.97978200329482,74.95612062675517
38,72.01203150804994,74.98351134066726
38,72.0278587095713,75.0245665662642
38,71.98987026583545,74.95276601776042
38,71.9943085027035,74.97777324212775
38,71.99729325342533,75.03273903699133
38,72.00299457658389,75.01827260219655
38,71.98632887425497,74.99854850184123
38,72.02032354312962,74.98690793298134
38,72.00668946108784,74.98308834066539
38,71.97157122655757,75.01761614524459
38,71.98062971472974,75.02043693351686
38,72.03550417414874,74.9697714696765
38,72.00696950802559,74.9926448702231
38,72.00128613403406,75.01455599826181
38,71.99468569372151,75.04785077918955
38,71.98736228579439,75.01061965492593
38,71.97739361405502,75.03945797837606
38,71.98202941440114,75.03860591485753
38,72.04257665630132,74.97578139916862
38,72.00372031893076,75.01838265877434
38,71.99687071304025,75.0229625323008
38,71.96622631350291,75.01135700761681
38,72.02504677198283,74.99459588143102
38,71.99831171015312,75.02261108690485
38,72.01406809712047,74.9944939118723
38,72.03137061031468,75.01924854997415
38,72.00143252881581,75.00614153644572
38,71.99289968326849,74.99615346024646
38,72.02782845590816,75.03302154379263
38,72.02828117308333,74.97750255844961
38,72.01851099452735,74.98919888095527
38,71.97695542881095,75.00208984706846
38,72.01771853056275,74.99984880310814
38,71.98203672928761,74.98508976135724
38,71.95937207307702,74.9950733533414
38,72.02426865327536,75.01084788297074
38,71.9751769279491,75.02233744650246
38,71.96137567304994,75.02889873536444
38,72.01379232756928,74.96654320572401
38,72.01593430231,75.04296092577543
38,72.02064916001427,74.9929699382534
38,71.97034532656362,74.97940623118772
38,71.99141983787014,75.04306319581269
38,71.95697066974353,74.99956881752392
38,72.03990371824062,74.9841278836135
38,71.9877240151844,74.98012799673884
38,71.95194867984239,75.00280062907599
38,72.0137705124135,75.02066262744714
38,72.02014148117749,74.9736435723851
38,72.04840591627567,75.00747627655973
38,71.95839625265297,74.99556256886363
38,72.02251046293905,74.97459727780576
38,72.02356997684016,75.02829541374003
38,72.03462502186788,74.99334226454414
38,71.97683529070436,74.9822254932369
38,71.99992375452037,74.98252716235577
38,71.98778796223077,74.99017771920937
38,72.02433218473341,74.99070307506565
38,72.00190979268211,74.98014891858263
38,72.02287642099054,75.04242390726489
38,72.0107456976723,74.9659274544098
38,72.00949958455818,75.00296826393749
38,72.0420058550827,74.99431915543713
38,71.96585908529153,74.98756664547591
38,72.01315290925692,74.99982790264077
38,71.99005685876213,75.01414869123697
38,72.01734821872832,75.02452054963116
38,72.0233601687233,75.01748805930761
38,71.98662295190314,74.98341817713478
38,72.03789248280401,74.99074887891278
38,72.00378499767827,74.99014310880365
38,71.98366291159694,74.9787486452437
38,71.9853867690284,75.03556657437476
38,72.01890897751146,74.98538306034813
38,71.97231814279976,74.95871040081865
38,71.98636704293213,75.02844058755147
38,72.01026658073918,75.00879116502105
38,72.00217833843324,75.04420635249322
38,71.9622843162897,74.99628201436973
38,71.97386022567657,74.98190171132242
38,72.02070274607502,75.0097183342397
38,72.03860148000447,75.02353035369205
38,71.99739969865274,75.0114023135959
38,71.99712962830044,74.96824615487995
38,71.96157446999491,74.9781304067141
38,71.99069361777228,74.9805914583474
38,71.97831369412253,74.98271243858379
38,71.98296411368517,75.02505780615842
38,71.95497268749367,75.00656721093794
38,72.01536401235133,74.95672596639905
38,72.01673982988135,75.00212832661099
38,72.011049818395,75.02401211134429
38,71.97626637939672,75.00406203205172
38,71.99045984059886,75.02538197375328
39,71.96095857324427,75.0191477970503
39,72.00255370193983,74.9922924638555
39,71.96737421848339,74.97275723673414
39,71.97620163588826,74.99501671257116
39,71.99635317087004,74.98376584759924
39,71.99387739712135,74.99854241089538
39,71.96942118799183,74.9931413263905
39,71.99453115638795,74.9507630317719
39,71.95172305338552,75.01264897436734
39,71.99116190732911,74.97967557039816
39,71.99925872013922,75.04598278211637
39,72.00763928805702,74.97800965675974
39,72.03028535949116,74.96321896113702
39,72.03938693129048,74.98582572119726
39,72.01748226081293,74.9656882409053
39,71.96931281584574,74.9700417423123
39,72.03629200537667,75.03401381621065
39,71.972794354799,75.03901980112965
39,71.99148894648435,75.00373626492703
39,72.02972186171435,74.99818201358734
39,71.98239578613374,75.03057022987646
39,72.01852127044681,74.96596761129756
39,71.97982812238864,74.99702737820836
39,72.01503758266578,75.01945750559783
39,71.95937637984366,75.02221747211152
39,72.00702674967312,74.98523672156311
39,71.98594196802506,74.96746214538575
39,72.01175350026278,75.0047433848975
39,71.96803526123578,75.0094250031487
39,72.00016840057059,74.9986203552345
39,71.99155731624515,74.96006056297925
39,71.97376934707293,74.97805818967863
39,72.0427332458475,75.01604897643722
39,71.97607478567792,74.99323399177209
39,72.03463482675005,74.97360502129249
39,72.0200288306628,75.00925891755932
39,71.96929505548675,75.02631744869149
39,72.02826527019336,75.00047431806856
39,72.0050748438462,74.96390412446455
39,72.0465017688865,74.99623168347463
39,71.98833095653039,75.01883506250986
39,72.01168509638053,75.00173663192294
39,72.04925186484137,75.00402589447638
39,72.04769166429462,74.98714025737874
39,72.02597448705852,74.96303670389896
39,72.02097835175165,75.0033743962037
40,72.01494538188221,75.00089443303133
40,72.02737151725717,74.97665154763547
40,71.9579471936641,74.9763463081161
40,72.0345253231088,74.99985406300338
40,72.00464855561445,74.99979323457201
40,71.99674508181599,75.02714342406247
40,71.97791342414033,74.96341531456554
40,71.9733780612724,74.9769265288733
40,71.96749178918944,75.0071659731447
40,71.9994451402221,75.01296114841098
40,72.00166095372063,75.04556162168197
40,71.99444530891243,74.95511362453084
40,72.00039677790255,75.00839392595852
40,72.00877461308424,75.00921227039561
40,72.01333442017065,74.98511016485894
40,72.01945480662721,74.98890775649492
40,71.99779871914586,74.95647410076062
40,71.97383250050487,75.01268042820062
40,72.03706150782173,75.02104136272452
40,71.99198909689586,75.02469851174955
40,72.03812076719007,75.02994926798475
40,72.0486429732911,75.00488662373887
40,71.97547960042539,74.98999464166873
40,72.0107681389307,75.0293229048382
40,72.00743768892698,75.02289583760202
40,72.03831943670025,74.99069276263701
40,72.01460472834101,74.98297502427296
40,71.99715526007313,75.02201652548987
40,71.99459138851468,75.04385145998323
40,71.99100480260883,75.01480066893619
40,71.97957095292176,75.01403013589082
40,71.98969468464472,75.01461914536377
40,72.02063658070135,74.98649298037729
40,72.00520889948805,74.99479587353692
40,71.97820223623722,74.97026237122846
40,72.02770505109726,75.01671062836503
40,72.01282529367015,74.98498761168652
40,72.00823562941775,75.00800078097402
40,71.9717314964478,74.97540490226594
40,72.01931677192829,74.97154455643991
40,71.9676636077793,74.9664582768026
40,71.97294059157197,75.03726617090122
40,71.99956059335763,74.98292545379519
40,72.02921261750275,75.02550704852423
40,71.98527615184794,75.04212337696731
40,72.01218431251253,74.99446960166844
40,71.95910845279869,75.02166022540234
40,71.96343621227616,75.00329993442722
40,71.99891574916468,74.99891884971774
40,72.02095790298401,75.03560848539138
40,71.97669786977204,74.9804187579734
40,72.0025887045459,75.0040413738474
40,72.01972725867692,75.00364562455117
40,72.03597440831953,75.00923383520285
40,71.97583835175313,74.9919539927739
40,72.01204058359367,74.98830643077434
41,72.00347971531662,74.97012783838902
41,71.99218756795044,75.02554247530199
41,71.96194118016429,74.99945141482806
41,72.03296300885917,75.00033795134111
41,72.01782263565198,75.0148016616749
41,71.99308253371414,75.0415207347229
41,72.00997317801844,74.97486585807232
41,72.02212338476083,75.04158603955533
41,72.02461679919051,74.97121631200307
41,72.04285855266478,74.97565620855967
41,72.00673041680642,74.9738961151454
41,71.9993580676243,74.98198298208733
41,72.03869280069908,75.00848126220768
41,72.00379771412712,74.98890581509765
41,71.96937301317331,74.97091999213221
41,71.95512046089388,74.98392565723586
41,71.95363898278657,75.01542230454643
41,71.95644493084285,74.9901734258904
41,72.0172206860306,74.99786143171424
41,71.98539357638636,75.01779256970995
41,71.9719829123122,75.02977913838461
41,72.03455210254657,74.99930477030404
41,71.97449755275538,74.99084522264297
41,72.02914438884149,74.97070074685641
41,71.97160407940086,75.00490974994246
41,71.99872391841717,75.02188856567398
41,71.98737284632622,74.97198951466827
41,71.99333561006299,75.00243963773273
41,72.02719579460566,75.01416459747203
41,71.97307295499547,75.0251632455451
41,71.99666454825548,75.02277984313116
41,71.99987106246479,74.97720898096915
41,71.97957643864274,74.99529569580822
41,71.99630757418173,75.0364632552564
41,71.97837987297547,75.035612557989
41,72.00954151833353,75.0085160721634
41,72.01703452280974,75.02486147481459
41,71.97276128226177,75.01357397116477
41,72.02413170939764,74.97202587710031
41,72.04802004648042,75.00458427375148
41,72.00354720935813,74.9626197239064
41,72.00831963397292,74.95452171567243
41,71.96731669356932,75.01632973937691
41,71.99200283096914,75.0053609029476
41,72.03366263084696,74.99661421500183
41,72.04153850429702,75.00073303156584
41,72.02074604502158,75.03142128338413
41,71.96691590165281,75.00216021293468
41,72.01034836080507,74.9689454838807
41,72.02180472652554,74.95914809638782
41,72.01380372026712,74.96109539057899
41,72.02968363078415,75.00141824257922
41,72.01252661836004,74.99659604962986
41,72.00624278260754,75.04525797207083
42,71.98255702425466,74.96286212684083
42,71.98021983177622,75.02745918143516
42,72.0130483389916,74.99255430058545
42,71.99329168205163,75.01183951973415
42,72.02293191372327,74.96599369199832
42,71.99259175273492,74.95329343006571
42,72.03096391457422,74.9787110909596
42,72.03234140336535,75.02545979636268
42,71.99935539113353,75.02009597247654
42,72.02098935987249,74.98592547938951
42,72.00471244952944,74.95367795281439
42,71.95779289275838,74.99620103121228
42,71.97899128453837,75.04336832711964
42,72.02123696009899,75.0073949104552
42,72.01521995250714,75.03502450093978
42,71.99446141217857,75.00550661365172
42,72.01193492516217,75.01811499889374
43,71.99409385055371,74.95856438895012
43,71.9874828934296,74.97631162201607
43,71.97502251133479,74.96130214675912
43,72.03667448526201,74.99507781931912
43,71.99267581059173,75.03371017406279
43,71.98886342734059,75.01249267984049
43,72.00334936427775,74.96219448654692
43,72.01888154333994,74.9987709085905
43,72.02734412396319,74.97157751654905
43,72.03402457097413,75.02947733222332
43,72.0179563531801,75.04576264851372
43,72.00534615675299,75.02817820942884
43,71.9643297011809,75.03027018821986
43,72.0206284490128,74.99915670354201
43,72.00777963763989,74.99156856083296
43,72.0222123452432,75.00254889323465
43,71.97207105774028,75.01076738550394
43,71.99824949895063,75.03165725362807
43,72.01143094280714,75.0110908758472
43,72.04507352985546,75.01751661876168
43,71.95503139077182,75.00826388003107
43,71.99172635173205,74.96604675320269
43,72.00579919095769,75.02861141248303
43,71.97435339167113,74.98154259197722
43,71.99891805860906,74.99343977990753
43,72.01833746586831,75.04473393352292
43,72.01804831003483,74.97365498162168
43,72.0205776615566,74.96399908577217
43,71.96062523042517,75.01946431431783
43,71.97706835961455,74.96772406863765
43,72.00288556605726,75.04415041849285
43,72.00725683792635,75.03923626606213
43,71.99100480260883,75.01480066893619
43,72.00922354515627,74.98618562165655
43,72.04645652119581,74.98491713877192
43,71.98659679013312,75.0119071713095
43,72.03454739891372,75.02090877360797
43,72.01991589821368,74.98944383798664
43,71.98496322341083,74.99014555014406
43,72.00771363069887,74.98164478506958
43,72.00858472542417,75.04368959405438
43,72.00249871800553,74.97380618732531
43,71.98089701713272,74.96297459915013
43,72.04142168497796,75.02207101514527
43,72.01428900109292,74.99670095565355
43,71.98937556112591,74.99516370551773
43,72.02187442156016,75.03283445434347
43,71.97422786109716,75.02820415884811
43,72.01544012984591,74.98806237564625
43,71.98314969245419,74.98900712937305
43,71.98248231971849,75.04309701644381
43,72.00770267104271,75.0312087825991
43,71.9526784024227,74.99394427143909
43,71.98441168678538,74.97807167899977
43,72.02360338641886,75.0084060968653
43,72.01019647479893,75.04427040559298
43,72.04536318501782,75.00995411452678
43,71.99063228930848,74.98628817435797
43,72.0019003210215,75.0039709587204
43,72.02004930591328,75.01851171327029
43,72.01020487430232,74.96768967598427
43,72.01503758266578,75.01945750559783
43,72.01927797353663,74.958724212154
43,71.99340989149017,75.01303497379207
43,72.00464750363608,74.9697985514078
43,71.99534041448229,75.02587176278067
43,71.98704323536626,74.98263432633603
43,72.01067536656356,74.97139930646388
43,72.03978462177673,75.0157877956584
43,71.97725562440564,75.02500326033558
43,71.99105935882699,75.0479508895998
43,72.02488920760001,74.98180014361321
43,72.00947874923276,74.96221761579358
43,72.00743768892698,75.02289583760202
43,71.97142092946287,74.99572000070894
43,71.99781261925014,74.99821863627423
43,71.99821085158396,75.00667529091135
43,72.00216953110407,74.96831491893738
44,72.02614089128569,74.96104067898936
44,72.03507861997292,75.01433226434835
44,71.99563877359887,74.95654476906202
44,72.01702754063754,75.00627287643282
44,72.0172322036001,75.02206523948945
44,72.03039726296691,75.02848000103373
44,72.02797487944184,75.03090120489142
44,72.01142681491315,75.00999543989401
44,71.99466118447197,74.99724031611986
44,71.96063055539926,75.03012810273518
44,72.01815509104483,74.98151783070129
44,71.99832300784337,75.04935779787371
44,71.99195721476464,74.96141546792583
44,72.03819105104644,74.9911159486547
44,72.01061028831438,74.9878494638433
44,71.98867786328525,75.02593232698193
44,71.97788710594575,75.01362398436179
44,71.9996260481738,75.02643390162176
44,72.03281595931335,74.99224101997235
44,71.989876601787,75.00962756900692
44,72.04220583673784,75.01514122578182
44,71.985802910908,74.96190962004793
44,71.98147202780727,74.9591344401723
44,72.02836892879434,75.02947656290819
44,72.02087816825406,75.00193920238205
44,71.99141797442199,75.01319409448844
44,71.99414956427172,75.04279290435319
44,72.008465529415,75.00581041595214
44,71.97346963974536,75.02997492559597
44,72.02585539860601,74.97708277431605
44,72.00823562941775,75.00800078097402
44,72.01568209624283,75.0367733150636
44,71.95435464717765,74.98566578604856
44,71.96281352555846,75.00491456618883
44,71.99209703845595,74.98570520333804
44,71.9669190910838,75.01757489284918
44,72.02113045000829,75.0016566623326
44,71.98278748344215,74.9847826375869
44,71.9963190449297,75.01516092160645
44,71.97778291830211,74.99867442441582
44,72.00584285038285,74.96177936499063
44,71.98670911109988,75.01361635922883
44,72.00052943783619,74.98747167685889
44,72.0145755753644,74.98646618543856
44,71.98804292496996,75.00199282790084
44,72.02279938359256,75.00200886185047
44,71.99694624073817,75.0194395043761
44,71.99904260607886,75.00524684856144
44,72.03400245449139,75.01474343825289
44,72.03063263870494,75.0144642395347
44,71.96527737685496,75.00645729830238
44,72.00599674026142,75.02618011627166
44,71.98494349003563,75.02877748355951
44,72.0196136032542,74.983988964165
44,72.01961418743912,75.0112331244551
44,72.03978462177673,75.0157877956584
44,71.95607725519531,75.0100834437693
44,72.0251697491801,74.97863747325486
44,72.01590540689863,75.02246719600065
44,72.00678659644828,74.99272329214553
44,72.01251525977803,74.9694532875097
44,71.99793526248118,75.0222312950092
44,71.97258983246331,74.96018089297861
44,72.03316977910143,74.98098750513323
44,72.01421477327196,75.00694840107064
44,71.98218298671632,74.97956742383798
44,72.01019835503163,74.99150346463674
44,71.99749713795501,74.98559909082094
44,71.97198591284646,74.9629206565619
44,72.02604479185078,74.96857017344507
44,71.97501612778454,74.98373212256682
44,71.97954269079494,74.99471049261503
44,72.01035027570323,74.98467642507566
44,71.99332360087307,74.97461917197624
44,72.02353933002769,74.9634982266811
44,71.99528401900491,74.98443335514274
45,71.9901986581188,74.9968420161311
45,71.95382541738556,75.00970153850328
45,71.95237359302045,75.00573555778665
45,72.03273805106092,74.98022369054688
45,72.00315889225551,75.00922461050264
45,72.02530875912025,74.98371778950583
45,72.01049629235585,74.99009647257188
45,72.01030041036054,74.9916657926394
45,72.00329545156734,75.02131870929841
45,71.96872546459717,75.00538426382516
45,72.01003346038378,75.03744891672089
45,71.97220422398135,75.02120245318717
45,71.9813306664855,75.04445021324013
45,71.95397101681262,74.98710615628356
45,72.0057500345168,74.97826059954225
45,71.99520437512265,75.03490368962261
45,72.0106040098103,74.98210955071927
45,71.97595848633115,74.96337706209242
45,71.9809361047757,74.97854894348609
45,72.02618071198513,75.02444269575602
45,71.98353392881414,75.0329542995704
45,72.02583201039077,75.00756733585575
45,72.0098808984241,75.01087057304971
45,71.98639985157754,74.97851304664766
45,72.03609868930602,74.98476661318075
45,72.02743019621818,74.97831922846439
45,72.04092407022651,74.99561763354204
45,72.02243901343482,74.97014039250452
45,71.99671717105433,74.98605113745874
45,71.98197393660332,75.01469984507601
45,72.00347971531662,74.97012783838902
45,71.99614692484134,75.01357650887772
45,72.0062608574133,75.03826851271108
45,71.98887669501815,75.03622120523005
45,71.99781952428982,74.97790360335456
45,72.0467874498133,75.00066570230821
45,72.03567927035968,74.99901002226865
45,72.04772654984708,74.99424682469562
45,71.9973485238948,75.01277512240308
45,71.95869226949986,74.98351429947014
45,72.01333442017065,74.98511016485894
45,71.98246256719223,74.97352378362976
45,72.00884533695803,74.97987958075471
45,71.99787121998538,75.00141020070788
45,72.01770850855696,75.03431511540643
45,71.99742936813144,74.96321343264252
45,71.98709127174963,75.01275048719268
45,72.01683584763435,75.015670165927
45,71.97803237134974,74.97696139145921
45,71.95149859047686,74.99613635674207
45,71.9919720839682,74.99819227074987
45,71.97948178682184,74.96632433520318
45,71.99471778234158,74.99459571086962
45,72.01194063235425,74.96434414879513
45,71.99901535253252,74.96089339977314
45,72.01660251311895,75.01338254782351
45,71.98944582642997,75.01798238019767
45,72.01929893302217,74.95873728371257
45,71.99339975395807,74.9935008980405
45,72.00915437338298,75.01848703821592
45,72.03773431303019,74.99679910514492
45,71.99014841041462,75.04555875683045
45,71.97148068412164,74.96251456358623
45,72.03130174716782,74.98340378181163
45,71.98474383163932,74.97108923305186
45,71.9707803644255,75.01776567305306
45,71.99606276944019,74.97283876829682
45,72.00594307068863,75.00160811859773
45,71.961756592403,75.01305966577041
45,72.02837925240888,75.00123887818336
45,71.97316004627315,75.02506475376012
45,72.02003746087617,75.03211391532622
45,72.01416561519869,74.99068227078213
45,71.98043561540116,75.02166669285069
45,72.0060101006058,75.01971562942202
45,72.00654322436958,75.02367189408183
45,72.03400245449139,75.01474343825289
45,72.00760844214729,74.95776324679974
45,71.98273163836562,75.0314424041977
45,71.98759643138402,75.00811060803994
45,71.9952099591109,74.99278507908487
45,72.0101104437063,74.96086640327519
45,71.99505969629442,75.0098326147631
45,72.0055906255411,75.03453533186706
45,72.01277736443045,75.04700494295308
45,71.98308814749464,75.02043186921895
45,71.99975165676888,75.01337119821876
45,72.01211439205817,75.003870276052
45,72.02221187199203,75.02137854050164
45,71.97414953672184,74.9711010468976
45,71.98303781401488,74.98292201133556
45,71.97613194161717,74.96761211662367
45,72.04226578446364,75.0171534797527
45,72.01392812265486,74.9963462463896
45,71.96080599347334,75.01664753536993
45,71.99559326866671,75.02288268862704
45,72.04629252643116,75.01054384954388
45,72.00649098792498,75.04925030708159
45,72.00581774965816,75.04553491937592
45,71.99968331046631,74.97835544876224
45,71.98253176038538,74.9677208260314
45,71.99138830682675,75.01388742439083
45,71.97737031808579,75.0221314646771
45,71.99001096209707,75.02215345181304
45,71.98470413063285,74.97800188096244
45,71.96426923892429,75.03360905540093
45,72.01762509709779,75.03649833321361
45,71.96942684848479,75.03414916869558
45,71.99000290399087,74.97038568166182
45,72.03736666028838,75.02602968802006
45,72.04233713959839,75.0069109064486
45,71.95355892475138,74.99153309165406
45,71.97230007917177,74.97936217072144
45,71.95489208454681,74.98258331686357
45,71.98764198507867,75.01176718559071
45,71.97782919218069,75.00133819665567
45,71.99920860416259,74.96794885032423
45,71.9956041125439,74.98806928769044
45,72.00523984147523,75.03691566018989
45,71.99221259293078,75.01365579655155
45,71.9815288936908,74.96347979193995
45,71.96304690588477,75.00570137418708
45,72.00397463136991,75.00302634430108
45,71.9553740773257,75.02016646158573
46,71.99708025851182,74.95243029530586
46,71.97950092557161,75.01750611193746
46,72.0023653938849,75.00237607373572
46,72.02207990463339,75.00480050635996
46,71.99592271842366,74.99751968801708
46,71.9958297426282,74.98426860047223
46,72.00937508026882,75.01177964643702
46,71.99505279193339,74.97436688134262
46,71.95475891934598,75.00010908966263
46,72.01338822449996,74.99498915196256
46,72.04872140365886,75.00336915798358
46,71.99005366920798,75.0358499103839
46,71.96507317379326,74.9756433614968
46,72.03321632133044,74.99576751497511
46,71.99703430501863,74.97515627853672
46,71.97591285341069,74.98917771305123
46,71.96891257530262,75.00528937576138
46,71.99690767910965,74.97941737522741
46,72.00456481812238,74.98068665787304
46,72.04019459366702,74.99500953171489
46,72.02316610636936,75.02041727194404
46,71.99766114506018,75.0446991084409
46,71.97112724777956,75.00585949872993
46,72.0083991777766,75.04909221098994
46,72.02896975884978,75.01462829005258
46,72.0231371462321,75.02727256246571
46,72.03671996178633,75.01273287798365
46,72.02600205706511,74.9791008472894
46,71.988259279022,74.9840861649974
46,71.99486583905522,74.9751184289249
46,71.95933507791013,74.99155300120091
46,72.01765205490406,74.98486072484893
46,72.00329939519519,75.00149904502089
46,71.96807881220388,74.98977463003418
46,72.02618071198513,75.02444269575602
46,72.01515938463626,75.03473937916586
46,71.97479910757718,75.00275292423183
46,71.99808021121896,75.02601103538142
46,71.99956059335763,74.98292545379519
46,71.99120104581131,74.98931151925684
46,72.03327215860376,74.97710925864281
46,72.00471583033989,75.02050363817912
46,72.02602751177987,74.9765808545723
46,71.97816582434045,75.01784997992688
46,71.99145709221806,75.03781042219379
46,71.98384431112333,75.04373494305197
46,72.00488930169094,74.97975319449118
46,72.01207940359694,74.98747666640152
46,72.01167266558205,74.98630061067531
46,71.98278748344215,74.9847826375869
46,71.96037504439816,75.00423735531218
46,72.02791453231528,74.99727400631303
46,71.97035492958359,74.96501307585825
46,71.9886250064125,75.01572467610966
46,71.99929788913595,75.02108898249293
47,71.96232944093532,75.03141428349694
47,72.02131403653883,74.99100393961146
47,71.95857347489635,74.974104450648
47,72.0370501537529,75.00081144756842
47,71.97676860750829,74.98226778098393
47,71.97650324519363,74.99751039275404
47,72.00345680285837,74.99523098801149
47,71.98123984849332,75.01004337012756
47,71.96672277625163,74.9765755901984
47,71.98812243754888,75.0085793293711
47,72.00669426603511,75.04861428957616
47,72.0397012420831,75.00363412094853
47,71.99177876915996,74.97352560133571
47,72.04228380287259,75.02365632381499
47,71.9714450553033,74.98929643310214
47,71.99623072961191,75.01756394314046
47,71.9839076550548,75.00539626919793
47,71.9641356439797,75.01310241530993
47,72.00326955431171,74.96475128660039
47,72.01782566207937,74.97018186770512
47,71.95955716182647,75.02097508918486
47,71.97899128453837,75.04336832711964
47,71.98717046158542,74.9863726779095
47,71.9709015908617,75.03603062364294
47,72.00583186201239,75.01135002631943
47,72.00704568925799,74.99936195759116
47,72.02922143818103,74.98772200622533
47,72.03393277327098,75.02034076751373
47,72.01416175594507,74.98834395490518
47,72.00039494933802,75.02582232279008
47,71.98214682440992,74.9699257014552
47,72.0442164520542,74.98464318537307
47,71.98754853355572,75.03328203491131
47,72.03738017043261,74.99862643269702
47,71.98344622747193,75.00071918757963
47,71.97527016421373,74.96539254022677
47,71.96810401668745,75.00839627345424
47,72.01244974521974,74.97293580424939
47,72.02338439928164,75.01210030463568
47,71.9690447358976,75.02560942652744
47,71.9988773062689,74.96717439673493
47,72.01056173610488,74.98348772359024
47,71.98456042587271,75.03405457260068
47,71.98066616345734,75.01457369246901
47,71.98975107070633,74.97284490224988
47,72.0115371349894,75.0008431044872
47,72.00277771254325,75.04718050607323
47,72.04533063469279,74.98855876301634
47,71.99215599085726,74.99620614046198
47,71.97972559790443,75.00302239846084
47,72.02566453695076,75.02499164680498
47,72.00312009675935,75.02864377385535
47,71.9767467745199,75.00654710537606
47,72.03084542050256,75.02838149799292
47,72.00600869291952,74.95834345551687
47,71.97138009191312,74.97961025361784
47,72.0129767368148,75.01713402628661
47,71.98835730195054,74.97679387259797
47,72.01556852053011,74.97896431495481
47,71.99603257187063,75.00957471889335
47,71.98749756792647,75.00551424108484
47,72.02095327687921,74.9881439636711
47,72.02069396320418,75.01366270968104
47,71.99356819141353,75.02753647899993
47,72.00093545405676,74.98433822853562
47,72.04166623557502,75.01789808659719
47,71.97247475823387,75.02796854724826
47,71.96212373852465,74.9723135188573
47,72.03386652136125,75.01143872256003
47,71.99304356047054,75.02250914409228
47,71.99873474160844,74.98443505134789
47,71.99762941998875,75.00505135057082
47,71.98246012008254,75.03512368703078
47,71.99272283827261,75.0046358303489
47,71.99444220061133,75.04733862175397
47,71.96644599753833,75.0083908569124
47,72.02294243717182,75.02759901186099
47,71.95241553250732,74.9935559556892
47,71.99695002527501,74.99948110622631
47,71.97578967800177,75.0255702213053
47,72.03558883384673,74.98123671130676
47,71.97292775052219,74.99767336032191
47,71.95822445359613,74.98899167485995
47,72.01784775268719,74.963032082004
47,71.99364192363254,74.99836845795262
47,71.97103428738922,74.96446147502681
47,72.02456832600745,75.01928312301214
47,71.99692923650011,74.97046056855238
47,72.01136717434491,75.00861269058463
47,72.00848827266024,74.97795445411609
47,72.02336780016586,74.99827484359666
47,72.04406780727109,74.97835645027611
47,72.03852346533634,75.02985425076649
47,71.9735959713951,74.99941306722853
47,71.96233148708157,74.98803479499465
47,71.96336412811681,74.9696243567361
47,71.99108087158407,75.01884095937834
47,72.03569500752953,74.99993285810731
47,72.02499442792352,74.96699642139862
47,72.03134295507637,74.97223441191328
47,72.02630312213758,75.01492292042397
48,72.01213291401014,74.96083152713298
48,71.98183823574418,75.00501697055263
48,72.00675264645794,74.97473049561115
48,72.01869435563452,74.9602054414464
48,72.00386456245275,74.97291640850112
48,71.97699894505229,75.02089998176744
48,71.98648125329655,74.99115882478476
48,71.9762097878981,75.02063031952103
48,72.00500564249214,75.00891277451429
48,72.04425922692582,74.99204843408661
48,71.99755160641504,74.98444846034695
48,72.01035154075355,74.9950999710921
48,72.00785704666532,74.98475290615323
48,71.97784941825508,74.9740949104721
48,72.01848899366651,75.04191682845956
48,71.99450011932109,74.99193591725391
48,71.98889344504055,75.01696928857532
48,72.01998539984898,74.97672948430436
48,71.96587418987384,74.99649818549271
48,72.04748561321082,75.00343929250587
48,71.97729933737452,75.02607230094868
48,71.99111809083041,75.03641023477418
48,71.98285119450654,75.02348616350422
48,72.00874352229904,74.9834578468746
48,71.9669605681054,74.9814905187268
48,71.95140353028319,74.98967321545685
48,72.03834040884317,75.00193056559047
48,71.9889452263686,75.00824113995978
48,71.98078294018877,75.0093433455432
48,72.00620259612175,74.99668745145108
48,71.99183639621876,74.99577759618113
48,71.972895969871,74.9985074122674
48,72.00630878975777,74.99926639599988
48,71.99773146290178,75.00516140533095
48,72.00117648741397,74.95671048129779
48,72.01596944787511,75.0091420731558
48,72.04602727807627,74.99845076234216
48,71.99924231057075,75.04994776388692
48,71.97649433787763,74.98376274864539
48,71.96099802803676,74.98957460572473
48,72.0196761328017,74.97989232132217
48,72.00685304136412,74.97036015922022
48,72.03328362351711,75.00209313703012
48,72.0082065349975,74.99032045562515
48,71.97431692577753,74.9724649400485
48,72.01913563957264,75.00484604921007
48,71.98584430827903,74.99029794422965
48,72.01070472083634,75.00712294631525
48,72.03306832578296,74.98697881897215
48,71.99928812771596,74.9975997550146
48,71.96614748127766,75.00675867439175
48,71.9950877770358,75.01089054978878
48,72.04709702149832,74.98544031258282
48,71.97526676609843,74.97675508400283
48,71.9633294089681,74.96916453329762
48,72.00404952075613,75.03503691532683
48,72.02609447018881,74.96611608242534
48,71.96242270548727,74.99413532286998
48,71.9714819410078,75.04063393884103
48,72.00964982700287,75.00780490441855
48,71.9757424834379,74.99582893834416
48,72.02490125698073,74.99756922529302
48,72.02992339728878,74.97502453401823
48,72.00610294219068,75.0004149813123
48,72.01567693616178,74.99213223997432
48,71.9862898010815,74.96963880528457
48,72.00266682024412,74.95778281980164
48,72.01293572159385,75.00923015474632
48,71.98096738828211,75.0192507174361
48,72.03121188761769,75.01509773439486
48,71.97644986078168,74.96389400637328
48,72.03650590762985,75.03365896778094
48,72.0106334607563,74.98719082253804
48,72.00676997383249,74.9825961442067
48,71.99693080062838,75.00118123706328
48,72.00016840057059,74.9986203552345
48,71.96624190826205,75.01764884904566
48,71.99456285695891,74.99711964679685
48,71.99762263770066,75.03524493445096
48,71.99414956427172,75.04279290435319
48,72.00917712696155,74.98399619353268
48,72.0040753348348,75.00103201053327
48,72.02120708960442,75.02083375514856
48,71.97105124450198,75.03855175212617
48,72.02783252059137,75.01695579642482
48,71.95965843222957,74.97107429165042
48,72.0108742649209,74.9897024319333
48,71.99908055338771,75.01722682273908
48,72.03827697677751,74.97916691924236
48,72.00373712234003,74.96303194448475
49,72.0100465400526,75.04170831065305
49,72.02281753770926,74.99847639885793
49,72.03248118675093,75.0319814711868
49,71.99279444649379,75.01915642878687
49,71.96014450258716,75.016998022352
49,72.00967676852318,74.95105761303104
49,71.99673217950033,74.98033855924595
49,71.98378054676171,74.96461127627512
49,72.0234391312537,74.97470835159544
49,72.0493219886612,75.00250319398162
49,72.01245250436821,74.99295192510448
49,72.01346812803935,74.99620590238135
49,72.00420651174282,74.9565775404589
49,72.00207380752369,75.01981278667488
49,71.96185031132177,75.00517514369423
49,72.01023878584175,74.98081798165082
49,72.00111956592215,74.97767267343737
49,71.97856151541058,74.95510126934879
49,71.95461543797734,74.98868011222737
49,71.98539448048649,75.01570787113106
49,71.97217666975946,75.03708054214427
49,72.0360132791321,74.9793888732348
49,72.03920493249484,74.9856934814417
49,71.99347530443443,75.00784223362425
49,71.98013861244007,74.97518381533226
49,71.97537620797128,75.00578014585705
49,72.03665195162131,74.99613315973518
49,72.00893171430735,75.0370200653241
49,71.99779462250393,74.97635986783544
49,71.98923080889055,74.98040252028424
49,71.99609612586215,74.99746495966647
49,71.99096324417546,75.02198537767516
49,71.96556661958535,75.02733998563758
49,71.97342809564623,75.01958628059428
49,72.00001769444096,74.95889401565648
49,72.00731128350482,74.96445535788129
49,71.99167119294064,75.04188434090163
49,71.98773832993842,74.99323025563
49,72.0412721588135,75.01430989265063
49,71.98893388318722,75.00797630761107
49,71.98984878431425,74.9802079277481
49,71.9621555665268,75.02010377633113
49,71.9816585239339,75.03382148527692
49,71.97601051214211,75.0386359175458
49,72.02552797374238,75.01543975654695
49,71.99229957175469,75.03059286178345
49,71.99930413980191,74.96035813825509
49,72.00906154891334,75.0194497323741
49,71.95331344528931,75.00882591699907
49,71.97128988311823,74.95934671318935
49,72.02827983938697,74.98758504895805
49,72.02437395351875,75.03836722684768
49,71.97872995116417,75.04152934385459
49,72.01904475787994,75.02456957680424
49,71.97482230240342,75.03220031642523
49,72.01661236661566,75.01340078874831
49,72.01023181125181,74.96074274398657
49,71.97349266135127,75.01613024326815
49,72.02844939354391,74.99138325729258
49,72.00715378605761,74.97635156729795
49,72.02207034294777,74.99657317217101
49,72.02129303093064,74.96162677729707
49,71.98779449578616,75.00428948070861
49,72.00560588375637,74.98875936536793
49,72.0009059569694,75.04008812469975
49,72.04250620104858,75.01979310376848
49,71.99731303844337,74.97862640126975
49,71.98515532352407,75.02707935316234
49,72.00756400263943,74.99166165374062
49,71.99056150192202,75.00122490874028
49,72.00488266427952,74.99849335291934
49,71.9733780612724,74.9769265288733
49,71.98761667142563,74.97010881019226
49,71.99587320804433,75.01308842396404
49,71.96622023397015,74.96833915363268
49,72.02847587561484,74.97520078499821
49,72.02912555775563,74.97757331944534
49,72.0125709253006,74.97582506397491
49,71.97063436727913,74.98651467985738
49,72.00016840057059,74.9986203552345
49,72.00254891291179,75.02971100917307
49,72.01236651498618,75.04374025624509
49,71.97120959641492,74.99599500889802
49,71.96939689780416,74.994149497488
49,72.01050330585163,74.98480205614649
49,72.02764604236548,75.00705807656509
49,72.01873841780599,74.95979126624657
49,71.99261568199728,75.03203346848177
49,71.99756679309728,75.03429209807419
49,71.98880792971529,75.03286932736827
49,71.99435138550335,75.01558140686838
49,71.9677103912864,75.02909592979546
49,72.00889289927557,75.02151091904585
49,71.9939656119444,74.9551791740993
49,71.99214102726303,75.01797383730388
49,72.00132765030469,74.97855506608269
49,72.01742750218426,74.9854747354074
49,72.01121401816256,74.9905441460429
50,71.9698822633115,74.97031564993573
50,71.96581569264423,75.02032571856068
50,72.01705298196231,74.98303132065355
50,71.96544060147657,75.01193247203062
50,72.01011257915343,75.02112992315561
50,71.98431425516013,75.00493316247625
50,72.01867861412305,74.98446408821749
50,71.98640611874205,75.02471572517369
50,71.98937875687479,75.00083584673035
50,71.99966310341085,74.95128160291411
50,72.02770580290026,75.00408751437257
50,72.0031136265212,75.0417179527638
50,71.99843116364677,74.98736118996132
50,71.97180173726181,75.00675819629555
50,72.01075075064576,75.01747288761707
50,72.00115419647489,75.02951693158096
50,71.98816725398467,75.00882317947212
50,71.99555444889256,75.04461138250029
50,72.00727453318747,75.04376619397969
50,71.97975829537542,74.96781698502006
50,71.97986714344961,75.02951709354552
50,71.98332356089567,75.00855028611522
50,71.95780580139377,74.9889942360112
50,72.0277941739347,75.00470231917109
50,71.96429962361853,75.00544426755437
50,72.04076173921949,75.01505207188058
50,72.00720691065557,74.9894249102253
50,71.98214346085801,75.02404101146618
50,71.97613194161717,74.96761211662367
50,72.01566415433615,74.99983231584335
50,72.02488920760001,74.98180014361321
50,72.00770215799409,75.00300540105663
50,72.01434470347023,75.02579812209548
50,71.97219699689786,74.96474072957186
50,71.96717301223237,75.00274576095768
50,71.99118935927592,75.00606029812867
50,71.99356512498747,74.95070949347406
50,71.99083904771169,74.98697729245616
50,71.96789199405828,74.98619758494193
50,72.01700362201649,74.96829758357217
50,71.98428904933279,75.01514821110179
50,71.99535104635221,74.96321396942034
50,71.95143789096853,74.99554094634549
50,72.00654654193018,74.97877847167538
50,71.96975235975096,74.97776009322506
50,71.99181642246756,74.97192471233846
50,72.00374058758145,75.00134512511092
50,72.0122856403537,74.98648480910965
50,71.98051603571304,74.96665339839205
50,71.99310376718044,75.01946631374386
50,71.97690681486976,75.01739331631485
50,72.02661168830053,75.01932269165641
50,71.98872770384025,74.96646624974089
50,72.00334873444365,74.9805705899246
50,71.97889162828679,75.03575637446306
50,72.00723574013941,74.99037858710496
50,72.0017154486634,75.01124478066538
50,72.00178114273234,74.991090487333
50,71.97539059889311,75.03621848355141
50,72.02348851044056,74.97314174619838
50,72.00872824754427,74.9873074244333
50,72.01569686695673,74.96578784898557
50,72.02936960058848,75.03106786160043
50,71.98239294295618,74.98721346420648
50,72.01297490860848,75.00793523567455
50,72.01255653266276,74.97794953288432
50,71.97519288971242,74.9740072382751
50,72.00821385242946,74.9909241174222
50,71.98614653371608,74.98583225307284
50,72.01504973566693,75.03553145695561
50,71.98543739345155,74.9599789344977
50,72.0151347277475,74.96075809329716
50,71.966521929871,74.97051127691965
50,72.04683248520315,74.99143560749508
50,71.96083669589599,74.99161135140535
50,71.97802957382983,74.95868643708106
50,71.99475070767065,74.9632784244148
50,72.0029900802359,75.01172427820364
50,72.02148520438949,74.99689139796092
50,72.01361622275321,75.00236011996495
50,71.99329996411814,75.01693198983752
50,72.00774022648464,75.01250356649615
50,71.97463971976572,75.02846455250979
50,72.027901697859,75.01753780828142
50,71.98574174709647,74.9601041799401
50,71.99789525245497,75.02959949127768
51,71.99486569718182,74.97253634032714
51,72.03082742104071,74.99285837525487
51,72.02134866170485,75.00775017128413
51,72.01531811265325,74.95732699116513
51,72.0009526498756,74.95032133326288
51,71.97826225500215,74.99850144761395
51,72.01845658840759,75.03301943225429
51,71.98167975831845,74.98937475078345
51,72.01863307357414,75.01350872899218
51,72.02200940506242,75.01817599219595
51,71.9595824409714,74.9890312838958
51,71.9644823854533,75.02007566892524
51,72.00846351021846,75.02483305145789
51,72.0114539785186,75.03760791644982
51,72.01372439339409,75.00844325981431
51,71.95172470217535,74.99078812704282
51,71.9769966463157,75.02043053825898
51,71.9780855570289,75.03850177574684
51,72.04004217594925,75.01033483543232
51,72.03189046119053,75.01540450851729
51,71.97593715204287,75.00496796577485
51,72.02095327687921,74.9881439636711
51,72.02924984946868,75.0189780895604
51,71.99263488150588,74.95773713327392
51,71.95616880550092,75.00963354737281
51,71.97601121744029,75.01620573692537
51,72.00579040516654,75.03453283941506
51,72.02797795973366,75.02181223731412
51,72.04139959031032,75.00871197704036
51,72.01494538188221,75.00089443303133
51,71.99849348347854,74.95983808474959
51,71.9553202758175,74.98404321482381
51,72.00316873356995,74.95813024418835
51,71.9991056240896,75.00437584962177
51,71.99700230934317,75.01526327960295
51,72.00297844698841,74.98634465366864
51,72.00616538294659,75.00285192538985
51,71.98575001320857,75.0350740825238
51,71.99288331772235,75.02509322099719
51,72.0063309296749,75.04148277594085
51,72.00116791919523,74.9713257174501
51,71.98354641445773,75.00978191463663
51,72.01370193991224,74.95255688026994
51,71.99465396503855,75.03694855233299
51,71.97306769941903,75.0334888205156
51,72.03330690868007,75.0350458014939
51,71.98029881630775,75.03965538558823
51,71.95589033306902,75.02017573779604
51,72.03798918502805,75.03034243673063
52,71.9989722467715,75.00443365454146
52,71.98353087372803,74.97001402888782
52,71.96436671895188,75.01189487060881
52,71.98329867731215,74.9797511479774
52,72.024573197649,75.03364403698832
52,71.99292904715318,75.00122317289977
52,71.96975399247191,74.99924876455366
52,71.98000917632686,74.99003558142726
52,71.97223771039425,75.00291932128762
52,72.01561202298599,74.9633016294147
52,71.97154671319258,75.03783913589685
52,72.00420907162089,75.0369266031384
52,72.01075945730601,75.00457002914266
52,71.98252338455418,74.99542797994397
52,72.03131568610841,75.03737244036984
52,72.02646075796329,74.97618779366948
52,72.04056749002501,75.00541806338083
52,72.0222772458473,75.0067761470066
52,72.00712834238762,75.01321570604652
52,72.03227381958577,75.03761349123235
52,71.97645217775991,74.98542138962414
52,71.97823404115798,75.02033920540984
52,71.97065414996293,75.03021782930217
52,71.96888541585585,74.96819366844315
52,72.02025366643623,75.00851761664975
52,72.0319988849695,74.97936149666924
52,71.99917589333045,74.99679689212563
52,72.00566295267855,74.98067435300524
52,72.0215748566266,74.97029796325702
52,72.00702103901469,74.98719115765479
52,72.0077200488188,75.01726816564482
52,72.00688715316508,75.0046794668333
52,71.98707511267182,75.00898360731071
52,72.03343780860132,75.0213789704403
52,72.0421953495367,74.99149927864262
52,71.98296411368517,75.02505780615842
52,71.95861609857333,74.97604415158648
52,72.03978661748219,75.00768245539311
52,71.99343734888875,75.01248172903574
52,71.98028824295085,74.95963635140424
52,71.97671021601944,75.02847873999505
52,71.97575558355464,75.01451003694797
52,72.01776569766407,75.00288682652335
52,72.00928394224681,75.01506843651015
52,71.99883857362478,75.02145975107871
52,72.03100198223815,74.9676507166751
52,71.97599594521785,75.00590865220757
52,71.97223771039425,75.00291932128762
52,71.9669666856969,74.96483231332743
52,72.03531090415417,75.00926407039103
52,71.97278427992089,74.9588691362795
52,71.95312481051458,74.99588234107493
52,71.97624404515378,75.0111330183432
52,72.02727539355465,75.0204078699989
52,71.97833846417605,74.96888429031493
52,71.97770005797732,75.0251069296365
52,72.0252656343523,74.98545768647281
52,71.98478672565011,75.03586988864181
52,72.01569686695673,74.96578784898557
52,71.96690096587837,74.98913449165944
52,71.97202567282541,74.98688261133897
52,71.98424291596037,75.04595817277327
52,71.98453911061634,74.9701636151694
52,71.9668483246254,75.03134686371668
52,72.02445548956189,75.03350676644622
52,72.0251592973692,74.97098232730616
52,71.97867672720433,75.03008893328159
52,72.00524312687685,75.01237090896903
52,72.00685304136412,74.97036015922022
52,71.95258951447255,75.00104880668117
52,72.00688715316508,75.0046794668333
52,71.97152080615024,75.01372719887641
52,71.99572248554725,75.01756498491407
52,72.03596908637438,74.98500185660707
52,71.95132025521924,74.9989960727253
52,72.00958937234442,74.99372657290347
52,72.02301995561419,75.03067619862405
52,71.9664669553671,74.99645504696544
52,72.01582216639936,74.98989428329055
52,72.00993369670421,75.03325998669699
52,72.0463189556652,74.98982078754246
52,71.96429926715622,75.00613654898093
52,71.99763199470208,75.00296584523458
52,71.98140536988751,75.0003121842106
52,71.98868775048854,74.99900996076579
52,71.97038965654077,75.02527598534411
52,72.03884894241068,75.02397810000949
52,72.04139395085899,75.0055541128166
52,71.97692837291628,74.97655697051307
52,72.01097050582041,74.96090265547724
52,72.00781072815481,75.04524587626861
52,72.01484562147343,74.98747149745348
52,71.97389951837843,74.97950635884334
52,71.99850048997905,74.9965977949486
52,72.00077247314431,75.0004354085315
52,72.02178437835487,74.98625770127312
52,72.00504045633951,75.00540019527953
52,71.9691731866807,75.02550573767695
52,71.96531466243528,74.9974392796826
52,72.0204309320144,74.97869934638129
52,71.99749641785002,74.9990976847655
52,71.972718092635,74.96105918114878
52,72.0284472282859,75.01828819728608
53,72.03420662912369,74.9649922082727
53,71.95894320963585,74.99359100221982
53,72.01043216124575,75.04231784687201
53,71.98940755285298,75.02586681406036
53,71.99804010624902,74.95630332601226
53,71.98052852621485,75.01340148495892
53,72.00456481812238,74.98068665787304
53,72.02861919791196,74.99409879906993
53,72.00181589948421,74.96359358165462
53,72.04556256068912,74.98614733077379
53,71.97778337934892,75.00629669881846
53,71.97013164326303,75.001439506444
53,72.00295327867329,74.970776058723
53,72.04448435162398,74.98943949959425
53,71.99518901567119,75.00351366596824
53,71.96408479737309,75.01164482758385
53,72.01990764727893,74.97144892209099
53,72.03323317478413,74.98843725953084
53,72.0121681801025,74.96121373310488
53,72.03596139273105,74.9840037651236
53,71.9762668471803,75.01776889470707
53,72.01018718808673,74.96740979750305
53,72.0292702583053,74.97522029447671
53,72.04623668051732,75.00898497786388
53,72.01333424901028,75.01652408359413
53,71.99994634644567,75.00064206096745
53,71.9730828465652,75.01084754182526
53,72.02127242934398,75.00970320056122
53,71.97913238222068,74.97947878682938
53,72.0479343797255,75.01234073709753
53,71.99320352436968,74.9928798627109
53,71.97997712935405,75.0022275413259
53,71.9829995192857,74.970077806109
53,71.96144647252068,75.00351010873982
53,71.98664287959396,75.04525758698226
53,72.00184201824102,75.03029231205925
53,71.96948060747627,74.96377548748163
53,71.99433077843533,75.03095773722004
53,71.99402815245939,75.00398922971004
53,71.96566769946686,75.00003015371009
53,72.0234618957141,74.96208416997887
53,71.9861564558351,74.96007314600443
53,72.01687221406266,75.01737650821887
53,71.95798876465724,74.98151936486136
53,72.01405186002282,75.01028755582323
53,71.95305460063226,74.99305798549524
53,72.00935352636736,74.9665064207813
53,72.00066085853385,75.00115773101415
53,71.9740943931034,75.03247962582402
53,71.97211378262428,74.98650079597999
53,71.99705547964088,74.98349175787988
53,72.0109060226877,75.03932250363992
53,72.00923102146324,75.00480315088461
53,71.9587349194461,74.97734253699214
53,71.99825657588109,75.01097082330983
53,71.98403080118872,74.9987701214465
53,71.98520919855227,75.03750626422774
53,72.0222617830756,75.00680022665595
53,71.9992599861289,75.0062082769159
53,71.9739414029508,74.99348429454636
53,72.0216120215739,74.96055487820813
53,72.0096404648613,75.01757945892781
53,72.00662240376776,75.01658939361178
53,71.9573831067675,75.00196767036074
53,72.01538223255334,74.99666029300002
53,71.96541197759863,75.00880845781658
53,71.99295853231905,74.99644178245443
53,71.99729025080289,75.03584847448779
53,71.9762604599816,74.98362345556146
53,72.0234848158646,74.9913601443278
53,72.03506790198387,74.9648503839653
53,71.96466266424939,74.99958413401872
53,72.02972829076401,75.00370642939508
53,72.02048344051886,74.97956749254396
53,72.03698648962035,74.99918099858291
53,72.01415314786516,75.04650744711434
53,71.99265719088667,75.03163558421726
53,72.00945972645262,75.032897764035
53,72.02712358706866,75.00264773945081
53,71.96592285599438,74.98654941284461
53,71.97053713516353,74.96152965013073
53,71.97823404115798,75.02033920540984
53,72.02173624041912,75.03736039909373
53,71.98340018437997,75.00176000253882
53,71.96642540720188,74.98163519731506
53,71.95503869443586,75.00497365501002
53,71.97987202552791,75.0358242275163
53,71.9920216605218,75.01538917359396
53,72.04669499063708,74.98403187304588
53,72.00511225004446,75.00721092025803
53,71.9880108145014,74.98085552481804
53,72.00684023566735,74.98915823995549
53,72.00484663000198,74.98454650460701
53,72.0099957266377,74.9994452901514
53,71.98656452709524,75.01269880177982
53,71.9513637266849,74.99258902007172
53,72.00046657544642,74.97084018558009
53,72.02900851063539,74.9670170742221
53,71.99567464968202,75.04491700869933
53,72.032290590412,74.99533355819153
53,72.03949415479217,75.01060579138144
53,72.00305826700291,74.96809979111204
53,72.01497860780839,75.03814054092591
53,71.9686938194838,75.0137655626312
53,71.99815032362218,75.02085229193034
53,71.97132074440535,74.9962875163944
53,72.00378503225404,74.98238396608573
53,71.98308242632051,75.00641660710278
54,72.02647537625819,74.99380419074868
54,72.00521404951536,75.0334422834042
54,71.99656042999918,74.98149720142476
54,71.98833016368644,75.00676004334575
54,71.99296769503209,74.99586698147647
54,72.00202216589682,74.95739973505066
54,72.01447335120417,74.99666399418561
54,72.01057380136976,74.95647818036859
54,71.97597223488323,74.9876856992137
54,71.95999452129917,75.00958290173523
54,71.96839422623121,74.99044339747863
54,72.02794807140478,75.0370149875856
54,72.00668681933521,74.96096673033007
54,72.01734821872832,75.02452054963116
54,71.99290011849851,74.99469166623834
54,71.99802716390295,74.96082195730808
54,71.96411609728861,74.9793765772648
54,72.00067770612426,75.03654610359388
54,72.03097587974362,75.01567054786624
54,72.00694381238709,75.0144203099675
54,71.99507393239236,75.02397626858281
54,71.98792742706566,75.03758119425916
54,71.96468992805399,75.01115557877174
54,72.0106040098103,74.98210955071927
54,72.00471548336007,74.96561707418886
54,72.03011589917418,75.02042503229923
54,71.99664422352802,75.04398230831798
54,71.99342280494778,74.9704500206105
54,72.00457677056521,75.03602319147569
54,72.01107919095469,74.95393327529817
54,71.98624787554272,74.98209546704996
54,72.0101563087632,74.97431946101634
54,72.04015216513376,74.97291920244486
54,71.9588817874268,74.99214999439957
54,72.01552926419474,74.95270871671838
54,72.02135611400575,74.95508951366631
54,71.99024394648343,75.00621646724495
54,71.9806741822906,75.00714317543144
54,72.0450010270339,74.9870918060897
54,71.98416756944134,74.99910353050178
54,72.02325553467199,75.01627896665653
54,72.0496038891803,74.99929489514582
54,71.99226948405175,75.03077622840696
54,71.98697986363709,75.03236108632872
54,72.01499454052933,75.04446803832465
54,71.97626602441765,74.99348785282115
54,72.00283230388449,74.96337330285678
54,72.04362176721884,74.97662359085035
54,71.9602589333524,74.99206192185453
54,72.01463629339429,74.98621198719418
54,72.02140956323476,74.97991621067705
54,71.97939027981865,74.99832053182121
54,71.99011022183115,75.0447325609574
54,72.02678804895542,74.98213149590666
54,72.02503013033164,75.00411984367794
54,72.01542929107708,75.01356967009835
54,72.04738115756805,75.00098238766174
54,71.98447867745845,74.98135384493685
54,72.01877117530378,74.96619725652043
54,72.01818729060393,75.01674596922818
54,72.04704272795843,74.99368323544117
54,72.03540730294706,75.01163089262862
54,72.0044114730704,74.9572691706315
54,71.96192182518861,74.98853481098293
54,71.97564475306744,74.97171315738782
54,71.98928494138113,75.04132466641316
54,71.9621989703207,74.99798278501103
54,72.03128177724007,75.03198118994511
54,72.00383553472989,75.04259923621474
54,72.00744881447551,75.04454896808818
54,71.98194899987332,75.00749560837755
54,71.99562539014188,75.01105531632895
54,71.95336725336989,75.01443900393222
54,72.01522209456053,75.04054195390954
54,72.02845508698353,74.9823949430731
54,71.98424727365676,74.99192877537581
54,72.02700528669128,75.00276263874778
54,72.03574866689475,75.00778738700343
54,71.99207560418432,75.01425211819458
54,71.98064267175239,74.9804432452984
54,71.98813286115796,75.02143745724081
54,72.00549216767048,74.96823281020991
54,71.99089657558015,74.95311116505124
54,71.97766061836077,74.96387884358792
54,72.01683600170315,74.98266701134132
54,72.0317300874557,74.99319863515977
54,71.98856774654467,75.02705272175677
54,71.98789987092323,75.01797198684835
54,71.96511400565471,74.9746317696016
54,72.00219670577306,74.98889854147478
55,71.98759089907313,74.9740717728477
55,71.98916404965162,74.98305620548945
55,72.03462672291427,75.0326488913268
55,72.01462654476498,74.99795028113353
55,71.9596894202204,74.99403974454636
55,72.02903869825843,74.96518160690354
55,72.0211686369425,75.03065799597931
55,71.9693125399982,74.9659472055304
55,72.00241989706225,74.98533972197873
55,72.03615909389796,75.02228209379628
55,72.04395905260186,74.9768121798109
55,72.01604142313772,75.04213348047149
55,72.03123146137106,75.03165386484417
55,71.99691396780331,74.99778928121593
55,71.95379290009114,75.00702161297465
55,72.00817183552509,75.00242249682883
55,72.01047083901362,74.98300307051136
55,72.00582192556458,74.98134634516197
55,71.95442176269185,74.98993674195265
55,72.01003512591737,75.01281986334062
55,71.97334054645997,75.01596256662638
55,71.98629443756168,75.00009249874708
55,71.98237370924107,74.99792123740043
55,71.97904574264746,74.99699417386846
55,71.98638838083205,74.97819918788989
55,72.00393223831121,75.04653459358184
55,72.0147087561914,75.01356285880347
55,71.98868775048854,74.99900996076579
55,72.00080053599777,74.9549985784221
55,72.01282010431214,74.9719569779128
55,72.00817613322477,75.03352914813307
55,71.98766187313052,75.0424849311439
55,72.03364560052621,75.03695744059328
55,72.00138065336988,75.04713156616106
55,72.01523139009639,74.96509363146488
55,71.97118049994687,74.9915203419716
55,71.96574161918053,74.97925458724876
55,72.02078256609836,75.03425348682768
55,71.9929614936162,74.99397268254326
55,71.95552203367136,75.0204038716034
55,72.00239167434809,75.04376741041617
55,71.9726984536431,74.98155238148235
55,71.9817481772167,74.99385853551843
55,71.99954491129238,74.98305440279277
55,71.96560077220474,74.9842573672149
55,71.98897084486221,75.00479307776278
55,71.9988990339481,74.96644411694284
55,72.0289987808441,75.02106483433772
55,72.02722157076806,75.00327020446709
55,71.95736973175849,74.993647124433
55,72.0490928410954,74.99662645849666
55,72.0289081067818,75.01716685550024
55,71.99258235426625,74.98354990136158
55,71.97108252714474,74.99040114070425
55,72.02043961907273,74.97278181841432
55,72.01619412681464,74.97638284770592
55,71.97807804013189,74.9635388557041
55,72.02569728937634,75.03193546644138
55,71.99045541418074,75.04444948184937
55,72.02269308954803,74.96236503225022
55,71.97577756327286,74.99326171894144
55,71.96432949877932,75.01165028378568
55,71.98683512298801,74.98511142502615
55,72.01663779364627,75.00872109038897
55,72.03135494923887,74.977733377467
55,71.99521997636877,75.00361446976007
55,71.97904409425291,74.99731413277556
55,72.00049035986109,74.96371298216302
55,71.99470666493532,74.98109741504284
55,71.96705930446633,74.97749655801535
55,72.00042123087401,75.01655560817075
55,71.99783624011349,75.01562229296306
55,71.97149053006035,75.00209156356296
55,72.00913432180191,74.98769712726416
56,72.02118552826147,74.98027730314985
56,72.00419536563854,75.0276112998622
56,72.00621067454563,75.00709154173845
56,72.01786804871445,74.95482633462358
56,71.9663960693064,75.00664786762148
56,72.02269363510601,75.0368385851005
56,71.98949719989753,75.02796571056282
56,72.00096240666338,75.01526854569529
56,71.9654735725194,75.01795624742387
56,71.96582214522667,75.02742267756301
56,72.02612033063488,75.00278424357833
56,72.0395480176899,75.0253054457509
56,71.97460207008257,74.98962343710997
56,72.00581199661514,74.98755894528215
56,71.95960412395273,74.98513030707414
56,72.03175627698342,75.00245240855148
56,72.01393294845067,75.03349288527721
56,72.00900689664657,75.02699380763087
56,72.02180546665392,74.98593311807724
56,72.03880165016976,74.9735208359568
56,71.97021642963446,75.02282723377033
56,72.01959811043231,74.96492097146363
56,71.95620044366332,74.98412168220187
56,71.97151686737307,74.9694787325772
56,72.00969783725762,75.02751693213908
56,71.97507236967304,75.02708618195682
56,71.99222893572784,74.9977746277352
56,71.98835325890981,75.03891346518768
56,71.9827044745405,74.96910209429079
56,72.04761556476674,75.01137713696458
56,72.00704658232412,75.02360239973005
56,71.96178312797804,75.00808979327891
56,71.96837654053628,75.02451417111558
56,72.0036367675743,74.95265253004534
56,71.99543261387257,75.01507095974027
57,72.01956395190224,74.98960627134524
57,71.96913234369137,74.99445690426046
57,72.01517622161177,74.97748214310627
57,72.0045598831595,75.03118132823114
57,71.99803436626419,74.97314339204985
57,71.996432141152,74.99378121260308
57,72.01553235424294,75.00316120212938
57,71.99753755643155,75.02837171242352
57,71.97095436708746,74.9971634485317
57,71.98404016743154,75.02679187059555
57,72.01078272684101,75.03264635145752
57,71.97948176955316,75.01020902676882
57,72.00204916904146,75.00909395842318
57,71.97688249712097,74.99098364614288
57,71.97727270621924,74.97582956330106
57,71.99550835472255,74.9885189107205
57,72.02576742577432,75.02637326506468
57,71.95808585407397,75.02472299235427
57,72.0196271419298,74.9649265203287
57,72.00368225289978,75.0294000879971
57,72.01023391362908,75.03704339382058
57,71.96392817875605,75.02624798164975
57,71.97683474286536,75.03536288437255
57,71.99118390362506,74.96143202715709
57,72.00098550806348,75.00520997356386
57,71.98471496418325,74.98777987577778
57,71.97355019184543,75.01827794460397
57,72.01333442017065,74.98511016485894
57,72.00055268076683,74.96586200203802
57,72.02273217893153,74.96020100605651
57,71.99570299102224,74.96794599554379
57,72.0087114173023,74.99941494865445
57,71.99958810522016,75.03351665535388
57,72.02905537985163,74.97426061835476
57,72.01754262306993,74.99010339370649
57,71.97254080862422,75.03628314381531
57,71.99520240823523,75.01145733402164
57,72.04018610586579,75.01867567896818
57,72.00249890042458,75.00257582328237
57,72.00576611462523,74.97333899205127
57,71.99441765614188,75.02180506125246
57,72.0253065377849,75.01926077391164
57,72.01033765903784,75.00116556513431
57,72.0241669653418,75.01514709939747
57,72.02768686371763,74.98719893262282
57,72.04696575638425,74.99791741881548
57,71.95811032373369,75.00130354552871
57,71.97685607707774,75.04100158515006
57,72.00200980668414,75.01896377724466
57,72.0117385091406,75.01145787466247
57,72.00108066062512,74.9937227043586
57,72.01717671713054,74.98089472095633
57,72.01167987296805,75.01882147793557
57,72.00870317319128,75.04476437592962
57,72.03881484545965,75.01583055429082
57,72.03998541480229,74.9864759359041
57,71.97522050590092,75.01439065619198
57,72.01090705093995,74.95357161170021
57,71.96053893630166,75.01068291052196
57,71.97362044463922,75.01035395161195
57,71.963493906744,74.97756043114649
57,71.99109135779231,74.977822813122
57,72.0172206860306,74.99786143171424
57,72.02192213295943,74.98101059265394
57,72.00189709520721,75.00725990148686
57,72.04141389885132,75.00383040064042
57,72.00646485960709,75.01517757678168
57,72.01786650891856,75.04423171603695
57,71.96425586121761,74.99416669968203
57,72.03391361542758,75.03648389111919
57,72.00309698323963,74.99236384639794
57,71.95839625265297,74.99556256886363
57,72.02378808187242,74.9927504217262
57,72.00749949506874,75.021334215686
57,71.99755519575562,75.03140521220429
57,71.96632126103376,74.99406452963916
57,71.97849427792025,74.97669505044107
57,72.01600756229328,74.95508905066049
57,72.00615153504063,75.01865365467984
57,72.04978353175389,74.99849152967245
57,71.99105935882699,75.0479508895998
57,71.99455472302265,75.00837705525315
57,71.97589715206269,75.01762497751511
57,72.0284448553423,74.9590635449251
57,71.95992929603764,75.01420523353498
57,72.02751798697777,75.02388124092987
57,71.99056150192202,75.00122490874028
57,72.0022886603209,75.01514497428501
57,71.95702740914473,74.97665804485698
57,72.00872965795631,75.0068932876864
57,71.9950618851806,74.96156604522155
57,72.04335519291699,74.99470548227212
57,72.00698484102043,75.00845084292847
57,72.02380241068839,75.00817986123612
57,72.00660304643418,74.99243212371695
57,71.96728988397626,74.99694815292114
57,72.0016550452652,75.0449652323584
57,71.96851172345609,75.0012469685049
57,71.98498171522708,74.97488832173872
57,71.99518691382737,75.00501254053796
57,72.04408745302376,75.00517795659297
57,72.02464519932491,74.9846579556072
57,72.00694472776524,75.04055443775587
57,72.00289438506094,75.02127255449231
57,71.98234554733551,74.95692015495858
57,71.98754853355572,75.03328203491131
57,71.97856151541058,74.95510126934879
57,71.96943571524406,74.97848605327938
57,72.0001522170406,75.02181933009996
57,71.97200737498291,74.98263642343166
57,71.9761509507249,75.02617051792562
57,71.97588355760261,74.97741826922612
57,71.98632850767092,74.97734843046204
58,71.99959207029546,75.01861107600567
58,72.02419779980602,75.02824715192226
58,71.96682686450241,75.03373782972473
58,71.97020151222316,75.00092835673298
58,72.01843155950363,74.9742986856549
58,72.00095522008414,74.98693257721766
58,71.96022508708363,75.00470940862445
58,71.999628379116,75.03088602226364
58,72.0370283295805,74.97884217241145
58,71.9905877704174,75.01824505323331
58,72.04537748775557,75.01618073341396
58,72.00371346608684,75.02117247693764
58,72.02616340534016,75.01789686316823
58,72.00613165618007,75.04469686494444
58,71.98996176686519,75.01391625180646
58,72.02458649503951,75.022557971425
58,71.96336971274651,75.02076312868098
58,72.00585662968406,75.00152945269726
58,71.97098556217908,75.00900395273891
58,72.04630530608995,75.00783487656828
58,71.9869936089654,74.96248813494576
58,71.96304901124402,74.99151284123434
58,71.96576642850785,74.96848869824892
58,71.95497268749367,75.00656721093794
58,72.03074516838703,74.9788566223121
58,71.99099062463536,75.00942739314796
58,72.0095745313599,74.96046293006329
58,72.01398958911336,74.96521679854904
58,72.00231792209735,74.96187580192823
58,72.02764698676384,75.03243443780457
58,71.96369999426449,75.01649477257776
58,72.0035486825689,75.01992207401567
58,71.99781332713277,74.9923072763178
58,72.02756635931962,75.01130434513071
58,71.97483224518658,75.03538442179291
58,71.9670894665868,75.0244414851232
58,72.03674478229117,75.00428315765315
58,72.01800394930534,74.98203088094118
58,71.98537498995057,75.00359882374477
58,72.00512223002586,75.01311840509786
58,71.97943082181332,75.02056416467224
58,71.97833803503565,74.98034161751768
58,72.04951948147581,75.0057359039296
58,71.99695750319123,75.0169994152355
58,72.01622470978788,74.97097092050117
58,71.96958048852802,74.99256273542044
58,71.99814464813987,74.96565155881444
58,72.04499216772321,75.01736421650489
58,72.01738362849927,74.95421769987215
58,72.02131722318475,74.97171408957078
58,72.00857347915858,74.99095890180936
58,72.01282705184407,75.0319876861159
58,72.03979455692644,74.99426005723807
58,72.02494596277982,74.97555381444704
58,71.9767290789316,74.98385890429805
58,71.98952498578033,75.03883749094412
58,72.0086489088396,74.98168317562278
58,71.98701680974673,74.95540544379158
58,71.96797463514469,74.96468156457051
58,72.0397012420831,75.00363412094853
58,71.99662066973936,75.03215878223773
58,72.00803469716269,74.97828312495862
58,71.9850901307565,74.99287929639695
58,72.03576560560083,75.03045436711483
58,71.9721019530669,75.02603302463332
58,72.02778267722066,75.02546994991424
58,71.9530339149993,75.00593644789153
58,72.04044232763185,75.00247440260735
58,71.97265986499617,74.98520661109077
58,71.95280465128455,75.00527118584206
58,72.01489989562303,74.96796007023801
58,72.00228261532182,74.99994479269029
58,71.97522050590092,75.01439065619198
58,72.00964105358479,75.0343959555958
58,72.00186895068316,74.98524493649529
58,71.96930108490794,74.97288405705062
58,71.99726045072623,74.98326051988073
58,72.0113599307097,74.96007640023107
58,71.99994634644567,75.00064206096745
58,71.99932327011312,74.99869424892144
58,71.98751116566497,74.95433693781601
58,72.0100465400526,75.04170831065305
58,72.00299901482227,74.98766636893384
58,72.00826706772966,74.9867100142139
58,71.98972796853913,74.97706958853468
58,71.97186432004486,74.99823974171221
58,71.96948363409057,75.00849729650594
58,72.02475199264777,74.98964140673293
58,71.99409768655688,75.00069247903636
58,71.97566901978753,74.99468590149218
58,72.03882962105193,75.00520986516536
58,71.99278918471886,74.98003119679717
58,72.02366864013166,74.96411458158828
58,71.99917546011208,75.01344348327414
58,71.99887201762668,74.95112722262715
58,71.95576725212439,75.00785959904499
58,72.02182800243557,74.99797444275426
58,72.00830169470503,74.99274268753612
59,71.99681605240545,75.01055425076834
59,72.04263910806645,75.02487638346737
59,72.0165182383853,74.99544342574534
59,72.00376751987956,74.96919661468431
59,72.02557922876387,75.02111095229654
59,71.97816582434045,75.01784997992688
59,72.04556219200055,74.98873221147966
59,71.9925573045449,75.02165856848117
59,72.00928747674756,74.98221462892703
59,72.0046204305413,74.9920914803857
59,72.00926506019127,75.00484414372363
59,71.97518842453984,74.97388240461534
59,71.98021935477043,74.98718847086978
59,72.01618040388632,75.0441792951407
59,72.02018152713053,75.04039340607342
59,72.0087037550372,75.02380350283826
59,71.98059670920964,74.96544745111376
59,71.98310928983835,75.00345338240999
59,72.02034647327308,75.01940386506244
59,72.01344234794973,74.97380119270248
59,71.99080789241212,75.03591979179284
59,71.9717817896856,75.01357624295001
59,72.03266496151515,74.99151882750334
59,71.97559394701416,74.99553255918504
59,71.98869507727693,75.02858099446865
59,71.96118442777966,74.9798085586748
59,71.98891461338414,75.02626934460278
59,71.99768748737013,75.02103189662138
59,71.95553996386982,74.98694341653793
59,71.9865701761177,74.9729036928455
59,72.00526506959837,75.01936503397896
59,71.96067391280609,75.02339419266015
59,72.02350995937707,75.00263977707439
59,72.02387504600452,75.02806797752422
59,72.03218238082196,74.99931943392689
59,72.01636940888916,75.02930731601279
59,71.98401967731122,75.01297530588397
59,72.00574846206317,75.04065640134372
59,72.00677103276452,75.02671630565837
59,72.01393859041092,75.00543544479072
59,71.9763601690178,75.0211927218369
59,72.02332382734126,74.99000687909574
59,71.96882199976457,75.01417789706792
59,72.00016842987371,75.04043808334703
59,72.04141389885132,75.00383040064042
59,72.01769548435958,74.98553566035957
59,72.00100614133603,75.0094417685177
59,72.0215968105377,74.9964773543581
59,72.03111179206455,75.00936556047405
59,71.95860055217462,74.99362013679878
59,71.97245599731474,74.99116665591012
59,72.0156626587423,75.02802338569981
59,72.02707832720952,74.98410946091448
59,71.97917917958127,75.02741704539419
59,71.98045965315332,75.00686242220605
59,71.98813532611257,74.97565481058037
59,71.9936822841508,74.97508108384724
59,72.02135969265933,74.98561637658655
59,72.02673946756718,74.99781316413129
59,72.02129303093064,74.96162677729707
59,72.02949011155624,75.03990713079389
59,71.9683300646554,74.96512103606774
59,71.98124265565369,74.9879700422948
59,72.01382487033209,75.00831459866025
59,72.0092101754077,75.04627426058954
59,72.01271311646857,75.00209366879915
59,71.99469096689641,75.04934182974343
59,72.03351352217993,75.02459676246202
59,71.99187338956861,75.01780085601519
59,71.99196919326191,75.04677694356404
59,71.96678016480716,74.97769335173506
59,72.04304048966901,74.99496402673174
59,72.0234990489135,75.00360596430123
59,71.97793885124268,74.9907505317226
59,71.98328149098576,74.95595733189673
59,71.99992285797605,75.01341913564677
59,71.99326078899763,75.03383332333478
59,71.99586364396966,75.03924617557796
59,71.97343159004346,75.0024852516393
59,72.02546152837586,75.00786833600347
59,72.01244285120953,75.01564234485103
59,71.98120324895014,74.95996446151155
59,71.98810215163282,75.03313959012891
59,72.03645142127681,74.99026326250997
59,71.99909393332631,75.03247855222351
59,72.01605241645393,75.04006684040009
59,72.0237160838421,74.9783214266796
59,71.97362000977806,74.96948708649197
59,72.02723849876297,75.01218377808978
60,71.9991026629704,74.95377346104422
60,72.00765693357708,75.02124863663812
60,71.9532748493349,75.00036331184022
60,71.97638892665427,75.03942522640934
60,71.99507996565254,74.96446161910936
60,71.96314054103776,74.97929176112063
60,71.9879901295761,74.9838152299907
60,71.96381144403679,74.99801249184885
60,71.98710277986369,75.0457318013897
60,72.00705480648537,74.96086914585356
60,71.98109318098918,75.03016902039194
60,72.04543663378979,74.99023659388888
60,72.01346201594052,74.98196887679107
60,71.97774078147876,74.99496034691748
60,72.02120882721039,75.01213852849675
60,72.00735652103502,74.99761552921875
60,71.95952756348535,74.97664316902608
60,72.0129767368148,75.01713402628661
61,71.99726045072623,74.98326051988073
61,72.02509038016568,75.0122812353105
61,72.04806400061247,75.00423968665595
61,71.98237092340081,74.9669107813566
61,71.99307460533639,74.98661285913751
61,72.00061686886386,75.04664278107012
61,72.03552103530508,74.98036230730206
61,72.04128925425537,75.02743734721717
61,72.02524925278433,74.99005387077788
61,72.00061401514549,75.0281586873281
61,71.99908641569907,75.02948908835377
61,72.00954457159776,74.96513207972149
61,71.99241080860418,74.99603218681267
61,71.97658294762516,75.01300589865554
61,71.98271996581025,75.02976444243967
61,72.02959981926328,75.0024751486772
61,72.00114806153549,75.01859844206729
61,71.97380014455437,75.0221596798104
61,71.97569972477018,74.99624533404204
61,71.96117325025044,74.99454872622398
61,71.99036414668554,74.97673200453075
61,71.96754852044548,74.99734695145706
61,72.03959722830102,74.9916154132682
61,72.02068133746062,74.99694125815546
61,71.9679977128331,74.98539563256675
61,71.98236773815464,75.002001311734
61,71.96452087332419,75.03043790994555
61,72.01516443815233,74.99961396176631
61,72.01442751971918,74.96194947442423
61,72.02195170658997,74.999995697385
61,71.98197393660332,75.01469984507601
61,72.00007613054616,74.9678363155844
61,71.9834636965152,75.0286777990234
61,72.04144722737706,74.97795822304354
61,72.00623936685722,74.99371293233209
61,71.9856942912232,74.98814077944182
61,72.0197641194879,75.00969945073679
61,72.02978091060525,75.01959080670238
61,72.02927907166907,75.02107633356563
61,71.99405844052535,75.01089211659499
61,71.99249500087123,74.95476236976378
61,72.03180288217678,75.00368065612805
61,72.03665969775624,75.02395535396242
61,71.99879529720273,75.01079212835339
61,72.0403275681911,74.99217346753858
61,72.00735991106481,74.97129299338634
61,72.0159527746104,75.02569321007051
61,72.00100396700604,75.0165503110601
61,72.03434009682763,74.99803145754552
61,71.99348829076098,74.99050351498842
61,71.961861151236,74.9896212268735
61,72.01233770358354,75.0275538044278
61,72.03575434112746,74.97978379071073
61,71.98353214474338,74.96849332648803
61,72.04623899923584,74.9960190962403
61,72.00483076924685,75.00995276462528
61,71.98622723075061,75.00177347899917
61,72.0399849492007,75.01081036372356
61,72.02231301975198,75.01965891288779
61,72.00859964832803,74.980949855561
61,72.02454930207398,75.00651733887703
61,71.96787884385259,75.00749747690809
61,71.95384704135198,75.01814179028344
61,72.03421614754804,75.0147337504013
61,72.01643341713142,74.99770115935452
61,71.98873987908651,75.04249858903096
61,71.99426422059888,74.96698485028143
61,71.97411363183421,75.03883040043037
61,71.98463998589109,74.99874424652266
61,72.02809288319608,74.97819538205506
61,71.99267873875263,74.98925485401193
61,72.00984720806063,75.0199508132229
61,72.01766497282148,74.99822405442148
61,71.97353686640501,75.00470741179541
61,72.02929914463301,75.02702220242229
61,72.03275708330315,74.99735028067094
61,72.0198031111893,74.96697250846016
61,72.01745861327912,75.00976164509737
61,71.99885840258399,75.02560906831289
61,72.01194109928966,74.9893939147134
61,71.97933492046575,75.02938605480927
61,71.9568519918165,74.98525699951723
61,72.03570449955308,74.98623786840912
61,72.01931083989967,75.04547513590038
61,72.00738838036874,74.97685218095955
61,71.97690681486976,75.01739331631485
61,71.96737421848339,74.97275723673414
61,72.00381231833606,74.97466043743907
61,72.00926103438536,75.04395772348816
61,72.04006858363692,75.01805340885007
61,71.97792119499245,75.01445218167788
61,72.03757237910646,74.99824842418991
61,71.9609294456716,75.00981139979396
61,72.0123912161577,75.02510218442258
61,72.03573879591411,75.0197060604276
61,71.98586159146268,74.9857553524731
62,72.02875801577748,75.03400221077038
62,71.95959229559355,74.97247233655804
62,71.98499019669768,75.00825242351107
62,71.99265697836451,75.0212574945167
62,71.9946701813342,74.99986773294815
62,71.9861919186223,74.957692622982
62,72.02070274607502,75.0097183342397
62,72.02076062027744,74.98643337947803
62,71.985802910908,74.96190962004793
62,71.9852844468965,75.0417039746804
62,72.00242063187932,75.04865569719226
62,72.02902469487793,75.0079305656669
62,72.01762820372974,74.9901609144874
62,71.9690081204477,74.96198732638526
62,72.01399264859877,74.96967829837506
62,71.99913151189729,74.99908390973103
62,71.98755826521116,75.00299703242625
62,72.00836778045189,74.98775300222631
62,72.02140956323476,74.97991621067705
62,72.02018152713053,75.04039340607342
62,72.00862152848188,74.99245183014315
62,71.98515748707817,74.97463790377584
62,72.01148248622087,74.99672809491535
62,71.97480259485724,74.9769445739509
62,72.00921837480169,74.98167301152282
62,72.00748754710307,75.01768724254002
62,72.00041881149184,75.03187241199123
62,71.95416417664599,75.001927330349
62,72.00804861971311,74.99487001575862
62,71.98543186161051,75.0361799566164
62,71.97005635562185,74.9755436767013
62,72.01207575418361,74.96436975003387
62,72.00582437564746,75.03274365893155
62,71.97206666824482,74.97538681463631
62,72.03410654054068,74.96947789857008
62,72.0023160786028,75.0420333775403
62,72.01395387237017,75.04387185139512
62,71.99861057054183,74.97948398094182
62,71.99147670793559,75.03088178469783
62,72.02986026681978,75.0364853295408
62,72.04624302187449,74.99068379495135
62,72.00812272237262,75.02875362796766
62,71.99050275581473,75.00158075020363
62,72.01120125639994,74.98635420429333
62,72.03581939762083,75.00545790752004
62,72.03343780860132,75.0213789704403
62,71.99759351871403,75.00739045220611
62,72.00100865110221,74.99906996432567
62,72.00289726344538,75.01828444326433
62,71.99979137019106,75.04577769620082
62,72.00106918563804,74.97724453828037
62,72.04053591269165,74.99425626097404
62,72.0440397074913,74.98502326110858
62,71.98215956082522,75.0274982636983
62,72.00283347421826,75.01172631872225
62,71.99727447274653,75.02064525610429
62,71.97479790591136,74.96395991816733
62,72.03565646552926,74.99659334319678
62,71.99417975404543,74.98907958913755
62,71.97782919218069,75.00133819665567
62,72.01854939822333,74.97632691808029
62,72.04425922692582,74.99204843408661
62,71.99604645004449,74.95446053680647
62,72.02229498079622,74.95721748560257
62,71.99270446052694,75.0110288661394
62,71.97448862156655,75.03947457521353
62,72.01782088110029,74.97729924960093
62,71.95677512871342,74.99108719410243
62,71.98018211849977,74.98737676018142
62,72.04267225992528,75.01194757507038
62,71.97511728467124,74.98412853221532
62,72.02704334016,75.03069160067736
62,72.04068476859499,75.00324295770191
62,72.01566921367439,75.01431533788056
62,71.98305320768377,74.95313350335624
62,71.99171618094196,74.96628213019395
62,72.00047034525507,74.98788929040613
62,72.01174557773551,75.01733875505644
62,71.98194233044576,74.98645634788267
62,72.01183030406126,75.0160468032292
62,71.99135793480839,74.96544725298234
62,72.03004577902904,75.00925455005641
62,72.03378435122141,75.01996981721172
62,72.02151029738657,74.9561918839839
62,72.00796107602686,75.03487724065147
62,71.98287336165349,74.96480082744114
62,72.01684323220032,75.01659984121945
62,72.00192511550237,74.99728238053844
62,71.99768748737013,75.02103189662138
62,72.00760840962869,74.99823540425618
62,71.98038463466624,74.9715727910861
62,72.0118346124592,74.96813186771773
62,71.987346659661,74.9891266369818
62,72.00366487306835,75.02877412023744
62,71.98963547975904,75.00039286526231
62,72.03738017043261,74.99862643269702
62,72.00254246214851,74.99995575229985
62,71.98190557394094,74.97561474798238
62,71.99547899768093,75.04451923569825
63,71.96306481300796,74.9735518513664
63,72.01459035269701,75.03099579381956
63,72.01381072816488,75.0114544962115
63,71.98798582506923,74.96116026974353
63,71.9993580676243,74.98198298208733
63,72.01532711109287,75.0096748129106
63,71.96384187794678,74.98153204323678
63,72.00299457658389,75.01827260219655
63,71.95652589366729,75.0005322565059
63,72.03165006239581,75.0353726104277
63,71.96634817335412,75.0070271350629
63,71.99594098519184,75.0203759228218
63,71.9975041447933,74.99281431413911
63,71.9843469564882,74.98226398801673
63,71.9819650016129,74.95463972405729
63,71.96310757534499,74.99226502961729
63,72.00619832793542,75.03217138869059
63,71.97933010184305,75.00695119861962
63,72.02330801920291,74.984287410871
63,72.00500359619917,75.02009767676245
63,71.98376765583224,75.0025984102641
63,72.04139760485302,74.98670979876107
63,72.03911569585063,75.01644507645574
63,72.0437944796259,74.99438409845212
63,71.99039361473314,74.99158262515914
63,71.97970405691562,75.02385442074623
63,72.03780965662271,74.98792638740635
63,71.9786840826378,74.99121240891765
63,71.97258887824081,75.02831602147056
63,71.96914941575606,74.98724906924684
63,72.0268707663521,74.98877089504785
63,72.02100581691677,75.03044630195973
63,72.01936460415676,75.01092618480891
63,72.02464905887621,75.0146917641766
63,71.97443909081062,75.00658924786012
63,72.00680662320039,75.01962743586476
63,72.03323317478413,74.98843725953084
63,72.02618789744655,75.0392888581568
63,72.00476042569811,75.01650123001927
63,71.98206877291375,75.00536237649122
63,71.97596366247909,74.97185348224592
63,72.01951019144425,74.992294980744
63,71.96377321581897,74.9867710564313
63,71.98566385231327,74.98608960736684
63,71.96330028371023,74.99711771758486
63,71.98421268769171,75.0249168076791
63,71.99822271414807,75.03292009520902
63,72.03879423328335,75.02687027522956
63,72.01845230718237,75.02690870778525
63,71.99060521759,74.95342654878047
63,72.01180969221005,74.99258667283964
63,71.97766061836077,74.96387884358792
63,72.04439566211836,75.00384499501126
63,72.02069885797279,75.01405064859767
63,71.9517614944353,74.99354172303441
63,72.02737599617618,75.02129995131021
63,72.02264299048868,74.96970391135149
63,72.03995286986597,75.02807028153215
63,72.01536246750443,75.02826714019125
63,71.95910845279869,75.02166022540234
63,71.99879391759613,74.9777191435623
63,72.01251307376519,75.0385511489097
63,71.99703017575666,74.97539748815265
63,71.97130183547023,75.0240782807268
63,71.98647591234052,75.04027333636463
63,71.96038828839542,75.01158160989449
63,72.01746861075682,74.9828549745177
63,71.99562479644611,74.96837691642158
63,71.97808532272194,74.96382845321527
63,71.9773220368869,74.97004046075207
63,71.96908357891738,75.03460812259596
63,71.96127391098898,74.98626286145226
63,71.98232089875275,74.98356516533556
63,72.0178992458369,74.98380108671026
63,72.03806127634041,75.0228075243966
63,71.97706661282608,74.96516815606611
63,72.03363111806048,75.02173023867093
63,72.00099528686033,74.97333454722082
63,72.00770427919542,75.02211300584193
63,72.01530415770148,75.03770769559434
63,71.9624657711471,75.01906704477274
63,72.03661912163331,75.0118970115252
63,72.03715519152355,74.99639578236211
63,71.9634225707819,74.99955479520534
63,72.04824732278824,75.00669092693553
63,72.02943811206116,74.98563835856024
63,72.01928374093156,75.04290201551284
63,72.00899332294138,75.01133609346863
63,72.01132775215612,74.9914718960269
63,71.99729325342533,75.03273903699133
63,72.03992011416808,74.9730452540238
63,72.01396522216845,74.97152443163155
63,72.0319988849695,74.97936149666924
63,72.02568132591936,75.01285516235822
64,71.96660003173865,74.99041286385271
64,72.00873690638456,74.99029533718108
64,72.00945279236552,74.9731971344425
64,72.04009610936359,74.98300769782573
64,71.97869864780661,74.98558760008719
64,71.9747050293624,74.99201111118063
64,72.01881231647293,74.99830326686276
64,71.9918778524429,74.99801508038652
64,71.9770319569339,74.96376538080007
64,72.01833374769087,75.04179818061863
64,72.00938668664664,75.00096784118169
64,71.98651583204324,74.95717966247322
64,71.9789796984559,75.02574902334592
64,72.00891104788502,75.00351755703153
64,72.04044639113847,75.02874527789224
64,72.00849750718022,75.03556509167002
64,72.00342348271302,74.9743305258323
64,72.03108537893819,74.96227743617915
64,71.99831805794551,75.01453218730205
64,71.9710652852425,75.0247349987147
64,71.95724092564573,74.98495638821534
64,71.9967149634864,75.01143452626759
64,72.0068600989097,75.02963619699469
64,72.01320430016531,74.97778717998392
64,72.0245595969673,75.00104603564681
64,71.97455646202702,74.98071616584957
64,71.99544772258058,75.01966897222485
64,72.00396725188897,74.98044502211467
64,72.01490736151153,74.9546263293945
64,71.988184258555,74.96502081362966
64,72.00896356044326,75.0143380760397
64,72.00294946274826,74.96941146242656
64,72.03175041805927,75.00570520681597
64,72.01281543705255,75.03152101680274
64,72.03724743888729,75.02284801357219
64,72.01696261932382,74.9756169053465
64,72.00424306624603,75.00025284218758
64,71.99050761819858,74.9988215938953
64,71.99487631493493,75.0287801810765
64,71.99199590982369,74.99344656799796
64,71.9699167997703,74.9961554596358
64,71.98623813328672,75.02620323838109
64,72.02939161579734,75.00567127859648
64,72.00469891870566,74.97262165350052
64,72.04870907389818,75.0008367971677
64,71.9878733203516,74.99957456909154
64,72.02506730201362,75.02268201522045
64,71.99679029837681,74.98961653507101
64,72.0135414340901,75.01930117131506
64,72.01265525851794,75.03393264391619
64,71.99482186834177,75.00304310750163
64,72.02408969181626,75.04056212975408
64,71.98824318571569,75.00408309020331
64,71.9771737467889,74.95889381371794
64,72.01710784438912,74.99902629150402
64,72.00031687980368,74.99589012602169
64,72.01833668947639,74.99756713383346
64,71.97335655798206,75.01630857161226
64,72.01015892391204,74.96128122969075
64,72.00582148677148,74.98705850439755
64,72.01708352769202,75.01153007483076
64,72.0185904708929,75.025432274438
64,71.96931231068992,75.03845548820618
64,71.9660215606168,75.03361455350215
64,71.99289819768524,74.99807647583813
64,71.95928963964408,75.00407267180093
64,71.98821796480964,75.0118982355453
64,72.0054292758365,75.04192951558679
64,72.03131118096671,74.9732929307232
64,71.98848047017486,75.00535973317689
64,71.95920440479017,74.97555212540156
64,72.03443676607915,75.03514704938706
64,72.01026658073918,75.00879116502105
64,71.95686574666637,74.98252330573573
64,72.03869280069908,75.00848126220768
64,72.0043601890381,74.97060901652046
64,72.04226209126682,74.98370883834046
64,72.0021722730719,75.00874738763879
64,71.9643790243481,74.96824637406957
64,71.98699997147465,74.99793389826485
64,72.00383059217612,74.98307565528197
64,72.01446863603387,75.00738581401804
64,72.04128029444948,75.01790232591979
64,72.03329846755709,74.97874200572609
64,72.00856021929465,74.962781372292
64,71.98941001205156,74.99439647592018
65,71.99659241987298,75.02364853290604
65,72.01735941351066,74.98477651286977
65,71.98396171250572,75.04410246253701
65,72.0222380949007,74.98500193664714
65,71.98224617212387,75.0074569616943
65,72.00170420479954,75.01836307211708
65,71.99866846882492,75.01789090654485
65,71.99872539083778,75.02139264039367
65,72.00093053330811,74.97515131483605
65,72.00794900744012,75.04269620261226
65,72.00233671455184,75.02252377992477
65,72.03164980888508,75.00494943285554
65,71.98766140553468,74.99675916418343
65,72.01874875528533,74.96408416913546
65,71.99449198477514,74.98160969661758
65,72.01899140847411,74.99876998659767
65,71.98417034091372,74.96810142498879
65,71.96000769394219,74.99280376886045
65,71.97592885471028,75.01801472450718
65,71.97258983246331,74.96018089297861
65,72.02249490199583,74.99754241300604
65,71.99858346048148,75.03257874926202
65,71.9942751251371,75.00031742480556
65,72.02543905545443,74.97261417307514
65,71.95438088703357,74.98005539233046
65,71.99925151804403,75.03665528783544
65,71.95188579278634,75.01340088505158
65,71.99619169156672,75.01267763676367
65,72.04688435169916,75.01653544739929
65,72.04038007050872,74.98165663347419
65,72.00032663322459,74.96460870078742
65,71.99567986296627,75.03978281678175
65,71.9629429358551,75.00851465021874
65,71.98669500942304,74.95404944668292
65,71.99763813803854,74.96041734719437
65,72.03155701319618,74.9921193612217
65,72.04439566211836,75.00384499501126
65,72.03924563716058,75.00097604947814
65,72.00623416715824,74.98744930539294
65,72.00248840680176,75.02165189975558
65,71.99697900687302,74.97959381275659
65,72.00504563523555,75.01598599183912
65,71.97696243924617,74.97337945586462
65,72.04617636677702,74.98449236491501
65,72.0122102774003,75.00764627272109
65,71.98521625772794,74.9863211091401
65,71.98824926203486,74.98902582454699
65,72.04593029846859,75.00085522731924
65,71.98137389405356,74.962532313818
65,72.02735471213119,75.02111312215258
65,71.95942110341349,74.99108132310937
65,72.01096363754715,75.04653830044396
65,71.97939027981865,74.99832053182121
65,72.0051747492883,75.01946319908795
65,72.02542681478609,75.01690647639784
65,72.01265613000078,74.97220610155381
65,71.99957996011136,74.99429685814904
65,72.04471577799818,74.98689919810697
65,72.02209580830846,74.99926945870749
65,71.99133103094685,74.98772949314134
65,71.98967836353593,74.99965898288949
65,71.96213765935072,75.00125037710858
65,71.98908632674245,74.95582483871974
65,71.97239171440565,74.9999110793498
65,72.00335927909788,75.00384019373149
65,72.01119378375135,74.98469738163205
65,72.02259304088349,74.95889031514066
65,72.03528876577542,75.01918808778976
65,71.98200750445673,75.02825459663958
65,72.03337558304702,75.01746297481725
65,72.01808625291658,74.9969566015526
65,72.02598453033303,75.01138027373405
65,72.02298271907458,74.97638844069148
65,72.02527595328554,74.99796960305791
65,72.01950061747429,74.9767003170671
65,71.98324921697056,74.97596590338611
65,72.00464212539347,75.03880959432442
65,71.98347430458662,75.00271874502006
65,72.01934673227753,75.01357965260037
66,72.00209819513896,74.99096113873284
66,72.00605253122968,74.98150947579383
66,71.99877387735127,74.95699496696626
66,72.0008083780324,74.97233573282183
66,72.0383681523077,74.98529738279883
66,71.98759916807639,75.02857593745783
66,71.99626133359975,75.00410619539603
66,71.99941816929686,75.00639497807217
66,72.04061073112733,74.99138259077104
66,71.96569120632485,75.00653221741291
66,72.04054477147447,75.01619755832002
66,71.9976302302216,74.97716627432756
66,71.95097403115422,75.00128320269006
66,72.01807727003512,75.02584229466491
66,71.98802220173684,75.03504743531117
66,72.01917964092048,74.9599689102797
66,71.98839720208905,74.9746389753316
66,71.99789525245497,75.02959949127768
66,72.01287283962648,75.00156869996792
66,72.01916719627862,75.04595085341357
66,71.99024675667175,75.04042977906786
66,71.98203998010322,74.98980998507781
66,71.98514735736543,74.99354512879769
66,71.99968021872012,75.00981528307805
66,71.98843283058089,75.04178571361425
66,72.0026249267744,74.99860948383427
66,72.02129854762892,75.0286180090446
66,72.01990836440888,74.96759430589535
66,72.0149839043136,74.95603328481432
66,71.99892477933169,74.95360265791922
66,72.00244155591456,75.01905047449792
66,72.03283282820671,75.00319207314656
66,72.00638534507978,74.97342487210739
66,71.98990311823589,75.03515097767783
66,72.01576145229244,74.99026340759575
66,71.95663531034451,75.00020538420523
66,72.00531163610967,74.95667368577598
66,71.96505741887351,74.99849268508646
66,71.9953553914169,75.00216459936345
66,72.00165255847699,74.95459205665883
66,71.98511110116468,74.99582267714597
66,72.00170265766373,75.00428354908126
66,71.9787756578705,75.04125141384364
66,72.01661428940331,74.98424540314537
66,72.02273125582214,75.01989456200914
66,71.99006261927981,75.04170135031612
66,71.97387788854564,75.01784745486508
66,71.98810542282155,75.03909976388496
66,72.04320052869946,75.01456074669792
66,72.03179628462519,75.01503589955726
67,72.00532384262421,74.97532592135724
67,71.99124912932274,75.03961432369391
67,72.04405750038708,75.00911767250439
67,71.98194899987332,75.00749560837755
67,71.95748403788063,75.02627226688838
67,72.03883180717287,74.9812559885777
67,72.03367511062025,74.96488366143717
67,71.98864350383167,74.99600705186067
67,72.01453560361543,74.97853003495482
67,71.99472601736053,75.02419208834054
67,72.02902522051268,74.99534536320161
67,71.99004970684217,75.01282851004454
67,72.00911225857989,74.9860973975586
67,72.00088101304074,74.95653154680681
67,72.02374927658349,75.01260493920984
67,72.01649848245967,74.95407596657078
67,71.96771194130798,74.96346140440669
67,72.01082667401282,75.0403656021876
67,72.03034658469979,74.97232249658119
67,72.01098186752583,75.00627656783671
67,72.01505003451774,74.96066812299239
67,71.99787228291507,74.98801137113848
67,71.99753888060133,74.97830765541966
67,71.99871103886797,74.99801043422158
67,71.9661756141472,74.99289583776488
67,71.9823583169586,74.98927947282772
67,72.00330117943476,75.04227041186113
67,71.9669666856969,74.96483231332743
67,72.00138330528893,75.03313930881225
67,72.0110006859259,75.01968344072641
67,71.96498400027734,74.98922100887741
67,72.01776569766407,75.00288682652335
67,72.01193114815483,75.03858248862656
67,71.97126195633139,74.96485692825752
67,72.02369680370006,74.99719129045543
67,71.98981950369945,74.95645991237394
67,71.98078189393254,74.99723635175839
67,72.0012807309011,74.98161325179805
67,72.00065563178852,74.95633993458839
67,72.03487218444087,75.03325155472737
67,71.96989148584873,75.03933631128808
67,72.02456711026609,74.95780088601641
67,72.03458888163756,75.00033233552327
67,72.02715675207646,74.98999037916228
67,72.04020304811921,74.99951613754693
67,72.0209774735025,75.03978884078823
67,71.96719013253747,75.01288692203026
67,72.00959617464041,74.98042949385434
67,72.02198885272733,75.0299143884779
67,71.9698972748214,74.96044885020342
67,71.97190440576477,74.9822009738413
67,72.02553534340429,74.98872549519119
67,72.02098414009743,75.0182794208927
67,71.97653213387828,74.96545730216279
67,71.95482387331512,75.01906281859874
67,71.97364871816023,75.00813107481225
67,71.96347046032194,75.00629608549684
67,72.0408174550678,75.02317670427078
67,71.98109082975193,75.00442430315796
67,71.98150402712386,75.00612514753237
67,71.99192041807059,74.96521390475142
67,72.0388015954026,74.9844426275677
67,71.99385106123233,74.99651364110613
67,71.997985541942,75.02575243951442
67,72.02407129859681,74.9657097698066
67,71.98662133861255,74.99568151999887
67,71.98237955894126,74.95487057994256
67,72.00210211224609,74.98085352086107
67,71.98982124634048,74.95234558392038
67,71.97697990933911,74.99399518187671
67,71.97431210807915,75.0072326382043
67,72.00781549790727,74.97274504928482
67,71.99667263559017,75.03457691324492
67,72.03382864962396,74.96678386696574
67,71.95403332779742,74.98633973316979
67,71.96848046300373,74.9748500348656
67,72.0171324104744,75.02691440192609
67,72.01302560760055,74.99137567995615
67,72.00671127407833,74.96780180993622
67,72.0064718132548,74.98386853098066
67,71.99676517549229,74.98504342824604
67,71.97405267527338,74.97592327571012
67,72.01462914888378,75.01071346667037
67,72.0076873188438,74.95342952696254
67,71.9730621863641,75.0183198566207
67,71.95476549306527,74.98001100797595
67,71.99621963725042,75.00861762748377
68,71.97175072623953,74.95915112612798
68,71.98737284632622,74.97198951466827
68,71.96896327721191,74.99192699826293
68,72.02582654943137,74.97410450384088
68,72.01714119319665,74.95791883035905
68,72.0027693577059,74.9930144012063
68,71.99659241987298,75.02364853290604
68,72.02287812056693,74.97252932573919
68,71.9544534455582,74.99309852717795
68,72.00503025437074,75.03805768898195
68,72.00117474070248,74.97968726286045
68,71.98123759350138,75.04613749893689
68,71.97265655648235,74.97811918674991
68,72.01687565262054,74.99528610821184
68,71.95809450394786,75.01084625280954
68,72.00560387611914,75.00803510687959
68,72.01771581867276,74.99703769668484
68,72.01750759337742,75.01164153236846
68,72.0065722437379,74.97022588862522
68,71.98023177891713,74.98979978649507
68,72.01614017805284,75.00378336379778
68,71.99096692228329,75.00529330153033
68,72.00955467996116,75.02024683197835
68,72.0241492005727,75.04306786460448
68,71.9763504035717,74.99843498021801
68,72.02735044568689,74.97160331607043
68,71.99367084948123,74.97481424510403
68,71.972507597321,74.99602564269802
68,72.01351229202727,75.00348552322804
68,72.00803844227845,75.04161802836073
68,72.02414685926696,74.97710704344647
68,71.99051852378591,74.98871916156465
68,72.01136717434491,75.00861269058463
68,72.0358432195077,75.02950183786702
68,71.97500779038778,74.95939442437422
68,71.95320329329734,74.99668240164966
68,72.02422490986741,75.02186453844975
68,71.9676636077793,74.9664582768026
68,71.99350749909226,75.04069508430126
68,71.99903607097848,75.03821138961564
68,72.04266324529675,74.9749063688456
68,71.96318437878546,75.01184292419536
68,72.01134303032451,75.00527067301897
68,71.96286290513213,75.00369631388455
68,72.03221433614117,75.01696677928057
68,72.00601744972371,75.04577797844533
68,72.00818272807963,75.01004575372583
68,72.02836892879434,75.02947656290819
68,71.97600647105305,75.02304302177565
68,72.00283230388449,74.96337330285678
68,71.97943636942335,75.04478487647046
68,72.0265108495541,75.03103484416103
68,72.01809248947136,74.9540176570629
68,72.04447855264125,75.0025071364557
68,72.02446731779912,75.01067949752203
68,72.03465965491402,75.00802722410674
68,72.02988005577392,74.9645418003393
68,72.04104780637252,74.9810557916111
68,71.96326069141698,75.02225611711498
68,71.99030591021418,74.95612106926447
68,71.99456285695891,74.99711964679685
68,71.98656990434387,75.03591687437071
68,71.98072405552692,75.01450636960408
68,71.99350821939429,75.02285364792627
68,71.97129760228958,75.01007689930557
68,71.95606706613457,74.99625808217498
68,72.0082416908999,75.01333895167275
68,71.9850829694178,75.00162386415154
68,72.03948218144524,75.00718403095901
68,72.00687279818997,74.97190877732682
68,72.00947719539744,74.98161036797667
68,72.01302339794195,75.02102246441578
68,72.02522460637232,75.0193740847066
68,72.03308707509457,74.99385988847834
68,71.9948849229167,75.01395178156139
68,71.99932520293862,74.99270258345001
68,72.04129078876657,74.98321743436827
68,71.9734489642381,74.99161078796716
68,72.00439670396365,75.03126020040202
68,72.01220433539834,75.00007212801856
69,72.03755978809946,74.9757415403925
69,72.00112688147871,74.97807149211377
69,72.03712693898768,75.00764827894821
69,71.9864001712502,74.96405224651384
69,71.97793885124268,74.9907505317226
69,72.04359606669607,75.01455063094892
69,71.96244054509951,74.9835851866933
69,72.00649100651465,74.98951354089618
69,71.98252160142285,74.95657458806821
69,72.0103510317957,74.95793873655876
69,71.9876524535909,75.03247444162673
69,72.01244974521974,74.97293580424939
69,71.99794358964277,75.00705455087046
69,72.01996052447704,74.96907587815845
69,72.01675051023426,74.98747602725582
69,72.01278785277168,74.97068277606898
69,71.98887394212448,74.97805837159768
69,71.99374691261698,74.97370676996053
69,72.00740395684919,74.97471317554542
69,72.01535483738108,74.98588053147645
69,72.04519233182155,75.01472615813393
69,72.03188353247441,75.03009506221294
69,72.00370471664861,75.01411727045264
69,71.98868900659207,74.96371697743204
69,71.99805709540212,74.99915227576062
69,71.97663502449745,74.96223607250671
69,72.04580902041589,75.01836437313261
69,72.01424033419983,75.0168013217278
69,72.01667811389886,74.98806708842112
69,72.00066676802928,74.96254858850176
69,72.009830242818,74.99885240756429
69,72.00133762887704,75.02270911320359
69,71.98900337490686,74.97244876087393
69,72.02165299674786,75.03314484633502
69,71.96104484957101,75.03091826364611
69,71.95182797640734,75.00114584302892
69,71.97971421057571,75.00445769829798
69,71.98339503838956,75.03331627761303
69,72.03939106324812,75.0301760032586
69,71.95549450061694,75.01100389079285
69,72.02797179437316,74.97988549790747
69,71.98544827476286,75.04320690995254
69,72.04790685406901,75.00775761609518
69,71.96728264525476,74.98119958974266
69,71.98111899245507,75.01670069924711
69,72.00681144723802,75.01173224828464
69,71.97456343524709,74.97968571985307
69,72.01188906715815,75.03792029499165
69,72.01953773313886,74.99440848403384
69,71.96478375207225,75.0192980080411
69,71.99081529326992,74.97983709317226
69,71.97685878778158,74.96083103494689
69,71.99893141427766,74.97604033635149
69,72.000479962203,75.00055046779644
69,71.96956533893193,74.97218431000339
69,71.96996826398164,74.96485064992558
69,72.03707420358985,75.02512934256242
69,71.99664263856991,75.04592549557731
69,72.00422931441108,75.0229670151164
69,72.0277353505921,74.99586919956941
69,71.9605088024667,75.00615253878296
69,71.98670911109988,75.01361635922883
69,71.9952099591109,74.99278507908487
69,72.03529402838907,75.0001076995184
70,71.98151216756783,75.01596327539856
70,71.9930850906056,74.99495013606995
70,71.98834401078255,74.99412485085641
70,71.98959440504771,75.00387764224348
70,71.97291292984575,75.00472411089983
70,72.00618080586125,74.97107710042644
70,72.01188182719318,75.02016263779143
70,72.00642214735255,74.99057110131218
70,71.9874166695978,74.98010268288101
70,71.98801252491003,74.99744552795612
70,72.01010547205688,74.98905712700758
70,72.00828382994673,75.03098187865544
70,71.95535262563615,74.98780952325113
70,71.95610837568958,74.97836565877554
70,71.99988621004059,75.00203860732336
70,71.9851072981543,74.98826529044597
70,72.02893784699427,74.99844875983017
70,71.98713111437436,74.96262962221581
70,72.02924630704192,75.022011213336
70,71.98428904933279,75.01514821110179
70,72.00457677056521,75.03602319147569
70,71.95682342485756,75.01712656773996
70,72.03538805607624,75.00230153158907
70,72.03166873587145,75.0298242813097
70,72.0000895552063,75.04472724049005
70,71.96905565241508,74.99697123170303
70,71.97232112421203,74.96912864329119
70,72.03517690007675,74.97826204846602
70,72.01147821242758,74.99897078103845
70,72.02768948120607,74.98733444557277
70,72.03345033758188,74.96462207790276
70,71.9779494508552,74.96313984704854
70,71.99827458725052,74.9673709854849
70,71.9947131662295,74.96118142990682
70,71.9614084163339,75.01389307579988
70,71.9679785833288,74.96539417248775
70,72.01371604348162,75.03839308719276
70,72.0116906313898,75.01888781487783
70,72.0430885386485,74.98233275285848
70,71.98155174453244,74.9729049432964
70,72.02531586241467,75.00073474736756
70,71.96011270717818,74.98342577689962
70,72.04085577476005,75.01580441893309
70,72.00977784796775,74.96596561150014
70,72.01698773415806,75.0112875100333
70,71.99137823103419,75.0104613955939
70,72.03850908225385,75.00850777752548
70,72.01766814007946,74.99375517386832
70,71.97250058564097,74.97020608236838
70,72.03859737612211,74.98642465282587
70,71.99543094354746,74.98352474498944
70,71.97757671325903,74.96787526799152
70,71.96985276129926,74.98526900382305
71,71.95197636831286,74.99060725303399
71,72.00798792134626,75.00560670517902
71,72.0147950218827,75.00994439832878
71,72.03009961494594,75.00484255676966
71,71.96804747307121,75.01853669893173
71,72.04582389210708,74.9989120798376
71,71.98646626053906,74.95504178402847
71,71.951572739309,74.99793104255632
71,72.02851430858803,75.0108763199016
71,72.01916337714403,75.02343556496018
71,71.99554610802298,75.0373820499539
71,72.00302238285171,75.0422854679418
71,72.00914208623824,74.99528243348371
71,71.95116375981331,75.01050937510028
71,72.01848019832835,74.95599914546634
71,71.99712653589665,74.98424706296312
71,71.99055438710009,75.03065097227406
71,71.97220132226948,75.01347314787574
71,72.01473758927433,74.96270527999212
71,72.01959811043231,74.96492097146363
71,72.00763645653224,75.02315442742983
71,72.03609838721384,74.9688243234723
71,71.97139694551014,74.98663133156649
71,71.99216475001107,74.98186286540725
71,72.01519837091551,75.01084730978934
71,71.97964219913062,74.98213074797229
71,71.96378694838586,75.00216308983934
71,72.00133715861871,74.98058739422865
71,71.98119528937121,75.0414871881158
71,71.98712657837086,74.97965690592987
71,71.95257164439893,75.01316671689369
71,72.03636627461958,74.99779178900027
71,72.01768331237018,74.96943208839556
71,71.99135793480839,74.96544725298234
71,72.02009985197101,74.98708995827208
71,72.03480592505952,74.9871228945651
71,71.98695182178719,74.97896564112023
71,71.97396813105543,74.96266241332883
71,71.98163580303499,74.97252200756503
71,71.9942725569495,74.99383185861181
71,72.00267418100304,74.95818525940425
71,71.96632091628875,75.02650333762878
71,71.9555062240174,75.00293364439693
71,72.03880334792784,75.0106472892043
71,72.00525495006077,74.98801769741193
71,72.04125119169069,74.98895776959677
71,72.01115607715244,74.99902243261378
71,71.98024721816043,75.04029888902247
71,71.99108324560673,75.01954548673139
71,71.98847612397326,75.03172082631575
71,71.9960276576323,75.0059493685078
71,72.046307189198,74.9943716816806
71,71.9629429358551,75.00851465021874
71,72.02041964185835,74.95520738542803
71,71.9955372359814,74.97142013806592
71,71.97728817243132,74.98777538433623
71,71.9721513480769,74.98907669744568
71,72.0077602178932,74.98479622912653
71,71.99300567542328,74.97620039738226
71,72.03476689890147,74.97530557638656
71,72.03633509688518,74.97397892379132
71,72.02405517645484,74.99112536233908
71,71.98262414244893,75.040220238154
71,71.9640995382212,74.97236509388273
71,72.01333474002558,74.98640542277737
71,71.97104241409231,75.02201271965811
71,72.0026948051745,74.96821586401364
71,72.02438805785233,74.98942223943433
71,71.97844223345284,75.0011819289736
71,72.00558399970829,75.0047694361885
71,72.03959954146818,75.02078673063333
71,72.02504677198283,74.99459588143102
71,71.96019308623819,75.00098775896693
71,72.038103803764,74.9837975365313
71,72.00456481812238,74.98068665787304
71,72.0437313225477,74.98387169490343
71,72.03921236326798,74.97085841992187
71,72.0138006124379,75.007985575122
71,72.02108781027039,74.99466156906409
71,71.98451828312768,75.00562111116642
71,71.95473338865436,75.01259607819446
71,71.97075316471798,75.02881271166719
71,72.02871364498655,74.973746869868
71,72.00703018833525,75.015538798486
71,71.98728118068604,74.98516803949632
71,71.98913851181005,75.02164382742325
71,71.96129496956252,75.01852721445968
71,71.99341405519601,75.01262604480355
71,72.03780967840432,75.01337602086478
71,71.95972133578195,74.97873811299272
71,71.97881583432162,75.01835118290032
71,72.01678218984199,74.95564581255458
71,71.99487392365566,74.98446080764428
71,72.02273303516836,74.9927458372549
71,71.99878706647647,75.02574322669687
71,71.97829361854737,75.01404705528762
71,71.99275409314542,75.02991893102141
71,71.99696445692075,75.00822424356508
71,71.9960268301932,74.99893439872505
71,72.02124869641271,74.96214161237448
71,71.99841925772874,75.03930832931444
71,72.02817864073198,74.96191393270455
71,72.02996016369222,74.97461254649606
71,72.001650091493,74.99764180842892
71,72.00352790634935,74.97852373534697
71,72.03081061698471,75.03696188470573
71,72.01790651177964,74.95482942992737
71,72.02202832050502,74.99222822169688
71,71.98525662767557,75.03846760112849
71,71.98915267355731,75.01454296476513
71,72.0092347618721,74.9813041033549
71,71.9824172641718,75.00037404286311
71,72.03692895199521,75.01446820471023
71,72.02771634127114,75.00979263186426
71,71.98775862415533,74.99647948854889
71,72.00552708902053,75.03073310537798
72,72.03100761886412,74.9793224062118
72,71.96904475250435,75.00805400863254
72,71.99604819608763,75.00332924223969
72,71.96965861065097,74.96098835272274
72,71.98047187598104,74.9548835755679
72,71.98201885131864,74.95734058902558
72,72.00984049617155,75.0140980226457
72,71.98634167736122,74.99672197521697
72,72.00166424940583,75.01840717985112
72,72.01760235675881,75.04187181341159
72,72.00590264688363,75.03956593226181
72,72.00976794447932,74.99167640178105
72,71.99540388335816,75.04299213506769
72,71.96479250497,75.02494397536897
72,72.04021194250375,74.98288058937905
72,71.98458354875893,74.98494153008184
72,72.00900222936366,74.97231851954056
72,71.96797283330402,74.974569926523
72,72.00372106965386,75.03914337176582
72,71.96975880269504,75.00529569174725
72,72.00637848543342,75.04684796862492
72,72.01831450228896,75.00492063489517
72,72.0002485297465,74.96401015238021
72,72.02315113113532,74.96528461780228
72,72.00121851029415,74.97856305350784
72,72.03512279006317,75.02552651735792
72,71.9888866766827,75.01765213871023
72,71.98600777273023,75.00021345218663
72,71.97918362197927,75.04421925808384
72,72.0056097929284,75.0067820795769
72,71.98128557235269,75.00139202668181
72,72.00007613054616,74.9678363155844
72,71.97962395289424,75.0186410814313
72,71.96826110503731,74.9763524319871
72,71.99407922881478,74.99050928849233
72,71.96115675397655,75.00080077474314
72,72.04128112250228,74.98722794366334
72,72.03419908617,74.99509417019945
72,72.03878941705258,74.96899495011806
72,71.95911508715002,75.00223699797377
72,72.0447416527101,74.98282955076738
72,72.00823610844851,75.04756294428715
72,71.9810138972752,74.98432228458698
72,71.98195180808325,75.00596111448452
72,72.00570518866387,74.96814374054814
72,72.01377685226018,75.02179530932345
72,72.0025914724442,75.04068393961225
72,72.00579487345182,75.00214358651338
72,72.0161496206329,75.01343047074471
72,72.02117557159802,74.9916045851179
72,71.95727748206717,74.9775075975789
72,72.02908113471051,75.01174164005408
72,72.0061443763284,74.97664617988038
72,71.99802008853212,75.02369834222328
72,71.99869513207267,74.99373565489645
72,71.99478905222661,75.02250381613113
72,71.99426422059888,74.96698485028143
72,72.02551686026489,75.00694046655912
72,71.99659014390257,74.95527614435365
72,71.99097446544245,75.01989026093861
72,71.96535957951767,74.97930970860168
72,72.03073439461534,74.99492253583462
72,71.96828734124523,75.02885247867722
72,71.98974814057921,75.02084071243358
72,71.97039828912644,74.97283935316973
72,71.99509205738154,75.03616357843809
72,72.03615868942957,75.0251845336357
72,72.01688489327718,75.01064877460712
72,71.97729561689991,75.0165359290009
72,71.97987025833287,75.03650490619384
72,71.97725562440564,75.02500326033558
72,71.9699866261599,75.00659625100673
72,71.98829223452223,75.00764640376471
72,71.96137374104617,74.99054271357983
72,72.00058415459759,75.0153363431921
72,72.04043078222087,75.01436651173806
72,71.99414151624742,75.01382006766865
72,72.00826052982495,74.9890171458062
72,71.96008901216346,75.00279410301746
72,71.99475027048204,74.97386145162724
72,72.03874199356954,75.00477531010038
72,72.03191875550823,75.03501113609283
72,71.98764813140389,75.03041387936096
72,72.01146344044152,75.02827105043454
72,72.0304800699695,74.9610560865646
72,72.01170039504277,75.03099974695446
72,71.98256346496785,74.95483145391802
72,71.98682154888678,74.96841763638545
72,72.00824293894306,75.01061767541056
72,72.00720691065557,74.9894249102253
72,72.0139927624723,75.03556025405526
72,72.01613628658863,75.03538019910613
72,72.00721812196196,75.01171378471976
72,72.00637145081924,75.00648002075233
72,72.01264543458808,75.0021737672535
72,71.9730718628601,75.03815087330261
72,71.97860175441078,75.0001468565363
72,72.00579194140423,75.00988042116705
72,72.04017582494875,75.01109154279618
72,72.00902991305537,75.01283375372839
72,71.99387652837649,74.99306791003583
72,71.96824580043142,74.9886080949175
72,71.99526288365553,74.97764036602284
72,72.03127616097562,74.99014445528792
72,71.9981167259242,75.02771799371614
72,71.9530646529512,75.01679355246874
72,72.0344945463639,75.00641252594666
72,71.99921261487754,75.03475423378165
73,71.99360456649369,74.97921978743338
73,72.00363781139075,74.98570781436857
73,71.98860764282968,75.01892431203731
73,72.00937579020396,74.9778277416849
73,72.04686757276453,74.98660243011467
73,71.99779462250393,74.97635986783544
73,72.00480565153453,74.97882418924458
73,72.02374214313569,75.00830161145845
73,72.02543905545443,74.97261417307514
73,72.02816415860104,75.01401743919212
73,71.96679560267184,74.98064399545468
73,72.01490736151153,74.9546263293945
73,72.03043304104298,75.01388698921592
73,71.98351737191048,74.95957016422639
73,71.96198454851407,75.02788683971285
73,72.02514954911776,75.01189487839723
73,72.0131617720632,74.97202784385088
73,72.03360670614896,75.00175643714705
73,72.00906416453584,75.01049330882267
73,71.9818454011183,75.01683453692335
73,71.95730475431205,75.01149346791264
73,71.96532380920826,75.01991636840103
73,71.99790523126939,75.02697514859771
73,72.02563843193171,74.96697351842415
73,71.96822289934792,74.98681052824593
73,71.99357324521785,75.0099894834982
73,72.01966829081627,74.99480030041731
73,71.99567464968202,75.04491700869933
73,72.0330931462845,74.9697169096118
73,71.99051795403801,75.00800170416167
73,71.95939781784305,75.00867529625728
73,72.0252299886251,75.03572348718332
73,72.01673073746916,74.99624766958752
73,71.9917860200221,75.01899527093028
73,71.95877468142675,74.98249753420544
73,71.97906815332125,75.00173693652508
73,71.97084176404022,75.00418400010541
73,72.01977901554825,75.01235082962667
73,72.00881324506881,75.04213444449552
73,72.01158219220129,75.03269546167594
73,72.00720020008995,75.0430060306999
73,71.99527394643091,74.99425373839152
73,71.97667869846256,74.97194012981481
73,72.00264419070533,75.0153844368561
73,72.00768078247782,74.99639711732208
73,71.98957323401898,74.95452640377884
73,71.9827855003596,74.98398415886034
73,71.9849473124658,75.04015668604127
73,72.00817254975733,75.00097650052975
73,71.98400817385932,74.98535968686527
73,71.99920197451769,74.98868978376467
73,71.97629424121664,74.97285542238471
73,71.97129116246012,74.97740721514327
73,71.98618538509476,74.96398897599964
73,71.98534106818678,75.04600935159617
73,71.99525236696421,74.98903666236887
73,72.00220577262994,74.95190959239692
73,72.01088077912301,75.01508509609523
73,72.01206305188418,74.95916087758961
73,71.99418207890544,75.02211524649006
73,71.97273888008755,74.97120176934848
73,72.0222284435979,75.03134313015623
73,71.97164668721177,75.03259635236819
73,72.03642089524477,74.98890424948982
73,72.02251046293905,74.97459727780576
73,71.96246116382137,74.99325217623179
73,71.97757251627306,74.95963148831527
73,72.01488583327803,74.97785322450837
73,72.02634216431342,75.02511128149136
73,71.99081554871321,75.04688028564036
73,72.01566921367439,75.01431533788056
73,71.95780969982319,75.01121789193364
73,71.98627842544953,74.98281977663433
73,72.01718906898512,75.02795938301816
73,72.0304270352745,74.9797858455574
73,71.97598253318411,75.00425453614412
73,72.04365159449709,74.98922324424112
73,72.03649366578531,75.01628782585743
73,72.02116088389556,74.9640487833916
73,71.97728042649446,74.96392052709037
73,71.97741370761032,75.01593738705958
73,72.02656309100371,75.00851674476841
73,71.9721213299597,75.01073928785833
73,72.01932105221664,75.00910435344872
73,71.99398420122687,74.96264482550906
74,71.9986219523759,74.97873482477065
74,71.97835549309202,75.02489621643198
74,71.98192906821201,75.01331451851642
74,72.00501940145344,75.02679359775608
74,71.96373807700944,74.9835974026544
74,71.99215959313347,74.99251590933785
74,72.00488532788394,75.02030124311194
74,71.99981528005581,74.95726962954717
74,72.02114889354762,74.96712565202436
74,72.03588420427661,75.01554873698208
74,71.967692039723,74.96727541350987
74,71.99868737119878,75.01893798331278
74,72.0146473134669,74.972068053003
74,72.02386441760058,75.01592481517403
74,72.02607834453529,75.03696826772027
74,72.00013968199197,75.01437885706179
74,72.0080331587794,74.98145305160087
74,72.01907295037377,74.98559039732152
74,71.98469649170278,74.98312903488177
74,72.03877022272482,74.98290222377616
74,71.96400078104146,74.97120598538554
74,72.01411675989063,75.03932723804384
74,71.96270939558165,74.97535805130497
74,71.99178719565916,75.00772542753724
74,71.97843259390528,74.9853025579693
74,72.00657305160962,74.98624138328627
74,72.00201258567101,74.98077447736256
74,72.02998502706421,75.03201160044888
74,72.01550169306964,74.98528307914373
74,72.00412455348476,74.98752918613091
74,72.02091177221492,75.034650396633
74,72.04406055704008,74.98924820213738
74,71.95723528784247,75.0235099817424
74,71.9864001712502,74.96405224651384
74,72.00693984834716,74.98272649008844
74,71.96876652995357,75.02297730036736
74,71.97647992477381,74.96546569595726
74,71.99157423915166,75.01340563270153
74,71.95872613588793,75.01987355844672
74,71.99074893830257,74.98947356540062
74,71.98049024420708,75.02870162187455
74,71.97816582434045,75.01784997992688
74,71.9602705375553,74.96990627959899
74,71.96414211967505,74.98382282120323
74,72.02804752466531,75.0410147464987
74,71.97236864649307,75.03132022356135
74,72.02367389294564,74.99919184733287
74,71.99651276693919,74.9967876732712
74,72.04469348150829,74.98009040488223
74,71.95355892475138,74.99153309165406
74,71.98011550496997,75.00048328979435
74,71.98588070047033,75.00490990891929
74,72.04226209126682,74.98370883834046
74,71.95288202284706,75.00007569310158
74,71.96814635554418,74.99919833583044
74,71.96398486280053,74.99133425303138
74,71.9999253518437,75.00879451462662
74,71.96683411089573,75.01319336640198
74,71.9900572993889,75.02984735280266
74,72.04903906353937,75.00268219340988
74,72.00840549930226,75.02258950856545
74,71.97906614607184,75.03314399884134
74,71.99051248550353,75.02342161305793
74,72.03887587944287,74.96896637854633
75,71.99353244783264,74.99341582374974
75,71.99065159802865,75.02547979879273
75,71.97431807284642,75.03470570142208
75,71.96389560818953,74.9997319719875
75,72.02847462509664,75.00766944384834
75,71.98056898569891,75.03692770967307
75,72.00142470602259,74.9612950922201
75,72.03504904953736,74.99632639186208
75,72.0243906199298,74.99720544152133
75,71.99331825625613,75.00906440191865
75,71.98505130061605,74.95933378692258
75,72.0231854626152,74.99727017481209
75,72.0203968934875,74.99434441238044
75,72.00420571067149,74.99945103396495
75,71.98608934801182,75.0448133447466
75,72.01823524137767,74.99738520387193
75,71.97834531499014,74.98916220885457
75,72.01397894455118,74.97608439614866
75,72.03570852431709,74.99462232822162
75,72.03313010974591,74.96645453858565
75,72.00432651196606,75.04566506388416
75,72.0000065863963,75.0489563960819
75,71.9867342604139,74.98414663206461
75,71.98385852988692,74.97244635028537
75,71.9928058308931,74.96033208223629
75,72.01316601896278,75.00829017268848
75,71.98400246254869,75.04256819903787
75,71.97235287434187,75.01740697178407
75,71.97663339271308,75.02346512645029
75,72.01605365364769,75.02778547332062
75,72.00768390771972,74.9967711067715
75,72.03620209146226,75.00255773461757
75,71.96680987155531,75.00151443688911
75,71.97129760228958,75.01007689930557
75,71.98455176715144,74.95263836320238
75,71.97463625301532,74.9624806854272
75,71.95843984256014,75.0014530807744
75,71.98407425255536,75.02843552819913
75,72.01402245748899,74.97303433471512
75,71.97208511127462,74.96528749351218
75,71.99322658861048,75.02155768443566
75,72.01570574739821,74.98871994141834
75,71.99577287915392,74.98091091766038
75,71.97747383940752,74.96401352608261
75,71.98967436339947,75.02114699556547
75,71.98573256638572,75.0194244213204
75,71.98056489438791,74.96200526337164
75,72.0091465196207,74.96302551652595
75,72.01357143396365,74.97333402696106
75,72.01607204987461,75.04225165308375
75,72.03305590768991,75.00413754635564
75,71.973727552765,74.98648705952965
75,72.03650516389665,75.01870210260144
75,71.9669602260103,74.9893838190018
75,71.99930023562047,75.01627265508654
75,71.96693672447098,75.01428248871602
75,72.03402343107125,74.9777894142843
75,71.97710767551881,74.96761987896565
75,72.01285506922196,74.99011930000849
75,72.0027069335603,74.99085439215138
75,71.99445622208195,74.99552883098387
75,72.021497697593,75.0090520326179
75,71.99003339922542,75.006850717067
75,71.96087897426813,75.012780001473
75,72.00720062749902,74.99051520198799
75,72.01303624237062,75.0055247162249
75,72.0025924155406,74.99732141390547
75,72.0002336436848,74.95551680864777
75,72.00528952406961,74.96587385742863
75,71.97201027109479,75.03988903309353
75,71.98786573287062,75.0100419128618
75,71.97945028365382,75.02692255428322
75,72.03462672291427,75.0326488913268
75,71.97651970040543,75.03005262579637
75,71.96123333239437,75.01326699510254
75,71.99863466317319,75.03718501073443
75,72.00755907741028,74.96276000329141
75,72.01668260976871,74.98629459628809
75,71.97317444487688,74.97865870575156
75,72.02885318608688,75.03988799223444
75,72.0098808984241,75.01087057304971
75,71.95235885006949,74.99448798225397
75,71.99222863996698,74.95462212138986
75,72.00237733601718,74.9985387920339
75,71.98396171250572,75.04410246253701
75,71.98859392880262,74.97529048721087
75,72.00821457508181,75.00346243659176
75,72.01976888009233,74.9941152878509
76,72.0082231719661,75.02538872370891
76,72.02373201200498,75.01922781472935
76,71.97146311203737,75.00707331508917
76,71.98433257101193,75.0320306745979
76,71.96477550315036,74.9880415826138
76,72.02300498672595,75.01140423572892
76,71.95375133420026,74.98196895262473
76,72.03421614754804,75.0147337504013
76,72.0083212986979,75.04111346737979
76,72.00162488187529,74.97058271572817
76,72.01297490860848,75.00793523567455
76,71.99495935440301,74.96048849132501
76,72.02510535311298,74.9681636619647
76,71.99084637537459,75.00805235126826
76,71.99148036018802,75.03080540064656
76,72.0216982361669,74.95564446237564
76,72.01176771185025,75.01455309498536
76,72.03501395331135,75.00754220513758
76,72.02275431402748,74.95960097676624
76,71.9815653084259,75.01800645308691
76,72.0125668295501,74.961587799549
76,72.00127505069945,74.9517728910526
76,72.03410037809643,75.0188586023783
76,72.04519836072116,74.98189861095416
76,72.03715068896493,75.00024319357323
76,72.02720445222515,74.99567672726917
76,72.04064594443392,75.02039320749434
76,71.9530822619807,75.00166238798303
76,72.02782653135338,74.98747682935789
76,72.03830027036373,74.99032730244402
76,72.02531489551144,75.01197960783331
76,71.97346963974536,75.02997492559597
76,71.96814692779259,75.0227413569208
76,71.97055073920906,75.02312324990025
76,71.97100611677958,74.99710799339591
76,71.98206871309341,74.9828859266728
76,71.97544472112868,75.03827460682058
76,72.03786794134615,75.03016063528214
76,71.9962217547514,74.96680682386362
76,72.0403924824649,74.97749523026012
76,72.03190854735918,75.0116065239188
76,72.0335384125981,75.00120735979168
76,72.01844070811478,74.95374059054946
76,71.98185475900407,74.99747779004382
76,71.99901059760205,75.0291848532076
76,72.01323403890858,74.9861620581913
76,72.03298515557202,74.99938324386508
76,72.01812805082177,75.03051839992659
76,72.02872357484688,74.96260872028715
76,72.03279731923884,75.02648558954044
76,71.97338929291942,74.9986647023781
76,72.0168168941514,75.03120817123175
76,72.03685458987721,75.00406113064591
76,71.98793130288794,75.00713727343337
76,72.00034763881634,74.99852159602672
76,71.99492206747584,74.96261194171112
76,71.99038818843698,75.00299300292241
76,71.95875045684663,74.97200712105372
76,72.00232073782843,75.02762446302658
76,71.98116690047543,75.02615997041008
76,72.03518917211531,75.02703516106068
76,72.044126406456,75.0226337309096
76,72.03295950550559,75.03245455056872
76,71.9967997408984,75.03634910785634
76,72.00940988037878,75.03295826324711
76,72.00969430781159,75.01631114953211
76,71.96762775667692,74.96881525826828
76,72.00445321333802,75.003681700921
76,72.00410422934148,74.99907734064188
76,71.99734365482207,74.97581310977668
76,71.97142655558588,75.02282974963086
76,72.04691843104176,74.9889737564162
76,72.04430025413774,75.00995267324117
76,71.95530064985182,74.99368627613063
76,71.97376934707293,74.97805818967863
76,72.01517064746551,75.04440668735646
76,72.0077613545246,74.9824548640316
76,72.03207584306021,74.97445747980002
76,71.98593796879845,75.04273693520493
76,71.99819993027576,74.98594267366775
76,71.99838897087605,75.03472389910094
76,72.01619968375674,74.98827998538714
76,71.98259142672539,74.98821897893147
76,71.9808000165695,74.9804601387155
76,71.96870067929058,75.02655510802451
76,72.01062860609193,75.00439586959358
76,71.99287979807892,74.97539168546672
76,71.99565612595768,75.02509115377447
76,72.01248723588522,74.9861574467598
76,72.03003671045191,74.97501605896439
76,71.98223431552178,75.0091761425517
77,72.02780822996843,74.9613930388675
77,72.01076386776877,75.01255291823763
77,72.0007475455525,74.9819572509744
77,72.0362885874507,75.0126299067683
77,72.03266496151515,74.99151882750334
77,71.97069349506617,74.9916218526842
77,72.02114689356819,74.99026042661708
77,72.03817959552818,74.98857219066596
77,72.01911098249136,74.9946704023958
77,72.03803471026234,74.96767995660868
77,72.03961231478274,74.99231367496816
77,72.04390624983361,75.02279771424105
77,72.03139295959613,74.9847150372856
77,72.01183649191121,75.00480253395048
77,71.96406827782994,74.99336739512795
77,72.00414396088007,74.99248916017906
77,71.98502025796783,75.03274263374071
77,71.99561192764675,75.00547850096969
77,72.01666439211452,74.97152857632096
77,71.99161508946398,74.98395372807944
77,71.96091586713611,74.9704115162127
77,72.03703627197912,74.98083200427389
77,71.98928608323726,74.99307732151578
77,71.97091576948984,74.96533277304708
77,71.98251825408252,74.98494086107185
77,72.0061230798048,74.9900435059252
77,71.9812399609648,75.01589419008914
77,71.99975922566281,75.04271174498598
77,72.00922369685372,75.0185605239701
77,71.9982770734974,74.95287089262501
77,71.9992599861289,75.0062082769159
77,71.97612696653668,75.01075609230868
77,72.02710409380875,74.96261994913729
77,72.01299517993512,74.98984076480183
77,72.00070333065752,75.03766930787249
77,71.98967436339947,75.02114699556547
77,71.9833646205049,74.99906103483862
77,72.04257665630132,74.97578139916862
77,71.99679421724883,74.98713051643509
77,71.96474331924705,74.99882284900106
77,72.03724654357063,75.026806394504
77,72.0434316646528,74.99699517349143
77,71.96031937895197,75.02209144511832
77,72.02102637860779,74.9930088909931
77,71.98254110211792,74.98206299547653
77,71.98773230639519,75.01132306042902
77,72.01543307177843,74.99264977421859
77,71.99802716390295,74.96082195730808
77,72.01303624237062,75.0055247162249
77,71.97382696662073,74.99612227753434
77,71.99341405519601,75.01262604480355
77,71.9872051827888,74.9990983612438
77,71.96939734466348,75.02439164152187
77,71.97253630087938,74.96347303283837
77,71.96819445686864,75.00389032069756
77,71.97146892005837,75.02875560049455
77,71.95486604631155,74.98567368941481
77,71.96560819612871,75.00188793650197
77,72.00372031893076,75.01838265877434
77,71.98887394212448,74.97805837159768
77,72.0357889596968,75.02403867368595
77,72.02238999254634,74.97037500082583
77,71.99567910700951,75.01139785360716
77,72.01183030406126,75.0160468032292
77,72.00556000497352,74.99879996456231
77,72.01281988958644,74.98132936397266
77,72.04492546230912,75.00879522780818
77,71.9614141985107,74.98589022235625
77,72.04198026641183,75.0253826236426
77,71.99627937997649,75.04781104395927
77,72.00077871584439,75.03279292909119
77,72.02728406459865,74.95831141305945
77,72.01253946321778,74.98099759485316
77,71.98581411816394,74.95904737492347
77,72.0028834319152,74.95934449374751
77,72.02840419674908,74.97084299299378
77,72.01916358477521,75.01274241099878
77,72.01761258609491,75.01109259496421
77,71.99431521866563,75.02863264547706
77,72.03950572317903,74.97802312822796
77,72.01789955813005,74.99896416276762
77,71.99756141607152,74.99405828792891
77,72.03596139273105,74.9840037651236
77,72.02482503078974,74.98911347021487
77,71.97273563457443,74.99989652723254
77,72.01749972154246,74.95651912800776
77,71.97734481099778,75.00886850524834
77,72.00402955203165,74.97169581839256
77,71.97825446997115,75.01156464988702
77,72.00712216720402,75.02432574304157
77,72.0135414340901,75.01930117131506
77,71.98875323360807,74.98743073963689
77,72.00054886901754,74.96138992978535
77,72.03967394213863,75.02557404088559
77,71.98092613311962,74.99967349908266
77,71.99487392365566,74.98446080764428
77,71.99966310341085,74.95128160291411
77,71.97456947718538,74.95780469144938
77,71.95829699827391,74.98770780680175
77,72.03298381453725,74.9785589350525
77,72.01217623148408,74.99176322146363
78,72.01235527077262,74.98164152796576
78,71.99686023419842,75.01133972966447
78,72.00516653442341,74.96429304105746
78,72.0026246193726,75.00881542233566
78,72.02214119606194,75.01149332642386
78,72.00090661323416,74.98102885764021
78,71.98104111521768,74.98210244027185
78,72.00851246994192,75.00951503793799
78,71.98233709950672,74.96915140339198
78,71.98662079103217,74.95318606357694
78,71.9772072519787,74.9969201307511
78,72.03055874006351,75.01656565792132
78,72.03180288217678,75.00368065612805
78,72.02484646615825,74.96654391146605
78,71.99808689638724,75.03092707485649
78,72.03224172226001,75.0199814425515
78,71.98263603225121,75.00329441872218
78,71.99043231378877,74.98168169873053
78,72.00204779907588,75.02250382791709
78,72.00416835385877,75.01268578096894
78,71.97293430731736,75.01892239034036
78,71.9929073208546,74.9969337541026
78,72.03774864465427,74.98461519281967
78,72.00647757203897,75.02439886985938
78,72.03582159976152,74.98018472992536
78,71.991385174675,74.98899635754218
78,72.0143744538063,75.01142019778668
78,71.99559938583309,75.0044773827443
78,71.9656079148225,74.96549307803274
78,71.98212322008162,74.98337679620528
78,71.99876476444439,74.97037846131887
78,72.04303022189896,75.01871641925582
78,72.03822665271275,74.97646014584758
78,72.04077162967359,74.97173569964664
78,72.03170849940582,75.03720514581167
78,72.02037019713619,75.00646661140303
78,71.98991240850451,75.02688807371698
78,72.02638554355994,75.02204231408298
78,71.99437883990518,75.01986564780329
78,72.03034112985121,75.0383983766835
78,72.01278785277168,74.97068277606898
78,72.0009324358471,75.00218485620327
78,71.97389312829445,74.97630699223961
78,71.96439582323498,74.96555711171132
78,72.04392548272523,75.00319092914027
78,71.98305556121544,74.9998967757936
78,72.02454930207398,75.00651733887703
78,72.00649100651465,74.98951354089618
78,72.021858297102,74.96454017465945
78,71.99820607568498,75.02932586543847
78,71.98700956187247,75.01968445141259
78,71.95695246027165,74.99625048492096
78,71.98843675883201,75.04829207162338
78,71.98167574764578,75.00426789815204
78,72.0112253231513,74.96101566859063
78,71.98489595562633,75.04499087152874
78,71.96310319964377,75.02676065019877
78,72.04154432138151,74.97744035112127
78,71.97659693033297,74.99667073671282
78,71.97160446375317,75.03035670418245
78,71.95464153533224,74.98953767819087
78,71.98603531593551,74.97896143490266
78,72.03383974573462,74.98036476636018
78,72.01610650005263,74.9613358324761
78,71.95309030068182,74.98643149051533
78,71.98105024058314,74.97024803784826
78,71.97369425746014,74.99331301268097
78,71.98877789047758,75.02319552239832
78,71.9905118875177,74.9582848020998
78,71.97994540552668,74.97224556508367
78,71.9946172682177,74.95200477906627
78,71.98421992294274,74.99101770938489
78,71.96468627497819,75.00599550618247
78,72.01655973214353,75.03214411868825
78,72.03531861760966,74.97717158453906
78,72.02519665137524,74.97055905734689
78,72.03419212554014,74.97752088013311
78,71.9764247215868,74.9970487283719
78,72.01350237378833,74.98972950530084
78,72.03756133011491,75.01518104920494
78,72.03481716723097,74.99146557979931
78,72.0066909563639,75.01517797085948
78,72.03606131820757,75.01367881515822
78,71.99880044578481,74.95289126816802
78,71.98057942649083,75.04294827387993
78,72.02689152231201,74.98170160378692
79,72.02452197409282,74.9946523487744
79,71.9729850696305,74.97124168469499
79,71.98597567989405,74.98513464259479
79,71.98572340311551,74.96033675773565
79,71.95756499473681,75.0026416765282
79,72.01037744341248,74.99229450300639
79,72.0100465400526,75.04170831065305
79,72.00001856899654,75.0226557478513
79,72.00492603478828,74.9522859563207
79,72.01894556930654,74.98342400246908
79,72.00960634127296,75.02065580463362
79,71.95683283529617,74.98513018498937
79,71.97531081370828,74.95787710538444
79,72.0057676545609,75.01655623300005
79,71.97260965176896,75.0071463886552
79,72.00008022421598,75.03581654143697
79,71.99295961052167,75.01280110398744
79,71.99967286773834,75.03139105821043
79,72.00126787541663,75.01737017212153
79,72.00213261404517,75.03078141514374
79,71.976438034412,74.95818551820138
79,71.99568052839155,74.97436740814969
79,72.01597978644168,74.97705201612624
79,71.98685863058024,74.96816180692214
79,72.01910172412887,75.02068727021961
79,71.9793138831838,75.0045743152286
79,72.01399753417485,75.03039612273213
79,72.02986287478328,75.01326136385927
79,71.97791326231818,75.03951900486166
79,72.02286988585172,75.04041013204825
79,71.99463584806949,75.03010244443313
79,72.02214477776164,75.03658371573667
79,71.95618154531473,75.01927304245413
79,72.02723849876297,75.01218377808978
79,72.03547608258422,74.99890348224058
79,71.99348757456752,74.99422112265948
79,71.99289968326849,74.99615346024646
79,71.98567044792824,74.98677684766466
79,71.96179825183833,74.98599198920722
79,72.0243906199298,74.99720544152133
79,72.01014714912054,74.99277740366256
79,72.01516954158767,74.98795585859583
79,72.00305495716216,75.00361546452096
79,72.02237634350703,74.99802808058267
79,71.95835067071471,74.97919506348595
79,72.02151817352049,74.97680805873881
79,72.01691511612663,75.02909024872203
79,71.99121661268548,75.0480052068215
79,72.02087278213806,75.01234672566126
79,71.97759138420895,74.97216915183728
79,71.96481856629079,75.00237788181074
79,72.03056733512466,75.00998761663989
79,71.99423274731825,74.96705645181605
79,72.04181192228735,75.00364744928781
79,72.00113550127011,74.98398952373708
79,71.97705220129893,75.03456831005063
79,72.02170432023439,75.0227385958751
79,71.98210114069788,75.02714369463223
79,71.98817751462646,74.96733420112577
79,72.00790544175803,74.9638664563737
79,71.9651923360502,74.99769508916593
79,71.968126979659,75.00977715871082
79,72.04631398496095,75.00645973004043
79,71.99940373384489,74.97324581896693
79,72.0074416312874,75.00473335916891
79,72.02404768389121,74.9985627328915
79,71.96343991808168,74.96753651338358
80,72.00766570243478,74.97810805036865
80,71.98824736683767,74.98753572198304
80,71.98957478872121,75.02849399923205
80,72.0228449703013,75.01718581417664
80,71.99257743050836,74.99984629821385
80,71.99787121998538,75.00141020070788
80,72.01970147897984,75.02048608998683
80,71.97472065281275,74.99878268948201
80,71.98823371666033,75.00343731702692
80,72.00338702501159,74.97061912643467
80,72.01854999405052,74.98944185869777
80,72.01932130197673,74.98322043318841
80,71.97199867529812,74.97978293178859
80,72.00046745478443,75.03867000611562
80,72.00462487291034,75.01601529059182
80,72.01840934813578,75.02655590327826
80,71.98230578555797,75.00000792008277
80,71.9807790078214,75.01569722893535
80,72.01493507826166,74.98907503021752
80,71.99056318957845,74.99203139821152
80,72.0264122750914,75.00836515488281
80,72.00964982700287,75.00780490441855
80,71.98495750983214,75.01574027356142
80,72.02610101135633,75.02306187268151
80,72.04008830641374,75.01931245482864
80,72.01070599824395,74.99070852320602
80,72.00003835977304,75.00509781449728
80,71.99229653836551,75.00638794040572
80,72.01210392200426,74.9900619657476
80,72.02587316735786,74.99567083993647
80,72.01136676653873,74.99368868561156
80,72.01018718808673,74.96740979750305
80,72.0484317712631,74.99292852848012
80,72.00671537774899,74.99113559952589
80,72.02735888424974,74.97269157842184
80,71.99685188926476,74.9717807404175
80,72.00463287500583,74.98381813976232
80,72.0170185918502,75.01608358963499
80,72.00329939519519,75.00149904502089
80,71.98629443756168,75.00009249874708
80,72.0137600279042,75.02847996227264
80,71.98559227477969,74.99918745317845
80,72.04172612913433,75.01513481714413
80,71.98439574079785,75.0103248093038
80,71.99269933229134,74.99795947954756
80,72.00787319194865,75.005022298077
80,71.9942608703891,74.98584724148859
80,71.99217883939738,74.97472476268624
80,71.98710030591035,74.9587500863439
80,72.02018582833766,75.01714040615659
80,72.0432856478186,74.9926668232115
80,71.96717345536455,74.98608756152748
80,71.99081093709007,74.96960106234332
80,71.98339503838956,75.03331627761303
80,71.98176068416431,74.9664768833991
80,72.00114235236455,74.98816804865774
80,71.98824676386548,75.02723941979993
80,71.97865063275796,75.03965749898683
80,72.01942623602831,75.01329058049285
80,72.00410758516821,75.02579540595356
80,71.99381042083675,75.00399272580367
80,72.02086932090664,74.99654470906782
80,72.03757170634577,75.01588820359798
80,72.00052455393899,74.98137273863968
80,72.04590925616455,74.98164445647654
80,71.97603454863805,74.9826507803004
80,71.9982878627128,74.98966637257382
80,71.9962514300869,75.00590313499778
80,71.95696891995614,75.00710476830922
80,72.0026249267744,74.99860948383427
80,71.9879285386614,74.98758489478341
80,71.95436044268986,75.00937385133228
80,71.9985114734511,75.00255014655377
80,72.02860353764773,75.03657385908294
81,71.96430237658588,74.96936372206746
81,72.00386478871621,74.96451335592192
81,71.9951035846558,74.95758564399532
81,71.97952193997335,75.03738760318133
81,72.01299547119955,74.9698871177558
81,71.96051245380151,74.97955131933985
81,71.99560670261134,74.99886023651692
81,71.96179825183833,74.98599198920722
81,71.97973865590656,75.04330597927367
81,71.99297203043034,75.00912004201759
81,72.01464756415098,75.01829563753994
81,72.02269363510601,75.0368385851005
81,72.02444576854347,75.0138956267366
81,71.96809824832783,74.98772806758089
81,72.02934603232129,74.97142813253544
81,71.97132316326996,75.00890875848908
81,71.98615150692001,75.010184654135
81,72.01470363752748,75.00824245680259
81,72.010122978418,74.98692310002725
81,71.99536659810734,74.97974361873071
81,71.99721113239404,74.96750827103814
81,72.01746861075682,74.9828549745177
81,71.98506767265057,74.98483303463998
81,72.01115675296042,75.0000608440598
81,71.96863476064841,74.96980220179208
81,71.9847324822398,74.98146135050605
81,72.02749320488726,75.02398806914888
81,72.01573101602055,74.98491816657817
81,72.01265676272008,75.02183474081075
81,71.98380348037212,74.95715782905432
81,72.01527526773076,74.99923554775721
81,72.03684559619813,74.9852308895129
81,71.98963208183011,75.00465128164993
81,71.97923465381774,74.9823231055216
81,71.95652520429601,74.99470492742
81,72.01856282607194,74.99564151795417
81,72.04589684276334,75.00069074508447
81,71.98746631381408,74.95324390986964
81,71.97938200376134,75.04292432940062
81,71.96507317379326,74.9756433614968
81,72.01630696547045,74.98177392551776
81,72.03789656017872,74.98162935440932
81,71.96349445194393,74.98265308819965
81,72.00621208464602,74.98987937605335
81,71.9757579903386,74.96233412560795
81,72.02721875571217,74.96176856618646
81,71.9906454412084,74.96327176010288
81,71.9792551490671,74.95560276769314
81,71.9821449666926,75.04508200900798
81,71.97672768071743,74.99896708009335
81,71.97988823718656,74.96435283870682
81,71.96921595598819,75.00292722411453
81,71.9617350674757,74.98835180739393
81,72.02464905887621,75.0146917641766
81,71.99453287415122,74.99558814611227
81,72.04873810179532,75.00995380562989
81,72.0385904188094,75.0121501826782
81,72.00524865860909,74.9951073127138
81,71.95365529391982,74.99433905422865
81,72.00763964251716,74.96073531332922
81,72.03667454717512,74.979051236614
82,72.03186038301038,74.9918387025726
82,71.96010426548277,74.98970856711856
82,71.99265697836451,75.0212574945167
82,71.98273093809051,75.03267524075228
82,72.0264248028689,75.01535605030372
82,72.02058195078808,74.96068917767046
82,71.99532634780768,75.01224736870034
82,72.00619378885015,74.9990185001439
82,71.99718271284297,75.00444546320983
82,72.00114806153549,75.01859844206729
82,72.00979973432663,74.95987635610227
82,72.0284472282859,75.01828819728608
82,71.95251559055346,74.98640088332851
82,72.0098808984241,75.01087057304971
82,72.03060304050518,74.98569568562974
82,72.02764056639529,75.04147307501096
82,71.9920216605218,75.01538917359396
82,71.96302386772223,74.96968916078278
82,71.95691614943222,74.9824792549867
82,71.97271727956874,75.01530340759041
82,72.03915669384345,75.01835650206348
82,71.98129386983562,75.03308333390783
82,72.03298381453725,74.9785589350525
82,71.974531459184,75.00000016809615
82,72.03867118695574,74.99711701608251
82,71.98343164859786,74.99925120266663
82,71.99394230912696,74.98246883027892
82,71.99676184259665,74.95123428808975
82,72.02516504460742,74.96995214069267
82,72.01900619822767,74.99353872783975
82,71.98170865141832,75.00354817893806
82,72.04038007050872,74.98165663347419
82,71.99954491129238,74.98305440279277
82,71.99193247473484,75.02871263325889
82,71.98552424869477,75.03816532124775
82,72.00740952744223,75.02852809045136
82,72.02166197886052,75.0045850772007
82,71.97302583323788,74.99558581068247
82,72.00378499767827,74.99014310880365
82,72.02963676220641,75.00718332892961
82,72.00356887333248,74.99193140001785
82,72.03323490593941,75.02535755070899
82,72.00268001148156,75.0398249033162
82,71.95134684614004,75.00669586223441
82,71.95565238053534,75.01211581838776
82,72.0185630071861,74.96095144079146
82,72.04768774852079,75.0122825110125
82,71.97514349396901,75.04223948072612
82,71.98792280713268,74.97390412239281
82,71.99659083020481,75.00601580306281
82,72.02634707339834,74.99414572075374
82,71.98239876100747,74.97466636859335
82,72.0347526545431,75.00203194326129
82,72.00778142790357,75.01157930279483
82,72.0314473772644,75.01408900484296
82,71.97894463561113,74.9559322446358
82,72.03646694182095,74.98355230702694
82,71.98494349003563,75.02877748355951
82,72.03992493482237,75.02540307083044
82,71.98864635658315,75.00637368378857
82,71.98593155893138,74.99190311589125
82,72.0028246226636,74.99511483197591
82,71.99802008853212,75.02369834222328
82,72.02766317239248,75.00198248031539
82,71.9874211180894,75.02243902679643
82,72.02327829682953,74.97513888113323
82,71.98569174609538,75.0004679103854
82,71.97601121744029,75.01620573692537
82,72.00725683792635,75.03923626606213
82,72.00888784452302,75.03007300618573
82,72.04286165908717,75.01038333462667
82,72.0037192514584,75.04862850517812
82,72.0292702583053,74.97522029447671
82,72.00333168643361,74.9948305841566
82,72.02483013031974,75.02585264533683
82,72.02616340534016,75.01789686316823
82,72.02216949580774,74.96458693913051
82,72.0029914231515,74.97420535980525
82,72.00532504008247,75.01690323931912
83,72.01641310658049,75.01555929674146
83,71.96810406479976,74.99985872213556
83,71.98231501633073,75.01532584305099
83,71.98777294628553,75.04111185834454
83,72.02863444569354,74.98969023643168
83,72.00989769065927,75.03753630398585
83,72.0111983543878,75.00359862434627
83,72.02278631399912,75.01700086306157
83,71.97258091258826,74.98554899696592
83,71.99053459226496,74.99870719360017
83,71.96854936227206,75.03425741996313
83,72.03823802858538,75.01993870977671
83,72.03253093573204,74.99575017926254
83,71.97675681189878,74.98453017735244
83,71.97821806824213,75.03628739930531
83,72.02935205852846,75.01665505666762
83,71.99307460533639,74.98661285913751
83,71.98540495089621,75.01710404483019
83,71.98478494760523,75.00845480064834
83,72.0344085087771,74.96524303577559
83,71.99804707804967,75.03766599526982
83,72.01475621754581,74.98967941668234
83,71.99218365140271,75.03119033690533
83,72.01979758857392,75.04330921830136
83,71.97673666067597,74.9643196979832
83,72.00029183945458,75.04694382349449
83,72.04365159449709,74.98922324424112
83,72.00840549930226,75.02258950856545
83,71.99708960804654,74.96327733208304
83,72.02234534294115,75.01043989835964
83,71.99648422768185,75.02043792035754
83,72.0359432469392,75.00253410206355
83,72.0347603032872,74.9833317945883
83,72.0122244544917,75.03927611627702
83,71.98630406028052,75.00947594256854
83,71.97799768025234,74.95547320933458
83,71.98758610673909,74.99725721871553
83,72.03234039318916,74.9867633603354
83,71.99138830682675,75.01388742439083
83,71.98088236704952,75.01159100620687
83,72.01651032926895,74.97666683237968
83,72.0319859464394,75.00643255437363
83,72.01096454851492,74.95362022065262
83,72.00549721595584,75.01166338295022
83,71.97180726716081,75.02639047314753
83,71.97642221026256,75.03432313620155
83,71.98371952265882,74.96563762344721
83,72.026912073606,74.96249076760934
83,71.99752212364471,74.98015241720971
83,71.9693788578562,74.98215745021899
83,72.00630066790636,74.95259124294822
83,72.00731351280832,75.01149360423247
83,72.03920797430654,74.97580753713274
83,72.00085490413974,75.03715755448857
83,71.97448920326104,75.0068420322973
83,72.02911791563614,74.97675748118328
83,72.02101807427502,74.97147380635545
83,72.01567963864389,75.01562848326896
83,71.96155296255547,74.9865731053252
83,71.96460553734846,74.96847518508565
83,72.01739492704533,75.0404404347127
83,72.00967539809047,75.00545955397658
83,72.041971512361,75.00290803905023
83,72.00334936427775,74.96219448654692
83,72.0201034425914,74.97200808387822
83,72.00872965795631,75.0068932876864
83,72.008818355414,75.00353053820315
83,71.97335502021707,75.03173783725929
83,71.97788377711606,75.02247890703528
83,71.99833266910467,74.96872214910651
83,71.95336948439514,74.99797047778321
84,71.98283121804207,74.96583113051447
84,71.97500645382831,75.03715790073052
84,72.00964619731931,74.97943942633057
84,71.97775838103993,74.96221326953146
84,71.97085221638793,74.98500999371775
84,72.01731733606664,75.00236355113431
84,72.0077150285058,75.01372049975731
84,72.00106717884782,75.00143788431075
84,72.02206663082028,74.99450929545117
84,72.04302060628191,75.01348359832218
84,72.01191429238953,75.01004648289805
84,71.98522628472058,75.03531801098376
84,71.95992929603764,75.01420523353498
84,72.01480496660899,74.98910890490954
84,71.9915852509358,75.00557380724486
84,71.9991026162093,74.95911313003133
84,72.04251289150405,74.98210093852825
84,71.99855406756659,75.02143600083646
84,72.00901363295364,74.98805328134236
84,71.98816518155189,74.98210264426825
84,72.03651508541229,75.01620585374299
84,71.96151483557357,74.97960091728758
84,71.99215959313347,74.99251590933785
84,72.00276406666164,75.03843093659368
84,71.99193048009158,75.01115596777855
84,72.01040460074977,75.02167606894419
84,72.03794905785843,75.01060343903174
84,71.98216616312676,75.01628104550242
84,72.00650977983132,74.96445981580777
84,72.02735188947636,75.02090243844172
84,72.01380270616409,74.99064688632404
84,71.96618960140478,74.98249989235582
84,72.01515493740396,74.97552071724328
84,71.99869513207267,74.99373565489645
84,72.04359606669607,75.01455063094892
84,72.0088519440387,74.99644308441827
84,72.03669692720133,75.01756842299089
84,72.00022417684565,74.99630240938616
84,71.97094029536031,75.02033017984886
84,72.02627477191247,74.99986680496689
84,72.00680085318034,75.024295282722
84,71.96980063566305,75.011835847966
84,72.03175041805927,75.00570520681597
84,72.0065435989567,75.00205051232378
84,71.95851298678338,74.99059248491915
84,71.99627971784004,74.96374921578075
84,71.9563396031788,75.01292745925413
84,72.02931704192086,74.97043776708747
84,72.02351014327147,75.0272158924569
84,71.97214529387062,74.98965831708253
84,72.00938666114438,74.97144200344735
84,72.04687490764643,74.98674149506371
84,71.98777857631495,75.02117301172342
84,71.99141886697952,75.03599011126053
84,72.0179987520175,75.00416206508328
84,72.00004992770681,75.01122030251369
84,72.02195991967142,74.97467253439183
84,72.0288527909598,75.02177727619791
84,72.03894353121338,74.98716455933821
84,72.04268702182573,74.97933627996404
84,72.02529771350893,74.99602550019323
84,72.01837926440923,74.9862653812319
84,71.97482230240342,75.03220031642523
84,71.97997319972019,74.98265687036061
84,72.00567611221068,75.01767276875735
85,72.04427437962848,75.0194599733472
85,71.97309983290171,74.96267338524882
85,72.00945279236552,74.9731971344425
85,71.96120414627097,75.00686293386863
85,72.03620209146226,75.00255773461757
85,72.04358738911208,74.98464457598588
85,71.99697717226239,74.95445979733823
85,71.97070662279428,75.01002724728434
85,71.98741328434261,74.9533636181531
85,72.02440521465799,74.97923351467476
85,72.04910485470812,74.99744368293631
85,71.99324923274354,75.01983328613937
85,72.014871809606,74.9958179724377
85,71.97869864780661,74.98558760008719
85,71.9829648439808,74.9669538456178
85,72.03646781252499,75.01181846975693
85,72.0448475744182,75.0217251673702
85,71.99545239412873,74.96571355051007
86,71.96431975074401,74.97346770455783
86,72.00883004096133,75.0043324709288
86,72.0181688138539,74.98729834131345
86,72.03064652631564,75.00138970185068
86,72.03801842490083,74.99748560992884
86,71.99096324417546,75.02198537767516
86,71.98665112656226,74.95318664386946
86,71.97740405248489,74.99601887293005
86,71.99600972505128,74.97701205437912
86,72.0150036358816,74.96860361259243
86,72.021497697593,75.0090520326179
86,71.98894454668172,75.01302765872626
86,71.97297863438318,75.0231670635069
86,72.02866557336431,75.03948467159496
86,71.98820064911267,75.0127755130306
86,72.02758340524103,74.96967064851816
86,72.01738594848199,74.95837083656035
86,71.99073192164445,75.00130889253822
86,71.95365529391982,74.99433905422865
86,72.03504369060379,74.99627837570227
86,71.96023628753606,74.9713902336072
86,72.0143906309107,75.02381601353882
86,71.9895181088635,74.98806327497066
86,72.02745040861912,74.96446738966004
86,71.98993456808856,75.03650587095956
86,72.0099767039756,75.0070173540515
86,71.97570576288553,75.01522884602998
86,72.03623478001347,74.9947878082285
86,72.00560588375637,74.98875936536793
86,71.96737356801182,74.96424853124027
86,71.95807610613566,74.97292211316552
86,72.01714066872866,74.97351310306274
86,71.95508638955869,75.009249239241
86,71.97792127222297,74.96021853204728
86,72.0446842933045,75.01813295170282
86,72.01733620844975,75.02352600911568
86,72.00183318191374,74.9673560491952
86,72.04005845975693,74.97450341007954
86,72.02022947544071,74.98486766030508
86,72.0191416384671,74.98192174353791
86,71.97995486970471,75.01088104248836
86,72.02386413257487,75.04137475674148
86,71.96638206942552,75.00870057940658
86,71.99549598167411,75.00613089281174
86,71.98244851818885,75.04035949026171
86,71.99633121605487,75.0249601689641
86,72.0066162971939,74.98695752800243
86,72.00251760108513,75.0410955550327
86,71.97378674228236,75.03544893916936
86,71.96261753390384,74.99505677773091
86,71.98735142844686,74.9992968501682
86,72.03140292984969,74.96613641977746
86,72.0212068464052,74.9821679137354
86,71.9895613206747,74.99021197381535
86,72.03280504814616,74.99652187828298
86,72.01187790565491,74.96470494315302
86,72.0123420694259,75.03775921497682
86,72.01599026141035,75.03652505394255
86,72.0324726914726,74.98178574489788
86,71.9964391074702,75.02945129172416
86,71.96232239148286,75.03078264772287
86,72.0104741532967,74.96607919791505
86,71.99030099273227,75.04082001508715
86,72.0211869591112,74.97214596425799
86,71.98824926203486,74.98902582454699
86,71.97500706622021,75.03097937458686
87,71.99293094476592,74.99976532240261
87,71.9651741741826,74.99518673103994
87,72.01254138613125,75.02947222841608
87,71.95325674821854,74.99169590876134
87,72.00791477428291,75.02199438639913
87,71.95489208454681,74.98258331686357
87,71.99674508181599,75.02714342406247
87,71.97987743228965,75.00222308577649
87,72.02668400369754,75.02537659871486
87,71.98061541571397,74.9939194456729
87,71.9958297367949,75.0226106062466
87,71.99025162477363,74.97062081377982
87,71.98489595562633,75.04499087152874
87,71.98092235371965,74.97339457584101
87,71.97954269079494,74.99471049261503
87,71.97270213621273,74.99594775706197
87,72.00321693437812,74.99562224738366
87,72.00133023196699,74.96235684926484
87,72.03817837263165,75.01331615057113
87,72.04327774681805,74.98893872669119
87,72.03067242462951,75.00672994520912
87,71.99882326600459,75.00072664238661
87,71.96292113720516,74.97855236104371
87,72.01178125784897,75.01618457548932
87,71.98551461421235,74.96644575601218
87,72.00648401370502,75.04795305249347
87,71.96135138220933,75.02626728189462
87,72.01802026751007,75.00380311426241
87,71.99549437681384,74.96009890550953
88,72.00936302189078,74.99684204153134
88,71.96590617422213,75.0184927142749
88,71.98573509608568,74.98515066988776
88,71.96647033892388,75.01344230991907
88,71.97859127643224,75.0188543005895
88,71.99954375258652,74.97864588810096
88,71.9927468919332,75.03451265304469
88,72.03989639981464,75.02842450722022
88,71.98141660630063,74.98561753408099
88,72.00763473584395,74.97148521162372
88,71.99603645740446,75.02330345584335
88,72.02279938359256,75.00200886185047
88,71.97109660639924,75.03900154476544
88,71.95897561393294,75.00562309303746
88,72.00918014866161,75.04338572863445
88,72.0256129808004,75.03997204536444
88,72.00122804185075,74.99890484048206
88,72.00048045607207,74.99526711041136
88,72.02165190679771,74.95768275457436
88,71.99893276184075,75.00918321154118
88,71.9853363537483,75.0407475630912
88,72.00845005738645,75.02488584634149
88,72.01946733632751,74.9554858160273
88,72.00255525070895,75.00218011789411
88,72.02719579460566,75.01416459747203
88,71.96555546661213,75.0231883929447
88,72.01976289523738,75.00997308101634
88,72.02749736336133,75.01294431730548
88,71.99500193375219,75.00609604054047
88,72.04548563790715,75.01143680312963
88,72.01919233817027,75.00571643225105
88,72.01792110606009,75.01288085560022
88,71.97163680139117,75.00919473603045
88,71.97669786977204,74.9804187579734
88,71.98352734409103,74.95913099604218
88,72.04223566722902,75.00503291709688
88,72.01530183130394,74.99033986033328
88,72.01275318323917,75.03355086757495
88,72.03644303276802,74.99695969621924
88,71.97472564577606,74.97648528642219
88,72.02457115968298,75.04021547739461
88,71.97853533278985,75.03610235207341
88,72.00920072275783,74.97706070316214
88,71.98987616292021,75.04014074951328
88,72.02089753440924,75.00474320141056
88,71.95287777966335,74.99051435362642
88,72.01115804306458,74.97370461682141
88,72.01669079114077,74.98477539026435
88,71.98266498461066,75.0305090598382
88,71.98496395924579,75.03312177822606
88,71.98671020732463,75.03398852574487
88,71.98532078256184,74.95580356413333
88,71.99408764724465,75.0240637224118
88,71.98545161069856,74.9832092010338
88,71.98979006680605,74.98885919111612
88,71.97555447207901,74.99194604609282
88,72.03349223306127,74.98156347844086
88,71.99630894806016,75.02848031600516
88,72.0062010343645,74.98390334216826
88,71.95734552596284,74.98719336437576
88,71.98348977506193,75.0175944919598
88,72.00190979268211,74.98014891858263
88,72.01385225749227,75.01755199918782
88,71.98515532352407,75.02707935316234
88,72.01125585505693,75.02983350820973
88,72.01267996447459,74.97886348195976
88,72.01806149825251,75.03577156975899
88,71.99458899221315,74.98636160161728
88,71.97028119567501,74.99929725668008
88,72.00402955203165,74.97169581839256
88,71.97307488650677,75.03028778808549
88,71.9575243847105,74.99714053022194
88,71.968755948461,74.97692847462382
88,72.03833555917068,75.02007131213546
88,71.98244101984086,74.95698318963814
88,71.99811254404676,74.95041420704241
88,72.00779557502915,75.03180919335813
88,72.00001769444096,74.95889401565648
88,71.99875789107283,74.9543640998548
88,71.99715336528419,75.02450223267478
88,71.95239178164545,75.01431896588616
88,71.97704322107106,74.97996718908655
88,71.98447867745845,74.98135384493685
88,72.0074760850215,75.01367711530817
88,72.02002343730769,74.99679320679829
88,72.03044130452203,75.01047470347908
88,71.98279080681999,74.96825844269398
88,72.00277836193182,75.02626960837901
88,71.98337977143478,74.96275009969352
88,72.01939969153545,75.02227339194297
88,71.99250630204706,74.97856356119306
88,72.01956129048389,74.97979243014537
88,71.98066082093224,74.98138515454139
88,71.99676937915645,75.00188958309457
88,71.99303909835498,75.02440196590932
88,72.00908220354431,74.97760114345736
88,72.0117352693462,74.96388416643366
88,71.96182716440956,75.00793181010116
88,72.00996731854458,74.97909501351546
88,71.99912130448146,74.98578998207554
88,72.01648961430168,74.95945296328293
88,71.99520437512265,75.03490368962261
88,72.02380988078113,75.02254379884953
88,71.97276755168438,74.96720154496806
88,72.015347882759,75.03282839867906
88,72.02251719317174,74.97630459503296
88,71.99911949556038,75.00567539343415
89,72.0437944796259,74.99438409845212
89,72.03309787733959,75.02329066399618
89,71.99899133834612,75.0142955375984
89,71.98642244827884,74.98599302050287
89,72.01232784241019,75.02203248622955
89,72.03164548310934,75.01765479952711
89,72.03128525985821,74.99077972162158
89,72.04484755703233,75.01943154995921
89,72.0233601687233,75.01748805930761
89,72.00191247964851,75.04065979369484
89,71.96472379822832,75.01759506553638
89,72.01124538646032,74.98245244308212
89,72.02572671026424,74.99522680463954
89,71.98259023830421,74.95692311123254
89,71.99577154656748,74.97834627605884
89,71.98050080653441,74.95400316733827
89,72.03920797430654,74.97580753713274
89,72.00030512697167,74.99400609132853
89,71.99061269911867,75.00031576514756
89,72.0234226892262,75.01918519458451
89,72.01469434839858,75.01427316751582
89,71.9931153565311,75.02236262128486
89,72.00929785304322,75.02165559738732
89,72.01515513853484,75.0465100125676
89,72.01165863186021,74.98642078488517
89,71.99294428545588,74.96937465937866
89,71.9729902191393,74.99531973694216
89,72.02814265547539,74.96476861654699
89,71.97861761988429,75.0267129866406
89,72.01015422314042,75.03088536686748
89,72.00434746658748,75.0296484578023
89,72.0141321427753,74.9951367838508
89,71.98056317899758,75.02233463099049
89,72.00022960848106,74.9902402222026
89,72.0206382060859,75.039930612447
89,72.01864298821748,75.00644408876968
89,71.99134055739242,74.95723257204119
89,71.95382541738556,75.00970153850328
89,72.03558163300565,74.98625936882787
89,71.99755924760015,75.04155431409626
89,72.01199602129232,75.01403563588545
89,72.0022886603209,75.01514497428501
89,72.00639220679672,74.96549002064462
89,72.00720656315751,74.96309666639023
89,71.99468041095817,74.98323824307214
89,72.00318383432334,74.9558370342554
89,71.97881583432162,75.01835118290032
89,72.0030687944373,75.03399002779648
89,71.99479177131613,75.01353675098714
89,72.02437055931213,74.97675529189057
89,72.02699961076138,75.02654426660396
89,71.99657982370707,75.00694461298345
89,72.00555305987885,75.04692981007275
89,71.99410490827906,75.00487538312655
89,71.97739847691552,75.03699231909987
89,71.96430237658588,74.96936372206746
89,72.01661155048315,74.98022773694323
89,72.01171133546072,74.98220339884197
89,71.98013861244007,74.97518381533226
89,71.96851172345609,75.0012469685049
89,72.00452231071279,74.95881689249866
89,71.96554080171767,74.99502739386524
89,72.01501099464538,75.00682790966451
89,72.00410355852975,75.00028031620819
89,71.96677452604584,75.01410368198262
89,72.02861999806973,75.03329855777034
89,72.04607489510114,74.98227560509628
89,71.95805864097393,75.02557841210101
89,71.98584804935837,74.99231166677197
89,72.01131088202757,74.97217940489116
89,71.95743631354249,74.99858954015659
89,72.00498061072726,74.97966462531004
89,71.98331266031965,74.96397513514964
89,72.00197270164091,74.98156952321656
89,71.99667263559017,75.03457691324492
89,72.00817183552509,75.00242249682883
89,71.9599102121106,74.99375908954175
89,72.00321184420102,75.02666472642088
90,71.99802748681408,74.98041127202906
90,72.04000199224957,74.99702977905287
90,72.01178443945143,75.04839929704592
90,72.03148690883263,75.00080674122833
90,72.0196574748884,75.01951818097726
90,72.02284613982503,75.00961417836957
90,72.0048007174233,74.95699409547912
90,71.96008901216346,75.00279410301746
90,72.01070599824395,74.99070852320602
90,72.00121851029415,74.97856305350784
90,72.04275338864194,75.01280148589628
90,71.99424836926214,75.00427198959582
90,71.95231079731018,75.01465210792021
90,71.96469742741553,75.01624405695682
90,72.04086519282257,74.98437833437681
90,71.9653175684839,74.9952775866448
90,72.0356540300956,74.96941698802013
90,72.04448397893297,74.9829869285584
90,71.98176727127763,75.02922939164205
90,72.00582192556458,74.98134634516197
90,71.98275225692022,75.02699197488181
90,71.99115471809147,74.97398710860652
90,72.02370954568802,75.02998674593925
90,71.99687071304025,75.0229625323008
90,71.95530064985182,74.99368627613063
90,71.97057481765422,74.96757470908727
90,71.99929382821223,74.99449818934104
90,71.99018295134798,74.97083547962639
90,72.02870452440777,75.0288319711305
90,71.96942820162555,75.02994751660528
90,72.03691189119368,74.98111002519207
90,72.03197551476762,75.03690200348935
90,72.00206228395386,74.95213153227905
90,72.00285064196359,74.96980954192551
90,72.00022404143931,74.96543588248379
90,71.99973665927759,75.03539404019567
90,72.00053543877637,74.9923059182875
90,71.99429163245794,75.02236606405134
90,72.01008442084382,75.03310462120234
90,71.98677438226338,74.95818569230843
90,71.98418010142893,75.03734476811516
90,72.0240522657281,75.00680375672813
90,71.97394980100617,75.01402523934837
90,72.03392176860461,74.96870597281657
90,71.99248797599122,75.00032224092122
90,71.9604376555811,75.01901075299868
90,71.96753102388577,75.02267013087773
90,71.97221105540481,75.00387826064839
90,71.96908448476184,75.01339102385307
90,72.03538805607624,75.00230153158907
90,72.03915279361179,74.99171092980241
90,71.96805201984382,74.9748426738714
90,71.99251002818279,74.99157148843261
90,71.99262627080196,74.98677495452407
90,71.9915852509358,75.00557380724486
90,72.03370762333678,75.00394261707883
90,72.02900851063539,74.9670170742221
90,72.01448684962467,74.9868891438257
90,72.01074203060325,75.03929614855697
90,72.00811567096169,74.99669471334954
90,71.97887697823677,75.00285829698672
90,71.99336628808585,74.99920420753458
90,72.00447312077806,75.02377154952751
90,71.99841863143828,75.0443993548441
90,71.9753765442515,74.9757676397425
90,71.9776696667791,74.97620154489985
90,71.96001805422435,74.97269955588912
90,71.98141660630063,74.98561753408099
90,72.00853935327945,74.99928129069882
90,71.99328343182714,74.99015437736735
90,71.99454880583374,75.00902635187363
90,72.00831963397292,74.95452171567243
90,72.04178253394271,74.97313520771313
90,72.02124727693464,75.02450350146496
90,72.03504369060379,74.99627837570227
90,71.99128396487875,75.0026331641858
90,72.00054316655567,75.03431141313885
90,71.97668461585808,75.00670786026059
90,72.00125688307807,74.97170841808294
90,71.95898099922219,74.97266368455035
90,72.02766852534135,74.98567151339502
90,71.98732253871835,75.01703912839784
90,71.99478993792432,75.01451071464966
90,71.97935777389235,74.99007181394319
90,72.00113550127011,74.98398952373708
90,72.00453251181771,74.99303201013225
90,71.96653501731535,75.00792002450848
90,72.0026870468191,75.03704331949577
90,72.02269551599413,74.97343284924554
90,72.028113234426,75.03303257430358
90,72.01384392851476,74.95525038359732
90,72.00339638596672,75.02321749546243
90,72.01030447472381,75.0066912292516
90,72.02819158759313,74.96205723284285
90,72.03476990642181,74.98043332684938
90,71.99572880920789,74.99318107264126
90,71.98293381888088,75.04481831873555
90,71.95859205139044,75.0266226980629
90,72.01700031005302,74.9876557689559
91,71.98547681148028,75.01682797831856
91,72.04175297137085,75.02205122440496
91,71.99711400485899,74.9728611915148
91,72.0228462341985,74.9940957251719
91,72.00733599810557,74.97927412628178
91,72.01509003818816,74.99796871310086
91,72.01789955813005,74.99896416276762
91,72.01993733903088,75.00803602555452
91,72.01481405366641,75.00007116304756
91,72.01221548765567,74.97615842731155
91,72.0060631622572,74.99486299425469
91,71.9801383542756,74.99332464822302
91,72.00671087688367,74.97273828906378
91,71.99246102530059,75.00720920286776
91,72.03687824061292,75.00007649753034
91,71.99522769963478,75.01709145642168
91,71.99990308890712,75.02236643640637
91,71.98456613192782,75.01312906154791
91,71.99808021121896,75.02601103538142
91,72.02020056668981,75.00340762186437
91,71.99057632525039,74.99650014717075
91,72.00336465764998,74.98782285711421
91,71.99476060963907,74.99878347397153
91,72.02956703823891,74.97647136734214
91,71.98662295190314,74.98341817713478
91,72.0006861769229,75.0059155231714
91,72.03869280069908,75.00848126220768
91,72.01993192512411,75.01233924973499
91,72.03063283627509,75.03732100705191
91,72.01641310658049,75.01555929674146
91,72.00802726611849,74.97474930427008
91,71.9715709116497,75.00934436270869
91,72.02807684219076,74.99186897059901
91,71.9837298073511,74.99568739236248
91,72.00201844092726,74.96324444861366
91,71.97220422398135,75.02120245318717
91,72.00586715639187,74.99410335628927
91,72.04105901400679,74.99916951275688
91,71.99474749226108,75.0014969042067
91,71.99669969841403,75.00375365320002
91,71.98814492541996,74.99788807763261
91,71.97313891341277,75.03818150786091
91,72.00424887435558,74.9815673988328
91,72.00891480874435,75.00619377191396
91,71.99549293233197,74.95567964553547
91,72.01261932825766,75.01993591681305
91,71.99257333573416,75.0054976139367
91,72.02059334819752,74.98613423489383
91,71.9775760950945,74.96196583959937
91,71.99069805126382,75.01910326799629
91,72.0104213913392,74.98045234874924
91,72.0188693581325,75.04155796570168
91,72.02093272103612,75.02324660464093
91,72.01601361727171,75.00452255401822
91,71.98233164722414,74.98633719461145
91,72.01902374073678,74.98273176903436
91,71.98093064833998,75.01558835573545
91,72.02516943294209,75.01648088258334
91,71.98093226727563,74.97370279465925
91,71.9807312584348,74.96719689063447
91,71.99254114655311,75.01516110602692
91,72.00057534662598,75.04203753987434
91,72.02287864866956,75.034571761201
91,71.97288354306974,75.00793471390756
91,71.97869864780661,74.98558760008719
91,71.98899728885884,75.00505314487935
91,72.01628579180328,75.03158363716928
91,72.01603464422544,75.02261156428007
91,71.97346980033777,75.00259704338406
91,72.00535072777924,74.97244004292774
91,72.01691970215032,75.04228420000096
91,72.00033970982284,75.01733126049028
91,71.9683300913861,74.97709076526881
91,71.96510106840175,74.99801766260032
91,72.00810851003207,74.98372814131743
91,71.99503122427265,75.00320004855463
91,72.00998454547089,75.01835459688836
91,72.00927745784516,75.00091121443305
91,72.00668111289806,74.99157898313914
91,72.00635011646422,74.99291557757826
91,72.02043090423342,74.99343339702826
91,71.98772544555688,75.04361655070684
91,72.01731733606664,75.00236355113431
91,71.98636927736916,74.9906089677493
91,72.0188473785772,75.00918013096778
91,72.01715854544288,75.01702616370585
91,72.02385402739405,74.99843553330665
91,72.00321307443028,74.99242797269486
91,72.0189226870479,75.0266912951396
91,71.98707469849157,74.99834513130088
91,71.99036580482314,75.0270411612401
91,71.99499595246787,74.97623593366085
91,72.0319624377948,75.02472017901856
91,71.99912635242075,75.02734223857372
91,71.98748474994082,75.00944410654705
91,71.97344577355369,74.99809775911955
91,72.0188250732708,75.03551237027429
91,72.00094161757387,75.00730004506713
92,72.02148970066955,74.9875904956158
92,71.99017404435946,75.01758314887152
92,71.97031675751603,75.00036360470175
92,71.9841883544193,74.97020377241127
92,71.95839625265297,74.99556256886363
92,71.97160407940086,75.00490974994246
92,71.9962553354565,74.967764578883
92,72.02097200062018,75.02032419220144
92,71.96426497239183,74.99617045550664
92,72.00977551550356,74.95763715589639
92,72.01181924861353,74.95409578216965
92,71.98153835047408,75.01123245230887
92,72.01438655853175,74.95828644147464
92,71.99715972726935,74.96771430897095
92,71.99942245579633,75.0121772528483
92,71.99978515958952,75.04637036469953
92,72.02908948129345,74.97973267366358
92,71.95063908824126,74.9921247804528
92,71.99290005238822,74.96984483465158
92,72.04075908068377,75.00286863200593
92,71.98905246037924,75.03425276400499
92,72.02722907578386,74.97747263870862
92,72.00094295699523,74.99118294898557
92,72.01506167506355,75.02290062521986
92,72.00178175716142,75.0355172506418
92,71.98538744130778,75.01953704526373
92,72.00991142873622,74.99980379886996
92,71.97684222137262,75.00136176969352
92,72.00498668703966,74.98494918357471
92,71.98760269388438,75.01238065280904
92,71.96412913765668,74.96815550252654
92,71.98931788550992,75.0158596163924
92,72.01284046652574,74.98875174472732
92,72.01576140188239,74.97779244962366
92,71.99402742940661,74.97651932625222
92,71.97669944879067,75.04305395921547
92,72.01781532030752,75.01640809021369
92,71.96403804567224,75.02384389269034
92,71.98613901171991,75.02156260177286
92,72.03142695001135,74.97800433610351
92,71.95704049966584,74.99361378886971
92,71.9829648439808,74.9669538456178
92,71.95804860326807,74.98786752273864
92,72.01716092827282,75.00246608885186
92,71.99058951547389,74.96643657572099
92,72.04429559686163,74.9859133697613
92,72.03205959735396,75.01862519286416
92,72.00040135853419,75.04937496602147
92,72.00871282190353,75.00000969319103
92,72.00779512421747,75.0390084732126
92,72.03506033741077,75.00534069541652
92,71.99564186218129,74.98033147854605
92,71.96365179178297,74.98587464002912
92,71.99359442078926,75.03175259288943
92,71.99444897808856,74.99367947546513
92,72.00320203997194,74.9554818351456
92,71.9927273762592,74.95101419231783
92,71.97085568186642,74.97297477381484
92,71.9946107084301,75.02831498291332
92,72.0097874323644,75.04172292599719
92,71.977817484485,75.00390057452923
92,71.98198665095269,75.04054248646943
92,71.99641466084553,74.98161557960209
92,71.98383962414194,74.9792731348805
93,71.99296442924599,74.96437185472502
93,71.97790020945715,75.00435810281343
93,72.02069498168143,74.96116421136738
93,72.03052184107932,74.97707889969364
93,71.99775483659525,75.04518272610818
93,71.99867318171212,74.99674363565681
93,72.04840709332106,74.99598254610008
93,71.97902235523333,75.03820418310914
93,71.965849966839,75.02756213671579
93,72.00156333677292,74.95685154785293
93,72.01002708265796,74.98395198543083
93,72.0029055295179,75.01589338178347
93,72.03722421862683,74.98455223655209
93,71.96199116427766,74.99464239485408
93,72.0291722905011,74.98646102010517
93,71.97919113014161,75.02544600164512
93,72.04094871282715,74.98290946286482
93,72.02901973239202,74.96383391996491
93,71.96537608469826,75.03515042583862
93,71.99553398437226,74.98960158336071
93,71.99066432257933,75.00960617817262
93,71.96696700003127,74.99001530337513
93,71.9883231625643,74.9561497119208
93,72.00513298060496,75.00607335497871
93,72.04621489232622,75.00322715783169
93,71.98530105609397,74.96160040920851
93,71.99762263770066,75.03524493445096
93,71.965849966839,75.02756213671579
93,72.03841823557397,74.97358421761022
93,71.99388601603066,75.02156243528543
93,71.99309914296383,74.96291392776716
93,71.96873376000157,74.9825013471159
93,72.01429687168596,75.0114898683764
93,71.97169276932648,75.01490593756307
93,71.99284605789607,74.99526548778947
93,71.95602357990713,74.99662265853503
93,72.00763063386418,74.99479474028928
93,72.02472282340509,75.00593443450728
93,72.00214344629248,74.9911106195016
93,71.96099802803676,74.98957460572473
93,71.99101703042545,74.99761099793352
93,71.96555361393152,75.00185301110653
93,72.00990122051164,75.00239243808453
93,71.95849077068219,75.01305660639483
93,71.98035764784582,75.02165556737897
93,72.04683248520315,74.99143560749508
93,71.97985608434271,74.98077251345842
93,72.00683832550664,74.98928383405523
93,72.00887086604992,74.9651611236512
93,71.99797576474349,74.96574975556338
93,71.9880091020273,75.04080662226818
93,71.98512123586195,75.02728865448117
93,71.96022508708363,75.00470940862445
93,71.9594767982555,75.02558087195466
93,71.95730475431205,75.01149346791264
93,71.98405014390423,75.00984264300588
93,72.00284380829163,75.0179509293656
94,71.99584147510595,75.02928902548842
94,71.99180460494979,74.98863029299386
94,71.97424951176477,75.01778184871252
94,71.9973841595826,74.99301596683904
94,72.01591105979278,74.98458946096893
94,71.97663955425979,74.98484065667229
94,72.02680906792482,75.01667403957819
94,71.99347530443443,75.00784223362425
94,71.97590590363713,75.0130553360341
94,71.97973602701177,74.9847890684926
94,71.97981099892311,74.95643089210778
94,72.00107313645644,74.97649342350759
94,72.01137355136878,74.95776595916517
94,72.00528978604234,74.95450876652178
94,72.02118012062674,75.01720392247945
94,71.99028086856104,74.97926610201439
94,71.96316435946315,74.99302284958208
94,71.99946301691665,75.04091526726742
94,72.0236100606953,75.03107981559153
94,72.02832676358817,75.02303749215227
94,71.97664667166184,75.00856879978384
94,71.97394523551411,75.0069549778624
94,72.04529485858905,75.01123690513978
94,72.008289174639,74.9912744569314
94,71.96559477229398,74.97456410000798
94,71.98150868226065,75.00135859963702
94,71.98348011161912,75.00034449699223
94,72.00718049771334,74.95396035452589
94,71.97235287434187,75.01740697178407
94,71.96802142521648,75.02985095030732
94,72.02498742090283,74.97431695432726
94,72.02629931414218,74.9654787470816
94,72.019797889505,75.03679406652931
94,72.01690411040535,75.01158565848154
94,72.02693030992094,74.98660629098565
94,71.99330424571629,74.9844354828484
94,71.993923167034,75.04781841608647
94,71.99081278241984,75.0057207521867
94,71.99446963941696,74.97444092069729
94,72.02015152627357,75.01094330493582
94,71.98239294295618,74.98721346420648
94,72.04299015474446,75.0131605403303
94,71.99222863996698,74.95462212138986
94,71.98339979203932,75.0016023165978
94,72.01130770101695,75.0028740029885
94,71.95861609857333,74.97604415158648
94,72.01076386776877,75.01255291823763
94,72.03629854063092,75.01284025075552
94,71.99621963725042,75.00861762748377
94,72.009787055713,75.03490550795385
94,72.0358677437237,75.01536598235926
94,72.04753217259349,74.98522504098875
94,71.99570612770812,74.99715495770394
94,71.95717158212528,74.99706432368667
94,71.9849850439607,74.95440711848728
94,71.98632967862417,74.97744606386476
94,71.97831369412253,74.98271243858379
94,72.01227821664415,74.96238694347922
94,72.04580902041589,75.01836437313261
94,72.00623936685722,74.99371293233209
94,72.01968720465182,74.98110765371773
94,71.96762860211763,74.97376452884589
94,71.95917994925409,74.97522017221725
94,71.95882097240008,74.98662854349446
94,71.97092898759355,74.96706961781838
94,72.02332754152185,74.98612331632526
94,71.98510898735499,75.02685474445238
94,72.00980323892458,74.98756548481364
94,71.99629138958933,75.00782747861774
94,71.99787407214306,75.02631428116415
94,72.03315076120433,74.96898224522245
94,71.99073928834804,75.00229955501577
94,72.02240457786506,74.96266862597429
94,71.9807001724872,75.00345250424124
94,72.02529771350893,74.99602550019323
94,72.0374762267488,74.96825402117395
94,72.0049601483127,74.98678792415421
94,71.99418994830559,75.01010840778875
94,71.9950877770358,75.01089054978878
94,71.95384498772619,75.0036572578269
94,71.97280375897374,74.99918779150629
94,72.03490935600557,75.0123027815588
94,71.98979006680605,74.98885919111612
94,71.9654332923783,74.97598061108732
94,72.01301812387037,74.99538928541494
94,71.99798347564733,74.99120677321424
94,72.00832294871003,75.00882113785985
94,72.01325343085516,74.99989240762764
94,72.01176639689115,75.00709257989058
94,72.04290404477884,74.98253342872655
94,72.0287906991661,74.96725596582682
94,71.9934995079154,74.99892509036923
94,71.96562884363259,75.00269748113953
94,72.04027267747128,75.02438101629757
94,71.95462302288338,75.01771670018906
94,72.01939336210945,74.96148165555628
94,71.97804877358769,75.02136061168878
94,72.00251303435255,74.9797080938939
94,72.0047135573695,75.01630462980009
94,72.01696764976525,75.02934741631637
94,72.01175700748635,74.98726171901644
94,72.01854338892646,74.97794161636234
94,71.99794343014743,75.02507111579799
94,71.96362897987916,75.02343501659642
94,71.95936056601163,75.02606314125075
94,72.00342348271302,74.9743305258323
94,72.0408174550678,75.02317670427078
94,71.98571846030927,74.9831526809022
94,72.04011115441098,74.99713365995711
94,72.01657285061326,75.00245503701214
94,72.03003671045191,74.97501605896439
94,71.98120914378076,74.96898886872044
94,72.0125385493735,75.01233122579633
94,72.03936597518127,75.00519561358131
94,72.02731598406719,74.97787277604682
94,72.00770702225826,74.98732397664146
94,71.97868528038235,75.04112054539952
94,72.00322514389278,74.9720832045301
94,72.02259304088349,74.95889031514066
94,71.95506854671838,75.01271826442925
95,71.9913683930442,75.02650142195944
95,71.97125340182058,74.97883218531334
95,71.99301742924357,74.97980587466715
95,71.9961814515372,75.03582482057519
95,71.99468319636732,74.96273398018154
95,72.04830259717615,75.01036753986035
95,72.04751485581863,74.9903684819247
95,72.00450339202564,74.98698285099857
95,72.01165883915859,74.98971693217786
95,71.98677816482194,74.99071863381083
95,71.99745177214193,75.04420286368314
95,72.03975236430153,75.02521229063898
95,71.96673799236642,75.02896790268564
95,71.98064700015074,75.0272403210087
95,71.98231720464064,75.04335011703355
95,72.00796107602686,75.03487724065147
95,72.01371604348162,75.03839308719276
95,71.98079386577965,75.01087536483149
95,71.98561191139025,75.00318989782939
95,72.03794905785843,75.01060343903174
95,71.98732919662784,74.99450282179677
95,71.97218118469502,74.96098410580836
95,72.00696336421981,74.96800918139759
95,71.9807001724872,75.00345250424124
95,72.01619968375674,74.98827998538714
95,71.97726461472125,74.96720719493531
95,71.95585400486699,75.01235349735816
95,71.98531910858185,75.01514324793283
95,71.98318063652528,75.0011160770695
95,71.97732157433113,75.03455075714129
95,71.96522114235765,74.9976764513125
95,71.98413063475195,75.0076282036587
95,71.99352218032146,74.99479135843764
95,71.96384187794678,74.98153204323678
95,71.98623813328672,75.02620323838109
95,72.04516987710322,75.01856865425955
95,71.9772089267772,75.03074062292254
95,72.00775024995097,74.976469558941
95,71.98894868160892,75.01557040040527
95,71.99508101365431,74.96392859106061
95,72.0305806206402,75.02070783405989
95,71.97054617697256,75.02419861337387
95,71.96284713337009,74.98101479895938
95,71.98188587761166,74.9891167444976
95,71.97313856391739,74.97106853434268
95,71.98896951157163,74.98591147567143
95,71.95711631627151,74.99148038773555
95,71.97711564078642,75.02285522575997
95,71.99562999842553,74.9980525401807
95,71.96971308576778,74.99910445736485
95,72.0095745313599,74.96046293006329
95,72.0377118891409,75.0232760861558
95,72.01394805280268,75.03965206838609
95,71.96759240568669,75.02104450699113
95,71.99548711866527,74.98905028896267
95,71.99589093431011,74.97942575025887
95,72.01414576959684,75.01959831252985
95,71.98817817715505,74.97898846071601
95,72.01758326159161,74.9603735399145
95,72.03564566433013,75.00351545189939
95,71.99747446688882,74.9685324636968
95,72.01637656511528,74.97155658473514
95,71.99847093077,75.04278434863957
95,72.00437915740312,74.98458342608794
95,72.03426811491067,75.02884107643294
95,71.9681247374303,75.01395665841004
95,72.03039241449638,75.01960831143495
95,72.0312885960872,74.96732738503515
95,71.9965444489584,74.97931066819302
95,71.99385226965629,75.01240893384465
95,71.98327015534389,75.01113103869545
95,72.02338439928164,75.01210030463568
95,71.99603645740446,75.02330345584335
95,72.03314430250708,75.03126510558235
95,71.96208836920962,74.97768346583834
95,71.96043528149957,74.98778373585161
95,71.97363910700781,74.963311317647
95,72.02418440036138,74.9879572997425
95,72.01862918574454,75.04249681858813
95,72.01233379151311,75.0085266335106
95,71.95943694593558,74.97589896791845
96,72.02716903749159,75.01025525115223
96,72.0447058084715,75.00426214405505
96,71.96498607910233,74.99733598027966
96,71.98282495450397,75.03509190899729
96,72.01451697035453,74.96546463367133
96,71.98299981683769,74.993863921055
96,72.02628705581421,74.99148353234042
96,71.98275285176577,75.00574762265794
96,71.95826600482883,74.99381456745706
96,71.97946747143192,75.01525566005574
96,71.96567371394734,75.03469354012425
96,71.99527394643091,74.99425373839152
96,71.96773377481702,75.00752899098755
97,72.0390214530425,75.01541922808975
97,71.9519587152561,75.00791620358495
97,72.02394159274866,74.97524724620538
97,72.03789248280401,74.99074887891278
97,71.9709985086242,74.98544000891226
97,72.01738231956344,74.9989445634689
97,71.99410490827906,75.00487538312655
97,71.97195120246403,75.01961429060282
97,72.02264299048868,74.96970391135149
97,72.00769290845909,75.00395034188828
97,72.0040882435115,74.97479013558112
97,71.99867616580333,74.9922625331319
97,72.0203601922906,75.00745895740322
97,71.98841607555745,75.02077907876297
97,71.97940475952751,74.95602561416555
97,72.00998087699487,75.02573403332927
97,71.98832733651699,74.98288411995321
97,71.97346820385867,75.03663589330058
97,71.98989068654002,75.02379518565048
97,72.01782853525266,75.0379076419924
97,71.99439272976792,74.9839566630968
97,72.02693048358111,74.96266215855934
97,71.97712255036849,75.0423976862031
97,71.9640995382212,74.97236509388273
97,72.00029133742008,75.03739245517781
97,72.02704504440739,75.0388258193602
97,71.98606136784491,74.98205598785626
97,71.98233164722414,74.98633719461145
97,71.96210731743312,74.96826414846987
97,72.03350480766686,74.97521356454187
97,71.99824949895063,75.03165725362807
97,71.97262502756665,75.03538726278241
97,72.01650325145752,74.9899052815696
97,72.01102391722493,74.97467398815232
97,72.03370396411395,75.03153438012095
97,72.00390597620934,74.97206649816071
97,71.99883335595464,74.99353173762205
97,72.03580737251765,74.98864386033549
97,71.95205249308938,75.00298781177747
97,71.97716150786599,74.99102101454203
97,71.991385174675,74.98899635754218
97,71.99315799523319,75.00309245631895
97,72.04557059687109,74.98842107499942
97,72.02730880795806,75.01752044493313
97,72.01317860908509,74.95416315924477
97,71.99798999007444,74.97340596086619
97,71.9912724924312,75.00013516846447
97,71.98105710728662,75.01500445826066
97,71.98194250840744,74.98519621649811
97,71.96842277408372,75.02546219166815
97,72.01702424475441,75.00867262161113
97,71.98171255956963,74.99903053886976
97,72.00568623258648,74.99515897601538
98,71.99930023562047,75.01627265508654
98,71.988184258555,74.96502081362966
98,71.9716732583849,74.98479588183446
98,71.97645884951694,75.04164656017389
98,71.99421770161993,75.01065620557839
98,72.02912901132215,75.02986500420094
98,71.96364495883131,74.98527542812369
98,71.97188945940758,74.96527876363427
98,72.01011007511251,75.03483667678395
98,71.97576496941534,75.00546954166823
98,71.98248054600779,75.04211156593917
98,71.99755519575562,75.03140521220429
98,71.95487200593831,75.0120290664623
98,72.01181242208315,75.01094569969457
98,72.01797529178563,75.02189517641585
98,72.00300817911808,75.02121188348661
98,71.96486669229763,75.01430879419505
98,71.96085494272597,74.98037584280404
98,71.99559247138437,75.00822650732769
98,72.02711489435704,75.03601487210567
98,71.99507032354579,74.97638242066026
98,72.01494237642844,75.00728131343371
98,72.00760844214729,74.95776324679974
98,71.96607045994185,75.00311140311712
98,71.98058085716342,74.99536517167773
98,72.02618641968674,74.97842358100402
98,72.02192888300631,74.97566537029891
98,72.04615559804041,74.9963857347095
98,72.02453086315798,74.96207441995118
98,71.99812729116516,75.01104601365775
98,71.98589956545413,75.01447815265159
98,72.01970469756526,74.97985986140938
98,72.01121401816256,74.9905441460429
98,72.00860975077576,74.99767241250034
98,72.01380004453328,74.96951600735892
98,72.02760402049717,74.9864043318935
98,71.96633941934587,75.0156666692704
98,72.03085878135117,75.0246010891929
98,72.03074581621455,74.98277428242157
98,71.98864350383167,74.99600705186067
98,72.01893823700902,74.97328063000116
98,71.98207263742674,75.03462028960926
98,71.99753606439225,74.98975124315938
98,71.972718092635,74.96105918114878
98,72.04065563878079,74.98857938281463
98,72.0286702489373,74.98977494238748
98,71.97460265501483,75.0394877892061
98,72.00801648447037,75.02046901806479
98,72.03178307210113,74.96461588622383
98,71.98637657034229,74.98527219458529
98,71.99676517549229,74.98504342824604
98,72.0043192348524,74.9739917618714
98,71.9726875191345,74.98520659434166
98,72.02682343141922,74.95951214194551
98,71.9953939607363,74.98340294727275
98,72.04696575638425,74.99791741881548
98,72.01183649191121,75.00480253395048
98,72.01339369710699,74.98784836181123
98,71.99976041997216,75.02963881221429
98,71.98866544723295,75.04497179279176
98,72.031030019913,75.01309894430842
98,71.96794398626805,75.00509066185751
98,71.98084427031336,74.99021618121664
98,72.0046204305413,74.9920914803857
98,71.95791699680568,74.97833381885373
98,71.99501594321609,75.02226275724915
98,71.99014360704207,75.0168799508703
98,71.97185015836621,74.99390635396836
98,72.00569329901346,74.98493575644741
98,72.01781532030752,75.01640809021369
98,72.02641904082485,75.02658738328618
98,71.97151758679861,75.00855147536014
98,72.038188320009,75.0040518147
98,72.00392712791853,74.9847277142804
98,71.97023690887666,75.03940841397852
98,71.98327006910921,74.9768442364995
98,72.02366082987834,74.99772412505094
98,71.99399885778081,74.98615164285044
98,71.97218264022634,74.98050093927193
98,71.9654539328064,75.03077620693087
98,71.99081278241984,75.0057207521867
98,72.03835575006025,75.00420177077316
98,72.04057315344559,74.9973757402814
98,72.0371645544437,75.01968046555527
98,71.9915399151958,74.95993074271284
98,71.98683364094504,75.01154294321155
98,71.95361740649739,74.99665182339861
98,71.98522306634405,74.99018793077293
98,71.96806231857407,75.01343656479939
99,72.04228760358882,74.97818187491579
99,72.00809392766192,75.01613327175399
99,72.0135630590567,74.99948051819165
99,72.04111986766209,74.9783846166898
99,71.98511368447194,75.02518717930383
99,72.01993192512411,75.01233924973499
99,71.97834473540384,74.9797764545869
99,72.00508623106953,74.9942613028637
100,71.98989350732495,75.00351621953148
100,72.03314189536398,74.96343576631493
100,72.02827537376679,74.99380162219839
100,71.96324434194891,74.9822094298548
100,71.98932829700121,75.00347319246349
100,71.98777822578079,75.01714323337494
100,71.99503303448877,75.03123078745328
100,72.02576218007135,75.03101822513622
100,71.97840953737452,74.97280750707802
100,72.0252273420842,75.02474517193981
100,71.95807610613566,74.97292211316552
100,72.02354294228533,75.02364412392936
100,71.98756770946748,75.00373029977267
100,71.97154633802425,75.03309260328514
100,72.0332677080076,75.00200414415484
100,72.04304048966901,74.99496402673174
100,72.0047582828407,75.0080638853527
100,71.9658973865286,75.00220669645448
100,71.97241012827467,74.9972116638364
100,71.95563548563197,75.01065434553368
100,71.99418207890544,75.02211524649006
100,71.97613194161717,74.96761211662367
100,72.0123420694259,75.03775921497682
100,72.0449962685487,74.98585196241962
100,72.00331470029207,74.97753618112449
100,72.00867730783524,74.976159510545
100,72.0152112905841,74.98063758901974
100,72.03352955888178,75.03381872600738
100,71.9720606798175,75.04065943324086
100,71.97320962596191,74.96612723946953
100,71.961053212627,75.00997572847275
100,71.95351174952071,75.01785789880586
100,72.04075601518578,74.99993351273741
100,71.96785486316817,75.01255430242345
100,71.97057481765422,74.96757470908727
100,71.9604465133523,74.98742984076372
100,72.02756343724731,75.03773237946815
100,72.02457115968298,75.04021547739461
100,72.01746382008982,74.97491630594983
100,72.00878197469895,74.99121329388883
100,71.97977451191771,74.95752371751395
100,72.02493040858693,74.98613703102271
100,71.96407673732811,75.03155188085651
100,72.01580146543847,74.99928881706833
100,71.9730621863641,75.0183198566207
100,72.0432072929725,74.97729236277775
100,71.98699782211601,74.98896717155328
100,72.01643358144399,75.01741984373018
100,71.97586303920427,75.0314120173321
100,72.04029473272348,75.02819893418857
100,72.01411267852187,74.99947525753448
100,71.95886781548852,74.9985274036152
100,72.00966659741978,75.00850760312065
100,71.97014267332843,75.03547811680039
100,72.01315290925692,74.99982790264077
100,71.98783820998528,75.04518806690163
100,72.00403103087373,75.01641173505672
100,71.99753339035094,74.97040165328053
100,71.96697126601545,74.9942716014081
100,71.9842575489636,74.98451156221363
100,71.99633605250054,74.99711602816268
100,71.98571158518024,74.98382390852062
100,71.99194218884121,75.03985152713503
100,71.96855625167672,74.98509371913542
100,72.00976817712639,74.97867218813823
100,72.00663440007318,74.99513892270488
100,71.9922086051373,74.9564384504816
100,71.99681572478958,74.99408072382869
100,71.98815615216081,74.97188498173549
100,72.00872965795631,75.0068932876864
100,71.99288194988033,75.04682543476073
100,71.98801300110726,75.00159372681199
100,71.9631591748741,74.96684143967917
100,71.98570452000341,75.02988835119278
100,71.97350348906916,75.04191700159693
100,71.9912724924312,75.00013516846447
100,71.98999047055013,75.01008072959064
100,72.03484079285975,75.0045409584545
100,72.00835951897555,75.0252105415896
100,72.0126802004025,74.96266327527853
100,71.98373452183081,74.9780875518229
100,72.0489160954879,75.00875998285763
100,72.03337026702953,74.9984762557316
100,72.00520889948805,74.99479587353692
100,72.03509324693745,75.0025635449145
100,71.97050933004701,74.98144148156655
100,71.98881129559012,74.9731799592302
100,71.99519849533799,74.9873848459204
100,71.99628670337381,75.00170073985895
100,72.00896143516967,74.97397629448272
100,71.97624246977978,74.97255196135885
100,72.03402819879443,75.02723014248232
100,71.951766882869,74.98740909390385
100,71.9669173280557,75.01869316843057
100,72.02129862308576,75.00746742987994
100,72.01996841705768,74.95668081849705
100,72.02178079869704,75.02372732561345
100,72.00999402549503,75.02027723756629
100,72.02746033078914,74.97716718974662
100,71.95920440479017,74.97555212540156
100,71.9776373896876,74.97700375383376
100,72.00620259612175,74.99668745145108
100,72.04415294784542,75.00760162483711
100,72.04235042835714,74.97740967583434
100,72.01319444612015,74.9548454017605
100,72.01598129545856,75.02834622167609
100,72.03819740109698,75.0080756012722
100,72.01608776235484,74.96686902951112
101,72.00135965539229,74.96121994428715
101,71.96487863364806,75.0016820028526
101,71.955970737655,74.9794924705971
101,72.03948594182215,75.02331542101207
101,72.0334291659735,75.03153299949523
101,71.96794398626805,75.00509066185751
101,71.99909393332631,75.03247855222351
101,71.98760269388438,75.01238065280904
101,72.00849750718022,75.03556509167002
101,71.96096212350334,75.03123714768566
101,71.98820024967044,75.04659845709483
101,72.04768774852079,75.0122825110125
101,72.02564378486599,75.03181418305311
101,71.97245599731474,74.99116665591012
101,72.00381863319646,74.98255556782132
101,72.02102643162353,74.97702031773885
101,71.97351844194368,74.97944684458614
101,71.96764107292252,75.0359807762342
101,71.99088416236881,74.97870520119308
101,72.04629724881913,75.00423333693247
101,71.95455886852662,75.0129557082078
101,71.96138291335927,74.99294942526966
101,71.96747529421681,74.97173107112576
101,72.00535036835869,74.98280320933812
101,72.00240024169983,75.01379829135075
101,72.02410511151858,75.01785444005206
101,72.04288618773968,74.97854583527031
101,71.98124160440973,74.99391150081789
101,72.04472535808227,75.01311907741861
101,71.96036423136707,74.98073186990233
101,71.98796975977253,75.0113674324087
101,71.99342280494778,74.9704500206105
101,71.99434531973745,75.01279732835033
101,71.98888237268582,74.96339064498638
101,72.03816902329305,74.97942014552402
101,72.03668069478076,75.00343046583552
101,72.01266428758512,74.98982667032023
101,71.98753978264766,74.99652222561832
101,71.98975741495379,75.00778598706071
101,71.98279844093067,74.98140693664357
101,72.0270162554162,74.98996150242697
101,72.00024435810504,75.04975740918624
101,72.02051988352771,75.00665096657485
101,71.96296285864605,74.992814655833
101,72.00347971531662,74.97012783838902
101,72.04644317393851,74.99242595164033
101,71.9809361047757,74.97854894348609
101,71.97493770094785,74.96906240461117
101,72.0362443587427,74.99751150488287
101,72.01459131137713,75.01086870247259
101,72.01227821664415,74.96238694347922
101,72.0056097929284,75.0067820795769
101,72.03560489640078,75.03060079238688
101,71.9699866261599,75.00659625100673
101,71.99279799561018,75.02725383825354
101,71.97775800035886,75.00246626776524
101,72.00758706650791,74.99679729848643
101,71.95862268501868,74.97794741252544
101,72.00789832825303,74.99533018463201
101,71.9935575491782,74.978681836849
101,71.95809420784555,74.99725973469262
101,71.96273227528859,74.98271141961357
101,71.96927006168265,74.99794132175546
101,71.98892850811332,74.98143972187673
101,72.0134455450919,75.01595298240643
101,71.99062459755224,75.04712692912896
101,72.00274759887462,74.96237703946103
101,71.98147134534936,75.04019294284481
101,71.95814009311523,74.99904389478405
101,72.02515696503167,74.98366800043722
101,72.01476628962106,74.95842880136932
101,72.00741639430666,74.99408001795187
101,72.0160057608203,75.03497838340753
101,71.98865380735923,74.97646015012069
101,72.03509324693745,75.0025635449145
102,72.00228809262656,75.02089725749173
102,72.01097694089475,74.97066168874937
102,72.02908235451112,75.02180229687876
102,72.00563963914973,74.95508231983621
102,72.0089586250123,74.95374406074339
102,71.9798233366414,74.98321458792825
102,71.97021584914977,75.00827526688654
102,71.95146621193757,75.00228395962465
102,71.98049315062501,74.96286072514428
102,72.0018878242354,75.01750528986095
102,71.97777578209067,74.97866993690448
102,71.95947313893141,74.97534243999964
102,72.03249425449143,74.96899216619273
102,72.02764604236548,75.00705807656509
102,72.00798205521052,75.04242425895654
102,72.0014404717609,75.00667211908191
102,71.99648094209687,74.9708551328408
102,72.01292058120694,75.04085461716117
102,71.99110527887679,75.01521705995359
102,72.0078932406048,75.04930142325689
102,72.01840006283325,74.95522493435092
102,72.02834864799298,74.9909151026166
102,71.98094082131048,75.0205596688563
102,71.98152001580891,75.00148686462579
102,72.00901814819002,74.98227714021937
102,71.97040946807203,74.99965682877414
102,72.01673982988135,75.00212832661099
102,72.02045376710532,74.95817956588947
102,72.00658877698689,74.99773625713581
102,72.0357110071414,75.02282768909063
102,71.9531239198863,74.99236503676524
102,71.99301187051138,75.00180541536466
102,72.00218405640706,74.97380569349647
102,71.99073192164445,75.00130889253822
102,71.99591984934304,75.0238977431948
102,71.99333750780023,75.0434618732544
102,71.99798268559931,75.03672353638996
102,71.98316722049327,74.96075596488868
102,72.02303984884624,74.99499621865249
102,71.98178782597802,74.97247013592624
102,71.98831866387204,75.0470863513599
102,72.04216938066342,75.00926052556053
102,71.97328438251996,74.9714377541732
102,71.99161048547847,74.95361881187661
102,71.9567149137719,74.98171545572106
102,71.99627423272142,74.95195996568215
102,72.03475985978224,75.00266469551613
102,71.97909157797915,74.97960334969636
102,71.96311767447655,75.01383717752572
102,72.02349640434028,75.01569268603625
102,72.01494237642844,75.00728131343371
102,71.98670911109988,75.01361635922883
102,71.99572880920789,74.99318107264126
102,71.95729478275614,74.9849266119475
102,72.03454329929126,74.99211012446295
102,72.01480466889078,74.95652066473725
102,72.01317935229687,74.97528536916866
102,71.9619849041463,75.0048429662223
102,72.01380465303795,74.99733884005671
102,72.00178877451043,75.01373527569865
102,71.9888812748691,74.99152918614875
102,71.96225106083568,74.98083995286342
103,71.97516401335663,75.03982343525304
103,72.02945028799155,74.98184342081494
103,71.98237092340081,74.9669107813566
103,71.99386322934141,74.98576232420463
103,72.02785558481233,74.98031891656144
103,72.03998541480229,74.9864759359041
103,72.00763139504618,74.97982578735925
103,72.00238086576788,75.0171598416937
103,72.00659396494463,75.00039208118756
103,72.00032356639208,75.043449579013
103,72.03295040386726,74.99087672090393
103,72.00518282742509,75.03841700599784
103,72.03839323456555,74.98281618461418
103,71.99418207890544,75.02211524649006
103,72.02546544548149,74.96193021722418
103,72.03877517922228,74.99501302775602
103,71.97877171746396,75.01275210376616
103,72.02086508637319,74.97571050995067
103,72.02296048639464,74.96192651041258
103,71.9864719329256,75.02117042962955
103,71.97465071627964,75.0381786324948
103,71.97716524279338,75.03110015529862
103,71.99397819167783,75.00849278736375
103,71.96011378202849,75.01733288447578
103,72.04286850869275,74.98765799586687
103,72.02418783947236,74.9707234063139
103,71.99335684267453,74.98269638282504
103,71.98649196824535,74.99265857401453
103,72.031856466788,74.99693655741804
103,71.97013630154554,74.97053712502313
103,71.96315830170343,74.99136333694582
103,71.97037579521115,75.02108048925184
103,71.97745661731453,74.97105195336067
103,71.9541087392844,75.00222220610078
103,71.99241570568314,75.04087548241141
103,71.98195180808325,75.00596111448452
103,72.02450088499185,75.01494261677239
103,71.99479047500492,75.03027024372348
103,72.03848253127096,75.02878546949039
103,72.01360786878098,74.96559971245948
103,71.96817538746572,74.99271225455938
103,72.03529402838907,75.0001076995184
103,72.03194896346695,75.0134307211303
103,71.9900565479894,74.95179733846135
103,72.0210274022323,75.03188676655301
103,72.01655973214353,75.03214411868825
103,71.97511640875487,74.95933980515906
103,72.03453292309099,74.99399243072115
103,71.97881265648223,75.0152015556466
103,72.02775447804639,74.97386945099814
103,72.02277489077888,74.9738965728896
103,71.95820419667126,74.99955337982368
103,72.0106948115753,75.0087570772249
103,71.98537498995057,75.00359882374477
103,72.0172206860306,74.99786143171424
104,71.98936595559653,75.00196174640233
104,72.01932105221664,75.00910435344872
104,71.99521013647697,75.04561607578843
104,72.00219303139403,75.03991396751174
104,72.00728095513443,74.9922286082675
104,71.97935777389235,74.99007181394319
104,71.99150751200087,74.97875730463525
104,72.02180472652554,74.95914809638782
105,71.98683949946357,75.01601593165093
105,71.98845730334136,75.00847350268418
105,72.0170185918502,75.01608358963499
105,71.99715558975453,74.9769157199148
105,71.99766116072279,75.01398965769305
105,72.00490228364436,75.03236022924617
105,72.04265783381247,75.00378734563074
105,71.95663031631675,74.99551956413303
105,72.03827158526657,74.99525462844332
105,72.01031610807078,75.03793530799592
105,71.96717301223237,75.00274576095768
105,72.02110743574809,75.00643538378417
105,71.95729478275614,74.9849266119475
105,72.00420128121762,75.00064780115181
105,72.0135972814837,75.0045018462549
105,72.01370786034703,75.01972002301308
105,72.02312388569925,75.0417520330411
105,71.97053778817002,74.97420400521493
105,72.02253006156013,74.99678970096636
105,71.99725054682851,74.99443466166684
105,71.96600330428375,74.99768328231511
105,71.96282246522401,74.97246369772711
105,71.97779066946082,74.98999499255713
105,72.01619968375674,74.98827998538714
105,71.98300302300012,74.98714369051338
105,71.99577720728077,74.9891042055519
105,72.01411675989063,75.03932723804384
105,72.0053302709264,75.04647788014479
105,72.03237578999152,75.00749072675937
105,72.00951201030642,75.00818405685607
105,71.99361420676513,75.00680656101768
105,71.96594138596569,75.02272185244804
105,72.02333669443024,74.98737463368857
105,71.9804325436103,74.97467192677269
105,71.9914192732039,75.0281176888151
105,71.9896354342976,75.02946907077217
105,71.96555595073397,75.0256603897419
105,71.9871493049934,75.0103945152194
105,72.0161903948773,75.03694557320786
105,72.02018582833766,75.01714040615659
105,72.0263607646068,75.03426310345395
105,72.02172754158056,74.98612347015886
105,71.96827476150204,74.98183358557593
105,72.01486564964205,74.97225746760539
105,71.99722605330005,74.97594820578753
105,71.98218287003044,74.95763280758554
105,72.0201174919106,74.9603013606342
105,72.00884206200833,75.02272362060475
105,72.04495314688651,74.98020781511885
105,71.96065743547979,74.97053909415315
105,72.00049439468371,75.0305838473991
105,72.02794807140478,75.0370149875856
105,72.03100691504184,74.99677220177264
105,71.96018367802627,75.01024535610556
105,72.00827394251016,74.95354697475524
105,72.00288344822354,74.95576200927302
105,71.98792911185393,75.04569852329686
105,72.00533189468248,75.03541611374887
105,72.00330139368616,74.99036999390411
105,71.97383326688181,75.00702366389673
105,72.02127242934398,75.00970320056122
105,71.98952452940641,74.98583370838334
105,72.0203099120653,75.01371961590974
105,71.99600729511539,75.03829920651948
106,71.96577950423247,75.01664816056366
106,71.96838658992694,75.03811218321887
106,71.98539845726762,75.03141363583926
106,71.98536056303845,75.0169984352023
106,71.98196755933836,75.02606980911803
106,71.973727552765,74.98648705952965
106,72.00790544175803,74.9638664563737
106,72.01631736057534,74.99894065319802
106,72.00498603087718,74.98770745254647
106,71.98777822578079,75.01714323337494
106,71.95716656770698,74.9918392880534
106,72.02961949585905,75.0247958575346
106,72.04663880370452,74.99087570036853
106,71.97684417970217,74.96687433325036
106,71.98398243985483,75.02037002413903
106,72.01934673227753,75.01357965260037
106,72.01815980467161,75.02873394632644
106,71.97494628969815,74.96233871955894
106,71.96880571387779,74.97747091354942
106,72.01095942178937,74.97301362850787
106,71.99892477933169,74.95360265791922
106,72.0234631465413,74.9977236938271
106,72.01667126385613,75.00278243255597
106,72.00342112890455,74.98344591401278
106,72.04075908068377,75.00286863200593
106,71.96620273031121,74.96676065214513
106,72.02688697346387,74.9593214304063
106,72.0334080152607,74.97101181505587
106,72.02956903942273,74.99783244175347
106,71.97847644916865,75.01862637639158
106,72.00014949265741,74.95334406396557
106,71.99104424142786,74.96087497006111
106,71.98308010345227,74.98326707821619
106,71.97653318212011,75.03427211422127
106,71.97596685698595,74.96015894624566
106,71.9790911782603,74.97574018181814
106,71.97828337639949,75.00175950516383
106,71.97842737905354,74.98538033917121
106,71.9590441144199,75.02692284027223
106,71.9757494877006,75.02591734184348
106,72.02992525919268,75.01792856169114
106,71.97633135728354,75.00491361313722
106,71.97230315019993,74.97493794106595
106,71.96291659382034,75.0025985705841
106,72.04820142400031,74.9870261376146
106,71.97439163583353,75.03480785351614
106,72.00869847006791,74.97682895835398
106,72.01352980204011,74.96619892344536
106,71.98725847357545,75.00258323479933
106,72.02572635600373,74.98768067676593
106,72.02749320488726,75.02398806914888
106,72.01792110606009,75.01288085560022
106,72.02000421601274,75.0104059954244
106,71.99462847710811,75.03502541325949
106,72.00479398888007,74.96690272442223
106,71.99736388715775,75.010869541402
106,71.96025674974318,75.00659696163052
106,72.0221969261154,74.96368618448332
106,71.96404039848919,74.97017525907481
106,72.00299343908095,75.04147672228355
106,71.99594123073022,75.01333956848312
106,72.04387852918269,74.97788505783365
106,71.9881033896516,74.9521651934187
106,71.997985541942,75.02575243951442
106,72.02622155490788,75.0117278672487
106,71.98744030105078,75.00325845502802
106,71.98994137491889,75.02270193403965
106,72.03320786410308,75.01494459474992
106,72.0024510098247,75.02931868576425
106,71.98702362950549,74.99000494681479
106,71.98488220883945,74.98130711373314
106,71.96853305295058,74.99567446555683
106,71.98647419264914,74.95778870334722
106,72.00869481815707,74.99065042873268
106,72.0255261123897,75.02904040888214
106,71.98224692016728,74.98651979045741
106,72.03954436046706,75.01247859015817
106,71.97626406544843,75.03876257839362
106,71.975375677959,75.00098437909615
106,71.98059670920964,74.96544745111376
106,72.04030294156749,74.97853632716395
106,71.9740763218292,75.03575389814819
106,72.00364933055816,75.04054324155062
106,72.00825596210127,75.00945722698556
106,72.00151773707076,74.97624113502445
106,72.00234078079255,75.03404005081119
106,72.01755496030938,75.04062071489345
106,72.0226990083355,74.9692303626434
107,71.98796673842084,74.98134967197092
107,72.0238536946675,75.03944154656533
107,71.99971797656112,75.02109485722545
107,72.04140321261542,75.00279700249077
107,72.01277907348478,74.97750547648224
107,72.0179881847757,75.04472028827179
107,72.00568623258648,74.99515897601538
107,71.99925127337312,75.02087713133457
107,72.03654970666615,74.96625915658827
107,72.02882994332748,74.97727630267553
107,72.00299528834852,74.97507495870448
108,72.00591866494095,74.98044031091469
108,71.99609754248782,74.98735548024375
108,71.98502374814397,75.01786771785041
108,72.01700031005302,74.9876557689559
108,71.96367893221917,75.02676128520334
108,72.01239729151423,74.99463638150971
108,71.96373571931055,75.02359111074698
108,71.97967019836861,74.96984779694941
108,71.97390713444786,74.97296948485081
108,72.0438983877849,74.97880632338178
108,72.0134617419416,75.00184657427842
108,72.03968972303738,75.02249439288414
108,72.02062101268618,75.02965807699857
108,71.97956463322812,74.99361973597607
108,72.02849978152081,74.95926548385461
108,72.03679245294944,75.02067561920909
108,71.95620044366332,74.98412168220187
108,72.0048944394749,75.03540382690244
108,71.96376329422955,75.00078518943513
108,72.01256636055977,74.97723727852282
108,72.04446649158778,75.00333804429283
108,71.99845882387439,74.96259314062588
108,72.04301079671207,74.98288279185344
108,72.00033970982284,75.01733126049028
108,71.95992929603764,75.01420523353498
108,72.0269434559619,75.03535581152059
108,71.98978842624672,75.014864877974
108,72.0388015954026,74.9844426275677
108,71.98460069377266,75.03037961994835
108,71.95788822316865,75.02681376812689
108,71.95356240846074,75.00677594054426
108,72.00257072147792,75.00522783227753
108,72.00766059258615,74.99199196312242
108,72.00487749253082,74.96050032833881
108,72.01303075478707,74.99028140443039
108,72.01870958214654,74.98914148056669
108,71.9908579929388,74.99178301457154
108,72.02317372265824,75.0066755516013
108,71.99789900352862,74.9975638020686
108,72.01279334547962,75.01275176775512
108,71.99779871914586,74.95647410076062
108,71.9772388126594,75.01157197585324
108,72.02923518742347,75.02810159190757
108,71.98884281220896,75.00441276443492
108,71.98300167802599,75.01705659361564
108,71.99055475099755,75.0199399561437
108,72.00586482829819,74.96874242824792
108,71.99150278432117,74.97301566571427
108,72.02225064847099,75.00818151056527
108,72.04198387494517,74.99383980937966
108,71.96903452959951,75.0046384537349
108,71.98440503838462,74.96956220177256
108,72.01731501559641,75.0087293162629
108,72.03380355291176,75.03397921740152
108,72.0082171743952,74.99466061031134
108,72.01007456675256,74.97899180146894
108,71.97127872175406,74.99797037436406
108,71.98754849447495,74.99355874253314
108,71.97279258112408,75.02371700954944
108,72.00385132377038,75.04477235797829
108,72.00977784796775,74.96596561150014
108,72.02585496188418,75.03988074508189
109,72.02277057805581,75.03475744694754
109,72.03067664895454,74.9914307544503
109,72.00424887435558,74.9815673988328
109,71.95419605387409,74.98342864352885
109,71.98476062298815,74.99097851249623
109,72.00652102040313,75.03057175421407
109,71.99080971007926,74.98447185326336
109,71.98136532075523,74.98791162127934
109,72.01756452826453,74.99937753420718
109,71.99562321006246,75.04119562415944
109,72.0064718132548,74.98386853098066
109,72.02498945201928,74.9669206197279
109,71.99853769710973,74.99854741489715
109,72.01816809723341,74.99222026581737
109,72.00712688873432,74.9987447620167
109,71.98569174609538,75.0004679103854
109,72.02576503414458,75.01728062533296
109,72.00773909188898,74.97142360226256
109,72.00769290845909,75.00395034188828
109,72.00990253608447,75.03484429843046
109,71.9530822619807,75.00166238798303
109,72.01385225749227,75.01755199918782
109,71.99911928374449,74.96429901730261
109,71.96553896008437,75.00138662561562
109,72.00185767479977,74.9762970637474
109,72.01565900806087,75.00344187697159
109,71.99002017960834,75.00839779470095
109,71.98822611554806,75.0260056671387
109,71.98445191382257,75.01540711470469
109,71.9979821233878,74.96545237682369
109,72.03347447540993,74.99688677809199
109,71.99672392959712,75.00498352865695
109,71.97609515872955,74.96331010965416
109,72.01146776826377,75.0159257060393
109,71.97208468966899,75.01459076116409
109,71.97041297808467,75.02775306444258
109,72.0454603682147,75.01748453845536
109,71.9729850696305,74.97124168469499
109,71.9960268301932,74.99893439872505
109,72.00178485998123,75.03156531379103
109,71.98982669704044,74.97725857166047
109,72.03652345090345,75.02823889873277
109,71.98896010835844,74.98223784192031
109,71.99438373194334,74.99821426427765
109,71.97692753625232,75.03738291731065
109,71.98218298671632,74.97956742383798
109,71.9674214813259,75.01634409256893
109,72.02687817672836,74.99817243093247
109,71.98764198507867,75.01176718559071
109,71.99972741254827,74.96997896191668
109,72.01430699960676,74.99967916137363
109,71.99303079999278,75.00536812203075
109,72.02566276710355,75.04237096239478
109,72.00534615675299,75.02817820942884
109,71.97493770094785,74.96906240461117
109,71.9790102241994,74.9984133783427
109,72.0429390733951,75.00269175028382
109,71.98810215163282,75.03313959012891
109,71.98310858017518,75.00248055675493
109,71.99814464813987,74.96565155881444
109,72.00807793983398,75.02288842604646
109,71.97360306146436,74.97598873977982
109,72.0266983667985,74.98864581927522
109,72.03566481972048,74.97573165230573
110,72.01826001077534,74.9985550471023
110,72.02537932105402,75.02119563261942
110,72.00932645567482,75.03907443135836
110,71.98729889005364,75.02651247778732
110,72.04527127679287,74.98950961251614
110,72.03088058660454,74.9771280223956
110,71.99752987530765,75.02672628271388
110,72.03595646342319,74.99312611592053
110,71.99234697905406,75.0191369427698
110,71.96721614812313,74.991752166305
110,72.02763407536679,75.00725064399171
110,72.02093272103612,75.02324660464093
110,71.98819148795624,74.97395306993833
