gene,x,y
1,77.96179925567007,82.9790543189593
1,78.04013819258094,82.9842091774607
1,78.00745907841178,82.98203771585693
1,78.02467185339292,83.02895915138642
1,78.03083955431126,83.03099258746317
1,77.95844044018378,83.00805952600406
1,77.95340261348206,83.00191666517053
1,77.99279050243973,83.01463501920772
1,77.9651477593266,82.97854823383624
1,77.9981468805945,82.9898776106067
1,78.02095261538109,82.99582268572607
1,77.95559236801763,83.0140349658328
1,77.99573739370122,83.02166207150955
1,77.99110404255407,82.98782730006711
1,77.98824295634417,83.02222050195762
1,77.9896101998426,83.01690502197056
1,78.01124321467664,83.0223836177518
1,78.02922477371959,82.9882946022029
1,78.01832160834122,82.99395657456155
1,78.0075159624384,82.97775222757014
1,78.0209227220828,83.04000809681254
1,78.04195623394976,82.97781960554609
1,78.00499150110201,82.95523645256048
1,77.96565836365586,82.97699139434565
1,77.98286354339751,82.9592975155948
1,78.01402544387979,82.9597472696307
1,77.97222306906062,82.95955330385623
1,77.98434647893959,82.96675796652517
1,77.97356038638436,83.02211050088368
1,78.0371972672957,82.97097798178417
1,78.00844075205508,83.02013564124803
1,78.041763189979,82.9726509446917
1,77.99379931313241,83.00325595554375
1,77.98035346956173,83.01249303129778
1,78.01218762539295,82.99035430318295
1,78.02063636038189,83.00976637552813
1,77.98856596026283,83.02093693425756
1,77.96730602068524,83.03535058641128
1,78.02867391709572,83.03625303510121
1,78.02900695657456,82.98229981860052
1,78.02625431795877,83.02663446265008
1,77.96865524598154,83.02122075904921
1,78.00267613702538,82.97119755383798
1,77.9728305747355,82.96461097128761
1,78.02057780794263,82.95985862485988
1,78.01886205373961,83.00303384529529
1,78.00934620699306,82.96095774252319
1,77.9765379479,82.96195605158896
1,78.02033485723668,83.04370060375187
1,78.03288141280036,83.01207389685625
1,78.0101899128707,82.96466906690208
1,77.99105594448709,82.99567331388599
1,78.02741331346353,82.99848989274332
1,77.98922423953006,82.95684249591041
1,77.95943356795868,82.97753693544423
1,78.01314164623048,83.04616503825251
1,78.00724531848066,83.03715966151601
1,77.96209672701187,83.00920990655798
1,77.9712422167258,82.96314778355809
1,78.04640276179586,82.98294548228746
1,78.02192177984742,83.02330697812687
1,77.97959916739266,82.95683207741816
1,77.9522020843858,82.99801889155468
1,78.01512398439729,83.0342468370077
1,77.98658655254893,83.02095858586424
2,78.02974056840753,83.03400524971914
2,77.99552995786964,82.99644253885397
2,78.01128450957722,83.0061083525069
2,77.99912193070676,83.04043531988715
2,78.00570201026663,82.9941523021994
2,78.01610823253966,83.0088888568055
2,77.96972203907704,82.96923628986585
2,78.00160970184388,83.001140226324
2,78.02550703773143,82.98340820926828
2,78.03025232873655,82.99729170802355
2,77.9619857429365,83.01751686172568
2,78.00258048279396,82.99223821061744
2,77.96364513131907,83.00456011464277
2,77.98796742118273,83.01784599752848
2,78.01392463309676,83.00681120346627
2,77.99277624355358,82.99328847883591
2,78.00594735255173,82.99084502154678
2,78.0262390842993,82.98810080252339
2,77.97493058113244,83.03003556873679
2,77.98872277804823,83.02008210527778
2,78.0005291461219,82.97670378047354
2,77.97259439956805,82.97345620448257
2,78.00350069461832,82.95887248415349
2,77.97162601946425,82.97859575995938
2,77.99858612035966,83.0229859682545
2,78.03534906088716,82.99959585224416
2,78.00264503132406,83.02239446382532
2,78.01595830859708,82.98977845871902
2,78.03173428375914,82.9973722415768
2,77.97257264548387,82.99997560661757
2,78.0418192971633,82.9882005620659
2,78.01344844098975,82.99571047788005
2,78.0049629474703,83.00717537522749
2,77.97992461724698,83.01580931587833
2,78.00657427895949,82.99402264236836
2,78.00219508339235,83.01831789002291
2,78.02390091731016,83.0102132429668
2,78.01672936255856,83.03332229845508
2,77.9760080757051,82.98804385081712
2,78.0213221895891,82.96676476559938
2,77.9839359603553,82.9993482178174
2,78.00036806780744,82.99177375112494
2,78.01905311165443,83.02857923662216
2,77.98608984332084,82.9689718429732
2,77.9994780777571,82.99827765915664
2,78.00354670708654,83.01796233058953
2,78.00118789738814,82.9995917697716
2,78.01628501789021,83.0258758128464
2,77.99543675817478,82.99362598769785
2,78.02775045520605,83.00524566670988
2,77.97652666580646,82.99826279744447
2,78.02148098559654,83.0329028941859
2,78.00930846430988,82.98103371442957
2,77.9996687917575,83.0018466574231
2,78.00582268690447,83.0131218411008
2,77.97275338187862,83.03428616672521
2,77.97228753631562,83.03141358583515
2,77.96297567708775,82.99971608256828
2,78.01465492639014,82.95481917196372
2,77.98504137806184,82.9906967117941
2,77.96654445281155,82.98806115498788
2,77.99452049152013,82.99309574389929
2,77.99392748346274,82.97433998992233
2,77.97604067774226,83.0050099169405
2,78.02149382238794,83.0108092378294
2,78.02502448070871,82.96672226451535
2,77.99505056795819,82.9797578394916
2,77.96482838485099,83.02490105983385
2,77.95984170900961,83.02720190465482
2,77.99641800259431,83.0146415564922
2,77.99576575238089,83.04241740538437
2,78.03808444810198,82.9889266368683
2,78.01225146758466,83.03684975700828
2,78.00501419482042,82.96025702321286
2,78.02652168308734,82.9884848229525
2,77.99202019690566,82.98960392093551
2,77.96468933214649,82.98957119561393
2,78.04767751662403,82.99170537881986
2,77.98905651348394,83.01671868747455
2,77.99383689673681,82.96438072596996
2,77.98013981109465,83.01520425286563
2,78.00515294208981,82.99230508922196
2,77.98683344793766,83.00684322311173
2,78.02700633942439,83.01278026457959
2,78.04476230838394,83.01793810751391
2,78.00220970701454,82.985002853701
2,77.95931800760222,82.98608256161897
2,78.01350718463641,83.00423654605747
2,77.96049491877409,82.98351912255265
2,78.00715334001767,82.97375100372577
2,78.01499331819196,83.01682828205212
2,78.0374348106892,83.00855528058061
2,78.00667092672042,83.0284156532244
2,77.98368267215614,82.99010596146212
2,78.01542519108067,83.00415044022482
3,77.99587550173904,82.97756530409349
3,77.97125502262416,82.99152830052644
3,78.00641245955788,83.03434382219626
3,78.01128450957722,83.0061083525069
3,77.99677510380316,82.97751967635014
3,78.0142119891807,83.03846651579669
3,78.03941672733127,82.9846818314518
3,78.0055689642241,82.98532658254814
3,77.99889949977225,82.95953819979101
3,78.00698839959828,83.01918272897859
3,77.99623467273912,82.97721453210123
3,78.03025298408396,82.98923821065445
3,78.01100359266248,83.02202164697694
3,77.9996434771435,83.00581830592482
3,78.02954389410037,82.96641217465023
3,77.95155483291629,82.99434663353492
3,77.98383252076884,82.99473836675077
3,77.96282220528731,82.9932708150138
3,78.03581395974304,82.98889250860839
3,78.00240896858712,82.98942356597695
3,78.0046117582929,82.97568774407489
3,77.99282884366964,83.00185328613833
3,77.99265373326993,82.97587323467414
3,78.02096907628675,83.0317605119593
3,77.99944183474398,82.98796599544437
3,77.97284216275223,83.02745719147774
3,78.01561638238447,83.01544064115912
3,78.0227608227689,82.97076255118547
3,78.02951352229671,82.96032893376271
3,78.01564314606131,83.03933083765827
3,78.0331215952933,83.02013549384591
3,77.9622996746504,83.00094339915735
3,78.01019420086656,82.97743269594153
3,77.99607015839734,82.97355707707497
3,78.00031786477321,83.03134884850896
3,78.00807009820484,82.97412724557938
3,77.98626539785423,82.96652537387206
3,78.045241943683,83.0128708106316
3,77.98517220162017,82.99277365439805
3,77.99427073699525,82.999854536045
3,77.98323534445309,82.99798712991092
3,77.96480460277766,83.0316979865856
3,77.9551446936079,83.0031759666897
3,77.99665290709456,82.97785412992572
3,78.0032125400495,82.98673837926799
3,77.98330222818612,82.9587505567982
3,78.00552443848393,83.04730984797631
3,77.9715210151862,82.99652920967588
3,78.02306404058773,83.02120824665954
3,78.03150205625805,82.96955547648815
3,78.01997234509493,82.97296942142258
3,77.98443454787271,82.99597751427575
3,77.96489231470672,83.03528979499524
3,77.99271218702043,83.04472368271064
3,78.04347244083995,82.98721013796172
3,78.01002127916946,83.01852861309666
3,78.00199082918076,82.96415358216694
3,77.99860549548679,82.9895042676611
3,78.02218553750144,83.03637133501913
3,78.00214653868571,83.01411057064371
3,78.03430277154513,82.98016315977934
3,77.99870918211492,82.97994360469528
3,77.9762347184321,82.99984869808857
3,78.01282107802395,83.00132450014566
3,78.03603133638626,82.99067754287125
3,77.97505246552242,83.03939040161136
3,77.99805089785453,83.03290411470522
3,78.0066996480899,82.98456809637365
3,77.97684719993515,82.97887012141372
3,77.96495269476956,83.01097166770282
3,77.97772123353347,82.97546514816445
3,78.0124165638174,83.03625082118712
3,78.01615312119272,83.01696817375957
3,78.02473796975693,83.01322747551909
3,77.99913268931188,83.006447818891
3,77.98097490430898,83.02881181828701
3,78.01061596750326,83.00698676423752
3,78.0150719278338,82.98673791074867
3,77.98321395827674,82.95419631060517
3,77.96250160162175,82.96953374230301
3,78.01158720055157,82.9827643062413
3,77.99909951462689,82.98615036222724
3,78.00442928689216,83.01821415540333
3,78.01530327578794,83.03531302271209
3,78.02135147328939,82.95936508097759
3,78.00089085592768,82.99769318692543
3,78.0132963837001,83.02552340904022
4,77.9901801996241,83.02747279487512
4,77.96394001888406,82.96593740964535
4,78.00548449869457,82.95111766921798
4,77.97106904800796,82.96914826251556
4,78.00741536884571,82.9937586052584
4,78.00614804542045,82.97749445069387
4,77.99297247771356,82.95604523099577
4,77.96079962951882,83.02300808322556
4,78.02047902058641,82.9701955777513
4,78.02911332320835,83.03304039297873
4,77.9983866110979,82.97321650772746
4,78.02726980454516,83.01495339827652
4,78.02638845033536,82.96917316592086
4,78.01068286585947,83.00889493507812
4,77.98048575981122,83.04090808813828
4,77.98805648368716,83.04774469747397
4,77.98322116023296,83.04051064740148
4,78.0157658358896,83.00812034836908
4,78.0165430803512,83.00598604983705
4,78.0039406463896,82.98349984504381
4,78.0213143990768,82.99888186916644
4,78.01516484298826,82.98830729374565
4,78.00192014385925,82.9857459039774
4,78.01095691927296,82.97272927727093
4,77.97088841653036,82.96049917654773
4,77.97955294243205,82.99138327714722
4,77.99792736967636,83.04417505085048
4,78.04334636152349,82.98170586823902
4,77.96109148407767,83.00688830899591
4,78.0357350675562,82.9879477183034
4,77.97053778044283,82.98794424425512
4,78.00586421134516,83.00367395317947
4,78.00305891203196,82.987710775858
4,77.96996282829099,82.96614466396574
4,77.99131218201762,82.99202079722474
4,77.98370353137862,83.03777449307442
4,78.01579854614232,83.01556690152522
4,77.99329646290967,82.95187531098159
4,77.99639224790472,83.01988799401356
4,78.04178588180967,83.02408920675158
4,77.98290082546295,83.00352810685479
4,78.04640991571053,82.9914919980913
4,78.0154228582225,82.98857414863987
4,77.95455112944992,82.99761181741475
4,78.02429930025724,82.98047841841641
4,77.95458423807428,82.99245782233807
4,77.99199663025395,82.96420722521111
4,77.99376008494471,83.02313800078697
4,77.99757751934733,82.99931445733625
4,77.98982424178735,83.00062234457548
4,78.00780585788011,82.97694980610507
4,78.01195635361957,82.99698987763422
4,77.99780165445124,82.98885104502857
4,77.99383689673681,82.96438072596996
4,77.97087822491842,83.02414663292642
4,78.02632735739397,82.96430053861361
4,78.00903769127017,83.01661993263708
4,77.99407212774497,82.98974469862081
4,78.01457707354602,82.96615354261517
4,78.04286743789977,82.99310264439264
4,78.02838472572827,83.02496829460712
4,78.01402700376303,82.99352513805215
4,78.00892727164565,82.95113873312742
4,78.01666157090067,82.97973762964666
4,77.96232810306888,83.01416686873947
4,77.97819993393773,83.0044185512884
4,78.01443123088184,82.98841071966935
4,78.02413319903215,82.97449736492092
4,78.00001935814683,82.97073914598928
4,78.02420543591006,83.03858258596394
4,78.00523979659279,83.01614964360866
4,77.98492371027385,82.98641521775068
4,77.97529201228676,83.02449300670847
4,77.9860728679043,83.02161273238674
4,78.02021090054403,82.98894577243121
4,77.99762718677482,83.00852864864152
4,77.99835829870308,83.04262743723712
4,78.0087793508688,82.96662333180373
4,77.97134286644739,83.03796525761787
4,78.00764645874975,83.03178127974229
4,77.97720355737476,83.00242075327724
4,78.01310708515302,82.99512796846965
4,78.01960783827958,83.03583758776932
4,77.98138681049805,83.01068738022525
4,78.02021483753639,83.01136138956552
4,77.98747339155048,82.99686594869833
4,78.01710617722966,82.99070164383333
4,77.99991482657926,82.98318669343901
5,78.03102820788627,83.01137402702679
5,78.01925303720716,82.96131038002724
5,78.00280997656516,83.03542358049363
5,78.00518057614575,82.95283435156308
5,77.99559627368876,82.97848730823875
5,77.96005949667708,83.00479316498478
5,77.98078406260106,83.00125900987153
5,78.04270733846514,83.01596163504179
5,78.03981824647038,83.0269963371916
5,77.96858344266323,83.03573297408279
5,77.97836100743847,83.03866608848028
5,77.98139275960521,82.97530017711614
5,78.02997539715685,83.00155779278941
5,77.99271435137287,82.98071766399251
5,78.02095648004281,82.99087374411543
5,78.00331606250816,83.00497080895896
5,78.03022236397396,82.98487596560474
5,78.04330116578384,82.9910813412725
5,78.0086800388697,83.01242316651395
5,78.00409559210249,82.98337798726793
5,78.01751078796791,82.96298206271553
5,77.98947114370525,82.9886648068947
5,78.01652683675898,83.02489462290104
5,77.98047827920202,83.00357458274183
5,77.98520693858991,82.9952257137459
5,78.03096129019987,83.02510287717311
5,77.99542295491054,83.01005548165509
5,77.9940773477094,83.00774652761403
5,78.00382561424861,83.0128582663072
5,78.03463362901549,83.0233084899122
5,77.99896465168962,83.01685752442398
5,78.04078180591488,82.98701160209109
5,77.97606565767744,83.04296657624711
5,77.97057226014769,82.99510536379695
5,77.97911697418093,82.95690922139448
5,78.02120223538664,82.98291271619006
5,77.96050793449137,83.01082932414312
5,77.9849196943186,83.00122909189776
5,77.99894943211574,83.03329487970439
5,78.02011488240241,83.04217466103444
5,78.01991018944526,82.99073166117284
5,77.95782636707885,83.01319208074645
5,77.95606872205715,83.01020530127855
5,78.00251754135532,83.0416461023217
5,77.97866691356245,83.01959704079118
5,77.99357554214333,82.95938508289355
5,77.9890196577843,82.97370109775252
5,78.02012725888962,82.95985689997738
5,78.0042466876206,83.0477844318669
5,78.04954325225293,82.99551317203506
5,78.02790906479203,83.03461796673248
5,77.99730562683686,82.95646006665339
5,77.98221741003074,82.97554077375045
5,77.96369418510031,83.02819246324587
5,78.00402383101668,83.04903962574045
5,77.99477149439093,83.01407408798637
5,78.00939889443491,82.96019266507896
5,77.96582585449387,82.98809943128548
5,78.01188134899651,82.95717781123406
5,77.99115552611016,83.04020989595936
5,77.98951758379258,83.0362574747949
5,78.04146396621393,83.01782583252874
5,78.03458618821068,83.0250041049323
5,78.01919690065382,82.9614888871679
5,78.01955888265992,82.99797753654444
5,77.99145303300178,83.02239764514356
5,77.99978853950563,83.01258767403273
5,78.00736529833924,83.00076928729256
5,77.96551265204336,82.99150957647221
5,78.01984366892545,82.98879477328853
5,78.02504010699046,83.01797192324945
5,77.98856966696914,82.96936571964991
5,78.01532791583914,83.01835976471088
5,78.00684991904582,83.03907540622102
5,77.98860707399952,83.00536729076867
5,77.99700429804524,83.02722089325485
5,78.04285964097421,82.97700113029477
5,77.97735267349488,83.00434768941888
5,77.98783467662068,83.01083390854424
5,78.00188545071741,83.02447635617186
5,77.99450081021298,82.96045964475015
5,78.022870340437,82.99892395300769
5,77.97717873664539,83.01349356287545
5,78.01281593975065,83.01274293842033
5,77.98786089796874,82.9858487757886
5,78.01897973769351,82.99269836209525
5,78.00812524577047,83.03462146112514
5,78.02406745620107,82.99343193982322
5,77.9936044023529,82.95574551906005
5,78.0126711640284,83.0053722189359
5,78.01427506329071,82.98470948191579
5,78.0059911183773,82.97734713169557
5,77.98247717138788,83.02821626868229
5,77.97140394214149,83.0401237079276
5,77.97972709026209,82.95511054905968
5,78.02858783213613,83.00207345636186
5,77.98222087427966,82.9927970690661
5,77.97112733815987,82.98427850314299
5,77.95688570084486,83.0169120258464
5,77.96521766770802,83.03130598350563
5,77.99625730289507,82.98127160245292
5,78.00207777608676,83.00378178557257
5,78.00014578607322,82.96582897106313
5,77.99693905940197,82.97126702361946
6,78.04306537956614,82.98731697746659
6,78.0138053760968,82.98911839108642
6,78.02612829247308,83.0161564360922
6,77.99708995710931,82.98247269953099
6,77.97780523647278,83.0013724390952
6,78.03262198852472,83.00392128807275
6,78.00337801723718,82.99172457183221
6,78.03306717443867,83.01921025930945
6,78.01661344027417,83.01474113134117
6,78.00288180607188,82.98967459289766
6,77.98511505838003,83.02098237836906
6,78.02880184819342,82.97039257986526
6,78.00683608619204,83.03928137122102
6,77.9986405010562,83.02195514205384
6,77.9659570171947,82.99117194564575
6,77.99000736107313,83.03166253961777
6,78.00384917484388,83.04597502026172
6,77.98975888165036,82.99488177540672
6,78.0102350941283,83.01574376510483
6,78.0072586163128,82.9818791726557
6,78.02192251224635,82.98632309296745
6,77.99649720913185,83.00031524497969
6,77.98127382886831,83.01386843642035
6,77.97022284618579,83.02354635479975
6,78.01385568800389,83.0095889781443
6,78.01831570562483,82.95914165619904
6,78.02219031447241,83.00909374102505
6,78.00548093256789,83.00157786393564
6,77.97800594707184,83.01734516517334
6,78.00917589687258,82.99303656474297
6,77.98693030151033,83.00285533816877
6,78.01092004463352,83.00175487274215
6,77.98153968482016,83.03856331373618
6,77.99054711177028,82.98338156147659
6,77.9885342313999,82.96879789819174
6,77.96292061199946,83.014138342027
6,77.99719020272148,83.00353825852059
6,78.00080544734293,83.03455272704677
6,77.96485895204654,82.96503371036387
6,78.01011543319316,83.02989480810092
6,77.99406251945682,83.02602389941052
6,77.97469829933583,82.9888040424661
6,77.99679587927184,83.00269249156378
6,78.01067504283583,82.97602262843492
6,78.03692761616796,83.01667091262397
6,78.02364862120156,83.02133498419491
6,77.95698582916093,83.02125245300246
6,78.00392579790069,82.99183062277024
6,77.99473517304435,83.00112277136586
6,78.01034780229466,83.02103177263974
6,78.02390382672547,83.00826206981726
6,77.98207427580029,83.00847437146683
6,78.02275371411781,82.98077755012145
6,78.00532398904774,83.00500403913786
6,78.00303090782258,83.01975289279196
6,77.99781700740107,83.01193427694781
6,78.04718889781316,83.00204121075842
6,78.00657601512181,82.99485574673128
6,77.99848137912394,83.03086465671389
6,78.02520536170191,82.99560196242072
6,77.97811436803254,82.9717445274363
6,78.01220997510526,82.98479463958759
6,77.99026904277233,82.99310372837651
6,77.9854037832025,82.97168534253476
6,78.0271629196942,83.01230405580634
6,78.01446615311406,82.96346990533728
6,77.99200266138797,83.01050078720617
6,77.99027020886568,82.99549318861098
6,78.01542253450495,83.00392582071424
6,77.99183145681252,82.99891730386138
6,77.9993808144619,83.02762176248991
7,78.0005203474775,82.99555383003253
7,78.02408511224607,83.03955218196657
7,77.99620066205912,83.04313838894116
7,77.9750870205573,83.03316982723675
7,77.98465395918748,83.00494675244937
7,78.01663413979261,82.95391127420713
7,77.9620065112224,82.99149258901552
7,77.99142774447775,83.01397227340118
7,78.01681940863568,83.00855485264017
7,78.04620488565605,83.00272766982118
7,77.98861383410971,82.97914977347834
7,77.97420887645819,82.97250507864601
7,77.99380983059908,82.96974128562088
7,78.00131294307049,83.04822916308174
7,78.03943895117412,83.00990795329895
7,77.95763239635413,82.97986361477928
7,77.9890807066138,82.99512959796188
7,77.98250922247662,82.96966764013786
7,77.98567428460863,83.03730805215065
7,77.99753086376367,83.03848524692067
7,78.03754697546675,82.97802710955231
8,77.95707055139171,83.01247928147035
8,78.00399663987781,83.01320395335277
8,77.98459048893605,83.00212351446055
8,78.03962797019595,82.994424836808
8,78.00832278124228,82.96771347785312
8,78.03030159349407,82.97385123383434
8,78.03228273578834,83.03466833565668
8,77.9757462905856,83.03813822977656
8,77.96489720982333,82.98396917608288
8,78.02855298909077,82.99730497058532
8,78.0250075706911,83.03071911592961
8,77.99648241781122,83.01134336753617
8,78.00830850088694,83.01588742069733
8,77.96918767534935,82.9651249868713
8,77.96936678861637,83.0367670831896
8,78.02944178760934,82.99402979927682
8,78.01417327796105,82.99124587137464
8,77.98782101032913,82.98500746068281
8,77.970342731106,82.9935574937992
8,78.00241585830612,83.0077838253609
8,78.01178423437358,83.0019964725598
8,78.04529837851182,82.99252265292307
8,77.96008946255097,82.97941623743662
8,77.97683882302019,83.007729745863
8,77.97971655057513,83.01373042950286
8,77.97473023334985,83.02288671595808
8,78.00234296902772,82.95006592250382
8,78.00323468804827,83.03058477747906
8,78.01671783822297,83.04264052668462
8,77.991532324632,82.98405553852926
8,78.00792002078163,83.0119217467352
8,77.99145390820821,82.98308872075395
8,78.03284459712862,83.02137350471308
8,78.01937045338971,83.0393015172942
8,77.96495110914047,82.974539550168
8,77.95864935616355,82.98651603730767
8,77.99524254978492,83.01167280273732
8,78.04758107501209,82.99843523894101
8,78.03728667967121,82.99999532529579
8,78.0222247602626,82.98931484031735
8,77.95981653337714,82.97628220747019
8,77.95555208365973,83.01925836541224
8,78.0007094401065,83.02101959414638
8,78.01166914012245,82.95388047536056
8,78.02338328038259,83.01066540871088
8,77.9979837381293,82.9548278272686
8,78.04749686211314,83.0066278215689
8,78.0217114620577,83.0124426341956
8,78.0058582464524,83.02811780041314
8,78.01742275491435,82.98447649713393
8,78.03904322538713,82.98482508706502
8,77.97083485350137,83.02153073332518
8,77.99491491631224,82.98424062039334
8,77.99570810154076,82.95828712468189
8,78.0061764646559,83.00518805749097
8,78.01575498255812,83.01412684518024
8,77.9763042255053,82.96239685061731
8,77.97037269049417,82.98068450095728
8,77.97698944534972,83.04102529432859
8,77.97506684334863,82.97098506894754
8,78.00744927333574,82.98148718450369
8,78.01937691586389,83.04514103032754
8,77.97620892029862,82.99499918438643
8,77.96577838066541,83.02630565520937
8,78.01199643860103,83.04784267492369
8,78.00121975465699,83.02032032957086
8,78.02037191882106,83.009716673273
8,78.03787651185704,83.02922012263015
8,77.96659176970523,83.02392436782421
8,77.98605993458052,83.03662429735682
8,77.98550352352457,82.96654131925946
8,78.02416421634224,83.04228208014914
8,78.03470444882117,82.98167044401671
8,78.04258358560395,82.98681178537265
8,77.98926920454295,83.03093386288705
8,78.04327317694174,82.98040496534726
8,78.01224105480381,83.01922617328884
8,78.01015496873588,83.04716032837425
8,78.01531200032935,82.98993956065462
8,78.0323047758203,83.03775103213809
8,77.99532676062961,82.95645471172345
8,78.02326835491306,83.00773831653504
8,78.00695608364663,83.01222323970595
8,77.95582580751032,83.00385639098775
8,77.96043141199316,82.98889172375115
8,77.98878807347823,83.03069041625406
8,77.98248404426292,82.96388071054362
8,78.0026252599319,82.96675133761539
8,77.99356227731772,82.99324384161648
8,78.03936389164124,83.01399020666982
8,77.98784069608418,82.96707354520179
8,77.99516252599561,83.00216139741248
8,78.01592005623235,83.0080632686809
8,77.974474797254,83.00818171160303
8,77.98210827130704,83.03276941639459
8,78.01373826607322,82.98078477443599
8,77.99220404706563,82.9650642764261
8,78.04205434401887,83.01622068342398
8,78.00631038920378,82.958155739621
8,77.99722723719671,83.00760669973177
8,77.9924674786046,83.01274426795081
8,77.99211026976161,82.9603848488114
8,78.01154704992082,82.9530693154851
8,77.95158007634961,82.98822537385821
8,78.02895136168537,82.96905302689345
8,78.00950373156532,82.96589269246226
8,78.04139109022675,82.99489962399915
8,78.00093676955933,83.00774035688868
8,77.99104663185315,83.00345521129886
9,78.0164530768679,83.02764563919911
9,78.02015740475197,82.97295576564655
9,78.00132980725044,83.00364042527426
9,78.01201504525652,83.03395337352923
9,77.99236410047925,83.0326672100367
9,78.00124013705577,82.95357373819799
9,77.96679740352758,82.96398198985774
9,78.0382032971049,83.02077411274492
9,77.95866446950279,83.01036852100738
9,78.0154384513173,82.96230589641242
9,77.97541756853153,82.99898829608628
9,77.97099494004512,83.0134325053008
9,78.03830626920826,82.97738026002204
9,77.96379437795976,83.03009253667341
9,78.02722117005493,83.01769919283728
9,78.02792266731166,83.02522526153678
9,78.02023397483494,82.95469819535593
9,77.97953686788111,83.00667421737406
9,77.99900576355272,83.01593969085032
9,77.95022220585035,83.00155326816635
9,77.96966932987593,83.0098892797685
9,78.01364245510622,83.03545762974576
9,78.01589328169912,83.02695303555784
9,78.01021616691972,83.01474051275558
9,78.01789458518583,82.99140651776061
9,77.98674554119427,82.97353385098656
9,77.99909951462689,82.98615036222724
9,78.00287338709659,83.03295141659835
9,78.00454968194464,83.02534392222896
9,77.95490601552501,83.01991723920709
9,78.02937085860917,82.96076966835983
9,77.97124437029261,83.02789487603552
9,78.0223772879525,82.99971586708027
9,78.04040694206095,83.0132644347859
9,78.0091299554349,83.00849145736778
9,77.97244402041045,83.0140996786707
9,77.99587104197607,82.97418387093175
9,78.0136623402355,83.00443254752554
9,78.02069836304861,82.97717266462202
10,77.99182217494945,83.00783232172344
10,77.9625001527905,82.99967925995067
10,78.03616692769077,83.01455978556194
10,78.0084024522925,82.9841775384506
10,78.0043219638214,82.96699394669014
10,77.99105939857922,82.9943601579634
10,78.00051412142754,82.99119313140852
10,78.00923148407118,82.98938439998004
10,77.98457901384988,82.97237369467075
10,77.98307244791538,82.99591463849472
10,77.972263127307,83.00045698951965
10,77.99852568935938,83.0131903161956
10,78.00678279432736,82.96510256678138
10,78.00377217171854,83.01427576092354
10,78.01445406585613,83.00279684885331
10,78.0225443838968,82.99820602007978
10,78.02062642320789,83.02573185357893
10,78.01748221717045,82.9855685919304
10,78.00473422782137,83.02841563737398
10,78.00196789748068,82.98824047080915
10,78.01235611522478,83.02126617630366
10,77.98779123311715,83.00609047529903
10,77.9788410812647,82.95816100568834
10,78.00490094338636,82.99343153641739
10,77.97032549850566,82.98802026865812
10,78.0031286093995,82.98218010652873
10,78.01590974215956,83.03790467079729
10,78.02318649058097,82.97181345888369
10,78.01918390022568,83.01774529774704
10,78.01993759079086,83.01196856099767
10,78.00910347437599,82.99740316464765
10,77.97362920285511,82.96999501655797
10,77.9666667524498,82.9993415769455
10,77.99927373794696,83.01607834255259
10,77.97868983159633,82.96288895939679
10,77.98599659791098,83.00198113491714
10,77.98328780366623,82.98259043575482
10,78.00411471652059,82.96919676267156
10,77.96041564307599,82.99714502365687
10,78.03024905886552,83.01810241225294
10,77.97083853479111,83.00509361794602
10,78.02074274131824,83.02650954549692
10,78.01491958318576,83.02696707831456
10,78.01183451916884,82.98959772371396
10,77.99684258356393,83.03956879468024
10,77.99181556996746,83.01101646406211
10,78.03596152631327,82.97944593632138
10,77.99003693220949,83.04680230960342
10,78.01029294422518,83.02109368634285
10,78.00689216757875,83.0097590910403
10,78.01085524397742,82.95684337635944
10,78.00642405304103,82.97084220847603
10,77.99838706523252,82.97980504403697
10,78.01888767538357,83.01628690215696
10,77.99271435137287,82.98071766399251
10,78.01740732454417,83.02896673762267
10,78.01490770965249,82.97921873692961
10,78.02557746580696,83.00111433460266
10,78.04175751821687,82.98582119303835
10,78.00178017249694,82.98155679644996
10,77.98373093084217,82.98882816888762
10,78.00785558787067,83.0126606310601
10,78.00003635860232,83.0071257762953
10,77.9942711192796,83.010434556025
10,78.0079791633516,82.96012565240203
10,78.01153254688973,82.99442289015563
10,77.99814399048401,83.00192185522259
10,78.00439924358236,82.97646777497974
10,78.013001293339,83.00616756021387
10,77.98498952914117,83.01200349745828
10,78.0166256080097,82.99482686114274
10,78.01988245826209,82.98957808659792
10,78.01482433627649,82.97819812625907
10,78.00217206669286,83.01454223163452
10,77.99725588469765,83.01073311160822
10,77.96733282472837,82.98098901870895
10,78.0113276072332,83.00209551630444
10,77.98924203123129,83.01327721496455
10,78.0370526043375,83.02650171737311
10,77.96299455805476,83.01116328962772
10,78.02024194701372,82.9946468157574
10,77.97902441569124,82.99660500584157
10,77.97432280464396,83.00318892433427
10,78.00040820378581,83.01291015157105
10,78.0381961314397,83.00175972517347
10,77.97563610086078,83.01579938381732
10,78.02825654766849,82.95911593436696
10,77.9911594111201,82.9906075299276
10,77.96183286118857,82.98118710122333
10,77.98351557094877,82.99090019492792
10,78.03129494142104,82.9674246026811
10,77.96898965522118,83.01778992638768
10,78.02624367845642,83.03523167155477
10,77.98850606112303,82.99541153432335
10,77.97530600221762,83.00438094947059
10,78.00866308859777,83.01493831214385
10,77.99700900122966,82.97563166422945
10,78.00145329818557,82.97502042946641
10,77.96480460277766,83.0316979865856
11,78.01482093844655,82.98141458916521
11,77.98607545468049,83.00829291096139
11,77.99411878269963,82.98181074892088
11,78.04816345470138,82.98995345919789
11,77.99838706523252,82.97980504403697
11,77.98950806174454,83.03548568152108
11,77.99444252620802,82.97008179561078
11,77.98315037350683,82.9669855791197
11,77.99087948676059,82.99834681351487
11,78.04932057689788,83.00272567024798
11,77.99161249656875,82.98965017834985
11,77.99230392230604,83.03345342371776
11,77.97603560351065,83.00337427309788
11,77.99399553859651,83.03137282578194
11,78.0080967160938,83.00139360942947
11,78.00206100325477,83.00667483048014
11,78.02359524020017,83.00708545132352
11,77.97157099858626,82.98229625898365
11,77.99303480684259,82.9524336622952
11,77.9714766207218,82.99206749690647
11,78.00320282519503,83.00612882189019
11,78.01712238342101,83.01499227248976
11,77.9877554932852,83.04042002249427
11,78.01899232131238,83.02259035512226
11,78.03236984104986,83.02070946909912
11,78.01742731255294,82.96309708109462
11,77.99606076589593,82.96634661954891
11,77.95885902592583,82.98117646804836
11,78.03760501855834,83.01071960485103
11,78.04112731318905,83.01818175054719
11,77.9940773477094,83.00774652761403
11,78.00983724921296,83.00458193415854
11,77.97620013575482,82.99015828652045
11,77.9649672784082,83.0009097168858
11,78.03197854276888,83.0370234273477
11,77.96422032441332,82.99604036694215
11,78.0209928402948,83.0184789280355
11,78.00319620772814,82.99516159528692
11,77.99273118575864,83.02454150288462
11,77.97206062463111,82.97676258489751
11,77.99391543956584,82.9616110551122
11,78.0380513637232,82.99639475749308
11,78.03641581099987,83.00340449749382
11,77.98705329263771,82.98591517738913
11,78.02434856087864,82.96168356133214
11,78.04210480792636,82.99702104685052
11,78.01447642186092,83.00624046448335
11,78.0284839312439,82.97144240673312
11,77.96490978918824,83.01544342241698
11,77.97827670047087,82.97149517730179
11,77.99327392078618,83.04404911872413
11,78.03887318399835,82.99841585451277
11,77.95589537677843,82.99229258226991
11,78.03425844775246,83.00626258559083
11,77.98842783969718,83.00483978559551
11,77.99615907884304,82.95420866680304
11,77.97826498659354,83.03162821242277
11,77.95385050638056,82.98895891371535
11,78.01940173161401,82.98681329147138
11,78.0099927772156,83.00497069102258
11,77.994054380591,82.97900697936356
11,78.03766230112961,82.9852331194856
11,78.02766532684811,82.96129509144905
11,77.99521754708715,82.95116820977881
11,78.04269434803936,83.00725768796177
11,77.98263939518394,82.97723266803912
11,78.01550679815963,83.01260486640199
11,77.9985349198869,82.95574450574743
11,77.96521152974222,83.022076396253
11,77.96882703378068,83.00578946651787
11,78.03059209715042,83.0385844244913
11,77.98203765498513,83.03909012099268
11,77.97948385383383,83.02230573066129
11,78.01953499027194,82.99706157507194
11,77.9870120268429,83.02692980088464
11,78.00962544417936,82.9903060707673
11,77.9903326311746,83.01831817033845
11,78.0169520878319,83.0181078689999
11,77.97793696228887,83.00073090080666
11,78.02674872496797,83.02190623356792
11,77.96513807928389,82.98653133547003
11,77.98177527868849,82.96454052846414
11,78.01180006595213,83.03448522200183
11,78.01159348993673,82.9888234515932
11,78.01169844083825,83.02438287201146
11,77.96484453878502,83.01963092210917
11,78.02193390015337,82.97573613938935
11,78.03575968258035,83.01409514269658
11,77.99787189041389,82.95946968560062
11,78.02401564090576,82.99609555979933
11,78.004231844999,82.95970514245867
11,77.99215741025377,83.00231629437718
11,77.99692678583347,82.99481076989689
11,77.99867948612595,83.0151768388587
11,78.00591999032856,82.98266769869885
11,77.9736101035982,82.96818728457825
11,77.99088485001938,83.014766220992
11,77.98057983542057,82.99263736536268
11,78.00854055731888,83.04590850618052
11,78.00491072380615,82.95935238064867
11,78.02076233190323,82.99566461995668
11,78.01353956100655,82.96023977545802
11,78.00908383456752,82.97817047466847
11,78.02665680583489,83.01053121734456
11,78.04463084974019,82.98131555428822
11,77.97221232341059,83.02326247056206
11,77.95556113380235,82.98823653801267
11,78.02206631911837,82.95620170630085
11,78.00742889364064,83.0077856399885
11,78.02600153729259,83.02260010501584
11,77.97151949775215,83.00766511538058
11,77.98337980410967,83.0299939665105
11,77.96282820465242,83.00041415275997
11,77.97748129787483,82.95577509629813
11,78.01172224701457,83.03898794081286
12,77.9942711192796,83.010434556025
12,78.04068620236059,83.02068634895002
12,77.9843712741095,82.99786961691099
12,77.96291071423637,82.98589793563261
12,77.97820593369194,82.9837150174034
12,77.95514856045034,83.0126834137051
12,77.99736502027086,82.95863105966745
12,77.99971175505843,82.98041072605947
12,78.00073384343327,82.98753056650459
12,77.98480523308339,82.97170176672908
12,78.02071487668279,82.97609415895977
12,78.00872894074843,83.01223968177712
12,78.03433076022867,82.996176046897
12,77.96334802598444,83.00146297926086
12,77.98852597368042,83.00637629022935
12,77.9967847033775,83.02540523504102
12,77.95899908570368,82.97185452097011
12,78.00558048897727,82.99518225327971
12,78.03858598271697,82.99574143912238
12,78.01026763134806,83.04577500219551
12,77.99020553748369,82.99552299978058
12,78.02209963046461,82.95599982868133
12,77.98267498073159,83.03074068826373
12,78.04652147692187,83.01217113439958
12,77.97302656369045,83.02302827298357
12,77.98524719362081,83.00511748490021
12,78.00051718393213,83.01073822545455
12,77.95873331397296,83.0103516628489
12,77.99697575014272,83.00916548334291
12,77.97756878649773,83.04140254991077
12,77.99087138656499,83.01723671756783
12,78.004505018986,82.95432163673244
12,77.9939319294578,83.04543755867539
12,77.99104265004256,82.96848299414417
12,78.03990807967101,82.98007547899746
12,78.0213143990768,82.99888186916644
12,77.9773138854077,83.03848786065632
12,78.02007629735097,82.97660295218405
12,78.03876852405575,82.98762826616532
12,78.02119701024904,83.0066540156517
12,77.99822853479986,82.95797045318736
12,78.04840830336616,83.00340324457126
12,77.97038892309803,82.97002963512138
12,78.01616656266893,82.99081048673246
12,77.99327570346986,83.00448037637246
12,77.97750650831544,83.0098521439993
12,78.03033675681344,82.97361769182766
12,78.04024361188402,83.02054767553318
12,78.01074606413441,82.98959234056261
12,77.97905311247847,82.99682348198792
12,77.99499019746983,83.03051406136099
12,78.01668445217558,83.03407851829061
12,77.98865414500672,82.98254160494862
12,77.9817006021716,82.95994767596137
12,78.01498871861185,82.97134880590556
12,78.04144869001131,82.99354390360139
12,77.96150069261311,82.99158576079438
12,77.96643900116176,83.03278007143118
12,77.99498986385291,82.99466329742044
12,78.00862293841989,82.99445668733948
12,77.97217299162108,83.02385375994233
12,77.98092356178263,82.96663077200725
12,77.98322724689488,82.96480982425858
12,77.96166667712268,82.99016449112558
12,77.98335852636838,82.98793513260767
12,77.96571575708727,83.03289133958916
12,78.00535989548447,82.98143354472961
12,78.02537213765167,83.04170864134917
12,78.00140894797904,82.95787631621664
12,77.97711038700851,82.95621652160958
12,77.99518195803195,82.99909534413968
12,78.03180026254734,82.99216713253794
12,78.0032370165517,83.04538438463412
12,78.00273488291111,82.9560334977545
12,77.96410215223979,83.0080964961677
12,78.01381881151873,83.01920210629714
12,77.95469448889105,82.99262026078489
12,78.02728282575615,83.03990627321284
12,78.03152715067992,83.03782190859809
12,77.9809995923628,82.9764723729721
13,78.00751057344269,82.9650311392372
13,78.0296285457244,83.03191714976955
13,77.96496089897593,83.00650014323237
13,78.02106995040795,83.01984644793544
13,77.9769322902771,83.01829923568741
13,77.97026752631356,82.98958211205276
13,77.97046970734546,83.03848098700131
13,78.01930965603093,82.97841265783163
13,77.9687389834395,82.98824653534702
13,78.03464289865964,82.98547377325617
13,77.9658903680045,82.97174792359105
13,77.97837658461758,82.97423184360197
13,77.98996477424834,83.00190840234639
13,78.01039737531669,83.00942413137767
13,78.02231184699612,83.00310382125448
13,77.99490312680865,83.0063839391126
13,78.02913289478366,82.98011302340454
13,77.95236993504265,83.00274219096853
13,78.03472634727048,83.00499951389591
13,78.0117002478614,82.99441875409887
13,78.00800163631311,83.03183009495011
13,78.01564242353535,83.01123744206315
13,77.9679877655135,83.00125050819436
13,78.03091966930549,83.01172276740516
13,77.97727478685721,82.96847046903231
13,77.97414198982835,83.0350882718423
13,78.01721155793972,82.97550666202476
13,77.9898841027945,82.95917689151594
13,77.95627183289214,83.0166852437249
13,77.99647879901967,82.98315152598757
13,77.96259583349656,83.0147681186022
13,78.00717861157122,83.02991534912474
13,77.96325128762075,82.97855435649888
13,78.00154799824153,83.02863636131613
13,78.04346175960777,83.01614494545251
13,78.00433832358941,83.01469102610982
13,77.9914624346243,83.00199894734429
13,77.9766260292531,83.0072740356567
13,77.99458663608357,82.98887037073673
13,77.98868847834753,83.02009901826814
13,78.02502470630336,82.9929772986757
13,77.9847722321279,83.00204312154331
13,77.95966050423603,82.97801297416538
13,78.00042706757762,82.97696882112471
13,78.00914248830534,82.99767759339498
13,77.95503241249146,82.99263651323925
13,78.00993065195959,82.96269301889227
13,77.99813933688057,83.02117832964848
13,78.01022646641904,83.00030484670546
13,77.97735460370129,83.02129370698054
13,78.00777435390486,82.99316713709702
13,77.99547582005023,83.02068397560483
13,77.97831690277417,82.99342945409786
13,78.03458478115247,83.0171727138526
13,78.03751942031326,82.97650177736541
13,77.99420326221245,82.9872033892013
13,78.02686185350723,83.0143863197898
13,77.97525947165698,82.96175593435379
13,77.95090025717593,83.00875115416028
13,77.96812530483302,83.01075664140875
13,77.95794902090546,83.02352951413744
13,77.98043762246402,83.04486623729937
13,77.98793550952696,82.99999352053128
13,77.97506798330417,83.03861210572404
13,78.00695634501727,83.0037464592401
13,78.00594175285427,83.01926402588677
13,77.9582004669533,82.98602959932253
13,78.02552845794098,82.96943267588567
13,77.99408729992702,82.97288439347152
13,78.01738100750275,82.99026770831006
13,78.03979258919615,82.9781858096775
13,77.99073050409825,82.98082386638518
13,78.003338888984,82.96975746385749
13,77.95846433911139,82.99697133714358
13,78.00165640096176,82.96600421622621
13,77.97811586776987,82.98718957048025
13,78.0076980492739,82.97088667467263
13,78.00719282739658,82.98510354933859
13,77.98693824516738,82.98753502519111
13,78.00051064008125,83.04070083133621
13,77.97116816521469,83.0389334479836
13,78.01971115572073,83.01789866377314
13,77.97216462045431,82.9601315470791
13,77.96115653177013,82.98508687840189
13,78.01353599073899,83.0206681281507
13,77.97690474555857,83.01316076312752
13,78.04736510055568,83.00737738787888
13,78.01388143526077,83.00472355193138
13,78.01628492215536,82.98294774558751
13,77.9735665310694,82.97555261850513
14,77.97320250668197,82.98025730095519
14,78.02395974353982,82.982162006245
14,77.97477663355546,83.03727561078826
14,77.9766698935703,82.99903812187618
14,77.99370267459896,83.0011717896174
14,78.03199858312217,82.99383461245611
14,78.02344968962865,82.95894832035829
14,77.9790845181023,83.00443248990946
14,78.0451472498384,83.00124069573023
14,78.00756672140265,82.95516501185516
14,78.01356297509007,83.02092439488624
14,78.00809975760707,82.98736965290308
14,77.98697312910195,83.0087320622401
14,77.98439577141593,83.00054872430692
14,78.00783518725075,82.96228805613683
14,77.98767382723413,83.04179840372879
14,78.01975422997246,82.96580724604311
14,78.00046913962292,82.99074390440127
14,77.96285972632079,82.98969212751442
14,77.96828886210874,82.96406576021991
14,78.0431900042686,83.01518730886046
14,78.02475173622267,82.97013307656677
14,77.95575111652377,82.99796504449964
14,77.98298257082976,82.96605835423102
14,78.01074261105668,82.96145084227027
14,78.00772018992996,82.99406154304958
14,78.03622273282524,82.98567824005671
14,78.0336442903067,82.97601027290769
14,77.99282094405102,83.00016070019187
14,78.0088976218691,82.99090620732322
14,77.95365317666992,82.99129877362364
14,78.0333522068176,83.03260227837424
14,77.99367981139255,82.99233462401463
14,78.0497560593729,82.99574102610264
14,78.00761747068532,82.9894264409038
14,78.01544209412998,83.01335601889302
14,78.01443082913497,83.03971135390293
14,78.01418728522125,82.99721086271694
14,78.02141184585305,83.03514568424208
14,77.98650580450597,83.03207232406189
14,77.95836657480712,83.00259995360003
14,78.00106746300139,83.00286171324073
14,78.01419852777043,82.98450805682096
14,77.99796307246719,82.9909647697946
14,77.97067450377128,83.00319166090347
14,78.00131554475277,82.99833287668599
14,77.9943407068303,83.019059721107
14,77.98875835824852,82.99535980410485
14,78.01353344131184,83.03827799888064
14,78.02535014645875,83.01733443471628
14,77.96733938587853,83.00955774196561
14,78.01050231467036,82.99778182791994
14,78.02039325767076,83.00800531355752
14,77.99686149497084,82.98501138822506
14,78.02541493406736,83.03737203953266
14,77.9728979561271,82.97902456404154
14,78.00987009389955,82.958536017017
14,78.00392895387013,83.02092499229525
14,78.00995738225723,82.99109121686605
14,78.01810215401636,83.03649109453278
14,77.99378785442961,82.98708696727118
14,78.03927739454245,82.99385656033638
14,78.00647985662275,82.97645622854026
14,77.96389526739567,83.00779993443288
14,78.03428520013658,83.02541040204362
14,78.01514092097483,82.9941545429538
14,78.0078671523384,83.00233277660861
14,77.99053969644054,83.02515460020848
14,78.00783074886256,82.95637579809382
14,77.99754474135231,82.97057686583074
14,78.02028566394603,82.9920806173243
14,77.95958347493969,83.01864094103738
14,78.02586126720317,83.04051558274631
14,77.99160718027275,83.02065065296179
14,77.96569148980183,83.01845074775521
14,77.96752282098075,83.03190896472456
14,78.01058146086126,82.99505891011785
14,78.01792420946002,83.04638587396364
14,78.00782743458109,83.03716042904686
14,78.00025968413273,83.02069540918251
14,77.98213615006198,82.97565322528723
14,78.04013819258094,82.9842091774607
14,77.99542268268964,82.96493072353894
14,77.99541286453147,82.96300456505662
14,78.02857425286136,83.00511629371033
14,77.96250507694224,83.01213372619323
14,77.95916629126744,83.01329709921956
14,77.9880793743029,82.96183717655171
14,77.99842084466991,82.99999851557556
14,78.00205294519685,82.98676717304063
14,77.96299395448632,83.00773222979538
14,77.97643117008104,83.03398498288007
14,78.01001626639716,83.03904883238722
14,77.96129538598375,82.99065627573597
14,78.0080904429862,82.97953096600463
14,77.99391543956584,82.9616110551122
14,78.02628892905675,82.9789882994651
14,78.00941302203668,82.98692742807731
15,77.99864998169139,83.00462753369085
15,77.97551200525771,82.96879941945268
15,78.02390964360218,82.96019881669936
15,77.96905143401794,82.97792475579601
15,78.01864692076492,82.97599826262824
15,78.00372542652356,83.0427342749957
15,78.02235745855312,83.00129385494718
15,77.9986939344915,83.03234999576536
15,78.00047736268688,82.99537916621719
15,77.98550396214108,83.03299771758661
15,77.99750798066223,83.03092892363371
15,77.99320809251118,83.03930222367997
15,77.99564914607225,83.04285960766869
15,78.03678379989047,82.97791089563094
15,77.97609147871799,82.97958230220817
15,77.96291388455089,82.9808661138449
15,78.01346049836351,82.9915483434751
15,78.00111912015406,82.97692592339423
15,78.03947443164975,82.98393080035835
15,77.97309314045862,83.01765005135424
15,77.99200266138797,83.01050078720617
15,77.99534663455508,82.96789096262297
15,78.0127513138473,83.00146028993015
15,77.9628965016596,83.01093134078893
15,77.99886345574328,83.00278736274761
16,78.01955888265992,82.99797753654444
16,78.0072244203547,83.0107474366882
16,78.01531306077368,83.0356479083301
16,78.00634842109608,82.97532660691256
16,77.98076882828425,82.97193604751165
16,78.01769183731886,82.9832314354804
16,77.97231914103591,83.03866067720415
16,78.02543295501766,82.97803421600692
16,77.98982808908633,82.99536895581474
16,78.00535077390415,82.9927448106821
16,77.99201361029091,82.99391658762373
16,77.99626828120006,82.95971187986372
16,77.99246380635533,83.01703520173737
16,78.02073824982321,83.02030899913673
16,78.03396576687605,82.96625502646341
16,78.00177960608973,82.96460890097535
16,77.99353027954099,83.00781708205733
16,77.99686016169969,82.98261463624684
16,77.9959239452124,82.9913941636147
16,77.99843687638581,83.04433310550645
16,77.98663906023448,83.03920293410935
16,78.01859186570292,82.99211962922261
16,78.03021735517483,83.03925037389712
16,78.00772018992996,82.99406154304958
16,77.97077549742437,82.97158718629991
16,78.00807772382954,83.01923603832645
16,78.04201330175545,83.01623227128238
16,78.03019443689742,82.97650765918377
16,77.99943790080304,83.03782280251501
16,77.9657516638762,83.02675561784973
16,78.02943521347102,82.96562037640311
16,77.98672694174863,82.9910202403562
16,78.00061957098656,82.98426404738584
16,77.97867267803154,83.01809423384323
16,78.00644522438184,82.99308179638757
16,78.04764153945266,83.01504780801828
16,78.00218611580951,82.97917639124569
16,77.96293474325687,83.01360962140895
16,77.96785337234583,82.98680546675084
16,78.00022778887114,82.98405052718607
16,77.98826598442683,83.01332871443198
16,77.98772166496595,83.02278760000837
16,78.01088098533131,82.99083483049696
16,77.98875449106984,83.03016999315646
16,77.98862831524231,83.04223142603044
16,78.00250386146313,82.9556668870435
16,78.03419246727177,82.98291298642923
16,78.03555255453816,82.99005080288363
16,77.98583708046003,83.03368659091593
16,78.036534082075,82.97955404672018
16,77.98338171349857,83.00353681606195
16,78.01854715513292,83.03142606741291
16,77.978870442158,83.00897748730894
16,78.03285721562186,82.99155600066305
16,77.99738509563612,82.9818417189497
16,77.99627312743566,82.99194690214203
16,78.00691648582652,83.01515524777741
16,77.99164280959295,82.99024092987786
16,77.98902990309799,82.98644848653454
16,78.0148504855885,82.96538606729925
16,78.02331860352552,83.00089977138113
16,78.01564242353535,83.01123744206315
16,78.00066348989353,83.00573811323406
16,78.03490778009828,83.02957874205345
16,77.99278110937252,83.01680610413787
16,77.98616231505689,82.99580051916094
16,77.99821834809241,82.96153713141084
16,77.97076763864405,82.96396788364399
16,78.00079425980888,83.04215403754095
16,78.02722395618318,82.96593187737854
16,77.98367768771801,83.02319365061683
16,77.9780019957141,82.95724823743964
16,77.99552656247903,82.9906215827517
16,78.01894454742313,83.0253948332289
16,78.01826285753916,83.01376642287708
16,77.99266137582377,82.97016122739683
16,78.03738796443176,82.99150521563203
16,78.02989886724961,83.00000166890163
16,78.02489044949844,82.99924726760572
16,77.98976093903894,83.02589102173803
16,78.01709554228998,83.00612095503284
16,77.98430772582435,82.95790635762113
16,78.02441560040936,83.00318555984299
16,77.98259275211714,82.98614057336617
16,77.98152439089148,82.96991437605185
16,78.04754968731746,82.99569411878491
16,77.9828655715406,82.95927409854973
16,78.00282144634255,82.99345653217142
16,78.03158466040348,83.01456107677751
16,77.97990838075131,83.00043296096277
16,77.98910518020655,82.99435457750226
17,77.97269742998029,82.96632050229127
17,77.99003937601822,83.03146129547713
17,77.99847772560695,82.97508707930102
17,77.97964305155291,82.96450760669224
17,77.97313472637873,82.97095656527418
17,77.98133162043352,82.96630540111151
17,78.03696607246508,83.00290924532332
17,77.97541801947658,82.97180512866524
17,78.03661350654541,83.00251230312318
17,77.9765312263088,82.99841822563667
17,78.018001061605,82.98531509157692
17,78.01877474060666,83.01227722620843
17,77.97290393908312,82.98592138195055
17,77.9755109171765,83.00430380459251
17,78.00568971907875,83.01057582977731
17,77.98426981176736,83.03350024269334
17,78.03223529036157,82.98918293336038
17,77.98172672380494,82.98236539079255
17,78.00834680360599,83.04565732551906
17,78.03394662654931,83.00904822359755
17,78.02524142115168,83.04257508905675
17,77.97815616802913,83.01095273154559
17,78.02067684028594,82.98886433051818
17,78.03393333902937,83.00831464170992
18,78.01061877910301,83.03591729238912
18,77.99380177396681,83.03841487704894
18,78.02254952662841,83.00267251485425
18,77.96262498681102,83.02362093915762
18,78.02012871611095,82.99593179063108
18,77.96764588704596,82.97734939601976
18,77.99095094276221,82.9857262643565
18,78.0333255381869,83.00713048820772
18,78.0031006197169,83.01708608609029
18,78.02175296827792,83.02589716339418
18,78.01655295658368,83.02551678901608
18,77.99545038605928,83.01033567162087
18,77.98911440083948,82.98008389704246
18,78.00250780654339,83.02438896007625
18,77.95619645127735,82.98796222751682
18,77.99539134002292,82.99841866475685
18,78.00049572240827,82.96210115436477
18,77.99431103564197,83.03951659124982
18,77.96844403108479,82.97584062524214
18,78.01319856600195,83.01709239068603
18,78.0077906996661,82.97846603658442
18,78.01212409992563,82.98432222524877
18,77.97887183754916,83.00626329270655
18,77.96798927210406,83.02090580723791
18,77.97601135738286,82.95905963670164
18,77.98754699408416,82.98547313338118
18,77.97873267397469,83.01905064400626
18,78.0011459271433,82.95757956388333
18,77.99749446961042,82.98854081005614
18,77.95492026658108,82.99445653834255
18,78.01540034672746,83.01424043869021
18,78.0188643321405,83.04228975023747
18,78.04667319966703,83.01340598013411
18,77.97745524834978,83.01807070119237
18,78.01950505840345,83.01470713344423
18,77.96498555835082,82.98645796976923
18,78.01350260796548,82.95190410674675
18,78.03056996327724,83.00656173068543
18,78.01919690065382,82.9614888871679
18,77.9914891867894,83.0064150822772
18,77.95227452805808,82.98766225442569
18,78.02473184547354,83.0427515311499
18,77.96244506769818,83.00411586920076
18,78.04210480792636,82.99702104685052
18,78.01574717554635,82.99292786808033
18,77.99088485001938,83.014766220992
18,78.0153963376062,83.04345438571751
18,78.01833035522573,83.04550439416437
18,77.96018930652038,83.01243306535154
18,78.03484161511716,82.98229218303517
18,77.98493036928656,83.04490746103819
18,77.97519830910313,82.9741164361849
18,78.00844866777834,82.98214486239833
18,78.00110981753647,83.00396169069303
18,78.00906343730522,82.97240533224252
18,77.96109868828684,82.97885005642141
18,77.97753081652768,82.97579649272221
18,77.96894754454098,83.00622563900633
18,77.96724755765372,83.01834735178053
18,77.97402985519172,83.02963937914059
18,78.02028566394603,82.9920806173243
18,78.01610084455133,83.02341061491347
18,78.0066476951622,83.02270760627144
18,78.00374498133365,82.95884038400834
18,77.99754775327263,83.02024991386936
18,78.03628969814719,82.98145858462934
18,78.04390860343214,83.00903774346219
18,78.00864921460875,83.03627775007472
18,78.01373854611646,83.02432946202048
18,78.01598203329526,82.98024512887476
18,78.0319792593309,83.03125006277634
18,78.00146540154725,82.98307709563784
18,77.96521766770802,83.03130598350563
18,77.97816533219155,82.98197025998263
18,78.01287618958207,82.96863808929756
18,78.01415236237001,82.97298207206128
18,77.99524254978492,83.01167280273732
18,77.96400442712863,83.01007182586102
18,78.01815499420483,82.98431254720977
18,78.00811499358872,82.99579443480869
18,77.99368995095173,82.98358598677497
18,78.01107907586221,82.99692987569141
18,78.01865089982749,82.99150538688997
18,77.9939567754751,82.97176935109819
18,78.04722225205113,83.01416669177324
18,77.97328494277329,82.97465685176785
18,77.97934399139999,83.00036731145433
18,77.96250609249375,83.01393916034291
18,78.02495465295648,83.03758174692304
18,78.00192138401493,83.01475472687018
18,77.96575205412726,82.99878149814437
18,77.99896674390985,82.97522158973959
18,77.96349884703598,82.97797166384758
18,78.00783860482962,83.03224347531555
18,77.97728626016446,82.9938096200694
18,78.01236462697796,83.00369517845964
18,77.9911594111201,82.9906075299276
18,77.97323145738207,82.95908788592907
18,78.02172898080755,82.99168619915947
18,77.98941400913317,83.00698295756484
18,77.96400070482902,82.99776549941812
18,77.99082054899257,82.97344649424575
18,77.99080592227808,82.98410541025245
18,78.02484085341777,82.95963184429166
18,77.99157253153565,82.98808912029969
18,78.00100817500143,82.96879771352026
18,77.98747722847764,82.97497533924162
18,77.95629514281221,82.97908068414006
18,78.04503057354997,83.01757039925424
18,77.99748787090118,83.03999362480704
18,77.98822913823375,83.00161911764465
19,77.99451833417264,83.02084088605785
19,77.97602316813513,83.02082803479857
19,78.0091725661546,83.00000227676777
19,78.00121200275146,82.97624343230704
19,77.98876032783625,82.95913347260895
19,78.02443420286636,83.02110786085565
19,78.03076805067622,82.98469378902645
19,77.97439848376091,83.00652425612947
19,77.97782742577895,82.99687082893459
19,78.00574628772412,83.01934576846173
19,78.00957315327067,83.0050760207398
19,77.96643763271332,83.0003670275248
19,77.96822378600535,82.98543778206059
19,77.99675779414858,83.01889820462803
19,77.98260294946337,83.00202982141721
19,77.98074447794104,83.01222364686464
19,77.99673117274939,82.99941442816046
19,78.01364349299365,83.02189674068448
19,78.02139558422361,82.98248787638651
19,78.00011484852124,82.98190909743164
19,77.97462227592757,82.96305218257764
19,78.0039216466269,83.0351686484705
19,78.00667476809903,83.00548353251132
19,78.01091145161037,82.96872562432532
19,77.98767822931109,83.01276679982116
19,78.01006162902729,83.04509240439776
19,77.99987307340876,83.01970940968562
19,77.99664212906994,83.03113636247537
19,77.99204254698748,83.005315679527
19,77.98475170973622,82.98897844095242
19,77.99612723504401,82.99261687332886
19,78.00685145078872,83.00405025578897
19,78.02608124471294,82.96896019974878
19,77.96888669028608,83.00064739377994
19,77.99925488328178,83.00797027930406
19,78.03143534702943,83.01266361839338
19,78.03049966161113,83.00602137207434
19,77.98272109795603,83.03337703859847
19,77.9825760962778,82.99191452988246
19,78.01856722688323,83.01207035976338
19,77.99508343481965,83.0243632418367
19,78.00239786035996,82.98428358930317
19,78.01390506984339,83.02358251219468
19,77.97266300782378,82.99967635295673
19,78.02165653918519,82.98834972837537
19,78.01547350091072,83.00700398890615
19,78.00815921419905,82.98522955268972
19,77.985605352262,83.00677278790022
19,77.95563121371038,83.01544714812839
19,78.00337752511363,82.96572739778509
19,78.01319502657459,82.9890348693564
19,77.99113453192285,83.00153458882359
19,78.01175525113922,83.0183556295257
19,77.9903878904517,82.97566178846287
19,78.00835415879105,82.98201033163296
19,78.02272646767379,82.98245733787176
19,78.04821581271754,83.00020100592793
19,77.97494482640127,82.99139640567607
19,78.03073102065368,83.03147528027891
19,78.0256817325428,83.00240998310338
19,77.9949383442385,82.98917293285699
19,77.96796764773136,83.00020913316791
19,78.01798782050857,82.97821430490444
19,77.99552656247903,82.9906215827517
19,77.99914857065771,83.02716532428482
19,78.00751589893312,82.98664717432304
19,77.97127607376153,82.99537958693493
19,77.99266137582377,82.97016122739683
19,77.96314941060977,82.99538198049169
19,78.00483969791772,83.02129148745132
19,77.99216681498116,82.9782642050662
19,78.0362491942793,82.98227655518153
20,78.02704805398655,82.99397128574277
20,77.99356227731772,82.99324384161648
20,78.00687562542647,82.96270317148921
20,78.00295807633347,83.00267772636799
20,77.99107889969079,82.95451795685098
20,77.97877993930429,82.9891734445605
20,77.95604531637228,82.98465366493963
20,78.0244037536277,83.04091394114195
20,77.96748481615265,82.98284168658289
20,78.00191018694038,83.02551447578712
20,77.99767875586699,83.03889810154581
20,77.9963138513239,83.00806994152272
20,77.97309314045862,83.01765005135424
20,78.04359107961994,83.00467919937441
20,77.96928405558835,82.9645556793468
20,77.97852599807635,82.95826755555466
20,78.00200799864302,82.97922506277138
20,77.96212498562045,83.03011482774083
20,77.96765253361042,83.01245242777098
20,77.98482159154464,82.99014847590759
20,77.99768438591737,82.99448660098086
21,78.04786515196295,83.00926595539613
21,78.01953854447933,82.99756452642035
21,77.96785337234583,82.98680546675084
21,77.99617914468428,82.98755795764569
21,78.01590974215956,83.03790467079729
21,78.01945462926554,82.98841412126602
21,78.01517733653642,83.03198886777099
21,78.00356017882793,82.95790521293135
21,78.0414425940768,82.99762222273618
21,78.01227216454794,82.99405206921595
21,77.99340036883892,82.99609429050797
21,78.00860591267329,82.98953683432477
21,78.00092376839007,83.00735259323302
21,78.00933280632327,83.02592164470782
21,78.03123672468631,82.99498773669023
21,78.01634908767006,82.98972131033904
21,77.98265195160238,82.9695939645292
21,77.97580602346602,83.04071462767772
21,78.01191637642034,83.00573577968751
21,77.97847897211648,83.00818600231159
21,77.98469776026333,82.95977164478364
21,78.01525373080304,83.01843861557546
21,78.03938502231702,83.00869472457268
21,78.0297806265725,82.99119385016631
21,77.9706465305679,83.01193186347157
21,77.97614607877799,82.9939991749016
21,78.00414962894266,83.01573484851937
21,77.97761349203931,83.040586539826
21,78.01485457055361,83.02024565300441
21,78.04511889575215,83.00876033990647
21,78.01927502479224,83.03216141282861
21,77.97609028510954,83.03703234944243
21,77.98187051237414,82.99906810081636
21,77.98591700349786,83.01861560196232
21,77.96857548321012,82.99831866291747
21,77.9696102009212,82.9616217628243
21,77.9564557273699,83.0141613138021
21,78.04399301457144,83.01644792291667
21,78.03213921602854,82.99249184332231
21,78.03451226206535,82.9898289720363
21,78.01984558154074,82.9907555705536
21,78.01899169302234,82.95868502693352
21,78.00335467852138,83.04781537229543
21,77.96159787918812,82.97417840255275
21,77.98133708159813,82.98817580944761
21,78.00425080556043,83.02032824523371
21,78.02608124471294,82.96896019974878
21,77.99543205959533,82.99814001192226
21,78.00060618595012,83.0087426351717
21,77.97454934218719,82.97791592998632
21,78.03533204620007,83.0242888865662
21,78.00170327913665,82.99196734392899
21,78.01999097242096,83.03838962060618
21,77.97673353635231,82.97720222892382
21,77.97157645341538,82.98199044874899
21,77.99747066174051,82.98408413724744
21,77.95822900484625,83.0084015518071
21,77.99749804202716,82.95565547564095
21,77.99214144297923,83.00043557993021
21,78.03349061120696,83.02702154687533
21,77.96623281060755,82.97646439006165
21,77.99067019423292,83.01233881054515
21,78.00545263711805,82.96281774081667
21,78.01883416468317,83.04333224713203
21,78.0066552706697,82.96398996954272
21,77.98967319248689,83.01146618175687
21,77.99228669997834,83.01507099448015
21,78.001741846606,82.96221519409875
22,78.01225426929146,82.99405677177546
22,77.97099494004512,83.0134325053008
22,78.02657157033836,83.00641846890089
22,77.98521373213272,82.99624425466135
22,78.01217812481647,82.96966533471861
22,78.03442785322316,83.02866539892749
22,77.95210261965161,83.00754731951099
22,78.03436398168581,83.02407769037455
22,78.00860591267329,82.98953683432477
22,78.00878309192485,82.99071902058314
22,77.97914511883344,83.01975908982477
22,78.01401990473532,82.96190953099439
22,77.98078406260106,83.00125900987153
22,78.00364589063484,82.9997504362127
22,77.98549582479906,82.9924075746052
22,78.00788349666752,82.98833383822073
22,78.0150324722545,83.03314924251106
22,77.97930078833701,83.01130397440927
22,77.9896438975766,82.99122613021855
22,78.02223645741444,83.01779419823673
22,78.01657506632075,83.03828154399156
22,77.98291110536165,82.98024501584865
22,78.01107071694511,83.0011316227382
22,77.95900684154905,83.02802152890376
22,78.02268012644156,82.99447626278311
22,78.0312567996951,83.01819509723767
22,77.99266782439148,82.96031600465928
22,77.97379399704128,83.00459441757242
22,77.98626135813065,82.98962554916777
22,78.00236398119092,82.9716312068601
22,77.97031385611858,82.95980076873438
22,77.9800586501568,82.99658717294534
22,78.04394923754987,82.99818883040274
22,78.03611509932578,83.02573970659961
22,78.01452100070775,82.98615310446009
22,77.9592487206047,82.98776536570918
22,78.00998901674507,82.98562225264715
22,77.99810613299657,82.97243517477625
22,77.95792009417258,83.0140571661366
22,77.98027458394529,83.03118959014455
22,78.03958295546016,83.02155780923597
22,78.04753542020318,82.99853600556133
22,78.03561182495237,83.0242087389196
22,77.95832027473017,82.97298320953549
22,77.97464373000471,82.9810788406766
22,78.0029981006882,82.97972629493714
22,77.99600476469345,83.01945469524085
22,78.03814012766293,83.00897142443416
22,78.01640040147458,83.04399639194777
22,78.03972115396469,83.02674325061216
22,78.01157587330265,83.02866969756909
22,77.96861575823046,83.0124312177976
22,77.98380981725168,82.98238063042514
22,77.97157975473401,82.99152127245571
22,77.99061166354109,82.98833464027582
22,78.03570829356546,82.97460143838383
22,77.98583708046003,83.03368659091593
22,78.0325917275731,83.00266690100312
22,77.99235235404063,83.04575161598088
22,77.98142441793782,83.0150494756981
22,78.02253767451452,83.02614343643167
22,77.97335406784056,83.0151816281567
22,78.04560288877725,82.99802611391463
22,77.95681846921012,82.98946107854664
22,77.99568308678373,83.01928324946286
22,78.00229473740531,83.04964824752601
22,78.0137602152657,83.04157681275835
22,77.9868761216359,82.97729568865064
22,78.01988245826209,82.98957808659792
22,78.03771580884414,82.99428010458797
22,78.02925391147434,83.00102111368277
22,78.01726668499803,82.98405716344843
22,78.00297939195661,82.97418062228063
22,78.01227377142268,82.99749493825189
22,77.9969289692131,83.03417541915009
22,78.02157233334029,83.03184119687702
22,77.98766501032387,83.00449332697652
22,77.95652989844805,83.00267811476317
22,78.01351802624683,83.0221719739129
22,78.0161635702265,82.98330079314981
22,78.00642050369882,82.97618355088385
22,78.01713366220747,82.95991910501348
22,77.98647118602489,83.00086733317187
22,78.03749179514352,83.00912407873643
22,78.00333527103145,83.01740641391491
22,78.00308315660557,82.9540535899431
22,77.98430615678514,82.98401983375815
22,77.98785897173325,83.01935383827256
23,77.9765335090749,83.0174590164799
23,77.9993238704138,82.98618638237579
23,78.0239962504743,82.97591824869973
23,77.99201071290058,82.99263764770946
23,78.02362685000496,83.00639592706315
23,78.02474797562977,83.03990009334436
23,78.02099063780629,83.00830218588143
23,78.00454154452719,82.99127789523097
23,78.02218384608261,83.00746982161115
23,78.03153277511916,82.96525593784062
23,77.98964369981893,82.97901823118576
23,78.01286927673297,83.00018213529192
23,78.01929811072806,82.98348199799685
23,78.02760796995618,83.03357565822884
23,77.9876751619552,83.00413186539551
23,77.97181541511729,83.00691444115371
23,77.99328404619466,83.0317052611765
23,77.97414848950875,82.98347786910874
23,77.99943059625241,83.04233597586234
23,78.01195635361957,82.99698987763422
23,77.98504073507932,82.96429215677652
23,78.00446057953516,83.03289245332192
23,77.95211235283513,83.0066087323259
23,78.01164602594554,82.96412183074102
23,78.00592827592327,82.99681983575267
23,77.97678899468372,82.99063080686221
23,78.02857425286136,83.00511629371033
23,77.9969674460168,82.99012242167127
23,77.98783467662068,83.01083390854424
23,78.01068021029427,82.95668428385204
23,77.99617914468428,82.98755795764569
23,77.98960583940779,82.9789894420513
23,77.99908219917353,83.0434787518821
23,77.98650043288839,83.01909621662969
23,77.96050450008455,83.02112827676058
23,78.038870219425,82.99309521868022
23,78.01334815249771,82.98484478151215
23,77.98921738944539,83.02724407786046
23,78.03335605071346,82.99777827536316
23,78.0049592110689,82.95308684301588
23,78.00228049226307,82.9861738462385
23,77.96212757822975,82.98984670183974
23,78.00809975760707,82.98736965290308
23,78.02108648303728,83.01444386160033
23,78.01043421057348,82.98421119160513
23,78.00149035708604,82.99174341117215
23,77.96282994908213,83.00451084204374
23,78.04665359209493,82.99081486699222
23,77.98308922664202,83.0031576019676
23,77.9735665310694,82.97555261850513
23,77.984571815371,82.9530961348943
23,78.01306599573826,83.04355565941006
23,77.97756878649773,83.04140254991077
23,77.9680575881922,82.99344116639836
23,77.98921903678418,82.99196935860364
23,78.0489646823194,83.00916233723188
23,77.97998159670496,83.02979993219591
23,77.98661035850131,82.96649079665708
23,78.00165307745209,83.01030100582177
23,77.98826499512101,83.03866593143145
23,77.98548784756812,82.95576428836458
23,77.95381860412917,82.98291624835153
23,77.97623486742307,82.97950703170584
23,78.01257764808288,82.96285713267127
23,78.01777225440077,83.0169504793731
23,77.97692576234617,82.99662014325135
23,78.00540891273005,82.98840132133681
23,78.01754400935553,82.95495568650202
23,77.98769499376488,83.03135460406749
23,77.99487714024353,82.9529063814694
23,77.9912865282742,83.0415413894098
23,78.0020475921134,83.0197651211071
23,77.96880759048152,83.00060220773929
23,78.03026701488074,82.96359153560682
23,77.97327189473197,83.01466867319385
23,77.99086090390581,83.03328699955998
23,78.02197338194783,83.00244623611972
23,77.9684600438888,83.00180601136464
23,77.97366778093489,82.98222469256727
23,78.01341748604641,83.04084662008967
24,77.97184493574156,83.01992663805906
24,78.01535303238062,82.96305274045864
24,77.97719617796672,82.98557063409802
24,78.00279602814362,82.9709618893032
24,77.98899863664919,83.00529287308059
24,78.04371271689766,82.9804446420748
24,77.9906560012025,82.99449964786635
24,77.98194640724347,82.9657822799975
24,78.02080662241434,82.99432244236625
24,77.97048994672103,83.01836947179565
24,77.97096102512205,83.03543383612057
24,78.04106843791106,83.02807368729917
24,77.98627377541507,83.0327520250091
24,77.99767254969987,82.96045873950997
24,78.03505337477598,82.98530943719865
24,77.97234007412143,82.9972223191063
24,77.99186519230092,82.99804379717669
24,77.95587874806155,82.99231019171263
24,77.97267640621081,83.01167082726772
24,78.01826285753916,83.01376642287708
24,78.01192677065204,83.02859390741196
24,77.98963279553296,83.02104355506654
24,77.98371527160013,83.00559206025078
24,77.96137577263802,83.00433547734424
24,78.00688384190322,83.03651138637514
24,78.00462292856639,82.98775662547865
24,78.01757930100541,83.01328272244994
24,78.0338267764528,83.01850332711534
24,77.95810374176205,83.01915588096251
24,78.00234310728644,82.967031569131
24,77.96200179736356,83.01157016960168
24,78.02324385570411,82.95799483371975
24,78.00357418988494,82.97003109041941
24,77.98365200032416,82.97282742348874
24,78.01096721841058,82.97683180609027
24,78.01564242353535,83.01123744206315
24,78.02529853103266,83.00696847885975
24,77.99928673509396,82.97430643296565
24,78.02191436708306,83.02188223229676
24,77.98407929505228,82.98101549804569
24,78.01765010856656,82.9812906937623
24,78.00544288307874,82.95888359889526
24,77.98525165440759,82.98276844488875
24,78.02979055318544,83.02778984945088
24,78.01147283003466,82.99599484774312
24,77.97689977996345,83.02345267565298
24,78.02534658446075,82.99466335662657
24,78.04251586049374,83.01508806296073
24,78.01757101455915,83.04389098271449
24,78.00795340730753,83.00472510322554
24,77.96031542555876,83.02682821689092
24,77.99536882582669,83.03488332456422
24,78.00299805372632,83.00780015569684
24,78.01023794796218,83.0134220623839
24,77.97363706456579,83.03557928430467
24,77.97138440701168,82.98737922959802
24,77.96810211972058,82.99817765222633
24,77.9813652539842,82.9663048428416
24,77.97551374267847,83.01471345737825
24,77.9755087669335,83.02507816603011
24,77.99333049628191,82.9754445509956
24,77.9736762391213,83.0278702518981
24,78.0235643517042,83.03587727091383
24,78.00419338367482,83.00114362601656
24,77.9989655250398,82.97158573793284
25,77.99490046965913,82.99737327418424
25,78.04323647660436,82.97635107172061
25,77.99943850285517,83.04493754266281
25,77.9706380762041,83.02048333545316
25,78.03129684342255,82.96328502957952
25,78.00220992818953,82.98325073304409
25,77.98533653021175,83.01896515701493
25,77.96116227021908,83.00325264326199
25,77.97853794063586,83.02818769547149
25,78.04081668832089,83.01254867100049
25,77.96943883357498,83.01135000504863
25,77.9945235820105,82.95345580626959
25,78.0410841223684,83.02048292337064
25,77.99078055710194,83.0043000711356
25,77.95986300272655,82.98627303553229
25,77.98423041058304,82.97256329062023
25,78.01333610520477,82.99657238820892
25,78.01453889904845,83.0167783078132
25,77.95821328637673,83.02630096957472
25,77.96922441293378,82.99033835198715
25,78.0424793683378,82.99263297864238
25,77.983405015952,82.9996004271354
25,78.0070388730031,83.01284922709758
25,77.95853765694915,83.0020536528214
25,78.02529242706865,82.982281171046
25,77.96643900116176,83.03278007143118
25,77.97735267349488,83.00434768941888
25,77.98208889024384,83.0138285718239
25,77.98629483814501,83.01551532532582
25,77.98442994635313,83.01654686735161
25,77.96631195278613,82.9974671340857
25,78.00194973827507,83.01215506952919
25,77.95505779395647,82.98808646437374
25,78.01064870414751,82.9671605841388
25,77.98047230603812,83.00038114861783
25,78.01980443816213,83.02852129632942
25,78.01904193971072,83.0286214110443
25,77.98875112421008,82.99988889412441
25,77.97134193375814,82.99577834594201
25,77.96248705048649,83.01283379377301
25,77.95381860412917,82.98291624835153
25,77.99944183474398,82.98796599544437
25,77.98326813627887,83.04236968561496
25,78.0051770619406,83.0108433716376
25,77.97174577621223,82.96798388894828
25,77.99173209926502,82.9901362720099
25,78.03475020392094,83.00603928984444
25,77.96491731048981,83.01818119775588
25,78.04421715457931,82.98400074443278
25,78.02072479999461,83.01610788489398
25,78.0176857182552,83.03922089725697
25,78.02440094277421,83.01593968072623
25,78.00290452732621,82.97157381731901
25,78.00105802933035,82.96006104204986
25,77.98192723330057,83.01579116983675
25,77.96415807575454,82.97655913612536
25,78.03730241594303,82.98911607097119
25,78.0395895701692,83.0073694634302
25,78.00015864228243,83.03817358978641
25,78.01758199048444,83.0293893865132
25,78.00154461152651,82.96127985051345
25,78.01594955869848,83.00647293200497
25,77.99983027766108,83.03914474945411
25,77.97204184530749,83.02253006895293
25,78.00261267996788,82.9771841745807
25,77.96253723532391,83.00490614306632
25,77.95634305417269,83.02071655245823
25,77.98160380236799,83.03081705644935
25,78.00297939195661,82.97418062228063
25,78.01303052820525,83.0169566248781
25,77.98888758788728,82.97200915399713
25,77.99882510734622,83.03069809378191
25,78.02893820497398,82.96202306645718
25,78.02442523997546,83.0359640618167
25,77.99443301121337,82.98244828580702
25,78.00951880559788,83.02950040306654
25,77.97196790624403,83.0037562672648
25,77.96345388597948,82.99459038646582
25,77.95552333119186,83.00642252601801
25,77.97952893685505,83.02516629745483
25,77.99410730797103,82.99288456566877
25,78.01041192165702,83.01875213620787
25,78.00444729394862,83.03155337853899
25,77.98823995256112,82.98543083917185
25,78.01548065753747,83.01311980606083
26,78.036994776618,83.02468452043438
26,78.04222910775657,82.98729458323585
26,77.99634236918915,83.0447717756057
26,78.03936389164124,83.01399020666982
26,78.04536325365979,82.99404228551772
26,78.00340305919663,83.0052296310418
26,78.04561900722119,83.01065648387168
26,77.98524719362081,83.00511748490021
26,77.98313233823437,82.99675703766587
26,78.03302623641612,82.97847957900044
26,78.0055745742973,82.97219519919257
26,77.99209270861296,83.00859888716901
26,78.03063541139585,83.00874484097316
26,77.98264249653887,83.035334082272
26,77.96108322270224,83.01485811890102
26,78.04081713599905,83.01251681863472
26,77.96085526171714,83.01119369450396
26,77.9824312489837,83.0090923225503
26,78.04439160715916,83.00016565020096
26,78.0194146256645,83.02650922391679
26,78.0431125202121,83.00628673868447
26,77.99468863656534,82.96088879369823
26,77.98471336890928,83.01600424292155
26,77.98103431386494,82.98221065217268
26,78.03465405103583,82.98907675171786
26,77.97672916590206,82.96997911014164
26,78.03309113194099,83.00919048769249
26,78.03239843362533,82.97764325379683
26,78.04153239206761,83.0212547217402
26,78.01273666322001,82.97150662762229
26,78.01481137611752,82.99450951547402
26,77.96689250298162,83.03639619751323
26,78.02952292040123,82.96321314301224
26,78.02591096392231,83.00325487957682
26,78.02977166085638,83.0397755943949
26,77.98416386355754,82.99974948686841
26,78.03340507911192,82.97391221332282
26,77.96891236021017,83.00363981796188
26,77.97772235357859,83.00719418825233
26,78.01416717307849,82.99212535480048
26,77.98164840023495,82.98668322244481
26,78.01870880008326,83.02574864481419
26,77.9715140320314,83.01070823097656
26,78.00070556268611,83.04542428096381
26,78.0355987406854,82.9676938032537
26,77.97979203284828,83.03636017178705
26,77.98259275211714,82.98614057336617
26,78.01406502027753,82.9976660689962
26,77.97399787831857,82.99568976465036
26,77.9974521480373,82.9795377068766
26,78.01770088038029,83.02137581311611
26,78.01814522474587,82.99837105141916
26,77.96029779073758,83.00020214368796
26,78.04738393224058,83.00281692100414
26,78.01260889499585,83.04666697630142
26,78.0306810132167,83.01816245041427
26,77.98235681536539,82.99473361455371
26,78.03076727824745,83.0175804096089
26,77.97730078069097,82.95925265826536
26,77.98013916942588,82.97346353210939
26,77.98912572182691,83.03235590547142
26,78.00210056733252,82.9752674440892
26,77.97054998491153,83.01426276234938
26,78.00950293020921,83.03979929692515
26,77.95984533380708,82.99353138226975
26,78.01233691318618,82.95488709381351
26,77.98498952914117,83.01200349745828
26,77.99951591010534,83.03474984687057
26,77.98751591098657,82.9773638584785
26,78.0402434830545,83.02274678401037
26,78.0160635596077,82.98216270834911
26,77.98704100790678,83.02298120826279
26,78.00553258476224,83.02168072355373
26,77.97839989009091,83.03619863133225
26,78.04173920171604,82.9914030364265
26,78.03222044286936,82.98922119251338
27,78.042169438798,82.97370336252939
27,78.02109394370687,83.02042774258116
27,77.98525134485965,83.01202224011017
27,77.98134169813524,83.0197249839258
27,77.97503932319924,83.02258433373747
27,77.95093809924234,82.99098927652774
27,77.97413102130963,82.96844547348321
27,78.02187580026778,83.0178745006156
27,78.00996802727,82.99776678467016
27,78.0292723990371,82.99003264516101
27,78.02980497114676,82.97671684531697
27,77.97492077966551,83.02505420318614
27,77.97447319277391,83.02000008969695
27,78.03381912811128,83.00525204632646
27,78.0382322605924,82.97657519381342
27,78.03947477715327,83.00576055690051
27,77.99810940439671,82.98368983280385
27,78.04606278151789,82.98457126454035
27,77.98793313519081,82.9908827424983
27,77.97191863538059,82.99801645678214
27,77.97192051137765,83.0085511462697
27,77.9698400843935,83.03110614458865
27,77.97506133211719,82.99340316640998
27,78.00683608619204,83.03928137122102
27,77.95549750938937,82.99729246293492
27,77.97843847688465,82.9604764754335
27,78.01997782075972,83.02712308875896
27,78.00464877038779,82.97647430137697
27,77.9986913806169,82.98994918763911
27,78.00414688459544,83.02973128136287
27,78.00750211708677,82.99607545820504
27,77.95399673521396,83.01849896023168
27,78.01677052236988,82.9966508928474
27,78.02846121940031,83.02496331713381
27,77.9728875236498,83.03951166071317
27,78.01677463455478,82.96173631975999
27,78.01009215983618,82.96104887266583
27,78.04498670643106,83.00766284199504
27,77.98809388537666,82.97933182824745
27,78.01021383903503,83.02723648746543
27,77.97731723069201,83.02170895481493
27,78.00119117887215,83.04332838476614
27,78.00746340891996,83.01920866717755
27,78.02402559196466,82.98446924263783
27,78.00800163631311,83.03183009495011
27,77.97887042120644,82.97634578368569
27,77.95204759137606,82.99376651597767
27,78.0147577652809,82.95325967009296
27,78.02317813155628,82.97935140384239
27,78.01894454742313,83.0253948332289
27,78.0102198704044,82.98291939512
27,78.02638093417559,83.00973116668747
27,78.00808438378769,83.00849020854473
27,77.98728751491494,83.00430555757742
27,78.02175911567892,82.97271129246607
27,77.99718456285362,82.9723100811665
27,78.01091145161037,82.96872562432532
27,78.01892898677868,83.03785584563992
27,78.00348031460267,83.00998720303959
27,77.96841961081101,82.99278963818772
27,77.98035927044569,82.9895934573129
27,77.98676495949924,82.9799240263952
27,78.02047072648777,82.98294344878649
27,78.03129684342255,82.96328502957952
27,77.96346638147904,83.02795053979477
27,78.00515452931634,82.98034113157412
27,77.96089798138144,83.0209532373175
27,78.02566861266355,82.99532780499064
27,78.0224127923247,83.0404545896167
27,77.99906719473186,82.98413078311859
27,77.96632710689836,82.98229502971442
27,77.96336809244835,82.98064992417547
27,77.98022606972452,83.02900351504859
27,78.00867384427289,83.01136834015499
27,78.01216660539644,82.96901276876937
27,77.99649098046113,82.97567060611742
27,77.9820501562886,82.98515309895647
27,77.97302104958828,83.00003756735474
27,77.9800586501568,82.99658717294534
27,77.99764911446499,82.96838839524435
27,78.0274082341336,83.03026805099695
27,77.969966721149,83.03372608145972
27,77.9766771277676,82.96475539371572
27,78.00988461827784,82.9809715382407
27,78.03919288195468,82.97628028164083
27,77.9953686565683,82.99760626772029
27,78.01738393661978,83.02370975263982
27,77.9848899780666,83.01287235810308
27,78.00194734728085,82.99417120068802
27,78.03020880549317,82.99036478226542
27,78.03045233172958,82.99199807725661
27,77.99144603586153,83.01555574782198
27,78.03175357003636,82.97773778149923
27,77.9646271335835,83.0343282694607
27,78.04208969134413,82.99024178973758
27,78.02804637464341,82.99722584077014
27,78.03088412646807,83.02264662627888
27,77.99988696500508,83.04018620168088
27,78.01457278253832,82.98859264313909
27,77.98158593429598,83.00036798398469
27,77.97181947704028,82.98945433390207
27,78.01297700856506,82.97556297751984
27,77.99969020538225,82.99480670383771
27,78.0152459342216,82.95652053133604
27,77.97660646812353,82.97696890578885
27,77.96110668277093,83.0121376316653
27,78.04371900538456,82.99312261817141
27,78.01943486731642,82.9919042213909
27,77.9842872450787,83.01315253745122
27,77.97577030012309,83.03009414182068
28,78.01665213351623,82.9996272596655
28,78.00694120147783,82.96613524936893
28,78.04099974594789,82.99505391590242
28,78.00211156563499,83.00265809047971
28,77.96177610460425,82.98019444315449
28,77.97453627288753,82.97816192473394
28,78.02050248823583,82.97259603321108
28,78.01296584270989,83.00474882850784
28,78.00295115562129,83.00786023845738
28,78.00967004010685,82.98674145443255
28,78.01905311165443,83.02857923662216
28,77.993877740206,82.99077278630304
28,77.96123812326609,83.01915216064882
28,77.9752897886605,82.98704210152165
28,77.9762620925496,82.99317025970745
28,78.00741883794953,83.02649180953804
28,77.97498567894718,82.99674615429711
28,78.01436971707794,83.0179828145598
28,77.99797948971116,82.97344415887898
28,78.01703458081116,83.04177016741826
28,77.98956386142196,82.98560473652637
28,77.99364969533647,83.03867529253073
28,78.01877277895657,82.99876730827836
28,78.03806013028819,82.99354008946135
28,77.99218027098703,82.95760862885946
28,78.03294286463709,83.0243129863893
28,77.97235772496,83.02095530697791
28,77.97922965621976,83.00005191969153
28,77.99012441233066,82.983113549461
28,77.98293481684958,82.9557418085076
28,78.01709589293354,82.95599274076908
28,78.0400828790762,83.01022086574959
28,77.96327280755754,82.96773118213834
28,77.96916953462708,82.96984045860849
28,77.97193399946987,83.00515637803633
28,78.0009405924412,83.04306392265866
28,78.02600526617587,83.01677783561504
28,77.95772510236327,83.02191561333787
28,77.98531988700222,82.99869376732336
28,77.96460729622059,83.03366641322398
28,77.9920161218139,82.95379314856716
28,77.98966506424003,82.98344928892779
28,78.04963664752725,82.99809398682828
28,77.96020342452094,82.98003375279333
28,77.9901350585826,83.02411995921521
28,78.00066074192786,83.0371692790309
28,77.97449322242441,83.022407816852
28,77.98629483814501,83.01551532532582
28,77.96495110914047,82.974539550168
28,77.96008291124706,82.97008602109149
28,78.04047136673013,82.97953181152455
28,77.99734800810135,83.02673164056839
28,78.00633139164894,83.02300789723053
28,78.01394776524177,82.97858613804492
28,78.03380027506847,83.03488279760572
28,78.00540037657655,83.01166447691551
28,78.01095173543482,83.04063769585379
28,78.02590063927803,83.00583142348306
28,78.0004725117526,82.95975763483845
28,78.0213143990768,82.99888186916644
29,78.01216347024823,82.9979226816722
29,78.00625937359139,82.99210699817576
29,78.02850874624406,83.00078258728585
29,77.9603296080336,82.98065815059408
29,77.97011547566771,83.03841546361586
29,78.0385966912751,83.02029449446614
29,77.96256278571302,82.98806316012175
29,78.03360138938694,83.00100880494354
29,78.02295808432297,83.03915440641515
29,77.95277164382667,82.9953038481439
29,77.98666100298092,83.01481396386245
29,77.98142419354629,83.01138437488224
29,78.0150918271115,83.01415556560806
29,77.97122830540921,82.992588627796
29,77.96452849820791,83.00154443113243
29,77.97927080928774,83.02322312822393
29,77.99821611330117,82.96101818655715
29,77.9605144175029,82.9846934079796
29,77.97330445699266,82.98011119098172
29,77.99062010069069,83.04474191114876
29,78.00086698711745,82.98894213520848
29,77.9806800378363,83.02820554135171
29,78.0279568041934,83.01901777409407
29,77.99964296872069,82.99175046950421
29,78.01561638238447,83.01544064115912
29,77.97930954244909,83.03823611487748
29,78.02832772679886,82.96357750209505
29,77.99208239869498,82.9804881305764
29,78.01194166501915,83.00099100407579
29,77.98488542319242,82.98914399394249
29,78.04324089352885,83.01254035679726
29,78.00448568402008,82.9849024637594
29,78.00602543875819,82.96153935544288
29,78.01600602977683,83.0013401416449
29,77.95775160249508,83.0235655988624
29,77.98401542240046,83.00831676928782
29,78.01130208872543,82.99992565288132
29,77.9864778983811,83.01342426996762
29,78.03336841556681,82.99643965250563
29,77.9997233097244,83.04681360637791
29,78.03834681729391,82.9747624945764
29,78.00478933203867,82.97859347816349
29,78.00841490133887,83.01031538801709
29,77.9952297457553,83.00039172472208
29,77.98358969365383,83.03336398867239
29,78.01197600414652,83.02130526438869
29,77.97662168635713,83.00680147421741
29,78.00602672996668,82.98744639489506
29,77.99274477716735,83.01737846462689
29,77.9849567440631,83.00442542124605
29,78.01073507817803,83.0016285811335
29,77.9572440161796,83.01240612563656
29,78.00381045290862,82.99652367361007
29,78.00540467187454,83.0148607577859
29,77.96872713048131,83.02847081457874
29,77.99212608449747,83.039688428917
29,78.01482237610671,82.95731716043447
29,78.04122858042089,82.99029249797685
29,78.01485458766119,82.99611023860425
29,77.96781539554485,82.96583784116594
29,77.98887831495198,83.01519041269482
29,78.03793553924157,82.9736322550394
29,78.0027282291616,82.9569454793912
29,77.99928245139223,82.99825197683846
29,78.0011609442997,82.99437014567641
29,77.98052309903991,82.97400368803736
29,77.95327495362851,82.99941888966995
29,78.00282383576777,82.98820905072361
29,77.99723483667118,83.01054038828387
29,78.00667092672042,83.0284156532244
29,78.04748164534065,83.01060832685006
29,78.00717272407859,83.04503950133336
29,78.0182238430982,83.03033290400191
29,77.96234626381116,83.0213752625656
29,77.98272609755747,83.03077058225215
29,77.96078533230153,82.9841542691167
29,78.00562104893949,82.96730742955174
29,78.03421315308252,82.99902463788912
29,77.95241993327775,83.00724588878744
29,78.02977861666989,83.03288518242495
29,77.97216703527012,82.98820966433986
29,78.02448407480865,83.00209461271072
29,78.04386829862293,82.98316725311021
29,77.99057391595403,83.04756016799661
29,78.02415218453602,83.00737392789064
29,77.99835660451838,83.0032446262089
30,78.03423715649923,82.96459917097222
30,77.9838006180189,83.02683095984277
30,77.96003832809707,82.97605096998615
30,77.97623931898481,82.97202971693535
30,77.9775754286821,83.03496033050443
30,77.95621233028446,82.97618335926448
30,77.99020112650507,82.9773541585817
30,78.03741120632093,83.02066803978326
30,77.96342033568453,82.97683762326594
30,77.9874860267908,83.03814725024421
30,78.01044738208671,83.02639649743459
30,77.95493224177203,82.99649598506934
30,77.97953968564448,82.99496803383246
30,78.02452983007933,82.96615157304846
30,78.01874960171573,82.97853784509714
30,78.0288117794689,82.97025253248486
30,78.00805431939665,83.03668422459064
30,77.96387710786536,82.99743865715179
30,78.0056055851121,83.021081224797
30,78.03529374972682,83.0051963645515
30,77.98681571475072,82.98877305801255
30,77.98520693858991,82.9952257137459
30,77.96007737142307,82.98394157569597
30,77.97715120851512,83.01948689153527
30,77.9540059865412,83.01621247202004
30,77.9736451651435,83.00572783825773
30,77.96831821919345,83.03582834316796
30,78.04266450865119,82.98572788154462
30,78.0078282969128,83.00536306633084
30,78.04833928222163,83.00913816277158
30,77.97360001632748,82.96485255428522
30,78.03049807292582,82.98908047244267
30,77.98997789588323,82.96853823421839
30,77.97772235357859,83.00719418825233
30,77.96379816556104,83.02481355600156
30,78.0204113561477,83.00218367928146
30,78.03866263415506,82.9761036393212
30,78.01163080845909,82.95196081777246
30,78.01381764931902,82.9967739649532
30,77.96012022097868,83.00741726511593
30,78.00908678232375,83.00194254107478
30,78.01741039379526,83.02277225972928
30,77.9763097849143,82.95978224755622
30,77.99180081072585,83.01077118516712
30,78.03913129195651,82.98907508499192
30,77.99448489428651,83.03611489351236
30,77.96302490407655,82.96749460347172
30,77.95684564336264,83.02354549378506
30,78.01810098987016,82.96546321161016
30,77.98875442262434,82.99494155153434
30,77.99572352112504,82.98890946776977
30,78.01143647287938,83.04493833022147
30,77.98858298945945,83.01701716654183
30,77.95749894005367,82.98776066344183
30,77.99690579978694,82.98152259978274
30,78.01052180441457,82.98688121302402
30,78.01189623397431,83.00510723137596
30,77.99350985103037,82.98442223820447
30,78.01712341209128,82.96324130381217
30,77.98935445482336,83.01688952349613
30,78.02643510114073,83.0163124567534
30,78.02234201751074,83.00182100206415
30,77.99340676553219,82.96323791626637
30,78.00370792702896,83.00756132785253
30,78.0240547576882,82.98349340312791
30,78.01885436642426,83.03438068419503
30,78.00455132992619,83.00851853566523
30,78.00623025490296,83.0226878841157
30,77.98421702082749,82.96148508730666
30,77.98199076279816,82.96822636756406
30,77.95661807054738,83.00972084273714
30,78.000679445485,82.99519382359556
30,77.97736999030343,83.0413607265815
30,77.9813395725501,83.04185601223905
30,77.97562241849113,82.97032292368948
30,78.02292998521482,82.97641890955829
30,78.0215379833628,82.99473225541405
30,78.00826179243779,82.96491559757199
30,78.03335587533516,82.9679774740245
30,77.990692526932,82.98375086496884
30,78.00860708782992,83.02651858261203
30,78.01450195996091,83.00758754576671
30,78.00014295589175,83.02280414718625
30,78.01928584034088,82.9790962519978
30,77.99220709907534,82.9657373749773
30,77.98608067520622,83.01106559571406
30,77.98530693419042,83.04412235493598
30,78.0206362780393,82.96063733719397
30,78.01775350245778,83.02490702992934
30,77.95601335434425,83.0155601972664
30,77.9950630659361,82.98647820896032
30,77.96821009518763,83.03296048510788
30,77.95378631062276,83.00914686142427
30,78.03561432510465,83.00003745869462
30,78.01692923146722,82.9864970521837
30,77.96219343586948,83.01032925128244
30,77.98941800059815,83.03964171555248
30,78.02521845518038,82.99880990444501
31,78.00664467946451,83.02403507424808
31,77.97328527513658,82.95965299525967
31,77.99462730037348,83.0164601604922
31,78.04080356318022,83.02040530480032
31,77.96486247789643,82.9759736046302
31,78.0148024028557,82.98668601885319
31,78.00931382392328,83.00688753205432
31,78.01527797689174,83.03882476438012
31,77.98183606145595,83.00310723900793
31,77.98497536265089,82.99250428869156
31,77.99127660701569,83.03001635318422
31,78.00495504266928,82.95528690614125
31,78.02528209746114,82.96704017979229
31,78.03626240141789,82.98348588221971
31,78.02187551169926,82.99854390290092
31,77.96750067851886,82.97937860389824
31,78.0276737042557,83.04069939446592
31,78.01095885637754,82.96548112118967
31,78.00966040812492,83.00080060029318
31,77.96286455832443,82.98301490439911
31,77.9632456549011,82.99006763534955
31,78.00782743458109,83.03716042904686
31,77.99216681498116,82.9782642050662
31,78.01116523683945,82.99292637954406
31,78.03029076738392,83.03455470904275
31,77.95691349350818,82.99067952244853
31,78.04480679864281,83.01602791690192
31,78.00886719504506,83.02598032556723
31,77.99026904277233,82.99310372837651
31,77.9922509680203,83.02423613343971
31,78.00923537811272,83.00842379806708
31,78.04000390744471,82.97714128343918
31,77.95418552357333,82.99439891361475
31,77.99839814148872,83.04106204081059
31,77.95314337733507,82.98627606258825
31,77.98814661540302,82.98111213015702
31,78.04050681332345,83.0273506049595
31,77.97658430214656,83.01031254770949
31,77.97323689945561,82.98198313333701
31,77.9654719007003,82.9938686692752
31,78.04471663329188,83.01459366450428
31,78.00310169240183,83.04734709903734
31,77.98693824516738,82.98753502519111
31,77.98328780366623,82.98259043575482
31,77.987652160227,82.97588014255352
31,77.98639492220079,83.02972015873438
31,77.9993192699343,82.99964865744826
31,78.01274251784768,83.00401723674621
31,77.9933746609498,83.02119027448316
31,77.99278707230943,82.99673173094632
31,77.99441059126126,83.01265977799731
31,77.96503053247257,83.02679423432788
31,78.00560644458305,82.97672890780274
31,77.96349884703598,82.97797166384758
31,77.95489601284805,83.01100603702993
31,77.95103479054518,83.00982186387427
31,77.96932105999129,83.01122971535202
32,77.95633602100953,82.9862490668493
32,78.01001942949404,83.03819688884889
32,78.01798384904959,83.00387061786248
32,77.99603266427556,82.97763964192643
32,78.01092907928208,83.00215660133972
32,77.97833553711848,83.03820759754524
32,78.00154744904489,83.04972684592033
32,78.01527090546288,82.96696284697106
32,78.01632148208857,82.97863151787641
32,78.02075336224502,82.99876978740265
32,78.04286743789977,82.99310264439264
32,77.96047483947932,83.01981995529707
32,78.03455333092832,83.03114635722588
32,77.9625119511059,82.98214685602669
32,78.02172774693454,82.96991365260571
32,77.98242561183844,83.0186939480491
32,77.98030563180231,83.02438113419481
32,77.99596309242132,82.98927715338328
32,78.00429945240317,82.9742496750986
32,77.97624540743948,82.95894533380954
32,77.96359622248542,82.97334977409426
32,77.95966050423603,82.97801297416538
32,77.97939366666768,82.98132406102621
32,78.0068995434122,82.95342452681741
32,78.0024028219882,82.9503479272309
32,78.0366672270899,83.02584536084034
32,77.9907894264235,82.99970605199694
32,78.00409238041493,83.01292950078474
32,77.99436212361874,82.97140925660823
32,77.95705796398693,83.01214557373638
32,77.9873765062134,83.01078557454574
32,78.01178423437358,83.0019964725598
32,77.96442039186981,82.98689715611698
32,78.03794709805314,83.00595690238471
32,77.97015315630145,82.96312792350007
32,78.04575179034916,83.01177610697543
32,77.99008507485883,83.02699365642084
32,78.03007025287951,83.003287724502
32,77.9650196486466,83.03172763892579
32,77.9563110481357,82.99522860863719
32,77.99377369343654,82.96740165398269
32,77.98105861487092,82.99246891525424
33,77.98346746866575,83.0003085919423
33,77.97892831834886,83.00189679998071
33,77.9938530948722,82.98429807411324
33,77.95879717671829,83.00465201969595
33,78.0080263460694,82.96711800396258
33,77.97843983519752,82.99229119860709
33,77.98880115827889,83.03932237005165
33,78.00503502648903,83.0197671281488
33,78.02058281111849,82.9849446483671
33,77.96623281060755,82.97646439006165
33,77.99860549548679,82.9895042676611
33,78.03770774555319,83.03043363301795
33,77.97343620054205,82.98271339815497
33,77.98094420417269,82.95713989185526
33,77.98632038830662,83.03461133790624
33,78.02317926579444,83.0170468242501
33,78.0041043164137,83.04233528317704
33,77.97707537511293,82.9974894199274
33,77.9957921468942,82.9706992614372
33,77.97361217993537,82.99910716648134
33,78.01807351089184,83.02946321401984
33,77.9772277463154,82.97249098665564
33,77.99671859443204,82.98205409026066
33,77.99448169387475,82.99400346615568
33,77.96645460494138,82.992807045579
33,78.03249040075293,82.97593882823398
33,77.99065335543673,83.00979237489503
33,78.03485308517293,83.01192593300924
33,78.04634518166486,82.99275588994693
33,78.01177694236365,83.0276388315663
33,78.01586248368191,82.99427282041515
33,77.98886137886711,82.95436703818923
33,78.02146549523016,82.99399967424264
33,78.04292201394667,83.00316434266914
33,77.97216170202034,83.02634859745575
33,78.00446738835966,82.9660169457703
33,77.96191669238009,83.00853374999917
33,78.00429768880244,83.02415726576574
33,77.96519988487483,82.97702016979467
33,78.03381321821874,82.96860985992541
33,77.97702598556542,83.02969601399612
33,78.02034625413417,82.9645023083609
33,78.01563158720226,83.04408680223112
33,77.96711694761058,82.97542509233512
33,77.98369308645523,83.04687576798091
33,77.98800090429333,83.03617087512652
33,78.02655384427656,82.96183204621329
33,78.01312616123091,82.96494406122022
33,78.02210524404074,83.03760063019745
33,78.03513007882647,83.03031874893142
33,78.03144486431817,83.03171491482463
33,77.95995849116193,83.00274710989581
33,78.0146640380913,82.98306897573951
33,77.98747123103831,83.00468396899437
33,77.98805935584016,83.03163705543746
33,78.00047736268688,82.99537916621719
33,78.00879934766681,82.99551114639523
33,78.03811510763947,82.99507536789395
33,77.97561871921226,82.97236914583814
33,78.01056027434528,83.01834914186864
33,77.98202710875108,82.9995044526302
33,77.99252107567854,83.01404907035759
33,78.00562697406109,82.98448440767362
33,78.00352862992447,82.96583098343004
33,77.96574256000973,82.99281671278703
33,77.95701268686695,82.98114794642125
33,78.0436273523561,83.0119535607669
33,77.9991713983401,83.0492502236096
33,78.0062197738175,82.96528181079712
33,78.03246820400793,82.98114410692271
33,77.9756823997984,83.00045946182613
33,78.00873995543505,82.9905191362995
33,78.00198319549817,82.97603049541318
33,77.96848352339096,82.98597947648635
33,78.02394693030568,82.99687378178706
33,78.02093198894808,82.98044997141125
33,78.0340568103885,83.0264101334288
33,78.01974389544851,82.96491167615845
33,77.97031124013314,83.02817851774903
33,78.00666834367695,82.97707704598602
33,78.01033412486454,83.00576325934945
33,77.99917471899285,82.95280688018494
33,77.95553394354741,82.99363080447908
33,77.9775755096763,82.9910803206076
33,77.95102273661492,83.00626712216602
33,77.96846288026565,83.0235042498063
33,78.016169034223,82.98947973986134
33,78.02558975487567,83.04047904112483
33,78.00144855412586,83.00379980147177
33,78.02024194701372,82.9946468157574
33,78.00149505656809,82.9569481638467
33,78.02465421226972,83.01168418474181
33,78.01331532524623,82.97706246136
33,78.01037134402546,82.9947853842859
33,78.02058619311725,83.00967893019701
33,78.02058057231665,83.01520566429907
33,77.99970358406078,82.99867124603344
33,77.99649631918102,82.97063829176369
33,78.0245454512821,82.99066253155121
33,77.97652644097275,82.98747598678172
33,77.96832645675977,82.96566273419705
33,77.98739703839242,83.03374631715425
33,77.97415877190585,82.96286806689201
33,78.00920210786482,82.99014233148377
33,78.00372506348984,82.97133563993634
33,77.98929994195615,82.9983034346617
33,78.01713824410686,83.00892597312799
33,78.02980497114676,82.97671684531697
33,78.02462122153094,82.99927507817162
33,78.00240131501855,83.0005601274029
33,77.99569727509153,83.03835862161603
33,78.03951916546622,82.98837895297561
33,77.96855442575836,82.98360909991278
33,78.02796145607358,82.98617781251025
34,77.96354241358134,82.9742657975986
34,78.02743779754552,82.97278033965561
34,78.01674961219726,83.01009096272969
34,77.99729418548503,82.99966217355436
34,77.95873529817041,83.00877047460311
34,78.02310186442483,82.99245564024824
34,77.98039535906311,82.95734305208936
34,78.03615527091601,82.99659353710425
34,77.99506974711014,82.99666094007637
34,78.03849157938858,82.97520967431059
34,78.01566730048195,82.95965575456036
34,77.9850749958801,83.01105154319062
34,77.97616449593805,83.02447488683006
34,78.03927041024869,83.00517933144106
34,78.0265541015053,83.00650588547545
34,78.0009918415261,82.95486330698434
34,78.02353826467667,82.97121213958755
34,77.96843730373747,83.02298112550649
34,77.95666489369273,82.98421547844748
34,78.02275371411781,82.98077755012145
34,77.98950628447652,83.01190625565587
34,77.98841679726145,82.96103268500606
34,77.98363306949265,83.04450505223535
34,78.0148504855885,82.96538606729925
34,78.03553232413367,82.98245657001473
34,77.99747847638304,82.97188512194589
34,78.03974732721552,83.02484642530877
34,78.01455929017777,82.99888350927448
34,78.0001920822207,83.03048802672859
34,77.99508955346597,83.00501722153966
34,78.01298853646033,83.02730189364023
34,78.03603296896983,83.02230178155727
34,77.96317065668713,83.00686029865608
34,77.99825690132201,83.01129977062429
34,77.97256064851875,82.99149982620293
34,77.98557524972242,83.04363671304174
34,77.98603751372187,83.01108535872415
34,78.02655384427656,82.96183204621329
34,78.02029923499636,82.98412754598823
34,78.03706509222246,82.98928655701192
34,78.03078036640136,83.02099736402454
34,77.99904245710722,82.98481611015767
34,77.9997716810526,83.04968960722448
34,77.97286968280523,82.98578185997289
34,78.00390322806689,83.03431447262852
34,77.97805863317555,82.97563063783564
34,77.99765563758166,83.04844913943697
34,78.02362781404943,82.99302738937027
34,77.95179790509862,82.99979153646026
34,77.95935718986061,82.99635679363767
34,78.02105616603136,82.99671574286752
34,78.01216574217999,83.03974354413349
34,77.98211188600467,82.98107676121334
34,77.96710684464281,83.01985663128528
34,77.9850913449563,83.00035516099267
34,77.96796001509132,82.98667344885882
34,78.01342997089482,83.03189947932466
34,78.00762604838249,82.9788815782342
34,77.97722385177272,82.99610344760377
34,77.98779298825582,83.00616029688909
34,78.01683284478068,83.0264513699082
34,78.01050583242164,82.9787992760191
34,77.97083259266371,83.00073736186224
34,78.02949556888186,83.00359401788118
34,77.96362374292016,83.02923557719483
34,78.01146697617465,83.0048012315251
34,77.98937796631536,82.97881613799153
34,77.97418049766003,83.02703847604202
34,78.01276544836101,82.99311689207074
34,78.04888407538859,82.9958636209176
34,78.00130754678773,83.01205669882981
34,78.01751723072971,82.96741177602686
34,78.02312878672342,82.98114917475137
34,78.04489182537323,82.97828081897721
34,78.02589676212479,83.00055868128993
34,77.98240514338266,82.97832612786856
34,78.00672504642613,82.9742560466568
34,78.01363225577094,82.96503677274458
34,78.02569570320738,83.03544223189662
34,78.04443838616565,83.0106836602276
34,77.99552995786964,82.99644253885397
34,77.97555901674276,82.98202761927729
34,78.00737690747778,82.96725887629175
34,78.0104373060985,83.0435569574746
34,78.01535303238062,82.96305274045864
34,77.98624598217498,83.04547888093163
34,77.99290418708803,82.97442377422117
35,77.99249931745494,82.969042661262
35,78.03630555714396,82.99554149521863
35,77.97912196392558,83.00027117536523
35,77.97934416531739,83.01654349204281
35,77.98388325290813,83.02921832945218
35,77.96790531230101,83.02060064760965
35,77.96970271713249,83.00823339949781
35,77.99730968343101,82.95325400757112
35,77.99704971566712,82.97618167370437
35,78.01877387052998,83.03485452519134
35,77.97583482208121,82.98111253663225
35,77.97583922473181,83.03901901472909
35,78.013259334528,83.01710097372319
35,77.96855671606765,82.98932304049926
35,77.97449523677243,82.96741678863381
35,77.99731608293017,83.00474582113277
35,77.9763042255053,82.96239685061731
35,78.03655246135743,83.0289286021588
35,78.0092921857573,83.02668213174617
35,77.98573876258621,82.97854123899194
35,78.01453144687925,82.97316130917781
35,77.99785495839812,83.02359062573171
35,77.96553749386385,83.00277878561441
35,77.99104012482617,83.0158024725521
35,78.00166842372425,83.04787936747577
35,77.97531829078915,83.01574495178319
35,77.99526274245382,82.967483487164
35,77.98793303949621,82.97157797814442
35,77.97531811481626,82.96387233067948
35,78.0035792069299,82.99954680858856
35,78.01462776910586,82.96045556121197
35,78.04298737640369,82.9996201560597
35,77.9910501804037,83.00870722934188
35,78.00745010785218,83.03852631904306
35,77.98042436328925,83.02561544172859
35,77.95596597363385,82.98206605326388
35,77.96931393569085,83.03450741796449
35,77.9953346851291,83.04340546650286
35,77.98041551192,82.97269323632537
35,78.03992648028505,82.97386120145676
35,78.00754878985352,82.96844080766208
35,78.00613970895202,83.0099490127145
35,77.98504109132475,82.99567419113644
35,77.98013031861385,82.95540454845165
35,77.97707537511293,82.9974894199274
35,77.98286301232146,83.00844463526086
35,78.03713803959583,82.9718001237619
35,78.00273174242139,83.03943773066102
35,77.99303480684259,82.9524336622952
35,77.96899677177508,83.00134286638334
35,78.02993526053696,82.97849289087792
35,78.02864275314356,83.02958001794144
35,78.0227139248219,82.99287412458786
35,77.96459591882636,82.9816560113838
35,78.01056509487753,82.98820635096317
35,78.00241436779423,82.99067956756232
35,77.98152439089148,82.96991437605185
35,78.01330204068489,82.9944701918877
35,78.0118594647986,82.97950405006746
35,77.98756037747437,82.95599914329503
35,78.00578925458757,83.00614562726179
35,78.0424448506964,83.00678346133515
35,77.99586615304365,82.95494040218765
35,77.99553800164608,83.0169464288411
35,78.00631429278445,82.99829313989277
35,77.98954029389164,83.01142938234132
35,77.98727288455136,83.011316852343
35,78.01932941998167,83.00910807196972
35,78.00042972292479,83.01464662552385
35,78.04144766634337,82.99750419175966
36,78.00478933203867,82.97859347816349
36,77.99285375229155,82.99228433831583
36,78.04712380333575,82.99293182079235
36,77.99065441652264,83.0212859418778
36,78.02384910184455,83.00740712863949
36,78.02170888518455,83.0139119701231
36,77.97333057735595,82.99749842408683
36,77.97697368787405,82.99796520512143
36,78.02737614432391,82.98163566568711
36,77.997493798361,82.96358514510173
36,78.01226513716922,83.02902835889219
36,77.97893808836248,83.0087657438694
36,77.99578127303523,82.96766063315975
36,77.98809848424712,82.95281536607166
36,78.02227590664863,82.9812264537646
36,77.96716496909167,83.00216940411696
36,78.0380457162414,82.99726425244924
36,78.00301802693161,83.01881947259234
36,77.98495067445785,83.01782849870366
36,77.95772800788349,83.01265978384383
36,77.99789877818868,82.95847132263097
36,78.0323904780187,82.96604721999853
36,77.98370153298994,82.96030337162082
36,77.9796673917961,82.99292227832281
36,77.97840583411224,82.99729727202251
36,77.99625059768307,83.00510553167408
36,78.00376080128477,82.99981168858864
36,77.97657305783915,83.00691706624454
36,77.98508522742878,83.03693962535249
36,77.99502323412221,83.04771975972
36,77.9804468634093,82.97302556305824
36,77.9993808144619,83.02762176248991
36,77.99718077637706,83.03467904417568
36,78.02444535392786,83.02661092281579
36,77.98557156337536,83.0391658356148
36,78.03541186500068,83.0309559453947
36,78.00241585830612,83.0077838253609
36,77.98909921263895,82.96370141007891
36,77.96018017663617,83.02642248943303
36,78.00364252659779,83.0161492094085
36,78.00422883178835,83.01633528061475
36,78.03447485009494,83.00484012103487
36,77.97277254257764,83.02159266025423
36,78.04039195718045,82.98392918666656
36,77.99251240209013,83.02741902684319
36,78.02195722167342,83.02856320924907
36,78.01271818712439,83.01263814411129
36,77.99464276386351,82.96170426626145
36,78.00078466078779,82.99046111313123
36,77.99410730797103,82.99288456566877
36,77.97819733294578,82.99319836304687
36,77.99356529801761,82.98620840494502
36,77.99561905575213,83.0215780977768
36,77.97257730663424,82.97706099852324
36,77.98447340613333,82.98880460656821
36,77.98890747467425,83.04324567352243
36,78.00481197354138,82.95883389842007
36,77.99353273344082,83.02331016218152
36,78.01338715777145,83.04598417106752
36,77.95301813125612,82.98565850557098
36,78.04468537987476,83.01372854393537
36,77.97454800410739,82.9849718204948
36,78.0185729173138,83.00157713845896
36,78.0408724614878,83.01023840494727
36,78.02065177265722,83.01564873045773
36,78.02956602895567,83.0373008881135
36,78.00146739367273,82.96597262169925
36,77.98808651104541,83.02038012270077
36,77.99395749653418,82.96609408702193
36,78.03639587814625,82.98079776978722
36,78.02685404168878,82.97222350784251
36,77.98583487646546,83.03572779934017
36,78.00324375948571,82.99251934092281
36,78.01169523297331,82.99926957125025
36,77.99992205678667,82.9602667257085
36,78.02374013836332,82.96636745229759
36,78.03602472289059,82.98156630416699
36,77.96110107617767,83.01497307892907
36,78.01226513716922,83.02902835889219
36,78.00127718829846,83.01370652135762
36,77.9868410522433,82.98076957810065
36,77.99820849121004,82.99380169243616
36,78.00163672062952,82.95872331883254
36,78.01237351256908,83.02892162788726
36,77.96671340349232,83.00384032732751
36,78.02099164848153,82.96559866503786
36,77.96939330242438,83.01766868961009
36,77.99998451209522,83.01562670479215
36,77.98770674335472,83.0236718684163
36,78.01452416567005,82.98682512636212
36,77.95966551390065,83.0208409018178
37,78.02985934163698,82.95990474220886
37,78.02186639014334,82.95770729710775
37,77.98734792122244,83.0351879787922
37,78.02987965648123,82.98904978008895
37,77.96902448277687,82.97249451459183
37,78.0326324737659,83.03783311943133
37,77.96204218779582,83.01241936474631
37,78.02189069469549,82.99978521427889
37,78.04442868560335,82.98678015356505
37,77.95556956607457,82.99464446909688
37,77.98384963405839,82.99012815079124
37,78.01187569160938,82.97315824837358
37,78.04314781123408,82.99978596809865
37,78.00946493511627,82.9850575803929
37,77.98591940770748,83.03837087041606
37,77.9740768510751,83.03403648694257
37,77.9807356054751,83.01473949079983
37,78.0061690899295,82.97938188229116
37,78.02984796112433,82.96624513246692
37,78.000679445485,82.99519382359556
37,78.01810770112318,82.99837264808218
37,78.02026972815155,83.04080352486997
37,77.97445068290637,82.96191451648362
37,77.99049210230788,83.00793878633293
37,77.99924028376826,83.02217709955016
37,77.99434198121764,82.98514237188698
37,77.98341555053547,82.99543358799824
37,78.00376927158568,83.0431286464828
37,78.00884670967402,82.96472505079421
37,77.98810767788139,83.00628543700965
37,78.02064296950994,82.98933520442235
37,78.000679445485,82.99519382359556
37,78.01087093389613,82.96117081029996
37,77.96326952514896,82.9882310404056
37,78.0471050163796,83.00968361665211
37,78.03285988901547,83.0215031586048
37,78.02903210805532,82.96112338646546
37,78.00484280265606,82.9693379780071
37,78.0291241212811,83.01857439020803
37,78.0075859537663,83.04294025380167
37,78.00471701487425,83.04709402334474
37,77.9756705397216,82.99843167257222
37,78.00391853986028,83.0301358261468
37,77.97356955968777,82.98417434305694
37,78.02349190907088,82.96046932686173
37,78.01477870481837,83.00856352070109
37,78.02176297590289,83.03421132617905
37,77.98107605605374,82.9594982962542
37,78.03727493054947,83.01744488891083
37,78.00793991207152,83.00610019266065
37,78.04745373585178,83.0028498272699
37,77.98815711801964,83.02908464891668
37,77.95291687246547,82.99947725120407
37,77.99309047991002,83.01193867511923
37,78.03585004221577,83.00940642098635
37,78.04773945003728,83.00839238430662
37,78.00596309240892,82.95718485698839
37,77.98939124387122,83.00858014765937
37,78.00545960282501,83.03220067063823
37,78.01334187590454,83.01721949997592
37,78.03119987178246,82.96358629075571
37,77.95862684220802,82.98460992026466
37,77.99828252947793,83.01515605917132
37,77.97609592029458,82.9999423762378
37,77.9935314082834,83.00546707197702
37,77.96478958796129,82.97110986757367
37,78.02456199829122,83.0038219570476
37,77.9849978351801,82.95663327259076
37,78.00619973849686,82.98174950695964
37,77.95967809822803,82.97073523395203
37,78.03860174878065,83.00781920389828
37,77.99854078870632,82.99344477838143
37,78.01499476097709,82.99189318884915
37,78.02664352944247,82.96082692810421
37,78.01808467722527,82.99359136218186
37,78.03271743373715,83.02443647304764
38,77.96818262218596,82.96666776576916
38,77.98211550805893,83.03434201765897
38,77.96869313382876,82.9658004398081
38,77.97767603674662,82.99459728089883
38,78.02054389841054,82.98093123205545
38,77.99908495180836,83.00080902037215
38,77.99692727143567,82.95221585740073
38,77.97370625060341,83.01230319713451
38,77.99150314718696,82.98288711106343
38,77.978870442158,83.00897748730894
38,78.03318074146769,83.01053776141242
38,77.97833172358659,82.96576688228241
38,78.01012868721219,83.03735289035346
38,78.00056050396705,83.00363169928977
38,77.99796152902054,82.9671242074779
38,77.99860763604434,83.0089060224193
38,77.98911097029071,83.02435395714582
38,77.98747493252922,83.02918137534482
38,78.02128619950474,83.02881143454918
38,78.0202692770553,83.03278470096835
38,78.03816566757307,82.98991756658981
38,77.98613278311626,82.99434296951621
38,78.02191483880816,82.97329204876876
38,78.03849373897943,82.99301547137031
38,78.02295348459108,83.00967780830007
38,77.96171870653247,82.98985284175588
38,78.02365868748029,83.00557009650271
38,77.98289208988047,83.02733520449578
38,78.0249436777304,83.03218366268494
38,77.98573385118388,83.01540333465462
38,78.01821463655904,83.00679761345602
38,78.00350993580435,82.9944675850053
38,77.98839720105107,82.96747030697838
38,77.97990679563515,83.01909897777237
38,77.97944910679998,83.018724237233
38,78.03135906526744,83.02462424488958
38,78.03674296206982,83.00187035648793
38,78.03204386957327,83.02771577615408
38,77.99402170771731,83.00141649918304
38,78.03639118023412,83.0270278243141
38,77.95901306698691,83.00889129660362
38,78.0016447041278,83.04367974143872
38,78.02074516145964,83.01453970344105
38,78.01021412946807,83.01667142591486
38,78.00642737726032,83.03374799616412
38,77.9965361965793,82.9534595876739
38,77.99166572902557,83.00531770575995
38,78.02189069469549,82.99978521427889
38,77.9964347216491,82.95162792403082
38,78.0166101729414,82.96450989644734
38,78.0024285406616,82.96613034697859
38,78.00824597423048,83.03224853818364
38,77.9936937872937,82.98988581139027
38,78.01106347288398,82.99389070155675
38,77.99969831750332,82.98376591912157
38,78.01653563606975,83.00981041563487
38,77.97002224896819,83.02746525788253
38,78.02781790516822,82.99442885103078
38,78.01291807224108,83.00129277603011
38,77.97140394214149,83.0401237079276
38,78.01982778603357,82.97950650029142
38,77.97829058067323,82.98745869280577
38,78.00857018678403,82.97899019133165
38,77.98966498461685,83.02043935351878
38,78.02186443030702,82.9978830993779
38,78.03336678222735,82.99210962880412
38,77.96961018170964,83.03453867637
38,77.99502537296132,83.00942130896459
38,77.98854325522221,83.03560528818743
38,78.03708706565631,83.02735069974055
38,78.03191662237153,83.0160080676585
38,77.99741515768534,82.97566853325904
38,78.01387004242808,83.03317418038559
38,77.99691883680306,83.00690712720974
38,78.03904322538713,82.98482508706502
38,78.00810798531735,82.99141454800731
38,78.00730529420565,82.99364808345898
38,77.99738509563612,82.9818417189497
38,77.9733664606853,83.0098794769575
38,78.01258436242809,83.00107494103591
38,77.9613735841785,82.99184118271296
38,78.02131560236619,82.97325589493386
38,77.99961602491311,83.0140688037888
38,78.0192177761875,83.03368611700942
38,78.01589142371674,83.00303979289565
38,77.99286751871934,83.01372247385662
38,78.02441560371697,83.0080138025414
38,78.01983970262826,83.02080222599449
38,78.00908944888516,82.98045466591616
38,77.98429540275409,83.01682166890754
38,77.97404624087052,82.97229977202846
38,78.0103699419644,83.01296401737538
38,78.02166361916063,83.00586371775047
38,78.02604927098633,83.01014368602888
38,78.01293077859317,82.9918999255571
38,78.00765038782184,82.98431643599481
38,77.9677853719213,83.02183421970868
38,77.97143192610514,83.03963673354654
38,77.97701073778772,83.02933368957177
38,78.01533066755928,82.98447137682636
38,78.04450899886966,82.97830415494671
38,77.96395583451715,82.96912198843313
38,77.97171627203944,83.02437617532732
38,78.03200088044143,82.97382331428918
38,77.98886979442736,82.99722898812107
38,77.9639503426142,82.99707478665943
38,78.04279954296075,83.0112527966023
38,77.96733154144769,82.96700723159954
38,77.9649790504165,83.00542093506202
38,77.97748781302782,82.98528786035756
38,78.03451182348404,82.99071210764056
38,77.95811721313339,82.9758025267799
38,78.03508683455992,82.97552004222914
39,77.98629483814501,83.01551532532582
39,77.99191619531284,82.98706545235463
39,78.00462836684295,82.99137316223774
39,78.00687812708426,82.96303793883695
39,77.9830899041893,82.96865285703475
39,78.03317617315437,83.03476862355473
39,77.97387708346142,82.97664497716667
39,78.01694904203501,82.98725824548337
39,77.98809638478525,83.00845781384021
39,77.99645082246802,82.982556965543
39,77.99612723504401,82.99261687332886
39,77.99986379560096,82.95748102432852
39,78.0229074274933,83.00767908267831
39,78.03022707445454,83.02338721070576
39,78.01526203619541,82.97458361171316
39,77.96256007017149,83.01375102947098
39,78.00931886814715,82.9738716044286
39,78.0415591088753,82.9809379086127
39,77.97973309536422,83.04383840790156
39,77.99827739419113,82.98489003662077
39,77.96151017763938,83.00533996299697
39,78.03616753281814,82.97228438585643
39,77.99700948005854,82.9736940229635
39,77.98868983760525,83.00095975664426
39,78.01361869266664,83.03201708894656
39,78.02647950649269,83.03531316576372
39,77.99765845382804,83.03094735724112
39,77.98144313843396,83.00338080657748
39,78.0382322605924,82.97657519381342
39,77.98896117425714,82.95516243516346
39,77.99814399048401,83.00192185522259
39,77.97196442112624,83.02971227336494
39,78.0243636956091,83.02026301877667
39,78.01960992415317,83.04401452772828
40,78.03911809135002,83.02605051605681
40,78.02621673434288,82.96072055995204
40,77.99017537737252,82.98381292418097
40,78.0279568041934,83.01901777409407
40,78.00915945213687,82.98519840929546
40,78.00224637454149,82.96617737106699
40,78.0271003428962,83.0250899593436
40,78.03667309995431,83.02943745608658
40,77.99911102806064,82.99584606005972
40,77.98067725670626,83.03598558437474
40,78.00810377409285,83.01663219776303
40,78.02217580796396,82.99199019685555
40,77.97642901040673,82.99642346764104
40,77.99604618026505,83.02339673098315
40,78.00709536294275,83.02118713782757
40,77.99089261225922,82.95192584188631
40,78.0253947671368,83.00430923478972
40,78.03377379076325,83.01018031098982
40,77.96604305278511,83.03018044643045
40,77.96655155327724,82.99767761382603
40,77.9780654874494,83.040944629569
40,77.9811852640723,83.0178010972841
40,78.0146829072832,83.02797063597593
40,77.98986292313586,82.99865639945612
40,77.98057862573282,83.03611288230915
40,78.03337993877746,82.97273827815899
40,78.03329573198855,83.02126668390808
40,78.01646703475579,82.95393340842811
40,77.98414913786787,82.99150169234746
40,78.02893234436499,82.96199840688597
40,78.00925277014261,83.03411267115827
40,77.96699641813065,83.03278601031386
40,77.96001860521196,83.02582654882741
40,78.02548743430862,83.01074938085637
40,78.01226018091933,82.97570548677203
40,78.02257818297339,82.96378411652272
40,77.96158555974408,82.99652634061651
40,77.98307670518257,83.00208600821846
40,77.9660916791822,82.98158590768385
40,77.96141798800174,82.98887212919983
40,78.03275989921815,83.03063900948943
40,77.98886979442736,82.99722898812107
40,77.9779958006115,82.96986286969783
40,77.96721411667421,82.96350448145785
40,77.96276556354229,82.97945743921153
41,78.04130579026044,83.01071267673387
41,77.9645274415189,83.03319172602237
41,77.98808651104541,83.02038012270077
41,78.0242668580786,83.00640134805077
41,77.97030636474547,83.03944625279613
41,77.98602169749063,83.04373102034526
41,78.0092277229674,83.02102323993277
41,78.02968752204563,83.0150684682728
41,77.99652535852216,82.95938700046999
41,77.99604750234555,83.00140922120883
41,77.98112532915134,82.95991422549645
41,78.00839923019797,82.99213610763164
41,78.01101479741672,83.0315425985043
41,77.96072221768603,83.01262677208015
41,78.00487047493952,82.97668389682507
41,77.99078505497313,83.04674558104342
41,77.96344227181503,83.01368977035365
41,77.98091225579682,83.0020209045692
41,78.00762604838249,82.9788815782342
41,78.03152290102241,83.01010035220426
41,77.99155816075968,83.04826177927652
41,77.99863337248,83.01091151033978
41,78.01455128887775,83.00385573261694
41,78.0108401646163,82.97585777780644
41,78.01537926832616,83.00114636949951
41,77.97285074132056,83.0113958322525
41,77.97650892584225,83.04186013216838
41,77.99825197328289,82.99984052995451
41,78.02025816613049,82.97757756786368
41,77.98560834843434,83.04206660301872
41,78.01434539691468,83.01248879633967
41,77.98464048819335,82.98420593878342
41,77.99999293830462,82.95176854474003
41,78.00874863582789,82.9581858174978
41,77.99189230169952,82.99333125424708
41,78.04703657056076,83.0023018351889
42,77.99698386136181,82.96919740819467
42,77.99991482657926,82.98318669343901
42,78.03295012664896,82.97316501545183
42,78.01001256534973,82.978688952178
42,78.02148613143525,83.01218257584745
42,77.97709293480895,82.99452339079984
42,77.96485076781734,83.00117664563739
42,77.98514489850446,82.9988752711797
42,78.02829314329308,82.96908684616004
42,78.00011936523592,82.95868140673583
42,78.0308869288837,83.00167768155909
42,77.97114585059823,83.03951044188058
42,78.03904733301745,83.00086924422098
42,78.01616953171015,83.02130231427094
42,78.01447826631086,82.9614385550081
42,77.98340555548407,82.9817329035239
42,77.9888529173883,82.99609746340687
42,77.99341746757852,83.01279474192607
42,78.03954935532559,83.01113070577446
42,77.98282102611839,82.98956243236293
42,78.01404721925816,82.98218651081692
42,77.99635404410093,83.02410265459353
42,78.01351546466924,83.01345634352299
42,77.99167544716032,82.96847022251981
42,78.03204386957327,83.02771577615408
42,77.98633889350049,83.00210808694099
42,78.02476742056574,82.97114901676888
42,77.99014407846416,82.95782627631641
42,78.00021710357152,83.01414005316663
42,78.01525501601152,82.96800898365424
42,77.96811366824495,82.99045123685661
42,77.95648074971308,82.98083284365904
42,77.99526627885407,83.00681682023081
42,78.02121366488885,82.97065589059673
42,78.03583617575822,83.00817166712693
42,77.97148537395069,83.01215853105153
42,78.013737793583,83.02225031477568
42,77.9714699789538,83.030007029641
42,77.99159788598955,82.96002316027906
42,78.01170500834883,82.98978910883328
42,77.96880611079305,83.01568378718413
42,77.99139000649451,82.97360169889441
42,78.00856075510468,83.00984208356928
42,77.99466511127285,83.0072679028443
42,78.01679541084245,82.99044817605945
42,77.9779958006115,82.96986286969783
42,77.99717103374445,82.9966448900486
42,78.00929415389957,83.04643603394936
42,77.99511409060479,83.04386460973393
42,78.01251884913715,83.04580737230268
42,78.00775396852539,82.97545926748272
42,78.00231681032129,82.95358903420255
42,78.00843098155732,82.98738821802667
42,78.01528795304978,83.03992785919607
42,77.98490567511338,82.9941880849322
43,77.97026752631356,82.98958211205276
43,78.00510982591008,83.0034689068043
43,78.01259695451114,83.02005893337109
43,78.0184551394652,82.98780991597252
43,78.01318759490871,82.98930181690815
43,78.03883977058901,82.97553687277768
43,77.98195223446213,83.01331775589307
43,78.02303872530435,82.96889487776538
43,78.02333194515636,82.98696519905646
43,77.98457408430917,83.01985311170878
43,78.04909739894693,83.00427230668991
43,77.96942183349636,82.98766948235556
43,77.9843712741095,82.99786961691099
43,77.97735894476727,82.98841320826455
43,77.9739435456188,83.03379710531964
43,77.99782893439733,82.99346407021162
43,78.01442359028694,82.9653304748633
43,77.98374851294845,82.9799479932973
43,77.97564777998832,83.00467506192147
43,77.98055920241559,83.00776588839149
43,78.04685822709085,82.99333853546796
43,77.98568812215055,82.98560445099454
43,77.98586671730442,82.99416234526683
43,78.02983904914103,83.03203247858788
43,77.95577450431527,83.0083603514072
43,78.04314102085044,82.9970196583047
43,77.97796734144617,82.96193130084124
43,77.98097986228031,82.9850879137207
43,78.03005642865774,82.98277229961721
43,77.97737687528725,82.95852866528115
43,77.99089261225922,82.95192584188631
43,78.02727777224878,82.99514668185678
43,77.96279834552787,83.02978514120892
43,77.96431619344675,83.03437141116886
43,78.00364595105349,83.00221323303117
43,78.01821463655904,83.00679761345602
43,78.04938339505496,82.9968839039435
43,78.03603902252655,82.9655941032325
43,77.99310358764595,82.9886994072609
43,78.02491393679131,82.98347890412344
43,78.01092734495168,82.97993086318102
43,78.00366110212143,83.02558584460414
43,78.01193424696014,82.99896349624764
43,77.99923610410566,82.98278887834816
43,77.98518604558114,83.03832899094967
43,78.00290759020704,83.0282227457785
43,77.9834077091234,83.01794475588648
43,78.04246114239791,82.98862620310994
43,77.96116024529616,82.97229789004426
43,77.96666575846959,82.96864772766176
43,78.02221667933236,83.01142355396972
43,77.95908546054174,83.0188420000561
43,78.0027282291616,82.9569454793912
43,77.98256589117824,83.00852951487434
43,78.0141660498142,82.98378562666552
43,78.01567696385463,83.04052809453087
43,78.03004753049899,83.03583700255415
43,78.01105555242923,83.02143556143551
43,77.96424938139688,82.97769699131379
43,78.04291269955218,83.01371351270673
43,78.03284632073178,83.03669208771258
43,78.01162659888965,83.01057112706013
43,78.0205688446631,82.98323386680683
43,77.96685553035866,82.99543747636177
43,77.98937796631536,82.97881613799153
43,77.98292805806946,83.00378255012707
43,77.9965735319534,82.99743266756352
43,77.98027684283353,83.01281898742464
43,77.99515672039554,83.01010729367796
43,78.0208592325361,82.97668336630943
44,77.99314193889036,83.00316170266801
44,77.98975453212336,82.97396351646864
44,77.9564185571056,83.00608392412764
44,78.00476227053049,82.9799078983402
44,78.04318267749082,83.0149897832159
44,78.00649943425353,82.96896843002973
44,77.98831217675922,83.02826109711026
44,77.99978853950563,83.01258767403273
44,77.97334065282672,82.98223973752019
44,78.04365138163703,82.98891978520672
44,78.02457280575149,83.02884717745297
44,78.02779308603027,82.97437378514053
44,77.9784663920586,82.95545654719196
44,77.99766023667816,82.99256295468214
44,77.97187969043192,83.02089709579082
44,78.00224676072774,82.97510566284208
44,78.03774384940526,82.97891766044681
44,77.98900747345988,83.01630047092075
44,77.98550352352457,82.96654131925946
44,77.98159772914386,82.9902132217164
44,78.01363586663469,82.97582556848796
44,78.01647916565092,83.00245903601156
44,78.00001935814683,82.97073914598928
44,77.98365090896132,83.01781070388498
44,77.99098596470154,83.0027030874184
44,77.98835215635238,83.00068988114121
44,78.00795130584795,83.01041068303195
44,77.99692678583347,82.99481076989689
44,77.98475031293117,83.03388394466987
44,77.95983970330971,82.98523190677831
44,78.01227217034285,83.00564854747316
44,77.99904773712504,83.01870077218815
44,77.99714658721399,82.95767332642872
44,77.97432599214869,82.95824730733668
44,77.99424421128451,83.0150010899332
44,78.03050033310136,83.02578078929528
45,77.98954155173624,83.011953917185
45,77.9761292567684,82.95767787676557
45,77.99149464389683,83.01545396594928
45,78.02845782772364,83.02696982269484
45,77.97029507899394,82.96686248327417
45,77.95365317666992,82.99129877362364
45,77.99395312196087,82.96606768801585
45,78.02502568223026,83.03127742649897
45,77.9868735570035,82.9674797041228
45,77.98872595571173,82.97364475020798
45,77.99849657669556,83.0457843479551
45,78.0144645552482,83.02108190727309
45,78.00435000036347,83.00695425572407
45,78.04542837453192,82.99878970795565
45,77.99264807108518,82.97114770508858
45,77.99169344384747,83.00858072001338
45,78.0110296538221,83.0079504612716
45,78.0419255658854,83.00504804460743
45,78.01651176981945,83.01262558083441
45,77.98647118602489,83.00086733317187
45,78.01092333980243,82.96350708539704
45,78.01805342981129,82.982391747716
45,77.97136535889706,82.98766246011003
45,77.95324349797804,83.01506988592229
45,77.97522577825326,83.03630839415197
45,78.02591843887033,83.00047202693302
45,78.00810798531735,82.99141454800731
45,78.02672928018009,83.00153658550624
45,77.99947993742192,83.01135134874949
45,78.01236869474701,82.99970352515953
45,78.00137542212133,82.95023898103412
45,78.00381516512888,83.00957197978731
45,78.0229775043755,82.96106537828351
45,77.99691665726196,82.9557837902301
45,77.96557953898574,82.97051375426942
45,78.00669773555647,83.00695432417099
45,78.00360856096292,83.00262345780918
45,77.98664019919212,83.01561022258852
45,78.00095971914658,82.96744388352221
45,77.98316228862338,82.99301572870309
45,78.0032712881089,83.03835609506766
45,77.97230188530273,82.96797124046451
45,78.01292314912077,83.02634625180292
45,77.9971897466579,83.00676308158948
45,77.99483901232287,82.97683986798376
45,77.96825035591216,82.96939022405701
45,77.97845907636288,83.0051767670881
45,78.00774727808843,82.95581446652652
45,77.98144244653851,82.95392003166177
45,77.99792712598442,82.95505292446049
45,78.02326120839886,83.0207116286679
45,78.01089750274863,83.0184818588409
45,77.97119497111493,83.02423126393747
45,78.00647035969615,82.98786720967956
45,77.97080072362554,83.0385776456036
45,78.01929440830905,82.96329021319977
45,78.02309508241501,83.00851206736985
45,78.01746418643948,83.00769950813621
45,77.99326323544214,83.0245810020592
45,77.98825418933123,83.04740134571875
45,77.99722632550034,82.99005247431411
45,78.0107539218869,83.03471546664487
45,77.99637055385534,82.98025592652749
45,77.96351830534188,83.01618641051626
45,78.02163306838318,83.03699013176254
45,77.99361014460618,83.0147895254596
45,78.04078158421558,83.02556017117747
45,77.9827076039268,83.02089095761738
45,77.9926191527297,83.02505692348484
45,77.98693030151033,83.00285533816877
45,78.03137707962242,83.00942420278544
45,77.9878556695002,82.97644885265949
45,77.96623027906622,83.01663713386695
45,77.95378902461425,83.00724483416018
45,77.96981613163456,82.98122642519884
45,77.99730044534198,83.02078444020651
45,77.9901793050251,82.95336552083349
45,77.96744221853176,83.00163496394934
45,77.96941008136197,82.97721022170721
45,77.99659864160061,82.96368693915443
45,77.98786201244236,82.97747210628042
45,78.03022417724699,82.96262170367824
45,77.9813842120717,82.95804568305078
45,77.99545291156241,82.98288664741771
45,77.98050271028596,82.99630255967455
45,77.9928259568557,82.99389969544285
45,77.9974145349053,82.99007982955796
45,77.96011004548416,82.97477632477438
45,77.99389280342466,83.03139442902224
45,77.97350875554373,83.02226462930865
45,78.0283228593308,82.97532403943147
45,78.01084280974828,82.99301000098926
45,77.95932333643641,83.00030862292286
45,78.04190963226824,83.01050073949929
45,78.00679420920547,83.02736045945676
45,78.00100518803029,82.99978535755541
45,77.96314496082435,82.98957526744171
45,77.97861176923377,83.00362645588766
45,77.982906897871,82.95974745046918
45,78.01040511560649,83.0183380739366
45,77.96220957402141,83.03004049464971
45,77.9798965123354,83.01436149442274
45,78.02258688744777,83.01783906231776
45,77.9703163578118,82.98976990824342
45,78.00130671060955,83.00045463355555
46,77.97605116261379,83.03710042571002
46,78.00435297399609,83.04452456693942
46,77.971738734787,83.00411974111957
46,77.9510970038328,83.00803467795633
46,77.9876641395324,83.03401758857919
46,77.98360691059355,82.95716148720304
46,78.02951011895895,83.00992142094061
46,77.99863126299277,83.00530383934321
46,77.99136399835005,82.95797112807574
46,77.99388248446648,83.01778677212667
46,77.98383368088922,82.9801972848872
46,77.98043242350627,83.04102946557718
46,77.96958054970828,83.0308876057591
46,77.95880173999689,83.0143044519846
46,77.97986055520514,83.03093648161855
46,78.0224994083172,83.02690560414658
46,77.9972295169651,82.95695750641119
46,77.97921227202912,83.02765997008024
46,77.99488403788438,83.00409749286256
46,78.0264108707041,82.95816336692778
46,77.99345671140016,83.04177189855513
46,77.9851748756191,83.03167306587896
46,78.02001399810969,83.02157265552323
46,77.99670528434315,82.95261324158965
46,78.0240275037647,82.96968959570101
46,78.00732405702921,82.99933077682057
46,78.00165640096176,82.96600421622621
47,77.99715710381844,83.03143254676466
47,78.03726586222851,82.99920653129743
47,78.0455558267257,83.00121312648311
47,77.98687051586174,82.96057712071931
47,77.97538580238742,83.00255430417629
47,78.00220089001316,83.04503759584777
47,77.96898018642688,82.96126314477233
47,77.98005245549118,82.99729867355263
47,78.02298053923467,82.99672008371317
47,77.97250887771365,82.99339228095113
47,78.04293928396254,82.98701757231592
47,77.99902674497649,82.95488394673961
47,77.99105594448709,82.99567331388599
47,78.01224446846163,83.03463542633187
47,78.03992008772097,83.00887166059998
47,78.0131081332048,83.01032369030378
47,77.99350985103037,82.98442223820447
47,77.99477507284125,82.97407419120911
47,77.9707443194527,82.96145364530008
47,78.01489112244862,83.02968802278134
47,77.99704252717996,83.04003872253796
47,78.00294172178651,82.95774598176477
47,78.00895561999796,82.97601840357024
47,77.99292982550793,83.0375766694697
47,78.00016163295518,82.98933442467404
47,78.02986513824362,83.01258758975976
47,77.9726247881539,83.00872613169356
47,78.01090398051716,83.01929097212863
47,77.98558218194378,82.98958682883946
47,77.99821100305135,82.98600928702517
47,78.02388443402974,83.00132844554048
47,78.03873373871308,82.97817822964979
47,77.95103479054518,83.00982186387427
47,77.95188394029007,83.00226858253112
47,77.95954871949245,83.00916092706821
47,78.00192251858456,82.98298320480271
47,78.02335332454645,82.95609932145902
47,78.00661941975906,83.0251698343064
47,78.00165798573818,83.04805116792717
47,77.98829104812668,82.97399906509965
47,78.01647110655308,83.01405129161772
47,78.01556338212553,82.97143105869229
47,78.0200761969717,82.95625093323528
47,78.03530600382038,83.02172975849284
47,78.00864925709797,82.98535644132286
47,77.96489045293666,83.01805235471976
47,78.03179139360068,82.9885018310979
47,78.00075035725591,83.0403420466202
47,78.00676527933796,82.98823234989621
47,77.98480476410623,82.95663264782829
47,77.97780523647278,83.0013724390952
47,78.02888812714187,82.99909423319039
47,78.04331854030515,82.97981214586648
47,78.02795990849106,82.98077992785088
47,77.98642553982,82.99754561317155
47,78.04302491691004,83.0219832856925
47,78.00819027438966,83.02609369248069
47,77.96467783077408,82.99025246029815
47,78.02857062917882,82.99956528267953
47,78.01912671010346,82.98466391021287
47,78.04228184986475,83.02118577107925
47,78.02850939562407,82.96527709867728
47,78.00596309240892,82.95718485698839
47,78.01023207014664,83.04043966008669
47,77.99300556125209,82.99285885843044
47,77.95949852972751,83.02485379021024
47,78.02162400780874,82.98322876930293
47,78.02863190114304,83.03704286163942
47,77.98504073507932,82.96429215677652
47,77.96616777397352,82.97743193268946
47,77.97506684334863,82.97098506894754
47,77.955251571152,83.01371996591335
47,77.97013971248869,83.02257911629177
47,78.00318544307537,83.0025003722305
47,78.02985970622622,83.01959394203435
47,77.95086849305378,83.00540634436378
47,78.0041673284059,82.99905323170358
47,78.03771580884414,82.99428010458797
47,77.99861143695324,82.96521231983189
47,77.95411878858978,83.00756362643575
47,77.96909520098484,83.02513073731227
47,78.03920054877698,83.02901443876073
47,77.98422025273531,83.01493021513588
47,77.96495110914047,82.974539550168
47,77.99628750272822,83.00060053131632
47,78.01286927673297,83.00018213529192
47,77.99376008494471,83.02313800078697
47,78.01303420602237,82.99162065554971
47,77.97335058069311,82.98836409837489
47,77.95794397628042,83.0265030005406
47,78.01994117471416,82.96641920804707
47,77.98846422474476,82.98189152325146
47,77.9885449351204,82.98370010671455
48,78.01225426929146,82.99405677177546
48,77.98995465633622,83.00415771527862
48,78.01623593107682,82.9771889510849
48,77.97830760465402,82.97923976117457
48,77.97003389499538,82.97470766836894
48,78.00890173044371,82.97186987414506
48,78.02123401085146,82.98628176179619
48,77.99161092172585,82.98535097873412
48,77.99251855868168,82.97918801467499
48,78.01918897410816,83.01980526249471
48,78.02930919248675,82.96923367608373
48,78.0116155559139,83.04840459774447
48,78.02450265324345,83.04098199993012
48,77.9785852232806,82.97658642039833
48,77.99895227462659,82.95863005943289
48,77.98651056623525,83.01815242056283
48,78.02991504001966,83.02675754457943
48,77.99331282437264,83.02309937519
48,78.04496044124818,83.01583915679122
48,77.9899616206202,82.99248131996052
48,77.95290340201917,83.01278320747276
48,77.99016432020306,83.02049894625021
48,78.0073487335795,83.01022610562119
48,77.9780722037917,82.99644449436498
48,78.04472836434608,82.98398023000111
48,77.96150576856485,82.98256607572372
48,77.97538580238742,83.00255430417629
48,77.98213979670217,83.00362101659154
48,77.97948059729585,83.01309593855248
48,78.04477672317705,83.01810013867477
48,77.97524364399519,82.97515133652438
48,77.97367565016575,83.01984530489872
48,77.97915245826024,83.02527124445403
48,77.99922324466428,82.98531345830904
48,77.99441479498476,82.99689297137596
48,78.00595774106901,82.97616002409022
48,78.0161635702265,82.98330079314981
48,78.00089421414954,82.9973008580949
48,78.00899267029862,82.95141029730604
48,77.9981342022219,82.98015519352798
48,77.97887428626824,83.00140684582561
48,78.03076167139466,83.00300401654948
48,77.99072898090138,82.97757408623148
48,78.00265539027625,83.0402742402424
48,78.03160487684828,83.02249692567989
48,78.00320896572404,83.0072878788082
48,78.00700935586441,83.04541316458389
48,77.9977562945213,83.0093653485425
48,77.99142841062317,82.98622554171486
48,77.96268079800471,82.98475834517096
48,78.04277170813859,82.9992195537319
48,78.01720971425077,82.9598934716792
48,78.00139371418777,83.01338405493195
48,78.00383088555405,83.04836602018062
48,77.95384078008925,83.01846717752782
48,77.9943689343324,82.98171730643479
48,77.98803442023765,83.02607126166048
48,78.02125957301611,82.99701690410991
48,77.95378476448965,82.98419910665405
48,77.99641800259431,83.0146415564922
48,78.04756728935732,82.98815760640392
48,78.02012634255529,82.9963853597907
48,78.03045909881602,83.01190939293092
48,77.99156270634114,83.01667192034898
48,77.95862590092236,82.97686069691888
48,78.01351852869249,82.99760218266191
48,77.9539235448392,83.01663766195831
49,77.98125335438353,82.96677451926561
49,77.99675921887909,82.95419090462616
49,78.01826468723628,83.04000743069676
49,78.0015805331918,83.04078188385475
49,78.04555867291768,82.9904397626888
49,77.98681044594692,82.98178831964445
49,78.04122993849978,82.99505669516293
49,77.98862776653068,82.98948400688293
49,78.01492359565283,82.98280674702673
49,77.96745944652699,83.01738987901565
49,77.98685561779614,82.97451462716214
49,77.97488781076322,82.99324396459552
49,78.03089524915508,82.97139599291285
49,78.00581526762932,83.0327825658865
49,77.9612628631907,82.98322665282697
49,77.97934416531739,83.01654349204281
49,77.99130715662577,83.01808845639344
49,77.98210351109044,82.9662921208415
49,77.99924028376826,83.02217709955016
49,77.98214202228411,83.02777688807247
49,77.98167108029851,82.97075497720982
49,78.01692923146722,82.9864970521837
49,78.01761407422676,83.01858772927648
49,78.01743936915528,82.98237882879228
49,77.9939143878075,83.04641988736915
49,77.97368905522292,82.97188512071818
49,78.01225426929146,82.99405677177546
49,77.98489328863953,82.9807327365277
49,78.00859096203843,83.03704941923313
49,78.03437198382781,83.00446779807288
49,77.98444099358436,82.96186522348373
49,78.01553203181693,82.96440117593605
49,78.03244119581278,83.0144474960148
49,78.03979258919615,82.9781858096775
49,78.01568371697412,82.9592083361183
49,78.00814977185642,82.97947599385583
49,77.96414520993558,82.99954315590966
49,77.9589237864289,82.99281004903196
49,78.00679420920547,83.02736045945676
49,78.04370073449834,83.00015562484215
49,77.96361814025776,82.99793741760317
49,78.04547853665444,82.98624979356086
49,77.99074604815715,82.96090724631355
49,77.9843661722696,83.03936787968244
49,78.02703990317157,83.00913218169865
49,77.96666976150225,83.01689234683167
49,77.99376008494471,83.02313800078697
49,77.98160380236799,83.03081705644935
49,77.99142361879545,82.99835204318549
49,77.9791905014451,83.01163967938197
49,77.99084815805352,83.00890148342332
49,78.00339734329633,83.02660664465313
49,78.0159175232803,82.95747187814811
49,78.02069460382043,82.96055403121488
49,78.03616692769077,83.01455978556194
49,78.018861332547,83.038558212858
49,77.9606956629017,83.01520858034904
49,78.0418241904726,83.02472146289146
49,78.03817726997347,82.97990188819682
49,77.98653914282741,82.96264587903921
49,78.04917974827417,82.99587020822702
49,78.04353268188125,83.00517955025283
49,77.99431946508342,82.9957441290245
49,77.98814929423506,82.98704509768201
49,78.00167630321882,83.03072396406172
49,78.00414572507813,83.03154370057815
49,77.98567057678711,82.99734227257497
49,78.01710617722966,82.99070164383333
49,77.98090934432102,82.97180789271412
49,77.98367782677296,82.9594200964979
49,77.9729109112491,82.96315173941115
49,77.97491417511745,82.98503463274044
49,78.01487234059347,82.97370530871137
49,77.9839051311013,82.99610614595917
49,78.03896869605221,82.96975361771473
49,77.9819928217477,82.97229166658137
49,78.02134631257911,82.98828062433711
49,78.00082944160974,83.03351493282399
49,78.02732370908485,82.9609262497897
49,77.99674970547986,83.04636158730821
49,78.03976474152616,83.02600903445607
50,78.03469505325504,83.02606179967583
50,78.03442866366107,82.99559042306818
50,77.99950578378147,83.0360695843461
50,78.00448333881856,82.95220048999713
50,77.96547827136523,82.97376189784805
50,78.00371246840854,82.98806194583598
50,78.00850721101082,83.04192616272358
50,77.95082844885994,82.99961628511123
50,78.00135678793691,83.04388195423752
50,78.0240948893547,83.01791086184222
50,78.00396068793948,82.97312915545469
50,77.9662145277543,82.99229730240187
50,77.96456796424694,82.99067677782293
50,78.01827751623551,82.96500936292361
50,78.02713077925542,82.97116453873365
50,78.01776329486401,83.04122838048626
50,77.99555061321635,83.03087115233006
50,78.02767707884739,83.02266964703364
50,77.98672037471427,83.00702466824386
50,78.01613234775327,82.98481734178694
50,78.01677052236988,82.9966508928474
50,78.03137812405362,83.0386867368313
50,77.96280728029622,83.01534251914399
50,77.96559172193312,83.02590444318031
50,78.0401960477148,83.01107083615582
50,78.03343302337225,83.01191927193665
50,77.99709575120733,83.04340406028916
50,78.00435000036347,83.00695425572407
50,78.0263557102995,82.96643613273967
50,77.97465940827128,82.9702757475608
50,77.97675319123235,83.03329270840936
50,78.03937042699944,83.00943144000014
50,77.96910211452479,82.97436304946193
50,78.03467742074281,82.99342547506389
50,78.01177092859089,83.0107097552912
50,78.00931768847325,82.95720126023294
50,77.96093641296784,82.99414962408136
50,78.00676850241501,82.99962773443123
50,78.03280731011675,82.96233967924047
50,78.01304650768171,82.99448952091562
50,77.99027020886568,82.99549318861098
50,78.01756160574995,82.95658896819802
50,77.99754474135231,82.97057686583074
50,78.03590768616775,83.02128728041747
50,77.99490046965913,82.99737327418424
50,77.97668335546622,82.96144420640277
50,77.96833736663142,83.01207697609378
50,78.02246722999286,82.97288184844844
50,78.01562298190126,83.03478769906276
50,77.97735626145217,83.01500170616501
50,77.99797634864356,82.97579494607137
50,77.9611073788355,82.98459531048952
50,77.95685906832988,83.01275019923683
50,77.98057507683353,83.01946859050966
50,78.03896869605221,82.96975361771473
50,77.98994043189198,82.9884275820264
50,78.03531342008492,83.02822099195714
50,77.98903542111321,82.97233336591871
50,77.97173046084103,83.00771987320128
50,77.99896368980848,82.99408082502956
50,78.02578066197029,82.95869884596848
50,78.02586618579342,83.03527460494284
50,78.02415745983875,83.03820370738252
50,78.03703668922168,82.99559241671804
50,78.00124398077362,83.02600274580531
50,78.01640468488122,83.00784570212802
50,78.04364107633607,82.99257031049335
50,77.98052729174685,83.03606718695045
50,77.99488671340708,83.04022246378686
50,78.01442510324864,83.00203281173808
50,77.96917683139733,83.00947868858768
50,78.0140969986775,82.95856717842341
50,78.01061380210811,83.03021754570663
50,78.0130818452392,83.01272458717416
50,78.02875009990751,83.01623157202165
50,77.96176768771875,82.99865000105163
51,77.97937142696972,82.96193464097676
51,77.96031953291971,82.98989224507243
51,77.99793856418833,83.0417652920666
51,77.9876164978958,83.02068217440154
51,78.00245982852078,82.99392659940516
51,77.9779924302961,83.02588572766878
51,77.97650832123877,82.96106593324055
51,77.98767931814886,83.00656709587314
51,77.98385172692115,83.03439960678912
51,78.02645767781388,82.9940519728
51,78.01316094143272,82.96268050745095
51,78.03463146522738,82.99474052070728
51,77.97242363232802,83.02685192969018
51,77.98931999598723,82.99574744397596
51,77.99785537380795,82.96800729518436
51,78.01298502925344,82.96431441074726
51,77.98473959645463,82.97008433781538
51,78.01787414616462,82.98576890488191
51,78.00931020680271,82.9843879678757
51,77.99264577782243,82.99302055422062
51,78.00850523982066,82.957784350612
51,78.0051205935974,82.96678720655493
51,78.03397559192909,82.98748176046573
51,77.96767047564809,82.99408977754159
51,77.99625059768307,83.00510553167408
51,78.00506343266946,83.02863533738312
51,78.02496101185382,83.03261473885289
51,78.00401200528992,82.99640413781226
51,77.99629175737837,83.0106929771186
51,77.9906176879139,82.98251796776941
51,78.00949288079845,83.02462760373595
51,78.03298284535616,83.00821576063846
51,78.01913653551381,83.04339575256307
51,77.98401026218991,83.00781655396537
51,77.99698386136181,82.96919740819467
51,77.9996879810581,82.96514311313986
51,77.98200839267892,82.9891383608765
51,78.00699121594259,82.9593961530726
51,77.97457162100339,83.0297323618747
51,77.95564414856358,82.99668486307237
51,77.9653237163613,83.03068600482958
51,77.96629975007566,83.01848241459116
51,77.96138450007705,83.0005162603462
51,77.99654763581606,82.99185043348467
51,78.01296572642786,83.04006873572911
51,77.95212836425075,82.99531095244096
51,77.9721514341067,83.00660585277039
51,78.04371900538456,82.99312261817141
51,77.98728673735937,82.96541556245602
51,78.01556357687541,82.95529468587594
51,77.96997401012885,83.02422627196093
51,78.01932813162148,83.02011766325323
51,78.04152360593866,82.98489101675192
51,77.98143440618767,83.000006741191
51,78.04288195144206,82.98363241804589
51,78.00489567434724,82.99476781549525
51,78.00925652613726,83.01143474707106
51,77.995081530787,83.03868364043024
51,77.97913117082405,83.0198326466512
51,77.98924422641517,82.98304465787442
51,77.9939363056976,82.98141048941395
51,77.99925599366429,83.02034823544692
51,78.03658495855278,82.98493260665873
51,77.99632601488243,83.02825067616953
51,77.99134727724518,83.01002177781096
51,77.99499563363604,83.04211304142295
51,78.0171756039429,83.00224200996138
51,77.96534999055721,83.01009572713727
51,77.98532308193204,82.95694791208831
51,77.99403641825015,83.04802010917885
51,78.01461228735363,82.99771387667698
51,77.95945159993248,82.9759307479113
51,78.04821354464502,82.99623612056405
51,78.01839896686256,83.0395075420733
51,77.98309592312225,83.00625372000847
51,78.01848683668116,82.99985065697749
51,77.98665929222099,82.98272613551437
51,78.01717425015443,82.99464879731991
51,78.00658341775969,83.00703846424042
51,78.00826166328994,83.0006718153883
51,77.98793303949621,82.97157797814442
51,77.97562241849113,82.97032292368948
51,78.01896878416136,83.01793998203546
51,77.97034844747601,82.98466987364347
51,77.97678899468372,82.99063080686221
52,77.96980757192141,83.00121476564992
52,78.01110553905154,82.95312307813111
52,78.04219542235587,82.99279933716801
52,77.95330373422726,82.99451457977827
52,77.96777884696345,83.03817496918495
52,77.98438401484962,83.00157156895774
52,77.98342937545877,83.0066545435207
52,78.01984801651643,83.0104838453933
52,78.01350431114716,83.04737519980192
52,77.97071402215855,82.98983357658337
52,78.03335925407961,82.96397638500393
52,78.01031801192535,83.03943172890965
52,77.98873321850071,83.04380999012271
52,77.97367102721562,83.0026176531035
52,78.04267578131065,82.99276712517944
52,77.99064651666224,83.04856063345059
52,77.97797710915275,83.04479689692802
52,77.99870508623222,83.02343607733498
52,77.987548775346,83.0059509688313
52,77.98461069157297,82.95662078177084
52,77.9783494316492,83.00150195425928
52,78.01308443197192,83.00525564259036
52,77.9935314082834,83.00546707197702
52,78.04130446977636,82.97793487610078
52,78.04035598954808,82.99858698195929
52,78.01600602977683,83.0013401416449
52,78.0024537284421,82.98776174277538
52,78.00273488291111,82.9560334977545
52,78.02009136700265,82.97322402871349
52,78.02082671104705,82.96543582385873
52,77.97925740546658,83.01221105653828
52,77.99151332020891,83.03750685008586
52,78.00803479595221,83.04170966286524
52,77.95959788819637,82.99810706779803
52,78.02070056617522,83.02756274693618
52,77.97700999979682,83.00210434173212
52,78.0087793508688,82.96662333180373
52,78.02989590192922,83.01663315070145
52,77.97006861135242,82.97281776023817
52,78.02307496655393,82.98478758755267
52,78.02272547936228,83.03843392661796
52,77.99357842528383,83.00429722054182
52,77.95965956171412,82.99257828996643
52,78.00410084155409,82.9555682583592
52,78.01615312119272,83.01696817375957
52,78.0297140144589,83.00785086901897
52,78.04710794450736,83.01486436885216
52,77.99923610410566,82.98278887834816
52,78.01286545951213,83.0342204427482
52,77.97027028456738,83.03983791049055
52,77.99734940448016,82.98391259415305
52,77.97350857061404,82.99914596212753
52,78.04208969134413,82.99024178973758
52,77.97092421699719,83.01392956440934
52,78.01922189924758,82.97958188946217
52,78.00412909223809,83.02975948986231
52,78.02179298054912,83.0281515921887
52,78.02591843887033,83.00047202693302
52,78.02009805467121,82.99998761742911
52,77.99157946269943,83.04545477380957
52,78.0138154846698,82.96143130270457
52,78.02524449211853,83.01183744245574
52,77.9854855118611,83.02911802073292
52,78.04413223519886,83.020248560835
52,77.9956997535304,83.03950562311434
52,77.99003187553255,83.00576879453145
52,77.95651749049323,83.00872463184645
52,77.96958085538748,83.03635711469701
52,77.9551164195149,83.01950942125181
53,78.01901280192928,83.02208958947234
53,77.97053567698485,83.01332772967302
53,78.02794096989392,82.9625876260907
53,77.9507669706686,83.00834274445583
53,77.97548973523806,83.02251255670106
53,78.01713743732196,82.96628891662967
53,78.0170810162691,83.01518780210097
53,77.95763687469395,83.00479092622334
53,78.00359414195256,83.02149092292638
53,77.99359835365634,82.96272666416783
53,78.03669517641781,83.02341444181448
53,78.03476860901985,83.01941400278017
53,77.96991515513778,83.02784714233559
53,78.03446278076314,83.01705157910277
53,77.99407763807352,83.04568149432755
53,77.98477714969725,83.04294186462567
53,77.99654763581606,82.99185043348467
53,77.96877631787913,83.03898762289144
53,77.97385334465658,82.98911611842784
53,77.97963432228455,82.99590228763259
53,78.03019268283174,83.01456926648359
53,77.9744519020842,83.03438388637133
53,77.97848226316728,83.01693231192662
53,77.98074231084355,83.02751445068395
53,78.00644721981672,83.01330328288483
53,78.0213029932901,82.98364355875742
53,77.9984661876255,82.99959089300216
53,78.01642249572647,82.99884526988555
53,77.96703281482229,82.97428948584272
53,77.9941484164272,83.02611279757664
53,77.98761540437562,82.98815100819068
53,78.02241786601198,83.03009228968524
53,78.00299684428973,83.0178826899918
53,77.99290838409107,83.01276145462155
53,78.0066765337059,82.9959052283924
53,78.00532721296072,82.98581210208266
53,78.00967766389093,82.95525770209156
53,77.9533608764809,83.0116624195492
53,77.99756307919723,83.04476068570872
53,78.0044970827603,82.99374515601676
53,77.96660370904168,82.97875409173233
53,78.04074718483211,82.98356929573856
53,78.02380641977213,82.99429428703905
53,77.9940412087274,82.97370227131519
53,78.00975339099749,83.01525397064508
53,78.04153144431157,83.01419739683874
53,77.99993596913141,82.9539276455054
53,78.0392748004887,82.98622222163114
53,77.99622739010067,82.99221002053119
53,78.0246895867201,82.9617045816791
53,77.99511054526356,83.00125203467067
53,78.0449208031442,83.01231039752955
53,77.98918446315244,83.00439987632913
53,78.00306145672761,83.03082371895445
53,77.95830234110035,83.01831574578156
53,77.95801038386047,82.99056209383106
53,78.00789616255459,83.02148681420238
53,77.99770244161388,82.99102569865026
53,77.99369542606827,82.96131044688367
53,78.00043058774419,82.98456402523757
53,77.97357107821365,82.97819325740365
53,78.02447352514686,82.96342036246958
53,77.9654288608596,83.01703808155646
53,77.95635327888836,83.00008345829804
53,77.97847489071577,82.9870578904364
53,77.95802660344422,82.99427187867781
53,78.03798856474215,83.00071398860776
53,77.98020705862028,83.04129571238751
53,77.9861159648812,83.04634084460565
53,77.9715077713737,82.95906273002893
53,78.01594538602241,82.99484874814203
53,77.9804525222235,83.02671081773421
53,78.04363659189922,83.00931758723353
53,77.9838780487995,82.97967854922177
53,77.98194386049929,83.00485064164003
53,77.99566787995781,83.00722824913915
53,78.00083455920429,82.95043939784605
54,78.01985988119239,82.992479609408
54,77.98521879392496,83.03435423357361
54,77.95584302467923,82.99129334606366
54,78.02478905338195,83.02625895739982
54,77.96640197393505,82.97682474919594
54,77.98213979670217,83.00362101659154
54,78.00479166805586,83.03853498868948
54,77.99994574262236,83.01265908581178
54,77.99472870754455,82.97763635351103
54,78.0194368281191,83.00038408761154
54,77.96247275573587,82.973947412273
54,77.95745483879742,83.00609972299125
54,78.00908672859559,82.9858079439586
54,77.96921427418907,82.997649783552
54,77.96576710788857,83.03492054359826
54,78.0395888712339,83.01995124692446
54,77.96763630603533,83.00659697483957
54,77.98214243172116,83.00111535571251
54,78.01608087825082,83.0457169520952
54,78.03659435245103,83.0339487155733
54,77.99968984146308,82.99346607824181
54,78.03630161356415,82.98004863067966
54,78.00296185119568,82.98193264819876
54,77.99489851845078,82.99941436190883
54,78.01039025438584,82.99670112868186
54,77.98359323329966,82.98509721260325
54,77.96214437095287,82.9878632758226
54,78.01933339974941,82.96645286448842
54,77.97295445185928,83.01647797597876
54,77.97392615799865,82.98838346762176
54,77.96755649008162,82.97858786835651
54,77.98048725145536,83.00683423573327
54,78.02998544324309,82.98964369408405
54,78.0475680404998,82.99706162618419
54,77.9828655715406,82.95927409854973
54,77.97839586829905,82.95585398273676
54,78.01029479290922,83.03593577330278
54,77.96419913570655,82.9875220294972
54,77.98664206149725,83.04666458130701
54,78.02324929033605,82.96384847792895
54,77.9653581044885,83.00384919255087
54,78.00177088123941,83.02223632206437
54,78.01981041723586,82.96251298320833
54,77.96851482735329,83.01020349136546
54,77.98522429830703,82.9852838785536
54,78.01182624823693,82.97247606942894
54,78.02087002096181,82.97841351432437
54,78.00078274429919,82.98650757936093
54,78.00262369601957,82.99453928358398
54,77.98138498213596,82.96556094211479
54,77.97448473213923,83.00021156966537
54,77.99943693794638,83.02030591425398
54,78.00491392248836,82.970319751314
54,77.99374658136514,82.9732432736346
54,77.96108322270224,83.01485811890102
54,78.03882915472468,83.01927482438157
54,77.98313843030196,83.00297982875652
54,78.00939941470807,82.99116762890051
54,78.01376577457563,83.04641983745319
54,78.04312287555872,83.00360725622556
54,77.99361014460618,83.0147895254596
54,78.0110296538221,83.0079504612716
54,78.02213904391878,83.02910841829713
54,77.99645863028408,83.0239956290864
54,77.97652367055213,83.03514150444045
54,78.0189714787261,83.0035750474323
54,78.022556361906,83.04195398871035
54,78.01365083154367,83.00175053002914
54,77.99902428547982,82.98586877127099
54,78.00237581384816,83.02697258528619
54,77.99956134487087,83.03971703818563
54,77.97613623927917,82.99983028718614
54,78.00256596561394,83.02339817809681
54,77.98649755922975,83.00066845128293
54,78.00996320157878,82.95417059233527
54,77.995219275499,82.97606047285126
54,77.99106876158564,82.99342765418899
54,78.04440600288075,83.00638853478668
54,77.97673057898207,83.01572988893182
54,77.95978194117477,83.02053748972436
54,78.0213221895891,82.96676476559938
54,77.98809638478525,83.00845781384021
54,78.02011839634042,83.01043403393047
54,77.99816959261187,82.99276026442521
54,77.97749074299902,82.97983504362674
54,77.97677872368561,82.99096443381636
54,77.97299672488533,83.02126591548917
54,78.03534965230396,82.98513945612483
54,77.96061708509359,82.9738836103528
54,77.9792026191458,82.98170455575224
54,77.97495898554156,83.01136983738898
54,78.00402789092968,82.98322510377545
54,78.02535843517997,82.98163831865477
54,78.02559935322378,83.00124707233792
54,77.9514494636581,82.99370161669188
54,78.03558188140416,82.97612206749756
54,78.01725236755934,83.03765898266076
54,77.98163525728883,83.04196647667865
54,78.01429943959118,82.9897826112682
54,78.04770522880364,82.9852148225451
54,78.01460554625335,83.02189505325804
54,78.02134669241487,82.95956692036883
54,78.02920956100478,82.99127579188195
54,77.96708552077303,83.00297368055065
55,78.03285317942479,82.98635327781876
55,78.00392239299705,83.03973122535686
55,77.97904699201484,82.95811511553738
55,77.95665843874554,83.01939500995373
55,78.02644854643029,82.96496304728903
55,77.95079065222711,83.00384581693581
55,78.00873037029346,83.01220410623
55,78.00813542962416,83.02055681827453
55,78.00897210383783,83.01260433540261
55,78.02409134572696,82.9738301734204
55,77.97928543562288,82.97415437774102
55,78.01648543153779,83.01780441976888
55,78.01913842877642,82.97764092044376
55,78.01035366692457,82.98767330236745
55,77.99694835271204,82.99374003099653
55,77.99567806857128,83.01560090936117
55,77.97010603112224,83.00789296749885
55,77.97807856492095,82.96295710247959
55,78.00347800133822,82.95322582306096
55,77.98074196289595,83.00987444128735
55,78.001108743344,82.96956475643942
55,78.00849443944574,83.04162221033141
55,77.96242976702817,82.98518906412728
55,78.00797102007154,83.0124453961857
55,78.0069366986737,83.03280580860915
55,78.0167204427721,83.0122482947785
55,77.97240663783933,82.96951330405307
55,78.00940824416074,83.0371356972401
55,78.01281091050011,83.04680880672444
55,77.99876415488256,82.95165213458631
55,78.03395173247057,83.01164767298751
55,77.9796696270642,82.97045978272756
55,78.01310708515302,82.99512796846965
55,78.03226578148994,82.96257387045645
55,78.04796773898538,82.99907968271957
55,78.00937390708287,82.95238618272396
55,77.97771103024499,82.96210193433025
55,77.98524017086777,83.00327121849267
55,77.97402179513747,83.00471993694428
55,77.99940064119387,83.01834089886117
55,77.9586084356288,82.99480898213241
55,78.004732279593,83.03294511625643
55,78.04684244379375,82.99828432361019
55,77.98970902366564,82.98025409219657
55,77.9642788980829,83.01827381112686
55,78.00267580499708,83.01227304025272
55,77.9885178890178,83.02243551243828
55,78.01912671010346,82.98466391021287
55,78.01275155242662,83.03680281243616
55,78.00231681032129,82.95358903420255
55,78.02459956013499,82.99865011328126
55,78.03049966161113,83.00602137207434
55,77.9698531896138,83.02866254590894
55,78.00440682143874,83.0416868385904
55,77.96120465375454,82.98443062747118
55,77.9822610132576,83.00522092703676
55,77.9865628281718,83.01367361551176
55,78.02340134365585,83.00716505949447
55,78.03924216657897,83.00527575749844
55,77.9838047819735,82.99835146325731
55,78.00720484848465,82.98952742260997
55,77.98589121688363,82.97214422601384
55,77.97979388288638,82.98772540144608
55,78.0061529400712,82.98246082172187
55,78.01677052236988,82.9966508928474
55,78.00796879584159,82.99050689824179
55,77.9906017006952,83.03889973348585
55,77.95908121034715,83.0112225123797
55,78.01314312482151,82.97370492153858
55,78.02353237042448,83.00990532138053
55,78.00240093943886,83.01838069937034
55,78.00180400409855,83.03877715397837
55,78.0270938038628,83.02704843309577
55,77.99431249375992,83.02335757947954
55,78.01448568189191,83.03391610445077
55,78.02534044437257,82.98424861214139
55,77.98537311616808,83.03015739210164
55,78.00495587081369,83.00936629483353
55,78.023137735494,82.97443029652018
55,78.00961877322904,82.98069473350273
55,78.01844253145333,82.96993473385228
55,77.99834350040962,83.00846837778478
55,78.00791399916945,82.98554098052836
55,78.02420599997711,82.99593439095763
55,78.0059595684847,83.01790610279579
55,78.03835207205141,82.99180798493236
55,78.00426990329049,83.01173741940094
55,78.02387050254075,83.0232501724663
56,77.99768438591737,82.99448660098086
56,78.00923537811272,83.00842379806708
56,78.0219228366898,83.02935122282547
56,77.99053067644128,83.00607826453772
56,78.04029453007922,83.02065390418619
56,78.0432757565886,82.97587816591525
56,78.01661264511903,82.98194713433445
56,78.00951096644059,82.97297866580668
56,77.97619233928818,82.99489564444531
56,77.97161723244517,82.97783831406262
56,78.00434110275586,83.00930364547156
56,78.00188295257081,83.01167690752281
56,77.99731321314144,82.9871980838215
56,77.96046133765896,82.99612099439098
56,77.99809271812676,82.95107423399648
56,77.96887891424196,82.96674662088527
56,77.99903142050012,83.00445657778339
56,77.98956386142196,82.98560473652637
56,78.00917594388567,82.9984045721999
56,77.98366698678099,83.00690714432538
56,77.96008368874512,82.98125786583394
56,77.97802849852572,82.97799165198623
56,78.04331854030515,82.97981214586648
56,77.97083853479111,83.00509361794602
56,78.02902141697908,83.00148522161183
56,78.03007979284074,83.00738757109056
56,78.00547064089689,82.97644622916333
56,78.01407312976133,82.99703303417132
56,77.99670008740677,82.96301759877534
56,78.01460716432598,83.04247532662404
56,78.03909106270663,83.01790392883939
56,78.0302554872583,83.0183682945721
56,78.00061957098656,82.98426404738584
56,78.0423502054163,82.98051273489737
56,77.99105066344613,83.00324935045037
56,77.98047494559417,82.9543535815141
56,78.0432293656696,82.99690649443161
56,78.02263081635601,82.97091964564639
56,77.99279050243973,83.01463501920772
56,77.99462730037348,83.0164601604922
56,77.99483900370961,82.9612288123409
56,77.98766474079589,82.98090260422494
56,78.00739714305539,83.00667949747142
56,78.01350613270016,82.98141027123
56,78.02409610116855,82.9615158905246
56,78.01018924337872,82.9647221846801
56,78.02636224977756,82.98519175583269
56,78.01738100750275,82.99026770831006
56,78.01657735932427,82.99898513299293
57,77.99102709284323,82.98496680449131
57,78.02190851750227,83.01238509280151
57,77.98298952396091,83.01466348778273
57,78.03678431914364,82.98449340844722
57,78.01241084826206,82.96847463827751
57,78.02385251928672,82.96052569002963
57,78.00219447564682,82.95902751025741
57,77.95610552740555,82.98121865831332
57,77.9889617409994,83.01742810550627
57,78.0309200417409,83.03568466318943
57,78.03089555603422,82.96155083517458
57,77.98282642304923,83.03492565666524
57,77.99715710381844,83.03143254676466
57,78.00307129493468,82.95154114387859
57,78.04036805371422,82.98716804342368
57,78.02898349318663,82.9636610767975
57,78.01825895052465,82.96623141431269
57,77.96861318708817,83.02455191182327
57,78.00182572551141,82.96815348781384
57,78.0268010715867,83.0236545551214
57,77.9879163218519,82.98393741645623
57,77.98136713558027,83.01796576713916
57,77.9835203140984,83.00153458564724
57,77.98694747822468,83.00011855518184
57,77.96091001125156,82.97639538142944
57,77.98275039923635,82.96214162078054
57,78.0366672270899,83.02584536084034
57,77.98007356842403,83.04323065021725
57,77.9581076069885,82.97808043052598
57,78.04965547582502,83.00009130491316
57,78.00858001063811,83.02025689057395
57,77.97050590844451,82.97337172311802
57,77.98901075005789,82.99577375137721
57,77.99292726185332,82.99379983688206
57,78.02191438886295,83.01321992039286
57,77.96432724372812,82.9902545137413
57,78.01655100149668,82.96112610400489
57,77.96169515011654,83.02688375832747
57,77.96941884599288,83.01774112548499
57,77.96017855655815,82.97013748191061
57,78.02038446972237,82.96227050912157
57,78.02337052445546,82.99765625252873
57,78.00918144428948,83.03256557877852
57,78.01034946463889,82.97399444268021
57,77.98337542837852,83.02010575232237
57,78.0479882686856,82.9983459001392
57,78.02649945962321,83.0387152660945
57,77.9920288495806,82.98639364605721
57,78.04304149599876,83.0039563687923
57,77.96450928355077,82.9850022694145
57,77.9792315366562,83.04512626775525
57,78.01968940478093,83.03912503951103
57,77.98252547812127,82.99322398370334
57,77.97055854088056,83.0122540357252
57,77.98330037804759,83.01031867382748
57,77.99020553748369,82.99552299978058
57,78.02149337865114,83.00375507810035
57,78.00439007899581,82.99133095653204
57,78.01653632129585,82.98332577759156
57,78.02844127950415,82.99107072290751
57,78.00436124343331,82.99967668829001
57,77.97937289550401,82.98591956034848
57,78.00930714653774,83.00688885002499
57,78.01037341677947,83.04103183597954
57,78.01426070014818,82.99247850763068
57,77.96631070466934,82.98797952437378
57,77.99497923977067,83.0215138911133
57,77.9733664606853,83.0098794769575
57,78.04667271457912,82.98929303141215
57,78.02823071201004,82.97073664635853
57,77.98985645793424,82.96996803100261
57,77.98718457321317,82.97172553492848
57,77.99091740572145,82.95112873097591
57,78.00299667845883,83.00254958594408
57,77.99242023903182,82.9874664866374
57,78.0082123836996,83.02182710965938
57,77.97147691397156,83.01616273082686
57,78.00464732806657,82.98674027027874
57,78.02053247730633,82.95555903279681
57,78.01372291517845,82.9636107248953
57,78.02940460918975,83.02539856066791
57,78.00082688647841,83.00427933871961
57,78.01689435699643,82.97777263593213
57,78.00270546081805,83.0269159539728
57,78.02481709045907,83.00270791113545
57,77.99054506811511,82.99604108739979
57,78.02999004784219,83.03731162214477
57,77.97650704535596,83.00409971408959
57,78.00053527007097,82.95994145628792
57,78.01586742494197,82.98288844918312
57,78.03582601058419,82.98920813349827
57,78.00631429278445,82.99829313989277
57,78.01914785832767,82.96979156026538
57,77.98328520246582,82.98226664076586
57,78.01874604135605,82.99001063562248
57,78.04668158478484,82.989129211408
58,78.03785484141333,82.9981871158244
58,78.02509203973186,82.99726759411976
58,78.03226895172816,82.98068831880418
58,77.97126936493868,82.96677245972676
58,77.98651219362681,82.96163649710776
58,77.97835791750612,82.95759662928447
58,78.0181163609697,82.96599348246843
58,78.02257248785759,83.03416395878982
58,78.00490750144684,82.9618138475573
58,77.96622399449781,83.00607261767634
58,78.02901253998803,82.99059555280958
58,77.99666834728492,83.04761464026875
58,78.00214309275295,83.00698435801948
58,78.00889992056196,83.03255737385756
58,77.95688768803286,83.00175230311964
58,77.99367626049745,83.02354068508876
58,77.95991658213713,82.98654790613229
58,78.01434361886344,83.03915352897492
58,77.99638509061762,83.0109112899639
58,78.002216788171,83.04598019728685
58,78.02231699484078,83.0186915471196
58,77.99502537296132,83.00942130896459
58,78.00136409555513,83.00248569631667
58,78.00343407001512,82.96436644344136
58,78.03084365413594,83.0309455915092
58,78.02561290194274,82.99714897319686
58,77.95365317666992,82.99129877362364
58,78.01113661899237,83.02222244747924
58,77.97602026822611,83.0422133840903
58,77.96191212430148,83.00815468834497
58,78.03377941429315,83.02537219370903
58,77.9983866110979,82.97321650772746
58,77.9890295475903,82.97292176101655
58,77.98657591362503,83.00764502987138
58,77.97316515029227,82.96401748529243
58,77.99122283808791,82.9591125295583
58,77.98073041973223,83.01079854465982
58,78.02393766017377,82.99335558109439
58,78.03349061120696,83.02702154687533
58,77.99966796991053,82.95925352640492
58,78.00803479595221,83.04170966286524
58,78.01255458571438,83.0391573562741
58,78.03162535091019,83.00591644940566
58,77.9877661537809,83.02735296861785
58,77.99636636068965,82.98289972791835
58,78.02341866614613,83.03003594206305
58,77.95809761550343,83.02657404796697
58,78.00314492159072,83.03466621829662
58,77.97335058069311,82.98836409837489
58,77.9743889276139,82.99212036212236
58,77.97528591862903,82.98675453373136
58,78.02339791790358,83.02504137946455
58,78.01574717554635,82.99292786808033
58,78.00490801780323,82.95402574322367
58,78.02830293344745,82.9913680467226
58,77.99468008975678,83.03183115042617
58,78.03370948524184,83.02597578799045
58,78.02365369595283,82.9839604948954
58,78.00561720780418,82.98398497629744
58,78.01676659694027,83.0281746410979
58,78.00499670085779,82.95375915289561
58,77.99405628037238,83.02033647316456
58,77.97412859039247,82.97602776383431
58,78.02529397258597,82.97935542735085
58,78.0497560593729,82.99574102610264
58,78.04112045603281,82.99843918720244
58,77.988860964842,82.9588191257572
58,77.99543675817478,82.99362598769785
58,78.04632737076454,82.9835181944898
58,78.03986519789778,82.99942054007175
58,77.9978172541133,83.01908854956746
58,78.00666297793235,83.04680195581732
58,78.024412511558,83.01913036474764
58,77.98385683729482,83.01439085949835
58,77.9770086865707,82.99339469405072
58,78.03578683310032,83.03244703710823
58,78.00407841386978,83.00718255381416
58,77.978027961021,82.99563517075016
58,77.97564777998832,83.00467506192147
58,77.99615395742607,82.98248453352005
58,77.97057226014769,82.99510536379695
58,78.03389083854636,82.99815747318905
58,78.01166427478587,82.96671171131837
59,78.00839456753789,83.03929984053062
59,77.98333226266736,82.98895161839272
59,78.00532398904774,83.00500403913786
59,77.97063133662998,82.96712909281563
59,78.00781729816553,83.03093801331183
59,78.02061753686944,83.00258956089466
59,77.96874025589291,82.97907613268481
59,77.9934608257482,83.04198277281594
59,78.03108442409221,83.02655787603754
59,78.02005878677186,82.9553457117686
59,77.99258153364144,82.97309693126995
59,78.03497607616514,83.01991593044953
59,77.99256766421611,83.0216424113229
59,77.96280324486666,83.01430346943386
59,78.02969030775638,83.01373870882243
59,77.98074813135878,82.98945930107138
59,77.96584038074845,83.0221866864234
59,77.97609764928265,83.02915454589643
59,78.00602381113448,82.97150926163516
59,77.99071809273357,82.98277270061786
59,78.02474797562977,83.03990009334436
59,78.02712221459171,83.00299825381441
59,77.95099206678505,83.00581762202019
59,77.99899465778776,83.00825365997011
59,77.98108179518287,82.99490344946639
59,78.02187613499548,82.96663623650845
59,78.00645158533268,82.991893943519
59,77.9953458517829,82.98179336294619
59,77.98465200943575,83.01036228463748
59,78.0143867979609,83.0205942036741
59,77.9697763359932,82.98250872768774
59,78.0189972399382,82.9841875992993
59,77.95387526694302,83.0041951894281
59,77.9930236945141,83.01545053280563
59,78.00414813112025,83.03357173069696
59,78.0363480918955,83.02241529518962
59,78.00746462832754,82.97630244800219
59,77.99481302085869,83.03580766728085
59,78.01765931263078,82.97845947660022
59,77.96409389549099,83.00421943694103
59,78.00014295589175,83.02280414718625
59,77.98337542837852,83.02010575232237
59,78.00728625234669,83.02398645259662
59,78.016536525089,82.98755242345717
59,77.99365989012227,83.02174124966115
59,77.96155581192737,82.97295961443125
59,78.02059635072405,83.0032998818505
59,77.98925048143288,82.98948667354374
59,78.0223304704875,83.03401291086621
59,77.9949262500272,83.01331011341861
59,77.98467724640699,83.03625951005156
59,77.99575580266635,83.01212301773413
59,77.97641255576255,82.97766765746705
59,77.95810374176205,83.01915588096251
59,78.01326523574141,82.95501276293278
59,78.0375027600473,82.98755982801251
59,78.04239501005968,83.00262825291023
59,77.9564820428631,83.00325298760539
59,77.98510781411079,82.98650540576136
59,78.0017631881077,82.99590907939775
59,77.96811366824495,82.99045123685661
59,77.983405015952,82.9996004271354
59,78.03249960766304,82.97592954583604
59,78.0070699092871,82.96342378771577
59,77.98060121923864,82.98456640893218
59,77.99564914607225,83.04285960766869
59,78.02446955953154,83.01680145707377
59,77.99153179082917,83.0198143529014
59,77.97861456368872,83.04013906166844
59,78.04500340988753,83.00177066686857
59,78.00029169221708,83.04567461894624
59,77.99641537223245,83.02105665549503
59,78.00376927158568,83.0431286464828
59,77.98985731957697,82.98275587705852
59,77.95587896197758,82.98389969999839
59,78.00161276477169,83.0360809438735
59,77.98067543094226,82.9878465408363
59,78.0075622588772,82.9729171443956
59,78.01537279635578,82.98833511189977
59,77.99583739533182,82.99604510011643
59,77.99222322374268,83.0148748022518
59,78.01672975510868,83.01778137768986
59,77.96167560155467,82.99926705542961
60,78.0267829495914,83.03704868867698
60,77.98767196638512,82.98583268987693
60,77.98369590930983,82.99036222916034
60,77.9936172323259,82.9893025605811
60,77.99594296109822,83.01609212262399
60,78.03131024816417,83.02977590322429
60,78.01351718191424,82.99810936027909
60,77.97971661069573,82.9958238683573
60,77.97638162249892,82.99247643892785
60,78.00488731786831,83.0390851097825
60,77.97520721973144,82.98023677392436
60,78.0068995434122,82.95342452681741
60,78.0329796009123,83.01953869864167
60,77.9848071172727,83.03717208694968
60,77.99300083497512,83.01479760680509
60,78.0076864489844,83.01948945993803
60,77.98832938350762,82.95651896876441
60,78.03222044286936,82.98922119251338
60,77.95716034746638,82.99108652593647
60,77.97969929041739,83.04037911385281
60,77.99284259289225,82.99522252796265
60,78.0443407146947,82.99024038974277
60,77.99706382141808,82.9807507507955
60,77.98476783587083,83.03951623420225
60,77.97239785805041,82.9884559097451
60,78.03109353890272,82.9809688909055
60,78.0495700568906,83.00020181046607
60,78.02963212230443,82.98161275967485
60,78.02048478994597,83.0035492449551
60,77.96399403998605,82.97464404660177
60,78.02204898497364,83.01911404658203
60,78.03075036376025,82.99443117524623
60,78.00147662602487,82.95314929041668
60,78.03659435245103,83.0339487155733
60,78.01670423290925,82.98864721364352
60,77.98391475407566,82.97441974344055
60,77.99637789813272,83.00589352419938
60,77.99883195154153,83.02461727853387
60,77.95612142492674,83.015725985031
60,78.00410980687815,82.98851787562951
60,77.97543788338191,83.01877439135836
60,77.9736127675765,82.96107697797605
60,77.96843527225582,83.02054450389623
60,78.01180683541102,83.01328634946981
60,78.00704677228067,83.01099105579065
60,77.97532536537294,82.9942906495966
61,78.01931124477393,83.04037856691716
61,77.99881715511498,83.03995040508131
61,77.97161723244517,82.97783831406262
61,77.97516044787635,82.97484771311971
61,78.04144579391935,83.01798488893188
61,78.02207303042823,82.98859321460867
61,78.02005776360384,83.01083824329848
61,77.98468669113636,82.96742020160508
61,77.99103473886804,83.01072962361656
61,77.9957172310896,83.01470204502168
61,78.04207068148958,83.02693532532587
61,78.01479673677113,83.03919402752787
61,77.96355142792518,83.02684222481182
61,78.04690672187466,82.99408438012863
61,78.01308443197192,83.00525564259036
61,78.04521582605126,82.9895678091779
61,77.97724029127625,82.96608050872277
61,78.00220992818953,82.98325073304409
61,78.01176602576423,82.96602991696808
61,78.0114805772869,82.95741013619411
61,78.0010225407049,83.02200729730048
61,78.0126395216637,82.95975231158796
61,78.00442789620807,82.95580385655265
61,77.97938911321475,83.00620040815552
61,77.9949383442385,82.98917293285699
61,77.99340236408489,82.99417831350887
61,77.97829921349413,82.99067021301438
61,77.95103680518004,82.9941096423114
61,77.96242450732937,82.98184947077404
61,77.97971384041742,83.01509172389895
61,78.02473589758539,82.97930840322555
61,78.03094333324749,82.98504809593027
61,78.0242744141577,83.03224845137716
61,78.04599945699559,83.01057304595417
61,78.01297366334833,82.9936100764782
61,77.992469710082,82.98533975269544
61,77.95017412626947,83.0021216073056
61,77.97990814502288,83.01140411029125
61,78.03566514211633,82.99643615323579
61,77.95665504456169,83.00128501882148
61,77.97041842318731,83.02733472920329
61,78.00610196068551,83.01130230646541
61,78.01585520053936,82.98528051219499
61,78.00076531819187,83.01168978153311
61,77.9757131168087,82.99128437122108
61,78.04564390103985,83.0081840544777
61,77.96191902194151,83.02349576501092
61,78.02376900757004,82.95767895723985
61,77.9836122657964,83.02524144364438
61,78.00147562178813,83.0244544921474
61,77.98855155940157,83.00793556873215
61,77.98465280892597,83.03348118419619
61,77.97368905522292,82.97188512071818
61,78.0426966096155,82.97689377510513
61,78.00546354588245,83.03934124540864
61,78.00954710892984,82.97155878505102
61,77.96345678225536,82.98615539930799
61,78.03958763627423,83.01942751539197
61,78.008699509591,83.04764697309759
61,77.9910818262683,83.00165645453338
61,77.97733309539629,83.02385730595375
61,78.02726706955434,82.98055981214931
61,77.97641845343249,83.03529890681895
61,77.98255620837769,83.0440031995088
61,77.98236264354863,82.99213711601058
61,77.99915214780196,83.01150105441317
61,78.03895561288586,82.99843529583137
61,77.98492852033746,82.99383121687605
61,77.96775065902412,82.97915941217325
61,78.03955490326608,83.02447046875987
61,77.95851980615448,82.9726499779525
61,78.04122858042089,82.99029249797685
61,77.9713764122329,82.97666588931612
61,78.02231184699612,83.00310382125448
61,77.99329952679425,83.01844834616965
61,78.00675240759139,83.01749798710424
61,78.00403647437064,82.97974214075663
61,78.0209825195769,83.00214818541123
61,78.01957554033146,83.00431468379864
61,78.00014237366054,83.04858967888177
61,77.97446464354707,83.00045894250528
61,77.97034102733916,83.03656665599613
61,77.95830627311085,83.00862432299013
61,78.000804643717,83.00548984637294
61,78.02856530913294,83.02869663348585
61,77.96070460920193,83.00776916219854
61,78.03401825478285,83.00432845835853
61,78.02637543056149,82.99021197083212
61,77.95505614806939,82.98523135391748
61,78.03396095478635,83.01638717739193
61,78.0186002621771,82.95979943779874
61,77.98260294946337,83.00202982141721
61,77.96951713778071,83.01225265741556
61,77.97552136169092,83.00701032922781
61,77.98867682612443,82.98243991763047
61,77.96485600045814,82.99681128420352
61,78.03204870992082,82.96728084165512
61,77.95757954378995,82.98685366456877
61,77.96407215640392,83.0097293738292
61,77.98402497013707,83.0273630813585
61,77.98570487512927,82.98947271510194
61,78.02651611195921,83.04154799244017
61,78.00908773734851,83.03782623827887
61,78.00688982837318,83.02181479257952
61,77.98707034582114,82.9949312305054
61,78.00542688188665,83.01558053960501
62,77.9601799680473,83.00468165190266
62,77.99360135958675,83.00064073231624
62,77.9780722037917,82.99644449436498
62,78.01373826607322,82.98078477443599
62,78.01993759079086,83.01196856099767
62,78.0113655106926,83.00562012033002
62,78.02133628082879,82.976799486742
62,77.98221250049517,82.97912230927784
62,78.03075809499471,82.99332424021512
62,78.01212416776099,83.00653280960395
62,78.01523712551084,83.01888673341621
62,78.02406745620107,82.99343193982322
62,78.01091145161037,82.96872562432532
62,77.99688353236192,82.98864354154313
62,78.02869044862773,82.96088181455721
62,77.9880707375268,83.03289082863523
62,78.01646638677809,83.01496533252188
62,77.98392733859183,83.00595225483795
62,77.97076129424147,82.99314361782426
62,77.96973039016554,83.03692360430222
62,78.01446171210853,82.99224293137063
62,77.96289318435458,82.99263436674636
62,77.99174987523921,82.98591712880494
62,78.01599079486648,83.02568927912378
62,77.9757110248661,83.03774562158948
62,78.00425843518607,82.97349354399012
62,78.02409452463641,82.9684717003912
62,77.98415675247853,82.98366728146357
62,77.98848224112965,83.02047468495543
62,78.00520998393117,83.03950148698343
62,77.97665924100708,82.96842676946227
62,78.02268645580213,83.0293705035238
62,77.981864994901,82.97073607940241
62,77.96338903044109,83.00415669542645
62,78.01547795889486,83.03419129299415
62,78.01538542279468,83.01931229196188
62,78.00894846225772,82.96472545753537
62,77.99608789461278,83.01052097737512
62,78.00056828424573,83.01981757145276
62,78.01387211879936,83.0407608604937
62,78.00580107164396,82.97431686816559
62,78.04553909060779,83.01921060785533
62,77.99577585596347,82.96919287684159
62,77.98741106824127,82.99063803797988
62,78.01997179042685,82.9589417383291
62,77.99863337248,83.01091151033978
62,77.98005912745629,83.00581054359432
62,77.98169720978598,83.03428585526274
62,77.95471058954747,83.01583663969379
62,78.01151415462621,83.04365085597112
62,77.99625730289507,82.98127160245292
62,77.97438417237285,83.03347380066002
62,78.02638012067978,82.99711051551785
62,78.04167745118087,82.99285146555214
62,78.03518472278633,82.98977083608017
62,78.00965710512399,82.98076894514963
62,77.96112373130342,83.02968056911374
62,78.02373159512858,83.04088101134262
62,78.00675848680552,82.98741347802913
62,78.03206865076983,83.01288757835879
62,78.01066608111537,82.95797739489262
62,77.98546803855739,82.99146742677702
62,77.97105930685504,83.01095063794853
62,78.00871211135434,82.9798154480127
62,78.00796879584159,82.99050689824179
62,78.00696338031813,83.01505628280816
62,77.95872427700634,82.97828327421998
62,77.96804525970641,83.00183320578451
62,78.00307782025409,82.9741521299181
62,77.97553336647964,83.0085598285673
62,78.01649495831244,82.98259546483679
62,77.98827650149467,82.95958746622078
62,78.00639349851751,82.98666780564217
62,77.96261146253262,82.99854710611558
62,77.95962790104517,83.00420886389419
62,77.99253641190545,82.9928327080159
62,78.04072758325088,83.02356788988538
62,77.99049748949183,82.9734613510597
62,78.01336793746,83.03864430822608
62,77.95375938794558,82.98680044798982
62,78.02125434112207,83.04294475994955
62,77.9762620925496,82.99317025970745
62,77.9579559590925,83.00481654673473
62,78.01074606413441,82.98959234056261
62,78.02068324022969,82.98696433849801
62,77.9712087183496,82.96853789269302
62,77.97186657409974,82.97549482170501
63,77.98423188967597,83.02071654459651
63,78.01130208872543,82.99992565288132
63,77.99588864953688,83.02400777613704
63,78.03904083234046,83.02088804456669
63,77.9911428236462,82.99217347891468
63,77.9936807205972,82.98846812465938
63,77.98726625899003,83.02838439335365
63,77.96221775830575,83.00072631101872
63,77.97627244458351,83.02941540743974
63,77.98607545468049,83.00829291096139
63,77.99833042959303,83.0470786707955
63,77.97302656369045,83.02302827298357
63,77.98268608174604,83.01797416824219
63,78.01427506329071,82.98470948191579
63,78.00600587935577,83.02387450051775
63,77.97234007412143,82.9972223191063
63,78.00127718829846,83.01370652135762
63,78.01197600414652,83.02130526438869
63,77.95694560050023,83.0187503962867
63,78.01339444284922,83.0443537443904
63,77.96041564307599,82.99714502365687
63,77.9931695836708,82.98484792279989
63,77.9648443391735,82.99242236734216
63,77.99430914928942,82.96848537321667
63,77.9870102433857,82.98103053861348
63,78.02240592354099,82.96178163747018
63,78.01184078898845,82.9685533001315
63,77.99518086291158,83.0241350514083
63,78.02835747031472,83.04108385505279
63,77.97450559662818,82.98696345067597
63,77.98001637935143,82.98138975044061
63,78.01838625750614,82.98523813705079
63,77.99245137827793,83.01996584806136
63,77.99235315484509,83.01988708608417
63,78.03448633794343,82.99276646555316
63,77.98537311616808,83.03015739210164
63,77.9787135777718,83.00440697980243
63,78.04198888358157,82.98992968977116
63,78.00419338367482,83.00114362601656
63,77.97583113317864,83.00389842683148
63,77.95970052408774,83.01101774026736
63,78.00335467852138,83.04781537229543
63,77.99260852246483,83.00720985543684
63,77.97675672297241,83.02509098785332
63,77.99142775330763,82.97177041506897
63,77.9965468725748,83.02745606165797
63,77.97873601341638,82.95523462230805
63,77.97190397333902,82.98391221525522
63,77.98346746866575,83.0003085919423
63,78.02573011549774,83.00267684148919
63,77.97652644097275,82.98747598678172
63,78.03092561196938,83.02146784204437
63,78.00039107960448,83.01659304100454
63,77.96520588419911,83.03298084210947
63,77.98522429830703,82.9852838785536
63,78.03089524915508,82.97139599291285
63,77.99687952023709,83.0046007782986
63,77.96148097277288,83.02385896475622
63,77.97847304594481,82.97646221867609
63,77.99634601650203,82.96306248207841
63,78.02723788647046,82.97071031372573
63,78.03672746351579,83.0090869687914
63,77.9929082296543,83.0013840519062
63,78.00667092672042,83.0284156532244
63,77.951252557237,82.99307223378328
63,77.97953383110523,82.98229896556045
63,78.00825187386053,83.00186334116302
63,78.04470353979214,83.01190114793053
63,78.01270936651512,82.99573700056878
63,77.96808422484764,83.02459617631683
63,78.01170314675561,82.98288690042553
63,78.03777190659576,83.01599153369085
63,78.0125969510557,82.95530894495444
63,77.95938439496695,82.99228927896526
63,78.04409598726491,82.99200043563022
63,78.04391276988378,82.98533139765738
63,78.01177092859089,83.0107097552912
63,78.02073299606579,82.97459784507475
63,78.01490693075768,82.9866864446152
63,78.02205241091335,83.00741161138161
63,77.99822890081128,82.97141500634756
63,78.00576805837723,83.03416076177928
63,78.01492402407486,83.03539664313159
63,78.02026779142601,83.00317827215211
63,78.02589676212479,83.00055868128993
63,78.01765953677832,83.01919616596317
63,78.01755701011345,82.99205996649967
63,77.98857941634891,83.03919276093568
63,78.01628950335493,82.98774927650636
63,78.03421315308252,82.99902463788912
63,77.96414361057103,83.03335444629309
63,78.0400828790762,83.01022086574959
64,78.04344029914061,82.99487470538361
64,78.00903248555497,82.97938267116918
64,77.96056913757494,82.99853122999004
64,78.01137796190842,83.03861257226917
64,77.98555649456911,83.0457876593462
64,78.0273070946632,82.9781757930519
64,77.96134278369024,82.99567040247504
64,78.02588391495598,82.9683177096135
64,78.03282273866022,83.00838793082129
64,78.01110821368343,82.97781760351988
64,78.01268915422038,83.0310331022673
64,78.02409134572696,82.9738301734204
64,77.96669862866392,82.96586807550202
64,77.95632925222,82.97590432132127
64,78.04584981887072,83.010901803631
64,78.00423781160517,82.98098117951255
64,77.9940362294582,83.00513612217604
64,77.97095003560274,83.03221320901385
64,78.01949313180049,83.01249249401754
64,77.9736451651435,83.00572783825773
64,78.03516132234766,83.02452357248981
64,78.02846784934755,83.02507515267676
64,77.98080439650019,82.98518675438264
64,78.01828743835134,82.99624454702335
64,77.97827653023201,82.9728165681957
64,78.00521014137243,82.97405920317412
64,78.01658616637829,82.95721113793364
64,78.01870049464772,83.0016004020244
64,77.99898008948026,82.97510299336601
64,78.00645855557758,83.04743716263691
64,77.96242976702817,82.98518906412728
64,78.03769416416918,82.97897431677099
64,78.04116120055963,83.01413292224107
64,77.99511157026033,82.99506136580351
64,77.99134195288329,82.97617343824597
64,78.00454748007289,83.04517731082454
64,78.0399300832523,83.02668991960566
64,78.01815220973177,83.03404957291077
64,78.04334721409589,83.01224223590107
64,78.02274106526622,82.99401121761485
64,78.0361127271632,82.98456254489959
64,78.01065680509822,83.02443898755568
64,77.97370400828018,82.99489606681257
64,77.97435408958128,83.01097214081793
64,78.00561479976764,83.01841961510132
64,77.99773687880182,83.0273149081001
64,77.99549236909846,82.9514154148406
64,78.03717088654001,82.97904935043762
64,78.02438459426008,82.99504156276181
64,78.02148384878238,82.993081619728
64,77.99660501492012,82.95877778706854
64,77.99040170001777,82.95822498563508
64,77.97672513659381,83.00796885007131
64,78.00238159107141,83.00204814969948
64,77.99100612801413,83.0227722116348
64,78.02115059145352,83.03277409737076
64,77.9956654664806,82.96707276170582
64,78.04762315367682,83.0132598843229
64,78.00106784177822,83.02772335784705
64,77.9829992676969,82.980047519021
64,78.04579833474132,82.98480283354915
65,78.00933509560402,82.96290843677941
65,77.99800192590982,82.98157958363915
65,78.01990423158387,82.95776786649547
65,77.99820206586291,83.04070910547202
65,78.00628835601697,83.02349389330708
65,78.01680638409034,82.97966593999118
65,77.97471614408204,83.03745419102098
65,77.96387696215584,83.01740446499076
65,77.95693667433811,83.0058973712348
65,77.98276600415397,83.02691533207877
65,77.99257789793789,83.00514268100274
65,77.96732124747466,82.9673462790915
65,77.97408834578816,83.00043189778238
65,78.0136162706182,83.00988537993668
65,78.02623810335854,82.99361065677623
65,77.97467995386758,83.04300310124215
65,78.02562985469942,83.02029634923203
65,78.0358958620318,82.96903525156478
65,78.00831760062626,82.98367430995384
65,77.9864510046792,82.99700234582367
65,78.02925259018288,82.97982743675048
65,78.00548892218475,82.95868617284597
65,78.00292564060038,82.9775276067891
65,77.95722624847117,83.01838289708425
65,78.02086555441392,82.99839521580343
65,77.98379463931104,83.01217704363098
65,77.96158298478743,82.97821476853717
65,77.97699076608289,83.03383985024846
65,78.04196744058613,83.02286321495646
65,77.97359254714563,82.97375683154723
65,77.96440714297793,82.98674118134737
65,78.03825001568255,82.9935022388267
65,77.96642458415677,82.96713698960936
65,77.9798965123354,83.01436149442274
65,77.98739703839242,83.03374631715425
65,78.00371246840854,82.98806194583598
65,78.03794051948925,83.01977684185906
65,77.96140828255909,83.00402673626603
65,77.98386482948987,83.00411193093507
65,77.97098794516016,83.00879049938442
65,78.0020168730072,82.95855289275862
65,78.03796376712735,82.9772135031066
65,77.95728045996148,83.01676299197439
65,78.0364520392776,82.97226257533036
65,77.95799661029841,82.98012820709425
65,78.01227377142268,82.99749493825189
65,78.00818861143208,83.01526811755716
65,77.99468526185125,83.02513036207783
65,78.01883982225125,82.97925201799995
65,78.00930846430988,82.98103371442957
65,77.99882386811706,83.00154956577201
65,78.00271879969014,82.95785531692773
65,77.9970480697216,82.99092874185425
65,78.031554944406,83.00516063195366
65,78.02693442435128,83.02952831887852
65,78.02296177155996,82.96462456862594
65,78.02502470630336,82.9929772986757
65,77.97905311247847,82.99682348198792
65,77.96390593004718,83.01328831923047
65,78.00865305494172,83.01562736801418
65,77.98626858942953,83.03347830819585
65,77.96526667532127,83.03422180421602
65,78.0022202473713,83.00327016262527
65,78.02133166749208,82.96288659958621
65,78.02821332283862,82.99588771434976
65,78.02403363221462,83.01193887628548
65,78.02570837324492,83.00282063823407
65,77.9966137248145,82.9794486764645
65,78.01001626639716,83.03904883238722
65,77.98708403358243,83.01517613566526
65,77.9997338690426,83.04585503370251
65,78.00760223552,82.99715782564985
65,77.99634064674812,83.0027252344213
65,77.98429487054186,83.01093308924183
65,77.98664206149725,83.04666458130701
65,78.00257338094006,82.96969085646266
65,77.97272387161163,83.01423420883991
65,78.0295555882889,83.03488382859942
65,77.98435969870926,82.98074067204429
65,78.00015864228243,83.03817358978641
65,78.0131222339453,82.984022281008
65,78.0116795237995,82.99159972809838
65,78.02013815144458,82.97749794519463
65,77.99148324478631,83.00848912832463
65,78.00158171013786,82.98041018549569
65,77.98402676995424,82.97176675735645
65,77.97569441071164,83.00223525425568
65,78.00658166540917,83.04953566790482
65,77.97238162716637,82.99999392632455
65,78.0307302176579,83.03215442564355
65,78.01061380210811,83.03021754570663
65,78.00842392744654,83.04038910730826
65,77.95712876529812,83.0085001346172
65,77.99435504308344,83.0262755083475
65,78.0274827597822,83.00951192219458
65,78.02141819804021,82.9944105482987
65,77.97473963473689,82.9682963329035
66,77.97702969641539,82.96226855696831
66,77.97298081655923,83.01161899103083
66,78.01090398051716,83.01929097212863
66,77.9824312489837,83.0090923225503
66,78.01677463455478,82.96173631975999
66,78.00558309092924,82.98195498940481
66,77.98887634672863,82.99740639117289
66,78.00127929473094,83.01274946157842
66,78.01187569160938,82.97315824837358
66,78.01788707050378,82.98369038634628
66,78.01917093783658,83.03162327308162
66,77.969824399435,82.97873227630193
66,77.98378170658329,83.01464365854689
66,78.02666197713172,83.00576606749479
66,78.025520863999,83.02593033376574
66,78.01112961787643,83.04543362324104
66,77.9988473547919,83.00649318781403
66,78.01952839844354,82.98587373516739
66,78.0143438117198,82.99425627171227
66,78.00671480137171,83.00094960436434
66,78.03940267157047,82.9830199540553
66,77.97420105933041,82.96328074819084
66,77.99110997548014,83.01207892103322
66,78.0079007656093,82.95354368214451
66,78.03874657416858,82.97453354965293
66,78.04203752255759,83.00540275361699
66,77.99060068266998,83.04090891398509
66,78.019700215323,83.0103051006916
66,78.00321491049542,82.98138347768527
66,77.96040913429124,82.99706542643561
66,77.99863742845595,83.00043840399007
66,77.96651106315377,82.9885861902821
66,77.96256045240304,83.00992553868535
66,77.99674952445089,82.98848960255953
66,77.95880043178043,82.98779118650056
66,78.00240896858712,82.98942356597695
66,78.0290383985552,82.98748991208807
66,77.98649384097448,83.02907996241376
66,78.02787479042797,83.02739668776704
66,77.9921249751187,83.00451397750668
66,78.01278324813457,82.98797177953374
66,77.99776948445738,82.96024287930426
66,78.02802623602862,82.98039149284628
66,77.97466870360807,82.95746203004055
66,77.97657390579404,82.9768515010249
67,78.0120311720189,83.02969092101726
67,77.96144745058598,83.02244061037612
67,77.95543510438615,83.00128853529027
67,77.98005245549118,82.99729867355263
67,78.00821096460106,83.03792494127832
67,78.0206119582708,82.99478374147445
67,78.02431777301472,83.03493655740748
67,78.02321995271105,83.02703257726841
67,77.99755015143008,83.04660176332406
67,78.02315065841633,82.9813615337591
67,78.03496259198707,83.0228577148013
67,78.02537005131077,83.02902568003982
67,78.02291292361737,83.02676424185502
67,78.00547111732844,83.04461372848603
67,78.03766084568007,83.01665972267458
67,77.98057442060183,82.97633993258128
67,78.04608573329696,82.98384346943395
67,77.96086885628402,83.01766704333274
67,77.99753728486016,83.0388015691859
67,77.99296121982653,82.98225266678257
67,77.98870337667023,83.00626101932406
67,77.99674553122776,82.97375775236448
67,78.00481555331469,82.96724023301664
67,77.9742603730628,83.012961418713
67,78.03271352868626,82.96837731581668
67,77.99648691103742,83.01751779553935
67,77.97728898026423,83.02337932454488
67,78.0107021532629,83.03384085243329
67,78.00523921183533,82.99957870906032
67,77.98920512615307,82.99955277277593
67,77.97190433285218,83.03178290298032
67,77.9989229219439,83.00281702584705
67,77.9920204910789,82.96079253599939
67,78.00331606250816,83.00497080895896
67,77.9779621022984,82.96129262443756
67,78.00863116300867,83.01872044707648
67,77.9921421835016,83.00511010484367
67,77.97318474372953,83.00008977944776
67,78.00271828575968,83.03028627428407
67,77.99742484348738,83.01443768267596
67,78.00134408407219,82.98191791418697
67,78.04181590014866,83.01283339096247
67,78.04593165358914,82.99112140927667
67,78.02597770366064,83.00212092939537
67,77.99944096633055,82.95354661702193
67,78.03450962073074,82.98527605125075
67,78.00610166925382,82.98677437418682
67,77.97690698453856,83.02545416087285
67,78.0242290454361,83.003023783983
67,78.01275597502315,83.04072181449857
67,77.98861088938787,82.98671348582386
67,77.9906641864056,82.95410933425033
67,77.97838523773729,82.97120767828163
67,78.00609473503077,83.01513478817112
67,77.96297446402909,82.99518601421656
67,78.03056915521779,83.03611530098945
67,78.02087002096181,82.97841351432437
67,78.01590933350272,82.97236263293131
67,78.01192677065204,83.02859390741196
67,77.98875442262434,82.99494155153434
67,77.97769628012267,83.02499919328827
67,78.01024030431995,83.02291648335947
67,77.98953376397924,83.04470849295309
67,78.01090241126747,82.991796686436
67,78.01536530845837,82.99936108737151
67,77.9917289464503,83.03639145688003
67,77.97619143243826,83.03727284068123
67,77.99281597250953,82.96675452030686
67,78.02932380330819,83.03060033228549
67,78.03102877816978,83.00852817637984
67,77.96811366824495,82.99045123685661
67,78.01599494469578,83.00410043195627
67,77.95050549789615,82.9999995428086
67,78.04310424302483,82.98523614259305
67,78.0449241075822,83.00933244962903
67,78.01958112858519,82.99429436307625
67,78.01558799382842,83.01510843141239
67,78.02447276369081,82.98731650744644
67,77.97541756853153,82.99898829608628
67,78.00441450637719,83.02451963573185
67,78.01067504283583,82.97602262843492
67,77.9670482998627,82.98247870330096
67,78.04708337181543,82.99836819279385
67,77.969023170158,82.9882873821911
67,77.98887146381168,82.97546618913059
67,78.04440600288075,83.00638853478668
67,77.97825572802577,82.95818341358734
67,78.00121975465699,83.02032032957086
67,77.98838004831957,82.95555477785106
67,78.03993917901659,82.99386798021223
67,78.0411278219983,83.00911211341582
67,78.03088412646807,83.02264662627888
67,78.0271629196942,83.01230405580634
67,78.01252882721442,82.99789525817005
67,78.0174479255782,83.01252185960229
67,77.99054554196934,82.96533742892342
67,77.95694658449348,83.01905990360285
67,77.96572690853809,82.96742663257962
68,78.02141068676409,83.00685136858395
68,77.98722754759721,83.02243454122669
68,77.95292758936792,82.98440789735713
68,77.99965859668208,83.01397396634698
68,78.0221627790562,83.02073856286127
68,78.00252802094934,82.96436258821569
68,77.97280137782685,83.0161750415887
68,77.98859668840416,82.99546778793172
68,78.03237115835682,83.01594542484882
68,78.0424375580971,82.99257740035914
68,77.96999572563693,83.0285241054122
68,77.96551854857064,82.96450125153841
68,78.01449457399953,83.03715412194936
68,78.02338635086814,83.01869040198024
68,78.02899288772248,83.01298729196725
68,78.0183521907852,83.0365352439099
68,78.01570887641397,83.02405069064267
68,77.97673771291461,83.02978809853269
68,77.9813211209969,83.00366098692128
68,77.97506133211719,82.99340316640998
68,78.02231699484078,83.0186915471196
68,78.0336438029658,83.00085016508832
68,78.00440973140927,82.9944650371988
68,78.00661921262572,82.98486893469875
68,77.98097986228031,82.9850879137207
68,77.98169720978598,83.03428585526274
68,77.98682505395044,83.00882011654278
68,78.03032972602536,83.00077796095985
68,77.96777224189488,83.01338628996531
68,77.99893828188722,82.99865133636179
68,78.00353072603754,83.04930688739555
68,77.9569475232508,83.00497864649053
68,77.99943103715599,83.03422472540895
68,78.03749818190107,82.97853269679662
68,77.99707978237832,83.03865153946599
68,77.98071393720024,82.98035625126033
68,77.97696165130792,83.00190595251065
68,77.95192989698606,83.00688117901473
68,77.98928442886395,82.98756597395978
68,77.98138712525298,83.00324053197511
68,77.99898898046996,83.00841839764067
68,78.01979637361076,83.02386911921066
68,77.98442458924895,82.97519840994767
68,77.98314791190384,83.01739460900805
68,77.96703941394884,83.02426355278384
68,77.99902849693491,82.95515660233909
68,77.98065084352626,82.97354092719532
68,78.02259586364009,82.96051663096601
68,78.02524142115168,83.04257508905675
68,77.96146017673969,83.01011331746845
68,77.99600640690207,82.98694254005997
68,78.01418937053148,83.00724470712747
68,78.01156293884299,82.99142810317637
68,77.9636802837503,82.9809775889457
68,77.98729173364792,82.99030670197878
68,77.99134712505297,82.97805934083445
68,78.00741121336769,83.00006759077078
68,78.00061957098656,82.98426404738584
68,78.0004063328219,82.98890964495196
68,77.96898651167983,82.99681326961702
68,77.96410215223979,83.0080964961677
68,78.01034780229466,83.02103177263974
68,77.98282868666392,82.98224574213502
68,78.03334870884238,83.0098020502734
68,77.99382828346198,83.03779467394837
68,77.95273374134129,82.99217767516696
68,78.02171737660518,82.99454699287345
68,78.04285964097421,82.97700113029477
68,78.00392239299705,83.03973122535686
68,77.9913832292031,82.95963275132964
68,77.97261678926901,83.03674253141853
68,77.96019376551197,83.02012822552683
68,78.01910114482072,82.99922715263445
68,78.01073153734788,83.03127946498532
68,77.97707537511293,82.9974894199274
68,77.98041551192,82.97269323632537
68,77.96865905026388,82.97841482493394
68,78.01868472244358,82.97517171722602
68,77.98644961010919,82.9960998888804
68,78.01283105440713,82.9910270459355
68,78.02326993813803,83.00063018715822
68,77.98687791265026,83.03750266225889
68,77.97427368742642,83.03340725081895
68,77.97927238196453,82.99076038556653
68,78.01995340344786,83.02235797301608
68,77.99534175407248,82.98827129159989
68,77.99524840108144,83.03806355765838
68,77.99539847437617,83.00777455701873
69,77.98202710875108,82.9995044526302
69,77.97286010123487,83.01959757837633
69,78.00146656615634,82.97428078897923
69,77.99978529333978,82.97857782665164
69,77.99780955164364,83.03140423363301
69,77.99875307665312,82.95981411309809
69,78.0267022676837,83.025312497346
69,78.00970485134384,82.97959239507739
69,77.98502344324098,83.01703084718223
69,77.99141051119132,83.02409351193869
69,78.03999118779818,82.99028715230098
69,77.96232167938648,82.97395260329324
69,78.02541914732149,82.98263082989548
69,77.97480563481174,82.99571768923064
69,78.00579945087428,83.04231437606344
69,77.99254036970947,83.00156988750908
69,78.00676563636954,82.98316440074971
69,78.00121090312895,82.96243354828695
69,78.01575828894278,83.00401740883028
69,77.9601699262473,82.98636411864882
69,77.98438170139455,82.96551214840377
69,78.01840193488601,82.96305696881456
69,77.98309792624721,83.04278554755963
69,77.96486040620884,82.99484298322199
69,77.99574170554511,83.03760585799472
69,77.98712744638732,83.00225352458322
69,78.01460029312359,83.01568334199713
69,78.00769638472333,83.00074014885953
69,77.9880875739635,82.99324978356977
69,77.95180361336098,83.00433225622466
69,78.00766593622197,82.97891432691553
69,78.00878309192485,82.99071902058314
69,78.03272580348138,83.00068793464797
69,77.95802660344422,82.99427187867781
69,78.00244988001374,82.9966537602203
69,77.97879014219511,82.98439608388846
69,78.02393766017377,82.99335558109439
69,77.96477474196575,83.02285983062744
69,77.96234423179058,83.00875319867615
69,78.01687862464229,82.99315118108476
69,77.99645318186805,82.99007735022174
69,77.9703929374353,82.99421050029657
69,77.95305083927032,83.00636635683651
69,77.98954155173624,83.011953917185
69,77.99378785442961,82.98708696727118
69,78.01896878416136,83.01793998203546
69,77.99883195154153,83.02461727853387
69,77.96043794067116,83.00421855553178
69,78.02050248823583,82.97259603321108
69,77.98868983760525,83.00095975664426
69,78.02502338178229,82.98641247000519
69,77.99446841758207,83.02828960126645
69,78.018861332547,83.038558212858
69,77.99867948612595,83.0151768388587
69,78.00765564310797,83.04515337223678
69,77.96302490407655,82.96749460347172
69,77.99883195154153,83.02461727853387
69,78.00771938777221,83.00494518500187
69,77.99555902794077,83.0492812376277
69,77.99490104776496,83.01868532535055
69,78.01642434431069,82.95681967202668
69,77.97641123582166,83.00614040780458
69,78.02636340201079,83.00038655514835
69,78.01969908144639,83.04151960248691
69,77.98846422474476,82.98189152325146
69,78.00425142686878,82.96324792325818
69,78.00452048204113,82.98304783987587
69,78.0351479339372,83.02795955456801
69,77.99026058549875,82.98365405399211
69,77.96903129934574,83.02285022146772
69,78.02676213292483,82.95887715501883
70,77.97876995812847,83.00755662002251
70,77.98448144336044,83.01058931177414
70,77.981864994901,82.97073607940241
70,78.04357309786477,83.00005551845001
70,77.96080241319225,83.01708577275231
70,78.01366884272785,83.04043533308754
70,77.95793253571811,82.97374087146798
70,78.00713474694979,83.04168750561155
70,77.98683521770236,82.994906619744
70,78.02013006024416,82.99784453843694
70,77.97783233229124,83.04038056869022
70,77.98875112421008,82.99988889412441
70,78.0300591989682,83.03517801565624
70,77.98762550428371,82.99102405326647
70,77.99179497992823,83.04649082721568
70,78.01581434310343,83.02888694577796
70,77.99902904179557,82.9913876052242
70,77.98321734840833,82.98209732066368
70,78.04431070082437,82.98724653250666
70,78.03105419166971,83.02872820928015
70,77.9578471063364,83.01401774095821
70,78.0102936255116,83.02013708870092
70,77.97299243092245,82.98741817312764
70,77.97434664470882,83.01087082170729
70,78.03372883797232,82.9995257898274
70,77.98077752746678,82.98768220269655
70,77.99810797664428,83.0162742806676
70,78.00091529312296,82.98877697776126
70,77.99448960068892,82.9809985226631
70,78.03456943830768,82.97879599923344
70,78.03201363561149,83.02968887225056
70,78.01129686700868,83.033976006771
70,78.02561258636382,82.97401249727942
70,78.03628082178872,82.97767463319575
70,78.00744350528389,83.00537181460402
70,78.03177553934032,82.96412874461544
70,77.98892293488824,82.97825724462163
70,77.95640398281091,82.97759215990169
70,77.98781539543296,82.99249294384909
70,77.977108202705,83.01562281747054
70,78.0056055851121,83.021081224797
70,78.03005642865774,82.98277229961721
70,78.04332421560828,82.99463459115664
70,77.96036481738273,82.97606799039404
70,78.03725851146966,82.97600324934007
70,78.0053404794646,83.01316072863202
70,77.99441858735331,82.98611216776452
70,77.96552553882799,82.99621178289918
70,77.99065533307845,83.04498223167717
70,77.98119244012263,82.96530597192495
70,77.98055193908225,82.96772449605419
70,78.0148586535172,83.02164470507289
70,78.02011839634042,83.01043403393047
70,77.98529314668512,82.99621177467213
70,78.02501883629124,82.97082346529055
70,77.98740064975951,83.0098916425593
70,77.97467968903347,83.00722672643417
70,77.96007737142307,82.98394157569597
70,78.00044785305249,83.01808422122645
70,78.02690196712278,83.00618461574251
70,77.98741576125605,83.04457062696753
70,77.96495269476956,83.01097166770282
70,77.97653404760547,83.019548868838
70,78.03941387000972,83.03056485191635
70,78.00760998399258,83.0292014062501
70,77.98450777697816,83.00912435133297
70,78.01864732799699,82.9779321890383
70,78.03301938873234,82.99143405550134
70,78.03725263986821,83.02610894846633
70,78.00419850028665,83.00418644560102
70,77.95417897315224,82.98495507504373
70,78.02899288772248,83.01298729196725
70,77.96896559540235,83.00488249142795
70,77.98640846159708,83.0157178329946
70,77.97076084358838,82.9689139026158
70,78.02250134636009,83.00125807183072
70,78.02067246602645,82.98393840168153
70,77.97952117486925,83.00747900251947
70,77.99719222013604,83.03003627195267
70,77.97597677644892,83.01235170399485
70,78.04017119978003,83.00904233212668
70,77.97030740120506,83.0134277147008
70,77.97633134618131,83.01227006585358
70,77.95493242153933,82.97911821306965
70,77.96660181036677,83.02944509841818
70,78.02458873679704,83.02533337706515
70,78.0032303454661,83.04326437589715
70,77.96602531773526,82.97192213446667
70,77.9705415053484,83.00371633644906
70,78.01615312119272,83.01696817375957
70,78.02374298849907,82.97021008656354
70,78.03581395974304,82.98889250860839
70,78.00209542471222,82.98595244588897
70,77.98975685895005,82.98761450081122
70,77.96726557792007,82.98362627681612
70,78.04754567805911,83.01273996428162
70,77.97486916340684,82.98158057111462
70,77.98905924719763,82.97063059262507
70,77.96848849434308,83.02796155063567
70,77.99103473886804,83.01072962361656
70,77.98586676511628,83.04383859469198
70,77.97807141527629,82.97402223821021
70,77.97739402177211,82.99363822790271
70,78.03273544498059,83.0022474229137
70,78.02231425308248,82.99135380831139
70,78.00314492159072,83.03466621829662
70,77.95204088204977,82.9930036366948
70,77.96122804576304,82.9695529837194
70,77.95546234401117,82.98632827757136
71,78.00887453644604,83.01560320867587
71,78.009220952009,82.99999152916835
71,78.0318777220529,83.02549723760951
71,77.97086829148827,83.03766616102226
71,77.9872942554033,83.03726701601694
71,77.98543057584084,83.01464787739143
71,78.02795534697009,82.97543370196412
71,78.00190465609151,83.02287377098153
71,78.00216145856734,83.03142134238455
71,77.96861575823046,83.0124312177976
71,78.03542525092678,82.98159705494078
71,77.98260521343185,82.96111933304884
71,77.9774502436862,83.02696520450912
71,77.99592206560867,82.97169952290665
71,77.98421702082749,82.96148508730666
71,78.0089929510412,83.00271449884859
71,77.99637055385534,82.98025592652749
71,78.00619095473473,83.03667557602043
71,78.00944864500968,83.042606242044
71,77.9680325383195,83.00428030690315
71,78.0142119891807,83.03846651579669
71,77.97055667695474,83.02680746517895
71,77.96144933376762,82.98753703699437
71,77.99147076078806,82.99721653951917
71,77.96035592727172,83.01946752824993
71,78.02989908674186,83.00110066369837
71,78.02080565710061,82.9639831293113
71,78.01858641435577,83.02606220182955
71,77.98639727061476,82.98977874135579
71,77.98369308645523,83.04687576798091
71,78.02119311280342,82.98464949524329
71,78.0100136495143,82.95376586919495
71,77.96536955372741,82.96659503247915
71,78.02272978761695,82.98705333891309
71,78.005114014391,82.98333604665805
71,78.02215077783994,83.03589184789664
71,77.99707703804644,83.0081910965662
71,77.9777786064061,83.0412743680573
71,78.024040582845,83.038457636279
71,77.9727375775582,83.03266175052971
71,77.99467660240366,82.97730988624673
71,77.98237401026208,82.96050957705091
71,78.03599153602356,83.01336133108623
71,77.98321734840833,82.98209732066368
71,77.96981073490434,82.96054785908683
71,78.01945462926554,82.98841412126602
71,78.02672391901665,83.02037942212795
71,77.98928229641523,83.0089824917941
71,78.00137542212133,82.95023898103412
71,78.02035217589197,82.96589959282366
71,78.01681948427982,82.9700948417967
71,77.9917622534878,83.01732136158306
71,78.01595008902147,82.95698295816685
71,77.97255060494683,82.97440504097723
71,78.026713454264,82.96244524477245
71,77.99887097236662,82.95866369226871
71,78.03972814557962,82.99008973327976
71,78.01179190695098,83.04344583190094
71,78.04583774491834,82.99881650232585
71,78.03328966039987,82.9887484435272
71,77.95555851558885,82.99127231560338
71,78.007741957939,83.01484280574834
71,77.98950430963916,82.98834070718006
71,78.04364948299254,82.98368690494536
71,77.95162984037101,82.9941577084599
71,77.95831702424019,82.97866873311219
71,77.98965115712795,82.99069158855195
71,77.98998047262684,82.96334888975817
71,78.01508177673465,83.03148248652867
71,77.96099498320899,82.99814476068866
71,78.03439404337217,83.00062112865002
71,78.00810004495423,82.95385049778842
71,77.97949187285899,82.98203580069858
72,78.03025971539786,83.00209094480783
72,78.00504703578987,83.02911366025174
72,77.97730001129551,82.98898095821936
72,78.00644650870946,82.98153815805473
72,77.98600396025613,83.03800057670382
72,78.02303290980423,83.00181414763806
72,77.99218625258625,82.96470049705052
72,77.98339973992928,83.00719993339224
72,78.03894136503999,82.99148603941028
72,77.98622375596806,82.95903240518486
72,77.97616955794844,82.96864795157242
72,77.97472398344722,83.0317705693475
72,78.00014264199862,83.01403259947199
72,78.01444173561642,83.02747667710786
72,78.0257228216083,82.96031086134552
72,78.0058753794396,82.9655306717274
72,78.03300555403537,83.03448793965084
72,77.99178046380504,83.02675097968621
72,78.02172774693454,82.96991365260571
72,78.02748947535157,82.98141107441533
72,77.97076084358838,82.9689139026158
72,78.0064884541854,83.03402289730933
72,77.99647610268879,83.01734345761281
72,78.04862955606163,82.99468733521101
72,77.99760633479558,82.99029481044016
72,77.98376339045771,82.99272992988912
72,78.01512645503004,82.96635674504894
72,78.01694682812878,83.02065563441647
72,77.96987912920603,83.0285301004375
72,78.00681823266486,83.00753750558036
72,78.03131657259718,83.01313830653329
72,78.02256091450617,82.99871963896874
72,78.00822865657629,82.99653187289043
72,78.04470353979214,83.01190114793053
72,78.00581526762932,83.0327825658865
72,78.03075809499471,82.99332424021512
72,78.02375138256227,82.956298842048
72,77.95702491048449,82.98921351556601
72,78.01904850592932,82.97794050023914
72,77.99191619531284,82.98706545235463
72,77.9628965016596,83.01093134078893
72,77.99372872969637,82.98532070380179
72,78.02165602639829,82.95848438052539
72,77.98721259202176,83.00599649319966
72,77.9723896761716,82.98310668200993
72,77.99430883844714,82.97615334799778
72,78.02897674344217,82.96499437494774
72,77.98785897173325,83.01935383827256
72,77.95634305417269,83.02071655245823
72,77.99931712421386,83.03534355001806
72,77.99623769840728,83.03395651411026
72,78.00802593317485,82.957995594174
72,77.96314496082435,82.98957526744171
72,77.96973039016554,83.03692360430222
72,78.01277956570563,83.02676939751319
72,78.03318074146769,83.01053776141242
72,78.01284370984804,82.95929990505442
72,77.95552596781178,83.00780972889014
72,77.95993073828247,83.00722887295844
72,78.00886905005103,83.02134527011201
72,78.01308963466575,82.97568557845558
72,77.99406856416346,82.99163386390302
72,77.98230667281503,83.02401650509997
72,78.031873880482,82.98426901493353
72,77.97776041621655,82.98291759275352
72,78.03959415129331,83.00118384647368
72,78.03364964392962,82.99562086179053
72,78.04368774392383,82.9900795248585
72,77.96166667712268,82.99016449112558
72,78.00675240759139,83.01749798710424
72,78.01675865125628,82.96670069462051
72,78.01912671010346,82.98466391021287
72,78.02332075974587,83.02376411488927
72,78.03626240141789,82.98348588221971
72,78.01288217509573,83.02029285562571
72,77.95260367156335,83.0116021166406
72,77.9538679444262,82.98448272530833
72,78.04892531064253,82.99688509634387
72,78.02788135798632,83.0081723917957
72,77.98129320382844,83.01544781935586
72,77.98677674875819,83.0244354180922
72,78.00083319660693,83.03188792562266
72,77.99487296562836,83.0122723095826
72,77.9625461141583,82.99436511376462
72,77.99033185390323,82.98450606283015
72,78.0020168730072,82.95855289275862
72,78.04738969231991,83.0121326999635
72,78.02741910052036,82.97716216398591
72,78.00106746300139,83.00286171324073
72,77.95752968612926,82.97853742274651
72,77.98712992536355,82.95286117095395
72,78.00744994550718,83.00903288102874
72,78.02084537908507,83.03561834906942
72,77.99845163774229,82.95832373723283
73,77.9728118898261,82.9630060501169
73,78.02021090054403,82.98894577243121
73,77.97379752736838,83.00546296173621
73,77.99072898090138,82.97757408623148
73,77.9809085249088,83.01627810845372
73,77.98121927129829,82.98525449402554
73,77.96917060441035,82.96529848374296
73,77.99254703735497,83.02246958296153
73,77.99583739533182,82.99604510011643
73,77.9535665616551,82.99502799762627
73,78.0364987344246,83.01722541739016
73,77.98551919333266,82.98812981036635
73,77.96184696774007,83.00791374739593
73,78.02123468427986,83.04409208872376
73,78.04801698771956,83.01034228444621
73,77.99660501492012,82.95877778706854
73,77.97213406322474,83.02201624623189
73,77.97151565723097,82.99813384611487
73,78.00544023067742,82.9846180587584
73,78.01646634462435,82.96080172198111
73,77.9974521480373,82.9795377068766
73,78.04419239009663,82.98016649273495
73,78.01472019921792,83.01564065666518
73,77.9778210929128,83.02601323778603
73,77.97314776924873,82.97888536475233
73,78.0116155559139,83.04840459774447
73,77.99975781898581,83.02517337662337
73,77.97133871990779,82.99366642828666
73,78.023204246279,83.02046234303717
73,78.01869918615544,83.0242079815433
73,77.95453344652958,82.98464134525776
73,78.0213017904684,83.00149228137626
73,77.95653909241311,83.0158090954945
73,78.01343562545199,83.01156273016569
73,77.99841434816939,82.97639705393465
73,78.00132520732264,83.02883379721456
73,78.01920586661622,83.00131391336294
73,77.9950161907976,82.98929560425357
73,78.00356147819657,83.00106793660595
73,78.03835546318628,82.98572606505324
73,77.97601980827291,82.95932966187588
73,78.02493376989655,83.02280441296998
73,78.00449733009145,83.01099371067423
73,78.03658495855278,82.98493260665873
73,77.96994064811791,83.01718911969037
73,77.99110115970838,83.01041791657212
73,78.01576987828666,82.96764366097914
73,77.99870918211492,82.97994360469528
74,78.03669025810835,83.00710195450627
74,77.98952315387102,83.02779627287288
74,77.99356227731772,82.99324384161648
74,77.98614695647825,82.99506161711712
74,78.04010201470645,82.98066299422808
74,78.02716272628848,83.00007670297953
74,77.98784070417983,82.95475928292142
74,78.01124321467664,83.0223836177518
74,77.97850995920392,82.96922980471271
74,77.96961981967786,82.97354623812181
74,77.95946406864952,83.0135583163454
74,78.0495700568906,83.00020181046607
74,77.9984887447688,83.00715585629825
74,77.99887433295763,83.01103960352553
74,78.0389055006346,83.00781696099759
74,78.00162907086906,83.04309489520013
74,77.96609062630678,82.97947564351959
74,77.95453139841206,82.98825651321405
74,78.0021820853765,83.0054378688738
74,78.02133166749208,82.96288659958621
74,77.99364455067013,82.99777300797099
74,78.03603870789858,82.96671805706941
74,77.97861377693985,82.96411070609055
74,77.9905869537582,83.01687066172987
74,78.02657157033836,83.00641846890089
74,78.02502470630336,82.9929772986757
74,78.01225706672449,82.95732011621872
74,77.96968201321619,82.97853216464922
74,78.00919988457012,82.9761377351001
74,78.016937881216,82.97879112457925
74,77.98903578915909,83.04177137314244
74,78.00919988457012,82.9761377351001
74,77.9692151691047,83.02918821561597
74,78.0061207211522,82.96210719304214
74,78.03748610090962,82.98329345282563
74,78.04634842497067,83.00373036969575
74,78.04357001628588,82.97791091007215
74,77.98090338765029,83.02171930774934
74,78.01720512222198,83.0057373773104
74,78.02917738310678,82.97469606910187
74,78.01829321050694,83.03168117941001
74,77.9932116669527,83.0170915114757
74,77.9605144175029,82.9846934079796
74,78.02110750077445,83.03864754208686
74,78.00056306122427,83.04210892074389
74,78.02219031447241,83.00909374102505
74,78.0329600381798,83.01051177674074
74,77.97914028567482,83.04543600926543
74,78.03758914475098,82.99523916950814
74,78.03423328086821,83.01878579623285
74,78.01309033278183,83.04271464143424
74,78.0276228344855,82.98783246607225
74,78.00422883178835,83.01633528061475
74,77.96256045240304,83.00992553868535
74,78.04703734891305,83.01605465027829
74,78.00363873021513,82.9912767080004
74,78.0333522068176,83.03260227837424
74,77.98332029058014,83.04119734876923
74,78.03088488610088,82.96151248962133
74,77.98799462350874,83.01255860702297
74,78.04115683464117,83.02055766253429
74,78.02871034570222,82.97739813586776
74,77.98874070919564,82.9808263694084
74,78.04559758336175,83.01159817238458
74,77.96934771297668,82.99896899219398
74,78.00694739924539,82.98331259450747
74,77.97642367526188,82.99207106477016
74,77.96093641296784,82.99414962408136
74,78.00820819549394,82.97896252853765
74,77.96632710689836,82.98229502971442
74,78.0347787840446,83.01078660567168
74,78.00390308189303,83.03735613675525
74,78.00192014385925,82.9857459039774
74,78.02029862958166,83.02454494673398
74,77.98401393491389,83.01832193988267
74,78.03163025045183,83.0211868422299
74,77.99115552611016,83.04020989595936
74,77.9697205989224,82.98884187153335
74,77.97612449480405,83.00345906287555
74,77.9797502795385,82.99333092935284
74,77.98165810452997,82.98318955381758
74,78.01561513450554,82.99437089241142
74,78.03103575798393,83.00856817731879
74,77.98999045009654,82.96714616622818
74,77.96279834552787,83.02978514120892
74,78.0071719004831,83.04019020089535
74,78.00545960282501,83.03220067063823
74,77.99158311402346,83.01348820006308
74,77.97048994672103,83.01836947179565
74,77.98127414345643,83.02309667207768
74,77.97366512792681,82.96581095799412
74,78.04559758336175,83.01159817238458
74,77.99009175053459,83.02617988543649
74,78.02117628482553,83.01254181075369
74,78.00445164495724,82.9846519564355
74,77.99993596913141,82.9539276455054
74,77.99861423015616,82.97113467331631
74,78.02011982722861,82.98035027705444
74,77.99953127772172,82.96562846998954
74,78.01653294417174,82.98613434674742
74,78.02763310052636,83.00106569071225
75,77.96843730373747,83.02298112550649
75,78.03535282875819,83.01860669904742
75,77.97359957460895,82.98252885404439
75,77.9706362376173,82.96274732933055
75,78.03675918975456,82.97850944040593
75,78.04338723704478,82.99065477332213
75,77.9713003526895,82.97900659302032
75,78.03408158057691,82.98447799240188
75,77.99275623628917,83.03006376584524
75,77.97677392173384,82.95880590201018
75,78.0380513637232,82.99639475749308
75,77.96486677272645,82.97784183625618
75,78.0323047758203,83.03775103213809
75,78.02381926344025,82.96752973972794
75,77.96793450749398,83.02492170264993
75,78.0130633578249,83.02597136866225
75,78.02875950981985,82.97030440716749
75,78.00806145695276,82.99220341119337
75,77.95335200333565,82.99616924480495
75,77.98989518500115,82.95645634720474
75,78.00033121582169,83.01922724697381
75,77.95636031123775,83.00710548155229
75,78.01264872119509,82.9931182712197
75,78.04674839638909,82.99736452235648
75,78.01608426099267,83.02574063345746
75,78.02667106185349,82.98211734394535
75,77.97842076957704,83.00915525210193
75,77.98359847438381,83.0000606840907
75,77.97927238196453,82.99076038556653
75,78.00678152653595,83.01720981343195
75,77.96872006024847,83.03312369668693
75,77.9516292259694,82.9873655600012
75,77.9757113059815,82.96510575107479
75,77.99947191061447,83.04565568064868
75,78.01868452169337,83.01303283247421
75,77.99349221863459,83.02311867850872
75,77.99974010832976,83.04278907623208
75,77.98571529529796,82.98436450326385
75,78.01425844899893,83.00691507343676
75,78.01576398070831,82.95746116068283
75,78.03113336523603,82.99307649557952
75,77.9551681628753,83.00996135901391
75,78.03972582714529,83.0245866085006
75,78.04822575857912,82.99558508180684
75,77.98553784802999,82.98902794869775
75,78.00091349287985,83.00602236383529
75,77.96197411086754,83.0241921689675
75,77.9557145953012,82.99704054995459
75,77.98720377128683,83.01480293148735
75,78.03381048703547,82.96690656560645
75,78.02763708371322,82.95922919388472
75,78.02009975755188,83.00104480459761
75,77.97273259712945,83.01597081393007
75,78.01014959050876,82.9731281430318
75,78.00371089737924,82.95431617019965
75,77.96907603927288,83.02943775841482
75,77.97763422522014,82.99452233525649
75,78.01055613075158,82.95995406559922
75,78.02631513533642,82.97870150812992
75,78.0148504855885,82.96538606729925
75,77.99814135351491,83.02372241991085
75,77.98938750926469,83.00220696259107
75,78.02051736042394,83.02188787094853
75,77.97447792452014,82.97450307483658
75,78.02166243910087,83.02811796847254
75,78.02447171469937,82.97637102498629
75,77.96927410464163,82.96654141211984
75,78.0313437130175,82.99490410779048
75,77.9554893178903,82.98363914913556
75,78.0054557271632,83.00895978320703
75,78.01902526604447,82.97924434540937
75,78.03971328071441,83.01706627561187
75,78.03103794641292,83.03090942086207
75,78.01919690065382,82.9614888871679
75,78.03375795211232,82.97488375533322
75,77.97893808836248,83.0087657438694
75,78.00079425980888,83.04215403754095
75,77.99144603586153,83.01555574782198
75,77.963819208106,82.98566943810432
75,77.98429487054186,83.01093308924183
75,78.01483132914873,83.00209631808832
75,77.95008269260933,83.0024651752091
75,77.99333282312429,82.99293320530978
75,77.97684513753299,83.03767449297067
75,77.99985290800991,83.01513798364013
75,78.02053452215405,82.99875438290151
75,77.98356230567933,82.99567207821732
75,78.02268012644156,82.99447626278311
75,77.96441388869566,83.00055166702316
75,77.99135215202622,82.96820694216758
75,77.96324760718655,83.02709111403695
75,78.01393694975737,83.00256124489277
75,78.02209394596743,83.0142296820122
75,78.04400699253726,82.99941395430034
75,77.953772543222,83.0072106333401
75,78.0313168618721,83.00912503681755
75,78.01351467165605,83.04710335652001
75,78.039910401408,82.99480873746984
75,78.01973560868154,82.98317473422776
75,78.0338369200106,82.97000663633263
75,78.01072183536411,82.97182529848739
75,77.99688638653865,83.0061060540898
75,78.00335529119005,83.01429635325026
75,78.01738328174578,82.98610951714933
75,77.99343706813605,83.03021218589633
75,78.0292723990371,82.99003264516101
75,77.98302424803943,83.03215320726314
75,78.01045630380132,83.04274966606505
75,78.04320868925898,82.98967275362948
75,77.98971824301877,82.98463268356447
75,78.00228523321543,83.04123113566648
75,77.97187624232511,82.99895228476274
75,77.97761092012149,82.97144228653681
76,78.0165103214123,82.9582532036292
76,77.95397961990187,83.01149569636756
76,77.95453000421898,83.00969289112373
76,77.99794417708154,82.96885906392777
76,77.96851037526993,82.98187360232751
76,77.9932007976709,83.00060414199075
76,78.02036783297557,82.98452867651615
76,78.03881457335396,83.0196583804272
76,78.01709052791662,82.96337117321225
76,78.01911778706591,83.0000602616144
76,78.01906670034707,83.00314050786727
76,77.97463591747234,82.98420133330688
76,78.03640872184566,82.9893654518195
76,78.00278374932007,83.00352947066419
76,78.0080263460694,82.96711800396258
76,77.98311553410122,82.9904513339003
76,77.98880015616348,82.98315963536922
76,77.98439002248196,82.99932350092578
76,77.98560834843434,83.04206660301872
76,77.9746309683573,83.03792916576054
76,78.00045122396284,83.02957192057133
76,77.98402389913785,82.97020697039463
76,78.01699355395172,83.02563008925087
76,78.02045107162891,83.00831355234112
76,77.9950873876706,82.97806537272464
76,77.95350546826654,82.99798021253572
76,78.04326436093086,83.00994976174795
76,78.02197112552356,83.03790581497802
76,77.95459679594467,83.01736784458656
76,77.99393259404845,83.03691915311727
76,78.01724790060344,82.98456513934467
76,77.9946042488892,82.98237041353939
76,78.04353612197409,82.99219209550472
76,77.99489672675352,82.98075497341988
76,77.99668096791677,83.0008439028792
76,78.00419912240652,83.02207485444079
76,77.99243933213263,83.02175296915148
76,78.02298053923467,82.99672008371317
76,78.00771801272334,83.01119316548372
76,78.03053050367456,83.03073727159291
76,77.97157975473401,82.99152127245571
76,77.96411458331555,82.9884329537874
76,77.98441982709524,82.96914567995208
76,77.97741920891065,82.97989099855111
76,78.01522235088744,82.96050515824105
76,77.98072945072427,82.97571333708814
76,78.00287680887628,82.95896727334537
76,77.99484466077168,82.95830543214288
76,77.98778395427813,83.01966776464067
76,77.98016144557381,82.9895691669835
76,77.98164468239897,83.02137015098126
76,77.99766536722089,83.02010944773919
76,78.00493145887435,82.99634652476296
76,77.99672876474175,83.04931509343245
76,78.01675233697023,82.9674137965731
76,78.00331664338259,82.98170225979717
76,78.02365184560661,83.00814684158465
76,77.97817138261081,83.0165144256504
76,78.02887070706609,83.006769904947
76,78.01324189558004,83.00972454143395
76,78.00321445193106,83.03033314286483
76,77.97948474733833,82.98714720315071
76,77.97776615351862,82.95819063159149
76,77.96898910717113,82.98019790832947
76,77.95695688228284,82.9754490510735
76,78.0106627585515,82.97072532619127
76,78.02192251224635,82.98632309296745
76,78.00291196438772,83.04102987540787
76,78.01391828359057,83.00277236026646
76,78.02434407642933,83.0308168675692
76,77.95851980615448,82.9726499779525
76,77.99679193070047,83.03839398605058
76,78.03768888616646,83.03227828287454
76,78.02130610961122,83.02874187314848
77,77.99460334049033,82.99792071327892
77,77.95209089971752,82.99714827582656
77,77.99625059768307,83.00510553167408
77,78.03068485336269,83.00765014708031
77,78.01363681301294,82.98062078211004
77,77.98689859123802,82.96454390935462
77,77.9960808702869,82.99455014707445
77,78.03389766001641,83.00524000305691
77,78.03233074791186,83.01279716833105
77,78.01093694637083,83.02136399049485
77,77.99778197090447,83.03951564169317
77,77.9556161450862,82.98688444366041
77,78.03522598728847,82.98587360436522
77,78.01153813578274,83.0313827584168
77,77.97535004859189,82.980460446466
77,78.02442614981618,82.96018471964769
77,78.04691630891718,83.00659176902343
77,78.00677309176069,83.02938882123279
77,77.96599033871384,83.01401551734713
77,77.97811567838984,83.03387507568033
77,78.00675781593144,83.02884477979175
77,78.0146006149024,82.98438730020568
77,77.95992408699097,82.98034428594188
77,78.01939498085501,82.96291775806313
77,78.00686968910988,83.01876067648473
77,78.01564242353535,83.01123744206315
77,77.98151652458556,83.0018965432783
77,77.9982325384134,82.99716996925787
77,78.01947886765372,83.04256443706774
77,77.98982059433735,82.97081475402325
77,77.9830899041893,82.96865285703475
77,77.99447574021758,82.96413159246744
77,78.04410010915807,82.99656155259393
77,77.99532587313588,83.03255604045162
77,77.98898920198464,82.98017465325934
77,77.95352396093458,82.99673008002654
77,77.98756682254604,82.96216764720512
77,78.01987670503898,83.01974767382693
77,77.96971442879892,83.00148312675938
77,77.98439002248196,82.99932350092578
77,78.00097504828484,82.95793845787536
77,77.99266082113022,83.03217377164238
77,78.0110415600186,82.9685597129221
77,78.02796061483714,83.01310959563611
77,78.00232935179457,83.00975244980175
77,78.01388090871237,83.02640077025255
77,78.04409180388261,83.00556538673887
77,78.02844127950415,82.99107072290751
77,77.98608264423702,82.96715884720506
77,77.97797105609368,82.98111769482568
77,77.97443293785389,83.01525005086557
77,78.0120563864176,82.9913978526777
77,77.96691035220654,82.97495466863334
77,77.9750722881116,82.98350357365025
77,77.96315875892002,82.9770424452188
77,77.96293329113348,83.00511613456571
77,77.97828665002685,82.99067598980686
77,78.03680466099728,82.9824624054418
77,77.99852899757764,82.95526320932373
77,77.99058164528033,82.99275210577845
77,77.97124437029261,83.02789487603552
77,78.02631922997813,83.01704411274883
77,77.98097986228031,82.9850879137207
77,78.00828497619365,82.99874334109771
77,78.01409637123919,83.0062479699175
77,77.97515974758316,82.97139027876152
77,78.01978067304452,82.99122761193173
77,78.02590538405295,83.0096921454336
77,77.98461069157297,82.95662078177084
77,77.97194041652367,82.98909429955556
77,78.0256214328461,83.04248261787296
77,78.02607891497843,83.02914052066275
77,77.98174289849284,82.95399716091723
77,78.02677146038853,83.03681602350247
77,78.00134917097685,82.96611566466878
77,78.01191629873442,82.97895849752761
77,77.9984887447688,83.00715585629825
77,78.00301626039072,83.02574404225547
77,78.01062473274676,82.97897866931669
77,77.980486883573,82.96096216250488
77,78.01008507683916,82.98708315050592
77,78.00817583165686,82.98496597572155
77,77.99487446140812,82.95788603546646
77,78.03784293869722,82.97595481879485
77,78.0028195895156,83.00686866115058
77,78.00490038467096,83.03918881399669
77,78.01288871304473,82.98441951131285
77,77.95301167126895,82.99724036642921
77,78.04357943397277,83.01160051566866
77,78.03803262739889,82.99158618441707
77,78.00556530391665,82.98599360574543
77,78.01912671010346,82.98466391021287
77,77.99842084466991,82.99999851557556
77,77.95613758731828,82.98119311238723
78,77.9821373713753,82.98506643787407
78,78.0273575604913,83.01634425937173
78,77.97334923986755,83.00107712841306
78,78.02341718514421,83.03125243955668
78,77.96623907206859,82.99879346657302
78,78.00769638472333,83.00074014885953
78,78.00679397904655,83.00340842983114
78,77.95992408699097,82.98034428594188
78,77.97261678926901,83.03674253141853
78,77.9683366232388,83.00441518005036
78,78.00370000280444,83.02464348055241
78,78.01475865643143,83.0337388590152
78,77.98360798343472,83.03172465565092
78,78.00153654031226,83.00690364750088
78,77.9817006021716,82.95994767596137
78,78.01617626220788,82.96542378804023
78,78.02829042998042,83.03316560137317
78,77.99270824746857,82.98783923930314
78,77.98872363975325,83.0352242344096
78,78.0012466508834,82.96256598803251
78,77.98171778381463,83.00382059320675
78,78.00592144402096,82.9592069840214
78,77.99362116644215,83.04740614073688
78,78.00284640156568,83.0387616019906
78,78.00694313570747,82.98831667309568
78,77.9857372511102,82.97854158311678
78,78.02889020779666,82.9806975921309
78,77.99990180682272,82.99900257045164
78,77.98752203550468,82.9913782040468
78,78.02849112325183,82.99174733412711
78,77.9754630356802,83.00470935557864
78,77.95251823686122,82.98698554053396
78,77.99751598183654,82.9847941918581
78,78.04277267453368,83.02322732592499
78,77.97506145015629,83.01801642269749
78,77.9828276228651,82.98978650442781
78,78.01385849214475,83.03895311789007
78,77.99889537572429,83.02135906437559
78,77.96364513131907,83.00456011464277
78,78.0338267764528,83.01850332711534
78,78.00114154121859,83.02258215671995
78,77.99867078111366,82.95996523548168
78,77.99705371754287,83.034243158
78,77.99488403788438,83.00409749286256
78,78.0001557792795,83.00971605351947
78,77.96556252903524,83.00727517020063
78,78.00080749591189,83.0316487718628
78,78.00002468637116,83.03845360067005
78,77.9892253084815,82.99431085403644
78,78.04048029541433,83.01055136698977
78,78.03609130250851,83.01627060081732
78,77.9848899780666,83.01287235810308
78,77.97148594765866,83.03091007393012
78,78.01843427705232,82.98836932090427
78,77.97665474117379,82.99947170090232
78,77.9766441171642,83.0352189696182
78,78.04454968305976,83.00977938190493
78,78.00712164660767,83.03293379780047
78,78.02279498729247,83.0089814351864
78,77.96799797427452,83.02791002804422
78,78.03836793446537,83.02754433430641
78,78.00505298194572,82.98625279312044
78,77.9787090791519,82.97850310432509
78,77.98568481050164,83.0179865619539
78,77.9840668371454,82.98051416233403
78,78.00916513440411,82.98229397716078
78,78.02966644014852,82.97448576396204
78,78.00492647104274,83.01613175197585
78,78.0051205935974,82.96678720655493
78,78.03939243997962,82.9787253646636
78,77.9824441553168,83.03155232922558
78,78.00146095580563,82.99710271430646
78,77.98632364474942,82.97084148641218
78,77.95589537677843,82.99229258226991
78,78.02330918582099,83.03937827142619
78,77.97128326608481,82.98052547499346
78,78.0042274719748,82.99807546067039
78,78.00132540914716,83.01195032952218
78,77.97717588829866,83.04343542744154
78,77.97527730160712,83.00860743314966
78,77.99508343481965,83.0243632418367
78,78.02784903930501,82.99241074952575
78,78.02890317600874,82.98266960623116
78,78.01713366839121,83.00768476775247
78,77.99479849050363,82.95536114735438
78,77.9814812229807,82.98395560381485
78,78.00153654031226,83.00690364750088
78,77.97857147875176,83.03920292664559
78,77.96691035220654,82.97495466863334
78,78.02582696547792,83.01147012677254
79,77.9737515290611,83.0143728448632
79,77.96637305891359,82.96512169178548
79,77.99440980443634,83.04901246833526
79,78.03244534389351,83.0262372328194
79,78.02310186442483,82.99245564024824
79,78.01439808392271,82.99877953098446
79,78.00032764276745,82.95752938893976
79,77.96196936638758,83.00861799481505
79,77.99524688889888,83.00680161418245
79,77.99026377950119,82.98818113702751
79,78.02600526617587,83.01677783561504
79,78.04050791149906,82.99616342799732
79,78.00167735342984,83.01111174791767
79,77.97344975292924,83.00496203510144
79,78.04409209299578,82.98200046106541
79,78.04221753141286,82.99906122385165
79,78.01043075697145,82.97248440253425
79,78.02321995271105,83.02703257726841
79,77.98880125448919,83.0301627234897
79,77.97609592029458,82.9999423762378
79,78.01529600073107,83.0376500400419
79,78.0345226395348,82.96959867438298
79,77.9821373713753,82.98506643787407
79,77.95052029341433,82.99319023965342
79,77.97802849852572,82.97799165198623
79,77.99571089001779,83.04719590057175
79,77.96554720038786,82.97361106842774
79,78.04215732755486,82.98236157954105
79,78.0121931847612,82.97276641927479
79,77.95531020554242,82.98534954600332
79,77.99278707230943,82.99673173094632
79,78.01615856489984,82.96937757816453
79,78.00708261960652,82.98512413025396
79,78.00754695905253,83.01961949033165
79,77.9854573090929,82.95751526693556
79,78.00937134014822,83.00219916289949
79,77.98717004352551,83.01804443777716
79,78.02466250812896,83.03623331388168
79,78.00760411265108,82.9774367473012
79,78.01549276706623,83.02704776233038
79,77.98353793605139,82.95510860115647
79,77.9998933228051,82.98588052864177
79,77.98696387252086,82.96759138449437
79,77.99793247086737,83.03040311795415
79,77.97458559277062,82.98492229664498
79,77.97859211563242,82.9879947301649
79,77.99652100336338,82.98609121496939
79,77.99764222174527,83.04132217264167
79,77.96685561011309,83.03119111072678
79,77.95078883538199,83.0077220689485
79,77.96076038515089,82.99835328846649
79,77.98667970821704,83.02090019848812
79,77.97047220896127,82.99578446572201
79,78.03088412646807,83.02264662627888
79,77.96766086645792,82.98877803801156
79,77.98567057678711,82.99734227257497
79,78.02925801847182,83.03542559426674
80,77.98412409845903,83.00209202168826
80,77.97489168078152,83.01615142138292
80,78.00320250503229,82.9928244794252
80,78.017889010609,83.00460550035424
80,78.01058831756792,82.99672239237837
80,77.96685822553619,82.98403382493716
80,78.00269468475705,83.00992898582315
80,78.00592535334692,83.02803159387453
80,77.9868189555267,83.02360185660129
80,77.9731841970516,82.96408820351638
80,78.01826055592637,82.99962552345738
80,78.00061957098656,82.98426404738584
80,77.97421050807871,83.00078863673438
80,78.00059079129728,82.95439279476734
80,77.9979813647831,83.02129825345969
80,78.00461844881677,83.02473421596189
80,77.99863248523445,83.00026161741542
80,78.00666562439487,83.0302309289325
80,78.02363785660259,82.99308762243768
80,78.0153451694543,82.9584995600246
80,77.99730044534198,83.02078444020651
80,78.01198895867556,82.99596252242743
80,77.99988518372153,83.02389373566184
80,77.99632601488243,83.02825067616953
80,77.99958855536973,83.00526917509445
80,78.00434110275586,83.00930364547156
80,78.02430346215822,83.01881344784319
80,77.98768307371554,83.03626792122874
80,78.00837250477984,83.02413742942034
80,78.01416393959686,83.00489146701013
80,77.99639610895984,83.04261121788615
80,77.99469945510837,83.02507588577988
80,77.97267640621081,83.01167082726772
80,78.01812925910926,83.00180597975488
80,78.01064481019839,82.99905091022444
80,78.02797795524475,83.00725262747454
80,77.97225618258665,83.02590546854181
80,77.9865792754039,82.9820057053936
80,78.01130250434919,83.01021248789235
80,77.98649755922975,83.00066845128293
80,78.02614585242678,82.97866795843983
80,78.01024825520717,83.00111836495856
80,77.98265195160238,82.9695939645292
80,78.00009160021567,83.01759516127491
80,78.01529600073107,83.0376500400419
80,78.02694478642002,83.02490758954417
80,78.01782278961355,83.0028388269269
80,77.99914903511684,83.01144392646562
80,78.00703254534706,83.0045164045429
80,78.00063518033195,82.99728430396048
80,78.03061637168031,83.0185390811829
80,77.97319444259561,83.02116704052033
80,78.03572455082585,83.0145201923156
80,77.97566576379823,83.02488503572675
80,77.98572114399727,82.98501354386727
80,78.02065518107814,83.00791018292726
80,78.02298945748765,83.01541193451548
80,77.97237969373471,82.98456611004302
80,77.99533496697636,83.02720119671541
80,78.00834162576037,82.98573904935883
80,78.00411733034863,83.00081560455763
80,77.99882030971426,82.98944345839817
80,77.99241440460658,83.01307264592477
80,77.96567360121487,83.02382841690752
80,77.98269055715471,82.95964759066959
80,78.02028199037464,83.01026691554854
80,77.97746647188207,83.0008446680764
80,78.04081668832089,83.01254867100049
80,77.98549618318981,83.00811507774206
80,78.00958275417781,82.96475192654646
80,78.00409238041493,83.01292950078474
80,77.97031212706983,82.99530534278
80,78.0152962731913,83.00970575677077
80,78.01263620338158,83.03760942392041
80,77.9914498182516,82.98783179703557
80,77.9901230102275,83.00812886619883
80,78.01935639637132,83.00227827053254
80,78.01043411557643,82.97162849001214
80,77.97904357145175,83.0062233537525
80,78.0031899545055,82.98309312352569
80,78.01270187344946,83.00285368018444
81,77.98818645204555,82.97192829024719
81,77.96326394959833,82.98848492369906
81,78.01344663474956,83.02575815704783
81,78.04036331869867,83.02948017261679
81,77.99826785208747,83.01481972120335
81,77.97490060729604,83.00085686436917
81,78.04602166989291,82.98652769050508
81,77.98747921251301,82.95942435345964
81,77.9827071952488,83.04130742078652
81,78.01077588052969,82.98670646451373
81,78.0143802835128,82.98107059603464
81,78.01457399889225,82.96073832607335
81,77.98910458507072,82.97654301428308
81,77.97930078833701,83.01130397440927
81,77.95838757521753,83.00517527188109
81,77.95682171439648,82.99902700048007
81,78.01494634562438,83.02813501489477
81,78.0082726230039,82.97890200382069
81,78.0245581017582,83.02842375400425
81,77.98657929803714,83.02983732869677
81,77.99594660607497,83.02802964340417
81,78.03450200289038,83.03287603021585
81,78.02557259086832,82.99196039940588
81,78.01765584117264,82.98583549009811
81,77.96347802978566,83.0146157139014
81,78.02190851750227,83.01238509280151
81,77.97433811941372,82.96277891440013
81,77.98800974997029,83.01034137141113
81,77.99647610268879,83.01734345761281
81,77.98116227000611,83.03034990245534
81,77.98219332071476,82.96407392865852
81,77.97999267421115,83.03404254725518
81,78.00414473362997,82.99342560748912
81,77.9846558666569,83.04534935303643
81,77.98048823927967,83.01191586751254
81,77.97513247064533,82.96388570396284
81,77.96332205121065,83.02994167072846
81,78.01295949736198,83.04822394105395
81,78.0135350378437,82.99728929964787
81,77.97725634149178,82.9853889049753
81,78.0177468945773,83.00173198871828
81,78.02648254414893,83.01094265564656
81,77.96995129308195,82.99179990371445
81,78.02949518827099,83.0264981614523
81,78.0004360115963,82.99891591468906
81,77.97772123353347,82.97546514816445
81,78.02025837985025,82.95629906499528
81,78.00245439064113,82.9681973875895
81,78.00478860488113,82.99452697787494
82,77.99988696500508,83.04018620168088
82,77.96949940971074,82.99362382198674
82,77.96199366519137,82.97924770202033
82,78.01890179484316,83.01082775068141
82,78.03365691592124,83.03511973855977
82,78.0382364270965,83.01519184826684
82,78.00537902461508,83.02495331673016
82,78.00675797041396,82.98058490366209
82,77.9630824294808,82.99854042128288
82,77.95749894005367,82.98776066344183
82,78.0236540841408,83.02334336752885
82,77.96439809379635,83.01664013606523
82,77.95564414856358,82.99668486307237
82,77.99820206586291,83.04070910547202
82,78.03105846593732,82.98367965756344
82,77.98909406093208,83.01542291457889
82,78.00625893687013,82.99802458837728
82,77.9556642252891,82.98532882023868
82,78.00860591267329,82.98953683432477
82,77.97418774371042,83.00001351384566
82,77.9654498700758,83.00839191961465
82,77.96579005896484,83.01865501162558
82,77.97160482137257,83.01063637121918
82,78.03859978174872,83.0127861168682
82,77.96085503266464,82.9886685810917
82,78.01843769466097,82.97424676104318
82,77.9724673901107,83.03512112706318
82,78.03044968865018,82.96066837692315
82,78.03318125205409,83.02562860001898
82,77.9956285883423,82.99507718915488
82,78.03751942031326,82.97650177736541
82,77.97388624317082,82.97841161786911
82,78.01791820189128,82.98586334031747
82,77.96602531773526,82.97192213446667
82,77.98112691856535,83.02550996188306
82,77.96365927616914,82.98557361967482
82,77.98680231861383,83.02480116363935
82,77.9943407068303,83.019059721107
82,78.03366711537373,82.974105555531
82,78.03736533601727,83.002164897079
82,78.01236869474701,82.99970352515953
82,78.01459878180704,83.03279920005006
82,78.01704421085125,83.00254938241794
82,78.02768077043389,83.00291619327069
82,78.04103511905258,82.98247428147486
82,77.9817524683325,83.01559987234005
82,77.97527609367162,82.99187322731832
82,77.99542738471197,83.0438836197333
82,78.0167468690702,82.9561831416514
82,77.99120241183921,83.01634802223914
82,77.96398056603014,83.0093563543125
82,77.99943098161489,82.97403289524061
82,77.97754209040603,82.98405179579913
82,77.97790093328544,83.02692522895606
82,78.00862337408283,83.01760958980609
82,77.96090740409886,82.97222738894598
82,78.03849157938858,82.97520967431059
82,77.98737250263443,83.00292738775254
82,78.00139938968876,82.98395594925226
82,77.98278550657126,82.95352613297334
82,78.00448209374953,82.96745575985258
82,77.96419913570655,82.9875220294972
82,77.96095579364727,83.00061115110954
82,78.02665864480902,83.00024684363702
82,77.9529012360797,83.00489307077514
82,77.9610282161311,82.9785264972762
82,78.00869803197473,83.00752145312697
82,77.95087490978392,82.99843767191521
82,78.00063961366298,82.99844960281226
82,77.98391404005795,83.00163276038599
82,78.01365083154367,83.00175053002914
82,78.02658683675239,82.98067166266074
82,78.02451004814013,82.9697683598388
82,77.99094414824322,83.02328098040545
82,77.96370489498521,82.98890393998295
82,77.99149179169389,83.04854587761531
82,78.01877387052998,83.03485452519134
82,77.96227398271508,83.00322003361863
82,77.98008063692777,82.96945872280473
82,77.99235235404063,83.04575161598088
82,77.97822465350569,82.96969975644946
82,78.01741369763494,82.9629269217431
82,78.02784155952847,83.02791268318272
82,78.0256837509018,82.98632831893136
82,78.00287192564758,83.01405180860898
82,77.97628618800681,82.9768862180975
82,78.0247410515951,83.03268421420769
82,78.00243674082532,82.99174633325707
82,77.98359323329966,82.98509721260325
82,77.99427519915913,83.01354746038213
82,78.03117866348215,82.99816928464219
82,77.96499837451823,83.02030916501556
82,77.96924387243402,82.96894105277232
82,77.99762422530765,83.00484519956511
82,78.01832379993647,83.00930794636633
82,78.00417031132092,82.96298800140858
82,77.99354051681941,83.02822284962711
82,78.01541890484302,83.00818675678724
82,78.0265830547087,82.97164112988942
82,77.98412004526739,82.98108632700767
82,78.0302711986591,82.99537638936971
82,77.98279701713619,82.968985495232
83,77.96848352339096,82.98597947648635
83,78.01441317388137,83.0189977774227
83,78.00762917777938,82.97172698312947
83,78.02638167779065,82.99366090157609
83,78.01346314135787,82.95461185800784
83,78.00061957098656,82.98426404738584
83,78.04095326044047,82.98887323562859
83,77.95865283577837,82.97238627284602
83,78.00530541824588,83.01650360761657
83,77.98415685608761,83.00653597060868
83,77.95652947183865,83.00809951462412
83,77.99268388832871,83.01321019031074
83,78.00146884486212,83.00421670611219
83,77.96049304113049,82.99751924936832
83,77.96580322405897,83.00870471966464
83,78.034595886004,82.9711005670293
83,78.0311780511607,83.00378650442755
83,77.97782230620477,82.95607527448685
83,77.98050048449521,83.01436156548557
83,78.02286122271057,82.98998349423698
83,77.99509136266951,82.99062125380532
83,78.03635664725192,83.011377224205
83,77.98916975197344,83.01279293599698
83,78.00080544734293,83.03455272704677
83,78.0109091836188,82.98613107040023
83,77.99647610268879,83.01734345761281
83,78.02256236071509,82.98961005116037
83,78.01309413395907,83.02112441162929
83,78.00454968194464,83.02534392222896
83,78.03594675984144,82.99186673049026
83,77.96089798138144,83.0209532373175
83,78.03393333902937,83.00831464170992
83,78.04068382698392,83.00648221360477
83,78.0159616108276,83.03757635409734
83,77.99987314138605,82.95521726917653
83,78.04356811183311,82.97937023113717
83,78.04721195823889,82.98562949420048
83,78.02575470211069,83.02903790072187
83,77.97191311027822,83.03423350006827
83,78.01457364547574,83.03788648287012
83,77.99724389582529,83.04771290451302
83,77.9773763547192,83.0093963774878
83,78.02150883721491,83.0115985492644
83,78.003554246258,82.97793967813186
83,78.0080263460694,82.96711800396258
83,77.98851649068486,83.01519131297007
83,77.96882159970113,82.97903026738442
83,78.00941212668069,82.95178394462884
83,78.0319512014807,82.98752903527804
83,78.00438221473716,83.03202436922363
83,77.97871315799746,82.95785993944021
83,77.99966796991053,82.95925352640492
83,77.99065037577252,83.02309942134424
83,77.95879552586898,82.99830766011864
83,77.97930078833701,83.01130397440927
83,78.02229742051505,82.9985282624384
83,78.00307309434001,82.98779771301888
83,78.00371576069611,83.04365414667824
83,77.9835922872697,83.02788931550016
83,77.99970086090197,82.95827389090395
83,77.98835215635238,83.00068988114121
83,77.9617573277853,82.97929886263857
83,78.01059946252195,82.95208231441369
83,77.97208353663896,82.98926945290691
83,78.00969574502487,82.97108470454181
83,78.01498182211235,83.03078500120678
83,78.02078126668,83.03214885552654
83,78.04870607331928,83.00008514089191
83,78.00095195062812,82.95179499183641
83,78.02729952754677,83.02108825511182
83,78.0453905691202,83.00493770139921
83,77.99824520088524,83.03451296014283
83,77.95732554733966,82.99447567081816
83,77.99467704989884,83.04598612633563
83,77.99800617503553,82.96385134044331
83,77.99169066770057,83.01566151929299
83,77.97926258277457,83.00455461179128
83,77.98154930949671,83.03095739587764
83,77.96839833458775,82.99584032322619
83,78.013441054565,83.00892953908311
83,77.98207013517921,82.98881655153991
83,77.97941748359236,83.0175341049128
83,78.02417012029426,82.99423867116816
83,77.98252252478484,82.961233318724
83,77.95462955357542,82.99547390902903
83,77.99976385172572,82.96131109368855
83,77.99448169387475,82.99400346615568
83,78.00060652107643,82.99985077511224
83,78.01687862464229,82.99315118108476
83,77.97900869585949,83.00977450169388
83,77.99054506811511,82.99604108739979
83,78.00047737052559,82.97794479838608
83,78.00008633879456,83.02344316443417
83,77.96790420770154,83.02639069213788
83,77.95944564762658,82.98350124056832
83,78.01128450957722,83.0061083525069
83,77.96999362103925,82.97379294340323
83,78.02778421922453,83.01729820055581
83,78.03188799118718,83.00383246539468
83,78.00116267994629,83.01987948759702
83,77.98970206545658,83.04877526036591
83,77.97782000195525,82.99151419182782
83,78.01953034953334,83.02811878439914
84,77.99517658739495,82.99666706313009
84,78.024335036625,82.98451802339677
84,77.98830553766086,82.9611942666694
84,78.03017403591036,83.03629676331471
84,77.98426738504213,82.99009616863655
84,77.97462350076836,82.97823808212574
84,77.95891088803099,83.02660275136478
84,77.99684537587181,82.9584219707
84,77.95983436543926,82.99075058037852
84,78.0424375580971,82.99257740035914
84,77.96965816732967,82.96388041175776
84,78.02992877385907,82.98068821686986
84,78.02313771994942,83.0091992551208
84,77.98744856105053,82.98855789253331
84,78.00987844738033,82.98412325819073
84,78.03996428786819,83.00657566126155
84,78.01584953331992,82.96047259914073
84,77.97327748894612,83.03785411841017
84,77.96482362457235,82.96642921922141
84,77.98831372205713,82.99795126291751
84,78.02302632893749,83.02556867096466
84,77.99969831750332,82.98376591912157
84,78.03022236397396,82.98487596560474
84,78.01544209412998,83.01335601889302
84,77.98859390372006,83.02577626912957
84,78.03331170035193,83.02097179241956
84,77.99949143399542,83.03656760555329
84,77.99060128455491,82.96637603820697
84,78.03947101099489,82.9896953162474
84,78.0162588141686,83.0050384564733
84,77.97313472637873,82.97095656527418
84,77.97191863538059,82.99801645678214
84,77.95466810284057,82.9978079029023
84,78.02621504393282,83.01587262901364
84,78.02602506631517,83.03073309584016
84,78.02883435693727,83.02082772035082
84,77.99549008360482,82.98139153197235
84,77.98517380230871,82.96887085819773
84,78.00414962894266,83.01573484851937
84,77.97613392643714,82.99524122980316
84,78.00786064631697,83.03494857231806
84,77.99873720588009,82.9965808797588
84,77.98975888165036,82.99488177540672
84,78.02065078656899,82.9779730379375
84,78.01515634844145,82.99185416492621
84,77.96116227021908,83.00325264326199
84,77.99102709284323,82.98496680449131
84,77.95722762324922,82.97732011273493
84,78.0076434885642,83.00758872433101
84,78.03251540051579,83.00885282343057
84,78.01566689464,82.98676531683532
84,78.0167797747697,83.0066640563085
84,77.95728550099416,82.9965221272388
84,78.02294508681598,82.96353570153988
84,77.97391249881348,83.00265798949162
84,78.02164213646616,83.01100210844243
84,78.01894182037762,82.95568670268092
84,78.00021811558933,82.97134194005321
84,77.95889591283499,82.97691066031808
84,77.99348122389377,82.96234487211065
84,78.00297874376616,82.97760076625914
84,78.03270722310168,83.00576015481894
84,77.97563766837162,83.02810475645025
84,78.02821498956226,82.97610892488485
84,78.0059805345227,83.0411856388822
84,78.01565537475938,83.00454938666803
84,78.01026863335609,83.00724437458571
84,78.01764002631181,82.9698838832349
84,78.03698549594321,83.0256661262631
84,78.01477430612799,83.02807461066277
84,77.97003081330688,83.0062846228072
84,77.9662098759101,82.99664117425132
84,78.02819583787065,83.00714256102388
84,78.03764645197656,82.99153238887202
85,78.02326611658594,83.00115668455791
85,77.9919200315585,83.04452102811096
85,78.02496792503885,83.0050360344948
85,78.00828937799405,82.99421078505924
85,77.97165267466863,82.96847338608333
85,78.03022236397396,82.98487596560474
85,77.9617908725233,83.00204256139334
85,77.9960808702869,82.99455014707445
85,78.0096850533537,83.0255119998187
85,77.97314776924873,82.97888536475233
85,78.02390382672547,83.00826206981726
85,78.02136988409974,82.9571866681755
85,78.0020076375362,82.96859759093833
85,77.9888398633312,82.9656836462684
85,77.99306969318268,83.03213534243098
85,78.0039247782963,82.95795030003544
85,78.01639674712476,83.02438465149275
85,77.97370400828018,82.99489606681257
85,78.04207734869978,82.98347872512807
85,77.99467797168887,83.04572528109944
85,78.0078501162591,82.99335085886904
85,77.99279050243973,83.01463501920772
85,78.02039336252258,82.96277353381367
85,77.96660813124495,83.0342609543229
85,78.00963918189507,82.96318827795692
85,77.95457257830385,83.01992065359521
85,78.01995999526801,82.95731887756092
85,78.04286743789977,82.99310264439264
85,78.02452508843591,83.0311359965466
85,78.01952839844354,82.98587373516739
85,77.99930182470233,82.98264186355912
85,78.03832211593148,82.98587845126006
86,77.98486580739403,82.989210327134
86,78.00520998393117,83.03950148698343
86,77.98845228039352,83.00239037682337
86,77.96246269186634,82.9895848980032
86,78.00390322806689,83.03431447262852
86,77.98916078834084,83.01469135959871
86,78.01081597075523,83.00514812803999
86,78.00744479614134,82.97223101066572
86,77.97496187621293,82.97307346555331
86,78.03262574301607,82.97088608045777
86,78.04409501517608,82.97645012956397
86,78.0056975473731,83.01414681841327
86,77.9808700734181,82.96825388694693
86,77.991814082867,83.01239079858217
86,77.99648628430676,82.99167779827499
86,78.0292988474106,82.96659438808963
86,77.95578620205427,82.98643603030257
86,77.983405015952,82.9996004271354
86,77.97957737230126,83.03934573389913
86,78.00148309756057,83.04358404647701
86,77.98366404309132,83.0093941444227
86,78.00961441294689,83.00298229934798
86,77.98250529346633,82.98865056698911
86,77.98759180736289,83.02337516926357
86,78.02250697857885,83.03478551960725
86,78.03786591339208,82.99392853459828
86,77.95626735857128,83.00004540713782
86,77.99270510266662,83.01469770563413
86,78.02025003672131,83.006692382044
86,78.04418733512993,82.99250281278655
86,77.97257517510305,82.97380675592257
86,77.99657062145617,83.01787734739663
86,77.98949721130047,82.99955435681078
86,77.99762061984723,82.99008589225802
86,77.95958608726875,82.98413694298901
86,78.01175400614622,82.98209752374737
86,77.96456796424694,82.99067677782293
86,77.9858142039056,83.04458032498646
86,78.0484560816306,82.99784215635611
86,77.98716533771628,83.01141349687033
86,77.99814135351491,83.02372241991085
86,77.97554643393191,82.95660173472756
86,78.02060911413875,82.97891746139382
86,78.03959671736771,83.00021885449442
86,77.97985586901301,83.00513602339537
86,77.98986347285911,83.00959896517955
86,78.02671279274472,82.98729253395824
86,77.95834989068231,82.97288749876357
86,78.02716272628848,83.00007670297953
86,77.99363914641616,82.96286703302349
86,77.99458144516753,82.96620187081376
86,77.97462104357967,82.95856556344344
86,78.02428836892199,83.00415677488623
86,77.97720355737476,83.00242075327724
86,77.98122377362934,83.03962471957199
86,78.03849157938858,82.97520967431059
86,78.03766230112961,82.9852331194856
86,77.96973039016554,83.03692360430222
86,77.98741480928106,82.99163800789164
86,78.02881671053967,82.99557316475826
86,77.96457849574001,82.98175592137775
86,78.04205049684343,82.98214403526444
87,77.95731396591283,82.98769643643045
87,77.99977627428726,82.96547478672024
87,77.97021369838778,82.98070032530755
87,77.98694618515064,82.99044149365955
87,78.00932631215129,82.99323100424513
87,78.01951941088066,83.00944330204884
87,78.02930336308843,83.00348787788063
87,77.98497536265089,82.99250428869156
87,78.01894433648808,82.98916764984911
87,78.042169438798,82.97370336252939
87,78.04822363735734,82.99876121938571
87,77.99758718057257,83.00401432554696
87,78.02294859546075,82.97730838776084
87,77.99145390820821,82.98308872075395
87,78.01243621117104,83.03134128680085
87,77.98797000705767,83.00405568918946
87,77.98573493886697,83.0200082165455
87,78.00192726700827,82.95822059712044
87,77.98218963202642,82.98068082574856
87,78.02768712316649,83.02054615539869
87,77.9769681869036,82.96749828429098
87,78.01042879404606,82.9989781277174
87,77.98366990338582,82.97312234710307
87,78.00523979659279,83.01614964360866
87,78.02677836961362,82.96741130077294
87,78.00255116046007,82.95346864441599
87,78.03998324395488,82.99232386861475
87,78.01390325001132,82.9757023859246
87,78.04006027272968,83.0293222344261
87,78.02415218453602,83.00737392789064
87,77.99764950160235,82.95128369040992
87,78.02583794680179,83.00081259093278
87,77.9817524683325,83.01559987234005
87,77.96115849050479,82.96993485730681
87,77.95866720410157,83.00535621469106
87,78.00049580999571,83.01964749401652
87,77.95523076540593,83.01366428185541
87,77.96050450008455,83.02112827676058
87,77.98822508691207,83.01619518574789
87,77.99666876884007,82.98342114064549
87,77.98074860456182,82.98324457792151
87,78.000349939272,83.00553290450168
87,77.95526021184986,83.00204326999801
87,78.01377121722535,83.01628836099401
87,78.00123565571307,83.0320591300396
87,78.03556747556506,83.00890500262312
87,78.03126287827564,82.9703188764202
87,78.00539472477013,82.97459201013082
87,77.96807461938316,82.99899542876179
87,77.9822610132576,83.00522092703676
87,77.9791317414611,83.03389242748922
87,77.98307670518257,83.00208600821846
87,78.0404387776248,83.0185175713907
87,77.99526804632328,83.0123300418114
87,77.99155336847579,83.02095631168018
87,77.97669791263736,82.97712830114313
87,77.99522353488233,82.9547544529134
87,78.0288022593996,82.96502847799174
87,78.01900247519484,82.99151483539508
87,77.99498269241427,82.9937275443449
87,77.98789735109307,83.02364706293984
87,77.98493698327488,83.0370091614118
87,77.98138826382788,83.01087708732632
87,78.02507788874534,82.9844075528988
87,78.00976785583087,82.9980032775315
87,77.9603544247496,83.0099615245439
87,78.01041828485843,82.9756613466372
87,77.97937414455713,82.99689971735685
87,77.98052729174685,83.03606718695045
87,78.00339794560193,82.96636242105212
87,78.03445253313215,83.00775098608622
87,77.98088647316334,83.00845784898468
88,78.00399566329477,82.99059493461753
88,77.9878872006359,82.99194389494515
88,78.0010672857176,83.01177066954162
88,78.02021090054403,82.98894577243121
88,78.01474879564016,83.00430004858697
88,77.99274070865457,82.98041919473404
88,77.96604077257494,82.98125369353627
88,77.99650380454537,82.9888701690002
88,77.98717416749903,82.97965846959846
88,78.00997532929901,82.9628779769213
88,78.00864921460875,83.03627775007472
88,78.02029544779863,82.97494986627439
88,78.03890496461797,82.97277798084019
88,78.01492665913726,83.0055570705123
88,77.99362793272566,83.0039847961017
88,77.97687404133283,82.99390050806991
88,78.02084063675105,83.04375036168781
88,78.02728282575615,83.03990627321284
88,78.00743988947012,82.9828943307736
88,77.9932819634248,82.95611121409016
88,77.98009298086396,83.00844992166695
88,78.00359414195256,83.02149092292638
88,78.01972631094783,82.97188364370095
88,78.02855713368905,82.97145569581018
88,78.01377825296181,82.98221372715048
88,78.00865835034467,82.95462662239841
88,78.02260768970099,83.00487305577744
88,78.02423676668914,82.97411236535758
88,77.9825087031539,82.98490864452035
88,77.96414680925959,82.96894920168354
88,78.01542461324343,83.00301157385091
88,77.95364513037381,82.99040563429983
88,78.02034625413417,82.9645023083609
88,77.98823995256112,82.98543083917185
88,78.01041192165702,83.01875213620787
88,77.99401018478068,83.02745327877356
88,77.98550126502975,82.96663069809142
88,78.00933088845765,82.97477138584108
88,78.04250192489582,83.02419748048526
88,77.99173434443435,82.97913081473068
88,77.98871723191405,82.99325365140673
88,78.00890962820127,83.00516328825765
88,78.00496916500025,82.98517362597306
88,77.99869136842877,83.02470534237172
88,77.99264781657244,82.97145300540208
88,77.99654360046486,83.046072426908
88,77.9801391143984,82.99337837745234
88,78.01661583642358,83.00530143821119
88,77.98550002412776,83.0055996448319
88,77.9974521480373,82.9795377068766
88,78.0310891533155,83.02538786585644
88,78.01994804814198,82.96560253875134
88,78.0084024522925,82.9841775384506
88,78.01585067879616,83.0043517848152
88,77.99658190398296,83.01863257220708
88,77.95369801010108,82.99784287982332
88,77.97161678336079,82.97840000676614
88,77.96070816235284,83.01234043099123
88,77.97972519670958,82.95697644301265
88,78.04240318076631,83.02628528792691
88,78.00804366714434,83.00765972542109
88,77.96899677177508,83.00134286638334
88,78.0297914949517,83.00133321884196
88,78.00373965426272,83.0319903324397
88,78.0148885995801,83.03665357084756
88,77.99081387336071,83.00446743167781
88,77.95997274144283,83.00031955768617
88,78.0326839344748,83.01499649871384
88,77.96403455129071,83.01049148250526
88,78.0073523155098,83.0484660552083
88,77.9539718549466,82.99188482426162
88,77.96989224801769,82.9762791681181
88,77.95848279288724,82.99070986578413
88,77.99569126350299,83.0165086201235
88,77.99867948612595,83.0151768388587
88,77.99899453693821,82.96365154885697
88,77.99682064077813,82.95255165100038
88,78.01326311306258,83.00238557402156
88,78.01528336579577,82.9784226152355
88,77.99683915881232,82.98089845929915
88,77.97186378775855,82.98703719647769
88,78.01834029183556,82.97249686535709
88,77.9843684202123,83.04184329324428
88,77.98653914282741,82.96264587903921
88,78.01667483982163,82.99072895654731
88,77.9725004740448,83.022107444067
88,77.97957537046706,82.98452659489031
89,77.98257263750449,82.96367100994276
89,78.00335933314872,82.99366139378999
89,77.98020705862028,83.04129571238751
89,77.9670482998627,82.98247870330096
89,78.00081086158423,83.03313492034965
89,78.02293427628189,82.99117590009736
89,77.9928259568557,82.99389969544285
89,77.99178046380504,83.02675097968621
89,77.95800312470693,83.00771200352824
89,78.01973729564546,82.97723514357617
89,78.02823331423096,82.9735491051185
89,77.97363706456579,83.03557928430467
89,77.95871954407903,83.0040894478123
89,77.97575591619218,82.99973973341126
89,78.02433100105358,83.02070481211898
89,78.04029347386056,83.02512200544051
89,77.9540486141851,82.98417021098174
89,77.9950311754831,83.00363886722243
89,77.97873749808163,82.9622338725631
89,77.98007356842403,83.04323065021725
89,77.99238465305633,83.01900727683588
89,77.98568170556675,83.02482280688635
89,78.00363884169803,82.9883013862603
89,78.01176759627396,82.97207906934906
89,78.01299053050298,82.9626644433993
89,78.0336337849306,82.96384472617889
89,77.98851522993597,82.97851366375615
89,77.98265121533207,83.01946091711648
89,78.01827461348259,83.0191336493324
89,77.95813241752488,82.98518443436743
89,78.00469967493785,83.03082172330383
89,77.98912248623718,83.02836025400565
89,77.96403896338045,83.00602620917276
89,78.03803007791758,83.02695443687536
89,78.00874561358857,83.01042133406516
89,78.01575498255812,83.01412684518024
89,77.9910831465592,82.99981061008675
89,77.9782763906429,82.97022013691335
89,78.0093407978659,83.00213977113656
89,78.0182429454819,83.03086145728564
89,78.01198758396895,82.9894284673438
89,77.98835215635238,83.00068988114121
89,77.98882056437277,83.02328479153127
89,78.04248169544279,83.00128349240308
89,77.96715009972725,82.98318411167052
89,77.98850633309468,82.96852894917433
89,77.98600396025613,83.03800057670382
89,78.01683175618764,83.01002846575527
89,77.9548305756965,83.00583597549492
89,77.987868468702,83.04423038231116
89,78.01306681066033,82.99119748000747
89,77.9706380762041,83.02048333545316
89,78.02970019766035,83.02347377219887
89,77.97915010522766,82.99929197613345
89,77.99424652030778,82.95867966453028
89,77.96559138262373,83.0283003288677
89,78.0145867236929,82.9880350242388
89,77.99958855536973,83.00526917509445
89,78.01780338407251,82.9916026627069
89,77.98498978759164,83.03540738086178
89,77.98793303949621,82.97157797814442
89,78.0127480288155,82.97865965469838
89,78.01735776248005,82.97254695291147
89,78.03278350154622,82.96554798134316
89,77.99821552390154,82.95130694469526
89,78.04688277877733,82.98501714456809
89,78.00487588206686,82.98194256274923
89,77.98604939046224,82.99352604075968
89,78.0267568681369,82.98215052232258
89,78.02513449519381,83.00216959534077
89,78.01992184951072,82.9891284222967
89,77.98407187977772,82.98185202360081
89,78.02442440954077,82.97363184817848
89,78.01278745155652,82.97598204414994
89,78.02473840490815,83.01343178470229
89,78.01803304011516,82.9656028523497
89,78.01805999751889,82.96360449775032
89,77.95777324388047,82.988010304282
89,77.9649257757936,83.01198565432327
89,78.015113696567,82.96686476995355
89,78.01741595026097,83.02939524217493
89,77.97822970877701,82.99226668403388
89,77.98835492459462,83.02579898532687
89,77.9620819454012,82.97513358616445
89,77.98156021562274,82.99564299375477
89,78.02952292040123,82.96321314301224
89,77.98813682072996,82.99798948999208
89,78.00704677228067,83.01099105579065
89,78.0128137569771,82.98129098320904
89,77.99978211369677,83.02039324462022
89,77.98599896680987,83.0153705096851
89,77.97560543586927,83.03143620730864
89,77.99505610679324,82.9823310935981
89,77.97487061267934,83.03727694867952
89,78.0255305421003,82.97126524332309
89,77.99573174995234,83.01915515308049
89,77.9901296439851,83.01040508841845
89,78.00757230485814,83.02989828808124
89,78.01628976383397,82.95778716306667
89,77.98552314206408,82.98435094234168
89,78.0182055790835,83.04124737219695
89,78.0394910210779,82.9770970419695
89,77.99011502437237,82.96397743849069
89,77.97828665002685,82.99067598980686
89,77.9753848380484,82.97736236503573
90,77.98993434775625,83.04686410475513
90,77.98867950639074,83.0307893574504
90,78.00714572716423,82.96155849758142
90,77.98801101248112,82.95942701674576
90,77.9910978484607,82.95224612025568
90,77.97402239693514,82.98155027320044
90,77.99799324977197,82.9833872238951
90,78.01201393077677,82.96194041068941
90,78.02752135469495,82.98585144418114
90,77.96575556761857,82.9726228619353
90,78.00396378400573,83.02402672713887
90,77.95483821281245,82.98172057005968
90,77.99918755108838,82.99779801373684
90,78.0058200736326,83.00783109746817
90,78.01670699063722,83.00752017500542
90,77.97011494512664,83.02231073491131
90,78.0305482688268,83.00351333499935
90,78.03237349952883,83.02330293847572
90,78.01084280974828,82.99301000098926
90,77.99608206535824,82.97570494664416
90,77.99590786048982,83.04384093091409
90,78.00505411851819,82.98660257649644
90,77.9686234905317,82.99835451817381
90,77.99375773844653,83.02523248124349
90,77.98142042748235,83.02630136852778
90,77.96746874657461,83.00806286042953
90,78.0049880478687,82.97693714913193
90,77.9676408189984,83.03296009761706
90,78.02784723196373,82.99941911699064
90,78.0247410515951,83.03268421420769
90,78.03962797019595,82.994424836808
90,78.00540037657655,83.01166447691551
90,77.97308996225877,83.02369809709178
90,78.00392895387013,83.02092499229525
90,77.98375267213622,82.99688751279525
90,77.97840411779455,83.00983537136281
90,78.02008234970978,82.98604168592703
90,78.02428836892199,83.00415677488623
90,77.98870287969729,83.01166739843032
90,77.99341922424213,83.04568661461187
90,78.02491183342268,82.98181275051165
90,78.00647985662275,82.97645622854026
90,78.02258610626413,83.00778016601947
90,77.98339414557186,82.95321362136166
90,78.02658992408267,82.97165593596198
90,77.99669409716053,83.02784633093204
90,77.9914000882508,82.96618490331343
90,78.01218269623381,83.0096633897348
90,77.98771482512501,82.99955607652707
90,77.9880005142808,83.01371772644448
90,78.00635056181018,83.00874251345356
90,77.99667395016883,83.02396120996919
90,77.966160934015,82.98785789564046
90,78.01446789958707,82.96267355911141
90,77.95374830700405,82.99478971378346
90,78.0184231054043,83.02735524687944
90,77.95563196032514,83.00786508181156
90,78.00413258067938,83.0337895405117
90,78.0178874439284,83.02213509505383
90,77.98653103642023,82.96926891886419
90,77.9803721879313,83.01343558459435
90,77.98677721948262,83.0348262347187
90,78.03653862294857,83.00775760713638
90,77.99089795174524,83.03505694717545
90,77.95891789950295,82.97518524383052
90,78.00241585830612,83.0077838253609
90,77.99470224120608,82.95246315270911
90,77.98478130071979,83.02785642209527
90,78.00493839779317,83.0209565719499
90,77.97358794881394,83.01169882232828
90,78.04041086523465,83.01379050614693
90,78.04784072985258,82.99507855108328
90,78.01471992186818,82.96565031683576
90,77.9610282161311,82.9785264972762
90,78.0215379833628,82.99473225541405
90,78.01269319919322,82.9911468412039
90,77.9945235820105,82.95345580626959
90,77.96316660681285,82.96640757635187
90,77.99288390894134,83.01368929498904
90,78.00672504642613,82.9742560466568
90,78.00366138033777,83.04084557108926
90,77.95932724465483,83.00353954072608
90,77.97711922166334,82.98548580170296
90,78.03346867067461,83.00252602908897
90,78.03285721562186,82.99155600066305
90,78.00684991904582,83.03907540622102
90,77.9507511538712,82.99815620868539
90,78.00079425980888,83.04215403754095
90,78.01153567918129,82.99306454647652
90,78.01049988437835,83.02514048852747
90,78.02534658446075,82.99466335662657
90,78.00270546081805,83.0269159539728
90,77.99682040125255,82.98796492499281
91,78.00086514842626,83.00311386804118
91,77.98827266204626,83.01245103452301
91,77.98090226563049,82.97874256196677
91,77.99358956055524,82.96000957701145
91,77.98357295155574,83.04479008385405
91,77.96139806736656,83.01730879325856
91,77.95938248759333,82.98744064013175
91,77.96359622248542,82.97334977409426
91,77.97546962518979,82.99078374725288
91,78.00661039752217,82.9702855555392
91,78.02037489986,83.03277521410571
91,77.97084921767434,83.01538201717682
91,78.01331008526567,83.0182929152459
91,78.0130633578249,83.02597136866225
91,78.01380641580596,83.00513459608587
91,78.00831997997484,82.97241476876705
91,78.03450537706169,82.98954826241362
91,78.0422533625329,82.9913640389238
91,77.95407198861507,82.99525296941819
91,78.00737266061005,83.00865869625174
91,77.95932333643641,83.00030862292286
91,78.02403794594797,82.97580104637098
91,78.03422913356196,82.97746188683801
91,78.02593319261453,83.03816546059723
91,77.97944910679998,83.018724237233
91,77.99721841389334,83.02493881415376
91,77.98669677556529,82.9527891741167
91,77.95081397289935,83.00805985095754
91,77.99050786828396,83.00092147384863
91,77.99086090390581,83.03328699955998
91,78.0143767841148,83.00154988333433
91,77.99938663575156,83.01580964814286
91,78.03266722144625,83.00102768559235
91,78.04636974923291,83.01548967561936
91,78.00049954246767,82.99263509473445
91,77.99514481070108,83.02927005183523
91,78.03328275707206,83.00710539123293
91,78.00636937446652,82.97680500918963
91,78.02342564699865,82.9863993413672
91,77.98362156677075,83.01985020097096
91,77.99687297818845,82.99702434769226
91,77.98693030151033,83.00285533816877
91,77.99449808652223,82.98769156127351
91,78.00299445011501,82.98375876861053
91,78.02959205534697,83.03081922635437
91,78.00759830551384,83.0199495907232
91,78.0340923525459,82.97973391933678
91,77.98153239027471,83.01007935739919
91,77.9920272819922,83.02424434979767
91,77.99632266659606,82.99720767258246
91,78.0280912367938,82.98465313004031
91,77.98502565010766,83.00708346978051
91,77.98442476020604,82.99536273622267
91,77.99612757843218,82.96085429492612
91,78.0049629474703,83.00717537522749
91,78.00633139164894,83.02300789723053
91,78.02307496655393,82.98478758755267
91,78.0035792069299,82.99954680858856
91,78.00491499698734,83.02572362821843
91,78.00757219506322,82.99544087344397
91,78.03458618821068,83.0250041049323
91,77.98635464582097,82.99622531281388
91,77.98067543094226,82.9878465408363
91,77.97092911124074,83.02130677213567
91,77.98881880912906,83.0148572350161
91,78.01097594003971,83.03372400870522
91,77.99500990495036,83.04106337804119
91,77.96986642747882,82.97644457705026
91,77.9921784817938,82.98986634145382
91,77.97577846388485,83.02900127899304
91,77.97948306306047,82.96366067959329
91,77.98885398453739,83.0094644340834
91,78.0125550026193,82.95936336049164
91,78.00402443385106,82.990302813197
91,78.01135566941394,82.96950837460354
91,77.9902708261837,82.97554778284328
91,77.99731424196861,83.01997610323507
91,77.98916040526898,83.00525780862232
91,78.0109688909606,82.98102688060216
91,78.00002252771513,83.00347165073568
91,77.95936300398984,83.01300518870941
91,78.02459812228452,83.02655615756296
91,77.99593961531949,82.96010520975834
91,78.02153437634102,83.03109582659195
91,77.98587982962317,82.98606035538917
91,77.98691193514182,82.99592676475542
91,78.01530221784452,83.00508177498959
91,78.00393459923623,82.99638870879423
91,77.96677608779636,82.98475693853837
91,77.98565703385624,82.99786146660651
91,78.02502448070871,82.96672226451535
91,78.00527551998212,83.0079249124931
91,77.98423192826937,82.97313299625067
91,78.03603870789858,82.96671805706941
91,78.01954196732393,83.013348260714
91,77.9931127448691,82.99964386878764
91,77.97056796416342,82.9598521279873
91,78.03922210188796,83.02727068831217
91,77.98905721298365,83.04343592843759
91,77.96284382023028,82.97847651502204
91,77.98306428194968,83.01529463994099
91,78.01099363024906,83.03135530146062
91,77.95221979287717,83.01189129069209
91,78.03011082758681,83.01866347938005
91,77.99123682827191,83.0316309152144
91,77.99688617116318,83.00567864529853
91,77.99014531991769,83.01616010413214
91,77.99681239704076,82.9915248917298
91,78.03271608919356,82.98817039828504
91,77.96753710731791,83.00017089711088
91,78.00331606250816,83.00497080895896
91,78.01168708924493,83.00039068557982
91,77.9748543708173,82.98694269466131
91,78.00803127762765,82.98636032234516
91,78.02446898825919,82.97955717312341
91,77.99638383900553,82.9819130481852
91,77.96391752927714,82.96802206002937
91,78.00159623545666,83.0149958417092
91,77.9831640404348,82.96270830284305
92,78.00622502071427,83.02639612519914
92,78.0430915621671,82.99639157834196
92,77.99752642489815,83.00427908693875
92,77.98522891361715,82.99873944829707
92,78.01968940478093,83.03912503951103
92,77.99309255515284,83.0046019951555
92,77.98557416524605,82.99554291935934
92,78.03275895328747,82.98275339307145
92,77.98750668729168,83.01179387951599
92,78.04471427209495,82.99669317935428
92,78.03450650832957,82.98077393389238
92,77.97134585706587,83.02473207348207
92,78.0350470424294,83.02242704508446
92,77.95518452005385,83.01770798258968
92,78.01556308845586,82.95300838907289
92,77.99028943149754,82.996876291863
92,78.02112104487317,83.01827213950095
92,77.99264781657244,82.97145300540208
92,77.97884536147187,83.03742370146
92,77.99649727640053,83.02364870175418
92,78.02832772679886,82.96357750209505
92,78.00996407492198,83.03959343029464
92,78.01434539691468,83.01248879633967
92,77.975389745684,82.97120966526286
92,78.03937819348289,83.02014886350533
92,77.97243684879679,83.01740670322191
92,78.03084271378165,83.02090294240845
92,77.98745601984476,82.95618662994866
92,77.98508406038721,82.98111167574157
92,77.99200376915378,82.98158414857994
92,77.9876375768408,83.00751870876718
92,77.96703102613282,83.01434071297938
92,78.0163425371143,82.96036937153275
92,77.98604939046224,82.99352604075968
92,77.99983027766108,83.03914474945411
92,77.9668851868054,83.00083441389673
92,77.97942326749725,82.96365994588888
92,77.97510663309403,83.0086711413152
92,77.9735665310694,82.97555261850513
92,77.98626958597124,82.99796549088235
92,77.96750067851886,82.97937860389824
92,78.0125732956607,82.95912566068914
92,77.97205649891099,82.98338165516705
92,77.96691035220654,82.97495466863334
92,78.00100518803029,82.99978535755541
92,78.02162408030365,82.95663902437748
92,78.03196961758805,83.02490738880816
92,77.97700848371535,82.95564057829249
92,77.9943689343324,82.98171730643479
92,77.97878071100266,82.98752951694804
92,78.00355641667528,82.97421324599628
92,78.0465012602019,83.01214787190023
92,78.00964806925386,83.03617822852021
92,77.96685822553619,82.98403382493716
92,77.9836506322113,82.9713764854244
92,77.98219856772745,82.96463417727004
92,77.99784543567154,83.03473300414664
92,77.99725421738889,83.02822337162982
92,77.96338147918021,83.02539449552341
92,78.01823057787145,83.0405838390805
92,78.01558312621825,83.00917423704318
92,77.97380182621762,83.03549483661904
92,78.03112282833935,82.97554125305416
92,78.00045011245572,82.95763235683035
92,77.9623482498013,82.98648894345833
92,78.00808163348248,83.04350116365288
92,78.00527790427954,82.99711146585621
92,77.98983824016284,82.97586257748709
92,78.00321353193158,82.96782136801724
92,77.9850913449563,83.00035516099267
92,78.02314356940323,82.96509584274511
92,77.99538012375332,82.98512239362279
92,77.9663769862521,83.02253241543836
92,78.00124149210718,82.96030117604771
92,77.9913783436374,83.0047090057777
92,77.99532667040425,82.99742642408432
92,77.99077384163817,83.04044358722663
92,77.98164390962762,83.02283251763303
93,78.04870787586582,82.9991608237084
93,77.98569885514439,82.97368737558746
93,78.01387662813138,83.00036431191434
93,77.99581386943642,82.9845795499107
93,78.02023397483494,82.95469819535593
93,77.97694651134336,82.99996975384185
93,77.98769279872839,82.9823616876875
93,78.02502470630336,82.9929772986757
93,77.99850028886212,82.99708725508277
93,78.04259302608892,82.97932738465151
93,77.97401757727287,83.0337466941102
93,78.03094333324749,82.98504809593027
93,77.97360537415,82.9794947882062
93,77.96766086645792,82.98877803801156
93,77.95403362167609,83.0105335593086
93,77.99408729992702,82.97288439347152
93,78.04596473611704,83.01512566710998
93,77.98437422398406,83.01035412942464
93,77.98809388537666,82.97933182824745
93,77.97535980401466,83.00990083557875
93,77.96992530820027,83.00874467634098
93,78.02172898080755,82.99168619915947
93,77.98457901384988,82.97237369467075
93,77.96100410867305,82.9757307011573
93,78.02132004206814,83.0434937099779
93,78.01681546445354,82.98468410245155
93,78.02671069660197,82.99108601974599
93,78.0451752315007,83.00175952255236
93,77.9939363056976,82.98141048941395
93,77.97275338187862,83.03428616672521
93,77.99340578888321,83.01292933762565
93,78.02774875188771,82.98397145776718
93,78.00264992484551,82.98674710953891
93,77.99201246734623,83.0480026464426
93,77.97127700383203,83.00959896940444
93,77.97228308594823,82.96489028717298
93,77.96124296759402,83.02832874247709
93,78.04779867473503,82.98615520467034
93,77.99264165098427,82.96280406727428
93,78.0313437130175,82.99490410779048
93,78.04416803544534,83.00862497658308
93,77.96927392899237,82.99935475074285
93,77.98796192114459,83.00987799448204
93,78.00853280690224,83.03671434572475
93,78.01997265650061,82.95892315219879
93,78.030090031293,83.016006877534
93,77.98883121685544,82.99239511603396
93,78.00111515940763,83.02299435004184
93,78.02217761382198,82.98800621531818
93,77.98822508691207,83.01619518574789
93,78.00420548736041,83.03930550917576
93,77.97380350406843,83.02041061897492
93,77.98231400526483,83.04292419401396
93,78.01411783479833,83.00007945995857
93,78.02612642213587,82.99254445738244
93,78.03943063331212,83.01523313885305
93,77.99270292283322,83.02070820340556
93,78.00920400674255,82.98588590904079
93,78.01905594088963,83.0162496597983
93,78.00796043200862,83.00562683841476
93,78.00110331051177,83.00674733068497
93,77.97451529128172,82.99945782895901
93,78.03181094496281,82.96896422697829
93,78.03124505440748,83.02098002221624
93,77.99978636851253,82.96392526329306
93,77.97300800539522,83.0267501915923
94,77.99289536214376,83.04207947933641
94,78.00875570918984,83.03991393196624
94,78.01913261288219,82.96091869974218
94,77.96163747577812,83.00301759200653
94,77.96599838015024,82.97637286237146
94,77.97227269311875,82.99422156106581
94,77.98339414557186,82.95321362136166
94,77.96573382558358,82.98127502662354
94,77.97677666493708,83.00709860237926
94,78.02506240397636,83.0402195043876
94,78.02712523341158,83.00301118918831
94,78.04316831634337,83.02236365911169
94,78.00190465609151,83.02287377098153
94,77.95743167855751,82.99149759753622
94,77.95873652203763,83.0221134593108
94,77.9942037465165,82.99158604110868
94,78.02720052444745,83.0354099608907
94,77.97092421699719,83.01392956440934
94,78.02817520459325,83.00857599071776
94,78.0404297214097,83.00728723034022
94,77.99870216590885,82.95417950356129
94,78.01377121722535,83.01628836099401
94,78.02079938502685,82.98316307815107
94,77.98508961230824,82.96555846832575
94,77.9899956585839,83.01135274302948
94,77.9850046162718,82.99798426934767
94,77.98472815806805,82.95655141328868
94,78.04441058098278,82.99793180959873
94,77.97496746850832,82.99273189466854
94,77.99902264991263,83.02237676571062
94,77.99226895403761,83.04905951941299
94,77.97602454959089,82.9977429617498
94,77.99287259597125,82.97830106494864
94,77.99062010069069,83.04474191114876
94,77.962770379745,83.01675542571058
94,78.01506341144044,83.03885690697125
94,78.00229473740531,83.04964824752601
94,78.00195739478599,83.02374761341014
94,77.9911594111201,82.9906075299276
94,78.03870811491153,82.96897337183779
94,78.00103218792037,83.03633098385147
94,77.98923846695976,82.97632836922332
94,78.03547648698108,82.97234292336408
94,78.00683864770222,82.95927299491207
94,78.02703941019057,82.96664439542714
94,78.00872970977608,82.99902233810897
94,77.96645460494138,82.992807045579
94,77.99207111056448,82.99691470516208
94,77.99219764427497,82.9575350115815
94,78.00534226751736,83.00410032461606
94,78.01052106228097,82.97728857792237
94,78.01338696445825,82.9597679490208
94,77.99634064674812,83.0027252344213
94,77.98120576288049,83.03641041551688
94,78.03508373059428,82.98766861697284
94,77.95208693114239,82.99749657628651
94,77.99442128584475,83.01963327352232
94,78.01392463309676,83.00681120346627
94,77.98200099649762,82.9904876520191
94,77.99851403089336,83.03314492514953
94,77.96198582004389,83.02162736329576
94,77.99523691613956,82.97613081982921
94,78.0440505129067,82.99720875427838
94,78.02823971069753,83.00369742106854
94,77.96453729358296,82.97725290137322
94,78.01651267238235,82.97610950144362
94,78.02787320944351,82.97805761268941
94,77.98511789570146,82.99480790495994
94,77.98109759574207,83.04156853817416
94,77.99824020875631,82.96456362780384
94,77.98477478428964,82.99963408465544
94,77.95373787824876,83.0186334441317
94,78.03405695176976,82.98723919152152
94,77.97402985519172,83.02963937914059
94,78.01696010505756,83.0311839345838
94,77.9564185571056,83.00608392412764
94,78.00796043200862,83.00562683841476
94,78.01765953677832,83.01919616596317
94,78.03187069065031,82.97595417797227
94,77.99060217947417,83.04301501848475
94,77.99164280959295,82.99024092987786
94,78.04925923239452,83.00364940632808
94,78.01127680692305,82.95668966939061
94,78.02749492594452,83.02518790215522
94,77.99329197114038,82.95446354331868
94,77.95587464751598,83.00843190122957
94,78.01306681066033,82.99119748000747
94,78.02559425900873,83.00070856142176
94,77.99552995786964,82.99644253885397
94,78.00708261960652,82.98512413025396
94,78.02038444057946,82.98957645281942
94,78.00715766537922,83.03900670467301
94,77.977108202705,83.01562281747054
94,77.97518531071104,82.95863555279928
94,77.9910501804037,83.00870722934188
94,77.96702263272239,82.97007824716715
94,77.97518578549747,83.02347719477144
94,78.03017403591036,83.03629676331471
94,77.99230818486443,82.9578694567682
94,77.96947314236391,82.96336403961786
94,78.02266327340256,82.96647330874822
94,78.01889586504802,83.03914413744418
94,78.02100128267166,83.02411942520033
94,78.01119972004219,83.04496513369884
94,77.99252503443293,83.00359893827229
94,77.97718462745655,82.9763721228971
94,77.98467086294418,83.01152080596391
94,77.99372862450157,82.95738321548853
94,77.98896332373194,82.96009467132932
94,78.03887234343391,82.98361995169935
94,77.978027961021,82.99563517075016
94,77.958739778867,83.001320303946
94,77.96262498681102,83.02362093915762
94,78.03569796889946,82.99989916793066
94,77.97865519157114,83.03559816138997
94,78.00522393534591,82.96468316933775
94,78.01553222919163,83.0113033483051
94,77.9587999794342,83.01612282573383
94,77.9788293159744,82.96236134810025
94,77.98653253594986,82.96437122908956
94,78.02145827368385,82.96445421634654
94,77.99633647449019,82.97859595160162
94,78.00408135430983,82.95447085585282
94,78.00263967492683,83.01727349889214
95,78.03093380780156,82.97518520108724
95,78.02565070393678,82.96249019963766
95,77.98475981080954,82.95732178082172
95,77.98000920188213,83.01132187721912
95,77.99618091708572,82.97657502450666
95,78.0175246831736,83.01102100203816
95,78.032826853259,83.03219588350404
95,77.98612572667174,82.97885010559745
95,77.97403944174796,83.03123870152578
95,77.9992301329049,82.9832309004605
95,78.00258295930105,82.99100513726043
95,78.00209199829146,82.97730342391473
95,78.01970896925494,83.03633545157342
95,77.97286086650901,82.97853782963811
95,77.97100860948946,82.96843470174207
95,78.00930946060404,82.96790522873464
95,77.96459981722715,83.0235429799146
95,78.02679728228962,82.99564224177979
95,77.97736624995791,82.98713923167267
95,77.98633378190024,82.9796497611675
95,78.01292328205979,82.99236270257869
95,78.04772635951618,83.00038633336786
95,77.99766023667816,82.99256295468214
95,78.0071912659284,83.02566763215125
95,78.0156953334202,83.01503155964645
95,78.02515627807215,83.03975595786157
95,77.9871593944128,83.04651650952967
95,77.97563674325812,83.00228460800179
95,78.00397668408887,83.00567128562143
95,78.0028673699491,82.98918510139312
95,78.01572785165615,82.96624980888684
95,78.00174450881747,82.95474283209465
95,78.02260768970099,83.00487305577744
95,78.02983762314165,82.9705110636228
95,77.9818003952876,83.01680616556033
95,78.01108720072827,82.98519531533272
95,78.0316543674153,83.01245073765986
95,78.02554577215273,83.01142833420117
95,78.01758612108499,83.01435578807059
95,77.97913487442118,83.00174085546269
95,78.01865588676327,82.99019047315899
95,77.96532314656957,82.97287854252978
95,77.95617441717111,82.9769163498416
95,78.04043799545211,83.01472195977554
95,77.98433652133343,82.97814854735991
95,78.0263357124471,83.03450177057367
95,77.99905763019144,83.00863686337449
95,78.02029786177282,83.02368454872435
95,77.97921026781194,83.0441280478524
95,78.04558679564117,83.0129722667509
95,78.02502806285425,82.96990749307022
95,78.00904360416587,83.01580382937492
95,77.96022181491429,83.02324487341517
95,78.04081713599905,83.01251681863472
95,77.97632485671257,82.97186970414401
95,78.03325634177148,83.00034749324011
95,78.0007366127888,82.967716883971
95,78.0334587667875,83.00815738501828
95,78.01918036792696,83.038595811875
95,78.02513580046006,82.96380989624046
95,77.9988128044148,82.99669619402498
95,78.03401439585303,83.00985422991755
95,78.01706946603171,82.97732192252293
95,78.03310460745145,83.00032706542258
95,78.02151281865137,83.00444918899905
95,77.99407212774497,82.98974469862081
95,78.04270620415625,83.01393717091436
95,77.96724676150951,82.99544472783312
95,78.04132522049021,82.97186541203054
95,77.99529431528148,82.96324146375802
95,77.97680215598572,82.99551455823952
95,78.03793646503367,83.0275073337193
95,78.0298869702122,83.03877572948306
95,77.95458423807428,82.99245782233807
95,77.9768163060507,83.01137680071685
95,77.99950857728558,83.0312140159792
95,78.01110473248865,82.96369648714278
95,77.9810041733196,82.98573683248564
95,78.0088364819598,82.97736728038495
95,77.97391249881348,83.00265798949162
95,78.01980504739487,82.98200119037514
95,78.02115773399639,82.96602614661063
95,77.98541651224689,83.0166448821373
95,77.9608020893196,83.00549903008577
95,77.96469272330827,82.97865199392558
95,78.04825737096895,83.00798830292122
95,77.97989415971601,83.0008131730229
95,77.99159321087303,83.00870449806182
95,78.00903610536353,83.03461154405817
95,77.99649473361735,83.04851990590292
95,78.00965201013128,82.97059475902599
95,77.99682064077813,82.95255165100038
95,77.9794835191286,82.97406426993682
95,78.02415218453602,83.00737392789064
95,77.98769254389015,82.99046139613084
95,78.01517190949055,83.0349506488906
96,78.02089829140448,83.04372945196201
96,77.98053990850323,83.0065510589429
96,78.03041502684181,82.96178754822996
96,77.99262278607493,82.99067811265985
96,77.99648407906209,82.97612040871329
96,78.0075622588772,82.9729171443956
96,77.96158970090484,82.98722394493555
96,77.96222009641497,82.98970693550723
96,77.99291448633812,83.01724659327242
96,77.96659594766484,82.98224765480708
96,78.01959536330416,83.04197163528887
96,77.98758814625631,83.01498385202639
96,78.0463400170428,83.00406395287393
96,78.03995357331321,82.97927921945333
97,78.01553273578631,82.98875328300542
97,78.03733147092198,82.98383530394936
97,78.01571755524357,83.00472009999592
97,77.9969475790838,83.00562969935875
97,77.98105256932708,82.99217801335564
97,78.0387737743996,83.01749034454113
97,77.97358806301222,82.99564066292697
97,78.03218820062155,83.01978296725471
97,78.02602218231023,82.97271811405214
97,77.9987051299972,82.95816521739856
97,78.0084024522925,82.9841775384506
97,78.002797110853,82.98204659190256
97,78.00405920755703,82.99440032422885
97,78.01239391103859,83.017161922384
97,77.98010822981075,83.00111108560968
97,78.01862804402715,82.95670439385012
97,77.96320321551542,83.00744446462913
97,77.98285070368446,83.04400550490374
97,78.00875046559938,82.98546433040661
97,78.01568211138974,83.03065523597773
97,77.97675319123235,83.03329270840936
97,78.02949556888186,83.00359401788118
97,77.98767382723413,83.04179840372879
97,78.03308065398336,82.9857110821255
97,77.98326049387197,82.98266888459108
97,77.96306634612765,83.03279901784052
97,77.96853684493547,82.99998560050058
97,78.02373712470424,83.03470254857923
97,78.03348241968722,83.01160955887894
97,78.01560674266372,83.0058179869741
97,77.97839368185292,83.00962587900588
97,78.02057567626028,82.96280723458413
97,78.02258610626413,83.00778016601947
97,78.04750610873408,83.0019967252447
97,77.97151851142476,82.96366645032558
97,77.96927392899237,82.99935475074285
97,77.98425599747684,83.01283136868899
97,77.99118895594239,82.99493156642376
97,78.01470602831914,82.95875964706869
97,78.02682210254018,83.01636857260397
97,77.97847234647318,82.96308197402396
97,77.98632364474942,82.97084148641218
97,78.00382561424861,83.0128582663072
97,77.99550145784357,82.98446371512459
97,78.02075336224502,82.99876978740265
97,78.0041317978474,83.00073399718934
97,77.98911440083948,82.98008389704246
97,78.00354769808528,82.99342581738598
97,78.01433411338668,82.96740300884063
97,78.03280868299366,82.98408305649914
97,78.04585294976006,82.9887148310233
97,78.03676353335669,83.02716231992375
97,77.9670073928096,83.01815702686191
97,77.9825299782051,83.04448117494975
97,78.01271818712439,83.01263814411129
97,78.03068904149688,82.97769300740175
98,77.98902990309799,82.98644848653454
98,78.04003277921228,82.97089989373832
98,78.00855406645499,82.97097194933292
98,77.99848121867885,82.97915002402144
98,77.95943403023854,83.02186011652823
98,78.01160769367885,83.0192169495864
98,77.99783472067824,82.98203967284006
98,78.01435814920937,83.0271550895781
98,77.97380182621762,83.03549483661904
98,78.02781244770271,82.99648394501354
98,78.03819393043493,82.9938325232813
98,77.98586943531659,82.9940978998432
98,78.02195722167342,83.02856320924907
98,77.97421657689696,82.99314026050892
98,78.00426099556962,83.03663043945221
98,77.98340555548407,82.9817329035239
98,77.98777236999442,82.95156171365136
98,77.97894935825133,83.0030989447414
98,77.98328780366623,82.98259043575482
98,78.00753528666766,82.96269385450758
98,78.04005379823035,82.9896504501099
98,77.95873652203763,83.0221134593108
98,77.99094434333318,82.97256677606804
98,77.9925912715846,83.01124759868945
98,77.96041165705276,82.98387359532623
98,78.00605244949737,83.00482872604879
98,78.02219236176856,83.01687097266682
98,77.97419884031088,82.97528891619464
98,78.04698222971507,82.99597732187625
98,78.00907576739489,82.99335669241074
98,78.00297874376616,82.97760076625914
98,78.0141555380808,82.99392908798828
98,77.97915016713337,83.03036741130221
98,78.0312567996951,83.01819509723767
98,77.97360001632748,82.96485255428522
98,77.95853748365633,83.0175609280471
98,78.00834162576037,82.98573904935883
98,77.97409725086541,82.97865894473038
98,77.98302424803943,83.03215320726314
98,78.01933824497303,83.03688374157736
98,77.9950809825247,82.96403276446664
98,77.99080268487984,83.01850619211305
98,78.00458654616003,82.99908896910443
98,78.03278913080864,82.99533284644302
98,78.0231149973527,82.9624498911973
98,78.01111002375845,82.97949819313578
98,78.02268012644156,82.99447626278311
98,77.98565105851418,83.01307556674044
98,77.97895641633917,83.0388346141674
98,78.00350993580435,82.9944675850053
98,78.0076864489844,83.01948945993803
98,77.9600766085608,82.989335382685
98,78.03702766496319,82.97299840407504
98,78.04673484412425,83.00237129237158
98,77.96976190759341,82.99236257082866
98,77.9617833126324,83.01722743427243
98,77.97959426711598,83.0082072225333
98,78.01700218542983,82.96685398143534
98,78.02508029652694,83.0120045005203
98,77.98253238329488,83.02974920941408
98,77.98153562270356,83.0052377932894
98,78.02655041773012,83.01150918193537
98,77.99667098908085,83.04883791853362
98,78.02112907344251,82.9876302351285
98,78.04877489946276,83.00736750127997
98,77.99918874525598,83.01713524789494
98,77.97858632188469,83.00368554082648
98,78.01278467104737,83.04218968230789
98,77.96382855099456,82.9956067233514
98,77.95488698204785,83.01976597516183
98,77.97834120023279,83.03962126009868
98,78.01836469755696,82.99764105554928
98,77.97435926231823,82.97933695639972
98,77.98157132591953,82.97542652815382
98,77.99679193070047,83.03839398605058
98,78.01180583542796,83.01414324996405
98,77.98079194636674,82.9926247562723
98,78.0170202109763,82.9903607680629
98,77.99397494443376,83.0085710760763
98,78.03646898184586,82.97855405183398
98,77.96989234597865,83.03273213614915
98,78.03104958638144,83.00034168681768
98,77.98956386142196,82.98560473652637
98,77.98226263104274,83.00771789888341
98,78.03179519725957,83.03690997351505
98,78.04259302608892,82.97932738465151
98,78.01491904807632,82.96924842831471
98,77.99062466414446,83.04546473183966
98,77.96110668277093,83.0121376316653
98,77.98230667281503,83.02401650509997
98,78.01846244674665,83.02418969810435
98,77.99934578179771,82.95499098822562
98,77.97750974667736,83.03596448936251
99,78.02945015733182,82.9636768570338
99,77.96983680509881,83.03974162451098
99,78.0018330239203,82.9853076915019
99,78.01995061372129,83.03140213475108
99,78.00480518913935,82.99110844651406
99,78.04240564577444,83.0171641377588
99,78.0074625563582,82.95949898172613
99,77.96293926417064,83.02815036084579
99,78.04334193290588,83.02394933437114
99,77.96069918408122,82.99637988826521
99,77.97328162385467,82.99601576872442
99,78.00145191949794,83.02972272497621
99,77.9593062556329,82.97711781018539
99,77.98472220305956,82.99384509717105
99,77.97850995920392,82.96922980471271
99,78.03394047514122,83.01817811169727
99,78.00761511617026,83.01289462872442
99,77.98229702535255,82.9822575628902
99,77.98746025934365,83.00808823476028
99,78.04558262672418,82.9855990472705
99,77.95831019558882,82.975911458616
99,78.01725564039258,82.99248707768426
99,77.9622343305251,82.96912574348727
99,77.97091924012966,83.0143741385133
99,78.04545247220508,83.00092103845903
99,78.02030356669937,83.01682439633954
99,78.00200403222959,82.99972909165879
99,78.01912671010346,82.98466391021287
99,78.00111515940763,83.02299435004184
99,77.99453547557177,83.0327272042564
99,77.96834886615628,82.9881037255633
99,77.97690705709341,82.96478516968298
99,78.03200656600448,82.98445908722871
99,78.02217580796396,82.99199019685555
99,77.97488781076322,82.99324396459552
99,77.99558213497436,82.98241905455978
99,77.96132849734659,83.00303660516761
99,78.03277154544726,82.98563391202356
99,78.04100842235435,83.0106929997132
99,78.00045120019308,82.97271596178652
99,78.01056509487753,82.98820635096317
99,77.96714409566337,82.99552217296214
99,78.03464247185114,82.99344983015209
99,77.96199366519137,82.97924770202033
99,77.95959788819637,82.99810706779803
99,78.0241738362546,82.9908549657212
99,77.99567604096437,82.9772857466948
99,78.00790171275828,82.98503855123552
99,77.97829019783906,83.02096412793658
99,77.9824538761588,82.97797388562867
99,77.95716849057702,83.01393136354017
99,77.97820127872437,82.9985569295348
99,77.97940417015101,83.03706246608569
99,77.98418320895807,82.95559785163044
99,77.99793050657625,83.02195602257835
99,78.03109895652014,82.98226959993022
99,78.00057531148092,83.04981673324512
99,78.00338165106895,83.03903039500202
99,77.96806084713087,83.02843030664442
99,77.98201680684093,83.00974261210295
99,77.98321976693651,82.99824075468898
99,78.0199912638083,83.0006054274344
99,78.00451071875656,83.0490245084982
99,77.95357093199648,82.98700471734121
99,78.00433842464588,82.98204847327688
99,77.96532314656957,82.97287854252978
99,78.01561638238447,83.01544064115912
99,77.99566261052931,83.04716382545237
99,78.00439007899581,82.99133095653204
99,77.98829104812668,82.97399906509965
99,77.97825810641176,83.01059487405635
99,77.95437463894133,82.98760554906552
99,77.9898841027945,82.95917689151594
99,77.99545291156241,82.98288664741771
99,77.95629514281221,82.97908068414006
99,78.04284875095956,83.00749425450987
99,78.01058193450022,83.01156740091403
99,78.01709456929822,82.99241413208377
100,78.00042686931117,82.9977195501781
100,77.96300549429522,83.00819993915285
100,78.02741910052036,82.97716216398591
100,77.99833334984369,82.97046046990476
100,78.0265091801375,83.02588475466139
100,78.01590974215956,83.03790467079729
100,77.98153239027471,83.01007935739919
100,77.9982613448975,83.03094059646686
100,77.99318364133987,83.03333172882401
100,78.02299401488501,83.03787848113231
100,78.00198114700541,83.04475158249987
100,78.03648220121725,83.01720303136356
100,78.00688982837318,83.02181479257952
100,77.9834243677289,82.95623875963602
100,77.97677666493708,83.00709860237926
100,77.9998899059276,83.02771343969842
100,77.97162601946425,82.97859575995938
100,77.99257835497929,82.99470360952897
100,78.01092907928208,83.00215660133972
100,77.99867001349084,82.98293995454522
100,77.9881181369641,82.95379234503561
100,77.99810940439671,82.98368983280385
100,77.98942392958955,83.00220016943024
100,78.0280604923311,82.99715176018756
100,78.02985434381424,83.00188613612946
100,77.97233220161907,83.01754517034638
100,77.96851215404247,83.02051408405526
100,78.00499150110201,82.95523645256048
100,78.03113221667085,83.01109391779568
100,78.01362842418455,83.0227542169495
100,78.02851551233766,82.97158279550015
100,77.98282270138684,83.00085289883205
100,78.01537926832616,83.00114636949951
100,77.95199886406492,82.98643628791008
100,78.03025755512802,83.03498603376632
100,78.0257851530872,83.0043797268751
100,77.9648177648321,82.99531322162929
100,77.97242639301726,83.01231153235155
100,77.98564586746268,83.0338217110923
100,77.98583162775451,83.02966455155804
100,78.01522235088744,82.96050515824105
100,77.99579719709001,83.00404462365132
100,78.02387050254075,83.0232501724663
100,77.98230135567572,82.9810259866377
100,78.0121784036252,82.96744363337649
100,77.96695422643083,82.97912582089572
100,77.97964959960663,82.99870865329044
100,77.9631730855297,82.98368671009446
100,77.98400195300532,82.97890975074459
100,78.01656162756856,82.96344892462176
100,77.98597825609288,82.99716094831443
100,77.96484453878502,83.01963092210917
100,78.02904072545415,83.01092838600616
100,77.97098914351004,83.02093701327827
100,77.96129835326981,82.99854997189611
100,77.99188297111165,82.99050167881774
100,78.02051636418018,83.0019096135459
100,77.98966186671214,82.9899142586266
100,77.96211739144768,82.97502659021727
100,77.95470077852511,83.01087369992426
100,78.0039734674064,82.98698374426596
100,78.00152620595334,82.96196772631507
100,78.02648974772636,83.0069106186602
100,77.99288390894134,83.01368929498904
100,77.99843999881229,82.99652249325955
100,78.0021346112198,83.00767353062851
100,77.99507960833478,83.03794632705002
100,77.99173489002708,82.98317077988011
100,77.98074813135878,82.98945930107138
100,77.9989229219439,83.00281702584705
100,78.02341319090252,83.03683236981855
100,78.01719384703642,83.04096832970892
100,78.04285964097421,82.97700113029477
100,77.97358561214062,83.00803937750722
100,78.00929269588991,82.97058096841766
100,78.01764158062939,82.96245953309416
100,77.98148461559308,83.03091365431526
100,78.00914130064703,83.01525468109838
100,77.98872277804823,83.02008210527778
101,77.99757751934733,82.99931445733625
101,77.95613654841105,82.97780583333996
101,78.01661252455847,82.97885673586424
101,77.99316687722195,83.03067068484481
101,77.99779601507682,82.97693785055414
101,78.03080058406789,83.02807949290258
101,78.00192014385925,82.9857459039774
101,78.00768142367035,82.95214572593373
101,77.97387672103171,82.97250544371909
101,77.99081387336071,83.00446743167781
101,77.98945358926483,82.9942905260562
101,77.976307575242,83.02241084497085
101,78.01101717288137,83.0338756567921
101,78.03880427112398,82.97720530530712
101,77.96744221853176,83.00163496394934
101,77.98712012337757,82.95860143657659
101,77.98752973228335,82.99821221030048
101,77.99106303416141,83.04444123940564
101,78.00526926833882,82.984654555151
101,78.02332305751429,82.99976942967288
101,78.00286562803372,83.04436199246754
101,78.00757219506322,82.99544087344397
101,77.96226520245122,83.02211222124204
101,77.98224114352827,82.96703768518957
101,77.9985609018408,83.04327947574802
101,78.0004879932002,83.00892385674011
101,78.00638835143155,83.02786659938938
101,77.98227045610379,82.99180064830499
101,78.01982745715135,82.95753118816155
101,78.00474865743867,82.99524888019187
101,77.97364469048061,82.98978829507732
101,78.0316563429897,82.9693261327509
101,78.03251123168447,82.97592883873595
101,77.97763762918589,83.02990335521311
101,78.02748356980482,82.9838246439202
101,78.0393273031448,83.01256702331497
101,78.02172572368936,83.00736270052998
101,78.0121138523686,83.02218883691978
101,78.01110108088723,82.9517125034785
101,77.97126069661356,82.9913879036571
101,78.00234608076465,82.95598317330673
101,77.99663898874557,83.03908046424846
101,77.98962126390443,82.98297322497753
101,77.97776615351862,82.95819063159149
101,78.01510180127137,82.96132745098433
101,78.03436904167886,83.03319161209588
101,78.00774668900797,83.03785994106318
101,77.95899162805063,83.00851676072614
101,78.0363051799016,83.02214183009491
101,77.9939363056976,82.98141048941395
101,78.0136362478525,83.01274343912297
101,78.01106328419705,83.0402824966514
101,78.02470633735949,83.01906486829134
101,78.01890295131695,83.01579340476515
101,77.98160229048013,83.0096916787985
101,78.02166827188938,83.00777987591022
101,77.96490731534838,82.9816095300669
101,78.00962379651395,82.97874389014933
101,78.01882885156742,83.02567402491304
101,77.95866446950279,83.01036852100738
101,78.0299245674683,82.9914871894395
101,77.97813569396433,82.96199144460141
101,77.99922661194985,82.95382333361981
101,78.02390945158895,82.9933226333601
101,77.96426251285293,82.96911274111774
101,77.97802849852572,82.97799165198623
101,77.97353079462074,82.99580332435586
101,78.00510603925925,83.00136371717367
101,77.99236014474998,83.01685329004006
101,77.99107526472346,83.01328187128075
101,77.99754732597759,82.98180056701536
101,78.04852242763165,82.99817871970458
101,77.97538310711496,83.01012637234814
101,77.96922441293378,82.99033835198715
101,78.01736980219624,83.00803500680783
101,77.99095094276221,82.9857262643565
101,77.97675319123235,83.03329270840936
101,78.00729245871291,83.02557266984552
101,78.00055597835748,83.04484100360452
101,78.00797171136257,83.0139001051105
101,77.97854469788741,82.97082048479272
101,77.99904805812402,83.02624904890367
101,78.03750773060094,82.99858310891447
101,78.00053527007097,82.95994145628792
102,78.01724790060344,82.98456513934467
102,77.97366037558915,83.00292606005561
102,77.98661283325656,82.97746999859366
102,78.00957557560086,83.0045365266259
102,78.01366660115247,82.99768170919673
102,77.97368136651572,82.96122423463953
102,77.98277172013951,83.03356405454136
102,77.9648190430322,83.00373739748534
102,77.9544394307511,83.00022070643196
102,78.04293982384578,83.02033768876326
102,77.98804579973518,82.98293442406529
102,78.01699899070992,83.01102454601096
102,77.96884834617049,82.96497929965192
102,77.98618716863308,82.98836968307894
102,77.98052312915229,82.95548347418844
102,77.99999119666899,83.01461662364615
102,78.03207254131951,82.99213322279157
102,77.9840126934372,83.00472343910192
102,77.9642407528714,83.02392342916032
102,78.012572115191,82.98458589544083
102,78.02163640993926,83.0023964343844
102,77.96239998484282,83.02082999906614
102,77.99290535331166,82.9798357646191
102,78.02096422114911,82.96731939567317
102,77.98348160893805,82.99232463074055
102,78.02986172947426,83.01522874513135
102,78.00280113181861,83.01917766890669
102,77.98992893934187,83.01197168929413
102,77.97629054496436,83.02563870976441
102,78.03894136503999,82.99148603941028
102,78.00255837401821,83.00187302378038
102,78.04539812584393,82.97990618820806
102,77.98426698343714,82.96069949089973
102,77.99021324867826,83.02028608946412
102,78.02194500072544,82.97889827483621
102,77.97276947351754,82.99859665123408
102,78.00441411368537,83.04562471836059
102,78.03083048773978,82.98735468827375
102,77.99331264955623,83.0048630591786
102,77.99649473361735,83.04851990590292
102,77.99630122633152,83.03116061523049
102,77.9998471126079,82.95661122392922
102,77.996894275871,83.01796065446045
102,78.01661907443086,82.97908084067782
102,77.99033356483531,83.03238852948601
102,77.99467154540324,83.04025594694815
102,78.00864303894028,82.97773032425586
102,78.01072709214257,83.0392024870587
102,77.99157812115322,83.02710311901072
102,77.98053925488199,83.03613222033003
102,78.00363526702209,83.00632261786798
102,78.01000157021117,83.04104362980596
102,78.01323111600156,82.97181107961818
102,78.01404548569724,83.0172980337418
102,77.98361899951169,83.00686638202627
103,77.96645001131965,82.97248553053036
103,78.01279489275954,82.96727364815574
103,78.0245902811169,83.01429634558014
103,78.0363480918955,83.02241529518962
103,77.97323061120375,83.02777987924438
103,77.99978529333978,82.97857782665164
103,77.99065335543673,83.00979237489503
103,78.02325236995415,83.00918023261892
103,77.97490868503925,83.0201499681887
103,77.99191411353588,82.975876183688
103,77.99444252620802,82.97008179561078
103,77.98525238963889,82.99078655921248
103,78.00783720016956,82.95970242533288
103,78.02600153729259,83.02260010501584
103,77.96855643007969,83.00913248982393
103,77.95457257830385,83.01992065359521
103,77.96589443224623,82.98405461006998
103,77.99115031382826,83.03155789847466
103,77.97348824401939,83.03055175771901
103,77.98326813627887,83.04236968561496
103,78.01168496368116,82.95872406997853
103,77.96470422702241,83.00345277842237
103,78.00744350528389,83.00537181460402
103,77.99945903680262,83.00529467319333
103,78.02303872530435,82.96889487776538
103,77.96325875309925,82.96807461837344
103,77.9995199537494,82.97341170137855
103,77.99904245710722,82.98481611015767
103,78.0373189932738,82.97215074970129
103,78.00229997460171,82.96404150149243
103,77.98009908378938,82.96291214404368
103,77.95744065883952,82.98687194354213
103,77.97055675162737,82.96945724169912
103,78.04786515196295,83.00926595539613
103,78.00470422928319,82.97982732515823
103,78.03102820788627,83.01137402702679
103,78.00998624832373,83.01043570265824
103,78.0202692770553,83.03278470096835
103,77.99108363831469,82.97082489168481
103,78.00037172369174,82.95073218961231
103,78.02327198563239,82.99106410158475
103,78.0453824928819,82.9909003718152
103,78.04269530581658,82.99158612821178
103,78.02019210308592,83.0092445515553
103,78.00296653165807,82.97263580028839
103,77.95970882924223,83.00523067878518
103,78.00187339089022,82.95326161674674
103,77.99134568744365,83.02708061916064
103,77.96265081722314,83.02689780090996
103,77.9606401609325,83.00282738272895
103,77.96891236021017,83.00363981796188
103,78.03287899135888,82.97166225170322
103,78.02259515267906,82.98474928784528
103,77.97458575101827,82.98694413288425
103,78.00797102007154,83.0124453961857
103,77.97399787831857,82.99568976465036
103,77.97319184097468,82.98301179008652
103,77.97970040118129,82.97311812614134
103,77.98123932675367,83.04584758530262
103,77.9859607714655,82.97499467238069
103,78.00390308189303,83.03735613675525
103,78.04716153358395,83.0134540107261
103,78.02474069371225,82.98316483117152
103,78.04134269569819,83.00327226006418
103,77.95589300851562,82.99462781382205
103,77.99422430770528,83.03457291664097
103,78.02941252212803,83.02868601401616
103,77.98172683110121,83.01178218204844
103,78.00960794799977,82.95426086024155
103,77.9683501790633,82.99492934721702
103,77.97323451528732,83.02695842654228
103,78.02037242099198,83.0189584294605
103,78.00768648692467,83.00208398379337
103,77.97298081655923,83.01161899103083
103,78.03114351408068,83.03135697040278
103,78.03354488026872,83.00993607432196
103,77.9969198284936,83.01100751136309
104,77.98495067445785,83.01782849870366
104,78.03221699886684,83.0164279573719
104,77.9949706007049,82.97207292589015
104,78.01563130047367,82.99919268365598
104,78.01993189461884,82.99216785459804
104,78.0260569102388,82.99300827843015
104,78.01177433600712,83.02892843733326
104,78.00919811997359,82.97896458237645
104,78.02929558526438,82.96463778385504
104,77.9832849052973,82.97185030680954
104,77.9942218691532,83.04719296174488
104,77.9943689343324,82.98171730643479
104,78.01165835002013,83.0320180922381
104,77.98710404075892,82.98136589009941
104,78.00392140157274,82.99853888510364
104,78.00820836963668,83.02591646466327
104,78.02748239789967,83.03981225210877
104,77.9934606753199,82.95920582339902
104,77.98868983760525,83.00095975664426
104,78.0300704587734,83.01447796216318
104,78.03148342433131,82.9824726209819
104,77.96252436212589,82.9836998559011
104,78.02260768970099,83.00487305577744
104,78.0014507953532,82.98232593482564
104,78.02679743205832,83.02040742197731
104,77.96236054310258,82.97144171340143
104,78.01037219965345,82.99815913964575
104,77.98804183603318,82.96245656346466
104,77.95296399189876,83.01442246918702
104,77.9964773127005,83.00110192801245
104,78.02401082640849,82.99545498082514
104,78.01738100750275,82.99026770831006
104,77.98275039923635,82.96214162078054
104,77.975928185853,82.99480789360312
104,78.01003929982193,83.02753912685125
104,78.00524694203916,83.0186377359901
104,77.98034914382842,83.03288865018185
104,77.9775812548423,83.00722839014665
104,78.02332438482046,82.96039608532364
104,78.01557013640965,82.96123405569503
104,77.9957159958383,83.03028670259962
104,77.9707961021951,82.96638754456764
104,78.03010382792756,82.9951651584622
104,77.95734285042235,83.01458981747832
104,78.00423445751798,82.98830129624464
104,78.03583617575822,83.00817166712693
104,77.95318012128587,82.99913709866162
104,77.97147513153537,83.03748590708393
104,78.01810098987016,82.96546321161016
104,78.02373159512858,83.04088101134262
104,77.9920336094485,83.03413369462578
104,77.99145609979657,83.0096466108601
104,78.03186623194443,82.98268309303572
104,77.97735267349488,83.00434768941888
104,78.02673866638307,83.00465386216352
104,78.00518521932604,82.98272224636473
104,78.01620945218981,83.03956753366941
104,78.01716763464186,82.96490668523542
104,78.00009160021567,83.01759516127491
104,77.99867371137955,83.00490270391496
104,77.98486580739403,82.989210327134
104,77.97090626065702,83.02524089838319
104,77.98891279752522,83.03114774079451
104,78.02455285608518,82.99825441847904
104,78.01214123483837,82.98460660129922
104,78.02927678366679,82.97531387136165
104,78.04334305780097,82.9989829976941
104,78.0110129065527,83.01677959481471
104,77.96103281152958,82.9938668235468
104,77.9963173733952,83.02636640406384
104,78.03984964684113,82.99429531670738
104,78.03803836424636,82.99129533352598
104,78.03603902252655,82.9655941032325
104,78.02336395318255,83.0102618562709
104,77.97635239646274,83.001087393135
105,78.01714652997387,83.00916408016319
105,77.96108719406435,83.03015745630253
105,78.0030506801387,83.01868794198543
105,78.00132980725044,83.00364042527426
105,77.9827129343099,82.95621943937408
105,77.9552422898516,83.01830594241314
105,78.04686167348592,82.99480825308899
105,78.01243995864317,83.01981074368432
105,78.00541470027531,83.02183821194521
105,77.9698531896138,83.02866254590894
105,78.0359628065008,83.01141728721863
105,77.97031370495768,83.007371815706
105,78.01792420946002,83.04638587396364
105,77.95622660081736,82.99683024310028
105,77.97197234179545,82.99127136627483
105,78.01019311293645,83.02992272984659
105,78.01455680865304,83.04311134097566
105,77.99340256599915,82.98672217504614
105,77.97964305155291,82.96450760669224
105,78.01064984779748,83.01426343101622
105,78.0126032331318,83.038150695962
105,77.95162984037101,82.9941577084599
105,77.99748602955452,83.0226871564645
105,77.98928442886395,82.98756597395978
105,78.03220032804329,82.96984402001559
105,77.9917813489841,82.98589806871202
105,78.0182429454819,83.03086145728564
105,77.97455874564159,83.03424106769651
105,78.0082371707509,82.95125507569709
105,78.00217206669286,83.01454223163452
106,77.97697621343391,83.0319384704981
106,77.95543510438615,83.00128853529027
106,78.01580275827172,82.97676906737593
106,78.00008782561787,82.99457568390778
106,77.98412598299687,82.97762687410022
106,78.00428842567506,83.0166717669567
106,78.01944370325396,83.04047906854838
106,77.99053969644054,83.02515460020848
106,78.00366484849836,82.96610710695471
106,78.01769928659316,83.02568566538466
106,77.97099494004512,83.0134325053008
106,77.96794221282873,83.01337706030259
106,77.96381136506479,82.99514866980303
106,78.01037898047714,83.00364335692929
106,78.03592365183079,83.02674111529787
106,78.03003713069788,82.9921924636207
106,78.04108474381283,83.02134172721733
106,77.97499223310935,82.98999676410065
106,78.01562804359064,82.98284538906985
106,78.0233060335792,83.0439027115315
106,78.01382406999703,83.02053610819355
106,77.98375267213622,82.99688751279525
106,78.00726508152219,82.97568811498998
106,78.00011394955068,83.0311569187365
106,78.0361597794011,82.98716269837672
106,78.03343302337225,83.01191927193665
106,77.96985455826048,83.02980150507956
106,78.0350227700827,82.9830243431431
106,78.03572455082585,83.0145201923156
106,77.99909951462689,82.98615036222724
106,77.96566206724242,82.9806624370407
106,78.03492838006684,82.96629860549952
106,78.01116369672788,82.96592015011296
106,77.96390752894034,82.99817740781602
106,78.02771645091258,82.96533411280303
106,77.97563674325812,83.00228460800179
106,77.9990061632109,83.00417733244389
106,78.0197272328744,82.97990792942274
106,77.97448330866419,83.00031190872686
106,77.99612301639304,82.95810088736337
106,77.96794221282873,83.01337706030259
106,77.95329823881166,83.00327454311818
106,77.9695630401946,83.03647030852846
106,78.00668137833893,83.02557114075688
106,78.01730364074686,82.98358019200077
106,77.99885568302663,83.04586462795453
106,78.0331553327957,83.01915759155976
106,77.97228636439584,83.0285443869452
106,78.01139578895983,82.96224811022061
106,77.98866894745478,82.96234968768537
106,78.02257677194224,82.96733406672644
106,77.95325507987538,82.9872126504767
106,78.00058721760075,83.02192792667465
106,77.99860816952368,83.02113497359902
106,77.97915850981492,82.9743861622106
106,77.99889637266644,83.00626098021229
106,77.97037952739406,83.01827507201776
106,78.0153243740046,83.0434272349063
106,77.99138896000711,82.95924790850621
106,77.9838988379985,82.99667031639736
106,77.98069933426443,83.04073461116724
106,78.01063549540517,82.99526248108388
106,78.02686185350723,83.0143863197898
106,77.95285704612328,83.01323941304135
106,77.97947640882441,83.00644668953092
106,78.03648220121725,83.01720303136356
106,77.96928405558835,82.9645556793468
106,77.99185316160984,82.99292517447077
106,77.98291289621551,82.96224209976216
106,77.98039787124912,83.01808170247084
106,78.01237433393514,82.97053666206625
106,78.0105433332405,82.96787888514744
106,77.99942010339329,83.00333552710374
106,77.96771257856375,82.9651546951164
106,77.99659864160061,82.96368693915443
106,78.02457525658848,82.98301558908577
106,77.99060128455491,82.96637603820697
106,77.99043368050233,83.01837301180166
106,77.99026377950119,82.98818113702751
106,78.01031895935272,82.99219256313022
106,78.0045171157838,82.99840690793918
106,77.98326837742022,82.99363685879634
106,77.99028739489374,82.97113848650336
106,77.96958207208897,83.03906422135324
106,78.0382181865375,83.0265280688898
106,77.9642853556769,82.98215026148699
106,77.97196524563128,83.01059793725332
106,78.04117831127508,83.00300493018284
106,77.99005191099864,83.02147185649076
106,78.0224127923247,83.0404545896167
106,78.00433842464588,82.98204847327688
106,77.9917813489841,82.98589806871202
106,77.96491560638533,82.9838664260671
106,77.99256634038399,83.04840394874219
106,77.9815577103945,82.96303957639178
106,78.01090241126747,82.991796686436
106,77.98251160428528,82.97952169467604
106,77.96839100528697,82.99622700653771
106,77.99517658739495,82.99666706313009
106,77.99766536722089,83.02010944773919
106,78.012572115191,82.98458589544083
106,78.02001014914231,83.04372863006515
106,78.00453310272233,83.03733486746289
106,77.97490868503925,83.0201499681887
107,78.01330509014562,83.04288834663242
107,78.00846601986449,82.99072148486285
107,78.03376611734403,82.97841776573142
107,77.98728673735937,82.96541556245602
107,78.01829159131474,83.01319715636289
107,77.96236346453327,83.00819027973309
107,78.00825870083632,82.9843748382917
107,78.02899743766471,83.0021297158153
107,78.03814313117446,82.99740088092297
107,78.0356268291036,83.02241175917648
107,77.96207435212273,83.03235289637419
107,77.96454049157586,82.967157383836
107,78.00733444094192,83.01251020443947
107,78.02402620428317,83.02613202335138
107,78.00283091092005,83.00070722878282
107,78.0210268548068,82.9784617490128
107,77.97696165130792,83.00190595251065
107,78.00741638496693,82.97362480936113
107,78.01358678114697,83.01655426113615
108,77.97826382356929,83.00935212873158
108,78.01866975168261,83.01195865880757
108,78.00504908425674,82.99307390691935
108,77.98529928068501,83.03366735167987
108,77.97107589736032,82.99289269749181
108,77.96508621110642,82.96483209270724
108,77.97053648198509,82.98328155098173
108,77.97273567800991,82.97013973204606
108,77.96694073509269,82.96439122978977
108,78.02470633735949,83.01906486829134
108,78.04293928396254,82.98701757231592
108,77.95557471873612,82.98182263163928
108,77.97616700579479,83.03780545059917
108,78.01894433648808,82.98916764984911
108,78.03489740592853,83.01503774640645
108,78.00392140157274,82.99853888510364
108,78.00548602537307,82.98985860726124
108,78.04205654167154,82.98431623934877
108,78.02758845267303,83.02254081697768
108,77.96649848382835,82.96973816468302
108,77.98346746866575,83.0003085919423
108,77.99055738190611,82.95122738995606
108,78.04665221123366,82.98857217217115
108,77.95103680518004,82.9941096423114
108,78.02164134427667,83.02919186621142
108,77.9768323742905,82.95988064192774
108,78.0155484332984,82.96393274526035
108,78.00676751331363,83.02516670780588
108,78.00059079129728,82.95439279476734
108,77.9688678459184,82.98519663032805
108,77.95873961682538,82.97781570100044
108,78.02073579278243,83.02742755524538
108,77.99386154701752,83.03852356564066
108,77.99745244184874,83.02904176244904
108,77.97556617805192,82.98491381434977
108,78.03233074791186,83.01279716833105
108,78.01382406999703,83.02053610819355
108,77.96222702948207,83.02667554442336
108,77.95845774222462,83.02045559889993
108,78.02392456234612,82.9955303810307
108,78.036538433063,82.99990367821226
108,77.98804029137682,82.98145715147727
108,77.95768512783451,83.00669406319106
108,78.02961344242705,83.02081577699107
108,77.96113343896728,83.01972510536132
108,77.9738188614236,82.96437997425262
108,78.0166763092639,82.99758069738948
108,77.96651093385077,83.02831772938697
108,78.01647916565092,83.00245903601156
108,77.98268608174604,83.01797416824219
108,77.99671859443204,82.98205409026066
108,78.0273176683384,83.02622437993617
108,77.99904773712504,83.01870077218815
108,78.04015202854842,83.00251755645301
108,77.966160934015,82.98785789564046
108,78.00641895238617,83.04039423521836
108,78.0402094591775,83.02709660157998
108,78.00855402257831,82.95938511845374
108,78.01359085417273,82.99157753028163
108,77.99314193889036,83.00316170266801
108,77.99909951462689,82.98615036222724
108,77.95756670713786,82.9942551174239
108,77.95380858095567,83.01884598529351
108,78.00698091823612,82.98915218537473
108,78.03517227109954,83.01427696314495
109,77.96710687005549,82.99807183670939
109,77.97039051283764,83.01329545646234
109,78.00787795064109,82.98750751301301
109,77.97583368605432,82.96841645678293
109,77.97160482137257,83.01063637121918
109,78.02697482319131,83.02750239577324
109,77.9805403102981,83.0155405059736
109,78.0246320765368,82.95680404063758
109,77.99290838409107,83.01276145462155
109,78.01365160372318,83.01686617986674
109,77.96847101059531,83.02006865204572
109,78.01668725878768,83.01471006032239
109,78.01035345277185,82.9589994080089
109,77.99731424196861,83.01997610323507
109,77.96702263272239,82.97007824716715
109,78.02748511977777,82.9798689813464
109,77.9661208906467,83.01409988963306
109,77.99769847497886,82.9843177334834
109,77.96602531773526,82.97192213446667
109,78.01486449224134,83.01255732287323
109,77.99786140196461,82.98504835856211
109,77.97323727343327,82.98502067359385
109,77.95438325021523,82.99010120453637
109,77.96505871396548,82.97098523342343
109,77.96983501019685,82.98276520471356
109,77.99850028886212,82.99708725508277
109,77.97998247861926,82.9917277642403
109,78.0213143990768,82.99888186916644
109,77.97458559277062,82.98492229664498
109,77.96831821919345,83.03582834316796
109,77.97994682379286,82.99824671455923
109,77.95166024069111,83.00815621920309
109,77.99882030971426,82.98944345839817
109,78.00941452560912,83.01940582684799
109,77.99663898874557,83.03908046424846
109,77.97519135032948,82.98085025750584
109,78.04480403530788,83.01271187178614
109,77.97450732425172,83.01928287083899
109,78.0265830547087,82.97164112988942
109,78.00348065674798,83.00838054218548
109,78.03284632073178,83.03669208771258
109,77.96839100528697,82.99622700653771
110,77.96246951484407,83.00568968866052
110,78.04083114798811,83.02854897013667
110,78.01390709268374,83.01784216426057
110,77.99556960773502,82.98295888110128
110,78.02686143414563,83.02900264623558
110,77.99722687314542,82.99120229730823
110,77.99364902843647,83.04169047520618
110,77.99511720580219,83.0108421352721
110,78.04443838616565,83.0106836602276
110,78.03113523983053,82.99072060959487
110,77.99691661437485,82.97294975111645
110,78.00692244265758,83.02158991649836
110,78.01710617722966,82.99070164383333
110,77.97959371923903,83.04511072225682
110,78.02287496473114,83.02133637862396
110,77.99851383505288,83.00816678401272
110,78.03184116287203,82.99301851078894
110,77.99122859614916,82.98651438207898
110,77.98600765719912,82.95733430476915
110,77.98674093980176,83.04541946907653
110,77.96326097572775,82.99773459949076
110,77.97921227202912,83.02765997008024
110,78.0223772879525,82.99971586708027
110,77.95280086555518,83.01357878350909
110,77.99608367537249,83.0437525288692
110,77.99755828875495,82.99630738183943
110,77.96934235670528,83.01063207534548
110,78.03445374682234,82.99689492392932
110,77.98096823329163,83.02771390013056
110,78.01842726248715,82.96303433386744
110,78.02859871334998,82.95898944440573
110,77.98113904130888,83.01304087368172
110,77.98587982962317,82.98606035538917
110,78.02209394596743,83.0142296820122
110,78.03685901515313,83.0210877450354
110,78.00240280262453,82.993489837252
110,77.97526748912028,83.04143747940714
110,77.97035067977892,83.00142377254298
110,78.04883609372966,83.00814982499378
110,78.02271780543762,82.97543374915676
110,78.03499748302089,83.03514343857108
110,78.01716408170694,83.04668144097032
