gene,x,y
1,49.009906921930494,63.03125908164301
1,48.98943592718684,63.04151199838958
1,48.9924682003439,63.04741379276839
1,49.03257900149172,63.00455981783368
1,48.98320619277507,63.02472260333254
1,49.04813605182258,63.00685884538004
1,48.95341650989107,62.99553641289982
1,49.03502153661228,63.000921522175105
1,48.96956101891411,62.966211588137234
1,48.98169466481337,63.00088570806174
1,48.95963752061612,62.99877468573592
1,49.00855385015137,62.9533132508822
1,48.971564420277986,62.992465852900494
1,49.00465976053316,63.01928066444364
1,48.972989767661666,62.98952842022741
1,48.96410786510628,63.02300067340941
1,48.99605579029749,62.9995322441215
1,49.026546462488675,63.01015253522299
1,49.0462780625259,63.002516918105705
1,49.03999057718242,63.01529483836154
1,48.97222812224027,62.96624517558761
1,48.96464187652734,63.01122817337797
1,49.01999053765898,63.029323281692164
1,49.013802162777885,62.97296720160913
1,49.031807004755336,63.01263782213603
1,49.026659808499176,63.01235208225606
1,49.026788028033984,63.00806192283517
1,48.99322312793533,63.03681493060745
1,49.01324460761044,63.02625436445358
1,48.97739087862406,62.95790133055826
1,48.96220330438053,62.97959792313399
1,48.98787637033284,62.966625721727084
1,48.99511625556774,62.97002360645058
1,48.96482445607808,63.032564171969206
1,49.015376600367674,62.99537690877035
1,49.01453234143612,63.03521688276536
1,48.99860000912582,63.01173264154
1,49.040992280412034,63.01552392240128
1,48.9690688950029,62.98771390259523
2,48.987950547709886,62.96594258088841
2,49.00532032670807,62.99159992221204
2,48.99584959616592,62.97302155440273
2,49.0038523280876,63.0103974709129
2,48.96690567759025,62.99701691469123
2,48.98298530976671,62.975417965691726
2,49.00759910574635,63.00125393603539
2,48.96298205384977,62.98514469153361
2,49.0093390399657,63.02249954817491
2,48.97081775079982,63.01896392772864
2,49.01756803188643,62.96436316864244
2,49.01359019906264,63.02232047211163
2,49.027055440553866,62.99429590196292
2,48.961567865030055,63.00918829326523
2,49.02287873572312,63.01433718987104
2,48.960672480062975,63.02313530926507
2,48.99240146747795,62.955155136818036
2,48.96128712507288,63.004406976636616
2,48.981034615752534,62.99742389454852
2,48.99985825372567,62.97527654719987
2,49.014223597509435,62.98926040438754
2,48.984996561511416,63.028530797704846
2,49.02259549769314,62.964672024886156
2,49.02445650122437,62.987632667858286
2,48.99184681521243,62.99102235052493
2,49.00929419836891,63.0129367922112
2,49.037457356033485,63.00326023364058
2,48.96580661999261,63.03163984642846
2,48.981377568040884,62.99338767372327
2,49.028164811412346,63.01943881892906
2,48.99402888707286,62.98485230981071
2,49.007244260294364,62.99991784129522
2,48.98625788683863,62.96580194797502
2,49.017061270651254,63.01922886322564
2,48.96628842918039,63.03113035183121
2,48.97576773097253,62.99600277312093
2,49.02438073134764,62.995303009724125
2,49.02437116465735,63.03568074646639
2,48.97074656157319,63.01307887561608
2,49.01887835747859,62.99098465906839
2,48.99351303484,62.99336105154851
2,49.00939251853957,62.97814165927543
2,48.99522537600361,63.00273118507153
2,49.00733503142268,63.00833351035707
2,49.035044458087036,63.010221898068075
2,49.04317933369373,62.976943408336766
2,49.035012890135036,62.98227148471778
2,48.99993182988502,62.99464807582174
2,48.98893223343229,62.976328234102546
2,48.98044964845572,62.98103486074906
2,49.006878464079975,63.0282209641221
2,48.99300948977795,62.98924669868694
2,48.99949566526597,62.960348349139366
2,48.999712432569396,63.02933449670989
2,49.00810173860389,62.9886202087573
2,48.99002624383742,63.021101693786086
2,48.97190260117532,63.02992169357224
2,49.00741861973916,62.99433328683032
2,48.96254131440393,63.00452860425705
2,49.00545518014256,62.99848834823325
2,48.973804577371745,63.015012641673486
2,48.99705323795814,62.996594030183516
2,48.977509791265454,62.97726573505466
2,48.95895156653043,63.01076327869014
2,49.01332207752685,63.01763260867267
2,48.982082354404824,63.017008844329915
2,49.03596103041096,63.011590850302824
2,48.9812129956032,63.0101356300376
2,48.99290356040388,62.98414344691314
2,49.006987294894756,62.9635310645589
2,48.977267233059166,62.979415365953514
2,49.004674615670154,62.98243955978811
2,48.99253574563819,62.964208607695625
2,48.99283732936692,63.027710211185
2,48.99431621172823,62.99963714888876
2,49.00810846036855,62.993008721576935
2,48.99436797409257,63.042743103554244
2,48.9879511628493,63.0080464396637
2,48.98403902201626,62.995934660287624
2,48.96342336279369,62.996993462213396
2,49.024015010059294,63.00719491398922
2,49.00391613090996,63.033199633330675
2,49.00194131311624,62.98383069044095
2,49.020301800391564,63.04094794608783
2,49.01163869422253,63.036508870186665
2,49.02627246430085,62.99591783924449
2,48.98015482833648,62.99178894179323
2,49.03231154200114,63.01550236217361
2,49.011355911869444,63.01465775378257
2,49.016549201517236,63.00619173292258
2,49.00372136664934,62.98895297333517
2,49.02186959376064,63.00026070088271
2,49.022657526390475,63.03445157633162
2,48.99767946370808,63.03171509403388
2,49.01778476192992,63.017904777882094
2,49.01424801881588,62.965819051254385
2,49.017140399341876,63.001657073517336
2,48.989844567571225,63.026903974056616
2,49.01969808043297,63.020115569478484
2,48.97613059164774,62.98244414111119
2,48.995132904818675,63.02682930196618
2,48.9919358586725,62.99642241684939
2,49.00636675656721,62.97420578414132
2,48.99920093147675,62.95826289357329
2,49.0031790958359,63.010979851954076
2,48.96008495066016,63.01419309421571
2,48.99151427110464,63.01947028534815
2,49.00856607250098,63.00294153833369
3,48.99696503750235,63.02812091317809
3,48.98407149875373,63.04726934103059
3,48.98629282243445,62.95572694265274
3,49.03713451412374,63.001994408282116
3,49.04799083413989,62.992974578641096
3,49.018839645304595,63.041199654388734
3,48.97720973611234,62.98759703575746
3,48.99508530293387,63.03947192994079
3,48.98007268638636,63.008301944035026
3,49.0239797480495,62.95955776090556
3,48.99901464818085,63.00987072685778
3,49.01440666064391,63.02059835777511
3,49.031871483865594,63.03319561259092
3,49.01458915214974,62.972603274600814
3,48.99946942321987,62.9901905865905
3,49.02305252497418,62.98494894654756
3,48.98108600382693,63.004914115315856
3,48.97583277303615,63.00097956966678
3,48.989133896966635,62.99394783447285
3,49.0178633812564,62.95339532044026
3,49.01310772108701,63.01532230790465
3,48.96981020428025,63.00507619591604
3,48.994073419124454,63.01359555080448
3,48.976116067347,62.98683285678244
3,48.97195686707994,63.0334691195133
3,49.013320428443706,62.994017050835936
3,48.9959814744432,63.00800299631767
3,49.00443283517268,62.96871247318513
3,49.043062910515616,63.02143864775661
3,49.00578981832364,63.00236722984426
3,49.014906866667324,62.970443505377006
3,48.97176029592799,63.022042839682214
3,49.0094586296447,62.96741499488486
3,49.04228593945369,63.011747648528015
3,49.00215792864681,63.00645817175756
3,48.97672248149385,63.00547852297152
3,49.03356095506653,63.01840284931762
3,48.958614422284334,63.00040362761824
3,49.01972343843839,63.0180179480056
3,48.97582085626845,62.99231445009604
3,49.023391778540734,63.03372997395738
3,48.994677247183304,63.00960682229218
3,48.9588315132289,63.01836989597416
3,49.015889060681914,63.03035708872211
3,49.02905690403522,62.970716117551774
3,49.042183997259215,62.98920855452824
3,49.00094927798694,62.965212850833595
3,49.014769792037136,62.98134543125088
3,49.03480311852466,62.988075985117796
3,49.00576165495108,62.991641057997796
3,49.00221006880476,62.974262351807305
3,48.9962167713989,63.01617523198104
3,48.957541889413484,62.98470381773981
3,48.96559479495414,62.98896305892982
3,49.01580568874799,62.99104498878761
3,48.98077406345264,63.044277451831746
3,49.007864764804744,62.99028272211042
3,49.0306713880982,63.02440061518859
3,49.01193813005805,62.97540282533366
3,48.992899141364646,63.00729764421625
3,49.00760001487574,63.006242948950465
3,49.02915550983456,62.99482346405792
3,48.98327500542405,62.991215513196096
3,49.00970155948309,62.98386301614232
3,48.975920723369796,63.006962839325766
3,48.96816493545166,62.96285367933192
3,48.981847557013964,63.01777048006726
3,48.99398985400546,62.980097036075115
3,48.98060930461448,63.0012330264662
3,49.024385242394175,62.98905279826155
3,48.9855910604988,63.03061971618965
3,49.035780981269426,63.02477970444308
3,49.01821912602843,63.0352997738153
4,48.97364425279085,62.982841409641935
4,49.01958669491603,63.007480396424526
4,49.0229778603558,62.99585058307463
4,48.99696763028139,62.97669273449624
4,49.02671467875485,62.96033926059023
4,49.01564656181676,63.00656826561121
4,49.01549189843025,62.96315146195723
4,49.00663798951518,63.01957103696826
4,49.024310606853156,63.03954203668034
4,49.049042847947725,63.00067506227282
4,48.9741487874794,62.978464338179066
4,48.95681974777589,63.02320492021744
4,48.98953078000543,62.98805617950683
4,48.96210665094894,63.00508063572802
4,49.035624737179376,62.98807251532726
4,49.006503983995174,62.95827304300004
4,49.040913483657604,62.99546236104924
4,48.973200973540656,62.96030120419887
4,49.00190921804316,62.97748175327717
4,48.976002615391195,63.040302848554006
4,49.0171477813752,63.009059472780365
4,49.03083772527157,63.03638202384226
4,49.00659139863309,63.003365331046034
4,48.98734513462809,63.01738643791044
4,48.97780189401928,63.00371839137244
4,48.9573658512537,62.981305234513684
4,48.999993419877235,62.963262187208855
4,48.96352906688531,62.98735615512071
4,48.95772361969524,63.01659735119289
4,49.04562366965135,62.99052187291884
4,48.954059588895376,62.99336371758545
4,49.00574226818427,63.03127071425472
4,48.99638508064491,62.99270116742161
4,48.996201193548075,62.99224384642491
4,49.02294467684117,62.999121371691416
4,49.00113645697628,63.00220613127017
4,48.99723938629281,63.0369653049726
4,48.975841194894954,62.996613881303205
4,48.981175311502795,62.96711435080334
4,48.978703901700825,62.97636800179652
4,49.020254314982495,62.997327284696006
4,48.96809401788678,62.964134290918
4,49.04129696556856,62.98003960306174
4,48.96393337347515,63.02051489473638
4,49.045820448660635,62.98767604071272
4,49.04413202129069,63.0031270906124
4,48.953851148606475,62.999864281843664
4,49.04538379731444,63.005955324187234
4,49.048987826735846,63.00660377841639
4,49.03043216508154,62.96467441748793
4,48.98818298362043,62.99437129459893
4,48.98341406740182,62.995926402310204
4,48.973536359001855,63.01986116772243
4,48.97806799961516,63.04290844889218
4,48.95647211821125,63.014981547260426
4,49.02693452003577,63.03319418233089
4,48.97463266039798,62.98834254715099
4,48.980135297825065,62.954379663341165
4,49.01266829464653,63.0089268914084
4,49.00329412989895,62.98242457515974
4,48.988997379715435,63.04007611878905
4,48.9890196908176,62.980330113929625
4,49.01313544966138,62.98160459965758
4,49.03898633082943,62.98412853738489
4,48.98109285031013,63.04489514010158
4,49.01598030861797,62.989438898110016
4,49.012531940874155,62.95780783063187
4,49.01021136351979,63.029915949306364
4,49.03993925306054,62.97582755996833
4,49.00782710874369,62.95343210984526
4,48.97103196194553,62.995525202563805
4,49.00745136359304,62.99897290067241
4,49.02395491609403,63.03600241781838
4,48.9891782984989,63.006736019948654
4,48.9891221893976,63.044596132508644
4,49.005806299338126,62.97816104094637
4,49.02160406193944,62.9937013394265
4,49.007318316282266,63.0279208529546
4,49.004142357322465,63.01970821417778
4,48.994631865072215,63.02195191826087
4,48.9850811191997,63.0097637549696
4,49.00354147880757,62.992501035926374
4,49.04272698980997,62.992077834611884
4,48.980552760905084,63.005208390009145
4,48.973225747523195,63.02369229787876
4,48.95936573721862,62.98072480244043
4,49.02826004387797,63.026115679265814
4,48.97679978935041,63.005998829630755
4,49.024513245515365,62.97738405215067
4,49.01705436826161,62.96492478171997
4,48.95316919863099,63.004054801084656
4,49.00702108323184,63.04717449508851
4,48.986690680236194,62.97581674969672
4,49.011555359982374,63.00018430921731
4,48.96195056981131,63.00960567289708
4,49.02583413435089,62.96108493325657
4,48.97072526521058,63.03367585548949
4,49.01260395208106,63.041154563732604
4,48.99142747002078,62.995837913905646
4,49.02534167345718,62.995678930025356
4,49.03314420526494,63.01297103120486
4,49.02247649961701,62.99648690644136
4,48.951987430974405,63.00464845921265
4,49.02045094976235,63.024533865995636
4,49.01472124210121,63.022046520368846
4,48.99595078796998,62.980419803393296
4,48.987479364502086,62.97968532254107
4,49.00252883771141,63.0313229405893
4,48.978368224805635,63.006473860082394
4,48.960819548732836,62.9744775837853
4,48.97364073450802,62.961366521092785
4,48.97673005214598,63.014648980777466
4,49.00638506216966,62.98060219382782
4,49.04066414686471,62.971676332355564
4,49.03763302297368,63.004365886014305
4,48.98478840967026,63.04055624163253
4,49.01718446942619,63.02849548597442
4,49.01817665665225,62.99725559810407
4,49.04243492526288,62.9842410994843
4,49.00127124649325,63.01221572596077
4,48.97712589145499,62.981262245153125
4,48.95509244667865,62.978149607742935
4,49.015730623012566,62.96483906472038
4,48.998456175658696,62.98881111581383
4,49.03881631603787,62.997036202051156
5,49.02872865619599,63.01108118090768
5,49.01970955582003,63.02620473401716
5,48.99900041828751,63.030701526538515
5,49.00530704095841,63.002279254906945
5,49.03536238375768,63.02755152706587
5,49.03469926757829,62.96632854608167
5,49.026597619115144,62.98817017117242
5,48.99204493198804,62.97918498882085
5,49.015712511346386,62.994477137820105
5,48.98202297293616,62.95603697444559
5,49.0098997058309,63.03253574502111
5,49.01583059058911,63.037437309072814
5,48.987463533382815,62.968523561423964
5,49.03883678708894,62.98624146602187
5,49.02920085395159,63.02742054737461
5,49.04059309619457,63.01497463979544
5,48.9954297404621,63.03976705306266
5,49.002420722583196,63.00751494884309
5,48.97232661797789,63.0393883458726
5,48.98433941685515,63.00429223056076
5,49.00763822428285,62.95953219144053
5,49.017213933496784,62.99992910863848
5,49.02692874415897,62.99197777671528
5,48.99993014395117,62.97146926364712
5,48.97996963641866,63.03214108967636
5,48.98428724114327,62.96511653596675
5,49.031950951507326,62.989926838620185
5,48.98597479464506,62.983919714307866
5,48.99789698444688,63.049176486618066
5,49.01282551724118,62.99824816719212
5,49.03490692444079,62.96562366881234
5,49.027423154468764,62.959719567700695
5,49.023851891560355,63.043493538699714
5,48.984036253877164,62.959628733217166
5,49.037350430148585,63.01354224287054
5,49.01204947672846,63.03954852798163
5,49.00475003256648,63.01137164048159
5,48.99370426861299,62.99105196856918
5,49.02807738116156,62.99759407959441
5,49.013719308801605,62.96145388857914
5,49.010431736544064,62.99043281359622
5,49.0216785273907,63.04502781875806
5,48.98503062003906,63.037208447182074
5,49.02105186451506,63.02210584501486
5,48.978703901700825,62.97636800179652
5,49.038345557887595,63.01254105342082
5,49.02725462167214,62.96972902467559
5,49.01141665596797,62.990709202957134
5,48.985144914280546,63.0377292586503
5,49.03550540108766,62.97353422588071
5,48.98180828244051,63.00125224669846
5,49.029195225656686,62.974012992814316
5,48.99890308023817,63.01959619883893
5,49.03360819969918,63.01603393115598
5,48.99695407745895,63.02752077501091
5,48.98001443060606,62.9578399554258
5,49.00484135119257,62.98384922701177
5,49.03838974785093,62.99542862975611
5,48.98567274644699,62.99888782497417
5,48.98926539351818,62.9969609250209
5,49.01122120061236,63.04741824314991
5,48.9965676541232,62.99149019228589
5,49.003054578161944,62.9775779148992
5,48.97717138789927,63.03913260008013
5,48.99771972262272,62.967865928774785
5,49.00556740509669,63.02615178127913
5,48.97833838872157,62.96548544013838
5,49.01521669517995,62.99197973816829
5,49.00849089939592,62.98171041166273
5,48.95262244434855,63.010188769502896
5,49.02751178053709,63.01159645929682
5,48.982949422714874,62.997240053756975
5,49.04027284426102,62.976873891527205
5,48.995058955247586,62.97836900698612
5,49.02583813741787,62.99569169629222
5,49.03996966995702,63.02225732104298
5,48.989785479104206,63.0282820093373
5,49.03234453307934,62.974474904960985
5,48.998970117946584,62.99540941307261
5,48.98647676717301,63.04464060220865
5,48.983410550817624,63.022569787415456
5,48.956915370374745,63.00510675060207
5,49.00027421973649,63.02178775773941
5,49.008144128512576,62.99452561785098
5,48.99973313871785,63.02059052389561
5,49.02378281684259,62.98862021329252
5,48.99740377098477,63.047285880767596
5,49.0269971747722,62.96291626141379
5,48.984285147775594,62.981695561789415
5,49.00041696583805,63.01560211982927
5,48.960396310047805,62.98160981709412
5,49.04049228095027,63.02202878030142
5,49.032487828886936,63.01255484790307
5,49.01686750303019,63.04376945187665
5,49.00856607250098,63.00294153833369
5,49.001707620791,62.95543648053451
5,48.96655929795751,63.006884266877876
5,48.99340896450523,63.008187195871805
5,48.97871206316461,63.010612712118665
5,48.95764400255941,63.0134043179705
5,49.038538317750756,63.000518689950695
5,49.016586621351635,63.00355536680709
5,49.01762488703148,62.96929836562107
5,48.99298967356408,62.9790036836021
5,48.99419866382949,63.04688853221399
5,49.02544370412145,62.96632594918581
5,48.98144375203135,63.00206052238361
5,48.99300707831648,62.98030145696958
5,48.974220503737435,63.02725178070691
5,49.0223668844459,62.95537336514442
6,49.01072541021966,62.96416995082373
6,49.03321791543903,62.96658491684496
6,49.00320241419131,62.99953675703611
6,48.98746438071371,63.005760377931416
6,48.99226044597235,62.99389269526794
6,48.99080600814194,62.99384220098727
6,49.00060423145463,62.96143845320443
6,49.005713020443146,63.02599018270015
6,49.01467784166727,62.984468731086
6,49.018763458791824,63.01127784728649
6,49.01606723946076,62.95598363454044
6,49.00490564827852,63.00045909042705
6,48.964269433416845,63.03372904733341
6,48.98370946965877,62.994622596874905
6,49.00092031609388,63.013393375366974
6,48.97851515984654,63.030539004067165
6,49.0073873392114,62.95496488747745
6,48.97568277573275,63.008942022934015
6,49.0027876674959,63.01863773581684
6,48.95577269707947,63.00869812892499
6,49.01815645396089,63.04404534089738
6,49.01222203750319,63.01074697527534
6,49.02494259976616,62.9969486637213
6,48.97612142836463,63.02219122074495
6,49.00962672118944,62.96816767932592
6,49.00312231663592,63.00492141382494
6,48.98017232063698,62.97298379268701
6,49.01805342650728,62.9943717412892
6,48.98516469851013,63.00705062435636
6,49.007633600974735,62.990282611315784
6,48.99141631069401,62.984440226964786
6,49.02570606720993,62.99419215777507
6,49.002844846115664,62.987709074836204
6,49.013813371008645,62.98593518155265
6,48.99914169950167,62.9938346632133
6,49.015592817953994,63.01978344558221
6,49.00389062018479,62.99033226691428
6,48.996528617426186,63.02137137279506
6,48.98771976443067,63.01021569531981
6,49.020373518427355,62.980835501613996
6,48.974677895640845,62.988692219192956
6,49.00347049238307,62.973051660483684
6,49.02592699376934,63.002708310293386
6,49.02375332242343,63.01128549055092
6,48.998311965803495,63.014865198412785
7,48.98188859737473,63.02679361436085
7,48.97311412725942,62.98933881385106
7,48.96529686880291,63.013744643328
7,49.02770294299268,62.98254738809244
7,48.993711987827844,62.998686473172796
7,48.977390655347556,62.97983171067045
7,49.037785887712644,63.02282695019907
7,49.03395275931213,62.99010270727856
7,48.977398386990686,63.01837617911407
7,49.004687752794204,62.99643743688182
7,49.045913151121034,63.00214228115222
7,49.02230739112375,62.982512697297025
7,49.00912318745336,63.043746277862105
7,48.97055143390011,62.998994500001785
7,49.02013594201977,63.00099628127814
7,48.996547180466955,63.0209329916322
7,49.02745805254488,62.964867591296134
7,49.02708115052793,63.03177830218286
7,48.98532197645856,62.99336585095784
7,48.992650666832674,62.96252165287083
7,49.027990369227105,62.99707318360557
7,49.04924390651333,63.001605891680214
7,49.01692531897512,62.968346897624656
7,49.004239628794096,62.97545652930075
7,49.016528971943025,62.95894875432205
7,48.9751967753948,62.97376352101725
7,49.009189422919526,62.976767777266204
7,49.02967533113738,63.00158395562727
7,48.987218447042665,62.98291581906221
7,48.98126029503229,62.96755058892143
8,48.99187011843875,63.019386305381076
8,48.99112819170405,62.998560435134145
8,49.00239602331311,63.045189354329395
8,48.98305683531697,62.986989883185196
8,48.97190333475917,62.974792595174776
8,49.00260042788483,63.00958622186018
8,48.987839510526065,62.96649814572396
8,48.98784736989428,62.95862185900235
8,49.01548497640731,62.986560610369686
8,49.006739966365465,63.00265016545622
8,49.00249335224404,62.95265640809565
8,48.962792370168586,63.00829011529451
8,48.97259915399022,62.97833607908593
8,49.01459327794043,63.008447616452905
8,49.02574924945931,63.00991598401841
8,49.000740416440784,63.00875401827915
8,48.97505179506789,62.98936610767714
8,49.016269306572255,62.98690455451619
8,48.996917909525365,63.03002906540883
8,48.993906346361214,63.02116817935374
8,49.015263623038905,63.02790433876281
8,48.95950999176739,63.01851076882994
8,48.99966835357876,63.034008658316225
8,48.97304155238469,62.97785086561234
8,49.022452082122896,62.963287370141884
8,48.99206837138284,63.01440036584445
8,48.988546014050506,63.01708521686119
8,48.95442457802124,62.99033066317719
8,49.03353336522882,62.98364560635116
8,49.00405766654227,63.036019997008275
8,49.016061633054505,63.0193138371609
8,48.96007599900555,62.9895247154294
8,49.01459905174711,63.046347579090124
8,48.975393449783105,63.016031552823804
8,48.97492950913909,62.99488417426784
8,48.987253050657436,63.01900163662298
8,48.9613058149576,62.99425141052124
8,49.00117124089538,63.01504045345986
8,48.97431391230112,63.03944464820615
8,49.0139061383543,63.01358818155139
8,48.96101030138537,63.027909449127364
8,49.01270658424036,62.967003143588514
8,48.97659242386356,63.007625972387935
8,49.019959543967936,63.02777576244516
8,48.9926108580283,63.01726945494548
8,49.01875539370355,62.988805639330764
8,48.999420875379855,62.98548123554065
8,48.99058394028591,63.04433594333491
8,48.99296871762952,62.995834238478274
8,48.992809718594536,62.98423687244076
8,49.030260180162784,62.96831968172461
8,49.0250806238997,63.002655750747195
8,49.04757526105593,63.01287803996053
8,48.9961685265008,63.00466705166869
8,48.9855910604988,63.03061971618965
8,49.01019500653611,63.020662408711885
8,48.9769042103435,62.961936527658175
8,49.01605733205455,63.02281950204826
8,48.992705313847566,62.96482404918346
8,49.00613784765054,62.999064031153786
8,49.01138597319064,63.01473006327977
8,48.980337333154246,62.990769525597095
8,48.986010408045495,62.99153063657464
8,49.03708292951611,62.994962723506134
8,49.02799074882132,62.99802093830179
8,49.023801819671924,62.97488885258442
8,49.04796943086262,63.01220415181519
8,48.99671081210311,63.0321058122283
8,49.00060731627797,62.99910055650452
8,49.00386686035596,63.049320261054966
8,49.03044694735553,62.97583757301852
8,48.974029518186086,62.981376759619046
8,49.0005704011151,63.01196949500014
8,48.983292733528856,62.982291168088466
8,49.013370363817536,63.015594337854154
8,49.04382416081542,63.02310831760781
8,49.018097592382944,63.00386822329945
8,48.99910871053384,63.022214213657506
8,49.02896581828689,63.009659122261176
8,48.98257795714791,62.98644890954206
8,49.005825569593014,63.001395533452104
8,49.011333632394646,63.04466149470067
8,49.00783409308004,63.043624543127464
8,49.015515189248255,62.987468933438116
8,48.96961635609183,62.986679017619096
9,49.029797746122306,62.96653063824377
9,49.00681395909082,63.01751618424542
9,49.017727477579676,62.97687458248327
9,48.95802830852674,63.019687040777136
9,49.024327474533834,62.996819413173
9,49.049042847947725,63.00067506227282
9,48.9748385045582,62.979095520536774
9,48.954202762575754,63.00191548353067
9,48.99935445274211,63.04153025313711
9,48.97501863777827,62.991652021623814
9,49.04257648409155,63.01372535467519
9,48.981175311502795,62.96711435080334
9,48.95685883833413,63.0236046569892
9,48.99924161412486,62.97268247411224
9,49.02261539055438,62.99394101371249
9,49.01412333999369,63.010135731468154
9,48.99151622357682,63.003907430708885
10,48.99730556004403,63.00897060062563
10,48.99414309601184,63.01433480457336
10,49.02333973903232,63.015782732074456
10,49.02473412156992,62.979202625462555
10,49.04066246885929,63.0247524891073
10,48.97754541398168,63.04005894711804
10,48.9973761268082,62.97798162558293
10,48.99698025147147,62.995954398450344
10,48.99829166536914,62.963553502703256
10,49.01359008419526,63.02212036302821
10,48.9624708062826,62.991306642119476
10,49.009188768438584,63.04104389956159
10,49.010234224879085,63.00817994714701
10,49.01617905207119,63.016902810139285
10,49.007450892023485,63.008349552163324
10,49.03035246585819,63.00458668299298
10,49.025534270324584,63.033542894457575
10,48.969068451241405,62.991588528831855
10,49.003299730568244,62.989627586423396
10,49.03322115118893,62.99951391742304
10,48.969091463908796,62.99008530109139
10,48.99946600771966,63.01591738682363
10,49.00176821502858,63.008401131711615
10,49.012054949629366,63.00543413755916
10,49.02862914150535,63.020104873836864
10,48.985056174177835,63.01227142691252
10,48.99280729451311,63.01841236009785
10,49.046306745179365,62.99978338371196
10,49.028708009851655,62.99066704748983
10,49.01233978753378,62.9829422259027
10,48.990625019792716,63.001907571926296
10,49.00506501795092,63.00557232251583
10,49.03770122916539,63.008635732542395
10,49.023294047975234,63.02824874157006
10,49.01350861324755,63.005658919397426
10,49.01443392237047,62.99564015206656
10,49.01679973620816,62.97703659674047
10,49.023562984372234,62.99133458876851
10,48.98087051679004,63.01771432133992
10,49.02395564902474,63.03229840911376
10,49.00646062365729,62.9856854763922
10,48.98411652688714,63.00307071493458
10,48.987659571653644,63.04322083722549
10,49.00955652741651,62.992507219557176
10,48.98437705726694,62.98549341887893
10,48.98180828244051,63.00125224669846
10,48.98849109984234,63.0265215088512
10,48.99139117987086,62.96743125039537
10,49.014718615022524,63.00430848330069
10,48.98474911543016,62.98087964882215
10,48.98705582007005,63.03635637347923
10,49.02598628705307,63.031186057969
10,49.00309193597396,63.01349238020914
10,49.03267044858526,62.99249505952544
10,48.973776958117895,63.00130128961241
10,49.00149616438285,63.02028271384336
10,49.01094474252362,63.010794821494116
10,48.9934331636825,63.01248222536566
10,48.95889156006138,63.004341680010164
10,48.975289725330434,62.99991737822853
10,49.00895451345326,63.007600347994774
10,48.97084902163635,62.97160044190297
10,48.98852588839122,62.9998668428059
10,48.96391380461611,62.977259567904945
10,49.01547364584771,62.980591046666746
10,48.987697690601415,63.02718789096936
10,49.022226131908596,63.00312148134877
10,48.9762210841853,62.96051771393626
10,49.01829269489944,62.99951028747434
10,48.993402683581266,62.97188751899696
10,48.974395829516176,62.9704675799116
10,48.990841689177444,63.01242029786737
10,49.02198440779974,63.0000243673518
10,49.01767583192712,62.986709175098795
10,49.00196515260013,63.00798073904057
10,48.985684008571695,63.01374579602991
10,49.01453234143612,63.03521688276536
10,48.999781883113506,62.99154830982076
10,49.00995498028013,63.016531893242565
10,49.028287301647225,63.004990788862656
10,48.962479885786664,62.999473923615234
10,49.02293107810261,63.01315123472765
10,49.03599102480482,62.97599596215339
10,49.005800396593564,62.982346854293844
10,48.99642271403495,63.00547445070558
10,49.002532513248994,63.01877217252152
11,48.99525433814684,62.985716179136354
11,48.98999622019954,63.046530978258495
11,48.97713455518622,63.00937332333589
11,49.00411395089687,63.0235372671173
11,49.00826252556096,63.00265384781172
11,48.99616191620082,62.9675777686487
11,48.99845561425932,63.00892042390993
11,48.99203670188551,63.002257285373155
11,49.00539528299041,62.977248696400146
11,48.96969631017435,63.038477343052875
11,48.986418096772645,63.04402502351198
11,49.00227962029461,63.01925469756017
11,48.972062607055214,62.986123386806014
11,48.99340823428253,62.955208147266504
11,49.01731515414893,62.96971961515708
11,49.00420869405257,62.968548318572935
11,49.0370317628971,63.01545544350743
11,49.02097157440107,63.01383899058249
11,49.0032163307152,63.00950377280221
11,49.04549725181557,63.009380826148124
11,49.00140923388784,63.02377986179718
11,48.97914797811412,63.04305114664625
11,49.02592565765834,62.95783051417133
11,48.98226163660133,63.00619569790432
11,48.99554300891221,62.98640358222236
11,48.994247452252544,63.003089199867865
11,48.98490917500374,63.00069848668951
11,48.983791791619176,63.010444690427995
11,49.02744406944277,62.98411877865333
11,49.03345519307365,63.00824974319201
11,49.01654489976602,62.9884831437031
11,49.01257244020121,63.01261796471636
11,48.99142747002078,62.995837913905646
11,49.00129205789754,62.998315852232864
11,48.984036253877164,62.959628733217166
11,49.040795294468495,63.003191352506946
11,49.01556580427021,62.99170598114062
11,49.04033882636985,62.97497666175465
11,49.045088019827034,62.99197965453035
11,48.98833139989178,62.96481082657153
11,48.99676248283124,62.95224229874608
11,49.000559871344095,63.04512431139547
11,49.015663444712686,63.0215968914375
11,49.01144941062997,63.00843585276295
11,49.013426272296655,63.0338664356568
11,49.027213923241035,62.9811872664439
11,49.01861843535307,62.99505933547815
11,49.01118653534283,62.97819511113648
11,48.983592336753844,62.99302580906029
11,49.01808525256346,62.9616096028947
11,48.97404428585918,63.03781718118177
11,49.04459527367578,62.978302807029294
11,48.95969131402724,62.9968629181457
11,49.02040308705335,63.04331924154528
11,49.03969634336282,62.987231597717326
11,49.00036833544998,62.96234430223824
11,48.981295608062254,62.99249808438725
11,48.99306926920918,62.96620186569355
11,49.00548735638496,63.04582344048102
11,49.009669579693686,63.01490800490226
11,49.02775218995037,62.999332722857275
11,48.98017361410045,62.99439378012064
11,48.990537934871426,63.00476205680781
11,48.98145166468516,63.03379276948614
11,49.00614453888322,63.033310450168194
11,48.99609252926265,62.953613722941924
11,49.00622466263804,63.032118080111275
11,48.97105843519198,63.003479775388534
11,49.00094122066881,63.02435779066792
11,48.97203156475641,62.97253370739257
11,48.962341115889075,63.015024119916745
11,48.97929156603016,63.02080898227552
11,49.01355486038159,63.014878254118145
11,49.008442694127694,62.98736420423974
11,49.01187237780947,63.035669866872155
11,49.02545537673796,63.01984156441666
11,48.969591016594734,63.00837098985927
11,48.9696490628143,63.01779803683432
11,49.01307236790278,62.97786020396575
11,49.01443131851551,62.9960562644847
11,49.034632746135685,63.01774007647724
11,48.971141486331966,63.009476308638675
11,48.98027678959867,63.00844316229829
11,48.95816522037892,62.98509843638871
11,48.97349775347921,62.993866574710296
11,49.00110036391551,63.023686889977164
11,49.023596603538216,62.992640295890396
11,49.0031209235869,62.98944072714179
11,49.04675257108907,63.012569911417756
11,48.98763000721827,63.01396854635361
11,48.99200493478071,63.02905629250634
11,49.00601968443914,63.04364787797584
11,48.99902792660492,62.96182801458259
11,48.95450635040594,62.98881759329241
11,49.012605899461654,62.97318256085981
11,48.98333899216584,63.030536054251606
11,49.00548948384149,62.95633746216918
11,49.03262542087309,63.02282649091811
11,48.95688738506113,62.984574119764176
11,48.963160846164826,63.01069388949783
11,48.982317150683855,62.956394109475
11,48.95121907051866,62.99437082957927
11,49.00963215374603,63.04012468564379
11,49.007786602443716,62.99268612436853
11,48.99727262448183,63.0262753895737
11,49.0056899860704,63.015653809506546
11,49.009439123279584,63.009896534197
11,48.99032107114198,62.97184077407788
11,48.97983507840023,62.97683737732214
11,48.96054924882429,63.02225605252577
11,49.00899087871587,63.017634794589526
11,48.978146451918974,63.03743405125345
11,48.97399105430874,62.985151814855364
12,48.98586025469524,62.9553441271088
12,48.994478807850356,62.97146821450867
12,48.99826099685174,63.00928536985748
12,49.0370738396039,63.01268699194994
12,49.032069294630126,63.01381604357745
12,48.986237487208314,62.95443754648838
12,49.03725585496932,63.01452084141856
12,48.97712535810601,62.956374846619894
12,48.961455835992616,63.001150587624785
12,48.994191150871934,63.04647330724917
12,48.97040038260841,62.96714562057925
12,49.04045407035268,62.99006653651283
12,48.98613854245626,62.99466469428577
12,49.038262576132034,62.99091767385239
12,49.03728032003138,62.97289553483833
12,48.97334749350234,62.99640312198842
12,48.97394300747796,62.9615988034845
12,48.98916571345379,62.951719448883324
12,49.019360516566735,63.01213240587998
12,49.04284368703938,62.99342581617212
12,48.9942711322347,63.02009054271316
12,48.993629046484216,63.00141511628151
12,48.990431919335386,62.97921616746005
12,49.00989771835991,62.957003655796676
12,49.00590817909356,62.98568476677671
12,49.03366707059849,63.00922907167356
12,49.01974550765342,63.04310154671092
12,48.985304591436744,62.98859495220214
12,48.980852327308675,62.99984445916762
12,49.003555926042566,63.01477309456588
12,48.964027076893245,63.01221492957636
12,49.0368684729893,63.00477577409441
12,49.03298068887754,63.02946748861471
12,48.963053891417005,62.97040057518667
12,48.98844759338681,62.980546246767666
12,49.02729705623953,63.03852265745036
12,49.02797854495599,63.00866188599155
12,49.03253699753541,63.02574733445076
12,49.02968160869415,62.99413545562445
12,48.99323582411279,62.973418140421174
12,48.98707541975254,62.98896672667936
12,49.00088773064075,62.98098594001919
12,48.960347157061804,63.01550267553012
12,48.9838950511712,62.95421374986234
12,49.043480799341424,63.00599738261455
12,48.974571170361074,63.002497241251355
12,48.99303830610245,62.9938125753458
12,49.04314512430827,63.01769952030948
12,48.99112819170405,62.998560435134145
12,48.97084287329884,62.972793571194735
12,49.01350402270335,62.99187341890018
12,49.002568441655825,62.952302614432405
12,49.01165425353888,62.978675685419915
12,48.99964417659612,62.98601119615943
12,49.01667132565083,62.953083250443356
12,48.967680995684205,63.01077033136951
12,49.010002810715534,62.955296290727354
12,49.02936507090122,62.96071467408006
12,48.98902405575725,63.041592008119885
12,49.021981142423975,62.969970272152594
12,49.02521894526906,63.034197100630564
12,49.031230436771416,62.98857676617647
12,48.98208469729652,63.04296167524254
12,49.006009999015866,62.985402522314104
12,49.00521634927284,63.005568271987315
12,48.970522601319544,63.00806249172376
12,49.03039441727292,63.03951100655819
12,48.99835879903615,62.99734642378277
12,48.95958492659987,63.02158732256297
12,49.002143042797776,62.99153302173072
12,49.032093702837024,63.028892987304886
12,49.041992800353185,62.98705823622775
12,49.01949160702966,62.95508552270367
12,48.9950789116518,63.014031834881784
12,49.03415463084137,62.99898822547504
12,48.95780437269468,63.01993243537033
12,49.030930193800465,63.02249745016719
12,48.99123510313346,63.035987814695666
12,49.012279729593715,62.98372584671781
12,49.02717841185811,63.020345896566425
12,48.98487726362281,62.95353782035887
12,48.9790563717286,62.957102712893736
12,49.01945436040121,63.039245626647975
12,48.99799039192744,62.97765239423337
12,49.0345986831132,63.03239871261238
12,49.01030748572263,63.00581151637237
12,49.048088367541325,63.00915018442413
12,49.01340560993781,62.975644984573336
12,49.01020124045322,63.04067471877375
12,48.99768982755557,62.990695135468165
12,48.99351308837217,62.96554856306527
12,49.040267570429464,63.009720244861846
12,49.02127116480467,63.041868095700146
12,49.02789559743874,62.97370894444492
12,49.02230218175725,63.00619334525328
12,48.98433722293545,63.02224993050004
12,48.99789698444688,63.049176486618066
12,49.00498185829823,62.983201302900824
12,49.02905953944088,62.979182370761876
12,48.95889507845883,63.006651170228196
12,49.02098028865704,62.98006238200908
12,49.017139907120196,63.00162242662909
12,48.984882816910975,62.99634479298813
12,48.96533676595379,63.006305829034105
12,49.01262932735746,62.99654245902737
12,49.02253992334136,62.972576876539286
12,48.98893385565814,62.97671886856827
12,48.996250431268564,62.98936920024192
12,48.98086781256533,62.995503553065
12,49.00208026104257,62.977539816321375
12,48.98985449024413,62.97137995882199
12,48.95430315533738,63.002045726690056
12,49.029554832257226,63.00689760987098
12,48.96443304570766,63.03237605024949
12,48.961005983528004,63.030265990914266
12,49.009737392213474,63.02000682061095
12,49.00023811558949,62.96081059779794
12,48.99870264995565,62.99792328711523
13,48.998742796663606,63.009355293640155
13,48.97696280828351,62.995182837569885
13,49.02327182288784,62.97205111423922
13,49.0367002549338,62.9794952607993
13,48.978589319508394,63.02791157662907
13,48.996872986091375,62.971427927858024
13,48.9973986780183,62.95539596743845
13,48.99153219881102,63.012001453721446
13,48.98686585624971,62.99155108997832
13,49.022141753844586,63.033560718989044
13,48.98625212404802,62.99853788926287
13,49.04225902889239,62.98242823258909
13,49.010395712979104,63.03554136969409
13,48.97031986325898,63.02892425870968
13,48.95411833616356,62.985449975355564
13,49.011683777858174,63.037731370615525
13,48.97995237732484,63.02073971294507
13,49.009873322681365,62.974076613979534
13,49.03015996851523,62.98522364806889
13,49.03754739476219,62.98115105883039
13,48.99931537321521,63.02533344524478
13,48.95806955631521,62.99260637046228
13,48.97851515984654,63.030539004067165
13,49.01451480725228,63.02690009353553
13,49.03131054885319,62.99746377199298
13,48.99168559831724,62.95414376844811
13,49.01697739286692,63.000730094912974
13,48.989704718606674,63.047450939145705
13,48.995128366258214,63.00064891143051
13,48.98644382204343,62.97599303506919
13,48.9614491617491,62.97670445779151
13,49.02454227759217,63.03084892989485
13,48.980569881321784,62.97640428367331
13,48.98075672237192,62.97014739375698
13,49.03975168267373,62.99900162804654
13,49.04016207245953,63.00417005731104
13,49.02178602823863,62.97099963629404
13,48.96028383775146,63.00064771584193
13,48.97027309012778,63.01600689088608
13,48.98079041236084,62.98638302188401
13,48.958956092683614,62.994511509180434
13,48.97903076176803,63.02080011186501
13,48.96748710790277,63.002952127978894
13,48.97195686707994,63.0334691195133
13,48.98675976398749,63.00290710120269
13,48.958298017075556,63.0115921574875
13,48.9507025631148,62.996971501234746
13,49.03647952644053,63.02308683700004
13,48.97462682910798,63.027005826652086
13,48.971830132073556,63.03110588763731
13,49.003553989884814,62.97172661192567
13,48.991937762574665,62.970580642720556
13,48.99031432875573,62.992419184799054
13,49.00252452379165,62.96001444883944
13,49.00334046346643,63.01973376192697
13,48.98973944391904,62.97828541291432
13,49.00515039607206,63.029108198986535
13,49.02124713730033,63.03600240353303
13,49.03774279732791,63.016892486492
13,49.02117588449385,63.00165805672066
13,48.96897415185233,63.01607526467551
13,49.02545110930004,62.968793633665385
13,48.9733305910637,63.018343605989585
13,49.009665528681026,63.02325913606313
13,48.9889482511194,63.01511005228311
13,48.98839473401435,63.019229002935106
13,49.002161527619016,63.00638170837173
13,49.004182410415524,63.02856059847091
13,49.04719904590405,62.99756894772458
13,49.00729279474844,62.97553548127789
13,48.972601185172906,63.02332195146332
13,48.98344985116787,62.994777379833224
13,49.04444013815793,63.002702433140016
13,49.03006812809796,62.988019233333425
13,49.010103087221,63.028824703073624
13,48.99883812370458,62.9504777515517
13,48.9768027088031,63.02207367604018
13,48.99742053967053,63.0407425344115
13,49.03125702436595,62.983245084296115
13,48.99669280540604,62.989256061556276
13,48.9987164220485,62.98108216721196
13,49.015668587801414,62.972729347279916
13,48.98353017303429,63.00600637074687
13,49.02535206035899,63.03141858350179
13,48.961428961396365,62.98704757696252
13,48.97111936398714,63.02757245048194
13,49.02720008788838,63.00204929172488
13,48.980262195898796,62.95780457483351
13,49.02322352715205,62.96246976242182
13,49.01181523339334,63.00468994317974
13,48.98858369390993,63.01835653170856
13,49.034315701227115,62.99908063745524
13,49.00647668059767,63.04768021157782
13,48.99157586851567,63.01710632595584
13,48.99023758832853,62.98305870803295
13,48.980237227466354,62.981190921847244
13,49.001959713333804,62.96128654318824
14,48.99594140779058,63.001192635419756
14,48.96544032954019,62.98639356505232
14,48.972290502566146,63.01097858558258
14,49.02966241397342,62.96988818335295
14,48.990469592010385,63.01839048965646
14,48.97888304048485,62.97092925575779
14,48.967835537977585,63.03162852766413
14,49.013320428443706,62.994017050835936
14,49.00960161562995,63.012416308398066
14,48.97949157483174,62.9766865901763
14,49.039329734480795,62.999421639306604
14,48.98776922410345,62.9773928893864
14,48.99963913802813,63.00965571930606
14,49.01385699415829,62.995994763796205
14,49.00148665276197,62.996614556400274
14,49.01904930047944,63.02106368543965
14,49.021202317752916,62.97666183560949
14,49.00057482510154,63.01114894132278
14,48.962797539853156,62.99861681144712
14,48.997012251687146,62.972219018923134
14,49.027018921285006,63.02702925420932
14,49.035588309140245,63.02576963791334
14,48.970160079024815,62.99098289968026
14,48.979951124581525,63.00115065736165
14,48.9951788809213,63.0440668082865
14,48.957390707009814,63.00169344507136
14,49.0045429871656,62.97953957815222
14,48.95465323509166,62.98234109477788
14,49.02763423253693,62.96911763787503
14,49.03018180450822,63.02952430105351
14,49.01350861324755,63.005658919397426
14,49.036486406640094,62.97998940742921
14,49.013074464148985,62.99544906619581
14,48.98494023123519,63.026234652282305
14,48.99853784369566,63.00808319887764
14,49.02945182565428,63.00601663330834
14,48.98721319580211,62.9775750802838
14,48.986561490396646,63.04655677360506
14,48.96008026324105,62.99407034713658
14,49.03087103991719,62.97676600238075
14,49.004945061444985,63.01390747741553
14,49.02229820267447,62.98833425286359
14,49.043164923358255,62.97686463237978
14,48.994071909234925,63.00264189467602
14,49.019754966468,63.02170167436787
14,49.010285657007195,62.99030982803624
14,48.983882636364285,63.046264908818706
14,48.99887974952479,62.984967346941
14,49.03872883396123,62.99300614048989
14,49.003626315488034,62.950357890802934
14,49.0449790558724,63.005190060980205
14,49.0050747654883,62.97799036055173
14,48.96499130299677,62.98522329069948
14,48.997933877415434,63.029995439176275
14,48.97876931893464,62.998773925237046
14,49.00099102661241,62.979534750258495
14,49.021966431992546,62.97497417755466
14,49.002864616845294,62.98335780864638
14,49.009026402880345,62.966429183573084
14,49.01672459738754,62.99305025204473
14,49.02195448083047,62.988291198310534
14,48.99604973904716,62.98969066512961
14,49.00406234077313,62.996768153954214
14,48.977186625855495,62.99844346558574
14,48.988937753145336,62.98615276403483
14,48.9758836836368,63.037417684715926
14,49.04256748930429,63.016635623841616
14,49.00368447691221,63.030965368172964
14,49.02178186598764,63.00097011684576
14,48.96197894403502,62.999730772720035
14,49.02752023188665,62.994136374430084
14,49.042698980664376,63.021351698514515
14,48.993715288618105,62.95495946534587
14,49.006712736714896,62.995782535475875
14,49.01448309828802,63.00749854863407
14,49.003835164300504,63.014099363833566
14,49.03486308964174,63.02828096467339
14,49.0142105348345,63.00153638286274
14,49.01725385492653,63.014794981359216
14,49.00329412989895,62.98242457515974
14,48.97210819486477,63.012406161782685
14,49.0092733632243,62.97267657722414
14,48.97751220745275,63.01820992054769
14,49.009431622453945,62.99335835136321
14,49.01006369755343,62.96043063240355
14,48.96106907072173,62.98186938736631
14,49.01024225618219,63.0054387432264
14,49.01076622362215,63.00872442642068
14,49.01983506930547,63.009236886033165
14,49.010368201042425,63.005453217980474
14,48.963904421980494,63.023033049297105
14,48.99506652480177,63.03465271401735
14,49.003513299445885,62.979157497552094
14,48.98596738384938,62.97210177700781
14,48.99595144978606,62.98903680001289
14,48.969660365425405,63.02689886406825
14,48.98068971709039,63.0334109499595
14,49.01439327619384,62.95730679639341
14,49.02018436792466,63.00659304939809
14,49.005502899572924,62.98104151779636
14,48.98203786856482,62.999629997348535
14,49.01790642108283,62.99559374165542
14,49.00907676947107,62.990192690477905
14,48.963627456794185,63.00685492294831
14,48.98636743664436,62.956784617203006
14,48.97986531332633,63.03517400599632
14,48.98794080507886,62.99664465594584
14,49.00745136359304,62.99897290067241
14,49.01033589542844,63.026429547056765
14,48.98323223632002,63.01445391289746
14,48.97729421332045,62.98618674011274
14,48.98701289301891,62.95328961304486
14,48.989125738240105,62.984026821150565
14,48.984314371453756,63.03507159809312
14,49.01532215563364,62.95723992372807
14,48.996364699597315,62.99823978671771
14,48.98978356629049,63.00417243933485
15,48.96622469752213,62.989427582095374
15,49.027056576521126,62.96693401750607
15,49.01860068844624,62.959217558925914
15,48.9612462802877,63.00285146303848
15,49.041005864571055,62.999162817981286
15,48.995222765542444,63.0274353851083
15,49.02020833394699,62.992211562800165
15,49.031227358680155,63.02921954622149
15,48.9891752918828,63.01811640920614
15,48.98682721512952,63.0302352095925
15,49.003783286975626,62.981261067889854
15,48.99077366624717,62.99303368056202
15,48.98904285359796,62.995119366766744
15,48.98341787281115,63.01862526205105
15,49.00354147880757,62.992501035926374
15,48.98523868892271,62.96666758805798
15,48.98225931746632,63.0096520030333
15,49.01189325139043,63.01416639861783
15,49.02506829034039,63.03472257300784
15,49.03132738595969,63.00400749770232
15,48.991769592019445,62.978687623751654
15,49.02627736847676,63.030925930848646
15,49.01333628831422,62.980483364357845
15,49.03969634336282,62.987231597717326
15,49.030716462980415,62.96441554934172
15,48.99587764048789,62.98655210629421
15,48.972863686713964,63.04096493332265
15,49.03073778535594,63.00734972084747
15,48.97237340396082,62.99730108038161
15,49.00257462575359,63.025977056876854
15,48.97802919420904,63.00826955955616
16,48.983848537897025,62.98370698675317
16,49.00368690201848,62.98501354495794
16,49.01814664687076,62.9837013878026
16,48.95499744355116,63.01396667734138
16,49.0464060894191,62.996437954748245
16,48.977468801422106,63.034891925249525
16,48.98226163660133,63.00619569790432
16,48.97556241923982,63.00366360269726
16,48.99014152977772,63.02555987273176
16,48.97616148011744,63.031804772579704
16,49.042827867270375,63.00491616424647
16,48.98772919678523,62.956375585511076
16,49.020027562973034,62.96463179785813
16,48.97229620604743,62.96483254780044
16,49.017173227184216,63.02170968674857
16,49.01902638746422,62.99081508883424
16,48.977237447444566,63.00590236492488
16,49.03319498998059,63.03691101058803
16,49.00854866505117,63.02498243156278
16,49.00407593761696,63.01455971288894
16,48.984056222928054,63.028196701885925
16,48.96928382342042,63.008120923974865
16,49.0059149421886,62.987899126618125
16,49.01847278074812,62.96234319412694
16,48.99902146048268,63.02841617162463
16,49.00689114413022,63.03967826131541
16,49.00911075790976,63.024973811902875
16,48.98698453061303,62.97185342650576
16,48.99344539449954,62.965762763022354
16,49.009394571651804,63.004749799725836
16,48.96650256177257,62.96512803846511
16,48.97424216858629,62.98909613153775
16,49.00320908554573,62.98030312398844
16,48.982070439967046,62.95793169050964
16,49.00281215979127,62.95371933548091
16,48.997230680062714,62.96913299374703
16,48.983791791619176,63.010444690427995
16,48.97524824586169,62.9771965179597
16,48.95777725918056,63.00397638411617
16,48.9733305910637,63.018343605989585
16,49.02060912235269,62.99744634457274
16,49.02013052728624,63.00369077515398
16,48.969468394086945,63.009492968985704
16,49.037560415503954,62.99426756046684
16,48.95877644143789,63.01528903800035
16,48.980163327682234,63.000617225413926
16,49.003953277698315,63.021017755891314
16,48.99182004382323,62.99866977785332
16,49.04427994825987,63.00972954882984
16,48.96308980277956,63.010574559553746
16,49.02203588460582,62.962909017423016
16,48.98576496863959,62.97916536472576
16,49.015376677075096,63.00202588235631
16,49.00469964763413,62.96331913133754
16,49.03317991239252,63.0048652749441
16,48.98778538154836,63.0127680992557
16,48.99564341516825,63.0049183061447
16,48.98607402013631,63.017727645318345
16,49.02708115052793,63.03177830218286
16,48.99885800531041,63.0075127358551
16,49.01391261300613,63.000629714606006
16,49.00068045088939,62.96418490040295
16,48.98801854039493,62.98561336831792
16,48.97268471535357,63.03781715704467
16,48.99347572309413,63.00943209700945
16,48.9941111641142,62.9793975603559
16,48.97933646411731,63.031959544447254
16,48.97579214144494,62.959715649978676
16,49.000085122257985,62.994616963101166
16,49.014499570657954,63.037941356059775
16,48.9692122220169,63.02014778438464
16,49.006243402105746,63.03190305323406
16,48.989039728833966,62.9799917831669
16,49.01178109984092,63.035001500195044
16,48.98709684586332,62.96228338825959
16,48.98799967789273,62.997635712886016
16,49.003843246837214,63.015159340786134
16,49.021106231385524,63.025762822561575
16,49.007364381304875,62.98997135701941
16,49.01371961310419,62.978102324852316
16,48.98290876673119,63.02605055339626
16,49.028287301647225,63.004990788862656
16,49.0312737278826,62.96252636027443
16,49.032726464322685,63.023732604909796
17,48.97231939282888,62.97304239718558
17,48.98141674160337,62.956035586248014
17,48.97857327201426,62.9787614020419
17,49.00894247005554,62.99978094025448
17,48.99149378176281,62.960933198190155
17,48.982820184594914,62.95438671554088
17,49.0490300563212,63.00964928089503
17,48.96085374342812,63.021806436859215
17,49.011546857988165,62.98497802499368
17,49.01696833820206,63.00473378159871
17,49.02406781170271,63.043111845119235
17,49.00054264352213,62.95072676031339
17,48.98244935636112,62.961674773629525
17,48.96565519035513,63.00713723798746
17,48.96117408348206,62.98982127823161
17,48.99235696943033,63.0144756041995
17,48.988036402211016,62.98560935190993
17,49.001344646335006,63.009609094357515
17,48.99564341516825,63.0049183061447
17,48.99065975950201,63.034481782053106
17,48.97022882687364,62.95994279806328
17,49.03034398721548,63.00432997524741
17,48.99729472518765,62.98877248748948
17,48.998463533449524,62.98890494457926
17,49.01800182970264,63.023856610196844
17,49.01759422087744,62.98892907587098
17,49.017140399341876,63.001657073517336
17,48.95280104855177,62.98870071323417
17,48.99452431857525,62.95950939793376
17,49.04561181306362,62.99039318798175
17,49.01178245339682,62.99444005209026
17,48.977860935984715,63.022666410387544
17,48.995981263226426,63.012630861988434
17,48.99399826746919,62.99097850154192
17,48.99554323510171,62.96877967516478
17,48.9918785497959,63.04720179018415
17,49.03851446875987,62.976467917285916
17,48.988134004907735,62.9776971313438
17,49.03492659484603,63.026766266584616
17,49.03132738595969,63.00400749770232
17,48.9691596264469,62.96904340130486
17,49.0014587097524,62.99289622611325
17,49.01475026128882,62.9919746839614
17,48.98116864060606,62.97690791934005
17,49.00613974191556,62.96040919154218
17,49.04489552283299,63.00173553152699
17,49.02571829468213,63.01629377286226
17,49.019452255156935,62.97014619372372
17,49.02733044786117,62.98356706861449
17,49.03815738545365,62.9844278527168
18,48.992800971075816,62.9601424961908
18,48.97217207718015,62.96308204291197
18,49.01744531270697,62.98951574988527
18,49.01763318428231,63.03763233947719
18,49.02285100743441,62.9994111577477
18,49.015798099236264,63.029272100727994
18,49.00269144033573,62.985140932036
18,49.000749065937406,62.98776222884787
18,48.97839898661854,62.95814490708393
18,49.0205169050109,62.99328170131769
18,48.95677493930298,62.9839180035114
18,48.9770167603971,62.95652930486174
18,48.990103081444865,62.97738019101668
18,49.01931438548298,63.04413182976998
18,49.009644938844225,63.002843197277016
18,48.98062994912526,62.994802689681755
18,49.02230218175725,63.00619334525328
18,49.015702176842886,62.96362960518914
18,48.952399748654265,62.99827335215849
18,49.0191738038888,62.956433950339694
18,49.010916309945884,62.975603399144575
18,49.006381107844966,63.0095912886379
18,49.01679059194731,62.95737745376019
18,48.98625070520419,63.04786025854414
18,49.00674915700857,63.011150656003004
18,48.994514544686304,63.008687035537605
18,48.966735538944135,62.97122238845246
18,48.97940519842934,62.961402801426445
18,49.01547364584771,62.980591046666746
18,49.02197818067065,63.02452676227154
18,49.036850222429656,63.010421083250684
18,49.00694784514007,62.967480872074375
18,48.99516139313413,62.9987470856359
18,48.986600908772516,62.98864227671385
18,49.02260362309819,63.03479264422738
18,48.98081816358508,63.04005364415997
18,48.999984502470205,63.00803064144948
18,49.00851488349621,63.04763385319342
18,49.03580873445351,63.009256451054
18,49.02265525124093,63.00573422444182
18,48.9749838307148,62.96069155198645
18,48.96831192084928,62.98699949433703
18,49.01266854551947,63.002806801859485
18,49.00677971790829,62.977729680524156
18,48.99817709159074,62.959490055204334
18,49.01236218902219,62.9582029625565
18,48.99328380357342,62.96172560170256
18,49.00510436382681,62.9573905411738
18,48.96202409540785,63.02043324027921
18,48.95177433637353,63.00821246316956
18,48.96650971739861,62.9817969835242
18,49.03639541608076,62.97461997689625
18,48.97047765367935,63.00553536829244
18,49.03536802967731,63.0312191622001
18,48.96027287493064,63.00354464133775
18,49.014548575085456,63.0179847073951
18,49.00338348353993,63.01339867258026
18,48.99021430684003,63.02027979615175
18,48.96677014663952,63.02772194928888
18,49.00663798951518,63.01957103696826
18,48.96054924882429,63.02225605252577
18,49.01427219310285,62.98039007331294
18,49.00700795027829,63.01272572764622
18,49.019715171880684,63.03432331531377
18,48.97589981023344,62.993493480957355
18,48.993529485187544,63.00881965045038
18,49.02827523634186,62.974586385620384
18,49.012401921869206,63.00615096354967
18,48.9852439362538,62.98498416863401
18,49.010489098093025,63.04757395927081
18,49.002241459604846,63.016591992189824
18,48.9771730839971,62.98759892716623
18,48.96755283226104,62.98919770318781
18,48.97311576307479,62.968650865058486
18,48.965179116775694,63.01312508297487
18,49.00608600172039,63.01158931476938
18,49.020605069176085,62.99005346467568
18,49.02212832166878,63.00522726019884
18,49.031508255799494,62.992259004206716
18,49.015940906571,62.989571310354194
18,49.03524024439255,62.97308901136413
18,48.979400105919126,62.98994230547692
18,49.01156181177255,62.991124480869225
18,49.00689874363582,63.006862870907604
18,49.03045587289911,63.03213366904351
18,49.00312260249962,63.048820471968845
18,48.95362658121168,62.98254662159077
18,48.99277301795602,62.962256004714554
18,49.009653407110186,63.01864173419662
18,48.99596153170577,62.98570769225845
18,48.976288246746584,62.993675785696574
18,49.025910688029626,62.974713449227714
18,48.997260934391676,62.96756175721259
18,48.98491600340413,62.98186576338834
18,49.035588666315654,62.99526706286832
18,49.01540435226942,63.00330311804528
18,49.00148443998225,63.00883636905481
18,48.97957550010655,63.021679786479275
18,49.03612187438721,62.967190100514955
18,48.98604982426833,63.017901946909404
18,48.998565036276936,63.03578702541191
18,48.996818752032645,63.00117755740782
18,49.02163716027242,62.999749867734614
19,48.97190128844502,62.98367068493014
19,49.019472780936404,62.97378042369625
19,48.994248533025456,62.97919364650405
19,48.98251985030121,63.0275800722467
19,49.003731147531674,62.99611467593688
19,49.0258766695955,62.99487178690843
19,49.02687785526829,62.98952045325057
19,49.02118139574613,62.9753188842744
19,48.97442521043124,63.00584060941324
19,49.00578981832364,63.00236722984426
19,49.026997320240746,62.976834143622824
19,49.0320373664412,63.03015070870651
19,48.956994903632925,62.99923788036015
19,49.03376278642424,62.979726200030946
19,48.98559438351835,63.023650850616804
19,48.98895727776546,63.00803985371518
19,48.97488309980875,63.02390403643443
19,49.008977550259715,63.01798766928996
19,49.01693027713382,63.01862336038781
19,48.97792401535167,62.97373636689221
19,49.03234453307934,62.974474904960985
19,49.03757576901924,63.01932110498468
19,49.00888635961227,63.04424098442832
19,49.04344432122733,63.00740526099896
19,49.01528952997404,62.996004823200856
19,48.98925975456752,62.99210558575766
19,48.980943508296406,63.00727867851979
19,49.01096432030038,62.97797196455672
19,48.968871376970725,63.008514377159244
19,49.01351605444868,62.99347146478332
19,48.966676148990835,63.0112256877955
19,48.99419866382949,63.04688853221399
19,48.980443428300966,62.99118577853056
19,48.98033945508497,62.95541603432017
19,48.9975792268071,63.03356360435876
19,49.007127758705266,62.974236746216384
19,49.00008120149464,62.983496854607345
19,48.980959203769196,62.97299068957009
19,49.0060862630731,62.98150099881748
19,49.00100536680112,63.01971424992263
19,49.01113777037065,62.96861388363295
19,49.0010913853334,63.049765016075135
19,49.013575841780444,63.013210728018265
19,49.02307591660905,62.98733291490038
19,48.9921024067467,62.99468319273279
19,48.990865781494726,62.9617600591534
19,49.01768934203651,63.00485472258913
19,49.011384357743665,62.99701420069213
19,48.99269697876831,62.989087220378856
19,48.99923639254171,62.986274363568
19,49.00312231663592,63.00492141382494
19,49.01175463399498,62.98931511025925
19,48.98487729693673,63.02393710647465
19,49.00623516659966,62.95228080569929
19,48.986598618435764,63.03684515591508
19,48.996073930326745,63.01792801534665
19,49.00367087653084,63.01130230863704
19,49.01440089614647,63.010879711654425
19,48.97099111994144,62.96256646796263
19,48.9805468723522,63.017622732689716
19,48.97534604973278,62.991831632326196
19,48.984177000790105,63.018415282700396
19,48.99871988405597,62.99745384110229
19,49.04196654511204,63.00697882264781
19,49.02812813565509,62.97083086744431
19,48.99307089975625,62.99323437358294
19,48.98931862038965,62.99742801413402
19,48.953248959237975,63.004795960072364
19,48.993715313678344,63.001061670723416
19,49.00094723897669,63.02155115882466
19,49.00977953951078,63.012439188577495
19,49.00115868464626,63.00322827152981
19,49.00977035885299,63.0287006723722
19,49.0212053511068,62.98639961306653
19,48.99764160997577,63.01037013143788
19,49.01452697802202,63.0079707293591
19,48.989824279131135,62.99441891902211
19,49.031671513074265,63.00406104311317
19,48.9871111117127,62.97689703846715
19,49.01076371744067,63.00054235759009
19,49.03768564117745,63.020408166958816
19,49.03680362884283,63.02509313935079
19,48.99800522027667,63.01798045848981
19,49.00808945082367,62.991230807314295
19,48.97461765520061,63.030582779725584
19,48.99623266376112,63.026963804345115
19,49.0101038111209,62.98092331501875
19,48.99122125640731,63.024415834221095
19,49.026297799743865,63.01295904226252
19,49.03318117409792,62.987380627705946
19,48.97940373771642,63.01885111604726
19,48.98228563175563,63.04287031247419
19,48.99362313227187,63.00748640473721
19,49.02649449891503,63.030902191585504
19,49.00184321714916,62.97498283051934
19,48.99565512283211,63.012245032440305
19,48.978411336229954,63.01453550626342
19,49.0321696073133,63.01866063213951
19,49.03051056487892,62.972954756155914
19,49.03339934276948,62.992307903111666
19,49.023563811233316,62.964706189232444
19,49.027361563412455,62.97713904069287
19,49.00900897990194,62.97345914099052
19,49.04670398998665,62.9941218229903
19,48.987908400191856,62.97569953781857
19,49.04699717433963,62.995841237712916
19,48.97810876106351,62.97663915888408
19,48.97497350925906,63.00102804866052
19,48.96387544573024,63.011697675786806
20,48.96700058497667,62.979877112006115
20,48.98932312616068,63.004253911891865
20,49.014993827298994,63.017755986847256
20,48.98737118547588,62.954066888988415
20,49.01339112484006,63.02975725599627
20,48.98292200858998,62.99997982162482
20,48.97445196158966,62.9747767849244
20,49.04472160696132,62.98643948508508
20,49.04416450349992,63.01899732031781
20,48.978589319508394,63.02791157662907
20,49.0356862034857,63.03490251993544
20,48.964987487116964,62.97833374991197
20,49.009752164931015,63.003205158884626
20,48.98745443234881,63.02123052007665
20,48.979630985187875,62.993479751997214
20,48.98732328178252,62.993649101789806
20,49.01814356035146,62.994497855141034
20,49.03568814426536,63.027083091902874
20,48.99652623968151,63.01268603041785
20,48.98186897510598,63.02320102500714
20,49.033480194308666,62.97072155974954
20,49.0023715010253,63.033096500161015
20,48.99644502480921,63.01848788682111
20,49.02423493720294,63.0195928001541
20,49.00439441241849,62.98758768885044
20,49.00338348353993,63.01339867258026
20,48.99626237827143,62.96692171671082
20,48.98278478591278,62.99088513916909
20,48.98959881300882,62.99485521747418
20,49.004806092459326,63.04488873500215
20,48.97894924248936,62.99483202932498
20,49.009968855844356,63.02053007076213
20,48.97636886858807,62.98123270672758
20,49.0219887330858,62.97312257323076
20,49.03932807955062,63.01879946318375
20,49.01172825826448,62.98683833296423
20,49.00460843545689,62.9822245526763
20,48.960399415929295,63.02273578831325
20,49.041010971366326,63.012178348242244
20,49.0215907544783,63.00577516094607
20,48.98701289301891,62.95328961304486
21,48.99264057941446,63.01644376808056
21,49.01916749686858,63.03860085613698
21,48.99624089430132,63.03051069495614
21,48.96831574935315,62.97755002521345
21,48.98179456144176,62.95833542722913
21,48.97859088612703,63.00356163409089
21,49.03430780380155,62.98644686852145
21,49.04176734086542,62.99312890127184
21,48.97176029592799,63.022042839682214
21,49.0431564092404,63.018632037617365
21,49.01804119196604,63.03770889655693
21,48.98382789969741,63.006231704931146
21,48.982033941408964,63.025248876121296
21,48.990044027215504,63.01088837682212
21,49.00782971719445,62.98740327532716
21,48.97059781066985,63.00920461220749
21,49.036109370308154,62.97185830145415
21,49.04006443504232,63.01119480318507
21,48.998151293371585,63.0062844319914
21,49.030129261895176,63.03644607454284
21,48.97613740161362,63.00269218893524
21,48.97854848167002,63.008359787073154
21,49.008440502614484,63.00081238764375
21,49.02643633698543,63.00427688806639
21,49.03275435655497,62.986863932261734
22,49.00684689749822,63.03186939192541
22,48.96830984225115,62.98835156283752
22,48.967112264945236,63.01549340796478
22,48.96808360738655,62.99954351148624
22,48.99887059134548,63.00422109028883
22,48.99162066969977,63.00740465867934
22,48.98730833022317,63.015872102359005
22,48.993896164455165,62.95275976674458
22,49.00841445645606,63.00870015769037
22,49.0392785882338,62.983525965608244
22,48.997012251687146,62.972219018923134
22,48.98297649009324,63.020045514848064
22,48.989990699306865,63.03300460451279
22,49.01902811229911,63.02431176520843
22,49.02794791038918,63.00481383740455
22,49.004843810734606,63.02831206332046
22,48.99279729362441,62.980978340922164
22,49.00679853418061,62.98456301940888
22,48.96851948630997,62.97490703434366
22,49.001818821155105,62.992708665384164
22,48.99218500719278,63.004629362616654
22,48.99401345309542,63.039626673792476
22,49.00242907527071,63.01157551009008
22,48.973571643918525,62.98559397668302
22,48.98577796144325,63.032310473425404
22,48.96730222973491,63.00979448358246
22,48.99721513341066,63.048420940362035
22,49.03883457810912,63.02888070710551
22,48.99504233899544,62.995025856536735
22,48.976069393217394,62.990980829690024
22,48.98102336227231,63.0093805309621
22,49.005836056527144,63.04298123568059
22,48.97283314288291,63.00474297583841
22,49.00687727988915,63.01136196301476
22,48.98754981651546,62.99125270353438
22,48.98732866561912,63.02568679203992
22,49.01227079948441,63.027487564234875
22,48.99578219275721,62.97186249926257
22,49.02965060783139,62.97557519750027
22,48.991482642878815,63.01372451504702
22,48.9831632289014,63.04298838171698
22,48.9860414648675,62.97476095200957
22,48.99180154520536,62.99140667197514
22,49.04881031624229,62.99669737408624
22,49.03953718562693,62.98931785958876
22,48.98485315775439,62.99118429858951
22,49.00832892574,62.98964912056137
22,48.96703418364627,63.0296682730769
22,48.97649628852449,63.022610637548496
22,49.00963487480335,63.00749410771052
22,49.00129034673595,62.982793918425706
22,48.99629918856186,62.997774093898826
22,49.01359380077111,63.02647094417333
22,48.97594145941349,63.02798061374604
22,49.04169465301991,63.02561562868874
22,49.04135551664909,62.983422446332625
22,48.996647015428536,63.00446760189876
22,49.03527198786398,62.994166299755605
22,49.00134343026507,63.04905085497566
22,48.99138941406059,62.994331029369455
22,48.96384933375665,62.969313116425226
22,48.97451244051402,62.981876671142004
22,48.988227667347,63.02600965341529
22,48.98703128501556,63.00213239260778
22,49.021966431992546,62.97497417755466
22,48.987749854069286,63.01378850654397
22,48.98822249551716,63.00800951806385
22,48.973494378216095,62.96394097775806
22,48.981008619387225,62.97416665100706
22,49.02216219010901,62.997320833843524
22,49.02073760927479,63.00010036882285
22,48.97550392735277,63.042484015780495
22,49.00674915600042,62.97059931916816
22,48.99171956746471,63.014751895431225
22,49.010692840953325,62.978672148630345
22,49.02723580543961,63.024915549610995
22,49.03525238034997,62.98422775196797
22,49.0106807509169,62.97180331769167
22,49.02624873522792,62.982308198584185
22,49.02541826646619,62.99357085580782
22,48.99776527104374,62.97774407534167
22,48.988564451784306,63.03627725859649
22,48.98430670964528,62.9710789686436
22,48.97059781066985,63.00920461220749
22,48.97921541513745,63.01340367906783
23,49.0139584907616,62.99706449875438
23,49.00982091869222,62.9854137739588
23,49.00268525995558,63.027214710391654
23,48.983949582046534,63.043304284794374
23,49.04005387730577,62.97494506495249
23,48.985196834708134,63.01123433903497
23,48.95988140826087,62.98958156535733
23,48.98195908223668,63.00088030890318
23,49.02510858081406,63.031811213327515
23,48.99661407705109,63.017394794613985
23,48.99803083168313,63.020216464492215
23,49.04029112215688,62.9992035902673
23,48.98275757465577,63.01549671903577
23,48.998382532089,62.98453173761746
23,49.00788603291808,63.02455790853513
23,49.02456600359463,62.97142068699062
23,48.997391787044805,62.96225910625932
23,49.029538265122746,63.00770248531866
23,49.023663331202734,63.011085853851874
23,49.00023268494659,62.99435635206095
23,48.97800194498539,63.00835595128589
23,49.01825832137231,63.04125927700284
23,48.98248256068491,63.04081106068763
23,48.99853103901337,63.00164739984297
23,49.01821064280902,62.98064343121634
23,49.027934595448954,63.00207501079258
23,48.97722091013505,63.033016269692446
23,48.97808300924505,63.03686043104253
23,48.9743253170432,62.95817933969034
23,49.02336857301606,63.030334527677425
23,48.97469364627166,62.970435140562124
23,49.00116912938886,63.01770814665983
23,48.97217107303163,62.98969141993186
23,48.97683471783386,63.00025751853283
23,49.00904164264363,62.977452797122766
23,48.9961055541071,63.02478634500895
23,48.95545546996666,62.9986986548457
23,48.957452595233576,62.980395481728735
23,48.99935902726799,63.03892968578506
23,48.98161735619251,63.03395408435022
23,48.97980670548496,63.00272122256164
23,48.97429065605409,63.00515041028139
23,49.00133561436906,63.01761972060575
23,48.97276231013584,63.02259643682569
23,48.96690853106796,62.96852358500625
23,48.99925906378224,62.953819047542375
23,49.018934634703896,63.03120195720344
23,48.99985856744492,62.99825320193842
23,48.974679565090796,63.03673417509582
23,49.016432317238944,62.99649633553194
23,49.01158709252548,62.95324935676979
23,48.98295753924799,63.01688600926349
23,49.02447609312346,62.96945538229007
23,49.007022543602,63.048377372234235
23,49.00555033726632,63.03866169665293
23,49.01919258875879,63.03800666048082
23,48.96318329145193,63.01965376380124
23,48.9853216481051,62.96816656199546
23,48.972482055323795,62.96071066364334
23,49.03351056564822,62.99612011811393
23,48.98831246359648,63.04688002208922
23,48.98366239759609,63.01607993439598
23,49.027423154468764,62.959719567700695
23,49.0349740380325,63.0078917762345
23,49.02644822470541,63.01065653673361
23,49.04021758232579,62.97707674223773
23,49.04290717450635,63.024219781452054
23,48.98693422446696,62.97593758198634
23,49.01637436462121,62.98863393096691
23,48.97037288203805,63.01391986272801
23,48.99863853650862,62.95972187137224
23,49.025989806185976,63.007896576033204
23,48.98939131764271,62.962378389090546
23,48.987484717019704,63.02706103243196
23,48.98168897525022,62.97565772160201
23,49.03667320789747,63.00751892667474
23,49.016023570487306,63.0406398130731
23,49.04682792981415,62.99880879270156
23,49.02584455521161,63.00589198629385
23,48.986150801824536,63.03499686293739
23,48.98253387241067,62.989679305778715
23,49.00565014497828,62.97930833312139
23,49.01228278170614,62.97350417062831
23,48.95925408612922,62.97784919251899
23,49.01257244020121,63.01261796471636
23,48.99948854943341,62.979613698223886
23,48.97969435611437,63.003468653664605
23,49.04109342540545,63.002745399442325
23,49.03682766837977,63.02799683099522
23,48.98265068246367,62.993983200840816
23,48.9615892144765,62.97781009278436
23,49.00967351360557,63.0414707678456
23,48.968756301084206,62.99468532854888
24,49.02202030197444,63.00312587115145
24,49.03828271008619,63.00566147711676
24,49.00446624938604,63.01015771932747
24,49.012829926553096,63.01362425801135
24,48.99053732645919,63.001968646325125
24,48.991900485532476,63.01958841563838
24,49.01525445656329,63.00012083763402
24,48.96661191226807,62.96588715423448
24,48.96037722676026,62.97327082819286
24,48.96521688029253,63.02706520422593
24,48.97499111598686,62.988458356009986
24,49.00803168523916,63.022756479710935
24,48.96066780101502,63.00648087651308
24,48.96369016519064,63.02759230069386
24,49.02075750263313,62.95868340813854
24,49.0262492006503,62.97167510465691
24,49.000772667519946,63.00900945463181
24,49.031215278347666,62.96333009246305
24,49.02164205452765,62.960176859431996
24,49.0254823278239,62.96662327451251
24,48.96321873592234,62.99348723783225
24,48.9834026441652,62.953432933459624
24,48.96871391433098,63.00129505147139
24,49.01209532607115,62.978104653122855
24,49.004455926362446,63.03148058221838
24,48.963867744370184,62.985003223907164
24,49.006712736714896,62.995782535475875
24,48.96774081805131,63.022796917039194
24,49.01178109984092,63.035001500195044
24,48.979707350969754,62.954891446188576
24,49.02072277440568,63.02000968133859
24,48.955118476473146,63.01630141442381
24,49.02637895728906,62.97670729227118
24,49.020009331411,62.989458320167515
25,48.98509107053999,63.01287220263985
25,49.02247437915141,62.95996816460274
25,49.02404122271184,63.01132915591465
25,48.98440643736101,63.025788580069324
25,48.99268472430482,63.022595112623335
25,48.997237795625956,62.97908176063693
25,48.99836093294874,62.993549453396454
25,49.01723867288847,63.01342321410445
25,49.00268200381869,62.972515782952186
25,48.978530338370206,62.96572062158334
25,48.97690850958806,63.0396015182775
25,49.01765764348726,62.996601010014224
25,49.02577734146178,63.02786452162072
25,48.99662659802109,63.03901660154542
25,49.02238898973545,62.99166579513304
25,48.99077654420908,63.030200580684394
25,49.02300165601164,63.02127840839287
25,48.996473473791006,62.98162305553799
25,48.97685995784341,63.02513884594822
25,49.02212486280683,63.02486922695178
25,49.01393252763711,62.95403342282237
25,48.98998850574193,62.989574881939824
25,48.99692016162118,62.998906976102475
25,48.995982706343646,63.049703281364266
25,48.98437035019348,63.00403404034562
25,49.01924261380393,62.967402694213824
25,49.02300165601164,63.02127840839287
25,48.97127236492146,63.040671828586774
25,48.985907937470266,63.02058444969373
25,49.02369827266901,63.00168944964419
25,49.00310064288803,63.015955525718525
25,48.954498403595196,63.013952464701745
25,48.99987601820097,62.968108923319576
25,49.037611626538066,63.031321750181256
25,48.984534354043156,63.03839979537105
25,49.02924204640957,62.96913317198354
25,49.03980049805153,62.97171055501689
25,48.991062399495604,62.9981191839654
25,49.006362025560605,62.99510700481096
25,48.97360726509093,63.02012026109122
25,48.98387018214801,62.95435200285393
25,48.98426460244566,62.996561422008746
25,48.974832892840624,62.98136271234622
25,48.97340677124038,62.99281706261216
25,49.00620865025103,62.990151805039375
25,48.96218479144762,62.9729812075089
25,49.04781310791124,62.99973345693445
25,49.00957147990712,62.95213059116508
25,49.03751496061791,63.03015026389449
25,49.003357029223324,62.950477085050636
25,49.027409585538685,63.02077128042883
25,49.01531303059557,63.02705437680111
25,49.00177772432465,62.95252336200046
25,48.966388439424684,63.02979247807317
25,48.95451524414182,62.98575306525474
25,49.000344592084375,62.999137516726165
25,49.03838815828564,62.98774684810239
25,49.032041131538996,63.020884152237976
25,48.99012669555414,63.0149257128522
25,48.96058749088236,63.022950669643905
25,48.957778498560586,63.01409378441628
25,49.011321578514824,62.99579939673052
25,48.97084902163635,62.97160044190297
25,49.014289408476905,62.99372166095862
25,49.0117537817205,62.965023975227425
25,48.99823472125656,62.97872105761194
25,49.011788924270284,63.007703415926315
25,48.991084283277715,62.965912737504375
25,49.01210654837138,63.00448113666706
25,48.97794345499591,62.97774043258583
25,48.98611239162055,63.01917143713353
26,48.967369251440765,63.03240358086769
26,49.04935087304306,63.00260602932621
26,48.96939276921227,62.97164568352687
26,48.97291130707375,62.981810151900206
26,49.020334023590806,62.98653702671058
26,49.02951722147569,62.965736698027015
26,49.03937323709111,62.97053455027298
26,49.024280570772156,62.96017568472255
26,49.0480374081523,62.998921257903135
26,48.976437777991116,63.010656359147475
26,48.970270241792974,62.96872321362028
26,49.00488137913543,62.98831766424353
26,49.00026393822389,62.977204603547115
26,48.97190260117532,63.02992169357224
26,49.02008924780691,63.00399769117981
26,49.013568518847485,62.95565583720448
26,49.010624097441486,63.04516954127909
26,48.975003886939476,62.96312069539907
26,48.9887567168037,63.00047891583349
26,49.0236489317648,62.994308379114436
26,48.99472774130826,63.019911337962505
26,48.98220616720021,63.011685501081395
26,49.00402950073389,63.0338546487212
26,49.029791425241164,63.017295117007876
26,48.96095002620936,63.01549483403927
26,49.041829462108396,63.00213104177381
26,48.98810347391753,62.994723451261265
26,49.00048279154751,63.00695634709791
26,49.02152699552951,62.97292286160414
26,49.03090832536864,63.023124162832296
26,48.983030069326624,62.959560933120784
26,48.95435955482294,62.990474659451166
26,49.041010971366326,63.012178348242244
26,48.981099238232765,63.03706389844434
26,48.97490044337554,62.95827952130009
26,49.00437443073513,62.961125895928525
26,48.98437700043543,62.97797961611971
26,48.98817388123233,63.001499198975566
26,49.00424766491023,63.00398430367285
26,49.0240392748901,62.981843854221104
26,49.00148443998225,63.00883636905481
26,49.009826060293186,62.99897411066736
26,49.007280247550455,62.982713422979664
26,49.033301738811346,63.005908983898685
26,48.95685890316555,62.98223303078891
26,48.994906286810384,62.96444561059701
26,49.03984848843494,63.00770251907714
26,48.986186771341714,63.01577858302769
26,48.97586677951463,63.01521552429336
26,48.971071400338815,62.964549552102504
26,49.030140112183794,63.02734841804086
26,48.96483986241985,62.966231909657324
26,48.985510974690655,63.00322637894929
26,49.017049280294565,62.995565190979484
26,49.016694225335094,63.0313509461842
26,48.99284907233822,63.012102057865356
26,49.020401565802246,63.00815560283086
26,49.0330378026012,63.02150526001358
26,48.993715313678344,63.001061670723416
26,48.99458788076837,62.965208409605815
26,49.01586257172721,62.970764554603
26,48.957303761511156,62.980068729618985
26,49.02356884780855,62.96374663832338
26,48.99517412093494,63.03609019461204
26,49.006242206223995,63.02074903788341
26,49.03980990133497,62.99360761445536
26,49.01729551202157,62.964914372067064
26,49.01612940280123,63.02383054684555
26,49.007222258574444,63.01445701169298
26,49.00124923846247,62.99711310006415
26,49.0011421483076,63.01121449473125
26,49.01313979562665,62.9832371584257
26,49.039761912324664,62.99443149190715
26,48.992856688824894,62.967781752401805
26,48.98919027279351,62.96134299030877
26,48.98322634365435,62.978882658540165
26,48.98577548343736,63.00531826491797
26,48.97532003605685,62.98778090292846
26,48.995058767409304,62.9809074743281
26,49.00734438047105,62.99789216601079
26,49.00075344236257,63.027855307501206
26,49.02925606711922,63.00797600532519
26,48.970687632275315,62.98412870786181
26,49.01221506649587,62.97836777750136
26,48.98422836447169,62.99498268303906
26,49.01061447946956,63.044653414221564
26,49.03935062771021,63.01823929512353
26,48.96292833058573,63.030620111242065
26,49.01299637497978,62.97028639405977
26,48.9914546002552,62.99316682716614
26,48.998970798045846,62.9806542212047
26,49.04175569372458,62.99707998580785
26,48.981531212914916,62.99175249067977
26,49.00062168947137,62.98881604793457
26,48.998683369402606,63.020946816400496
26,48.96848451090238,62.985312681122764
26,49.04576829564595,63.00379797885937
26,49.0263534969147,62.986717510977314
26,49.00534357991622,62.99108895492468
26,48.98278159353265,63.014640520787296
26,48.968695288984044,63.02068733251863
26,48.97817447068581,63.02201033802365
26,48.99776527104374,62.97774407534167
26,49.03223194293891,63.02939681060815
26,49.00006118547793,63.03174839361373
26,48.95018565282905,63.000928014360035
26,49.0442084645421,63.01618884023365
26,49.00353412073961,63.01502484936516
27,49.041645446289785,62.99379996016019
27,48.97489692101109,62.95689432248655
27,49.022798152886324,63.04346708178036
27,49.0063168590444,62.987891582564785
27,48.96892568523612,63.01220578330105
27,48.9977613869121,62.972216722465944
27,49.02655175966909,63.03176966400107
27,48.97582561813542,63.02987763808487
27,48.99443880398887,62.98278262695113
27,48.96716668532864,63.024480237973734
27,49.02149427677924,62.98955304500217
27,48.96293092130273,62.98928014915129
27,49.016327987866596,63.00365702500472
27,48.96724942879051,62.98432422492063
27,48.97813463386708,63.0202683019913
27,49.01669680337468,63.02044416882535
27,49.004263071307676,63.03525591746149
27,49.02512368096835,62.97585665824892
27,48.968057877096875,62.986345665909084
27,49.02428508862734,62.99144076995568
27,48.99951763493787,63.0265190779516
27,48.99942908662544,62.98785287893464
27,49.02630786656355,62.996344916857176
27,49.00442271602139,63.00945775151488
27,49.035241802165025,63.019539429146576
27,48.97869806065837,63.01352233453516
27,48.99112819170405,62.998560435134145
27,48.97209269272637,63.02372395321179
27,49.04255379204404,63.001751703340815
27,48.9558401867194,63.00859948680237
27,48.99575299816809,62.99653323515639
27,48.97035492107305,63.002383664776126
27,49.00727335983729,62.98040680904995
27,49.03102745337387,63.02875216056243
27,48.96421964398182,63.02678389144378
27,49.01155388638358,63.00972700712225
27,48.98604668890055,62.98345069996578
27,49.006983066304805,62.95329148542588
27,48.958937095929194,62.97700940425125
27,48.98214088670031,62.98429157428474
27,48.987498386946044,63.00527400358613
27,49.0365088952882,63.015198742622786
27,49.006272550161,63.00365106632266
27,48.97636886858807,62.98123270672758
27,48.954527418472665,63.00548833195707
27,48.99309446928958,63.00092041263857
27,49.00410117955593,63.038151026895314
27,49.01447312986939,62.98695930892395
27,48.97680883162031,62.97457378882327
27,48.9931456416626,63.018592301044094
27,49.030071358403696,63.00184461088974
27,49.031801124166016,62.98200498896572
27,48.972795537719094,62.98511141677235
27,49.02849592013347,63.01797243788712
27,48.99276350990959,63.04909070619714
27,49.04026211295473,62.99943446148178
27,49.034881970484356,63.024066308188885
27,49.0112322699441,62.97346995165618
27,48.979530472424635,63.00693448765647
27,48.99628165358436,62.97790372802358
27,49.00384970129482,63.001269942546166
27,48.990810853036386,63.046625652893184
27,49.001591770355326,62.957131571725256
27,48.98604925239625,63.01030813992123
27,49.01571961219539,63.034145898891715
27,48.97909276364679,62.99351616067287
27,49.03389658551801,63.03331072028514
27,49.04071622694204,63.00874615918918
27,49.02020203477275,62.98939587071072
27,48.99717432702404,63.043910198381475
27,48.980319695661954,62.955605749091546
27,49.01849409625101,63.009641940007235
27,48.971984377838226,63.00194290969215
27,48.99414815913744,63.01514128183289
27,49.011698455405586,63.02761194845898
27,49.02237813163703,63.009973307986996
27,49.004679255937255,62.983461573129674
27,48.99375143623993,62.952960412198024
27,48.96455034168123,62.974729114868936
27,48.95464537353466,63.00074892392891
27,49.0145369307063,62.95245818735227
27,49.026156172805635,62.978690692715965
27,48.99479693238717,62.99283163294034
27,48.976923571560214,63.009696520583795
27,48.966424314652315,63.00296626916548
27,48.99007968661471,63.003235265322004
27,49.01335442363293,63.01848022284177
27,49.019213621488795,63.00742775751103
27,48.96803766142316,62.97271073255204
27,48.9872058119162,63.01049798166954
27,48.98363060334782,62.95558808803169
27,49.00247198571257,62.990378500147486
27,48.990113734987474,63.02636457753296
27,49.03286034717555,63.01038738548362
27,49.0023055328708,62.96325853967337
27,49.03130153451068,62.97379628269418
27,48.99728618646942,62.958609475041996
27,48.999414665548045,62.97910110337988
27,49.01784931173497,62.97554291521515
27,48.983101655670474,62.99841526931394
27,48.99213940845756,62.96600123267736
27,49.0285974457995,62.99921530472298
27,49.0172514639524,63.011146507125865
27,48.999189996772465,62.978499456981474
27,48.97791165313973,63.034524597334546
27,48.98757412836884,62.99310700988234
27,48.971614726862356,63.0026410585392
27,48.95562054645888,62.99293822157569
27,48.97949212456318,63.01221631973089
27,48.97990889240233,63.00280856831148
27,48.983531745789115,62.96199482418339
27,49.04259767950059,63.006533058269
27,49.03979903312089,62.976272738440734
27,48.9917207392058,62.9767181997547
27,49.03411754103878,62.977820473197816
27,49.00389917389665,62.9939384971908
27,48.97570490624281,63.0120933810497
27,49.02913902383249,63.00129135294689
27,49.00328756812995,63.03889865110053
27,48.976856069066265,62.9824523058267
27,49.0062445939461,63.02455432273624
27,49.03208592707795,62.964234589511506
27,48.993203503308635,63.012807717592054
27,49.04507257710619,62.99992631808939
27,48.973641980706866,62.96501118397051
27,48.975992056588495,62.97787297410753
27,48.96767623178135,63.03046910163769
27,49.01076583933288,62.97335300874847
27,48.98458314270818,63.006918637394996
27,49.028323958455616,63.007665133546375
27,49.004182588586296,62.98559153986882
27,49.00515039607206,63.029108198986535
27,48.98866788228415,62.95602948096764
27,48.972192664471905,63.022951558509945
27,48.985219516018,62.96501250117059
27,49.0318657440018,62.965266914319976
27,48.98486605526537,63.00753369999509
27,48.9838440778797,62.98320298847858
28,49.025061018854956,63.033014114091024
28,49.01689028816099,62.98694175123576
28,49.02785307955645,63.03149208301
28,49.01549900411999,63.00869954400044
28,49.01604445263867,62.996071368038734
28,48.986219124564535,62.991154494993324
28,49.01313979562665,62.9832371584257
28,48.95094902269664,62.99277913805354
28,48.98733695619282,63.01234060045172
28,48.97190485745317,63.00017765392349
28,49.035003690746166,63.001474736684365
28,49.02372305374736,63.04102677681175
28,49.049614747613866,63.00144493883898
28,48.97430775006694,63.01768293953706
28,49.02940374300304,62.9961748381789
28,48.99481131081972,62.971823345549524
28,49.00128068683553,62.99525847114846
28,49.03361297215261,62.98706351796405
28,48.98280071950267,63.033539563676825
28,48.990518277844934,63.028348257816035
28,48.96135980607396,62.973715956768544
28,49.034335162959536,62.98597037739118
28,48.97707727313023,62.95770458321254
28,49.045611692204886,62.98386001676089
28,49.02924011851051,62.98028161654339
28,49.04185881042325,63.002075784658075
28,48.98969265446703,63.011595449243025
28,48.98080793414792,62.98661875043891
28,48.9692010524336,63.0326732845952
28,48.976201150192594,63.013632933998956
28,49.03870910570545,63.02820421836205
28,48.980444743659554,63.01970747043642
28,48.95559935379062,63.00855011995924
28,48.9687967278889,63.00077082403446
28,49.013053012344606,62.991214107531896
28,49.01714428399209,62.97608885227123
28,48.984945159900114,62.9679495285755
28,49.00961080807384,63.002902985277416
28,48.996072939488876,63.008509762139155
28,48.995476465898086,63.00075806043484
28,49.00188008750946,63.0008653459675
28,49.004908037224745,63.01129003517815
28,48.957507574487394,62.999355747294395
28,48.96252423232352,62.98597228900912
28,49.001114234274155,63.00779238098043
28,49.012385839526026,63.02920859443524
28,48.97999116812134,62.96573486155023
28,48.978378227149605,62.992255316792814
28,49.01135705412988,62.99664262503408
28,49.03208048329768,63.01845780735128
28,49.02526398025254,63.00255893725366
28,49.0254472547203,62.97362172005151
28,48.98985547273667,62.97033165127742
28,48.994886853416354,62.97754170151721
28,48.974338989067554,63.020081296443294
28,48.951753785309506,63.010225176417414
28,49.01345744092779,62.98610949458066
28,48.97178717253459,63.035996279045555
28,48.973804577371745,63.015012641673486
28,49.00804556418582,62.98269621193263
28,49.02911101561931,63.029364346081145
28,49.01239848050516,63.00155827231514
28,49.00711210242039,62.98635904397523
28,48.95745235802705,63.019134631451
28,49.005767313489464,62.96422809196062
28,48.990882307056275,63.03756972660471
28,48.99466902249404,62.997943990219724
28,48.96380979074964,62.96906322417937
29,48.985283557148385,63.030126476927556
29,49.038262576132034,62.99091767385239
29,49.00796576583253,62.988971313810254
29,49.03671618895084,62.967492966389145
29,49.00538578394338,63.04222075292283
29,49.005839303459354,63.02155417405076
29,49.00674066719392,63.00284812479831
29,48.97222812224027,62.96624517558761
29,49.04696484126098,63.001298821901614
29,48.97673005214598,63.014648980777466
29,48.994248554787305,62.98176090401276
29,48.99965445006161,62.978046331308
29,48.964843298961235,63.02544073495415
29,49.00959871289747,63.00765355537512
29,48.99676795452778,62.98184470053347
29,49.02483384471094,63.00942453189631
29,48.97025018100535,63.0291195569052
29,49.01574635535683,62.99509289019086
29,49.011492117970775,62.96755637003664
29,49.00235603234074,63.03902181675049
29,48.98524379095105,62.99104737490065
29,48.95498030483715,62.97871146985729
29,48.985379462616145,63.01473669881843
29,49.001890847397,63.00443422893238
29,49.01683706767598,63.0213751025612
29,49.0407010121641,62.985948247484615
29,48.99844229784278,62.95481041746468
29,49.01061447946956,63.044653414221564
29,49.034264815778755,62.995502838138194
29,49.000554911198385,63.044924878571805
29,49.00498151707647,63.01134978541017
29,49.03628993011677,62.97988836542756
29,49.02626050401278,63.002777623409166
29,48.97443964875092,62.998524582932625
29,49.010742505709324,62.9870175178112
29,48.984768961132765,62.9883364242109
29,49.04441446237698,63.00370469498689
29,49.02708115052793,63.03177830218286
29,49.01313332285716,62.96028044278312
29,49.02221601981492,62.97518341147651
29,49.01125991549102,63.04052750518562
29,48.966889527990325,62.97686166905287
29,49.023397826212495,62.96145423542917
29,48.98094042923279,63.00191816442971
29,48.99131470119236,63.01492495262827
29,49.008164991716676,62.97300599870682
29,48.98327500542405,62.991215513196096
29,49.01149879767919,62.966570448281296
29,48.980411190621055,62.97193273291867
29,49.011502781248666,63.004902934365354
29,49.016399017414855,62.99231376613118
29,48.97017776022629,63.02321620413215
29,49.0173926404485,63.00052981786263
29,49.00798693617235,63.00459227511876
29,48.99330359946571,62.98261602455418
29,49.02919365887552,62.992410588195256
29,49.018910553354225,62.98672995788442
29,48.98432286228399,62.95740843666782
29,48.98202151548779,63.00362158981592
29,48.98931260186266,62.99544324610726
29,48.960298379220646,62.99185535883427
29,49.013416350722224,63.01193412113181
29,49.003440077839365,63.03758833869321
29,48.97965371373421,62.96953431552594
29,48.97129611579715,62.99536369451569
29,48.97679243642105,62.98314486489681
29,49.011081367010476,63.0090577663826
29,48.994806988369504,62.9894175110338
29,48.974730607513074,63.04179338168717
29,49.03404299889846,63.02396349363067
29,48.99485561852173,62.99255708075113
29,48.99769033415596,62.99124133370986
29,49.02136119256502,63.04279365317631
29,49.03979903312089,62.976272738440734
29,48.976320636537764,63.02452877154358
29,48.98861847581549,62.982208840573726
29,49.0102198540646,62.95339901137266
29,49.008889699276075,62.971067419151616
29,49.00894247005554,62.99978094025448
29,49.03370489843818,62.96369418719374
29,49.00869328752912,63.00339993734698
29,48.98749041342545,63.01427720268779
30,48.99380696543425,62.98207046301812
30,48.96342584091052,63.00418153127574
30,49.021603536646126,62.98828951215075
30,49.026076935642266,63.0294788099845
30,48.96949439580806,63.01742027312585
30,48.98846108070774,63.02002646723725
30,48.98373254474422,62.954966694466904
30,49.020751630292004,62.99594988564653
30,49.00224621411449,62.990127232072595
30,48.991727282302826,63.01563815090102
30,48.976616303495156,62.96400432790882
30,48.96991687711959,62.97325590128596
30,48.95890585752268,62.997861351195425
30,49.02140163351928,63.001523650986194
30,48.95727304131051,62.99332198308388
30,48.97396076441489,62.98730638247569
30,48.98846108070774,63.02002646723725
30,48.95544827436174,63.00400570287601
30,48.991115457252654,63.026151035476666
30,48.99268472430482,63.022595112623335
30,48.99623152220681,62.97806108920068
30,48.96809401788678,62.964134290918
30,48.96500282012584,63.02434704566526
30,49.03929973426486,62.98596789045503
30,49.00963487480335,63.00749410771052
30,49.00351887412696,62.99650299771928
30,49.02472554036194,62.960798771962864
30,49.01867375746173,62.97464959234924
30,48.98761316880888,62.9907873844842
30,49.03616593383723,62.97935800283568
30,48.955982775705024,62.98723475088842
30,48.97159208496001,63.00988253312877
30,48.97126044295772,62.9797437566288
30,49.01754856027269,62.991150455465224
30,48.97780496915537,63.032346816971376
30,48.98429430898153,63.03026692321265
30,48.96793424724871,63.02249266979894
30,48.98547805826136,63.04654439431177
30,48.96449239159222,63.031224890271815
30,49.005926034500085,63.023156146078456
30,48.99974193123297,63.005117670438935
30,49.0156941085987,62.95386015994022
30,49.00758539175194,62.97180943036819
30,48.962609226322215,62.994015345319404
30,48.98599874527076,62.981944291699556
30,48.9539054649296,62.98594639127162
30,48.9958650385934,63.00985710891573
30,49.00284106529983,63.01340704396512
30,48.99412813647489,63.009570364347454
30,49.00350589438129,62.982011023716716
30,48.988270965730216,62.97943813680229
30,48.99888411885964,63.00254944169046
30,49.027658469881516,62.97394965631503
30,48.978692914670134,62.9890431963539
30,48.95242296411772,63.00568878487832
30,48.986186741600356,62.9703123646216
30,49.019720304539014,62.98423842704399
30,49.00287816332795,62.96313986913635
30,49.02777432220244,63.02422054641788
30,49.01087886182156,63.03078788728065
30,49.00582959919362,63.00102760598078
30,49.00598766810822,63.00044589110789
30,48.98474996951918,62.992496844160144
30,48.97707385139833,63.02114047943156
30,49.005438497999286,63.00498103900111
30,49.018022212775435,63.02943124881095
30,49.02180554612117,62.96461249171772
30,48.97671825780145,62.983614582309656
30,48.96394935659697,63.00918692359291
30,48.97766834613942,62.9917349014269
30,48.98153596772192,63.02460660198769
30,48.96201231687021,62.97146135549042
30,49.043098319785976,62.9763656726008
30,48.96768963251367,62.974857314541374
30,49.040499614386896,63.018129051210536
30,49.009156713350286,63.039973096077134
30,48.97838255476559,63.03363315881198
30,48.98200071300313,63.02893080956482
30,49.01682082119315,63.032171589427264
30,49.04029959581472,62.98123730042547
30,48.97613740161362,63.00269218893524
30,49.03000518690043,63.001679630885995
31,49.00925465259502,63.014576560831955
31,49.00218410562621,62.95032303033827
31,48.99364507593531,62.985488923335296
31,48.99576423031158,63.00761917471059
31,49.00963743462364,62.95396334277771
31,49.012627723779715,62.973577841524595
31,49.01478897469095,62.98720786747929
31,49.02399811227788,62.98284771681098
31,48.98895727776546,63.00803985371518
31,49.00659139863309,63.003365331046034
31,48.98819900334404,62.95945077528522
31,48.97977932543944,63.02872520373741
31,49.04911682572797,62.99729605287624
31,48.975463591435876,62.99827531844743
31,48.995451031134756,63.01138849522376
31,48.99210164995562,63.02399267556928
31,48.96485342365469,62.98397961973308
31,48.96832145381943,63.01410185607188
31,48.99923995219875,62.979386509456916
31,48.965201811482125,63.00898380335773
31,48.95329745775434,63.01667509426851
31,49.04682567433842,62.99720902754796
31,49.02968030531178,63.02167978704332
31,49.030942524964836,63.02410737312038
31,48.97916013150197,62.966771034271375
31,49.02337313705146,63.01846868677772
31,49.03112817462904,62.96944505856128
31,48.99774391736464,63.011361797065845
31,48.99446973401972,62.96924013148486
31,48.98893685740437,62.95198453647751
31,49.03932807955062,63.01879946318375
31,48.95807982719879,62.99188220150849
31,49.00251790125306,63.0181896114499
31,48.967692966180124,62.99864449437834
31,48.995781562236424,63.00002986125204
31,48.970811580722675,62.96914921391158
31,48.9660324246,62.963838293855574
31,49.03683912557518,63.01981367608498
31,49.0263392435395,63.03974973156046
31,49.00185244563422,62.96727207475077
31,49.03394851738962,62.98268997519886
31,49.003801030025976,63.00204014274356
31,48.960498487959484,63.01042423141089
31,49.020791760827684,63.04372859595485
31,48.98452059831139,62.98871146164787
31,49.03606132114609,63.02804472088702
31,48.966092394277595,63.02885380699518
31,49.003051290606585,63.01619724026805
31,48.992872645195106,62.98737306638159
31,48.9919358586725,62.99642241684939
31,49.034073709497974,62.99978393107941
31,48.99250542677364,62.9771760111142
31,48.98225058473269,62.99720251232131
31,49.00102000864911,63.01124129964661
31,49.014297160949894,63.01431231210922
31,49.006942402276934,63.02328674726696
31,48.98846108070774,63.02002646723725
31,48.9719947934893,62.95861872074324
31,49.0040114782159,63.01290604961347
31,49.021694638393605,62.95853268290798
31,49.0248955785474,62.9724355523004
31,48.976118753346505,63.017889709647314
31,48.98989169026,63.020545411909396
31,49.008609910794554,63.048442692083185
31,48.9936017119448,63.032484325439476
31,49.00266803390995,63.04308057898706
31,48.99796279080823,62.96129960283777
31,49.00272160536843,62.97472467840926
31,48.98995022695922,63.03111854128821
31,48.992641783655706,62.98461641649246
31,48.997237795625956,62.97908176063693
31,49.01100132686639,63.017105978251394
31,48.99203670188551,63.002257285373155
31,48.970208863645965,62.98117995513681
31,49.01091989871916,63.012007521268615
31,48.97769497893364,63.00457888713752
31,48.98484321312717,62.98333975169369
31,49.000896278146314,62.95722384655071
31,49.023105002442726,62.96256886667098
31,48.97207988555672,63.0353629778785
31,49.01908353782277,63.00961218419757
31,48.982567050004015,62.99467012573076
31,49.04105367266134,63.009925090540754
31,48.99334705661771,63.03039773849313
31,48.9554317179564,62.98334102670419
31,48.98796540811869,62.98547460366783
31,48.99795547242661,63.00087400969029
31,49.03606371994553,63.02782863159173
31,49.0057761729204,63.03118615404107
31,49.02755678337804,63.03525702512661
31,49.012209589132716,63.01746990624803
31,48.963879118931295,62.99609371671702
31,48.9948796587017,63.02806451668134
31,48.99545778573395,62.9698887435245
31,48.99511315810873,62.9849529894479
31,48.98426239247594,63.03959058816526
31,49.045637330596485,62.99766621428512
31,48.97754447061661,62.984566992100326
31,48.98170547106267,63.03167730477126
31,48.973023232530345,62.968062913542134
31,49.020943877067424,62.98971809667834
31,48.966586419789074,62.97920075654196
31,48.99025476727278,63.008818588442224
31,48.99191082968105,62.97511253049965
32,48.99709718148306,62.9930039124246
32,48.989515160979316,62.98261074120846
32,49.03570956167347,62.997171235384556
32,48.993629046484216,63.00141511628151
32,49.00728858912368,62.97733221671699
32,48.97938222293064,62.978344785063506
32,49.00211650132092,63.006665770109436
32,48.97708380976478,62.98421440081393
32,49.02131159103328,63.01383204034303
32,48.99126783061381,62.975759671559096
32,49.02313206495805,63.034889352770556
32,48.99371688697892,63.04347645071454
32,49.019333068732436,63.00243279300644
32,49.01388219095656,63.021083563501115
32,48.9920987183458,63.01947778067519
32,49.0070468845691,62.994653153990626
32,49.00059761725855,62.973227173889065
32,49.03974530553664,63.020869806875226
32,49.004454628814,62.97529225183652
32,48.97825563321959,63.015449933080276
32,48.985830515598664,63.02766385325396
32,48.95631655627663,62.986549270585776
32,49.01445327570304,62.98297638533908
32,49.00126427678083,62.96466782667085
32,49.0127925982627,62.9699970039219
32,48.96207614077455,63.02460417321116
32,48.980706789340836,63.02218996977598
32,48.981654085703305,62.99699257218912
32,48.97434598433778,63.03371436729126
32,49.03716124764776,63.019168853751765
32,49.00602995112159,62.99036303125931
32,49.01424465887779,63.033008784572836
32,49.03716124764776,63.019168853751765
32,49.00230456169005,63.03612261706177
32,48.98673650803021,62.98888402975967
32,48.987479364502086,62.97968532254107
32,48.99436389994253,62.952888784799605
32,48.980315497863934,63.005540913414684
32,49.011186613204735,63.00445766360026
32,48.96804273255879,62.990626733966494
32,49.03264809517238,63.00604488301812
32,49.03738470133622,63.031476234793686
32,48.97933646411731,63.031959544447254
32,48.98205581597454,62.98028922072056
32,49.004515233808505,62.958675166058114
32,49.01733293573005,63.043158594005334
32,48.97718365340311,63.004788225188754
32,49.01658367426775,63.04355579305287
32,48.98476659899428,62.96561421596352
32,49.00206195409439,62.95325694183043
32,48.95760727307599,62.97903734386371
32,48.977549430945764,62.962697374779616
32,48.95992035787573,63.02073624012402
32,48.96911703721959,62.99523400239907
32,48.96692963936446,62.968264926319186
32,49.01416557138669,62.959188193061344
32,49.002397445867835,63.02482021971651
32,49.00995386256139,63.027608071898584
32,48.988198054307794,63.00805864921547
32,49.02328177662614,62.97705335340956
32,48.99375038553283,63.019533667947144
32,48.98798375998333,62.96812679701234
32,48.956225352606175,63.00821926594544
32,49.0050074525054,63.022270297633604
32,49.011873033925966,62.99483236782375
32,49.01718079472737,62.998816785840106
32,49.02918509148642,63.019243396298236
32,49.005701402153335,62.98102535117847
33,49.022532580907075,62.99643441645416
33,48.997196559299674,62.99459888391171
33,48.974048297331265,62.96544443797857
33,49.02346541327028,62.990217939289515
33,49.03554638239476,62.99489942183478
33,48.98530936882752,62.986961101590005
33,49.01626548385746,62.99339070361493
33,49.009712315448624,62.97802440852348
33,49.02222569961654,62.95626685609596
33,48.974622855246864,62.96180663618185
33,49.003369318138276,62.95355211877173
33,49.003105127046574,63.028932306815506
33,49.0402062838173,62.97747292731199
33,49.010172759335184,63.01540556697369
33,48.978791648415246,62.99943825896675
33,48.98327213546028,62.960036521838674
33,49.02674636412035,63.037649304196584
33,49.00835717942889,62.99788994366443
33,49.02630203882235,62.99257397712762
33,48.9771022446015,62.99905709875606
33,48.9795220193214,62.97898818711018
33,49.044363209187466,63.00663937755462
33,48.982083843174664,63.00557228808028
33,48.99941805319164,62.98415990484613
33,49.00460554729943,63.01859179123251
33,48.98103412414675,63.00827705361096
33,49.02346582099665,63.00961467460777
33,48.97508230919228,63.00077481308609
33,48.992018614898974,63.03667690906926
33,48.98253579144934,63.0133345791391
33,48.98502962577191,63.00933141096579
33,49.03804696920412,62.97987488656543
33,48.95744985981589,62.975109885513255
33,48.97690719514042,62.97641693969929
33,48.956382800190006,63.001476263644754
33,48.96976889368753,63.01147487659287
33,49.02712587034677,62.97911338403545
33,49.022603612312196,63.01640062174072
33,49.01104879212846,63.01242496403488
33,48.994037357260794,63.04955669040434
33,49.00113429006561,62.98804405580398
33,48.99092883476527,62.96816580324303
33,48.999200760939175,63.03303362037663
33,48.9915008394925,62.96909095084328
33,49.00619180270966,62.997797907036855
33,48.96591326938998,63.02038950578458
33,49.00011351224419,62.95821219923594
33,49.036806783793175,63.031105020688166
33,48.970786108083296,63.011313835657326
33,49.040821191367904,63.00291004317569
33,48.99018639429656,62.98957943039079
33,48.968624435518436,63.00984281119233
33,49.021028135852,62.95747845929404
33,49.03154714398308,62.97275569400394
33,49.02246355927083,62.97416588259165
33,49.00294139696525,62.97561932177825
33,49.016921202414835,62.97568802665683
33,48.96721020173153,63.00760273692131
33,48.980036831425096,63.00323282021459
33,48.98077850947746,63.00567667884287
33,48.98138068780443,62.99447899709114
33,48.960347157061804,63.01550267553012
33,48.99754255999142,63.00313415057068
33,49.023273962813526,62.99883907012875
33,48.991322530010564,63.038440035855196
33,49.00630861717839,62.9628898490121
33,49.005806299338126,62.97816104094637
33,49.03593565762377,63.00170747056878
33,49.00710888398767,63.010530239814805
33,48.96355291106088,63.000383689530416
33,49.00485428956003,62.959472993875124
33,49.01871593769466,63.007903063867346
33,49.003156916097055,63.037677583643045
33,49.02600604000345,63.025051678114345
33,49.01364695036819,62.99281508957577
33,49.00309235713862,62.97663225860759
33,48.9778142062315,62.97221170463924
33,49.02596599956715,62.95979986404503
33,49.00352491859542,63.00663438540384
33,49.006826425507015,63.00068623220087
33,49.03361334906482,63.0303855583931
33,48.96618652093351,63.00821340662255
33,49.02157709942917,63.03304900434551
33,49.01620869243212,63.04692853749757
33,48.9771022446015,62.99905709875606
33,48.96330660947196,62.98282986571957
33,49.010674032764555,62.96905717311364
33,49.0250806238997,63.002655750747195
33,48.96075502645631,62.986222214803455
33,48.982480962971195,63.01641170483029
33,48.965696243083556,63.00663967177285
33,48.97203452857977,62.97311431505341
33,48.974345444788206,63.01039583953745
33,48.960623586859015,63.00339953755298
33,49.03479826912698,63.022503164270134
33,49.01772171873908,62.99914507918747
33,49.023350955428654,63.02310114147363
33,48.98474996951918,62.992496844160144
33,49.01847961134949,63.038187918145994
33,48.98481373451831,63.04682492294487
33,48.97409751023069,62.99982004332293
33,48.98079056570989,62.97619706022147
33,48.97606665214971,63.03377992835715
33,48.98587090596948,63.03625461167497
33,49.01044924340634,63.0199539261109
33,49.02124499470106,63.0386873043237
33,49.01153230996711,62.95675122977273
33,49.0337601804765,62.98252012025083
33,48.98902274245226,63.001304728899925
33,48.95744434939225,63.019445663519605
33,48.99951763493787,63.0265190779516
33,49.00599422699352,63.03185859308007
33,48.98700234916063,62.96837370858922
33,48.987651050145445,63.03933285366532
33,49.04545327883687,63.00059229436204
33,49.03512563232113,63.01645361293129
33,49.01264708975263,62.975042245615406
33,48.99643622169909,62.962324335261364
33,49.0342976534155,63.02682807465991
33,49.04629484092863,62.99318663112529
33,49.01384039406419,63.021523194104425
33,49.04210549214751,62.99139597045649
33,49.04115961087794,62.99427083348851
33,49.01467681152865,63.01394569691104
33,48.99626499488492,63.04551687014235
33,48.987036402106156,62.956881146099455
33,49.04778895328611,62.98675595323833
33,48.95677978385298,62.996963362737986
33,49.00155296415435,63.026773489819945
33,48.95339077643052,63.01434374615817
33,48.98094658756621,62.99570218180981
33,48.96266049773207,62.97007292019902
33,48.961152434089584,63.025944374234555
33,48.97296448383274,63.01933841809641
33,48.98851646737809,63.01920751984275
33,49.01952797921561,62.95684069314331
33,48.99629918856186,62.997774093898826
34,49.02441812968276,62.981997182366975
34,49.00168135104226,62.969337794158214
34,48.95855093386087,63.01473552081317
34,49.0210418967412,63.01009958143717
34,48.9687608990995,63.01119766740508
34,48.97699395366255,62.957504905682136
34,48.970781607725385,62.976550014923234
34,48.988027233103125,62.9533273072722
34,48.9881720133753,63.000316251464625
34,49.00867048467147,63.04418707435086
34,48.97084630717106,62.98647095142931
34,48.9762813931108,62.969119462201725
34,49.0134621612611,62.95746324324275
34,48.99389405957877,62.993346357538684
34,48.953248959237975,63.004795960072364
34,48.99148488196419,62.96889050381326
34,48.982908662127706,62.996886171103576
34,48.961873723039574,63.02343279516362
34,49.00431028569708,63.00139418690292
34,48.994081049638055,62.95794372278625
34,48.996077285613204,62.96631331046396
34,48.980465402801165,62.980790968491135
34,48.99295816451993,62.97675462156246
34,48.96172412240047,63.024585297887455
34,48.99323582411279,62.973418140421174
34,48.982360796175975,63.0045450307536
34,49.02603086488432,63.02385909671886
34,48.99526468726196,63.044702651035976
34,48.97882481088781,63.004633796087035
34,48.96713716832243,63.02123412888578
34,49.01582950666141,63.04291582623385
34,48.96392915979994,63.01739563241867
34,49.017055553339304,63.041538000768305
34,49.007244260294364,62.99991784129522
34,48.968248265806736,62.97957079474904
34,48.996463793611994,62.99249468789214
34,49.01046333422164,62.96354383928767
34,49.01464482879999,62.985437765942045
34,49.00431529916862,63.009978969129136
34,48.96755704790864,62.976302313571104
34,48.99866169383975,63.03185553530913
34,49.01098412789844,62.98072753816174
34,49.00842249931273,63.03857219130845
34,48.993636906349394,62.99933585509019
34,49.000208012326894,63.03980326206087
34,49.00695277379873,62.98135732887994
34,48.95537150981021,63.02075400852467
34,48.973494378216095,62.96394097775806
34,49.02726577170579,62.972998687676295
34,48.97910857793917,63.00471648569933
34,49.048938908478064,62.99621838103065
34,48.99683053016971,62.98192100841206
34,48.982396156574865,62.95925869885284
34,48.95498030483715,62.97871146985729
34,49.01385709575263,63.028493624539706
34,48.97523350934674,62.97506627948382
34,48.998193562312565,62.97163018149101
34,49.01099598845592,63.01121499054269
34,48.96885326714697,62.99462287999055
34,49.01305893894903,63.02658968496435
34,48.979328330772105,62.9990685243379
34,48.99523062287653,62.99476400768159
34,49.00274604627468,63.04646913610138
34,49.0254472547203,62.97362172005151
34,49.01123216180989,63.02404468727845
34,48.98084567288233,63.01239053473003
34,49.02845906250865,63.0343761821798
34,49.023724625155886,62.97634609314183
34,49.02103225266787,62.99752724135697
34,49.00720112186354,63.0265730687292
34,49.014289408476905,62.99372166095862
34,49.01669996587098,62.96985580449284
34,49.00310107917382,62.9791712198976
34,48.97699395366255,62.957504905682136
34,48.99534569873154,63.03597991066746
34,49.01266884825321,62.98025959369997
34,49.039383029641684,63.01008996654067
34,49.0293733969378,62.96368810483385
34,48.97900652310568,63.031606157066726
34,48.964716369481366,63.00292328845779
34,49.030283915577755,62.99214448181215
34,48.979461974154916,63.001664927196664
35,48.95835283679231,62.99656141250723
35,49.01194006701153,62.98443581142231
35,48.9875350959048,63.037228896012216
35,49.02071096325749,63.00667910206369
35,49.012901134815,62.970372187726475
35,49.016038637357994,62.97445147146886
35,49.01641904400262,63.00766788080194
35,49.03645808195457,62.97497140803673
35,48.9667676816751,62.982681372251946
35,48.957188371022696,63.01594491609309
35,49.041829462108396,63.00213104177381
35,48.96733566104807,63.00694114055835
35,48.97253302639506,62.99133984624431
35,48.97076789220161,62.98652496458377
35,49.045756446564255,62.99103487304135
35,48.98880483767966,63.03242850019236
35,49.01419756839448,63.00877436107356
35,49.02248508536185,63.01820254798277
35,49.01527987028697,63.04640789766654
35,48.97270923399684,63.029905536473606
35,48.96391122673071,63.030608562155386
35,49.02407347536018,62.961786773995975
35,48.951023327744416,62.99830945948305
35,49.000809929707394,63.027841554987795
35,48.99549383040594,63.04873633780533
35,48.9838351569148,63.04294604057457
35,48.95738352448499,62.97394897779575
35,49.045966967031475,63.00898481355118
35,49.003622406395934,62.9570149696902
35,49.01725528157339,62.96272063555344
35,49.03223142635015,62.96792549653955
35,49.00853449363461,63.00272725061557
35,49.030163192007336,62.972666752110754
35,48.98144167550987,62.97259661821026
35,48.98605991870677,63.02723016589735
35,49.02460446814395,62.97237103202646
35,49.00789127282338,62.951420573322196
35,49.03964814325147,63.01838463364588
35,48.95858497631087,62.97982444385611
35,49.007131093588406,62.9861419872907
35,48.98568320534258,62.975807489235805
35,49.00089398367861,63.02109805561625
35,48.990552126343424,63.031397385765004
35,49.02130036233707,62.98105622471272
35,48.99743993618891,62.98671350976634
35,48.98519842303576,62.9629103827989
35,48.984324094051686,62.97785167535301
35,48.99810568008312,62.99190120280059
35,48.9845471338072,62.98546430926601
35,49.0097858215298,63.00408699434059
35,48.96050070923798,63.03065088212212
35,49.002305158914986,62.95036988265979
35,49.03575856704914,62.99104744092463
35,49.009201495758624,62.95783737728779
35,48.986554035154384,63.0115244812174
35,48.954418349255505,62.982759232583156
35,48.98640713361752,62.991696509952455
35,49.022180300281995,63.04204102764554
35,48.9936980461648,62.95512416475154
35,49.02233541451261,63.02738865922115
35,49.00201514458341,63.01194859220257
35,48.9976636085099,63.00276748383535
35,48.96822426252147,63.02304822700954
35,48.9907589456072,62.99410983970083
35,49.0111512760537,62.95673669209036
35,48.973492122122906,63.0273971045448
35,48.99982678252024,62.99446960923871
35,48.95875934333103,63.026273149125664
35,49.0089336550689,63.014514516510374
35,48.98440643736101,63.025788580069324
35,49.02225704334319,63.00671065140858
35,49.01510905160682,63.03107191124813
35,48.98587681384657,62.96304047203388
35,49.00206195409439,62.95325694183043
35,49.003380759239356,62.99963871585065
35,48.967577326560054,63.03396074295597
35,49.00267916074602,63.03443310352151
35,49.02969016148228,63.0080431544921
36,49.0367840302006,63.008194507675135
36,49.017596126815974,63.00300662988765
36,48.994727029642064,62.98908047949111
36,48.99516559837742,63.00656034311372
36,49.02261953411841,63.012500927184355
36,48.96957307406286,63.00272622005705
36,48.97682264865048,62.97132207403006
36,49.02842866812449,62.9999380199086
36,49.023188099083164,63.00792376971052
36,49.016094476495454,63.038663345763396
36,49.04730432011238,63.01616782137104
36,48.95882967359997,62.9858045770888
36,49.02376827814304,62.962206877103334
36,48.992962955065536,62.98406524260586
36,48.95882386082642,62.993145026164065
36,49.00023850576343,62.95360035468918
36,49.029822480989246,62.98259962318294
36,48.96066780101502,63.00648087651308
36,49.00230580818839,63.00183207958652
36,49.01912558248082,63.04021775386684
36,49.01594003185039,62.96070410287157
36,48.98321488068157,63.01843280476603
36,48.97537327049479,63.02160553828699
36,48.99903857841889,62.98650011258538
36,49.01910428081885,63.00151062646419
36,49.00219478008247,62.981436294753316
36,49.00554477118384,62.99647473370952
36,49.000466271173536,63.03306862780028
36,48.981148880565684,63.04172487576694
36,49.003384863307126,63.01838256111231
36,49.03753896212833,62.991709912369735
36,48.991322838810945,63.038374202488114
36,48.99010020998087,63.04390124470169
36,48.979338991643,62.96046834190898
36,48.99494459766094,62.97272610773476
36,49.041505968506186,62.97264112551103
36,48.988333287675744,63.03708482629322
36,49.03838653432333,63.00726576138852
36,49.01724128457034,63.00559146485378
36,49.016933095338146,63.013648928739975
36,49.00905556645945,63.047714042826755
36,49.015333391596826,62.998852855637004
36,48.984992730675614,63.032135979154376
36,49.018678106108275,62.95378884334857
36,48.96042738407544,63.01519574061888
36,49.00509267238669,62.99395953868994
36,49.01928947974823,62.96608377224716
36,48.98862707219562,63.018260365115836
36,48.99454573551245,63.0238768896575
36,48.99227491786022,63.01711665208009
36,48.994871918135,63.0238166390979
36,49.015515189248255,62.987468933438116
36,48.978075645748,63.01098697044852
36,49.03010075693816,62.960945519273004
36,48.98416973472131,63.033494369980374
36,48.99634641924616,62.98147344835053
36,48.95930577295059,63.00439650640737
36,48.977843715816135,62.98168584574994
36,49.008442694127694,62.98736420423974
36,49.0037535749051,62.95290556574628
36,48.995385723797824,63.032697406594544
36,49.03273823490439,62.98657198055599
36,49.0485730035143,63.0087157696321
36,49.0038292917148,63.04910265399907
36,48.96940449640744,63.004665408110796
36,48.95310223983281,63.011145976748494
36,49.031548225226345,62.978952512115754
36,49.04707892518094,63.010756710875675
36,49.02089963524496,63.0056644369661
36,49.007239784006046,63.003560787788295
36,48.969332587696876,62.97897287817811
36,49.036248528336195,62.99334103130207
36,49.04168529550836,62.99623971880939
36,48.99806618172949,62.99714925694115
36,48.98630084501966,63.0464398758855
36,49.041207089865374,63.01484025944253
36,49.04217245604883,62.99127656288989
36,49.02032288907502,62.9881397790403
36,48.97806947969729,63.01171881174599
36,48.989991380008675,63.00297209345417
36,48.989314896054935,63.006436639613604
36,48.96091430271927,63.010844215419915
36,48.991800675672735,62.96095456785603
36,49.00957147990712,62.95213059116508
36,49.00657666817864,62.97793854051756
36,49.02798336559515,62.960470154229334
36,48.98098632848359,62.954479494407565
36,48.992772505354054,62.95410073863294
36,49.00595801364033,62.96489053600769
37,49.02710049892657,63.02035585429325
37,48.965772952159405,63.012173392970205
37,49.01032509536317,62.98057850142581
37,49.00871176611652,62.96155345325552
37,48.97525943853019,62.9926759635572
37,48.98578873465044,63.028778433414224
37,49.031575213176346,63.000448711046474
37,49.01915782358523,63.00362728255777
37,48.98262938592472,62.975523050072354
37,49.03937226481289,63.0106552041509
37,49.02231344889947,62.993136743466046
37,48.98341369028384,62.97245116559393
37,49.025610917481934,62.987449006307315
37,49.006280019112594,63.0335808240848
37,49.02554742620723,62.99028320480135
37,49.025026573944906,62.98647129121652
37,48.985397535465054,62.98119363731841
37,49.02961911223989,63.030782815779204
37,49.01283060525836,62.99586240514459
37,49.01761166610548,62.99919033174326
37,48.96622469752213,62.989427582095374
37,49.01531360735659,62.98454833667601
37,48.98608069019147,62.99577471419443
37,48.99026864424617,63.031319868628145
37,49.000252850897134,63.01829852960443
37,49.03753143363935,63.024402543433204
37,49.01667595514906,62.9570065883767
37,48.97977840552105,62.97947358242075
37,49.00764485574987,63.029528562622936
37,48.96674875458088,63.03340939722235
37,49.003470074212046,63.01971747190227
37,48.99391988772695,62.991424050777766
37,49.01740724690963,63.00264005792212
37,49.01852461787072,62.988779762045965
37,48.97882425515661,62.97649552916943
37,49.011239614489625,62.95186781025285
37,48.96405523010778,63.020956409919435
37,49.01280439647591,63.03581822913755
37,49.04357437584956,62.991780595677355
37,49.03113839923443,62.98482001318447
37,48.996419389913335,62.996199772206445
37,49.028779565170304,63.011912784300804
37,48.95405404557721,63.01866508710664
37,49.0285150388134,62.98915836788992
37,49.0063168590444,62.987891582564785
37,49.02983927701154,62.990425609866975
37,49.02807738116156,62.99759407959441
37,49.038210577591116,62.9901237134555
37,48.970275955721704,63.00625801448654
37,49.02257248766697,62.97599242876144
37,49.01261416953473,62.961301251835465
37,48.99305316347515,63.02452181688307
37,48.99583920935517,62.96466374636356
37,48.96600840257323,62.978312558775805
37,48.990400749652125,62.97735156722474
37,49.03734861523559,62.971870229057934
38,48.976868107726794,63.029553487744536
38,48.957097145301894,63.02225826627853
38,48.979159277359734,62.98113980660661
38,49.03048375936324,63.00757050892218
38,48.98586476249867,62.96087843495406
38,48.964105777588344,63.015282153860625
38,48.96717212956939,63.00304571789716
38,48.97751220745275,63.01820992054769
38,49.04251991973171,63.0175637373796
38,49.02873538285801,62.97157151130817
38,49.03404469688746,62.970238300101485
38,48.99822836076329,62.979287672948615
38,49.023169282245746,62.98227026918405
38,49.03980886161793,62.98973815641643
38,49.008702323848986,63.01100210387046
38,49.021177450963485,62.98071487190309
38,49.048061251486224,63.00533764495942
38,49.03881213353793,63.00385630900814
38,48.98481373451831,63.04682492294487
38,48.95830492166734,62.99432537067488
38,48.98402755795305,63.01549836571829
38,48.979281690310145,62.97345527517445
38,49.00063595599317,62.95266114106475
38,48.99794356527154,63.01582038723687
38,48.97192867871545,62.99826287913278
38,49.01169352554105,63.022757811142355
38,48.970126595625125,62.979152646294835
38,48.985466332026675,63.02829816678146
38,48.99318626032712,63.0474189768542
38,49.01024817175223,63.04721011433637
38,49.00263294573837,63.00517204248925
38,49.02286347814699,63.04417914465748
38,49.01108491506192,62.97299522641828
38,49.00100072627981,63.01667318577659
38,48.98713385470685,62.96664589537024
38,49.0140803836129,62.97321581366575
38,48.977207203236325,63.000781011159575
38,49.01991170856704,63.00575612846523
38,48.974625906158764,62.9995064011366
38,49.007200802275385,63.011335323705154
38,48.96928050343804,62.998793694352536
38,48.96884355354812,62.96731485637
38,49.003043032973586,63.03833485107593
38,48.99332149303556,63.04555769656398
38,48.971870158332464,62.971346053653626
38,48.95651080027388,62.994427164847885
38,49.013069951286006,62.96654491463765
38,49.00499046850369,63.02413994958052
38,48.96112033572425,63.00651947606314
38,49.00773493570533,63.02112349178551
38,48.978579998633606,62.980374725586806
38,48.98746438071371,63.005760377931416
38,48.99964417659612,62.98601119615943
38,49.037611626538066,63.031321750181256
38,49.026342753675095,62.98390398396408
38,48.9953242879959,62.976485815019416
38,48.952300357819055,63.008023480557455
38,49.03017547115286,63.0353403855853
38,48.98144794772423,63.040642573305355
38,48.95421918032309,63.00655855832476
38,49.02285975878395,63.03156366574314
38,49.0132679372039,63.01282137183159
38,48.9671948191392,63.03129969001078
38,49.008890063997825,63.02680112477887
38,49.009229708135756,63.02228293135555
38,49.01444845359761,63.0118238040149
38,48.99078027634073,62.963541579456646
38,48.95674593438148,62.995820162427435
38,49.03849097343857,62.99186174909976
38,48.97996068809863,63.02637419160646
38,49.010999158572986,62.97697307622127
38,48.97794418631636,63.039995335794636
38,48.99900044396985,63.03550700137068
38,49.02024719600131,62.98173723872943
38,49.000051280681774,63.029336256102056
38,49.027576910769554,63.029486837504635
38,48.954570726446185,63.013264584267745
38,48.96114238967921,63.01144550226666
38,49.02494259976616,62.9969486637213
38,48.953252111477546,62.98907671227111
38,49.0320764719637,62.986759249194066
38,48.998130141955755,62.95538629718576
38,48.999824417164554,62.98576406862836
38,49.00023106975532,63.011695874197514
38,48.980807994687574,62.97438879131337
38,49.042216901741476,62.991923696454265
38,49.00438864781578,63.02277456137253
38,49.014909537103826,62.959065787488186
38,48.99358561839652,63.00937193096035
38,48.98248321508566,63.01217891489725
38,48.98327417030363,63.014243180538955
38,49.027308981897825,62.96975720294106
38,49.02886690901107,63.03487227668383
38,49.00004731776265,62.97818852305674
38,48.998048307785,62.99733246439921
38,48.989140550979116,63.0121945541388
38,48.96701489107406,62.96891811439669
38,48.98363403915924,63.00716463700514
38,49.00107374413552,62.97258052043211
38,49.034254387943875,63.03317800762733
38,48.988945101631295,63.030899321259234
38,48.993871232174776,63.010881260464934
38,48.96725984842048,62.96797760427149
38,48.96557729943607,62.98104629741045
38,49.01434622614682,63.04667398203621
38,49.00558602557942,62.995556207615
38,49.04332166766744,62.98509673947098
38,48.96218850792586,62.98364202116923
38,48.953945004329874,62.99290126372769
38,48.96004358134418,63.017546309687276
39,48.98560144005995,62.986407890482425
39,49.030990224883844,62.96839361787227
39,49.03821161753015,62.99321120974831
39,48.9819433360336,63.03623356982401
39,49.02413564814159,62.99798861605448
39,49.012498043920715,63.03980531377454
39,48.99740200280869,62.96690427195445
39,48.97254322280558,63.00855883006747
39,49.015339518185904,62.98406665261679
39,48.970380930446844,62.96264210271844
39,49.03757731744257,62.97887427627076
39,49.000178920439254,63.00134111228225
39,48.99205715153793,63.04282305373475
39,49.004667053607925,63.01076681846093
39,48.976484453194296,62.96767865685032
39,48.95990798710821,63.011298378014814
40,49.00621930514447,63.04271984983297
40,49.02002567710962,62.992554661903824
40,49.024477151673736,62.96511496484831
40,49.0134196952535,63.0062904871473
40,48.996512105155006,62.97234017789744
40,49.00651078143809,62.98382872281481
40,48.99646362791233,63.035565896735775
40,49.01603271645987,63.01616035183057
40,49.03907299312625,63.00733837994755
40,48.997702707942004,63.02907475881434
40,49.01712616585406,62.98688413719158
40,49.017172501228195,63.01179654427732
40,48.9978683498193,62.993342028275585
40,48.95406571905188,63.00962395929319
40,48.98138318110107,62.96839587495229
40,48.990294963183175,63.032464922965886
40,49.014906866667324,62.970443505377006
40,49.01179872247573,63.0110644497888
40,49.00866456466153,62.95951857764635
40,48.99853103901337,63.00164739984297
40,48.96266049773207,62.97007292019902
40,49.00224776615639,62.9727364817511
40,48.95472031416822,62.99715072022855
40,49.02541826646619,62.99357085580782
40,48.972507575618444,63.00068584466794
40,49.011525808919565,63.00704365218576
40,49.03314420526494,63.01297103120486
40,48.992222636171945,62.981707284628335
40,49.00533098620218,62.99197259216878
40,49.02487705119421,62.9566359032204
40,49.029078539416844,62.98027662622743
40,48.9972930232536,62.95973174716188
40,48.98669992830627,63.01783574418191
40,49.001095390860186,63.02440088225531
40,49.02511360013379,63.00571827129718
40,48.984239186563244,63.00196825446883
40,49.001911840668,63.00325742062888
40,48.99535023524971,63.03131587607926
40,49.035335691761816,62.99817700233673
40,49.00063941988022,63.041199317200494
40,49.0217616074846,63.02837925626392
40,48.95672704426721,62.97883979684134
40,48.99125478438055,62.966322111939846
40,48.9768090524662,62.95577849986398
40,49.02609567127225,63.03592673558102
40,49.02186061614806,63.03195692595295
40,49.01799091619634,62.99941138107263
40,49.03100223963729,62.965258081960464
40,49.03089760799903,62.994498840483324
40,49.009952910878354,63.00047426111934
40,49.00218410562621,62.95032303033827
40,49.025838992390824,63.02905365427396
40,48.98954178661401,63.017973546970055
41,48.965947141852766,62.989935060619665
41,49.018763458791824,63.01127784728649
41,48.99803725360205,62.98090601276348
41,48.965448382595945,62.97151087242756
41,48.98407480331833,63.038916567110775
41,48.99878627028555,62.9540299957214
41,49.00085999962141,63.03242475214938
41,49.02901904942789,63.011677186623245
41,49.04550322945017,63.01809462998739
41,48.99994157190283,63.02222626466198
41,48.97681771535767,62.96039448444099
41,48.96679970245973,63.00231401666718
41,49.02649946079808,62.96526090912936
41,48.97537327049479,63.02160553828699
41,49.00180409589799,62.95010994690893
41,49.02955794793843,63.00623203330362
41,48.98218611487455,62.98104123857154
41,48.97596288200792,63.028480052074755
41,48.96376800406134,62.999946665381984
41,48.99755743769068,62.95016747214732
41,48.99800522027667,63.01798045848981
41,48.98458314270818,63.006918637394996
41,49.01480025061967,63.027017343983985
41,49.014599720912244,63.03715762030574
41,49.021028135852,62.95747845929404
41,49.0477304029041,62.999901927325496
41,49.04071622694204,63.00874615918918
41,48.95435504212807,63.00170950037799
41,49.01086285630323,63.003008032221956
41,49.0421227491072,62.98849251767299
41,49.00377752569811,62.97337984399508
41,48.98125767733867,62.99388685541356
41,49.03849515506606,62.97446143011717
41,48.99455544780297,62.95279932865507
41,49.01468746508916,62.960137048047
41,48.99078107230381,62.975229958427185
41,48.95454569759901,62.996726016723315
41,49.010756641652634,62.987509986481236
41,48.9867218413649,62.996757698311455
41,48.99147490733104,63.00895764345421
41,48.9931230051267,62.95859954391179
41,49.027163954132774,62.98753849021922
41,49.01313792728711,62.98286822662181
41,49.01768115289376,63.025840184546325
41,48.97940373771642,63.01885111604726
42,49.003289586760744,62.95460621309647
42,48.9941603733949,63.01816814328257
42,48.981929928443755,62.99010012652531
42,49.02078309149842,62.969034430947
42,48.99474008802715,63.02978522134331
42,48.96280129032376,62.99396417402536
42,49.01968814905789,63.031527568482296
42,48.99127376841773,62.99374695481523
42,48.992100478548736,63.02275504522779
42,48.98818176077963,62.979208873289025
42,49.0255406212124,63.02108887032931
42,48.97281174728151,62.98283756260386
42,49.00351061621114,63.046484162264676
42,48.98764033723878,62.9911709885846
42,48.96394518763506,63.0169690441697
42,48.95418683223836,63.01070764366188
42,48.9869406711352,62.982033851611355
42,48.98962800028249,63.01982548967209
42,48.95173884314713,62.99546670780603
42,49.00202105140298,62.9992243825428
42,49.018707208996055,63.02198803774453
42,49.00195924480549,63.00510482810692
42,48.98907067008011,63.00356050894788
42,49.02784488983101,63.03592265112614
42,48.995476465898086,63.00075806043484
42,48.98989169026,63.020545411909396
42,49.026735530631434,63.037973979281716
42,48.996582910111115,63.00680639470631
42,49.02912788790131,62.99370058436497
42,49.00843822346267,62.96755337191857
42,49.02965841258452,63.03506824323409
42,48.96066780101502,63.00648087651308
42,49.010820575602416,63.022055007199704
42,49.01024464370652,63.02143165098268
42,49.045637330596485,62.99766621428512
42,49.00579108298494,62.96823364320873
42,49.044416931030945,62.99107468596521
42,48.98205581597454,62.98028922072056
42,49.0155212167861,62.9912042313117
42,49.01077642599188,63.00066568413647
42,48.99789029439262,62.98579821414286
42,48.988090152115376,63.01258223950554
42,48.993677626402146,63.00023143321688
42,49.02081633053265,63.01374143747002
42,48.97712535810601,62.956374846619894
42,49.01238424271402,62.994872695856145
42,48.97876931893464,62.998773925237046
42,49.03621251843308,63.012386954331525
42,49.021394617788935,62.96618177556146
42,48.95905506608475,63.01103489366468
42,48.99202889706353,62.96158931628404
42,49.020774314527195,62.98916083696183
42,48.99096603789468,63.04286931653209
42,48.97179979594813,62.98127470318185
42,49.01609610885813,63.03931719125827
42,49.02887856739513,62.99226932814396
42,48.97403426149164,63.030629720118554
42,49.03739566283966,62.993830061206545
42,49.008344209613085,63.00053175743369
42,48.98817172338796,63.02775209894585
42,48.95344284806399,62.98785423252759
42,49.00623516659966,62.95228080569929
42,49.03289410492358,63.02158935645812
42,48.978763895598064,63.045258897382446
42,48.99911352915259,62.99978628072802
42,49.025575452746466,62.99096651376677
42,49.02218646097654,63.00822015878796
42,49.011118947065576,63.00570742790888
42,48.9939593646951,63.01303372763093
42,48.998176752756194,63.0174101000577
43,49.00044382430733,63.025916148052694
43,49.033301738811346,63.005908983898685
43,49.03937396567202,62.985704271956585
43,48.99849299188228,62.96018950690494
43,49.02043730018692,62.96491027368148
43,49.023890152073186,62.96284560439483
43,48.983470081114525,63.03756680470065
43,48.983719497393565,63.012474362024356
43,49.02920585478047,63.039149034911325
43,48.96552516188378,63.011727056518225
43,48.95334071739342,63.01016956982256
43,49.03815738545365,62.9844278527168
43,48.9972541090547,63.007729949861016
43,49.043651392310636,62.98337662603513
43,49.015343828757864,63.00265318647268
43,49.02027267818365,63.01628632184812
43,48.981586998751204,62.985305619599146
43,48.992881619702004,63.01838554590383
43,48.991236655392996,63.00103925469255
43,48.956015869957376,63.00667824697793
43,48.97198840907563,62.97380313749226
43,49.031131803498056,62.98552128105002
43,48.97528593088912,62.996026343639976
43,48.99360298293486,63.046051400018506
43,48.96093783887754,63.0031529593102
43,48.992001579935526,63.03121645064305
43,49.0197283081178,63.003645719882456
43,48.97129611579715,62.99536369451569
43,48.96809401788678,62.964134290918
43,49.02631281687645,62.96301397788028
43,48.95163392193481,63.008112475350345
43,49.02832218497813,62.99984788555064
43,48.99872627317805,62.95289935591047
43,48.97537685702341,63.02058256394225
43,48.99441884421409,62.992370657979436
43,48.98516815060288,62.98242146389005
43,48.98478840967026,63.04055624163253
43,48.967750031032715,62.97280039912095
43,49.01166843535269,62.99140750272995
43,48.981620113221815,62.997652413078214
43,48.99902693582791,63.00998552367771
43,48.9962290959385,62.98765015426109
43,49.031788749058926,63.03480672598227
43,48.96284376186213,63.029028526534795
43,49.04382468932501,63.016200258173065
43,49.018591146823745,62.98882210579686
43,48.98113104335449,63.032043469202485
43,48.98678512418865,63.02067636313057
43,48.96544527218972,62.969148022379024
43,48.9589274303229,62.9714895414824
43,48.96408609362633,63.031074129520036
43,48.98740344702297,62.99766171688897
43,48.96106000962384,62.97359836045474
43,48.96295640526851,63.02323328881694
44,48.966472706712445,63.001042324520796
44,49.049469983792605,63.00474170610661
44,49.037965825370506,62.975762924617165
44,48.99063028842909,62.99424990935279
44,49.024056783644895,63.00130940688056
44,48.97819066748345,63.03417764005247
44,48.99577536277857,62.961575323842474
44,48.98319912917344,62.96213853312468
44,49.005356745416904,62.95839774125504
44,48.994647521269755,62.99584021638752
44,48.994029537375475,63.00103860434353
44,48.984670107829885,62.993195678594006
44,48.95683597696894,62.98769813398949
44,48.99397614737671,62.959734234789316
44,48.98403902201626,62.995934660287624
44,49.01297194383093,63.02950535431532
44,48.955041531496846,63.011914244230034
44,49.0420659013282,62.998036208906335
44,48.96764985347638,63.02676628811935
44,49.0271559672161,62.97172194171209
44,48.98095575456953,62.96884876721271
44,49.04061774033872,62.991564983919204
44,49.0290208400093,63.02205956885635
44,49.00280578548375,63.00952097687415
44,48.96856376754239,62.977624768390505
44,49.00826678575713,62.96451786899444
44,49.01441989754085,63.01631120482728
44,49.01797745190366,62.96268525550911
44,49.03216994233609,63.03020083089403
44,49.00519046985262,62.962842594857555
44,48.99455544780297,62.95279932865507
44,48.99085431156407,63.00439761853473
44,49.04256079929269,63.01744623990887
44,48.99911826308744,63.042179335933106
44,48.98988405154002,62.99823435728355
44,48.989456218730545,62.993847291076165
44,48.95733610641299,63.01749720267293
44,49.03067225490573,63.01560789815778
44,49.002534338244885,63.042846506443716
44,48.99190127498284,63.01587809459057
44,48.99178894863352,63.011051336964854
44,49.004551080071295,62.96144150381488
44,49.01030748572263,63.00581151637237
44,48.98581003238159,63.007749237205026
44,48.99504936344121,62.97025329958522
44,49.00518854173766,63.008477313428784
44,48.972244117672865,63.01214901445545
44,48.99488262675582,63.04929114596781
44,49.040499614386896,63.018129051210536
44,48.98341996763161,62.95484905418359
44,48.98871540769173,63.04760325100929
44,49.02647057696647,63.00699773402576
44,49.015600912834536,62.958856811889696
44,49.00992669396192,63.04742369427815
44,48.97881919180671,62.95788437069416
45,49.014548575085456,63.0179847073951
45,49.01757480048191,63.00447213808179
45,49.021503051667196,63.007940967862595
45,48.99580826231264,63.04209196969258
45,48.96153292343396,63.0264761485565
45,48.98281714838824,63.003288546836735
45,48.96884635038215,63.03055362621533
45,48.999969381739525,63.01319245747883
45,49.005032854568704,63.001847156486335
45,48.9684816264649,62.9719571056288
45,48.954348502576636,62.98850050464058
45,49.01520765687703,62.95418808471804
45,48.98460126997412,63.01597422554681
45,48.98761175013287,63.010418569693
45,48.96811869613052,63.037575379259835
45,49.03460330424701,62.971284750411556
45,48.96362246402358,63.02435449055965
45,48.999241207055924,62.96532524342427
45,49.0182357110338,62.99609626781076
45,49.014771497397525,63.03555322616314
45,48.99487580010138,63.01339955579556
45,48.992582702805244,63.02164177046486
45,49.04321344044001,62.98401725708302
45,49.01779067385058,62.96616681713987
45,49.03151833464088,62.969331372978615
45,48.98972154852818,63.002177296554095
45,49.00876773746931,62.98102321856535
45,48.96249300066502,63.028838668061795
45,49.0101131901915,63.04274161096757
45,49.042159981641305,63.00993280430598
45,49.00218666871512,62.975869561923446
45,48.97895087123714,63.02834336542552
45,49.010224788755266,63.02110001142186
45,48.99849299188228,62.96018950690494
45,48.957374162547225,62.98778650686062
45,49.011440846912656,62.964230496212316
45,49.00114920431193,63.01774122402846
45,48.98839473401435,63.019229002935106
45,49.0357564306179,63.0138899566963
45,48.99740878595567,62.98812312056435
45,49.03576374197813,62.999802578533014
45,49.015712511346386,62.994477137820105
45,48.99736426611447,62.97982855225107
45,49.026519623362894,63.00435648694132
45,48.989082102352356,62.99776108387956
45,49.003553989884814,62.97172661192567
45,48.97710242886263,62.962289719872906
45,49.018289151517216,62.98307095222927
45,48.98985449024413,62.97137995882199
45,48.966479020734766,62.98733766988942
45,48.951148498533264,62.992705448245346
45,48.991800675672735,62.96095456785603
45,48.95706056774414,63.00534575428006
45,48.99137533378606,62.99148545991245
45,48.98720794228353,62.980485640304096
45,48.9888908516065,63.03845689682581
45,48.97850449009228,63.01468693651472
45,49.00140929936887,63.02878069264887
45,49.03351439690432,63.01150429854604
45,49.0310962078718,62.98985796845647
45,49.01739448387786,63.0344738318455
45,48.95693699055834,63.00376824293355
45,49.04022253444036,63.01485289625578
45,49.004458927153955,63.016177996277854
45,49.02587393030039,62.96741999225911
45,48.997087471457135,63.02934140295229
45,49.0170032926356,63.01550101234924
45,48.972792716156135,62.96909279278842
45,48.97625707251045,62.99532574760713
45,48.99054515084809,62.97289279678986
45,49.00006213373666,63.021207023608355
45,49.03796413627756,63.01534324345199
45,49.01195569750559,63.0224067111616
45,48.99807125386406,62.98211749214897
45,49.00011491093236,62.97418546485479
45,48.97278303980072,62.969904227035215
45,48.980048502594265,62.99792416534279
45,49.015168061593386,63.04141405275839
45,49.00618702072699,62.98533177782335
45,48.995794640557136,63.00841145484077
45,49.029817716499785,62.96896209427841
45,49.01288861982104,62.99372483466741
45,49.01515010918114,63.01840470495359
45,48.98486029413502,62.98557444737317
45,48.96021307604973,63.00057614341042
45,49.03679650432856,62.99966104590092
45,49.028672288936505,63.03606452055214
45,48.98766698599858,62.986420488528225
45,48.965457450012444,63.000728904912854
45,49.012981908116004,62.98170439695174
45,49.0238380147854,63.034812749244296
45,48.99285755077396,62.98032446028109
45,49.02588312906141,63.037938288765204
45,49.007095462917846,62.999608698818776
45,48.98745249471227,63.02981479649042
45,49.01133715978545,63.03577084175179
45,49.037834635562795,63.01106078141652
45,48.97869232232795,63.016501519260395
45,48.994282391598816,62.98599126248761
45,49.01347681930265,62.99447221367101
45,49.00189976980134,63.01970992148999
45,48.99676795452778,62.98184470053347
45,48.97001981100592,63.03641565124849
45,48.98245593992058,62.96437541370712
45,49.00867986501278,63.04105662067505
46,48.96657228636979,63.010723195297004
46,48.99109254140594,63.01200273633989
46,49.00481482680163,63.03891169723097
46,49.02760061239028,62.9712430314616
46,48.986169873612994,63.03590099310705
46,48.971337261574845,62.96465716807032
46,49.00560411195293,63.02710386877901
46,49.02516686531637,63.01032813447876
46,49.0321153783,62.98297868799329
46,48.99213940845756,62.96600123267736
46,48.975885891454475,62.965496236087596
46,49.00521182837264,62.958189665719466
46,49.022981662036884,62.99201029162494
46,48.95966413344801,63.02509104712777
46,48.96352906688531,62.98735615512071
46,48.965564495117626,62.99503805613907
46,48.973855631553384,63.037162041995884
46,49.03377673896692,62.99924225919247
46,48.98128494612517,62.971121927118475
46,49.02137745815408,62.96042909088499
46,48.98613202593428,62.95761658414063
46,49.00311284965488,63.00360636892051
46,48.972407246034265,63.01109319345452
46,49.011908317290015,63.04774683848254
46,48.982908662127706,62.996886171103576
46,49.029690340210024,62.96110620655714
46,49.016085852124796,62.958999270706954
46,49.00603984699198,62.98122530020697
46,48.96173830148123,63.00336256277835
46,49.019478185443326,62.991352068773196
46,49.004504163097046,62.95592124971761
46,48.98586230419012,63.006808197739204
46,48.97846320568914,62.99452961090605
46,49.03430780380155,62.98644686852145
46,49.02182676529626,62.993671399962636
46,49.04629484092863,62.99318663112529
46,49.01825747412698,62.96371729463134
46,49.02056477173587,62.95755685957642
46,49.0203149400738,62.95902528847711
46,49.01071018779975,62.956316645633905
46,48.99176041892184,63.04557814314691
46,49.009873322681365,62.974076613979534
46,48.97003568275646,62.9706471608536
46,49.04149640375404,62.98333203470749
46,48.96521688029253,63.02706520422593
46,49.033215683671834,63.029663323324144
46,48.95718749025298,63.00769955775141
46,48.985144914280546,63.0377292586503
46,49.04555969520901,62.999980077451646
46,48.98718038104452,62.988418859315665
46,48.956067804890516,63.01875121013457
46,48.980811644964625,62.99590635932657
46,48.99948351924396,63.03825656445087
46,49.02444918120056,62.9990598295697
46,49.04471915168577,62.98665590865225
46,49.01272477534898,62.96740011966493
46,49.018083665722735,63.00107200721112
46,48.99788603558784,63.042235899938255
46,49.005816989402696,63.02875528111647
46,49.03860130569869,62.9916918572255
46,48.97559315147551,63.0407083693474
46,49.01614072434436,62.98307913306266
46,48.97059764506578,63.03954041437791
46,48.98579464615654,63.039603879868174
46,48.99012669555414,63.0149257128522
46,48.98578195624841,62.977174248150405
46,49.034406445927,62.98606740336662
46,48.997191265075195,63.02055567177343
46,48.974344013598014,62.99018047187028
46,49.019618222607576,63.014096191079275
46,49.011770671560996,62.9619103321299
46,49.01725956794975,63.020045340624044
46,48.98747280207741,62.99948297119823
46,49.028356413275425,63.03926902963039
46,49.045832735655786,62.980432204481666
46,49.02901688497918,62.99691306760364
46,49.043297016070056,62.996401225801606
46,49.0407744130438,63.003945931263644
46,49.0215481798722,63.01557992060059
46,49.00719422049373,62.990828233750115
46,48.97444128384636,63.03361267955876
46,49.02797854495599,63.00866188599155
46,49.029690340210024,62.96110620655714
46,49.01912685966991,62.98526383570918
46,48.95565586625564,62.99822977661586
46,49.0206230249309,63.019975019323255
46,49.03449579398657,63.00021634760509
46,48.96660035803141,63.035161245577356
46,49.04668046391371,63.01728169368287
46,48.972369460518294,63.034693923105316
46,48.95310223983281,63.011145976748494
46,48.996908395951024,63.00356646243111
46,49.02780048940357,63.03665167383971
46,48.984445616335066,63.02969688184902
46,48.98727095480888,63.04144022948232
46,49.00562642439805,62.991508301262655
46,48.97340684078412,63.00640588921027
46,49.01729328134303,63.00139674657051
46,49.03395083270458,62.996198919864185
46,48.973286948141535,62.962341421444435
46,48.99964442639962,62.98254906691194
46,49.0237060785037,63.0148311333874
46,49.03654268386152,63.017656620547015
46,48.99555269780196,63.017774516500204
47,49.02208651237529,62.971731926853806
47,48.99022219777478,63.04541146426256
47,48.99137533378606,62.99148545991245
47,49.02908229141147,63.01446402804742
47,48.99846359728126,63.00457990954362
47,48.99330201829445,62.99795289375192
47,49.00844928791022,63.042744695290814
47,49.012281795019916,63.03744687548344
47,48.967516324650305,62.98960092906799
47,48.988958974840415,62.98087159272387
47,48.964843298961235,63.02544073495415
47,49.02887910681981,63.035143320770594
47,49.01413062233109,62.96168856244375
47,49.02680911260052,62.97649708108172
47,49.0062816271601,62.96132367934696
47,49.006654133527924,62.96560718476272
47,48.96366679468909,62.99871769752539
47,49.01901384508477,62.97804143348123
47,48.9608106139245,62.976122807438635
47,48.96156519767098,62.97725597791005
47,49.020136230013655,63.00671387262501
47,49.01552422319791,63.012085516567375
47,49.044027198950786,63.00878439944714
47,48.966302392889524,63.012082495303396
47,48.95512048414356,63.015913365832006
47,48.970786108083296,63.011313835657326
47,49.00218303740261,62.99274514926861
47,49.03117330955232,62.995421057654525
47,49.03588520169655,63.01432897470677
47,49.031950951507326,62.989926838620185
47,49.01437490098837,63.03171612393176
47,48.97109831210192,63.01834680000167
47,48.96076201722481,63.00372038537632
47,48.95538604681346,62.99451849225287
47,48.97703791764335,63.008517390321934
47,48.96009778454733,62.99992976449925
47,49.032069294630126,63.01381604357745
47,49.04149640375404,62.98333203470749
47,48.98092974248812,63.03648000964504
47,49.02939545128775,63.01709190115353
47,49.02989369244067,63.02070115511847
47,48.99747775663657,63.025253603024744
47,48.97959781037138,63.02218202383421
47,48.973062476377876,62.99375467197021
47,48.96223773445125,63.01368544990918
47,48.99553442622132,63.0357310533219
47,49.0019288996813,62.99634294647048
47,48.97188740994932,63.02090044082079
47,49.0151972260991,63.03876672870661
47,48.98112344370957,62.99162128325567
47,49.014190143029644,63.00079985903013
47,48.977201552162356,63.03638328445752
47,49.03317991239252,63.0048652749441
47,49.02350891997379,63.03979339421802
47,48.95780437269468,63.01993243537033
47,49.028323958455616,63.007665133546375
47,48.99126068635512,63.025571929180195
47,49.00901640201437,62.95879153337338
47,48.95862264994385,63.0205098810271
47,48.97907800128812,63.045375557115165
47,48.98737694012905,62.983513939398705
47,49.0064098755566,63.025372625528945
47,48.99643807541186,62.96370582444518
47,49.00862648364921,63.0013610875285
47,49.03536502956076,62.97391344464912
47,49.02292381740481,63.03578887667616
47,49.00518604831147,63.033764671466265
47,48.99586401187567,63.03823914244466
47,49.025306138732894,62.96605590782159
47,48.99005109320299,63.02044665509144
47,48.975496240483196,63.00432999013567
47,48.99800505939162,62.955596088993246
47,48.99121511752163,62.979527684042935
47,49.04066428791355,63.022944617434504
47,49.03131054885319,62.99746377199298
47,49.049474650801976,62.9960710862398
47,48.98563896926411,63.022985393736256
47,48.98709248403856,62.962127169337265
47,49.02370764754942,63.0356453023828
47,49.00268849590405,62.99095435638147
47,48.98959779508549,63.0250108040378
47,48.97964707838003,63.02786750889589
47,49.01739918831019,63.00874565431251
47,49.024409154440235,62.97082545837828
47,49.01052467756335,63.00771457768367
47,49.011239614489625,62.95186781025285
47,49.0387910554361,62.99252244918786
47,49.0053636926427,62.961633021553915
47,49.02354461836507,63.00905303903659
47,49.00700251293618,63.01632989669845
47,48.969332587696876,62.97897287817811
47,49.01528788759478,62.961897258185175
47,49.045008268453806,62.987697068884245
47,49.02259132811384,63.01061824787141
47,49.03396436429856,62.984885932046005
47,49.03336925774112,63.02846618235266
47,48.998385955286004,62.970537567867936
47,48.9836026305185,63.018064163675824
47,49.01969859801106,62.97477626738751
47,48.96825114692397,63.0082872097037
47,48.98715791807246,62.986790234774205
47,49.04305998549788,63.01571525084243
47,48.99526849356449,63.00427930093471
47,49.006202495406825,62.98124192316812
47,49.00309370397485,62.95273316858279
47,49.01283131807746,63.01924960732917
47,48.97060614184824,63.018951299464376
47,49.024387946821335,63.04272925253889
47,49.04192922395379,62.97715972393699
47,49.00067625710649,63.00121200459256
47,48.96704860326144,63.017482149440156
47,48.99241227361693,63.04095375410583
47,48.96442398725593,63.01507884137425
47,48.9930506209015,62.99850525639609
47,49.029462196009824,63.02450320631079
47,48.98137833464435,62.97361213008704
47,48.98021207759422,63.01231515506285
47,48.953953843720015,62.99694126062432
47,48.978201151230074,62.98090326154643
47,48.99502819321134,62.980371713837776
47,48.983720408201926,62.98847707724646
47,48.99348785175528,63.012845668278665
47,49.01514159697485,62.968727599074704
48,48.983531745789115,62.96199482418339
48,48.957374162547225,62.98778650686062
48,49.01668462802365,63.015077558610045
48,48.99610666463859,63.047237548294845
48,48.97064337001446,62.95977551605511
48,49.0315861697229,62.99778637093634
48,49.03608945430281,62.985697067164864
48,49.0148520423128,62.96844986829035
48,48.990788530799556,63.03173731130949
48,48.98148611127298,62.983241644870056
48,49.02654906187916,63.00631134687306
48,48.98024900835953,62.986897987309604
48,49.043297016070056,62.996401225801606
48,48.969182052761674,63.0353919914812
48,48.9767296679739,63.01116758953928
48,49.03199549755284,63.03445344575321
48,48.99323726098289,62.98785277636044
48,48.966261651834635,63.00665404024746
48,48.9584376866764,63.0086501524074
48,48.975991935786595,62.97066191371657
48,49.00710888398767,63.010530239814805
48,48.97178228718198,63.0314811895664
48,48.96345682821343,63.008021797580795
48,48.99712124660876,62.995331037628986
48,48.985695762556006,62.97438867886397
48,48.97714791495149,63.03722814823425
48,49.01713078006872,62.97584407855612
48,48.9527816168768,63.00175949278917
48,49.01048954604511,62.961212500875554
48,49.01780458428475,63.01776624293593
48,48.99466902249404,62.997943990219724
48,49.026205325065185,63.01917285997167
48,49.04719904590405,62.99756894772458
48,49.00819581011561,63.036026305405905
48,48.97825563321959,63.015449933080276
48,49.01743939672477,62.98202885057469
48,49.007197432751695,62.990542938388735
48,49.00664453871286,62.95096282795608
48,48.957700236775075,63.018064210102764
48,49.0235307570334,62.96543717400149
48,49.02014853582487,63.01710967990233
48,49.01066606940766,63.01491612894555
48,49.018280860770865,63.016701604448585
48,48.985478982255664,63.03409844792149
48,48.97796393439986,62.993775817633875
48,49.045637330596485,62.99766621428512
48,48.99163375172696,63.00109382739666
48,49.01155388638358,63.00972700712225
48,48.9895234581305,63.02464436060181
48,49.01370513765379,63.04201196610774
48,48.99902685899978,62.98554651843802
48,48.99799267375769,62.980612440229066
48,48.97091633714783,63.00626506313882
48,48.96188473299471,62.984084837266366
48,49.03165997871913,63.0227517891725
48,49.01811870836911,63.0159837108713
48,48.966076483673085,63.00312366141176
48,49.00820396314417,62.996030377902
48,49.01315063194627,63.02509070874272
48,49.012615130905544,62.99799683722178
48,48.99712124660876,62.995331037628986
48,49.01288861982104,62.99372483466741
48,48.97944469550071,63.00335490271268
48,49.01138925909554,62.963370500563755
48,49.0142983751149,63.03822107136823
48,48.98432620082718,62.95416031803586
48,48.98782183704021,62.968230674542085
48,48.967527281255094,62.98829245665804
48,49.032487828886936,63.01255484790307
48,48.98434161938512,62.998153211678186
48,48.99608410157776,63.00715684660289
48,49.038380416210174,62.99776653144579
48,48.99131922725427,63.045779260554646
48,48.96196894861736,62.97179789640346
48,48.99073291850349,62.97177070342684
48,49.0031790958359,63.010979851954076
48,48.97787666701281,62.9667748777941
48,49.04648510299507,63.01424275360062
48,49.00097724672849,62.96345465949305
48,48.995374063486864,63.03725489608066
49,48.965388636946344,62.96579719181591
49,49.005793741681536,62.96424413942284
49,49.03110485626416,63.038923445602414
49,49.038474443584846,62.99911334291188
49,48.97613059164774,62.98244414111119
49,48.96362246402358,63.02435449055965
49,49.0038766819876,63.012671625276745
49,49.03066214228174,62.97128561050193
49,49.01948281482162,62.992354161071475
49,49.03249300473378,62.97184948263677
49,48.99102424679321,62.96188235588895
49,48.99126202674196,63.00169828835876
49,48.966461389635086,62.98470102620974
49,48.96364673969738,62.9961166199932
49,49.03375918393504,62.97745650220758
49,48.9560882328286,63.02353730588961
49,48.9955175837277,62.956367675751466
49,48.9633258074685,62.99320445250913
49,49.01884051087151,63.00114016269997
49,49.03385894272041,62.999510773364825
49,48.98109285031013,63.04489514010158
49,49.03608945430281,62.985697067164864
49,48.98757420070189,62.95210878844813
49,49.046656342073014,62.9986012977587
49,48.9624004511484,62.987381794459026
49,48.98789218658936,63.03400083032087
49,48.98555343297592,62.98381509119079
49,49.03140016346995,63.029304770473026
49,48.96507286122297,63.01209521726803
49,49.03713146691614,62.977976346012696
49,49.02377327860796,62.992571586209884
49,49.02696673496316,62.97735247138993
49,48.997593362445215,63.00366049589419
49,49.00885891092106,63.01122053215538
49,48.999614175357564,63.00495740091843
49,49.03004635151499,62.989072323384526
49,49.01413169099977,63.00646104179578
49,49.045483166385374,62.987692353798245
49,49.00301567096113,62.95323379673828
49,49.00941750874905,62.99973071587761
49,49.0492764207712,62.993219393926445
49,48.9758131129273,62.9740833391193
49,48.99587764048789,62.98655210629421
49,49.01050689257086,62.99020765533477
49,49.01192245146452,63.032618729212494
49,49.04231817091473,63.02272065765346
49,48.99610709360327,63.033919628917054
49,49.01602363551224,63.044153729105005
49,48.98674204322762,62.967939974726704
49,48.97229284477782,63.02242456679963
49,48.98284034593072,63.001240562159516
49,49.04600055857066,62.98903696914199
49,48.980430765608965,62.98152909074798
49,49.04980262946553,62.99613193748312
49,48.966727143731895,62.979064718568544
49,48.97579214144494,62.959715649978676
49,49.01813985695825,62.97712634537528
49,49.046446283946544,62.99325340541988
49,49.019677624783036,63.00589245106193
49,49.00417211002691,63.032747495847744
49,48.99681139947182,62.97246339221633
49,48.99828152665273,62.979336035688256
49,49.023782097150196,63.00981679781358
49,48.99836093294874,62.993549453396454
49,49.01745856863724,63.032402811132194
49,49.020904919492224,63.00481635534613
49,48.95524807319837,62.979322771636646
49,49.00544272487364,62.99533918339368
49,49.002334213511844,63.04415196399971
49,49.014364086770314,62.96315315910099
49,49.02003546432022,62.99540668051333
49,48.991181315418544,62.97593887419171
49,49.001779568683446,62.998566154275736
49,49.01074968521689,63.02650368022863
49,49.007458494467194,62.97313618726981
49,48.958996341274116,62.97739169038943
49,48.96338915527918,62.984897520385466
50,49.00060931446086,62.98287900166759
50,48.97192437374497,63.00718429612216
50,49.034445997121935,62.99615986858853
50,49.001802410833086,62.98917243500647
50,49.03588520169655,63.01432897470677
50,48.997060376836906,62.98652306485948
50,48.978368224805635,63.006473860082394
50,48.97990138777055,62.970153671390186
50,48.991758145260164,63.04384778176201
50,48.97777636139299,63.013919287343306
50,49.00703685934653,63.0334195077282
50,48.99580138046835,62.97765534504976
50,49.00260098103575,63.00676085989319
50,48.955083161045245,63.01005548466739
50,48.98653670744912,62.98744608295679
50,48.98989914584716,62.99748528089347
50,49.01930308965707,63.02410229761778
50,49.019756650015516,62.957216583858916
50,48.9566531114032,62.978490245091315
50,48.96910629983377,63.02381608622227
50,48.965184263770816,62.985967287563454
50,48.99703936010075,63.04803457851507
50,49.0310701730456,63.00155734723912
50,48.979173876894784,62.97067551587062
50,49.040344004157234,62.976711353899
50,49.041649109418,62.99022755465105
50,49.0105979151343,63.00528583934887
50,48.997875439776706,62.991770637640734
50,48.98526667578455,63.008919105106024
50,48.999057579572515,62.978793448203405
50,48.961428961396365,62.98704757696252
50,48.99418287074302,62.98147520421175
50,48.97735663110952,63.041637467093345
50,49.02516381399112,63.01167429897545
50,48.96462139582434,62.984925609018354
50,48.98770467550618,62.99472709375801
50,49.000942801934755,63.00895910782499
50,49.04640382361766,63.01595300605995
50,48.96369029193081,62.98980467774027
50,49.026713007271965,63.029384258700304
50,48.995144644173635,63.02544378249147
50,49.018847474032384,62.976233158194134
50,48.95807982719879,62.99188220150849
50,49.01569980021044,63.03827620449652
50,48.972674756759794,63.037879265398175
50,48.9861705080484,62.979852215813345
50,48.96739586331569,62.99292648495751
50,49.04033882636985,62.97497666175465
50,49.02100458098209,62.96289407609343
50,48.96763632965107,63.016635840534136
50,49.0134406080622,63.043760647923214
50,49.03978668751177,62.99010071676514
50,49.0423893841129,62.99796282998091
50,49.021599682299936,63.039135245648936
50,49.041026664281965,63.00896390244531
50,48.979030934371345,62.96522873014133
50,48.98366239759609,63.01607993439598
50,48.990237091662316,63.00242905770338
50,48.998176752756194,63.0174101000577
50,48.97819788661937,62.98925370574248
50,49.03448767645585,63.02904562579094
50,49.01437462529521,62.99148230120977
50,48.981771848587975,62.99959868541369
50,48.99140772604649,62.985655618678145
50,49.00627454430619,62.99895636131677
50,48.97165569875738,62.97263540960352
50,48.96479363682982,63.02409800175994
50,48.976789340805404,62.997015333819526
50,48.96476836599624,62.97119455576888
50,48.96869641045645,63.00124387111945
50,49.013551453619016,63.01314323747995
50,49.03733229496124,62.99657846207977
50,49.01342452469278,63.00210527329023
50,49.03454214926135,62.99439961872613
50,49.008088642385744,62.99189528763797
50,49.01293516256487,62.9787882881422
50,48.98967589355419,62.99935497077581
50,49.03909698130598,63.01696544328008
50,48.99626499488492,63.04551687014235
50,49.0070027183815,63.02908554517752
50,48.9930210085127,62.985341556022355
50,48.99096588142437,63.000175529712344
50,49.02574924945931,63.00991598401841
50,48.98163108820912,62.95563416229368
50,48.98495745221602,63.03738729975595
50,49.01443131851551,62.9960562644847
50,49.00678590027922,62.98492417228806
50,48.98698341755464,62.99759058489645
50,48.95163392193481,63.008112475350345
50,49.006059363276755,62.954160763733704
50,49.03883302442151,63.01864401209281
50,48.983484793756304,63.015017531207285
50,49.0105437716007,62.98424615511792
50,49.03008671892081,62.96177882567972
50,49.01431469439748,63.00132318786039
50,49.0342375590722,62.96385532952554
50,49.001060645299006,62.98198337806918
50,48.96565530081016,62.97492729211041
51,48.99891552249012,63.00039764245833
51,49.04265445519397,63.00872219531783
51,48.97679527526383,62.98605119797915
51,49.031950951507326,62.989926838620185
51,48.99802994680062,63.03602730779502
51,49.02674973159083,62.96259652734619
51,49.019806644613396,62.96122799474154
51,48.98515965702446,62.980938737297116
51,48.979324552209405,62.98994915868484
51,48.99428858860924,63.02118504152325
51,48.990980438220106,62.9870630215457
51,49.02657046534294,62.97372647676698
51,48.99426054185927,62.953406104750414
51,49.01080440328659,62.99506728293668
51,48.96771693015962,63.03156306123449
51,48.98300133313302,63.01188076161706
51,49.00172361846517,62.97949888544756
51,49.030667949843895,62.97076737753126
51,48.98742565219071,63.046457441614486
51,48.98288099628714,62.98890921077061
51,48.9602682472289,62.996406396363255
51,48.9998613875161,62.985249045490555
51,48.99583920935517,62.96466374636356
51,49.002397445867835,63.02482021971651
51,49.02463365668733,62.991033567292426
51,48.99142763191111,63.001743441926045
51,49.036679433223746,62.97241200971932
51,48.987037783397646,62.96374552619539
51,48.98447950366664,63.02379279757066
51,48.99069231518465,62.9681549111518
51,49.02126028466503,62.98847196244406
51,49.00758539175194,62.97180943036819
51,49.00989771835991,62.957003655796676
51,49.04183810028529,63.019531383191584
51,49.031078582525936,62.97569857406068
51,49.0394337523543,62.99960579157904
51,48.98989495794924,62.98171101057147
51,48.98421066832226,62.95908153749525
51,49.00985492621473,62.95430454867262
51,49.035513853147044,63.014875737130076
51,48.969711429539956,62.97429655652763
51,48.95832880947354,63.02627171610602
51,48.977721535947225,62.976229201687914
51,48.99453124569308,63.045165116487006
51,49.03792133067664,62.99127655219239
51,48.98094632462343,62.95413929196852
51,49.01926137576853,62.99416296588349
51,48.97824392499727,62.9625949478321
51,48.995884209297685,62.97497459551244
51,48.958909048566106,63.02197246844485
51,48.99701331873562,63.016779244681715
51,48.965943822197545,63.018181037341385
51,49.0118690559127,62.96659053765071
51,49.00281976867766,63.04421122522519
51,48.99669428116877,63.04260937462509
51,49.00374882215413,62.96853580782892
51,48.998161005037126,63.024568302974515
51,48.993629046484216,63.00141511628151
51,48.96600697912201,63.005940316080796
51,48.955261570123106,63.01917551392903
51,49.03446504148495,62.977511618392825
51,48.990237091662316,63.00242905770338
51,49.004047703482655,63.03393555159776
51,48.96445791852378,62.98876754924836
51,48.96426362596002,63.01034720352609
51,49.01604445263867,62.996071368038734
51,49.01639384514106,62.970867194022915
51,49.03161784819338,63.034360450131416
51,49.00770260483368,63.004399709049366
51,49.00299569261221,62.98687552438477
51,48.963110815480555,63.01520049470734
51,49.04205045578727,62.973384423967495
51,48.985379462616145,63.01473669881843
51,48.96663095076825,63.026710685279674
51,48.97282662273419,63.02785836127356
51,49.03764800458984,62.9829263299754
51,49.0016445804466,63.01811332784881
51,48.998606379389045,62.956560485037706
51,49.01551794025131,62.992665737557296
51,49.02239631566266,63.00672061385024
51,49.03726976261142,63.00712853615227
51,48.98871907047623,62.95439957761724
51,48.98417634575009,63.01082246007834
51,49.02534083678147,63.01720459999391
51,48.97860186132413,63.00511206775953
51,49.04433855672343,62.99052182830204
51,48.96096097168702,62.98314907552686
51,48.972260986227894,63.02843682204736
52,49.02593448785531,62.993387528715786
52,49.02990693871177,62.99130729671656
52,49.01702138836613,62.98236751041925
52,49.04099989178034,63.01790639909015
52,49.01513310055839,62.959340639213444
52,49.00507138956587,63.018658235132285
52,48.9888908516065,63.03845689682581
52,49.03413953782852,63.029803277309234
52,49.04496270693147,63.01821093278729
52,48.99756139717382,62.9518840565422
52,49.01772171873908,62.99914507918747
52,49.03442708616655,62.993245146226585
52,48.96158652680933,62.98782295414847
52,48.95411833616356,62.985449975355564
52,49.00042239093782,62.96541200053148
52,49.02518502225537,62.963050292881775
52,48.989888407406525,63.03409833952303
52,49.02543648724002,62.97853077944086
52,48.97346970248243,63.03323974536001
52,49.01577356791654,62.958580030441546
52,49.00699939549267,63.03156944921788
52,49.0085549596544,62.99923990883026
52,48.96432645968131,63.01376181510906
52,49.036574831756916,63.00748245090863
52,49.00591910109974,63.03961763747356
52,48.95873193081392,63.005985291644066
52,49.03855862743415,62.98511015688546
52,48.95571478647024,63.01039482549676
52,49.00809769542182,62.98043269703611
52,48.96616034129775,63.01944846089124
52,49.00840026146506,63.03463004263348
52,48.9903385173053,62.95333321747919
52,48.95443538188925,63.0021897927958
52,48.981771848587975,62.99959868541369
52,48.95440787069736,62.998759106750846
52,48.97380184930129,62.961558891276475
52,48.99285755077396,62.98032446028109
52,48.960069413105785,63.01318184576778
52,49.01747304582367,62.9583158027682
52,48.98255166760271,63.00090837789953
52,48.98756078967007,63.03833202867397
52,48.95363622835898,63.01030381866324
52,49.00732021104422,63.00714991191062
52,48.95435203882581,63.00788825758587
52,48.97274908009665,63.037849893113986
52,49.03407452030555,63.01399525823237
52,49.0046501684254,63.039177640670744
52,49.032688757705294,62.963347059614456
52,48.97002525240595,62.988969368089776
52,48.980610281528826,63.002932674119656
52,49.02279734016856,63.042541854380794
52,49.00840283980277,62.97739067046562
52,48.96833751912142,62.98852764574557
52,49.00337572423343,63.01733985385135
52,48.987194385421525,62.96632139176846
52,48.95411540478144,62.981153125389426
52,49.017718693916635,63.01345081920615
52,49.02912715099308,63.036366451535024
52,49.01508720810024,63.02489434078662
52,48.978582517613205,62.96258356561496
52,48.97570444118035,63.006502046805196
52,48.9928978415691,63.027660630658765
52,49.030871025735514,63.02188746240906
52,49.024327474533834,62.996819413173
52,48.98969853201277,62.96296936277048
52,49.028353390773724,63.01851100130673
52,48.97739860445333,63.0412395244723
52,48.96348904234655,63.016898445662854
52,49.04366703394783,63.014009776245395
52,48.99329138120984,63.04933778467148
52,49.01238424271402,62.994872695856145
52,49.00591550072148,62.962769859671
52,48.98308319190164,62.9742109600455
52,48.986383150660714,63.017916670102224
52,49.00455358877109,62.95431307645804
52,49.039682183375824,62.979259002303344
52,48.99930379827662,63.00035618598902
52,48.967369460019576,62.96476081168631
52,49.00273648533912,63.03147780672304
52,49.0046364321461,63.03191038560428
52,49.02337483604929,62.98817417798676
52,48.951944951890454,62.99608968847915
52,49.025266345238606,62.99358350745507
52,48.99125304447922,62.994415365720286
52,49.005459842305086,63.01704019665639
52,48.99818931173213,62.95376680149796
52,49.020319198544406,63.017681512375816
52,48.99122143607193,63.01144288802054
52,48.985056097401404,62.98791252576851
52,49.02013469778371,63.00463529029698
52,49.03421511983298,62.98547138029791
52,48.97774478561831,62.98810148915895
52,49.00846899550643,63.00806190594347
52,48.95951486771152,63.000837643707015
52,49.043251376883575,63.00443097294174
52,49.03336925774112,63.02846618235266
52,48.986955778992446,62.97889258304664
52,49.013725806877666,63.02575582491756
52,48.97081930211992,62.9653849695284
52,48.96050973628824,63.02771324084982
52,49.03049724431231,62.98656862699095
52,48.97692523941192,63.015132927862886
52,48.97230863985795,63.022224596563014
52,49.017884816459464,62.987496533077355
52,49.00581066271282,62.96335992190379
53,49.014146446838424,63.04704491713258
53,49.007640494808115,63.00458838730299
53,48.99916668371807,63.03968615837065
53,49.000785058993564,62.98785002177214
53,48.99776309545455,63.030096694080235
53,49.03017540831558,63.008135741319435
53,49.005850726559615,62.98578094390421
53,49.010550720655786,63.04027982424322
53,49.00143472456982,63.0309312755351
53,49.0068474666608,62.98270103830438
53,49.02202171531591,63.03230981112746
53,49.038345557887595,63.01254105342082
53,48.974506418946014,62.97717593215468
53,49.03301055494781,62.980688808161226
53,49.03331860525223,63.020062381903486
53,49.01270315790588,62.96345418885329
53,48.962500273232905,63.00345408301534
53,49.01608249327655,62.954602224121054
53,48.9775367940933,63.029124759518425
53,48.96761126551828,63.01446952944878
53,49.029302893755315,62.96658341232766
53,49.01910428081885,63.00151062646419
53,49.039702085644905,62.98032533428279
53,49.039760605542234,63.00331533489731
53,49.02294787279414,62.958091381817944
53,49.02237310111029,62.991255565069906
53,49.029690340210024,62.96110620655714
53,49.01802841272804,63.03118700161719
53,49.03492659484603,63.026766266584616
53,49.003239563392356,62.989907383842194
53,48.95632312735514,63.00220736577783
53,48.996978207749464,63.00467845710647
53,49.01054926882067,62.98940321037009
53,48.98247736593815,62.96003801443472
53,49.0463871104946,62.99214919911839
53,48.95730428420938,62.98646262062106
53,49.02774294360856,63.038112751844956
53,48.999882053462706,62.95240497071536
53,48.984628424117226,63.045980970729254
53,48.95313159139715,63.00109440017763
53,49.049083500100295,63.00875624638507
53,48.99819540220966,63.00309306037863
53,49.00281364869644,63.01529608253411
53,49.0186624999904,62.96066652314164
53,49.02044613444437,62.98173623732019
53,49.035079148048915,62.970406311633894
53,48.99301804465958,63.02391919332004
53,49.00356916831501,63.043596045897
53,49.02304479489723,62.959146950738926
53,48.99003453622465,62.999167422723566
53,48.98847494501072,63.015188915980765
53,49.003803381625765,63.00815036866202
53,48.99117609478238,62.958567135543994
53,49.02420853622731,62.98716300026624
53,49.01773812935045,63.046620136867034
53,49.0197763059729,63.0289192355556
53,48.979666793099604,62.98984354375469
53,48.989267859314275,63.00440293272031
53,48.97291746870101,63.007149932845316
53,48.97491077454651,63.04206796514313
53,49.04034793531921,63.01327136709291
53,49.01165954083081,62.95435895891861
53,48.98316146499346,63.01026664317332
53,49.02962125183679,63.02888644722815
53,49.029078539416844,62.98027662622743
53,49.03962760358719,62.99265293219185
53,49.01337018673213,63.047982626845005
53,49.00602697650776,63.00572998652737
53,49.016829765613885,62.9837999982068
53,49.01063567563518,63.038653203376334
53,49.00396844253367,62.98274212533732
53,48.95356727259074,63.00879197126893
53,48.994207371121774,62.98355479823845
53,48.98303184766554,63.02841715411042
53,49.025467095474426,62.982735521214344
53,48.99409977192405,62.962841400607
53,49.007880813907455,63.01098031358683
53,49.006664928533056,63.03142139955035
53,49.03298811661362,63.0058612255323
53,49.01577051085211,62.9935560503157
53,49.00830205789526,63.01149403160144
53,49.0005291743993,62.97999281041544
53,48.96552203576846,62.97554963431764
53,48.97461758044034,63.03695279771153
53,49.006990873703295,63.01480396288633
53,48.999020711125596,62.988786358918155
53,49.00438021727379,63.025753637326815
53,48.958739069664134,62.98564689128096
53,49.00414844364029,63.01671508843519
53,48.997074250609096,63.02480681324374
53,48.98661423988226,63.04415462976977
53,48.97382000577543,63.006733632633846
53,49.015889060681914,63.03035708872211
54,48.99607357038751,62.988672907493154
54,49.02557932335665,62.98669805390654
54,48.99107626039853,62.98978371504656
54,49.01904176546089,63.02862049225973
54,49.00597347564934,62.992772954364035
54,49.003577760430716,63.02165137843746
54,49.01014047102708,63.03596391833807
54,49.01852946647018,62.98693352780838
54,49.04244185107492,62.98856792982562
54,48.95552483764529,63.00819971865466
54,49.012019589410606,63.030461840013864
54,49.01695185954336,62.962808815152584
54,48.98955699005471,63.01449799218029
54,49.013944024550774,62.98990525350611
54,49.012331742278555,63.04254300971167
54,49.029645714128335,63.02965288280243
54,48.98258367887078,62.95379093222417
54,48.98861682738467,62.99364336871729
54,48.97217107303163,62.98969141993186
54,49.03542418005861,63.025652081849564
54,48.98017516542692,62.97874376696472
54,48.99757136749674,62.993461441822625
54,48.9982211315122,62.955601467684886
54,49.00704311396468,63.01570700105696
54,48.971870158332464,62.971346053653626
54,48.95958492659987,63.02158732256297
54,49.01620560797751,63.032242916160875
54,48.99075962448927,63.013778546820376
54,48.96920970888572,63.0087370246041
54,48.9959814744432,63.00800299631767
54,49.049614747613866,63.00144493883898
54,48.98057744183814,63.02307615827237
54,49.017213598551045,62.998364577936684
54,49.04175311735983,63.00221147458324
54,48.99916993473288,63.018854837672734
54,49.027658469881516,62.97394965631503
54,48.9663439220779,62.98965274803509
54,48.99756166060867,62.984813232933696
54,48.96150469157877,62.97521482847229
54,49.03972189873788,62.97431302129575
54,48.97030825785607,62.9760308169298
54,49.012327313229676,63.03881626490233
54,49.035075969264994,63.02456573091123
54,48.99694719762121,62.96754772965494
54,48.98732334445517,62.988272464444286
54,49.0330352101377,63.0117292417416
54,49.00174404277283,62.95130766785575
54,48.992882666121,63.020242065188086
54,49.00809287498863,63.02949610264343
54,49.033684742534966,63.01800118659669
54,49.02650394731284,63.039722233356756
54,48.99204492897487,63.03846881820361
54,49.00893870871898,63.01472496850352
54,48.98696298331678,63.020643873044556
54,49.0020917556456,63.017661144847715
54,48.99260600169434,63.011696903950934
54,49.00895451345326,63.007600347994774
54,49.035100929959476,63.011076988082515
54,48.99886479866949,62.996057918667276
54,49.0407744130438,63.003945931263644
54,49.02730007211237,62.968475516537566
54,49.02880420704374,62.99355678153185
54,48.96269515177518,63.03172861535881
54,48.985260478591684,63.045945189689775
54,48.9913225015608,63.03883064148593
54,49.0167466522703,62.98257210706417
54,49.040341454311324,63.00303667038714
54,49.00888886266615,62.95944072065731
54,48.969475363788725,62.98868930388471
54,49.005032854568704,63.001847156486335
54,49.01062208880548,62.994519790572184
54,48.984880109049925,62.98262751975015
54,48.99949566526597,62.960348349139366
54,48.97615922139222,62.98639765220315
54,48.98064151795486,63.036489556207776
54,49.00424766491023,63.00398430367285
54,49.01478897469095,62.98720786747929
54,49.00136916282758,62.992164067168886
54,48.96084270208063,62.97253027374645
54,48.9933799215981,63.023713498203925
54,49.00620495338167,63.01694629694494
54,48.971288582068375,63.03035263649927
54,49.03596721226908,63.02397913289125
54,48.98448600551052,63.024352605922445
54,48.96827631260286,62.99929634414894
54,48.95964558151186,63.024405836211045
54,48.9995005895492,63.0083033441371
54,48.9792366949188,62.99317352669409
54,49.0155001093663,63.01374299124068
54,48.97738423682817,63.006734555885664
54,49.01193413696642,62.9735558833677
54,48.99906473464299,63.00631766988809
54,48.997530636147225,63.01873504965342
54,48.97978764081972,63.00210291973684
54,49.0105380123762,62.96691229885237
54,49.0046628369767,62.9839164166166
54,48.99454573551245,63.0238768896575
54,48.99106793896498,63.02255187497899
54,48.967507043658706,63.03027850806801
54,49.01764912693077,62.98509980194274
54,49.00532032670807,62.99159992221204
54,49.01470625908351,63.008540323518126
54,48.98781806128669,63.00000629514564
54,49.03951478175438,62.98496056015627
54,48.98463479400324,63.04367253047323
54,49.02100860350414,63.005163666416365
54,49.013390151613265,63.036199166207794
54,48.98854758608581,62.959738377575924
54,49.0427667164832,63.010785365047326
54,49.00845785711658,63.02365932899481
54,49.00453830040052,62.97107857294258
54,48.992695518227585,62.97674517893244
54,49.00481997313256,63.000749883573285
54,49.02674973159083,62.96259652734619
55,49.00676448874886,62.96468466817307
55,49.019180444686015,62.98681998463277
55,49.03546748345543,63.01216604054869
55,49.0031790958359,63.010979851954076
55,49.002737612836675,63.01155021984918
55,48.960236440567414,62.988622353707584
55,48.980991754204716,63.008919507729566
55,49.0080680448163,63.013203207937174
55,49.006578445897055,62.9806603017639
55,48.97334749350234,62.99640312198842
55,48.998683369402606,63.020946816400496
55,49.00507001210099,63.017944034627405
55,48.9668860973387,63.01096080662786
55,49.04208469823457,62.97418316085933
55,48.96811991981205,62.96663791752035
55,49.00484135119257,62.98384922701177
55,48.96515702049403,62.99301131385344
55,49.004096463118856,62.95034267172028
55,48.96484963743215,62.99758198095358
55,49.01394131480646,63.020676521007886
55,49.000515460171776,62.96140929645337
55,48.984385668786,63.022243165956645
55,48.994112837890675,63.01122448421436
55,49.03217645093694,63.00108351977491
55,49.016568126009034,62.99818356395136
55,49.01861247331812,63.01022174560526
55,49.042350353878845,62.980592007379045
55,49.00251517768166,62.9506287044188
55,49.01687967391635,63.01095574411429
55,48.984324094051686,62.97785167535301
55,48.95745863086141,62.986018747158774
55,48.97021197049053,63.03805914099001
55,49.04271846022643,62.99588775535022
55,49.00912318745336,63.043746277862105
55,49.00257138447449,62.97795358729411
55,49.04858026267196,62.99663124061307
55,49.02610365074532,62.99081840431511
55,49.00863917732294,62.96467882780695
55,49.00592876354243,63.040613462727165
55,49.0187366365212,63.046344640519095
55,49.02256667148014,63.02855807162185
55,48.98059073039507,62.9650304741211
55,48.98509726834556,62.969023226441145
55,48.97779918826684,63.001506908378296
55,49.0470595209562,63.0063828248463
55,48.97717762757173,62.99453416190303
55,49.03713826055898,62.98241666226343
55,49.02545062196244,62.991268155342766
55,49.01988973914142,63.009819000917766
55,49.01765752170263,62.99903541475498
55,49.00255343616935,63.01299563641399
55,48.9523445662336,62.99087602206237
55,49.01362919878288,62.96501986797108
55,49.028813992317,62.99699329146214
55,49.00604971925391,62.972082770733465
55,49.00815763647788,62.99946732352738
55,48.99704791591118,62.96786062069495
55,49.03399535676723,62.98782591585331
55,48.98653450903445,62.97975676411718
55,48.986577443784526,62.97491038209604
55,49.029338365571924,62.96819985681893
55,48.957106265602015,62.99779128041478
55,49.01906839861689,62.985084552125535
55,49.00903830211167,62.992624972219886
55,49.00052976688711,62.985592549105974
55,49.020856626087586,63.02046165653195
55,49.015346376425335,63.01292330973573
55,49.00254650904977,63.00019821604604
55,48.983526999749756,62.98862523073832
55,48.98885769100209,63.01870504811237
55,49.011192724907524,62.98987828200014
55,49.00687727988915,63.01136196301476
55,49.03426170071771,63.01468827777184
55,49.034279308535304,63.01223722375856
55,48.9758035366528,62.9911608446739
55,48.99935105173049,62.98043678116624
55,48.97986667044985,62.974965997370376
55,49.0055146166732,63.000570280501215
55,49.030692576661245,63.03154826302582
55,48.9566984404088,63.016210087273095
55,48.9804126194455,62.98947848636177
55,48.96720993518719,63.00369468393994
55,49.03612945085793,63.01982182026972
55,49.01525556934765,62.96183721146372
55,48.96856376754239,62.977624768390505
55,48.99399826746919,62.99097850154192
55,48.973661100871496,63.02365431180928
55,49.03676369164932,62.98510960695369
55,49.028298418450326,62.978907367173555
55,49.011546857988165,62.98497802499368
55,48.97707385139833,63.02114047943156
55,48.987961683407015,63.032770595672154
55,49.037785887712644,63.02282695019907
55,48.998683369402606,63.020946816400496
55,49.02200771850598,63.03736415254698
55,49.01937064915153,63.00121334410905
55,48.95317595823211,63.002241288614776
55,48.983082985447474,63.04441425293936
55,49.036806783793175,63.031105020688166
55,48.97344426802715,63.004757334072835
55,49.032616436640716,63.02031129548545
55,48.95780437269468,63.01993243537033
55,48.98451287197069,62.994531845262614
55,49.008889124268734,63.032451821391625
55,49.00656108983792,63.02593405734646
55,48.971611861701895,62.98494541394003
55,48.97928014821488,62.97945867663143
55,49.03654876640215,63.012506500358825
55,49.039444405951706,63.01855162286418
55,49.01341549015125,62.965027023040236
55,49.01513685862476,62.99404388118945
55,48.99229247677362,63.04741359808034
55,48.999392660934895,63.00710435417901
55,49.017346408080364,62.993425911208604
55,48.95536457175704,63.016773098084464
55,48.99995793351424,63.02508685069097
55,48.954063382590654,63.0093370058503
55,48.97768486090577,62.97874397138207
55,49.02472959827232,62.99575687931318
55,48.97746653462944,63.02746508758565
55,48.965687951261245,62.99048640141531
55,49.04433855672343,62.99052182830204
55,48.961062768448976,63.01622404133052
55,48.95913132691416,62.97653407830006
55,48.98688153613954,63.03247689507032
55,49.005826360154735,62.9964241866003
55,48.9533431605592,62.988624897034704
56,49.0431123312852,63.020310820005626
56,49.042982390153675,62.99231332198763
56,49.02368001870645,63.020181052809036
56,49.02985659353573,62.97258362679107
56,48.99799362912822,63.03561063738901
56,48.980571145517644,63.02083072730395
56,49.02022910491937,63.045251872802005
56,49.04801268846539,62.995725910333825
56,48.971977980751674,62.986194688864515
56,48.96494386412741,62.984824159275554
56,49.04532061232681,62.98194573970173
56,48.96840155206366,63.00150690337561
56,48.97185067510546,62.96148768710222
56,48.9892618151151,62.99644059593147
56,48.98248321508566,63.01217891489725
56,49.01346057813285,62.98107904547399
56,48.97383813699359,63.03220457426217
56,48.97651675673214,62.994751147699674
56,48.97278616408271,62.99513933298767
56,48.984239186563244,63.00196825446883
56,48.99537029315645,62.986558754274554
56,49.012541761594655,62.98572269398841
56,48.985942987331335,62.96316552215396
56,48.99422189234534,62.96248061998394
56,48.96248307925593,62.99980612473642
56,49.02697041012962,62.983425311425954
56,49.04290717450635,63.024219781452054
56,49.042665456599345,62.99219523193129
56,49.002683818454784,62.97680949503635
56,48.994505167767876,62.956711397416946
56,48.96955843092198,63.029853149030444
56,48.98596007977878,63.03333605320958
56,49.02664608799793,63.0161007839974
56,48.98021276761699,62.96524897847061
56,49.02338938180314,63.00725183604805
56,48.98524523847861,62.97341105711389
56,49.00555318295544,63.018582409506266
56,49.01968654986358,62.97947343140974
56,49.01712616585406,62.98688413719158
56,49.001471659662506,62.984862896790474
56,49.01215528381343,63.015689494557975
57,48.999978629511794,62.99982218699022
57,48.97578106603402,63.03700971281085
57,48.98743222016879,62.98458514021712
57,48.988735782657876,62.96391836885231
57,48.98189723714409,62.969759449840744
57,49.03405907197608,63.029451812811324
57,48.99422189234534,62.96248061998394
57,48.99318469974706,62.96779621518699
57,49.02006204627857,62.98652765129983
57,48.96568083068527,63.03128776421876
57,49.02854872170697,63.01618903677006
57,48.972396695756004,62.969080879195054
57,49.02302062369195,62.98098835201622
57,49.04076526505205,63.01256082655723
57,49.010207212480424,63.02391118410188
57,48.987194778708364,62.983399429483335
57,48.99147610351834,62.98270465840454
57,49.00122592947608,62.964321486980744
57,49.003309433750395,63.009928995384314
57,49.04136257598765,63.0245565289372
57,48.95255566884735,62.98947684581356
57,49.02776448439506,62.97002433876115
57,49.008069516527094,62.95534295515891
57,48.99033908562508,62.967219338606256
57,49.02769110583975,63.01140021245757
57,49.017962751988875,63.009639340213084
57,49.02877419695911,62.980347181352286
57,48.99528074826364,62.96220814326593
57,48.98000631693609,62.973842069983206
57,49.021862991356784,63.01598204267763
57,49.005701402153335,62.98102535117847
57,49.003626013455765,62.98128951617193
57,49.01382518155164,63.03451666681016
57,49.013863808061046,62.99492134921531
57,48.98641212333467,63.01931529307237
57,49.011876853764356,62.98467890115681
57,49.03934227482554,62.96998181543535
57,49.00617258614355,63.036514900935046
57,48.97980282340395,62.98403151649649
57,49.02728804888328,63.03320141281307
57,49.01350402270335,62.99187341890018
57,48.98445440656655,63.01068573544905
57,49.00575339343735,62.987348322144236
57,48.98407480331833,63.038916567110775
57,49.02105157841203,62.97138560812345
57,49.0132121523274,63.04408312761442
57,48.99481131081972,62.971823345549524
57,49.02280758720061,62.95914156812808
57,49.00085999962141,63.03242475214938
57,48.96335939648932,62.988330923423376
57,48.99135218999794,63.01729481092092
57,49.04021489426242,62.98399617824095
57,48.96500282012584,63.02434704566526
57,49.021134980084696,62.980578214504895
57,48.97975680600047,63.008219159771556
57,49.00641383798043,62.99041558757007
57,48.98434977674118,63.016819783132476
57,48.95988140826087,62.98958156535733
57,48.97387888547431,62.9950514499598
57,48.972342150178896,62.96595943137897
57,49.00294139696525,62.97561932177825
57,48.97896249008652,63.034244813782784
57,48.99522537600361,63.00273118507153
57,49.019443776407876,62.999231393051126
57,48.97890644670681,63.01308536111223
57,48.97716025835101,63.01160548322911
57,49.028027534419294,63.00496741334836
57,48.99015083583442,63.0200072795408
57,49.0227907931768,63.007082979269875
57,49.03363937129988,63.01998963799853
57,48.99104399785461,62.9878612277628
57,49.0117537817205,62.965023975227425
57,49.01707328465427,63.00021440320899
57,49.02561548956441,63.026384183201344
57,48.970532210959746,62.999635322095116
57,48.97378895792348,63.028881698918276
57,48.9643671011704,62.99181500392831
57,48.991679371054616,62.99291486200914
57,48.96393337347515,63.02051489473638
57,48.99673200873486,63.00421607408921
57,49.0376901559777,62.971453535761064
57,49.02523071596717,62.989000417327595
57,48.95815314234453,63.01833073959744
57,49.01826927684634,62.99245869612288
57,49.039453938246766,62.979151594179875
57,49.016152479684955,63.01113869114647
57,48.975863922596304,62.99497623910948
57,49.024478229107814,62.99721130313012
57,49.031548225226345,62.978952512115754
57,49.016651846124184,63.0387720454155
57,48.95998043284934,62.98399951274749
57,49.02951198530875,62.99907677729689
57,48.9964210386053,62.990624165149725
58,49.015916369313224,63.04209613606808
58,49.01155401934023,62.98242449531273
58,48.98353219097412,63.001079109710474
58,49.012867956583364,63.01300644989615
58,48.96877498315386,62.99262461998388
58,48.99711433655437,62.993863450717
58,49.001285895324955,63.01188691888197
58,48.98750481149744,63.035138424339365
58,49.033342979371675,63.02502126422388
58,48.95486011983865,63.00373903652845
58,49.032326209473354,62.97777908760124
58,48.968595818859804,62.981683396214194
58,48.99083247095295,62.95900201880711
58,49.02939677595895,62.97276243220091
58,48.98166626663079,62.989403252995096
58,48.974450182460345,63.03670043751744
58,49.034090087837356,62.97433103512615
58,48.98613118166109,63.00158606518421
58,49.018555479949256,63.04512439257876
58,48.987553926161084,63.00834222541179
58,49.00448912305559,62.976474749791926
58,48.96903980629707,62.98067236641199
58,49.00741984646618,62.964237481985336
58,49.034518569471345,63.021594138511574
58,49.00499838108901,63.02170072892355
58,48.99272769267437,63.03455339110515
58,49.01783874248224,63.041208917737265
58,48.97092227379,62.96711451646869
58,48.96551342192745,63.01523058184437
58,49.01955273092201,63.011988694860946
58,48.967004980103276,63.00771962509994
58,49.03810879966493,63.01072266292438
58,48.97869700474921,63.019675728664176
58,48.98936122522262,62.98300938868959
58,48.99415349125658,62.98236370370566
58,49.03522750774279,63.00728143130969
58,49.00256686041001,63.047403418888585
58,49.00466585679209,62.9815488274551
58,49.000520680099385,63.025196599223186
58,48.98146264604808,63.029320391566
58,48.989776211573535,62.955380706565144
58,49.00531661994631,62.987919792158465
58,48.99049401020448,63.00223727408685
58,49.01650340735533,63.03055102865046
58,49.00703430875317,63.016207786762834
58,49.02959669236169,63.00820384842157
58,49.03395872207854,63.03234471094766
58,49.02838820516323,63.012418540483964
58,48.98689868630354,63.02228119998617
58,48.97973099971997,62.960414425249034
58,48.97936242875544,62.960619683792864
58,49.00509267238669,62.99395953868994
58,48.992506858842404,62.98914662276492
58,48.95460630564825,62.98804007782124
58,48.98058325732823,62.98637639483488
58,48.993278455467696,62.96509125284839
58,48.988880110980205,63.01411873644362
58,49.0247823556278,62.96703504713474
58,48.967617337139494,62.99585420222151
58,49.04168953088006,63.02471496943954
58,48.95230972106476,62.99705998702302
58,49.015372217657784,62.98135867579565
58,49.01634753898342,63.0294013944307
58,48.993551983197776,62.96574946466697
58,48.95687023742234,63.018006473344826
58,49.009134307240835,63.009727592268504
58,48.967491823622034,62.99667400227396
58,49.014421136328124,62.976207213320095
58,48.97253976001637,63.01457636511354
58,48.95871165655992,63.006474152273704
58,48.96834681192415,63.02222532166255
58,49.014246948535245,62.954646889543326
58,48.9951551042802,63.02909120960156
58,48.96185147973769,62.982580955591764
58,48.99375628951203,63.04666772109101
58,48.99074345136208,63.008079593001575
58,49.00579885752073,62.98468408844129
58,49.01553685859817,62.98034071300984
58,48.97226436007601,63.00733346941489
59,48.956524761965305,62.99641210317862
59,48.985379462616145,63.01473669881843
59,48.98111829022945,62.958535331283166
59,48.987749854069286,63.01378850654397
59,49.00698493486744,63.00193415702285
59,49.04615341619996,63.01456417532823
59,48.96223773445125,63.01368544990918
59,48.968850017472846,63.035063698077295
59,48.99705323795814,62.996594030183516
59,48.95409974895998,62.988431597363004
59,48.97570594957579,62.966878354576835
59,48.96408609362633,63.031074129520036
59,48.962779583609134,63.02112947724381
59,49.03048433184806,62.963326758801955
59,49.04844016878396,63.00548530577769
59,49.039531393595894,63.011527566047405
59,49.011972888760546,63.046205072840486
59,49.04552480606118,63.01748403219058
59,48.995749151897755,62.97955630178057
59,49.04517104171468,63.00748334426162
59,49.0162345020047,62.95582949003441
59,48.978403705706434,63.044828968355354
59,48.987863468441354,63.01440880651343
59,49.02252698328368,63.021712457845446
59,48.97253976001637,63.01457636511354
59,48.97873495550061,63.035599698783805
59,49.013227910475834,62.97224684464433
59,49.001707620791,62.95543648053451
59,49.01597274973108,62.97295718662939
59,48.95272667881859,62.99184201008445
59,49.0196922025445,62.97121880559797
59,48.97844275336881,62.96087195683565
59,48.984827499274445,62.95867921003008
59,48.96772865369391,63.00769726922594
59,48.98062994912526,62.994802689681755
59,48.983213223507825,62.96507237593678
59,49.00275409061485,63.02878351436153
59,49.013271785660294,62.9626159803026
59,48.986779522087616,63.00412170630728
59,49.03682647436789,62.99604658424966
59,48.98177669826844,63.01894737809249
59,49.03576339148687,62.98071182460231
59,48.96458299945405,63.03355022483988
59,49.048024264421684,62.99580652157958
59,48.9888968631161,62.97874507381633
59,48.98673306057987,62.97681361974322
59,48.96082201878818,63.00359059856094
59,48.98705032479204,63.002953622912976
59,49.00841445645606,63.00870015769037
59,48.9871111117127,62.97689703846715
59,48.97769497893364,63.00457888713752
59,48.99396388890572,62.98785971324106
59,49.035383667540074,63.03138365508759
59,49.020117565419085,63.04354841946488
59,48.97612142836463,63.02219122074495
59,48.9891865661833,62.998332596858155
59,49.01395109240439,63.0472914338521
59,48.9857225692846,63.01115005585657
59,48.97419185133275,63.02734598674106
59,49.005029409386665,62.96788083767645
59,48.98242780297973,63.00275468172528
59,48.985151303793806,63.04479067888165
59,49.014871554508964,62.96953357158701
59,49.01555292094543,63.001037634119996
59,48.97026883882449,62.98606916885693
59,48.98853896123776,63.034608882271684
59,48.98746288453595,62.97909854585321
59,49.00413980636076,63.02182156878593
59,49.01069953789954,63.010064448552335
59,49.02057301174913,62.97029015410655
59,48.98919151039723,62.99260554161733
59,49.02384105664395,63.02666001075642
59,48.98796261077878,62.965366849831305
59,49.00799571409737,62.969421623405005
59,48.99104399785461,62.9878612277628
59,48.98089494917066,63.00869870901744
59,49.03600650374471,63.02708082779461
59,48.980048502594265,62.99792416534279
59,48.97697578031465,62.98063658531199
59,49.01603271645987,63.01616035183057
59,49.00548948384149,62.95633746216918
59,48.9960345565261,63.04004599641026
59,49.018872508497495,62.986315994662455
59,48.98644603849784,63.028164089309556
59,48.99891763741279,63.02809461472942
60,49.01957158716288,62.99535760781462
60,49.03676495267588,63.000723994049174
60,49.01914013898704,62.95902237202946
60,48.99948351924396,63.03825656445087
60,49.01257394313243,62.98510020422999
60,49.03379468536885,63.02814766313891
60,48.99296388304761,62.98272428763448
60,48.97389147007695,62.98211238273273
60,48.9978683498193,62.993342028275585
60,48.98321374858744,62.95753347996597
60,48.964788039443675,62.9648163051862
60,48.99458523816416,63.00630081814307
60,48.992725916033955,62.977033075026064
60,49.02049314005831,62.98650173026018
60,48.97682953743107,62.97547308781859
60,48.98165904883676,62.97609323473779
60,48.95784779502497,63.00296062859339
60,48.987165775161,63.04102365699031
60,49.01778423418589,63.009102187719186
60,49.01637436462121,62.98863393096691
60,49.02707277172607,62.97672715597735
60,48.95664743806679,63.021227516043446
60,48.95900642798911,62.99158288095508
60,48.966641818047776,62.98526806698593
60,49.024819481729374,62.97793254297795
60,49.00937181303741,62.964608248469276
60,48.96349772102352,63.02964023308095
60,48.97287238771968,62.97713082688097
60,48.96421964398182,63.02678389144378
60,48.98315646165607,63.00762466545864
60,49.00040154211496,63.04023652493169
60,48.95945413894104,63.01115389420896
60,49.019285975511416,63.00975161531557
60,49.02185909548298,63.03582715007049
60,49.00722278454299,63.005454646328445
61,49.02794238536397,62.99552517188713
61,48.98701909941553,62.96153236736152
61,48.96853320565928,63.007291395117825
61,48.9675212725458,62.99232503843704
61,49.01324068088402,63.04386599051193
61,48.97704827079068,62.99427114378425
61,48.99472774130826,63.019911337962505
61,48.983306146376975,62.98412189098763
61,49.022707836129634,62.99702950027835
61,49.00316128335958,63.008903608742294
61,48.9944434807532,63.045085394904895
61,48.98434751246064,62.99522942271922
61,48.98712844738677,62.9872221939376
61,48.96663095076825,63.026710685279674
61,48.98003084997718,63.02850370563304
61,48.96945623970027,62.96393691600589
61,49.00408173800717,62.9938789978457
61,48.98648555904796,62.99178770875051
61,49.01797745190366,62.96268525550911
61,49.02741328995423,62.97988117936099
61,48.97402400721884,63.01078868433709
61,48.97155359926197,63.0270026180915
61,48.972048965477576,63.02615594951138
61,49.018993436278826,63.041296702013405
61,49.02520763956097,63.01891123790585
61,48.998957279735805,63.0019287467162
61,48.9883075089906,62.95534108883641
61,48.99894311265235,62.998306502951564
61,48.99404772930378,62.96294909778294
61,48.99540455002633,63.02873945056534
61,48.975028355670865,63.0425217017505
61,49.02545110930004,62.968793633665385
61,48.99819540220966,63.00309306037863
61,48.9638201926431,63.00072507803526
61,49.02028835926988,63.00176939931137
61,48.98756630213234,62.979919005761204
61,48.96545673887461,63.03137198423956
61,48.99007549242924,63.00683108330916
61,49.00430529851591,63.007656079537256
61,49.00607941401731,62.98864873322326
61,49.00702959239713,62.95705492552737
61,49.02851074617527,63.025744348717794
61,49.020100372862395,62.960641014879364
61,49.045843706622534,63.0026638438811
61,48.965383153257726,62.98310675452457
61,49.015240380859446,63.04262346238433
61,48.96187797626259,63.02137426950761
61,49.042443349523076,63.00006082811035
61,49.008158395160024,62.99708452721727
61,49.038770697883216,62.99773234123182
61,49.01444845359761,63.0118238040149
61,48.983679311722554,62.954380048938354
61,48.98781806128669,63.00000629514564
61,49.026849292453875,62.99981413636118
61,48.99769441734179,62.96402183704255
61,49.04374984460421,63.023386010418584
61,49.03173321997404,62.97555868699639
61,48.97692523941192,63.015132927862886
61,48.96397808863025,62.97139664794924
61,49.04488201795082,62.98685332926428
61,48.99064882180157,63.03329575450859
61,48.981034615752534,62.99742389454852
61,49.044482153586664,62.99870105158167
61,49.02143066281388,63.03148771104888
61,49.011632345103266,63.027102728918216
61,48.98856237541709,63.03112398813084
61,48.97703019415641,62.9687736564685
61,48.99328461466795,63.001363833896484
61,49.00294813162838,62.98645763684466
61,49.031793991409785,63.03054837584642
61,49.02428552716895,62.987110347128294
61,48.99544323422643,63.0087926085309
61,48.962284856004224,62.98325808446169
61,49.035857271942994,63.002622342079114
61,48.96644311679849,63.017052997358995
61,49.02405682559216,63.003684780756494
61,49.00888769014206,63.03790924885703
61,49.03224588943012,62.97978564049001
61,49.00448893541259,63.00158484209417
61,48.994631865072215,63.02195191826087
61,48.9755120158512,63.03210418255554
61,48.965863954865014,63.006324821948716
61,49.03372092054045,63.03035524086023
61,48.983526999749756,62.98862523073832
61,48.98387102855922,62.98943195960497
61,49.0291516746404,62.99171092865717
61,48.997003512074166,62.96033155537459
61,49.03013527981533,62.96665744371604
61,48.976609683422424,63.02270146335492
61,49.03446160014026,63.00280175091524
61,49.01789271913458,62.97724518917676
61,48.97808300924505,63.03686043104253
61,49.035985244448476,63.033500454958904
61,49.04497421689748,63.013415088665
61,49.037467062762644,63.024891238117334
61,49.043615986967765,62.99602167971631
61,49.00271606424177,62.984247115742704
61,48.9868052075729,63.005958760119405
61,48.989086897840004,62.96225368817971
61,48.99935105173049,62.98043678116624
61,48.97711941545895,63.00066484240057
61,49.04404765819501,63.00260131817088
61,49.020009795373696,62.98326993713717
61,49.000757866246225,63.0033447633559
61,48.96792075509253,62.99186890280782
61,49.001662746319,63.04602810786066
61,48.95235024964608,63.00372965224973
61,49.018831398793886,62.95619590856404
61,48.980893936710764,63.027297223954314
61,48.956633851353956,63.01147163322507
61,49.04063853633041,62.99579874548284
61,49.04501404883317,62.97909069203438
61,49.02364541805046,62.990199561807785
61,48.96741184320065,62.97523704658954
62,49.04846176142894,62.99831661683798
62,49.013217346137324,62.98202604273266
62,48.99536121868241,63.046583676352476
62,49.04609788914581,62.98769757196697
62,49.02256373291545,62.97277097210384
62,49.006964751246514,63.01793685899312
62,49.013203518581214,62.98799401083059
62,48.9934895954886,62.959793600188924
62,49.04461446914581,63.01527889398281
62,49.01796735597931,63.00391039981561
62,48.99731043065498,63.01464884268115
62,49.035155718122674,62.965194163742886
62,48.979906883893236,62.9597405792514
62,48.98411652688714,63.00307071493458
62,49.02802892926551,63.03612909255069
62,48.98117995230457,62.96473482822168
62,49.007640494808115,63.00458838730299
62,48.991191162377866,62.99173385030004
62,49.008336378230254,62.984433668994484
62,49.00120375728037,63.01456696116875
62,48.98982587850677,62.98905677500831
62,48.98057744183814,63.02307615827237
62,48.96306172635688,63.02879906111585
62,49.0058220694042,62.98924919663404
62,48.977199533980965,63.03920010091089
62,48.981983349313325,62.996561551895574
62,48.99704622061269,62.99092111024724
62,49.010906090170224,62.994452985647534
62,48.984590303750736,63.02329602780533
62,48.995222765542444,63.0274353851083
62,48.97712152539187,63.02699517959204
62,48.99653149595392,63.04062445597926
62,49.016646452811,63.00687109632511
62,49.03432288695927,62.97979415065453
62,48.99218449878174,62.99958702118056
62,49.01886382719783,63.00885600996352
62,49.0128033399379,63.00430553133738
62,49.022335738987735,63.043053377262055
62,49.03818026587796,62.990280858069134
62,49.01843844660419,62.9598505612642
62,49.011938005232295,63.015944532395515
62,49.02048004552067,62.979285751077
62,49.021033744071346,62.98976669558822
62,49.02120501676087,62.981565090756376
62,49.02494533483463,62.983504510745796
62,49.038770244056714,63.02284153623567
62,49.02178186598764,63.00097011684576
62,48.99757136749674,62.993461441822625
62,49.028372736546515,62.99927796071033
62,49.01111284442759,62.970420732436914
62,49.04374984460421,63.023386010418584
62,48.960938983291406,62.98094893284506
62,48.99536121868241,63.046583676352476
62,48.99196853178315,63.045591162540525
62,48.95788346867093,63.01796691128382
62,48.97176554663212,63.0135818149154
62,49.001984947654115,63.00924637658917
62,49.00536687060383,63.03619269446165
62,49.01769573375171,62.9735663201246
62,49.02783527545783,62.966360026800025
62,49.01074968521689,63.02650368022863
62,49.00934356551084,63.04828506718103
62,49.03152750977036,62.97451626893732
62,49.02938046216063,62.97609513474813
62,49.014499570657954,63.037941356059775
62,48.95710976544607,63.022113259684915
62,49.00970918507172,63.03717346205957
62,48.98415435040819,62.97407082197676
62,48.956274154645754,63.02341457452196
62,49.002798276072554,62.956230798422666
62,49.038965300718246,62.972407119415585
62,48.993342140652075,63.02009996420856
62,49.00607190139166,63.003698492779655
62,49.02334705512734,63.00661753831191
62,48.97160668506664,62.9727568872509
62,48.958181051090314,63.0232807412293
62,48.98208324058633,63.04525787189812
62,48.963057814747565,63.01066887711308
62,49.01885066300572,63.013771746578286
62,49.01255617449778,63.01225148073277
62,49.04466115560963,62.99141305587399
62,48.97577707982043,62.985396611797924
62,49.00304519955709,63.0469333534315
62,48.95353591811666,62.99061200442493
62,48.959623506827384,63.015396458630526
62,48.99090346541719,62.99097074572739
62,49.03234453307934,62.974474904960985
62,49.0238394242944,62.98063363747275
62,49.03310086376697,63.02564246365447
62,48.95116458811881,63.00718966680991
62,49.012803324276966,63.0009831557387
62,49.02274632472512,63.0319281244786
62,49.04242141720349,62.995470249078366
62,48.96500191318196,62.9986789289473
62,49.00097190658653,63.02119631621126
62,48.965696243083556,63.00663967177285
62,49.014223597509435,62.98926040438754
62,48.98858369390993,63.01835653170856
62,49.03108505165782,62.96302860865189
62,48.999188350772584,63.02301691815495
62,49.00219478008247,62.981436294753316
62,49.00854810296075,62.97089158112888
62,49.01492647695563,62.997925272181384
62,49.001649978290104,62.989199243607665
63,49.04184608065759,63.00948263150659
63,48.9729391240281,63.03907380516142
63,49.001502802285586,63.01956472100214
63,49.010820575602416,63.022055007199704
63,48.96504278696885,62.96718469459181
63,48.98381591645316,63.013903361032945
63,48.998775819259116,62.99403832790597
63,49.01232391489047,62.95200718360255
63,48.98300133313302,63.01188076161706
63,49.02993478855261,63.005313591231506
63,48.98820928941824,63.01635531325047
63,48.982076811212316,62.975600593128966
63,48.982048176468325,62.98056279832788
63,49.03285020609173,63.02824812384105
63,49.03635976171827,63.0039162198228
63,49.011108419427565,63.00974353630097
63,48.96900911497775,63.02177953527003
63,49.03051056487892,62.972954756155914
63,48.99301753643239,63.01472673449923
63,48.99661943956917,62.95518868862253
63,49.003855924980364,63.01712429713141
63,48.98095629688104,62.981670000767586
63,49.04350581766782,62.984033206650395
63,48.97934410653897,62.99101774479918
63,48.9942696054691,62.95240614599439
63,49.01564315053066,62.96804923052775
63,48.99798079009333,62.95431508093408
63,48.99125521989407,63.04726511307435
63,48.985064162347165,62.99366844651268
63,48.9754976328028,62.99282572842494
63,49.030198744454424,62.99731433691503
63,49.036795877300456,62.96751769134964
63,48.960129451729394,63.00919476205932
63,49.015639385488086,63.009063058608454
63,49.010641815044295,62.96296565272604
63,49.00355966145298,62.96265206898317
63,49.01219110356458,63.03291613752594
63,49.02147410596993,62.980850786757514
63,49.01655103690211,63.03268778774067
63,48.99520412107104,62.95438471950978
63,48.99640433975952,62.99121700198299
63,49.00070631277639,63.00917210344489
63,48.95501132790978,63.015814313836316
63,49.00332255665975,63.02193383528384
63,48.986929475329084,63.01661319547513
63,48.99897547637528,63.01268086077078
63,49.02281151364632,63.00550688905292
63,48.971983307778316,62.965139611072836
63,49.029703747305135,62.986980949590325
63,49.02487019520169,63.00285581186758
63,49.01192099983566,63.00053903791903
63,48.99988553715007,63.039260304167634
63,48.9876919535455,62.98126516590979
63,48.96155179251184,62.99259774666513
63,49.01852461787072,62.988779762045965
63,48.99906211116682,62.98618551923095
63,48.96611932457127,63.02925450096918
63,49.03964412789581,63.0080675394202
63,49.00335176150776,63.01028672260828
63,49.02292011860356,62.955644317992885
63,49.01233975711134,63.04556510536909
63,49.01477756912953,63.000937558241525
63,49.01344439399722,63.04426118843478
63,49.00775828628755,63.03416612723226
63,49.047665860415115,62.984974639926605
63,49.00619364055711,63.02205544115613
63,48.987320936117534,63.009542028642464
63,48.99108727688503,63.01172048411085
63,48.97058200120697,63.00622489887438
63,49.0137522463064,63.012415320603246
63,48.99717434846186,62.953321568163
63,48.97806947969729,63.01171881174599
63,49.03666567423499,62.995728885816945
63,48.96632753570302,63.029887674107
63,49.04641689856444,62.99360132982301
63,48.96294097380586,63.02262885488973
63,49.03523325738723,63.01246597438376
63,48.956561928791814,63.01691664826759
63,48.99276890327744,63.01893493728556
63,49.00119511367877,62.95564709538144
63,49.02146939385361,62.990895203787275
63,48.99196080668133,62.98348508504642
63,48.98855230665556,63.016612790150134
63,49.04149552017096,62.98713906410092
63,49.03431187924225,62.982167495599136
63,48.96900369643491,63.00868773999104
63,49.00968178052494,63.013427341930814
63,48.97645796065479,63.02802006717354
63,48.96633389438268,63.00507032833418
63,49.0046816246431,62.95432523766564
63,49.03026985816548,63.002730424243474
63,48.974324515022275,62.988922395979586
63,49.017460232274075,62.98388381068833
63,48.96448439618552,62.991645980868874
63,48.95989248668463,63.02034152588909
63,49.00780154036306,63.03676825040412
63,49.00826252556096,63.00265384781172
63,49.00668541624706,62.96234646157923
63,49.00627454430619,62.99895636131677
63,48.994478807850356,62.97146821450867
63,49.02976704987859,63.004775377176514
63,49.02654833145209,62.986799686270025
64,48.95830892181736,62.9893248476068
64,49.0323448568294,62.995203515646075
64,49.0057509325189,63.0333146779897
64,48.96232403670749,63.01685357796414
64,49.04644616214873,62.99655494982601
64,48.999324311216895,63.022029092697785
64,49.00180409589799,62.95010994690893
64,48.9878279467758,62.97214468220447
64,49.00055440410507,63.04088574155924
64,48.97942318871481,62.99105715053684
64,48.97596837861845,62.96143923221291
64,48.98588329527209,62.958074198333065
64,48.96609932847899,63.00732185564575
64,48.98464556387434,62.98302840634704
64,48.99226593277744,63.02017636206046
64,48.998144236951504,63.012043925006175
64,48.98278159353265,63.014640520787296
64,49.030990224883844,62.96839361787227
64,48.99918686718977,62.98946645879011
64,48.99790414645082,63.01277846571479
64,49.0012288987566,63.03072671271985
64,48.978541346806146,62.99479328306388
64,48.97495818806484,62.989498649901506
64,49.03224588943012,62.97978564049001
64,48.99841531863546,62.98460699795996
64,48.97885632303651,63.025535552535416
64,49.021313595730895,63.02477222743247
64,48.971436802782144,63.01264197593466
64,49.01328746348895,63.03527633051032
64,49.001662746319,63.04602810786066
64,49.0229321642152,62.96280394514969
64,49.0155841464451,62.99022103501919
64,49.003654079800725,62.998998411818626
64,48.97945868951384,62.99193296837231
64,48.97161548299664,63.00840950066574
64,49.0402026206172,62.992216868646715
64,48.979242511329765,63.03113252300857
64,48.96655929795751,63.006884266877876
64,49.04034793531921,63.01327136709291
64,49.02181532679904,63.03055557948216
64,48.99446377260384,63.028539737839544
64,49.01109866194549,62.99971187444633
64,48.988671261182674,63.018568529884156
64,49.03275031111049,63.02414675593266
64,49.00864046990617,62.96970013445451
64,48.99536273754359,62.98238571069884
64,48.991220135205836,63.04724947158072
64,49.02197487347167,63.03579400151751
64,49.011950293851406,62.981714135642406
64,48.977850644346546,62.99279258302526
64,49.005750995136,62.97230103530968
64,49.02132926858679,62.98200681706449
64,48.9835702501382,63.01487906363809
64,48.97311021254744,62.979450292601186
64,49.011686067179966,62.99303327600825
64,49.010312221929404,62.955009178556224
64,48.99178894863352,63.011051336964854
64,48.97905238754099,63.007072313641125
64,49.00233494808968,62.98334309221239
64,49.03346648743688,63.00653244486282
64,48.98491231898324,63.04254643396407
64,48.97127658955056,63.01439395222107
64,49.01558418074009,63.02593790287885
64,49.031868821570306,62.98561709708219
64,49.033855364770425,62.987469430290275
64,49.039380220527086,63.01732368819554
64,49.00208655305696,62.954341738078796
64,48.95559577769537,63.00389704277068
64,49.01670053509368,63.007585985311394
64,49.006059363276755,62.954160763733704
64,49.025613814165375,63.00183389170499
64,48.99406953101568,62.9636994040021
64,48.99777428415098,63.022804624872514
64,49.01246090066531,63.03164630110401
64,48.96261378246816,62.975377988368614
64,48.97256149872368,62.98133201905341
64,49.04106163435886,63.00534754829907
64,49.04590688925083,62.98250843929172
64,48.97530046903588,63.03392718262376
64,49.00709142862382,62.95722747004602
64,49.036486406640094,62.97998940742921
64,49.0204054031277,63.001206139271325
64,48.980850115669185,62.99562914677902
64,49.009761384559134,63.0022772156512
64,49.024576381349135,63.00384849449085
64,49.01429014781559,62.99878132047471
64,48.96156808731137,63.02715729624585
64,49.02628001630035,62.96354294732724
64,49.00324580098481,62.975381010500996
64,48.97384639600233,63.01957104965038
64,49.013870155533205,62.96127929579374
65,49.001109886711156,62.95835772506166
65,49.0470310016429,63.00341030200089
65,49.01239993887775,62.96833470599085
65,48.97928596835474,63.00815708062255
65,49.00599383226246,63.021391412440515
65,48.97270173140594,62.96116588925185
65,48.97888686461549,62.99849351798769
65,48.983619786271234,63.03587520983792
65,48.97578106603402,63.03700971281085
65,49.00735745629404,62.97763222202204
65,48.98213999740726,63.04472115456494
65,48.999234417228124,62.96209461185868
65,49.00187673824512,62.97700296948927
65,49.002751199576316,63.01396507573705
65,48.98950367853031,62.98999875582357
65,48.974482567124795,62.96605772540937
65,48.96919806375765,62.984219836475724
65,48.96941583179002,62.98487620886544
65,49.0240392748901,62.981843854221104
65,49.004402358447095,62.992931849127636
65,49.0057997305707,63.04124008700082
65,49.02582717555937,62.99615996842376
65,49.02838786654449,62.97409833548971
65,49.01759248271049,63.04045602870216
65,49.039395045976754,62.99216633978402
65,48.97357042514617,63.0369186845714
65,48.9776642602788,63.02712381388751
65,49.022892047417116,62.96294568774968
65,49.006857431658,63.00361533179418
65,48.98914694528965,63.02175770715399
65,49.02203258160103,62.982021403643856
65,49.03985259736893,62.97897126312111
65,49.02091243495236,62.96824923627831
65,48.98057460612122,62.990602608582925
65,49.000405059908395,62.969813833364604
65,49.03654268386152,63.017656620547015
65,48.95184713740282,62.99165429145011
65,48.96560816527242,63.02015052094978
65,48.97699395366255,62.957504905682136
65,49.0247987445478,63.02656909573195
65,48.9859742836481,63.0260980863817
65,48.97606163919006,63.00109919750512
65,49.006245084080405,63.04106227931989
65,49.01549653832447,62.96718753599736
65,48.9998613875161,62.985249045490555
65,48.98707774780331,63.02359357868131
65,49.01301577158061,62.96211551174651
65,49.03468716371442,63.001345835607424
65,49.02814902945018,62.97616241853351
65,48.9761020991456,62.985571752107575
65,49.00303099810799,62.9976098578263
65,49.02504688331441,63.00505700229628
65,48.99883691673632,63.03198504116411
65,49.0202427881311,62.972897714782945
65,49.02263118903951,63.01901484188322
65,49.019274378500036,63.0002817145576
65,48.97882481088781,63.004633796087035
65,48.96317443278078,63.02285494753581
65,48.96965410531936,63.029948747206156
65,48.9585171909655,63.02066272501432
65,48.99042094795737,62.98362604491992
65,48.96375624162655,63.02422749933774
65,49.041827078235286,62.9752389735013
65,48.965836219251486,62.988092961574736
65,48.99671173915275,63.03916856390597
65,49.011873033925966,62.99483236782375
65,48.97253976001637,63.01457636511354
65,49.0371606259577,63.01767687877315
65,49.01729164700283,62.974986865730656
65,48.96474048972652,62.97080155188867
65,49.013773115078415,62.968777805886546
65,49.01814356035146,62.994497855141034
65,48.98386902832383,63.00539260819542
65,48.98629388289412,63.04258096121933
65,48.96646462756934,63.02384881208024
65,48.967377703472344,62.96653798297782
65,49.02361459811135,62.99644743787251
65,49.01469776976584,62.9992378098077
65,48.99004022102375,62.977241150712466
65,49.04532061232681,62.98194573970173
65,49.04605010042234,63.0129070629917
65,48.980793890997084,62.96329434568238
66,48.98739718615631,62.9899619333812
66,49.008635829200365,62.9811338709882
66,48.9849920932539,62.997105825680045
66,49.03816025545484,63.00306933182365
66,49.00272708475809,63.01275192366057
66,48.987034869720674,63.00447888245361
66,48.9681114074534,62.988263809662726
66,48.99250572949759,62.97412625417609
66,49.003396098713814,63.03316522196846
66,48.99216881842543,62.96388092655864
66,49.0227781632389,62.98172924425886
66,49.0022782008185,62.98301264361342
66,49.02942221350138,63.022741582462196
66,48.98586230419012,63.006808197739204
66,48.998347024612535,63.010086351949
66,49.01803019497474,62.967292592303544
66,48.98653672535303,63.02095272031682
66,49.03208048329768,63.01845780735128
66,48.99645607672635,62.96341367720072
66,48.993691753302976,63.04812063533712
66,49.00082445761322,63.00348844121625
66,48.99551104743699,62.97987992716694
66,49.026934139683085,63.01213399761943
66,48.98639379661695,62.95682913381833
66,49.04179553618594,62.995986573648516
66,48.996250431268564,62.98936920024192
66,49.00982238148498,62.95368986302274
66,49.03572345624058,63.02786688095648
66,48.98675555707539,63.021325335189964
66,49.03525238034997,62.98422775196797
66,48.99545077796104,62.986974782611874
66,49.02665434951706,63.03646669878034
66,49.008442694127694,62.98736420423974
66,49.044716882040014,63.02074740113113
66,49.01314422338418,63.02311407689016
66,49.03339934276948,62.992307903111666
66,49.0164513459963,63.00096205548288
66,49.002095837246536,63.04384375818872
66,49.02902433056345,62.982512846990666
66,49.03646157080842,63.0316025906938
66,48.96225304931332,62.96908809171242
66,48.995065711012245,62.9540218379584
66,49.02423492496031,63.02508297613087
66,49.007280247550455,62.982713422979664
66,48.95339077643052,63.01434374615817
66,48.96923423088723,62.97432801419342
66,48.96527538681929,63.00354200610411
67,49.01105593649949,63.03750023176859
67,48.99396249030317,62.99508134523504
67,49.03094330300745,62.991996988289046
67,49.028088366649456,62.99411115686479
67,49.01461574788921,62.95484826856236
67,48.977427561810636,62.963748291735605
67,48.968314157399966,63.012552799298646
67,49.02193359966843,63.00378500762355
67,48.98265068246367,62.993983200840816
67,48.977273279908054,62.966762935122865
67,49.00851676414426,63.04519291223243
67,49.00214847543068,63.0317346041448
67,48.98398967370793,63.002981584647436
67,49.001130077518155,63.02961526896741
67,48.9756942197754,62.98666504315682
67,48.993913467668705,62.9872038047561
67,49.00914941683076,62.973547883406646
67,49.010234224879085,63.00817994714701
67,49.041671064319,63.012143238596174
67,48.99963012157067,62.985147172683455
67,48.999009488721995,62.985797374732435
67,48.98239236490206,62.9803784744504
67,49.02323317074443,63.03770925572833
67,48.96730889276308,63.02484641790609
67,48.97409431137362,63.023485256981616
67,48.97604746094899,62.99402720282464
67,49.006327292574206,63.04790930810497
67,49.009906921930494,63.03125908164301
67,48.995532827345805,63.02284948524634
67,49.00912318745336,63.043746277862105
67,48.98559842707557,62.961793911370755
67,48.982662500513754,63.00463782656487
67,48.965863954865014,63.006324821948716
67,49.03366707059849,63.00922907167356
67,49.01875976058945,62.97712181282649
67,49.00984960074268,62.993969876407355
67,48.990515203829496,63.03076352685374
67,48.99097596584252,63.04752468190683
67,48.97275802599784,63.01259338124961
67,49.000709130404026,63.011810279674144
67,48.97393838450907,63.028550044303906
67,48.99022219777478,63.04541146426256
67,49.03630991989331,63.00951321982352
67,49.0146564311601,62.98333668507226
67,49.03354390592318,62.96627610076161
67,49.02634087365126,63.00332536265407
67,48.97251184617205,63.0097531413438
67,49.02110423134752,62.98261998715951
67,48.95816522037892,62.98509843638871
67,49.00067841699889,62.99366407906795
67,48.97787459645767,63.01376674699583
67,48.99457540959485,63.031031427363395
67,48.995333543480776,62.99508370016402
67,49.01405983758253,63.00007412642223
67,48.972086651037436,63.00694250955359
67,49.039793298243865,62.99310935420125
67,48.96063128562919,63.01202650766178
67,49.04641689856444,62.99360132982301
67,49.00666088798018,63.03742054637587
67,48.98612802224531,63.0134104428355
67,48.99692824064609,62.972317883946566
67,48.9633258074685,62.99320445250913
67,49.02695063826427,63.00031489129514
67,48.9563909022889,63.00953854882714
67,48.970816336060835,63.01568834161098
67,48.9676535537689,63.028740485022574
67,49.015070753208114,62.99501683764408
67,48.95983237067022,63.00304538334842
67,49.011583323769855,63.023976354197345
67,49.03536502956076,62.97391344464912
67,48.98428579439557,63.03058171874009
67,48.970885019177715,63.01712151903289
67,48.99540085585083,63.01652860959407
67,48.983470081114525,63.03756680470065
67,48.990701395765214,63.03497826554393
67,48.99445298122935,63.028517512774066
67,49.03078577136044,62.984854516771854
67,48.99784051175823,62.969037067438514
67,49.0415961484495,63.006043168869724
67,49.03162015662626,63.009576964069375
67,48.99412813647489,63.009570364347454
67,49.018953006480174,62.97130777668206
67,49.0127925982627,62.9699970039219
67,49.02011335963635,62.999121259320624
67,49.03073406214929,62.976446515523186
67,49.018546282873686,62.99366681834472
67,49.010887142331526,63.03172076894663
67,48.96986704863132,63.002868693504425
67,48.993203503308635,63.012807717592054
67,49.013912002648155,62.989089062907624
67,48.97268516485959,62.9714233088137
67,49.02656778056052,62.95858908457671
67,48.98764457565177,62.98262946305259
67,49.0146564311601,62.98333668507226
67,48.97854195573695,62.979057873859176
67,48.995292895451016,63.01469015071881
67,48.975763286580545,63.01192484666056
67,49.00152091549027,62.99528624008446
67,48.98920336082835,62.95129881073964
67,49.00681747976183,63.04588280569777
67,49.01772952189862,63.01526471190625
67,48.99704791591118,62.96786062069495
67,49.02341238506341,62.96758189762953
67,49.04696930570365,62.989617370010514
67,49.004224071445634,63.01735243219731
67,48.96503821400555,62.99248046292033
67,49.01841522863254,62.98903992666669
67,48.96775015271868,62.99029674757232
68,48.97087476106999,63.021314670065074
68,49.02006575573234,63.00190133716662
68,49.01077642599188,63.00066568413647
68,49.042907628783894,62.98660111657012
68,48.965682751512766,63.00445160620199
68,49.03351398488504,63.03307664838196
68,48.95936013081578,62.985723281799565
68,49.01370123603971,63.01031836868437
68,48.97710319207924,62.956871118676965
68,49.01471743277331,63.010721851499255
68,48.97987591296764,62.99413653343187
68,49.001780285437846,62.9570648872544
68,49.00091472968664,63.0226372676824
68,49.02277845509268,63.03022588292706
68,49.02072224474305,62.98266111805348
68,48.98944258275945,62.99822413274465
68,48.96560816527242,63.02015052094978
68,49.044723714886175,63.01510893859634
68,49.009854114528174,63.009295138287364
68,49.02460470202141,63.02958668280548
68,49.00579566933703,62.99924867054864
68,48.987406840436066,62.98695672408657
68,49.00605693365713,63.01489764360372
68,48.987122859212285,62.95695386986304
68,48.98594813537525,62.96299658897476
68,48.955675470796585,62.981981216477564
68,49.02649449891503,63.030902191585504
68,48.97417719263836,62.95991966330494
68,48.994495173937096,63.03208803945456
68,48.99031432875573,62.992419184799054
68,49.02096722542082,62.97371957846898
68,49.00933356730884,63.02288193458796
68,49.04271846022643,62.99588775535022
68,49.00128833751384,62.99416380773249
68,49.015017805035434,62.997909979445126
68,48.99422019393817,63.012974669629905
68,48.98052448151796,62.95701554685814
68,49.027186866983286,62.978208379999295
68,48.985929311408725,63.00869384155745
68,49.02581428471092,63.02159019204802
68,48.98536347876176,62.99479312647849
68,48.97784999037774,63.02435073203732
68,49.00540143345819,63.022706777022144
68,48.984085035979284,63.00072508870743
68,49.038496393714155,63.01141855478056
68,48.96788271473774,62.99364805441684
68,48.99248648314136,63.01736245706518
68,49.03335936927185,63.02008570093138
68,48.96239045056614,62.97715106681331
68,48.98234475624819,62.997318306095686
68,49.017302417958554,63.01268607767711
68,48.97057435551977,62.97966548236976
68,48.993002001974865,62.96312278733967
68,48.97223879374247,63.03473323116435
68,49.03846003958709,63.00538347102894
68,48.992511221870565,63.04412664097017
68,49.00396279742461,63.021650193981756
68,49.03846121409349,62.999071865271624
68,49.00909975813334,62.9797605480399
68,48.9741487874794,62.978464338179066
68,48.98890342276576,63.03859402637323
68,48.98174778006016,63.03411330544569
68,48.959625940253304,63.01945041750283
68,48.997191265075195,63.02055567177343
68,49.00622454094255,62.98779152369563
68,49.04501404883317,62.97909069203438
68,49.02893141296535,62.979630911898376
68,49.00977526573036,63.043722927919774
68,49.010537116603416,63.00418415686424
68,49.017019478232754,62.9645038835262
69,49.02164316638098,62.97394057579139
69,48.965839498563994,62.97982852530338
69,48.97373947063572,63.02855797912141
69,48.99218449878174,62.99958702118056
69,49.04780706974017,62.98861584118209
69,48.99307089975625,62.99323437358294
69,49.02769922768979,62.96494198029254
69,48.95772361969524,63.01659735119289
69,49.02120917503369,63.045015523113285
69,48.9766034440418,62.993350146829634
69,48.99767105297672,63.041279699225285
69,48.956091605252425,63.01743569656885
69,49.017157359702075,62.98378245168622
69,48.98037109034844,62.97933768245872
69,49.0037954224458,63.000257500935454
69,48.999688925814716,63.006461583895685
69,48.99753110613028,62.96726361473909
69,48.994567486696745,63.04141752011406
69,49.041207614740614,63.00734963900692
69,49.003911008449805,63.012479451475414
70,49.019093429331186,63.01944104586207
70,48.975962432231185,63.00928708855904
70,48.9717410513123,63.00575272777463
70,48.99396249030317,62.99508134523504
70,49.0117332817275,63.006308030635275
70,48.962618895948616,62.983428584884706
70,49.02294467684117,62.999121371691416
70,49.00252852153526,63.013371673374415
70,48.97513166021644,62.998100267836094
70,49.03980990133497,62.99360761445536
70,49.02783284191713,62.99779479154837
70,48.97815481078646,62.99990072931755
70,49.0152307872308,62.99796162529753
70,49.01713071173478,63.01845993600659
70,49.016367682264615,62.98076514598762
70,48.97869053277862,62.97362586227493
70,49.02166514973096,62.997961563542326
70,49.034744898536076,63.02583676511948
70,48.97264037025957,63.01783275730156
70,49.040027957839605,62.9831325824551
70,49.00100072627981,63.01667318577659
70,49.019149441516056,62.99124572099223
70,49.03017547115286,63.0353403855853
70,48.975774552224635,63.03632067050173
70,49.04580055317954,62.994540490064296
70,48.991968421514514,62.99796931885576
70,49.01849409625101,63.009641940007235
70,48.97576248124551,62.97323809747386
70,48.9798811799155,63.03615387015659
70,48.95352915635932,63.01261216897929
70,48.97445196158966,62.9747767849244
70,48.99033074280577,62.98394318544957
70,48.99305018586035,63.003901863845336
70,49.03022169005385,62.96932611611353
70,48.96620028040652,63.000352559952574
70,48.9693124143869,63.037989244565786
70,49.04605175953281,62.98584266992508
70,49.03721142791778,63.028391728220264
70,48.980135297825065,62.954379663341165
70,49.01912558248082,63.04021775386684
70,49.00435077887675,63.023757183360125
70,49.0284192799196,63.012556280710484
70,48.952586554347405,63.01442502647315
70,48.996871826995495,63.040493136273014
70,48.99774353216877,62.99360390696167
70,48.99610666463859,63.047237548294845
70,48.99424748162956,62.99798913272469
70,48.99540455002633,63.02873945056534
70,48.994932028499875,63.0493803653418
70,49.01319202586486,63.01508585597861
70,48.98767306963297,63.040309895820656
70,49.0424553230536,62.9824379607459
70,48.994999244171304,63.020629849896665
70,48.996633184151904,62.96064708242705
70,48.95589140793838,62.97746526979766
70,48.99561354860069,62.98117992530997
70,49.00170964969647,63.035313102230546
70,48.986990469960816,63.006117167195505
70,49.001385059226415,62.98186273540277
70,48.98118750196782,62.99545287652686
70,49.04440744308909,63.02148485001878
70,49.0496775005192,62.99638761545432
70,48.96469380290945,63.00207105290513
70,48.973990530601625,63.02349124342843
70,49.00912082264952,62.976624746227884
70,49.0243103928598,63.00831169053332
70,49.01234059980993,62.96187633382802
70,48.99192998911411,62.975877440499644
70,48.991578111742996,63.04286963197582
70,48.9925917922937,62.96394908471788
70,49.0255540860707,62.981032627405995
70,48.97796393439986,62.993775817633875
70,49.04040820801656,62.972163209281064
70,48.98342673157988,62.99562624362261
70,48.975920723369796,63.006962839325766
70,49.00175264153979,63.02464591459414
70,48.991107049566615,63.00761834302187
70,48.96468613753664,62.98507526293301
71,49.02616017556363,62.960022438527446
71,49.017952053936774,63.00742475266264
71,49.021480060275124,63.008122264514384
71,49.005519006729514,63.02923754648694
71,48.99630780459508,62.98636206863296
71,49.02709600288149,62.974119765843824
71,48.98052448151796,62.95701554685814
71,49.004551992824105,63.04417174290338
71,48.998652753522094,62.99942120990296
71,49.015682034992665,62.99554745121162
71,49.041460558725035,63.00386528870404
71,48.98278159353265,63.014640520787296
71,48.977224975171225,63.041477388518324
71,48.99777428415098,63.022804624872514
71,48.99123510313346,63.035987814695666
71,49.03689821830011,63.02969012558014
71,49.004594476362875,62.966623720965195
71,49.0101615854647,63.044138738141754
71,48.96451215093287,62.98038659633461
71,49.02777661179002,62.991923023791955
71,48.967208300229416,62.97022981489611
71,48.99757010441577,62.985251260290944
71,49.0277447187196,63.0264632897311
71,48.99704906520796,63.02684723372056
71,48.99157586851567,63.01710632595584
71,48.97170220620007,63.02617628055427
71,48.96783199407825,63.031575957157635
71,48.99927060479527,62.96492420575322
71,48.97878163970601,62.98833094339722
71,49.02091243495236,62.96824923627831
71,48.99651685786563,63.006196772484735
71,48.97453818733333,62.9976597436882
71,49.03306209279822,62.9993016628315
71,49.033801931916436,63.03134383393997
71,49.000757866246225,63.0033447633559
71,48.976478997954295,62.9966941699616
71,48.99147610351834,62.98270465840454
71,49.01008990072483,62.96561435322022
71,48.96994766519844,63.017932189678035
71,48.957339753073676,62.99967111283596
71,49.03353356618797,63.020043572846966
71,49.0315258167373,62.9758820775673
71,48.98232338857609,62.97780300770571
71,49.00115718424717,63.01819109316873
71,49.00162937681439,63.02029517509146
71,48.98407480331833,63.038916567110775
71,49.02636973776988,62.976010621061356
71,49.029602674266684,62.98361282690829
71,49.00303706789617,62.97175614586028
71,48.992711862645095,63.00339714568831
71,49.03377404359482,62.97001805040306
71,49.02259803342894,62.96940719149784
71,49.031699271550806,62.96630712736893
71,49.03880289972528,62.989992467201894
71,49.005351327111164,63.021768898316346
71,49.01119112935081,63.04792968704275
71,48.98019818155503,63.02244190929932
71,49.02570363643397,62.964738578084464
71,49.014383112742756,62.95932747119324
71,48.95355745640548,62.99660231523932
71,48.97268516485959,62.9714233088137
71,49.026331317978226,63.036712791774654
71,48.96978229087529,63.02785170162619
71,49.03202288224152,62.98850048997791
71,48.97764816819878,63.04236509070025
71,48.95828577862244,62.97493255579996
71,49.01232546952617,62.98947783740107
71,49.00502124035616,63.02751250347072
71,49.03875650473275,63.01904607136101
71,49.03662503017935,62.97065616067913
71,49.01947258448181,62.96523486824905
71,49.04300726251791,63.02393953755122
71,48.99978657551406,63.01626915832069
71,48.95987679526949,63.01693306639492
71,49.02798336559515,62.960470154229334
71,49.04458711013547,63.02261707427864
71,48.96143592143489,62.9927045021599
71,48.99466961837372,63.01402099321406
71,48.965682751512766,63.00445160620199
71,49.0402062838173,62.97747292731199
71,48.95363502939912,63.003114706565576
71,49.014246948535245,62.954646889543326
71,48.99068740881149,62.95406041643334
71,49.020516288670635,63.00245113131605
71,49.044067463396914,63.0199166971734
71,49.0266635360814,63.003712855436795
71,49.0136598551045,63.044151733511285
71,49.00811175332971,63.012086566719624
71,49.01444397171814,62.99149941669625
71,48.985246550883325,63.004904136364004
71,48.9888525794235,63.03640333875879
71,49.02807738116156,62.99759407959441
71,48.95561998210758,62.99152568317464
71,48.95723314561795,62.98796441414867
71,49.013520344845354,63.025962318004005
71,49.04195675781532,63.02170422028916
71,48.98307804703107,63.00482304424462
71,48.978366860579676,62.97857740421216
72,48.97847578544382,62.98860517059163
72,48.96407544602644,62.979663330953244
72,48.99447775686733,63.00084686986768
72,48.98235170744862,62.99070929799673
72,48.985845297119624,62.96302027761029
72,48.98390139832701,63.030862500912555
72,49.01091111574944,62.953528387477995
72,49.01765764348726,62.996601010014224
72,49.011698455405586,63.02761194845898
72,48.96935683117327,62.97785601506842
72,48.959446339224876,62.98774793280563
72,48.98588329527209,62.958074198333065
72,48.97106119010149,63.02508830406066
72,48.98145166468516,63.03379276948614
72,48.99798079009333,62.95431508093408
72,49.02212486280683,63.02486922695178
72,48.98137889028923,63.012694537685256
72,49.0211428738343,63.00273006574722
72,48.99426206058848,63.02740422668699
72,48.988307641654735,63.01780634489641
72,48.97859088612703,63.00356163409089
72,48.99971376328193,63.02417190070519
72,48.95368089115906,63.015634097445314
72,48.99333593201839,62.95682384435402
72,49.04368041758502,62.99690090817117
72,48.95801627468695,63.00955625555292
72,48.962618895948616,62.983428584884706
72,48.99294277070384,62.993476423361635
72,49.030525771384205,63.03586605536119
72,48.995476465898086,63.00075806043484
72,48.99396388890572,62.98785971324106
72,48.956034638534,63.02356415583142
72,49.044972989267535,63.02129614005957
72,48.96445791852378,62.98876754924836
72,49.00131964356353,63.00228316733062
72,49.00629773086154,62.979054074818414
72,48.99469553597982,63.046867229619444
72,49.010301993466705,63.0148341147903
72,49.02720377002929,62.995061804770295
72,49.00722408547787,62.97995246946732
72,48.95407844618023,63.00172267448483
72,48.99930998191078,62.98938512114073
72,49.024446773905844,62.964681326474064
72,48.998723971831815,62.96288088640333
72,48.98613081839806,62.9776879958351
72,48.98719148786692,62.953720130231765
72,49.048024264421684,62.99580652157958
72,49.03052133384434,63.0014911422573
72,48.966132244389094,63.0028487046796
72,48.99503687856687,63.00345747654456
72,48.979547483998346,62.98648424257805
72,49.01234106571111,62.98730693449297
72,49.021581556153,63.02074272657289
72,49.01355486038159,63.014878254118145
72,48.97849633085529,62.98870288437121
72,49.004170624602835,62.96589551795932
72,48.970182534456455,63.00617410926577
72,49.00147012586339,62.961794933836046
72,49.02708040006524,63.00721190274688
72,49.016419495222294,63.04325980230927
72,48.96350518635152,62.98839936687201
72,49.01537460181002,62.98854151359472
72,49.028500806743494,62.972124835902825
72,48.988472313873196,62.96157901194022
72,49.00657656903861,62.98232348234742
72,49.033812807288264,62.98736599001957
72,49.001545750625915,63.02632990524947
72,48.998408784768905,62.97951831223756
72,49.01059445108648,63.02708658139186
72,48.97237688544001,63.014833389594585
72,48.983931616563645,62.98084167686759
72,49.02339452660859,63.007857809667705
72,48.98313718146471,62.98353059183156
72,49.012191181808525,63.026917328340055
72,49.02185560754867,62.97668762831508
72,49.03468283171367,63.0145407308579
72,48.9850921524933,63.03133110466348
72,48.97662489332901,62.969962919399045
72,49.001662746319,63.04602810786066
72,48.962637272326816,63.02729217992395
72,49.02607627309824,63.00145578706376
72,49.00367674317052,62.96866396346291
73,49.03893340383222,62.97993956205568
73,48.97018089490046,62.979434394268544
73,48.99094627066898,62.98893922208926
73,49.01123519197068,62.97705496738463
73,48.988677582386856,62.95598113569027
73,48.99565654982079,62.9697106129258
73,48.97869232232795,63.016501519260395
73,49.01513752458815,62.986445567657654
73,49.02396231566829,63.04164517817115
73,48.99122715938837,62.98656112471137
73,49.00490502595564,62.98289296630317
73,49.03472094482264,63.02580378059285
73,48.98061956797408,63.03752558060572
73,48.98570740087396,62.98506072460116
73,48.99771972262272,62.967865928774785
73,49.0194858233274,62.98638888266603
73,48.972715259316026,63.03238549101084
73,48.98634541230379,62.973792947647375
73,48.984796060614784,63.0406603268929
73,48.97361324917169,62.95962179778067
73,49.00987454086125,62.9862121259666
73,49.007856192263276,62.966314224287025
73,49.03632816065372,63.026017298691
73,48.99549049726472,62.9775403701318
73,48.96293316141142,62.979551172127884
73,48.9836484298925,62.992179601838885
73,49.01237355115541,62.95324301986425
73,48.987442320173265,62.95887580239955
73,48.997493850721014,62.993917714344164
73,48.96601045094888,62.999689013076875
73,49.019218477163285,63.03142001271046
73,48.99728736040184,62.965178257442076
73,48.99608410157776,63.00715684660289
73,49.031648725044434,63.010306123897514
73,48.97216197507673,63.01500840166253
73,48.99260436434102,63.00934743669498
73,48.954625527331686,62.99936507654529
73,49.04048657358302,63.021591799139884
73,48.99362313227187,63.00748640473721
73,49.02384527538314,62.97205366432393
73,49.00966241130217,63.03956635351902
73,49.02646136911304,63.03675127865648
73,48.95571341786362,63.00148927102715
73,48.99121897226939,62.98748447839009
73,49.00100072627981,63.01667318577659
73,49.0126819063386,62.95532815495112
73,48.968819583139485,62.9813859497994
73,49.022994225080964,63.03575551282059
73,48.964178400907095,62.978142242139334
73,49.02750960198392,62.960768598222025
73,49.048501574167744,62.9903379441852
74,48.99888570345641,62.997971039506744
74,49.010046106292926,62.97870614265767
74,49.00140923388784,63.02377986179718
74,49.019630441916526,63.011013420718186
74,48.97841505080438,62.97669611982875
74,49.00714866090841,63.005370617017185
74,49.008375862261225,62.96956158336913
74,48.99820859909793,62.96108685766654
74,48.98641212333467,63.01931529307237
74,49.02029976404424,63.00740155396712
74,49.01864505385414,63.014198574343155
74,49.00208527911839,62.9710585610103
74,49.03987429451717,63.00619435691881
74,49.013512877984034,63.021651079368986
74,49.03078292031675,63.03266742379356
74,48.97061989796636,62.99474126298721
74,48.96824924598176,62.98624435455675
74,48.970861281320154,62.989938459450116
74,49.034868601146655,63.01902731650451
74,49.01432887906978,63.0135604438469
74,48.98144075707075,63.01169310061426
74,48.96443399228117,62.989075174812534
74,49.03536502956076,62.97391344464912
74,49.00786402422205,63.04327025307775
74,49.02771463215529,62.99873432071437
74,48.98212358439424,62.96478028404617
74,49.0427667164832,63.010785365047326
74,48.9844766778307,63.01205341072969
74,48.987156985039825,62.9777465418397
74,49.01622216765572,62.97280833233614
74,49.02056893053356,62.989985941839926
74,48.96109229563145,62.985952396776845
74,49.02842866812449,62.9999380199086
74,48.993788049861514,62.957313984681186
74,48.9897161337179,63.02727734655374
74,48.99717509210474,63.0049689848059
74,48.97068760093995,62.971890976306604
74,48.979950335384615,62.96508735803097
74,48.965764307323205,63.01212513947915
74,48.97688895490142,62.95981471794852
74,48.977776868233576,62.99376819637981
74,48.99038479198454,63.041371367346386
74,49.017894991091175,62.997729871018755
74,49.04173091960172,62.98320555724197
75,48.96042156705313,62.993898807194
75,48.99739450398516,62.982431125535
75,49.039481724447135,62.975096610392114
75,48.985540212773365,62.99836992415634
75,49.01858473809884,63.036378811815695
75,48.978289981691226,63.03694227314825
75,49.02669347139529,62.9710415743133
75,49.04173091960172,62.98320555724197
75,49.021670668812696,62.968413594674345
75,48.984345206226806,63.00909262023636
75,49.01383493368839,63.04693686455024
75,49.03382358507226,63.03605762982597
75,48.96580167734764,63.01385262926369
75,48.98675611077613,62.99979729504684
75,49.00026848369553,63.02685559375292
75,49.01957759095389,62.99443897278718
75,48.99128221707907,62.97929544845009
75,48.965925937713806,62.99942182945286
75,49.00713932549238,62.953119523770056
75,49.00779792539304,62.9880622613917
75,49.01973743183527,63.02518186758857
75,49.01429791137556,63.02506083110505
75,48.95486011983865,63.00373903652845
75,48.97127009637067,62.97565170067842
75,48.998540582860386,63.00042230151459
75,48.97976851987567,62.99213331708465
75,48.99660356226229,63.023997180315355
75,48.97535699687389,63.010738422988375
75,49.0372793390355,62.98946807744136
75,48.98821614558403,62.9514167301479
75,49.01967974178938,62.99625827236034
75,49.04336206325606,62.994563045353864
75,49.04794063318919,62.99125900405737
75,49.01066888474451,62.974411521047024
75,48.96391122673071,63.030608562155386
75,48.96661675911641,62.970092808932606
75,48.98719489851751,62.967677115091305
75,48.95190726114846,62.997101765730285
75,48.99667984923807,63.04409621605277
75,48.98161735619251,63.03395408435022
75,49.00896032504097,62.99639980117097
75,49.00793142210909,62.99337904227197
75,49.025575452746466,62.99096651376677
75,48.99807125386406,62.98211749214897
75,49.00541860725654,63.022657430104275
75,48.99815781124537,62.980647204021416
75,49.03565952767961,63.00227043399347
75,48.96050864051124,63.00921766152829
75,48.980893936710764,63.027297223954314
75,49.005704368316586,62.95767918124418
75,48.9732959715947,63.002586321477544
75,49.00888886266615,62.95944072065731
75,48.999351016430154,63.02114984729078
75,49.01951994984805,63.00512451565299
75,49.042907628783894,62.98660111657012
75,49.01517212684953,63.047383673926454
75,48.98677914153952,62.96461736199468
75,49.03563810018351,63.0154679662897
75,49.02472959827232,62.99575687931318
75,48.968261561628346,62.98298029347435
75,49.048577729499485,62.99789964704119
75,48.982048176468325,62.98056279832788
75,49.0250024602372,63.00719895606716
75,48.98293912317657,63.02412025476252
75,48.99342237692373,62.976961474791835
75,48.98114953346811,63.00109780220598
75,49.00878666202369,62.99615746704007
75,49.016376660781866,62.986674024981255
75,49.002864616845294,62.98335780864638
75,49.02382223748684,62.97645352295721
75,48.98120218903535,62.99035414361499
75,48.95554474533416,63.015273568787705
75,49.020625486736485,62.976520569263755
75,49.03442708616655,62.993245146226585
75,48.9745131513743,63.00353602925867
75,48.998495971980674,63.006629216618855
75,48.96880327428101,62.989001441480255
75,49.02613420582374,63.035232207180826
75,48.959319926109,63.0034889275326
75,48.96249926281634,63.017386555142565
75,49.009722361620994,63.0194661528599
75,48.99120533172628,62.97973733202025
75,48.95500412772486,63.018994756728794
75,48.99084376818601,62.998066553638786
75,49.02259549769314,62.964672024886156
75,48.995226173126696,63.0040443456069
75,48.97622779899787,62.99781098654527
75,49.021033744071346,62.98976669558822
75,49.02406789403028,63.01172327275375
75,49.03819141695458,63.018085602244064
75,49.01997517481758,62.9752697830059
75,48.9661927528338,62.99070798123035
75,49.022368852156134,63.011986514781164
75,48.99621389740145,62.99692444249116
75,49.01881652423499,62.970132902055084
75,49.028810123781135,63.01529874249789
75,48.98685095085846,63.01443090346022
75,48.98453986218337,62.983803349834325
75,49.04160590581757,63.001978901421914
75,48.997775900333814,62.97817589714471
75,49.00729515559783,62.97867138063433
75,48.99621389740145,62.99692444249116
75,48.99784038515734,62.974474812019636
75,48.99866956970917,62.96608354143914
75,49.00235260872392,63.0105018667913
75,48.990123241376736,63.01665812229273
75,49.03106006308104,62.9901994268248
75,49.009249528901705,63.01730373579347
75,48.99802902042458,63.03605692751193
75,49.01223791497298,63.02790967977664
75,49.016536153941445,63.01718754065825
75,49.00092031609388,63.013393375366974
75,49.00681747976183,63.04588280569777
75,48.97582182370562,63.01797939507508
76,48.9874439133528,63.03575499361954
76,48.969820534256016,63.01553535207593
76,49.00015278912595,63.01389356493719
76,49.00770585852753,63.00132634171411
76,49.00012146775,63.03893607377037
76,48.99615914463197,63.01496754608793
76,49.04379142609706,63.00551209939289
76,49.02352420561687,63.00373502061896
76,49.018763458791824,63.01127784728649
76,48.95734417262892,63.015241479050935
76,49.00808945082367,62.991230807314295
76,48.97675627594447,63.0025056861547
76,48.96912023086129,62.978246406512696
76,48.981448047431016,62.95768832038661
76,48.98494136058968,63.02921142106573
76,48.98045118435696,62.99534656016119
76,48.966948269884064,62.96905839146259
76,48.96647935057759,63.01865427069993
76,48.993189996500874,62.959639693416854
76,48.9768188049524,62.978387662445066
76,48.99684621592872,62.966255053763824
76,49.03680668360394,62.97444748101617
76,48.979757884527345,62.96049067413612
76,48.952042003902285,62.990648766118426
76,49.012282929043856,63.033952052163485
76,49.04674182707612,63.0152485505982
76,49.044959406912234,63.000874502957885
76,48.99466902249404,62.997943990219724
76,49.0137594088484,62.95587157331867
76,48.987877012336455,63.0211860586193
76,49.010692840953325,62.978672148630345
76,48.98427347443268,62.97963466307722
76,48.97235050446769,62.97490367497331
76,49.00360300158974,62.97551983551515
76,49.024213206436016,62.99856158548707
76,49.019916115936006,63.02321692422837
76,49.0043823771858,63.03379798651239
76,49.01181250416563,62.98689550773005
76,48.98798857652028,63.037918865177495
76,48.989698854820865,63.03725048644904
76,49.023864100343,63.02650919097903
76,48.989985028582424,63.030430339019084
76,48.95121907051866,62.99437082957927
76,48.98895727776546,63.00803985371518
76,49.04337344238585,63.001602218571875
76,48.986375496912366,63.011492300890644
76,49.01823656990057,63.04107132790428
76,48.95094987372696,62.999235345573744
76,48.97217107303163,62.98969141993186
77,49.02951549614771,63.007029801107656
77,48.96188473299471,62.984084837266366
77,48.984584746268,63.046282726943986
77,48.997493850721014,62.993917714344164
77,49.03192075154379,63.02422182385322
77,49.00223690674422,62.97822357909432
77,48.96467285123141,62.98117973949697
77,48.973017683815876,62.96476172695033
77,48.961051466239454,63.0273923441982
77,49.01097147918901,63.009012182798074
77,48.97265169632814,62.994426915330855
77,49.01460409725393,62.98224437787606
77,48.983298605441036,63.04094129060717
77,49.01124486726145,63.03102159321616
77,49.036539584289706,62.981197592041305
77,49.01516758444583,62.99144054199267
77,49.00944603046699,63.02628984069619
77,49.03447716444089,62.98115597918118
77,48.970831961785436,63.00382755000847
77,49.00312123658659,63.02605210132574
77,49.03236776734296,63.03072222642016
77,49.021090773296145,62.987477015169745
77,49.0442190084791,63.01259119771898
77,48.99321815266445,62.955804914724766
77,48.99127376841773,62.99374695481523
77,49.007780626406635,62.95882964253228
77,49.00027073776421,62.98409620670388
77,48.981894385975835,63.0304657039362
77,48.96453878105384,63.0081157556689
77,48.97804231979957,63.008248314295216
77,49.031341166495345,62.986613919943146
77,49.02801123164096,63.013341849127535
77,48.96050070923798,63.03065088212212
77,48.95796840423966,62.99273408532711
77,49.003428792885344,62.986013023321966
77,49.01449909432589,63.02644086402192
77,48.964789352839844,63.024809599589844
77,49.001291233018165,62.97839180206491
77,49.002534338244885,63.042846506443716
77,48.96083563012205,62.9959650893466
77,49.03232632556883,62.98133675808927
77,49.03160549297091,63.02333513871907
77,49.01406760029772,62.978858452583005
77,49.0420659013282,62.998036208906335
77,49.004060607199754,63.02394622915304
77,49.004263071307676,63.03525591746149
77,48.998830558283586,63.04925740640451
77,49.00577329312694,63.015777859984695
77,48.97172697720031,62.98454827997232
77,49.04514136004446,62.997343705491225
77,48.99205034592662,62.99101547990778
77,49.007215363605546,62.9988339497211
77,48.99130261747863,63.02562295437196
77,48.97054318322427,63.03763923024357
77,48.95124001828407,63.0092316633064
77,49.01994944229277,62.979618369015974
77,48.95227124296175,63.005686901586294
77,48.987264361850514,63.01211127401394
77,48.97373898467894,63.006450973593054
77,49.009134307240835,63.009727592268504
77,49.02072185658762,62.95573540537424
77,49.017148464440716,63.020514960191385
77,48.97443298011843,62.95797992762463
77,49.00546415390459,63.010823679744625
77,48.987484717019704,63.02706103243196
77,48.98228563175563,63.04287031247419
77,49.044774106910104,62.998713210680016
77,49.03988216510488,62.975274646551505
77,49.030937063744794,63.028210273531535
77,49.0169153479301,63.00115102599894
77,49.039395108542664,62.98105884073988
77,48.992349302842065,62.97025050730773
77,49.00499982058378,62.997588271468466
77,48.96391334550021,63.021008614339976
77,48.98584789349122,62.9596028180569
77,48.98681160392772,62.99480833192354
77,49.02968160869415,62.99413545562445
78,49.0247082871824,63.0071522697099
78,49.00857027069149,62.99090914270204
78,48.99957963617199,63.01481677456507
78,48.9536784051233,62.9998347548688
78,49.00798301043324,63.03200982334537
78,49.01275063616013,62.98695771557258
78,49.0137522463064,63.012415320603246
78,49.03543157203718,63.013428895966626
78,49.019929664758465,63.022582162828684
78,48.980252518188,63.004273940222205
78,48.99534569873154,63.03597991066746
78,48.998412974565255,62.969231597385104
78,49.01991800160418,62.97540921375775
78,49.02199102712323,62.968174022438774
78,49.03980049805153,62.97171055501689
78,49.0155212167861,62.9912042313117
78,48.974325827692795,62.965837238946854
78,48.96637742770114,62.97292386615621
78,48.95690293263556,62.99065110604037
78,48.99644408026632,63.00081050808126
78,48.96957419113882,62.96382161305518
78,49.01618641342346,62.95535507767498
78,48.998742796663606,63.009355293640155
78,49.00757955797069,62.98300812046852
78,48.9839255293712,62.99200507826752
78,48.98013171481513,62.99424480152722
78,48.95962719293059,62.983690788052336
78,48.96975859307634,63.01227409591781
78,48.98994569952569,62.95431218878825
78,48.984880109049925,62.98262751975015
78,48.97888940069179,63.01805400501296
78,48.96568083068527,63.03128776421876
78,49.017548977221075,63.01216466033894
78,49.01313392564053,62.979015894487574
78,49.02516120921656,63.03825445741659
78,49.00618078568631,63.026735021301405
78,48.98030758891928,62.99537340200572
78,49.00682451475691,62.97625636406549
78,48.96818885467277,63.01920969817406
78,48.96187138451659,63.02496042737194
78,49.00148930130153,63.014084373188744
78,48.98175858141432,63.00445836187004
78,49.026713007271965,63.029384258700304
78,48.97879813409177,63.006737869519924
78,49.003322524141964,62.95079825934388
78,48.9583617910376,63.0066018706244
78,49.00636518451926,62.97761872862104
78,48.98443371908278,63.04706810719852
78,48.99149900529655,62.95325545186279
78,48.9546251554789,62.99140799329108
78,48.98370062666474,62.98825283450837
78,48.9759401949715,62.97356429564203
78,49.03920842410007,62.972295027673844
78,48.99623266376112,63.026963804345115
78,48.97792401535167,62.97373636689221
78,48.98288083793506,62.969017662069454
78,49.01262539292225,63.01560779669535
78,48.993469824713316,63.001649258886566
78,49.02002567710962,62.992554661903824
78,48.97668048477367,62.98292374239241
78,48.96447667942416,63.02250836260304
78,48.95217024931482,63.01118966191261
78,49.03952924629404,62.98225880099995
78,48.997144673022454,62.950082759181925
78,48.993053408082325,63.04485132140027
78,48.985246550883325,63.004904136364004
78,49.00879263639552,63.0050315107246
78,48.9805324084311,62.99337482231388
78,48.99660356226229,63.023997180315355
78,48.98819969097571,62.97662310621605
78,49.03385344496081,63.015344365707364
78,49.01343666434931,62.9899827315872
78,48.98231883760948,63.00996107039613
78,48.985927349690975,63.000553301298986
78,49.009582808359475,63.03892006008355
78,49.00332255665975,63.02193383528384
78,48.99925152792161,63.04659555875595
78,48.997923015907034,63.00230087152521
78,49.01447758537906,62.97979526291157
78,49.025663857604115,63.02801534449631
78,48.97485931237724,62.989677619720666
78,48.99458523816416,63.00630081814307
78,48.977427561810636,62.963748291735605
78,48.99735062562685,63.0123609694512
78,49.04430756803619,62.98377362990703
78,48.980447170854816,62.96228948750043
78,48.97488371455082,62.997058543255335
78,49.016376660781866,62.986674024981255
78,48.98412885191783,63.00427906707113
78,48.98101788016825,63.0201202549676
78,48.962207170518326,62.992509053990375
78,48.9925843367087,63.03163637285052
78,49.016887130841475,63.02574612411108
78,48.980211328788194,63.00291430293989
78,48.99712124660876,62.995331037628986
78,49.0141136882971,63.01930029286437
78,48.99716498293041,62.98942746538875
78,48.988083277768936,63.04199874881687
79,48.96883294035731,63.012306619998526
79,49.0155841464451,62.99022103501919
79,48.97336268741111,63.03423329281116
79,49.031807004755336,63.01263782213603
79,48.991595421969414,63.044414184203355
79,48.98568954755556,62.97283166042353
79,49.02370813652494,62.962039680806804
79,48.98191724223086,63.00868805069326
79,48.958111807975634,63.00184227622621
79,49.01702108342087,62.99775438883202
79,49.03197476102559,62.980675562288944
79,49.00183542271318,63.01224773434223
79,48.9909032658086,63.01245613438756
79,48.96764253782335,62.992169917759064
79,49.02550637986077,62.96754646018339
79,48.9978977303953,62.96624791674843
79,49.00131829761495,63.022767540938304
79,49.01260548109581,63.04735927388677
79,48.987576435867936,62.99698074952892
79,49.004342277066705,62.98244143308959
79,48.97797896337487,63.01132167659564
79,49.00362051367458,62.96665618586483
79,48.964909009268105,63.018834582443596
79,48.975922041340745,62.98044518788723
79,49.04498252139828,62.98817771582862
79,48.98307854422211,62.96297214157645
79,48.961203068206736,62.99527882180517
79,49.03126667813496,62.97280069906789
79,49.027409585538685,63.02077128042883
79,49.00438724295115,63.022963865156896
79,48.981656817223616,63.00320109289492
79,48.952197997869476,63.00548003265687
79,49.01833315978437,63.02223343347194
79,48.98818298362043,62.99437129459893
79,49.017563070543396,63.00206429428519
79,48.98288099628714,62.98890921077061
79,48.99717834599541,63.0498952186693
79,48.97928014821488,62.97945867663143
79,48.97214104386639,62.99423449292293
79,49.029628135110286,63.03366153630181
79,49.00878426870984,63.04575221431876
79,48.99546759043465,62.962663325726844
79,49.04286549426626,63.01317063942033
79,48.983228237341116,63.02653911829592
79,48.99369687260073,62.98922262061661
79,48.958295330845196,63.02526532972871
79,48.972227484912345,62.96469704019632
79,49.000875865037166,62.95103659396783
79,48.96949586632967,63.021044522450275
79,49.01347431622752,62.99820899979247
79,48.99545911618901,62.983146868159615
79,49.007200802275385,63.011335323705154
79,48.99000991987476,63.036066013155455
79,48.96692963936446,62.968264926319186
79,48.99790414645082,63.01277846571479
79,48.9586266766156,62.99032094445706
79,48.97544923548076,62.99662976617691
79,48.952726850323174,63.007792520318354
79,49.03113054358301,62.99197670589731
79,49.03502349793421,63.00418300259759
79,49.014804358612594,63.01646735631882
79,48.9946566882987,62.95064319276763
79,48.98649292042996,62.983243680512665
79,48.95844137037085,63.011800150092924
79,48.98620324301585,62.99464155455299
79,48.99851974750363,63.02647865291546
80,48.983984684124465,62.98273180945924
80,48.9877791636131,62.970115580856536
80,48.985031805003196,62.97095649882435
80,49.001890082198216,62.99071074527067
80,48.977912070991884,63.002967252556445
80,49.03498637252045,62.98979944781167
80,49.014421866231,63.01007624352947
80,48.98713385470685,62.96664589537024
80,49.00597347564934,62.992772954364035
80,48.984105859745895,63.02505806494732
80,49.03126596296296,62.97119117455408
80,49.01709859561917,62.997842524667455
80,49.03650301152284,62.99868533622758
80,49.014882368970085,62.992682210449445
80,48.9881510243664,62.98676469294219
80,49.02684778669678,62.97920801289511
80,48.98554890233762,63.02970560166928
80,48.99503687856687,63.00345747654456
80,48.98711929745515,62.997422105323174
80,48.99005109320299,63.02044665509144
80,48.9622747635979,63.005511095291155
80,49.01714120068853,62.97172595473354
80,48.985304591436744,62.98859495220214
80,48.99392115049529,62.98325054303302
80,48.97437401077974,63.003298230008916
80,49.02217499277232,62.998307126606484
80,48.97549534111033,62.97073424782031
80,48.965236437633294,63.00594316478213
80,48.96198717322971,62.99380545901505
80,48.98154148374185,62.99719405591287
80,48.959446339224876,62.98774793280563
80,48.98804773242689,62.96354208947631
80,49.00123699430527,63.017724497696605
80,48.99166072727928,63.01626749826713
80,49.00771178350905,62.9703056469495
80,48.97823794161891,62.98874114123136
80,48.99245071217356,62.98327272274318
80,48.98669296990166,62.9761853204234
80,48.989086897840004,62.96225368817971
80,49.01571561872908,63.01995262275833
80,49.006758264598375,62.981917884866625
80,48.968506883634426,63.003658915321516
80,49.02111649661479,62.96578025898851
80,48.97543226417322,62.98546421497902
80,48.964242709594224,62.97274855844998
80,49.01429603120265,62.95248514692957
80,49.01486193236305,63.008049854669025
80,48.95983237067022,63.00304538334842
80,49.01778423418589,63.009102187719186
80,48.96483986241985,62.966231909657324
80,48.97772112840168,62.96362467497826
80,48.979732245346774,62.992238548405005
80,48.989704718606674,63.047450939145705
80,48.98218611487455,62.98104123857154
80,48.97979205754639,63.01397329835586
80,49.00338908485885,62.99442975975704
80,49.027091392448725,63.03415964369489
80,48.97789575804674,63.00258485628253
80,48.956192362249425,63.00820902368097
80,48.992433825977955,62.991360316448144
80,49.01965689583069,62.995092465724824
80,48.98468988879024,63.030293922301496
80,48.973477010360824,63.004244215383196
80,49.0110267627928,63.01068039844218
80,49.00789096768436,63.02405851975675
80,49.02410779138343,63.04215384335503
80,48.97658757236917,62.9729133746072
80,49.04159094552277,63.0183854842832
80,49.00487418175734,63.014776779877764
80,48.97413722648901,63.01139084748687
80,49.024822183902415,62.960155743836864
80,48.97787302444841,62.983818447287966
80,48.99536275874074,62.97354732452164
80,48.985013558389774,63.01441895340475
80,48.991268566274634,63.005472349039586
80,49.04667837667518,63.00164494992803
80,49.038441382131744,63.008260462322376
80,49.02844554231513,62.99471303824738
80,48.979433828152814,62.99846799549099
80,48.996170649358525,62.96322917678259
81,48.984436732020924,63.017954810970956
81,48.97577286109035,63.02473530067178
81,49.029195225656686,62.974012992814316
81,49.03547567989927,63.008520312591216
81,49.01560723688271,62.972879459147165
81,49.01567186389142,62.954128463668
81,48.97811232668036,63.03972045215791
81,48.96742936659272,62.96950617948023
81,49.00559894730411,62.98446726871624
81,48.98532197645856,62.99336585095784
81,49.013249593747275,63.01559513985572
81,48.962773240941786,63.03306056705413
81,49.02058697351874,63.00678991926416
81,49.02925086297891,63.01836115065302
81,48.97059781066985,63.00920461220749
81,48.99494459766094,62.97272610773476
81,49.00514787693969,62.96946894312312
81,48.98604095661184,62.98636895945794
81,48.985316668534544,62.975666750177126
81,48.98906410122594,62.99095076260348
81,48.95850005335441,62.99123951559359
81,48.99383552580057,63.00935762023058
81,49.03989955753634,62.98361750021287
81,49.02317190068746,63.01759592643513
81,49.000080892646565,63.00610660221998
81,49.03803700708501,63.00640442164605
81,49.01961535123076,62.99410599461804
81,48.96243438264872,63.023162067742874
81,48.99952274691364,63.02283684392553
81,48.99920201579103,62.97588990007401
81,48.97679527526383,62.98605119797915
81,48.98261105032686,63.00026357386181
81,49.01301506400019,63.03227728351665
81,49.0014949916894,63.011359628296034
81,48.96504945338413,63.018380882781784
81,48.97383342959943,63.01212800741459
81,49.03316487939475,63.02336836508555
81,49.00619364055711,63.02205544115613
82,49.0199389628644,63.00285887660919
82,49.015940795043285,62.985388004805266
82,49.03001989150661,62.974030611633175
82,48.97015747252289,62.99829139834856
82,49.03066065773376,63.02610632299037
82,49.04039438482588,62.998578599223876
82,49.01452697802202,63.0079707293591
82,49.00023513992013,62.992530086794545
82,48.987264361850514,63.01211127401394
82,48.97447016878451,63.02359762559365
82,49.03448788281842,63.006839875706234
82,48.986463823991,63.03564826483736
82,49.00522373174493,63.00914458419674
82,48.95169459855875,62.99785218490473
82,48.988512583260345,63.003952217366056
82,49.03747033285275,62.97790476445453
82,49.02912788790131,62.99370058436497
82,48.973205166219024,63.00277313930307
82,49.020104756065535,63.02466625421048
82,49.00222377104984,62.96843000974484
82,48.98495340521904,62.987863475368904
82,48.96753525814255,62.994321781473936
82,48.98559017699709,62.980735955764594
82,48.950892299676724,62.99892417836561
82,49.00961332433822,62.95901376659316
82,49.004182410415524,63.02856059847091
82,48.97582085626845,62.99231445009604
82,49.03457406828351,62.964602915041205
82,49.00237886732471,63.014482703415275
82,49.024327474533834,62.996819413173
82,48.98366672553361,63.01274861873775
82,49.044983262100466,63.00551333458313
82,48.975304047079625,63.00796653030458
82,49.02264294111117,63.00070449267392
82,48.97577513098556,63.03081233487578
82,48.98257083379086,62.97416352236015
82,48.9892960866683,63.012071209338735
82,49.01484323546811,63.02579849188514
82,48.99856296576513,62.980785307617325
82,49.02202053090689,62.96340761381358
82,49.02203796265627,63.0070468017563
82,48.98858369390993,63.01835653170856
82,48.98457288480379,62.99085472776626
82,48.951699016101024,63.00923659656847
82,48.95582790963498,62.9856110657446
82,49.01554833371851,63.00751568995887
82,48.972465605308514,63.01571907649437
82,49.02364541805046,62.990199561807785
82,48.98074411872418,63.01405279354821
82,48.9852439362538,62.98498416863401
82,49.01184336976908,62.99777937933739
82,48.985161537692996,62.991113906336665
82,49.00360300158974,62.97551983551515
82,49.00722025570561,63.00713401848952
82,48.97850460224234,63.01166279443591
82,48.966573963695645,63.00654202323097
82,48.97105019979062,62.991116413495725
82,49.01628985495419,63.04456315388995
82,49.00797813035176,62.959659698250036
82,48.974176898111274,62.98758698956439
82,48.960999057629934,62.98157202113067
82,48.988647109799494,62.99503106584515
82,49.02334614883948,62.97363732767273
82,48.99347841368013,62.95958605698852
82,48.984956186325334,62.9926419361415
82,49.039047964407786,62.9694665836797
82,49.01346079451981,63.04414451467001
82,49.024851509935324,62.96514972332779
82,49.00340560276708,63.00207772754353
82,49.01651693671643,62.99780225015048
82,49.018359519533185,63.00192880659933
82,48.98572814801335,63.017651957135996
82,49.01597274973108,62.97295718662939
82,49.020289533963656,62.96403531076595
82,49.01192136831915,62.99041897794185
82,48.994076961908014,62.974632276998584
82,48.984656443142306,62.975645991896116
82,48.986598618435764,63.03684515591508
83,49.01725385492653,63.014794981359216
83,49.040465109865615,63.024493348527116
83,49.005725910203154,62.98592807000895
83,49.02233898345096,63.03886521146802
83,49.00327886470319,62.986932495260106
83,48.996003189174345,63.006059475996324
83,48.994641150271335,62.95916946469035
83,48.997863428159874,63.031262262447186
83,48.96203101663343,63.026549110381985
83,49.00583635142214,62.95829785138308
83,49.02087896761763,62.97999688150326
83,48.99676798379574,62.976523489415264
83,49.00794508498035,62.98921257464529
83,49.024183272781144,63.02511439466338
83,49.030705085435336,62.96153877502037
83,48.99518779421591,62.974633447810476
83,48.96219382621935,62.98368321364239
83,49.019371149867844,62.954768755374324
83,48.99785145239401,62.99238280913333
83,48.995898661258735,63.025515637494784
83,48.954311264859065,63.009264652952844
83,48.98915510410546,63.045839099899375
83,48.9870813771279,62.96205676694902
83,48.99853784369566,63.00808319887764
83,49.00555033726632,63.03866169665293
83,48.982403126684375,63.03509157501519
83,49.022479664042216,63.00611332098512
83,48.9663439220779,62.98965274803509
83,49.02444115536031,63.023215311217704
83,48.983610860367435,62.95618103895157
83,49.01392942163145,62.98819350844575
83,48.95337387571109,63.01150020378922
83,49.01653370860647,62.96880690669038
83,49.02062349416856,62.99334713718511
83,49.012468163269716,63.03845863351548
83,48.9915270882341,63.02376519412705
83,48.976164225509606,63.02750180301033
83,48.97707675246789,62.97014905606741
83,48.962817888033165,62.973959446415165
83,49.03497593793708,62.974613894446705
83,49.0243103928598,63.00831169053332
83,48.969182052761674,63.0353919914812
83,49.02908924422009,62.998358457010106
83,49.017664342403165,63.014202556735135
83,48.97445929226033,62.99029279941257
83,49.00348696125067,62.974566748596615
83,49.038937612650635,62.97109508259124
83,49.00270769879644,63.01945395215587
83,49.01059129853211,62.98475400911343
83,49.01577945751226,62.97146158886221
83,48.988708293545386,62.96680104562694
83,49.0350872347894,63.018570363874275
83,48.989401290777124,62.973521480950744
83,48.99145496127792,63.010297716408445
83,49.003076642327656,63.010280091678894
83,49.00883206292956,62.998980522312735
83,48.976463608762295,62.97670466098173
83,49.02399811227788,62.98284771681098
83,49.01477220826203,62.994437112334545
83,48.98260448306784,62.99749304454512
83,48.98538653386878,63.019760282369226
83,48.963003102136675,63.01305530855194
83,48.979210985784356,62.992697300431054
83,49.03792090351212,63.024597161744374
83,48.95121907051866,62.99437082957927
83,48.97950276727552,62.99047280199177
83,48.979627856076775,62.99652058919372
83,48.98119252509839,62.965914383855136
84,48.971835494057665,62.992254840384184
84,48.97806799961516,63.04290844889218
84,49.03698025171333,63.020975940302414
84,48.999681508036616,62.964950783123484
84,49.02218646097654,63.00822015878796
84,49.026118026019105,62.992538645218474
84,49.00448635052651,62.97602113920885
84,49.00869328752912,63.00339993734698
84,49.01112277322559,63.00715661917953
84,48.9923853527419,63.0040370837098
84,48.980187866211445,62.96116856991475
84,49.00272324970564,63.01754362017464
84,48.99147136896909,63.0197863868414
84,48.962754949107726,62.99973476290568
84,48.95141675577629,63.00387423451231
84,48.98273782141807,62.99038538958589
84,49.000388469737715,63.00404677852191
84,48.96433965824831,62.98444786428532
84,48.988055563247975,63.04496442121438
84,48.98120344237221,62.966101946664814
84,48.98061754014549,62.97050906211157
84,48.98709248403856,62.962127169337265
84,48.993807393299576,62.956950470172856
84,48.98364212574575,63.01430234168146
84,48.98362444460144,63.01337760193227
84,48.97371953031596,63.026255764948075
84,48.96185367544159,62.99462460107859
84,49.02323579760894,62.99284177410016
84,49.03202288224152,62.98850048997791
84,49.00835731230607,62.97042201708309
84,48.98550072459836,63.02856668703678
84,48.97305872069003,62.99557108320585
84,49.03828271008619,63.00566147711676
84,48.98122466537082,62.99603945249544
84,48.99262864616565,62.97224971571684
84,48.995765463792466,62.99198759277097
84,49.01218345491942,63.018982009154854
84,49.02177014498741,62.9608121669856
84,49.01859489564267,62.97780251548923
84,48.97040585296861,62.978655238618956
84,49.01923802938759,62.985197731604586
84,49.02161234204602,62.993893746038296
84,48.962544192277825,63.02665264456519
84,49.03231154200114,63.01550236217361
84,49.022618828890394,63.02315427600146
84,48.987561722985326,63.01815941084925
84,48.97360780806358,63.00165012464639
84,48.98037109034844,62.97933768245872
84,48.98768068802063,63.02900134579212
84,48.99572797901602,62.979889226760854
84,48.9899634789229,63.03516520232598
84,49.00530772760997,63.04352462470804
84,49.01182187110349,63.0281511194437
84,48.97844275336881,62.96087195683565
84,48.95827022811499,63.002238545176226
84,49.01449909432589,63.02644086402192
85,48.96284376186213,63.029028526534795
85,49.03731423544248,62.978029961093824
85,49.01842649733428,63.04437460515543
85,48.99163035836977,63.04089265147908
85,48.99990429785074,62.975013214803724
85,48.97105924738482,62.9875678032839
85,49.02583471309752,63.007682562616196
85,49.01470684199444,63.03202647559029
85,48.993871232174776,63.010881260464934
85,49.036887446101694,63.01565409581576
85,49.00534524818935,63.00937275583759
85,48.956453972551536,62.98391282727294
85,49.03048030836048,63.03081699902546
85,49.04543662199075,63.007470500194735
85,49.04237269472543,63.01171781295242
85,49.00628192482083,62.98906279208701
85,49.037814650333665,62.98471547475701
85,49.023827569460806,62.966215552703936
85,48.98839563365274,63.029068127676354
85,48.97841602135391,63.01613659499032
85,48.98840036701258,63.03548901723312
85,48.98820928941824,63.01635531325047
85,49.03045983127319,63.00081280929462
86,48.97215451982034,63.01094853426627
86,48.98559842707557,62.961793911370755
86,49.01368766695224,63.00240901417634
86,49.020871252979184,62.99217560455446
86,48.99795575817879,63.04026723991399
86,49.00491960906171,63.02237870701793
86,48.973336077885826,63.02910910708592
86,49.0362547961496,62.991216352313536
86,49.02203258160103,62.982021403643856
86,49.01417308624514,63.02676619900722
86,49.04133257459839,63.01318864050582
86,48.98486605526537,63.00753369999509
86,49.011111393704475,63.003171526764284
86,49.01714389351136,62.957031689712274
86,49.02887910681981,63.035143320770594
86,49.03153723768561,63.02975278058513
86,48.98459690121096,62.9777259497455
86,49.00894247005554,62.99978094025448
86,48.99140802442471,62.98732115000939
86,48.99761559514656,63.00329192322778
86,49.003201845137156,63.01019270872058
86,48.972292620471194,62.96262228122965
86,49.000097606549694,63.03744792837149
86,49.03456766663799,63.00083528141703
86,49.00149876240405,63.00026749404618
86,49.04707501834418,63.00419025422286
86,49.033457755532375,62.96863951572013
86,48.976868107726794,63.029553487744536
86,49.04504168004153,62.996501378538504
86,49.01586973542313,63.04543193072961
86,48.99961567303776,62.95924901190532
86,48.963526787946094,63.002398285026615
86,49.020155029092535,62.99255424009035
86,49.030525771384205,63.03586605536119
86,48.97410879865911,62.97679337518937
86,48.98035853703789,62.95492645110254
86,48.95159160162372,62.98990865352102
86,48.98479615777763,63.01516967669522
86,49.014001547756415,63.03658366738354
86,48.99153614058427,63.00245290581016
86,48.98281804078212,62.97656336615005
86,49.020438562247016,63.01336506751009
86,49.01669996587098,62.96985580449284
86,48.95128302454723,63.0099442597015
86,49.01725528157339,62.96272063555344
86,48.991081629744514,63.0325633004284
86,48.97089846200907,63.027860149169264
87,48.981847557013964,63.01777048006726
87,48.96196773850552,63.00657198303986
87,48.96871162502598,62.989468195971575
87,49.00479022935064,63.03237374297675
87,48.97147215096698,63.018410482875474
87,48.998259073691784,63.03185336851154
87,48.97928547456715,62.9957020484999
87,49.00012146775,63.03893607377037
87,48.982006092833885,62.957981929104676
87,49.01570830289757,63.014393932822536
87,48.99579420598429,62.97913419764919
87,48.957400430892974,63.02240173075693
87,48.951944951890454,62.99608968847915
87,49.015069644111996,63.033470472980405
87,49.011004803515256,62.976684978865194
87,49.00230658456284,63.00392176306908
87,49.00387934206277,62.980346838452476
87,49.025219797714115,62.99317506554431
87,49.04231817091473,63.02272065765346
87,48.995054592434506,63.025551712809985
87,48.96655321703923,63.02421851276805
87,48.97232234176799,63.01106628752606
87,48.988333287675744,63.03708482629322
87,48.99666733284821,63.027355749366315
87,49.022699436723684,63.014166692782865
87,48.96417560768742,62.9760110272955
87,49.01877523781268,62.97908987212726
87,48.97153554163935,63.02196376703444
87,48.978332762406936,63.00091116037231
87,48.99724308362753,63.03650254851744
87,49.021908269182894,63.02387056230591
87,48.985301575953436,63.017315152363715
87,48.9868052075729,63.005958760119405
87,49.01510625708521,62.983485553449086
87,48.995445148611786,63.016898163839144
87,48.999189996772465,62.978499456981474
87,49.02661450943534,63.01551853489266
87,49.01564315053066,62.96804923052775
87,48.99794356527154,63.01582038723687
87,49.02997573954582,62.981617046924285
87,48.9825917814103,63.0158262026243
87,48.98225058473269,62.99720251232131
87,48.961107231800575,62.9722567079031
87,48.97470052931339,63.042702493002615
87,49.00968399748034,62.96035576806343
87,48.962792370168586,63.00829011529451
87,48.9778142062315,62.97221170463924
87,49.00538578394338,63.04222075292283
87,49.036003300704486,63.03222288672714
87,49.009653407110186,63.01864173419662
87,49.008201835661964,62.98634997974202
87,48.982645086141005,62.964346022139566
87,49.0168013090873,63.00380034502469
87,49.00002827567635,63.00093780238812
87,48.97229620604743,62.96483254780044
88,48.967507260146995,62.966335550612655
88,49.0223084434607,63.00461986101377
88,48.98494490400121,62.963817201890855
88,49.02086913409644,62.96717393002845
88,48.99857882550719,63.00161632718182
88,48.958710724403424,62.98681521068473
88,49.03718939075029,62.982330004051235
88,48.95830492166734,62.99432537067488
88,48.97063569168222,62.99920745196265
88,49.017392237143994,62.97718281097693
88,48.970474016111034,62.96647770129951
88,48.98615830700816,63.03527012016662
88,48.9995975828547,63.010519809066196
88,48.96931769044795,62.96856642121448
88,49.000061660213454,63.00424555659487
88,49.04141575277496,63.01229246989399
88,49.01176603720575,63.0394804935202
88,49.00988389908283,62.98400026586518
88,49.00716001739033,63.01137566883748
88,49.009618629434854,63.00241072906235
88,49.025289703534206,62.96020462857873
88,49.019693539676034,62.99859687651595
88,48.97174642144855,63.03980043319572
88,49.033812807288264,62.98736599001957
88,49.023411405464174,62.98377721407978
88,49.0161465974739,63.01376421967028
88,48.979906883893236,62.9597405792514
88,48.99511261017836,62.98892811074948
88,48.99024765788521,63.022576781589855
88,48.98754794104675,63.02414143756187
88,49.005049577468675,63.00221894119626
88,49.030885694888084,63.022095453339425
88,49.003550226889885,62.966974943662436
88,48.97330219787787,62.97467442084687
88,48.97788396735106,63.001288573651415
88,48.955853660027266,63.000075841506494
88,48.96434216667925,62.9960957655588
88,48.96548928129566,63.03066304949081
88,49.0112905044514,63.014213546962665
88,49.01670055681752,63.00267831639756
88,49.01941932379773,63.00717076632479
88,48.953417251549375,63.00078137261204
88,48.9973258107492,62.98614888169076
88,48.9760413877175,63.04323089270464
88,49.03736336168113,63.00570245298353
88,49.03084526882046,62.987227293179
88,48.971586440358564,62.984266139178125
88,48.97940373771642,63.01885111604726
88,49.017704136938605,63.00925552445682
88,48.97353886127838,63.028231241110205
88,49.02264298396983,62.959838390923984
88,48.989650010915085,62.95163343032148
88,49.019872891116506,63.02721944479991
88,48.9857938255833,63.04768256330496
88,48.98651218153389,63.01336288237568
88,49.0072248819562,62.99143138564925
88,49.01272683364533,63.00634283746136
88,49.040032517774776,62.97270632096128
88,49.005734427704155,62.999841559024624
88,49.030918944401314,63.011196350456956
88,49.02234481730382,62.97458983021439
88,48.989039728833966,62.9799917831669
88,49.0011715242489,62.99385894949562
88,49.023081364106986,63.032028403872694
88,48.98572814801335,63.017651957135996
88,49.01605733205455,63.02281950204826
88,48.98852012716862,62.95443141318805
88,48.99413723153765,62.971221128789466
88,49.01484323546811,63.02579849188514
88,48.96280719219836,63.000097144932106
88,49.01223889893784,62.99601768804891
88,48.955267345470595,63.02113754655667
88,49.00706331073629,62.997063291713125
88,48.994029537375475,63.00103860434353
88,49.03988075683412,63.02349556724167
88,48.963008134221354,62.998156808686225
88,49.00182986674537,62.96031254667616
88,48.97978764081972,63.00210291973684
88,49.020196845108785,63.030206360500316
88,48.99056622071844,63.00126501428586
88,48.97655249169444,62.96803341769396
88,49.02313206495805,63.034889352770556
88,49.0336041299745,63.019925251782375
88,48.98747500334766,63.01272462099529
88,49.023169282245746,62.98227026918405
88,48.990441551118074,63.00321748043501
88,49.009296110807774,62.978741789472124
88,48.99098320425019,63.001513696306596
88,49.00487951903768,63.019082571660135
88,49.00509267238669,62.99395953868994
88,49.010948823948546,62.95454719036353
88,49.01066888474451,62.974411521047024
88,49.035738827236976,62.96513337000255
88,49.01469776976584,62.9992378098077
88,48.978203471208225,62.99920364809415
88,49.02021038971034,63.00352948499189
88,48.97718365340311,63.004788225188754
88,49.01796123674522,63.040901913223706
88,48.984905475647835,62.97790746873364
88,48.959210906668204,63.014422515421714
88,49.03182751217191,62.99020177945955
88,48.98946464583835,62.98694307898456
88,48.97909276364679,62.99351616067287
88,49.01347956364575,63.017210540167056
88,49.01278751716019,63.04663012361586
88,49.01639378134244,63.041111368291425
88,49.03502246729879,62.97658944094239
88,48.96190592624406,63.004889048218494
88,49.030892877388396,62.97109186412567
88,49.020731475928194,63.01851114797604
88,48.975162876646955,62.99978359798421
88,49.00704075996964,62.98230417080533
88,49.0200756707702,62.98395290165885
88,49.0290805328419,63.004244156944196
88,48.99449809164393,62.97063388485136
88,48.99844798239944,63.01464541367052
88,49.02308100331432,62.96235223905141
88,49.041443728162854,63.011055598634314
88,48.98886185116375,62.975245818128805
88,48.98323604359246,63.006157243632686
88,48.9909287265405,63.00889864182743
88,48.97706121634436,63.015667030776086
89,49.00954061844684,63.027812132197724
89,49.02808333973861,62.95915671946273
89,49.0194487774833,62.973075897154516
89,48.99396249030317,62.99508134523504
89,48.99971481463655,62.96794738394606
89,48.98184405260902,62.957471835857795
89,48.97888304048485,62.97092925575779
89,48.98699251913096,63.025545509547456
89,49.001784184822505,62.97486910856043
89,48.9723581018894,62.98444810540101
89,48.962567415003726,62.98016262773263
89,49.012767415773325,63.02601514911013
89,49.02706774978058,63.02422320332247
89,48.99480064063899,62.96087260633221
89,48.98262105205164,63.02708649921649
89,49.023518149551286,62.95900054111036
89,49.0209961691746,62.99821255471765
89,49.04022643273223,62.994400351960664
89,49.02010189739427,62.97783351190857
89,49.04336206325606,62.994563045353864
89,48.989888407406525,63.03409833952303
89,49.018276757922706,62.97781635029757
89,48.9938926298024,62.969928964628004
89,48.9649227170689,63.02326588761095
89,48.98686432353774,62.995995215925696
89,48.98786961747627,62.9519327396396
89,49.00953716518701,63.047218631371905
89,48.99862580461513,62.99219487760207
89,49.00950670073626,63.015492165008816
89,49.0139887696656,62.95788847830815
89,49.01940634373717,63.01765651152304
89,49.03953770471388,62.98753052402985
89,49.02423493720294,63.0195928001541
89,49.00618449070024,63.00579995042687
89,49.02407671306773,63.01403788477655
89,48.956030347924504,63.00689709263315
89,49.02073448284819,62.99127965865912
89,49.003137232467644,62.951145804982644
89,48.99151427110464,63.01947028534815
89,48.999115766464875,63.035183902598774
89,49.02916556637333,63.033031914451115
89,49.0279016450387,62.985659475343844
89,48.986556350178894,62.97571685869576
89,49.0171572300944,62.9764168317308
89,48.96015443428636,63.01685848015623
89,48.96479985599185,62.98613506326959
89,49.00273148414183,62.96493488697151
89,49.00758539175194,62.97180943036819
89,48.98733065791058,62.99250398412865
89,48.9738121503983,62.960478341808056
89,48.95639674147281,62.999702592653286
89,48.98123520584326,63.018836549685105
89,48.97838212326172,62.99616325607636
89,49.03009487506484,63.00193076454286
89,48.97949212456318,63.01221631973089
89,49.012332888603474,62.99486704366002
89,48.97469945770105,62.98960726389832
89,48.97522184321177,62.957578393759825
89,49.03654186192639,63.02745093936032
89,49.013586962483856,63.02000883746923
89,49.04268791166392,62.991464485110505
89,49.00619590559417,63.01892046433438
89,49.0240392748901,62.981843854221104
89,48.99365688266279,62.952116652641955
89,49.0050747654883,62.97799036055173
89,48.97870888748734,63.02714277104954
89,48.97223685512759,63.01703593438192
89,48.98872069508782,63.00231924551472
89,49.00677989168081,63.00278110865119
89,49.027520908908606,62.96909557222427
89,49.0282345338568,62.96313531775134
89,49.029609429332965,62.971684259044885
89,49.019516198402705,62.99271236031482
89,49.00548694367675,62.96067956756984
89,48.969861849699605,62.98143807207349
89,48.97170200162337,63.0243191050633
89,48.98537627442847,62.961572655794605
89,49.003166206151015,62.96840474686784
89,48.97980670548496,63.00272122256164
89,49.01446088245043,63.022023063436464
89,49.02695063826427,63.00031489129514
89,48.96243921220075,63.02897680357188
89,48.975351093837745,63.01589254908941
89,48.994695416114986,62.97720946832552
89,48.98584221604238,62.985349847551255
89,49.01842649733428,63.04437460515543
89,49.01069701621061,63.01415448490798
89,49.00262657827174,62.981051990875144
89,48.982070439967046,62.95793169050964
89,48.97054350776641,62.97082783099152
89,48.99491041438835,62.9869147486847
89,48.97194845895833,63.01889152172251
89,48.96609706304417,63.02831553560474
89,48.95540990037242,63.01548466425181
89,48.993042085657,62.976412694289216
89,49.02656948641788,63.00942952236772
89,48.99413723153765,62.971221128789466
89,49.01958905898211,62.99036564361767
89,48.9792860348394,63.028862762572636
89,49.00466585679209,62.9815488274551
89,49.0126641151038,63.01951837521802
89,48.98705032479204,63.002953622912976
89,49.004562798715654,63.01774808568293
90,48.99024925875084,62.95861801539889
90,49.01525823972469,62.9829137286832
90,48.99110260982323,63.03456619930006
90,49.021420734760525,63.005423279084795
90,49.02166717056692,63.03654382058689
90,49.00950670073626,63.015492165008816
90,49.025483800914124,62.965915933316225
90,48.97008952298185,63.034217412517336
90,49.03825584784823,63.00782033108829
90,48.97954282328942,63.00781391381045
90,48.99307692199866,62.964605618260904
90,49.006258103252215,63.01511665041671
90,49.00199139823004,62.980352860331905
90,48.98484321312717,62.98333975169369
90,48.9682295829259,62.979910178171636
90,49.041042568710594,63.02176825692436
90,48.986843882155384,63.022680943693224
90,48.99826855951306,62.99979111886686
90,49.03810564368753,63.00364269165184
90,49.00641383798043,62.99041558757007
90,49.007050014524765,62.97424114483822
90,49.012656245226076,63.04239835074024
90,48.99941849651187,63.014836758509425
90,48.98516815060288,62.98242146389005
90,49.02287873572312,63.01433718987104
90,49.017426163939035,63.04279212528751
90,49.03338497741198,62.98379581866772
90,48.95548741285348,63.004983897200724
90,49.023921605698106,63.00684404316681
90,48.99435905975407,63.021580921621954
90,48.986054506516176,63.02143150905894
90,48.98525378810452,62.97571617288048
90,49.01819418767559,63.01680121344112
90,49.046446283946544,62.99325340541988
90,48.9677874567596,62.99880459256521
90,48.965957468895674,62.98191473807034
90,49.00259875948844,63.044254769667695
90,49.01365384643134,63.02049023758422
90,49.030626961346854,62.986167604448916
90,48.99896654329044,63.01327312223102
90,48.983150671030145,63.00869441304853
90,49.00965563795138,63.018899739971204
90,49.00829240263023,62.95140107426017
90,49.03445942400006,62.97318199551637
90,49.04408961574863,62.99154332174526
90,49.048647059746116,63.00465744125793
90,48.96945199463818,63.007267228367816
90,49.02075112243793,63.02962287756772
90,48.98664493528765,63.01105966746749
90,48.99509994795418,63.00849937056007
90,48.973435572403254,63.00250387751173
90,48.972823301031774,63.01039042029766
90,49.03529908726967,62.987731621377726
90,49.01165425353888,62.978675685419915
90,49.01775160321091,63.02474356190849
90,48.983600941259816,62.998563600159905
90,48.99356464066587,62.95341144170235
90,48.986813892025836,62.98540110947713
90,48.96188519739253,63.009024078023124
90,48.99321887443701,62.98946621305996
90,48.99498906059662,63.0014139774694
90,48.995132904818675,63.02682930196618
90,48.990454895460765,63.03186850124558
90,49.02883922144865,62.979933470199434
90,48.96955843092198,63.029853149030444
90,49.01267452737315,62.98377566012152
90,48.998022907414565,62.96854455840732
90,48.982531828841914,63.000889471042065
90,48.99671081210311,63.0321058122283
90,49.00147467613629,63.033860407448984
90,48.999371768582506,63.017515636845886
90,48.9790864116737,63.01977345023303
90,48.99884212284636,63.01506412771106
90,48.999781883113506,62.99154830982076
90,48.98538653386878,63.019760282369226
90,48.98589033613746,63.04484173877792
90,49.014963658478635,62.96627572347408
90,49.00392665226513,62.950277505376484
90,48.99090308505595,62.97497831906809
90,49.00852859688677,63.011973181131005
90,48.98437852950498,62.975635116011055
90,49.0288374299876,62.979847987908535
90,49.00094291089583,62.999248618767304
90,49.020517889355155,62.97345974167005
90,49.00282869949249,63.010938552128515
90,48.996822749749064,63.005054405058466
91,49.01669996587098,62.96985580449284
91,49.040425746333824,62.97816163071898
91,49.009803162841806,63.011733423195835
91,48.961062768448976,63.01622404133052
91,49.017371039992646,63.01874694499368
91,48.98504124167218,63.01024893273166
91,48.99829586905862,62.98368951956804
91,48.9966865521574,63.007727867860666
91,49.02287873572312,63.01433718987104
91,48.96893846175793,62.97894281158687
91,49.007580710534654,63.00761027794605
91,49.00194736388031,63.02411287576866
91,48.97773868100958,62.95919752567322
91,49.01419927772183,63.02098751301386
91,49.02271424939399,63.03257573355822
91,48.98201163618024,63.00065646943688
91,49.0205169050109,62.99328170131769
91,48.96464716764428,63.01427415258418
91,48.977939430151984,63.02254957842277
91,48.97776961897866,62.97246429635497
91,49.01458915214974,62.972603274600814
91,49.00629079112293,62.98295894472278
91,49.024852622231634,62.99681489540117
91,48.98898666144791,62.99062016345788
91,49.00330074963988,63.00160565269414
91,49.01098055177133,63.002319428356046
91,48.98705032479204,63.002953622912976
91,49.03555703673419,63.01971275434769
91,48.954498403595196,63.013952464701745
91,49.02701976224585,62.98941535717199
91,49.038769650503276,62.982052763523775
91,49.00552008674552,63.01508869029854
91,48.98218523869657,62.97464132936031
91,48.99284825389726,62.964450534304426
91,49.00279202895967,62.982020760527405
91,48.99945759974162,62.98022977728373
91,49.017105413832475,63.019928343607795
91,49.010597100189095,62.96910321930526
91,48.99778273183115,62.97752276646792
91,48.98117793097534,62.97240512367044
91,48.99224037580379,63.00907402905757
91,49.00215792864681,63.00645817175756
91,49.03929426423445,62.98507026761248
91,48.976302084220436,62.980888452556734
91,48.988383840175736,63.00019246267743
91,48.976388473347555,62.97320649150132
91,49.01350418123053,62.975355312507325
91,48.99303830610245,62.9938125753458
91,49.00363279075769,63.020136116099316
91,48.99185831405464,62.99393930202691
91,48.97838646894432,62.98655108139973
91,49.00349586499699,62.99311679620501
91,49.01343796918166,63.022193644360335
91,48.98037505446306,62.97080209788401
91,49.01382184699844,62.99542034285485
91,49.02136393543864,62.96116069410348
91,49.027214052570905,63.03166940085733
91,48.99989595480667,62.97260987994595
91,48.986162759288575,62.96741680921131
91,48.97452499210134,62.96196272654214
91,48.97176205896553,63.01132119812023
91,48.997980922795996,63.03828164091892
91,48.97374837292531,63.01306464280522
91,49.00729279474844,62.97553548127789
91,48.98586230419012,63.006808197739204
91,49.00741924519413,63.009361508245846
91,49.03259445226554,63.027614261825036
91,49.00458536254225,62.97747203194827
91,48.995544350147675,63.00550128061556
91,48.95747469602796,63.00125996139719
91,49.00639907994632,62.99828629554585
91,49.01400246074589,63.025774439031544
91,49.029576399325464,63.030793992393654
91,49.02611191939355,63.02659552188214
91,49.0061610418293,63.00807437201107
91,49.00118234787404,63.009689288694105
91,49.020731475928194,63.01851114797604
91,49.003936198316666,62.97675454197486
91,49.00952681333514,62.99140747434831
91,49.006853373909564,63.00502152508365
91,48.96880536300108,62.977783376791606
91,48.99298458074441,63.003068985073156
91,48.98986722587493,62.970561276894905
91,48.989029127456526,63.01174271327682
91,48.9933799215981,63.023713498203925
91,49.02996946061171,62.99309968310882
91,49.020113246895875,62.989106227065754
91,48.99736767098642,62.996731070396265
91,49.0197283081178,63.003645719882456
91,49.02990693871177,62.99130729671656
91,49.02581691340777,63.0053535759221
91,48.99959828625363,62.99005837427152
91,48.97535699687389,63.010738422988375
92,48.98504124167218,63.01024893273166
92,49.04811384602224,62.98921330113519
92,48.968261561628346,62.98298029347435
92,48.98814442509603,62.9648421045907
92,48.99984557318081,63.02439907035737
92,48.996003189174345,63.006059475996324
92,49.01250008968787,62.96744702899577
92,48.99523895423754,62.977930916929296
92,49.024927747251965,63.01112909009266
92,49.013807532033205,63.00057053402346
92,49.00174163180673,62.95601494228021
92,49.0074938847651,63.02485017011551
92,49.03785187883435,63.00129559641208
92,48.95995446531544,63.013687524126055
92,48.979513890569606,63.01177723931664
92,48.97272243107917,62.967763630147005
92,48.963896276405606,62.97437369131347
92,48.99783823211422,62.95852206016751
92,48.99316506697516,62.957967808619635
92,48.951776352984474,62.98955609042417
92,49.039523478921126,63.02506297780526
92,48.98978356629049,63.00417243933485
92,48.958974136642446,62.991742820245854
92,48.989221551382386,62.97144748701309
92,49.02630203882235,62.99257397712762
92,49.010005496158755,63.04732564312244
92,48.98461880288856,62.97465167823128
92,49.00877367950807,62.99417650352443
92,48.9947062926384,62.97264449405979
92,49.00128099904794,63.01525666095036
92,49.00707362209347,62.954040524435754
92,49.04105389882359,63.012554413305104
92,49.004747664299394,63.0382958580926
92,48.99466961837372,63.01402099321406
92,48.99249683490459,62.977702985999265
92,49.0018289884319,63.01675924334011
92,49.00702450462013,62.95226638044606
92,48.97167459716511,62.96758821442682
92,49.046358270133084,63.00910502437862
92,48.987691681177154,63.03196363911838
92,48.98940585738705,62.96868084981002
92,48.97761779656668,63.00639512399276
92,49.02890164656899,62.961938898368395
92,49.042216901741476,62.991923696454265
92,49.04286549426626,63.01317063942033
92,49.00987246708342,62.99628900217213
92,48.96939550226963,63.01987860008658
92,48.97041433994129,62.99068771410033
92,49.020945188653336,63.0389977487684
92,48.99643075154314,62.99339354158867
92,49.041813647080026,63.00146114110754
92,48.96824924598176,62.98624435455675
92,48.97204153645648,63.00918117159286
92,48.98871320985893,62.98817414490811
92,49.0030478061529,63.01639554934373
92,49.01443131851551,62.9960562644847
92,49.038937612650635,62.97109508259124
92,49.00360179999249,62.97849127128846
92,48.984378858457305,62.98140787634054
92,49.02783527545783,62.966360026800025
92,49.04636122082549,63.01381225780407
92,48.991454886231125,62.95748436423318
92,49.00060423145463,62.96143845320443
92,49.008580484617006,63.0066799489851
92,49.01137626048207,62.984349761710874
92,49.01471150705552,63.04595184701464
92,49.00067841699889,62.99366407906795
92,48.95022353575219,63.00284456683293
92,49.01977466389362,63.03444168099722
92,48.98906655510031,63.01853125215743
92,49.020937159647644,63.0099283273502
92,48.9831632289014,63.04298838171698
92,48.99509179213544,63.01821013137877
92,49.027782491332424,63.0343180586517
92,48.959547627443655,62.988171674295984
92,48.97773859926315,62.97551021362293
92,49.00531661994631,62.987919792158465
92,48.98633490681923,63.00854156123721
92,48.9792366949188,62.99317352669409
92,49.00901698500604,62.955489400750274
92,49.00863811157416,63.01050849402434
92,49.015116999001926,63.02026889239956
92,48.993739014825124,62.98566119332048
93,48.995095694277545,63.04740556933753
93,49.03966233661887,62.99851790210738
93,48.966424314652315,63.00296626916548
93,48.98849109984234,63.0265215088512
93,49.02427783187018,63.00406542754766
93,49.040487637291164,63.00872538372347
93,48.95198152264408,63.00360945300897
93,48.98862707219562,63.018260365115836
93,48.98536445297358,63.00342786342968
93,49.01948436993136,63.02213208310678
93,49.03143022869052,63.03259822681535
93,49.03297418114287,63.00094419580092
93,48.960672480062975,63.02313530926507
93,48.997006146172275,62.956984937519714
93,48.97321823808257,63.02212618283014
93,48.97360780806358,63.00165012464639
93,48.98851646737809,63.01920751984275
93,49.02439846406979,62.98569095657409
93,48.980030828787044,62.99901501707633
93,48.988472313873196,62.96157901194022
93,49.00269468191166,63.00375786371729
93,48.9986987100721,62.99239587513601
93,48.95331429220636,63.00091218720959
93,48.983306146376975,62.98412189098763
93,49.013187623029005,62.99011046427682
93,49.02743860379983,62.96237554759621
93,48.98329466127161,62.98486340426234
93,49.02090552242984,62.97383468600866
93,49.008670178120504,62.969224790509074
93,48.9962290959385,62.98765015426109
93,49.00499982058378,62.997588271468466
93,49.04707501834418,63.00419025422286
93,49.02583813741787,62.99569169629222
93,49.01185258814133,63.017727376933465
93,48.95654138904175,63.01867924843029
93,49.01554118185855,62.98700545512612
93,48.95713152524461,62.98440567695063
93,49.04967913820171,63.00466557109503
93,49.02677761743523,62.97052128206499
93,49.00952863603392,63.00762330867266
93,49.04185310211601,62.98198761744484
93,48.9925451478173,63.002886338501526
93,49.020569280506216,62.96885534327387
93,49.00310931230707,63.01681557333881
93,49.01440089614647,63.010879711654425
93,48.982002183795174,63.013407516391815
93,48.99523895423754,62.977930916929296
93,49.03222584921749,62.98413732083959
93,48.994673631232956,63.01908035713112
93,48.995659757946,62.98678316537181
93,49.02726136226663,63.03244800054327
93,49.022999288140845,63.036345240327265
93,48.99201950049896,62.9527245342988
93,48.992100478548736,63.02275504522779
93,49.03687032179927,62.991423856441386
93,49.03065427003843,63.03342749162355
93,48.99734879115718,63.017307790932215
93,49.02293805101254,63.00290151467395
93,49.009212923207706,63.009321595333084
93,49.01217916972016,62.959455769453676
93,48.992652842873866,62.97282370909463
93,49.03144547188105,62.986428807744254
93,48.9942711322347,63.02009054271316
93,49.01133197193803,63.00424377137173
93,48.969675783848665,62.98985745597503
93,49.03154639343386,63.00875705690972
93,49.00070631277639,63.00917210344489
93,49.0237161070314,63.01974905127453
93,48.99282626552033,62.96375900037967
93,49.00315556381813,63.001006723450026
93,49.01487591481639,62.98413972729792
93,48.993913467668705,62.9872038047561
93,49.00481482680163,63.03891169723097
94,49.03577947986779,63.01079356939854
94,49.007047918233106,63.030485790575355
94,49.002410579084895,63.02102903247117
94,49.0181176041179,62.976624512036445
94,48.972053634051775,63.000698463690625
94,49.00128068683553,62.99525847114846
94,49.026726536197145,63.03598399804347
94,48.95731620413552,63.01476178039321
94,48.951972794540005,62.9992942371987
94,48.99243293728027,63.03529347633504
94,48.986396838041045,63.00275012416374
94,48.99450127508321,63.01701343859279
94,49.00721165784561,62.954396012605
94,48.97900051577983,62.977451009121474
94,49.01181841763518,62.96730438778376
94,49.0105437716007,62.98424615511792
94,49.01937064915153,63.00121334410905
94,48.978124245510834,63.036399694627264
94,48.96703445592819,63.002527993945385
94,49.01194999861276,62.95257758537929
94,49.02450774670796,63.02218559270782
94,48.9940133437835,62.96580730787084
94,48.98377446350964,63.01111353547853
94,48.98434751246064,62.99522942271922
94,49.03315209341555,63.00601057408165
94,49.01575736916545,63.038627575376
94,49.01191707455348,63.00606611546131
94,48.99417823535124,63.04488099685046
94,49.01181621540129,63.031954806630566
94,48.99741278632126,63.02269578896692
94,48.99330359946571,62.98261602455418
94,48.963014409659635,63.033136659663235
94,49.0231633415289,62.98615597182843
94,49.0202151307071,63.0105090727699
94,48.98418127685695,62.96181002879948
94,48.9724988226059,63.03681974561612
94,48.99078280269692,62.96401534419927
94,48.99743993618891,62.98671350976634
94,49.01210454314402,63.021594363406216
94,48.99229626850347,62.98437253367073
94,49.006208441885725,63.01200848343552
94,49.00810173860389,62.9886202087573
94,48.983094901295516,62.95294821830344
94,49.04732649308315,63.00844117588747
94,48.974287245180534,63.00794506188059
94,49.029742733480056,63.034343241283516
94,48.9585935614663,63.01282367934185
94,48.98433941685515,63.00429223056076
94,49.005798408684875,63.03078633808987
94,48.97319217756861,62.97461722164075
94,49.00718186452828,62.99553459052338
94,49.008438791003826,62.95074550217897
94,48.984530688646835,63.00288731981969
94,49.03219451349607,63.00519339940132
94,49.01102422806097,62.95761911908096
94,48.978658325029535,62.96421968639375
94,48.98794053598098,62.986185361041855
94,48.996295953771664,63.00420749021934
94,48.96829677454464,63.03295590043248
94,48.99289166148994,63.044274968901334
94,48.97711941545895,63.00066484240057
94,49.00912214360781,63.031982462221734
94,49.00379425302072,63.033241533800506
94,48.99730730954375,62.98120314542971
94,49.016367682264615,62.98076514598762
94,48.980538085562465,62.98635000019357
94,49.00291715566402,62.99504430536624
94,49.01164695383987,62.95386223776799
94,49.03985222922065,63.0061461609429
94,49.04386442278989,63.00652017917689
94,48.97018990404839,63.022928392782035
94,48.97219643434456,62.97155676831118
94,49.01099598845592,63.01121499054269
94,49.04885592578081,62.99482745222829
94,48.98967670045087,62.979826959667335
94,48.95161714370146,62.99739447127935
94,48.97178330630136,63.03937447813382
94,49.019702315446764,63.01815793880439
94,49.014421866231,63.01007624352947
94,48.95901635043183,63.02079616702188
94,48.96837487139568,62.99593930869017
94,48.99608190781263,63.01175054357697
94,48.98119177256982,63.0459524281716
94,49.0285974457995,62.99921530472298
94,49.04269689861226,62.98782735981133
94,49.03989802305041,63.0285618194829
94,49.01327641282055,62.990406985486615
94,48.98213486470383,62.99300504702217
94,49.04012142763841,62.99181112191831
94,49.02301438762505,62.96216115004312
94,49.04478240152019,63.00907007745101
94,48.96616073650583,62.98915385171129
94,49.009439123279584,63.009896534197
94,48.967048620574154,63.00608425301004
94,49.01571961219539,63.034145898891715
94,49.00047724069855,63.04865501713651
94,49.030755286424046,63.035469769840375
94,48.96274925460407,62.983822217760576
94,49.00087403728964,63.01010038797343
94,49.00512255231454,63.04795301095473
94,48.967305184230476,63.035211421460396
94,49.01614108677572,62.98998469641975
94,49.00300270765034,62.971606574880774
94,48.95541942862186,63.00786505489239
94,48.972823301031774,63.01039042029766
94,49.021644760963454,63.00547326603307
94,48.99340823428253,62.955208147266504
94,49.00276083528152,63.002150786967164
94,49.0087037120871,63.008059137003805
94,48.97882393993242,62.98833834650907
94,49.02312218384362,62.9982595532939
94,49.03470862910214,63.0262434655449
94,49.0202757265893,63.02308669727153
94,49.006987041472875,63.03367347803555
94,48.97430246120486,62.97553187922765
94,48.95629015987205,62.99842181589795
94,49.00056783850126,62.950222841940345
94,49.0341355534139,62.99258844507809
94,49.03416180006434,63.01105636271268
94,48.99790414645082,63.01277846571479
94,48.95352915635932,63.01261216897929
94,48.99379300748718,63.01761611664454
95,48.99439144010642,62.97731052887266
95,49.00130362877603,62.95171773965379
95,49.04418502196275,62.98572345903058
95,49.00932170742122,62.966403041452196
95,49.01372730814713,63.01000133951366
95,48.99627011615381,63.00593441648661
95,48.958111895042535,62.99551604772862
95,48.9677874567596,62.99880459256521
95,49.01852597002675,63.02810826523787
95,49.023617339566925,62.983276678200376
95,48.97044391087287,63.01600942816347
95,48.97835434771207,62.98172745100223
95,49.04682567433842,62.99720902754796
95,48.98829739267539,63.01967763921281
95,48.97766834613942,62.9917349014269
95,48.96759798739244,62.98681346315314
95,49.00578654165286,63.04083564718674
95,49.03485237753367,63.01241978799003
95,49.0236866075097,63.00395470803662
95,48.96048186405999,63.028973066442994
95,49.038794529041866,62.99148955870123
95,48.96928050343804,62.998793694352536
95,49.04609788914581,62.98769757196697
95,48.999320146811506,62.995174150806356
95,48.98051719253806,63.0016013785253
95,49.043248151563525,63.02078192203401
95,48.99038384401586,62.97081747915698
95,48.986993239995584,63.00551281209492
95,48.98606241990069,63.0321813347522
95,48.984252592358665,62.98747462698398
95,49.02647057696647,63.00699773402576
95,49.0224950969549,63.023424245559504
95,49.04527899543612,62.99001799093262
95,49.032898505804674,63.001079187747294
95,49.028197798564015,63.011521928377654
95,48.9704436302138,62.997473301044664
95,48.994906286810384,62.96444561059701
95,49.01542175035223,63.047381286802306
95,49.017368160579,62.992455015815366
95,49.02780761646639,63.00791914038878
95,49.01435938589501,63.029756044104566
95,48.95936573721862,62.98072480244043
95,48.98241023880774,63.021746367607975
95,48.999265738936394,62.97762067094561
95,48.98263387646791,62.990674388431735
95,48.98788257160931,62.97372042890803
95,48.99363474536068,62.99698462849752
95,48.978819978216826,62.95850945578097
95,49.00389923428989,62.967710590263444
95,48.987631695717646,63.033197224942874
95,49.01884296433075,62.970717629129034
95,49.00153982831164,63.01641397935581
95,48.99723469964251,62.96448352890055
95,49.01388219095656,63.021083563501115
95,49.005374556342495,63.01967770848812
96,49.014438303669934,63.04759523060278
96,48.99392849289758,62.999031332906945
96,48.96222137958426,62.97712003695894
96,49.00569195951038,63.00934863884159
96,48.982941916311944,63.020720466696105
96,48.982820096381054,63.01075302011964
96,48.9881720133753,63.000316251464625
96,49.012894255032045,63.040500060160056
96,49.04336541741399,63.004470214541854
96,49.00617357300063,62.98991627039262
96,49.01773411220372,63.03764063305888
96,49.020234777233284,62.960212085668715
96,49.0311074096284,62.999762384784354
96,48.99319892115934,62.980779332247515
97,48.98427664988855,62.988201398174546
97,49.01651717934378,63.01094454982259
97,49.02349122363734,63.000200145745616
97,48.98002997015858,63.035702216467065
97,49.02235272244424,62.99162638686673
97,49.00635551347497,62.9802899571753
97,49.0199347121269,62.95590003023985
97,48.95889507845883,63.006651170228196
97,49.027312054044685,62.97541095873682
97,48.977942306852825,62.95608698248888
97,48.965701106748874,62.98078569816823
97,49.03159162394889,62.99111995430959
97,49.00607190139166,63.003698492779655
97,48.96494842058843,62.96874405404729
97,48.98363060334782,62.95558808803169
97,48.97835033561018,62.99636515699723
97,48.995862538202786,63.021079224588696
97,48.97307950704252,62.96867434843446
97,49.01149873879182,62.955662486876996
97,49.002410579084895,63.02102903247117
97,49.01752087433345,62.961733149082335
97,48.9969274638389,63.03960218479368
97,48.98031098299062,62.97724784770835
97,48.99727439144722,63.01982960168454
97,49.04624111337767,62.985525385810504
97,48.95724031813073,62.980739266659825
97,49.030383674239616,62.9808525478368
97,48.989990699306865,63.03300460451279
97,48.978803019138596,62.96462939315474
97,48.95230453696228,62.99621875725249
97,49.006078005055,62.99568764511771
97,48.998225914025554,63.04574312603139
97,49.02110034973564,63.023278112773724
97,48.966386382022115,63.013930752662006
97,49.04172899324475,63.01515733696533
97,49.01371058403711,63.03194545195886
97,48.97944469550071,63.00335490271268
97,49.000258603944395,63.045682518305995
97,48.99158977004247,62.99910215351469
97,49.0140964926667,63.01205049688868
97,48.978650887821004,63.027561281222155
97,49.01884051087151,63.00114016269997
97,49.01279219408521,62.956496732743645
97,49.00106167076934,62.96638026445544
97,48.968413959893894,62.97248819605897
97,48.96837487139568,62.99593930869017
97,48.96856376754239,62.977624768390505
97,48.98156939509465,62.986215147031494
97,49.03491062056958,63.02626986252058
97,48.965605131941786,62.98955695859835
97,49.01293308985871,63.031081836470186
97,48.99103458479284,63.027529378853664
97,49.033926058926276,62.970574569997375
97,49.00618976372456,63.03372350524515
97,48.99559104953377,63.01590123530286
97,49.02820324337191,63.03596463286546
97,48.950418305157335,63.003428449841046
97,48.97318245672974,62.96542100444711
97,49.01737069732875,63.01625540011144
97,49.01027379015382,63.04846717925784
97,48.97466877912392,63.02858402448278
97,49.02398239493123,62.96315254054744
97,48.9721581445439,62.99019340733623
97,48.995282597396944,62.97580021377772
97,48.99511261017836,62.98892811074948
97,49.02018331669383,62.97093604142895
97,48.989680438275265,63.017255055592564
98,48.98537627442847,62.961572655794605
98,49.018847932340385,62.96388030480287
98,49.03447996310898,63.031121185615014
98,48.99238262338395,62.98672107554477
98,48.95466987727867,62.99757821584252
98,48.97427019554926,63.00504473741561
98,49.00046526286509,62.952381543354356
98,48.96202690772155,62.99102678499797
98,48.98242753286696,62.95508838002136
98,48.99844996864547,63.02241721871806
98,48.99923289680743,62.99424010416955
98,49.00426867884158,63.024092214744066
98,49.01244900214306,63.010619101242995
98,49.028408899573684,63.03119841030686
98,49.02535986193899,62.95953873584367
98,49.01970437540437,63.00822918827484
98,48.96662124487145,62.987753243906525
98,48.96767623178135,63.03046910163769
98,49.01510625708521,62.983485553449086
98,48.9747169429137,63.03419124112801
98,48.98121742195983,63.015287168802246
98,49.038762676733235,63.028777185986414
98,49.02698754430708,62.96549965782624
98,49.02930712945823,63.01846777616031
98,49.01776951812732,63.01001153557751
98,49.03188220073849,63.02291920502689
98,49.006258323308295,63.04880541724321
98,48.955982775705024,62.98723475088842
98,48.98986020322145,62.96959263048562
98,48.991892313025204,62.95679749173039
98,48.98966898223047,62.996993475641005
98,48.9942695605355,63.01817590843709
98,49.01929341543933,63.03510077454535
98,49.01501747584662,62.98097314126516
98,49.00707307305423,62.96160058823191
98,48.981448047431016,62.95768832038661
98,48.97172662944612,63.02878862170458
98,49.01592244726386,63.02599521395378
98,49.02067069578533,62.96651857250566
98,48.988910600425186,63.03305880275409
98,49.00296495382132,63.01237063298284
98,48.980300933054195,63.00226334770382
98,48.98023859383367,62.96790144250546
98,48.965026103154955,62.98518182972302
98,48.97961443860438,63.04187200145801
98,48.975774552224635,63.03632067050173
98,49.01531022453354,62.95374099274354
98,49.012922886227656,62.9667449415153
98,48.98749205082501,62.95508385362126
98,48.988212009740906,62.99228902740324
98,49.031587246321834,63.026260569708754
98,49.00279047993748,62.97493570939384
98,49.01461840623698,63.01369968085891
98,48.998759542294486,63.04764126353076
98,48.970313396171775,63.03989311122211
98,49.010887142331526,63.03172076894663
98,49.00502030815292,62.979439470866005
98,49.034706650075044,63.035509709498506
98,48.978201151230074,62.98090326154643
98,48.97358765809729,63.035726802529844
98,49.016511853504596,62.97141267237609
98,48.98596007977878,63.03333605320958
98,49.009961792848905,63.01903177338389
98,48.986853154167086,63.047022806787204
98,48.98682187969171,62.96956697280945
98,49.02472922434264,63.01578270531808
98,49.00194265578682,63.00468125927772
98,49.01561488150715,62.975680781703545
98,48.972021177582036,62.96081339278853
98,48.96387544573024,63.011697675786806
98,48.98585207330463,62.98380467015387
98,48.985562429971715,63.03860472475992
98,48.97177260683811,62.991623717154766
98,48.9972991183267,63.01421427661602
98,48.98528875382741,62.98836145184548
98,48.97970481626648,62.986958432990924
98,48.98786936738469,62.991874490507335
98,49.02776125108786,63.02969167605275
98,49.03913957703174,62.99012434831722
98,49.00766061431088,62.97395810745886
98,49.02201791221129,63.037362891821566
98,48.963198417912125,63.01729647036099
98,49.02280380132097,62.995825730132246
98,48.992321250277186,63.03317984746161
98,49.021634911474436,63.04126356686713
98,48.985316668534544,62.975666750177126
98,48.975947125536216,62.97825016740163
98,48.995649758328,63.02585280697814
98,49.03898633082943,62.98412853738489
98,49.02467064227359,63.01228006821831
98,49.0167133275589,62.975272840284795
98,48.997194227682435,63.017361051908246
98,48.9900921526124,63.01192953804809
98,48.97345482981398,62.995238875670836
98,48.98786595499061,63.01082603388635
98,49.005158673321034,63.00978434440742
98,49.02603046813634,62.997211322505976
98,49.00900897990194,62.97345914099052
98,48.97262201569656,63.01531848407052
98,49.01790820484225,63.043396977729934
98,49.04329488860775,62.99344774064198
98,48.99873044385986,62.9923051318828
98,49.02770809676377,63.0301532969752
98,49.02726593925771,62.98906763452712
99,48.97637422093656,63.010915486584345
99,49.01467873007204,62.99264359488853
99,48.99138104103025,62.95289489378317
99,48.987441167678085,63.00403317628931
99,48.98911994028875,63.01588953338009
99,49.019621642145424,62.96030909113958
99,49.01819418767559,63.01680121344112
99,49.0055146166732,63.000570280501215
99,49.035364788061244,63.02397049514939
99,48.978124245510834,63.036399694627264
99,49.04105236523537,63.02312986404315
99,49.00256686041001,63.047403418888585
99,49.014714162602864,63.03414915522709
99,48.99654551786911,63.03669976909833
99,49.04045407035268,62.99006653651283
99,48.960153651123875,63.01064292014129
99,48.96490303403831,63.00104471519134
99,48.958724522456436,62.98032645178367
99,49.00822848534058,63.01826080003693
99,48.980163327682234,63.000617225413926
99,49.019569162092665,62.9948642784101
99,48.99914169950167,62.9938346632133
99,48.98090883586611,62.96079584938329
99,48.99803432424842,62.970833167051865
99,49.005582388143544,62.98399763192545
99,49.01169936941071,62.982860153572176
99,49.02926609341453,62.96150412155649
99,49.031919097916344,62.979727563972546
99,49.00208655305696,62.954341738078796
99,49.0114173724538,63.003681420266254
99,48.98508778496609,62.99317891062415
99,48.97334607118355,63.01620735505971
99,48.98408047720453,62.992153680994036
99,49.025936296320204,63.01791724449519
99,48.98407522511697,63.03992014884422
99,49.008671688830674,62.978823465798094
99,49.03695723439636,63.03108331190994
99,48.970419381660584,63.034058305120745
99,49.00744418671557,62.982065075195855
99,49.03673616714936,62.973189542433666
99,48.95255566884735,62.98947684581356
99,48.95124001828407,63.0092316633064
99,48.9760076880686,62.974662857875536
99,49.029620907588416,63.00469781211745
99,48.98363403915924,63.00716463700514
99,49.01688930120431,62.95611954176197
99,48.98712349761597,63.04771758778981
99,48.99620888183012,62.957787493293296
99,48.988090152115376,63.01258223950554
99,49.01499017204083,63.03423189517902
99,48.97582182370562,63.01797939507508
99,48.9881720133753,63.000316251464625
99,48.99853103901337,63.00164739984297
99,48.989520798975995,63.03927866598518
99,49.00337465859156,63.00325390158156
99,48.99411857029543,63.049390590249736
99,48.9895339273165,63.025548690202314
99,49.002478456187006,62.983071257422125
99,48.97381440146907,63.00609439382007
99,48.98872858462566,62.996541118739955
99,49.043496080311286,62.99139490218716
99,49.02372305374736,63.04102677681175
99,48.986813892025836,62.98540110947713
99,49.03966233661887,62.99851790210738
99,49.028858008071005,63.017065217383035
99,48.98815456047274,62.96826433252932
99,49.01444845359761,63.0118238040149
99,49.01181621540129,63.031954806630566
99,49.019384227661504,63.038692981677336
99,48.9629554472285,63.00110237066861
99,48.98105207474018,62.98474907081771
99,49.00221006880476,62.974262351807305
99,48.98148237681632,62.99638121273442
99,48.982645086141005,62.964346022139566
99,49.04007012937588,62.97428815195421
99,49.037034221460566,62.992514690241784
99,49.014644801323044,62.98390914865222
99,48.96423969415666,63.02065493487032
99,48.980780344444184,62.994137465330844
99,49.0063168590444,62.987891582564785
99,48.998872544160236,62.96653132390554
99,48.98465040304757,62.99162597610769
99,49.01108540574396,63.033370363567364
99,49.04329158000087,62.982728906079345
99,48.975829001565614,62.97579756410403
99,48.99726386720122,63.048444441981026
99,48.99014152977772,63.02555987273176
99,49.02203610239751,62.97759674536478
99,48.96545673887461,63.03137198423956
99,48.98189723714409,62.969759449840744
99,49.03594159425696,63.006115346618515
99,49.018059809167205,62.968935133401175
99,49.019300331185136,63.0090634521486
99,48.95976028470649,63.021329477663144
99,49.00093748822817,63.003490138800494
100,48.994826694525166,62.99168236759857
100,49.03785503520899,62.98437249412332
100,49.04366703394783,63.014009776245395
100,48.992872645195106,62.98737306638159
100,49.01670247546887,63.04054038888591
100,48.99147918411206,63.01176130927283
100,49.04183709227379,62.989116835699605
100,48.962284856004224,62.98325808446169
100,48.97690598356037,62.97458411212737
100,49.03628993011677,62.97988836542756
100,48.97283445498675,63.01182018982261
100,48.98189668910674,63.02892853972644
100,48.954294717589484,62.98522145472862
100,48.98609216333696,63.047115681792704
100,49.0147293375233,62.98147418576377
100,49.008314080405746,63.03023363392068
100,49.02264468331314,62.97770747154315
100,49.01859014391738,62.99548860031758
100,49.01822882399862,62.97498196307172
100,48.96423219160173,62.975308018846384
100,49.03158091495382,62.9804794032052
100,49.020524837840846,62.968165280225016
100,48.98435766352222,62.99414193755328
100,48.98817316900776,62.9778423914993
100,49.02402352248697,63.019854829688654
100,48.951753785309506,63.010225176417414
100,48.99280729451311,63.01841236009785
100,48.99810427675032,63.01646874306429
100,48.99671081210311,63.0321058122283
100,49.02354518929469,63.00332669858498
100,49.00046299798279,62.969890333262576
100,48.9959814744432,63.00800299631767
100,49.02088025561225,63.002980245689194
100,49.03143461304476,62.96845992201618
100,49.01728596132473,63.045065870114165
100,48.963821589238144,62.98553488163245
100,48.98786961747627,62.9519327396396
100,49.02764132923042,63.007978631851216
100,48.97074289894415,62.977069843865415
100,49.04967913820171,63.00466557109503
100,49.008137699422,63.03065523951985
100,49.041847079634245,63.01459403270584
100,49.00126312192444,63.002550960589716
100,49.04138997976078,62.9724571255803
100,48.95342424659674,62.98469321536521
100,49.01769501546671,63.00084180407252
100,49.00218410562621,62.95032303033827
100,48.96863430039787,62.97617064204499
100,49.036375283978735,63.00241199229631
100,49.00045524028565,63.0101180675761
100,49.04412419513492,63.01885042484227
100,48.98911994028875,63.01588953338009
100,49.033920390635615,62.973387266314646
100,48.98013154563166,63.02835731573399
100,48.996582910111115,63.00680639470631
100,49.03507721054833,63.01937130372848
100,48.97545766352097,63.03697318933416
100,49.0091703404785,62.962564796994876
100,49.002395472927084,63.00187336036213
100,49.030352425791556,63.02342592305783
100,49.020364450948755,63.02680940531891
100,48.99739332333285,62.96595742856856
100,49.03327413110394,62.99036356093391
100,48.962207170518326,62.992509053990375
100,49.022426286582466,62.97525729604147
100,49.005346795552484,62.98802515284412
100,49.036870566592306,62.97356433356024
100,49.01385699415829,62.995994763796205
100,49.01305040799012,63.00913353688002
100,48.99075227423846,63.03490382039848
100,49.03434515688866,62.97508328731928
100,48.981892954500786,63.00892508035831
100,49.013323644242405,63.02315197973567
100,49.03412825825451,63.00372318189514
100,49.03543808247838,63.02269254732997
100,49.03184580976903,63.00760943026918
100,48.969083346638286,62.984798666162966
100,49.049471091534976,62.997737462118344
100,48.983371347727356,63.014591825472785
100,49.03310995905356,62.98933148520196
100,48.99750420174792,62.96603600259639
100,48.97501863777827,62.991652021623814
100,49.04045407035268,62.99006653651283
100,49.00075332228488,62.99500832014043
100,48.95240407912412,63.01345406850534
100,48.97894924248936,62.99483202932498
100,48.987691681177154,63.03196363911838
100,49.024992938083166,63.03272084132341
100,49.01379136399151,63.01576511128316
100,49.00262686487721,63.046822735079154
101,49.030498629432984,63.018562478577785
101,48.981566667661156,63.01325902271445
101,48.96741480785938,63.03649760037523
101,49.00178814051557,63.03575546165423
101,48.98153947762851,63.029603059413276
101,49.02525173694746,63.00816678127616
101,49.013587247958895,62.984703145610936
101,48.96253412177939,62.97470075890135
101,48.96963527993854,63.00362993714649
101,48.99548080208964,63.006888063259964
101,49.00011351224419,62.95821219923594
101,49.013946967811194,63.037214827580556
101,49.00827819818622,62.984686425843
101,49.02672919088681,62.99844621892847
101,48.97933386045728,62.991176494305634
101,49.014566446475484,63.01527664135344
101,49.006109852557245,63.01214457281153
101,48.98178406042593,62.98748416161598
101,48.959460443319855,63.00980814464886
101,48.960105992793004,63.00850589776994
101,49.007095462917846,62.999608698818776
101,49.0216785273907,63.04502781875806
101,48.981039882064835,62.98251493173196
101,49.01220363063498,63.044402919088235
101,49.01682972302141,62.98931138315574
101,48.97185220149178,62.97123091612598
101,49.003762326522775,63.011114273741484
101,48.97052954192891,62.96779256857457
101,48.96001776710268,63.00070390988058
101,49.02101949619303,63.02220022751005
101,49.00923530095486,62.98823435319184
101,48.996135824526384,62.993104435444636
101,48.99703359778429,63.008367782713776
101,48.964408448906994,63.00497561594365
101,48.961318234597606,63.002236900052736
101,48.99459067502972,63.02362420759098
101,48.97054350776641,62.97082783099152
101,48.9612462802877,63.00285146303848
101,49.02010281110139,63.00031496029133
101,49.0169720783128,63.016712558210344
101,48.986780643387576,62.997940035813336
101,48.99741729099226,62.956890901832296
101,49.0087399797845,63.04622377885892
101,48.99364935989631,62.96799003219039
101,49.01441989754085,63.01631120482728
101,48.98051719253806,63.0016013785253
101,49.037777573371365,62.97897609001547
101,49.0077263359946,63.02092596570884
101,49.0467299321997,62.99053512225813
101,49.003706500753474,63.00115377862595
101,49.00890604738355,62.994490288286705
101,49.00843448219509,63.01691555290914
101,49.03111174845059,62.97549154657379
101,49.01682575709411,62.96015972088479
101,49.01681119305529,62.95681446358557
101,49.01629623763513,62.982496234662044
101,48.96237994964665,62.997571603235784
101,48.98327500542405,62.991215513196096
101,48.986780643387576,62.997940035813336
101,49.02917033248947,63.03068386786017
101,48.99259308884293,62.96520801414203
101,49.00750692594227,63.00504805137491
101,48.9722303453422,63.000811140363474
101,49.021047550194275,62.97411321428557
101,49.02478871251973,62.972775740684085
101,48.96391334550021,63.021008614339976
101,48.9585461553737,63.000932856977485
101,49.029223836912095,62.9948758755152
101,49.00554172970249,63.01868127201998
102,49.00937585890667,62.95195688705652
102,48.96679970245973,63.00231401666718
102,49.024409154440235,62.97082545837828
102,49.01025604011792,63.02162464739128
102,48.989314644482825,63.015634913032365
102,48.983720408201926,62.98847707724646
102,49.01506107630706,63.003639514611564
102,48.98284034593072,63.001240562159516
102,48.99422251607251,62.970543921646566
102,48.971989081676256,62.97381320112254
102,48.99575055503933,62.97246651781709
102,48.981076342295786,63.00632144546719
102,48.98161546506616,62.981549056004106
102,48.98164189265429,62.99610629348831
102,49.00230514234669,63.01575085277997
102,48.996680884738204,62.985156580808805
102,48.957537476534114,63.01714682686964
102,49.03786416828456,62.98609591958236
102,49.02542254340668,62.96647622592689
102,48.98345121401586,63.02603573784493
102,48.96494386412741,62.984824159275554
102,48.97774478561831,62.98810148915895
102,49.02505007838581,63.038232184882645
102,49.01542420720825,63.03092231428807
102,48.97522973543239,63.02073148075717
102,49.008269143488995,63.02594893134033
102,48.95415245295772,63.00715876006293
102,49.03565952767961,63.00227043399347
102,49.01208011541479,63.00807051639343
102,49.00123340107803,62.976389133117394
102,48.96554568818987,62.97816751389982
102,49.02391470093187,63.016234753780566
102,49.031844054998544,62.969139621771035
102,49.026515510447084,63.02695610076077
102,49.002604731428406,63.01207201242222
102,49.04192172262507,62.972759276618156
102,49.0133172216217,62.97512491490284
102,48.98380476142184,62.99049678649553
102,49.03423865488183,63.021249517085195
102,48.97896553855727,63.04323133684901
102,48.97226436007601,63.00733346941489
102,48.98911914715862,63.003418799972394
102,49.01215528381343,63.015689494557975
102,48.98427664988855,62.988201398174546
102,48.955980362287306,62.98403408343225
102,49.02194237843782,63.01077941757796
102,49.01768934203651,63.00485472258913
102,48.972320678527545,63.00890424839478
102,48.99085721747643,63.032836051421334
102,49.003562293855694,62.998281143477435
102,48.96883294035731,63.012306619998526
102,49.012867164461724,62.98517280930354
102,49.007139563226886,62.97881922152646
102,48.96777565617886,63.00133722663441
102,48.95997025146746,63.02454695291099
102,49.03075499195231,63.01514876117754
103,48.99963012157067,62.985147172683455
103,49.01126611878176,63.019753917524106
103,48.96676141622176,63.007078684509445
103,49.0046501684254,63.039177640670744
103,49.00667465624245,63.01593068318915
103,48.978270220034254,62.968407854360066
103,49.038597820004846,62.992141747638335
103,48.96973393965803,63.034250651498446
103,48.99450578060682,62.95086703408371
103,49.009869910941944,63.022437825180035
103,49.005032854568704,63.001847156486335
103,49.032965199967144,62.99790453229317
103,49.002748336520824,62.97920383036951
103,49.000946127738466,63.03375092050981
103,49.02404555632188,63.019294062548774
103,48.97995115853719,63.03027331450868
103,49.019166915016825,63.012366231254255
103,48.99363370432796,62.99553847513338
103,49.02011045491181,63.02292842800183
103,49.00112870596468,63.020366930725345
103,48.99674037316958,63.04790165743249
103,49.00368243132931,63.01040754693317
103,49.02602171915195,62.96437549219283
103,48.984784799256865,62.9765257839567
103,48.992988506072365,63.036529284575444
103,49.0145117876913,62.989619654766045
103,49.01650832328623,63.03211837419426
103,49.03854525288445,63.01021820679949
103,48.9863055796107,63.01072000554896
103,49.017596126815974,63.00300662988765
103,49.03858734951416,63.02306133860642
103,49.00550934436465,62.995584792319534
103,49.01362478628939,62.965246383278355
103,49.0068474666608,62.98270103830438
103,48.97132276544635,63.013536487912425
103,48.95698727899801,63.017142396378674
103,48.957076538990634,62.985283675566144
103,48.97522841334341,62.978678471270875
103,49.026875214681645,62.97040493665112
103,48.9665362098428,63.015112424773314
103,48.997875439776706,62.991770637640734
103,49.02791165797034,62.96947683540063
103,48.9863957419622,62.958378688122224
103,49.0049546505244,62.98368794135949
103,48.98105448459998,63.04287153506941
103,49.01970955582003,63.02620473401716
103,48.98785305721877,62.951925635109276
103,49.01469776976584,62.9992378098077
103,48.98199077676401,62.986255418771094
103,49.03994662811226,63.00056066672709
103,48.97805106760054,62.97376452211629
103,48.967488784867086,62.998271582533555
103,48.97682458512153,62.97861567258519
103,48.974492506921074,62.96226795135769
103,49.02901904942789,63.011677186623245
103,49.01234258571745,63.01458552845655
103,48.99439144010642,62.97731052887266
103,48.971952834174346,62.98488551846204
103,49.01344620496196,63.01987317090402
103,49.04256748930429,63.016635623841616
103,48.97434019947239,63.027139166858944
103,49.02809618705998,63.03037212757589
103,49.016828704730536,63.00999984759116
103,48.998810095519346,63.02738852975576
103,49.00146161851334,62.99423095645638
103,49.00309235713862,62.97663225860759
103,49.026076935642266,63.0294788099845
103,49.03090861350162,62.980346319445346
103,49.04722326207378,63.012009298848376
103,48.99045968576673,63.01902347734528
103,49.04069505413207,62.973649822205424
103,49.01526920189548,62.97718177931944
104,49.018061452618355,62.98762912212599
104,48.99237133997992,62.96427987373421
104,48.99077671458455,63.04463741384331
104,48.984483353423826,63.024551573226624
104,49.01505749032345,62.96855526551167
104,48.99130889899184,62.99730882980996
104,49.01071154063945,62.97172694395362
104,48.99419866382949,63.04688853221399
104,49.03233099991006,62.975873332595405
104,49.03067225490573,63.01560789815778
104,49.01378888539037,63.020575370726064
104,48.97031449319043,63.00015836370027
104,49.03536974504414,63.01138866784793
104,49.00595801364033,62.96489053600769
104,48.96348904234655,63.016898445662854
104,48.96206207386889,62.98094310343112
104,49.04271119381583,62.98116974163592
104,49.01421539000764,63.024687519709296
104,48.95215087619218,63.00152654983017
104,48.996889730540275,63.043412111478226
104,49.02280380132097,62.995825730132246
104,48.968908536603934,62.994943209693666
104,48.96382242859267,63.00675812244856
104,48.96777565617886,63.00133722663441
104,48.95125639944205,63.002840791861
104,48.96792939378988,62.97491688994047
104,48.99359264503166,63.01532746880343
104,48.98154148374185,62.99719405591287
104,48.99960009642655,63.03131639339043
104,48.98869678648006,63.010185039762135
104,49.010103087221,63.028824703073624
104,49.03110485626416,63.038923445602414
104,48.987165775161,63.04102365699031
104,49.04624111337767,62.985525385810504
104,48.96831403347048,62.963661029912345
104,48.987317126497004,62.998536131716875
104,49.028451926145166,63.010473283833285
104,48.98570740087396,62.98506072460116
104,48.985634090468835,63.03349781769004
104,49.0254434420519,62.96259205929297
104,49.017234088855176,63.00323603115305
105,48.983436400719526,63.04277617285487
105,48.968202292160655,62.98904328932414
105,48.99584221930859,63.017137995609204
105,48.95119330842442,63.00238850402976
105,48.96079990900818,63.01350387101133
105,48.977790987888255,63.03966117685493
105,49.041906246022215,62.99056690760602
105,49.044429283040046,62.9881012394679
105,48.96435822064204,62.96511735937331
105,49.036003300704486,63.03222288672714
105,48.98383660833995,63.03655311354201
105,49.008244981816894,63.04350651308942
105,48.97461765520061,63.030582779725584
105,48.97867213417433,63.02530274889146
105,48.972345747189514,62.96974909257034
105,48.999780761421285,63.030109518494804
105,49.033514262835894,63.009560834305
105,49.014289408476905,62.99372166095862
105,49.04719108805417,62.98672357409201
105,49.00912318745336,63.043746277862105
105,49.021618619783325,63.00866210415957
105,49.03715948309651,62.96956399184071
105,49.01616994874554,63.04237307610761
105,48.97840588467534,63.025258996770624
105,48.983544551142636,62.98784430095081
105,48.9939593646951,63.01303372763093
105,49.00201540653702,62.98877447348588
105,48.97756998958897,62.9924362419306
105,48.95930741069133,63.01483489744483
105,48.98603203657495,63.01589706064057
105,49.00085999962141,63.03242475214938
105,48.9680601399068,63.00341461622092
105,49.01568707231031,63.00047815091351
105,48.96673898484495,63.03693300731963
105,48.976036328520024,63.00885970544729
105,49.01445067268734,63.04242603626197
105,49.04656904809956,63.00320429546304
105,48.99960974367477,62.984799746498396
105,48.989054963489664,62.96297135924519
105,48.98850490725997,62.96178599714335
105,48.96355659875697,62.9877744732272
105,48.98740344702297,62.99766171688897
106,49.00173317102755,63.010210734983204
106,48.973584193771885,63.0184364982913
106,49.00837060591105,62.99395533736143
106,49.00297744674708,62.978360372842246
106,48.995102255587675,62.99994650880319
106,48.95259161000731,62.99197467994573
106,49.00852843485103,63.00819557097923
106,49.011759598137374,62.98240061338247
106,48.996614487643335,62.99652011620142
106,48.977736708648365,62.98280266417864
106,49.021947438627194,62.97500405748728
106,48.99327261870171,63.04121836617662
106,48.959992159127296,63.00810534291401
106,48.98383452571239,63.02689185299311
106,49.00846057775128,62.99045937361526
106,49.02561414734846,62.98755561641114
106,48.97487678996767,63.00426992727041
106,49.01665953665553,62.980360658772526
106,49.020569280506216,62.96885534327387
106,48.99439104432391,63.00940108872554
106,49.00359279135814,62.96501715234947
106,48.97147477181255,62.98928671495963
106,49.017982089043166,62.96557145624309
106,48.98053955037012,62.968164166051764
106,49.01262017812462,62.985437698215584
106,48.99785145239401,62.99238280913333
106,49.00702959239713,62.95705492552737
106,49.01166186658399,62.98844729697905
106,48.98493132249688,63.00519357820501
106,48.97945135952183,62.982101829490055
106,48.97659242386356,63.007625972387935
106,48.99607980835297,62.96430816369114
106,48.9888832947247,62.975795922197705
106,48.987082521575324,63.00288441086241
106,48.9966865521574,63.007727867860666
106,49.02638047004945,63.01410434347762
106,49.01475067923158,62.96067747803227
106,48.98502292993394,63.010617334828744
106,48.9701345498097,62.993056069683874
106,49.01291725319342,62.97956872238694
106,48.99344572702764,62.97596682828046
106,48.95600590771028,62.9844636574528
106,49.00602274821695,62.97953782124529
106,48.96674875458088,63.03340939722235
106,48.96483690984018,63.02628068092119
106,49.004382666181854,63.02047028013877
106,49.02105248848296,63.03199367396307
106,49.0318620038081,63.01077083161109
106,48.985731109087915,62.999999623526364
106,48.99210263749459,63.041505865455115
106,49.04535952392058,62.97944795300942
106,48.97445196158966,62.9747767849244
106,48.98421257907495,62.95589481131857
106,49.02885393071482,63.025000377379975
106,49.02026657595556,62.9751380874135
106,48.989123851440866,63.000151828106276
106,48.99539893207957,63.02342575090149
106,48.996633184151904,62.96064708242705
106,49.00790839132075,62.96478374828921
106,48.98879707828587,62.99600414853649
106,49.01730029547643,62.95648003370281
107,48.995501587574005,63.013418081530844
107,49.0172514639524,63.011146507125865
107,49.01343666434931,62.9899827315872
107,48.95822883684138,63.00003605200121
107,49.023977189251426,62.99744121962752
107,49.0206375804871,63.034671179906255
107,48.990983363618966,62.97552408139401
107,49.03091110272347,62.988599235745966
107,49.01041978300032,63.02164634060409
107,48.99187591423154,62.98193026518068
107,48.99168598526687,62.97934291907185
107,48.997311140858855,63.0381137390019
107,48.98933332217092,63.02413984905851
107,49.01928467082836,62.98147710961816
107,49.03028118566566,63.01554463769428
107,48.993083939554744,63.01152367432946
107,49.01445636084927,62.97428947069007
107,48.99771972262272,62.967865928774785
107,49.020904538452925,63.03851170587875
107,48.99127691475519,63.004813090088355
107,48.9566891623984,62.98570552771333
107,48.995704123064144,62.98285401969413
107,49.00782123221371,62.95854235700106
107,49.00970123261872,62.99008992117533
107,48.97088463540838,62.978013871700426
107,49.00652529907191,63.02386858630993
108,48.970075819758826,62.99825861879211
108,48.9683630765139,62.980248747152764
108,48.99195351549131,63.03315550631098
108,48.95889185767083,62.98815430586019
108,49.04273620947032,63.001345077170924
108,48.98877524181835,62.95773673207852
108,49.00702959239713,62.95705492552737
108,49.01265518947199,63.02509472673878
108,48.99272808370481,62.9768016356214
108,49.01912685966991,62.98526383570918
108,49.02998621443898,63.03797205350053
108,48.98483508577085,63.02730081405889
108,49.04167873026613,62.97823163543193
108,48.96055069473626,63.005225271602846
108,48.98921722256789,62.98726570853164
108,49.01068617104754,62.985900573560116
108,49.03100223963729,62.965258081960464
108,48.96005195856169,62.996906900472545
108,48.9517006609015,62.9958762606055
108,49.04498252139828,62.98817771582862
108,48.96985211617241,63.023026294794015
108,49.01756803188643,62.96436316864244
108,48.98048825352326,62.98507172695581
108,49.00989350405869,63.012100101421375
108,48.997191265075195,63.02055567177343
108,49.01251412248671,62.985191708165644
108,49.02663601739324,62.98982871213627
108,49.01585475910163,63.00571337920282
108,48.95091020875584,63.00627698676954
108,48.9566891623984,62.98570552771333
108,48.953690804939164,62.98706714593391
108,48.97704125422999,63.02549881967451
108,49.024886436444575,62.96374984438175
108,49.023702087585974,62.973953405257426
108,49.04639769135385,63.00880395469151
108,49.01335565339967,62.98028084454884
108,49.02420056285224,63.04336621813672
108,49.017877963858425,62.991860037458316
108,49.01327700324738,62.9628900260004
108,49.00525981277248,63.00385922765419
108,49.02788007737866,63.01397230284439
108,48.97966478020627,62.9769995338714
108,48.99272808370481,62.9768016356214
108,49.03504926044793,62.979767678025404
108,49.02675922384006,63.002461990585644
108,48.96458299945405,63.03355022483988
108,48.985540212773365,62.99836992415634
108,48.962295316431984,63.024282093585065
108,49.026595073153,63.03024844180085
108,48.968908536603934,62.994943209693666
108,49.0180668449965,62.98900124281883
108,48.98462246177107,62.95287118126509
108,48.99349717991382,63.00984160840042
108,48.97479042559176,63.00291466214276
108,48.96418660185307,62.98169546587674
108,48.98338746591789,63.02430672691939
108,48.9835702501382,63.01487906363809
108,48.969068715380814,62.974656593516166
108,49.04224752455752,62.97515472671591
108,48.96949390665756,63.014002426774596
108,48.96523522944644,62.999252425198655
108,48.990241806332065,63.039089265180856
108,48.99826855951306,62.99979111886686
108,48.96128712507288,63.004406976636616
108,48.952587488021436,62.99199724618173
108,49.004372323799906,63.01040710481916
108,48.99051623007173,63.01061414223797
108,48.95991565068165,63.014090377112254
108,49.04110938154434,63.02756428660198
108,48.963998749422835,62.978091083371666
108,49.030937063744794,63.028210273531535
108,49.02838944516928,63.016509941170845
108,49.00372136664934,62.98895297333517
109,49.010916309945884,62.975603399144575
109,48.976789340805404,62.997015333819526
109,48.99584198700656,62.96044470121798
109,49.043651392310636,62.98337662603513
109,48.96065058478943,62.98509168531453
109,48.99237133997992,62.96427987373421
109,48.97400614736368,63.018237796078544
109,49.041340216230246,63.02230326040696
109,49.047561010007875,62.99693905327057
109,48.9755604857661,62.99541022757939
109,49.025903800926756,62.967875124754514
109,49.0363206333054,62.97758508446833
109,49.0317801037967,62.98056794350169
109,48.98889094135762,62.96618547135285
109,49.03103266013174,63.00142874566706
109,48.960040405488485,63.01131933105968
109,49.00984420440206,62.981709163416184
109,48.95344284806399,62.98785423252759
109,49.011169746112536,63.00270641261765
109,48.99983225040661,62.95039697039742
109,49.02831347740634,63.017428490888875
109,48.99304172539045,62.966331318212745
109,49.00560411195293,63.02710386877901
109,48.99738217948848,62.99262651473182
109,49.016376660781866,62.986674024981255
109,49.00622850773147,62.95873444199071
109,48.97957522708335,62.966449222067055
109,48.964931078351164,62.96835360249337
109,49.03762531011534,62.98739788501752
109,48.95220470629391,63.01117370224338
109,48.96297164089822,62.96951630326292
109,49.01500240514538,62.986510150919095
109,49.03259445226554,63.027614261825036
109,49.01464575385149,62.96680580304878
109,48.98297519951541,62.993907148786725
109,49.00186738348502,62.969774244643446
109,49.004148544755154,62.95544314896114
109,48.96912319645795,62.963459505939426
109,49.02336300764972,63.02201304240234
109,48.99584221930859,63.017137995609204
109,48.96719148568777,62.999360097834334
109,49.00268931173121,62.953718182247954
109,48.98783351253477,63.04540495360879
109,49.00569999540313,63.01243129939656
109,49.009490336766554,63.0233465324465
109,48.994743836272086,62.95680712678459
109,49.0077263359946,63.02092596570884
109,48.97838212326172,62.99616325607636
109,49.0160372403049,63.00164687558812
109,48.97056074124684,63.01181676555462
109,48.97902690584944,63.01308861786898
109,49.039115736113125,63.00812236742163
109,48.97086255115069,63.0079577557715
110,49.047796853793436,62.99260464071797
110,49.032101881297116,63.000320595514005
110,49.00293219853057,62.9672400307623
110,49.016965630716435,63.02582359254064
110,49.04606260059333,62.99336429399273
110,49.01025496564054,63.02989244037454
110,48.9928978415691,63.027660630658765
110,49.03523771408617,62.993383875073725
110,49.03478429703047,63.032589654175545
110,49.01278602278816,63.01557745782333
110,48.972643076426515,62.96576828202359
110,49.021480505795225,62.98050563253095
110,48.973647472848235,62.97950930094322
110,48.984656443142306,62.975645991896116
110,49.00206437218895,62.95762868576429
110,49.03775455960801,63.013861801900724
110,48.99757923140881,62.981462951348846
110,49.03059190657299,63.000149060949965
110,49.02943339652884,62.97183496056428
110,49.01489856235821,63.03435470808268
110,49.02486400618798,63.03459292868771
110,49.01031623884547,63.018440157777384
110,48.992010316072744,62.988317733369946
110,49.03404469688746,62.970238300101485
110,48.95404515055194,62.99014277091474
110,49.02110034973564,63.023278112773724
110,48.99784958953687,63.027308348644894
110,48.9984367241069,62.98011918562558
110,48.975123289215794,62.96058717383023
110,49.00111799580608,63.03742719990027
110,48.995058955247586,62.97836900698612
